time[s],position_ego[m],position_pre[m],speed_ego[m/s],speed_pre[m/s],acceleration_ego[m/s2],headway[m],deltav[m/s],engine_throttle,engine_brake,Controller_throttle,Controller_brake
0.023377,"[5.0, 4.5, 0.0]","[13.0, 4.5, 0.0]",0.007272727321833372,0.15600000321865082,0.3636363660916686,,,0.0,-0.0,0.0,-0.0
0.055713,"[5.0, 4.5, 0.0]","[13.0, 4.5, 0.0]",0.00421274034306407,0.15600000321865082,-0.15299934893846512,8.0,0.14872727589681745,0.0,-0.0,0.0,-0.0
0.076917,"[5.000145435333252, 4.5, 0.0]","[13.0, 4.5, 0.0]",0.01148546766489749,0.15600000321865082,0.36363636609167105,8.0,0.15178726287558675,0.0,-0.0,0.0,-0.0
0.094281,"[5.000229835510254, 4.5, 0.0]","[13.0, 4.5, 0.0]",0.018758194521076965,0.15600000321865082,0.3636363428089737,7.999854564666748,0.14451453555375332,0.0,-0.0,0.0,-0.0
0.11867,"[5.000459671020508, 4.5, 0.0]","[13.00134563446045, 4.5, 0.0]",0.026030922308614007,0.15806975960731506,0.3636363893768521,7.999770164489746,0.13724180869757385,0.0,-0.0,0.0,-0.0
0.136504,"[5.000834941864014, 4.5, 0.0]","[13.004722595214844, 4.5, 0.0]",0.03330364823346285,0.16326558589935303,0.3636362962424422,8.000885963439941,0.13203883729870106,0.0,-0.0,0.0,-0.0
0.158141,"[5.0013556480407715, 4.5, 0.0]","[13.008098602294922, 4.5, 0.0]",0.04057636857036524,0.16845890879631042,0.36363601684511954,8.003887653350546,0.12996193766589018,0.0,-0.0,0.0,-0.0
0.174253,"[5.002021789550781, 4.5, 0.0]","[13.011469841003418, 4.5, 0.0]",0.04148080945017343,0.1736455261707306,0.0452220439904092,8.00674295425408,0.1278825402259452,0.0,-0.0,0.0,-0.0
0.195683,"[5.002833366394043, 4.5, 0.0]","[13.01486587524414, 4.5, 0.0]",0.048753529787064036,0.17887043952941895,0.36363601684453045,8.009448051452353,0.13216471672055716,0.0,-0.0,0.0,-0.0
0.213125,"[5.003663063049316, 4.5, 0.0]","[13.018424987792969, 4.5, 0.0]",0.04148080945016562,0.1841781586408615,-0.36363601684492075,8.012032508850027,0.1301169097423549,0.0,-0.0,0.0,-0.0
0.234286,"[5.004638195037842, 4.5, 0.0]","[13.022462844848633, 4.5, 0.0]",0.048753529787091424,0.18994729220867157,0.36363601684629016,8.014761924743652,0.14269734919069588,0.0,-0.0,0.0,-0.0
0.25777,"[5.005467891693115, 4.5, 0.0]","[13.026268005371094, 4.5, 0.0]",0.041480809450165114,0.19538286328315735,-0.36363601684631547,8.017824649810791,0.14119376242158016,0.0,-0.0,0.0,-0.0
0.274678,"[5.006443023681641, 4.5, 0.0]","[13.030288696289062, 4.5, 0.0]",0.03420808911324225,0.2011273205280304,-0.36363601684614305,8.020800113677339,0.15390205383299224,0.0,-0.0,0.0,-0.0
0.294171,"[5.007272720336914, 4.5, 0.0]","[13.034141540527344, 4.5, 0.0]",0.026935363188390564,0.20663118362426758,-0.3636362962425844,8.023845672607422,0.16691923141478815,0.0,-0.0,0.0,-0.0
0.313602,"[5.0079569816589355, 4.5, 0.0]","[13.038281440734863, 4.5, 0.0]",0.019662635400897674,0.2123757302761078,-0.3636363893746445,8.026868820189788,0.179695820435877,0.0,-0.0,0.0,-0.0
0.345147,"[5.008495807647705, 4.5, 0.0]","[13.04276180267334, 4.5, 0.0]",0.01238990761340503,0.21834968030452728,-0.36363638937463216,8.030324459075857,0.1927130948752101,-0.0,0.0,-0.0,0.0
0.356104,"[5.008889198303223, 4.5, 0.0]","[13.047371864318848, 4.5, 0.0]",0.005117179825913687,0.22449588775634766,-0.36363638937456716,8.034265995025564,0.20595977269112226,-0.0,0.0,-0.0,0.0
0.375231,"[5.009137153625488, 4.5, 0.0]","[13.05185604095459, 4.5, 0.0]",0.0021555474960647564,0.23047424852848053,-0.14808161649244653,8.038482666015625,0.21937870793043396,-0.0,0.0,-0.0,0.0
0.397416,"[5.009239673614502, 4.5, 0.0]","[13.05636215209961, 4.5, 0.0]",0.00942827481778347,0.23648293316364288,0.3636363660859357,8.04271888732903,0.22831870103241578,-0.0,0.0,-0.0,0.0
0.41435,"[5.009196758270264, 4.5, 0.0]","[13.061059951782227, 4.5, 0.0]",0.016701001673937087,0.24257473647594452,0.3636363428076808,8.047122478484823,0.22705465834585942,-0.0,0.0,-0.0,0.0
0.434649,"[5.009008407592773, 4.5, 0.0]","[13.066189765930176, 4.5, 0.0]",0.02226289361716397,0.24898751080036163,0.2780945971613442,8.051863193511963,0.22587373480200743,-0.0,0.0,-0.0,0.0
0.46493,"[5.008674621582031, 4.5, 0.0]","[13.071276664733887, 4.5, 0.0]",0.014990165829664025,0.24867960810661316,-0.3636363893749973,8.057181358337402,0.22672461718319767,-0.0,0.0,-0.0,0.0
0.480434,"[5.0082292556762695, 4.5, 0.0]","[13.076359748840332, 4.5, 0.0]",0.019523797556758874,0.26169994473457336,0.22668158635474248,8.062602043151855,0.23368944227694913,-0.0,0.0,-0.0,0.0
0.497843,"[5.00792932510376, 4.5, 0.0]","[13.081533432006836, 4.5, 0.0]",0.01225106976926386,0.2615003287792206,-0.3636363893747507,8.068130493163991,0.2421761471778145,-0.0,0.0,-0.0,0.0
0.514993,"[5.007538795471191, 4.5, 0.0]","[13.08693790435791, 4.5, 0.0]",0.013142740353967083,0.274750679731369,0.04458352923516111,8.073604106903076,0.24924925900995673,-0.0,0.0,-0.0,0.0
0.534601,"[5.007293701171875, 4.5, 0.0]","[13.092723846435547, 4.5, 0.0]",0.0058700125664687885,0.2748905718326569,-0.3636363893749147,8.079399108886433,0.26160793937740195,-0.0,0.0,-0.0,0.0
0.556359,"[5.007030963897705, 4.5, 0.0]","[13.098477363586426, 4.5, 0.0]",0.013062203302979471,0.2883263826370239,0.3596095368255341,8.085430145263386,0.2690205592661881,-0.0,0.0,-0.0,0.0
0.575092,"[5.006913661956787, 4.5, 0.0]","[13.104254722595215, 4.5, 0.0]",0.005789475515491942,0.2884569466114044,-0.3636363893743764,8.09144639968872,0.27526417933404446,-0.0,0.0,-0.0,0.0
0.59466,"[5.006652355194092, 4.5, 0.0]","[13.11003589630127, 4.5, 0.0]",0.0027528984938136407,0.3019247055053711,-0.15182885108391506,8.097341060638428,0.2826674710959125,-0.0,0.0,-0.0,0.0
0.614786,"[5.006536483764648, 4.5, 0.0]","[13.11611557006836, 4.5, 0.0]",0.004494024440667869,0.3022391200065613,0.08705629734271139,8.103383541107178,0.29917180701155743,-0.0,0.0,-0.0,0.0
0.637631,"[5.006481647491455, 4.5, 0.0]","[13.122586250305176, 4.5, 0.0]",0.002778702881224909,0.31609565019607544,-0.08576607797214797,8.109579086303638,0.2977450955658934,-0.0,0.0,-0.0,0.0
0.654398,"[5.006392002105713, 4.5, 0.0]","[13.129032135009766, 4.5, 0.0]",0.00449402444064949,0.31992512941360474,0.08576607797122905,8.116104602813072,0.31331694731485055,-0.0,0.0,-0.0,0.0
0.674298,"[5.006447792053223, 4.5, 0.0]","[13.13551139831543, 4.5, 0.0]",0.002778702881278649,0.32712334394454956,-0.08576607796854205,8.122640132902253,0.31543110497295523,-0.0,0.0,-0.0,0.0
0.694872,"[5.0063581466674805, 4.5, 0.0]","[13.142048835754395, 4.5, 0.0]",0.0037542695645549993,0.33438733220100403,0.04877833416381751,8.129063606262134,0.32434464106327093,-0.0,0.0,-0.0,0.0
0.714827,"[5.00641393661499, 4.5, 0.0]","[13.1488037109375, 4.5, 0.0]",0.003518457757369615,0.3417229950428009,-0.011790590359269217,8.135690689086264,0.33063306263644904,-0.0,0.0,-0.0,0.0
0.734145,"[5.006339073181152, 4.5, 0.0]","[13.156112670898438, 4.5, 0.0]",0.00193823245381289,0.3494164049625397,-0.07901126517783624,8.142389774322437,0.33820453728543126,-0.0,0.0,-0.0,0.0
0.757934,"[5.006409645080566, 4.5, 0.0]","[13.16320514678955, 4.5, 0.0]",0.005334495101230151,0.3568823635578156,0.16981313237086304,8.149773597717285,0.34747817250872676,-0.0,0.0,-0.0,0.0
0.77386,"[5.006371021270752, 4.5, 0.0]","[13.170419692993164, 4.5, 0.0]",0.0019382323376413027,0.3644770681858063,-0.1698131381794424,8.156795501708984,0.3515478684565855,-0.0,0.0,-0.0,0.0
0.79427,"[5.0064778327941895, 4.5, 0.0]","[13.1776762008667, 4.5, 0.0]",0.0053344951012887715,0.3721150755882263,0.16981313818237342,8.164048671722412,0.362538835848165,-0.0,0.0,-0.0,0.0
0.814334,"[5.006439208984375, 4.5, 0.0]","[13.18519115447998, 4.5, 0.0]",0.0019382323372084587,0.37985783815383917,-0.16981313820401564,8.171198368072437,0.36678058048693757,-0.0,0.0,-0.0,0.0
0.834204,"[5.0065460205078125, 4.5, 0.0]","[13.193198204040527, 4.5, 0.0]",0.005334495101124983,0.3878646790981293,0.16981313819582622,8.178751945495605,0.3779196058166307,-0.0,0.0,-0.0,0.0
0.854506,"[5.006507396697998, 4.5, 0.0]","[13.201164245605469, 4.5, 0.0]",0.001938232337164525,0.39583113789558416,-0.1698131381980229,8.186652183532715,0.3825301839970043,-0.0,0.0,-0.0,0.0
0.877292,"[5.0066142082214355, 4.5, 0.0]","[13.209202766418457, 4.5, 0.0]",0.005334495101197638,0.4038693606853485,0.1698131382016556,8.19465684890747,0.39389290555841966,-0.0,0.0,-0.0,0.0
0.894357,"[5.006575584411621, 4.5, 0.0]","[13.217209815979004, 4.5, 0.0]",0.0019382323374987115,0.41187667846679693,-0.1698131381849463,8.202588558196949,0.39853486558415085,-0.0,0.0,-0.0,0.0
0.914332,"[5.006682395935059, 4.5, 0.0]","[13.225549697875977, 4.5, 0.0]",0.005334495101366647,0.4200472533702851,0.16981313819339675,8.21063423156731,0.4099384461292982,-0.0,0.0,-0.0,0.0
0.934774,"[5.006643772125244, 4.5, 0.0]","[13.234506607055664, 4.5, 0.0]",0.001938232339067866,0.4285777509212494,-0.16981313811493903,8.218867301940918,0.41471275826891846,-0.0,0.0,-0.0,0.0
0.955461,"[5.006750583648682, 4.5, 0.0]","[13.243370056152344, 4.5, 0.0]",0.005263770000118418,0.4370191395282746,0.1662768830525276,8.227862834930129,0.4266395185821815,-0.0,0.0,-0.0,0.0
0.974182,"[5.006711959838867, 4.5, 0.0]","[13.251935958862305, 4.5, 0.0]",0.002008957324649865,0.44517698884010315,-0.16274063377342765,8.236619472503005,0.4317553695281562,-0.0,0.0,-0.0,0.0
0.995061,"[5.00681734085083, 4.5, 0.0]","[13.261012077331543, 4.5, 0.0]",0.003642682685364371,0.4538211822509766,0.08168626803572529,8.245223999023365,0.4431680315154533,-0.0,0.0,-0.0,0.0
1.014624,"[5.006777286529541, 4.5, 0.0]","[13.27000617980957, 4.5, 0.0]",0.0036300446378556483,0.46221801638603216,-0.0006319023754361398,8.254194736480713,0.45017849956561223,-0.0,0.0,-0.0,0.0
1.037272,"[5.006850242614746, 4.5, 0.0]","[13.279691696166992, 4.5, 0.0]",0.0036426826846477425,0.4710227549076082,0.0006319023396047108,8.26322889327937,0.4585879717481765,-0.0,0.0,-0.0,0.0
1.055683,"[5.006777763366699, 4.5, 0.0]","[13.289285659790039, 4.5, 0.0]",0.0036300446372479213,0.4797449707984925,-0.0006319023699910596,8.272841453551585,0.46738007222296046,-0.0,0.0,-0.0,0.0
1.074994,"[5.006850719451904, 4.5, 0.0]","[13.299057006835938, 4.5, 0.0]",0.003642682684585481,0.4919613301753998,0.00063190236687799,8.282507896422164,0.47611492616124457,-0.0,0.0,-0.0,0.0
1.09484,"[5.006778240203857, 4.5, 0.0]","[13.308905601501465, 4.5, 0.0]",0.003630044637248697,0.49424761533737194,-0.0006319023668391972,8.29220628738337,0.4883186474908143,-0.0,0.0,-0.0,0.0
1.114507,"[5.0068511962890625, 4.5, 0.0]","[13.318955421447754, 4.5, 0.0]",0.0036426826847777947,0.5098745226860046,0.0006319023764548778,8.302127361296945,0.49061757070012324,-0.0,0.0,-0.0,0.0
1.137544,"[5.006778717041016, 4.5, 0.0]","[13.329228401184082, 4.5, 0.0]",0.0036300446375831723,0.5121408104896547,-0.0006319023597311244,8.312104225158027,0.5062318400012269,-0.0,0.0,-0.0,0.0
1.15515,"[5.006851673126221, 4.5, 0.0]","[13.339813232421875, 4.5, 0.0]",0.0036426826848775045,0.5280112028121948,0.0006319023647166112,8.322449684142772,0.5085107658520714,-0.0,0.0,-0.0,0.0
1.174151,"[5.006779193878174, 4.5, 0.0]","[13.350518226623535, 4.5, 0.0]",0.003630044637400376,0.5306535363197331,-0.0006319023738564139,8.33296155929536,0.5243685201273173,-0.0,0.0,-0.0,0.0
1.194809,"[5.006852149963379, 4.5, 0.0]","[13.36111068725586, 4.5, 0.0]",0.003642682685096092,0.5465308427810669,0.0006319023847857789,8.343739032744695,0.5270234916823328,-0.0,0.0,-0.0,0.0
1.214547,"[5.006779670715332, 4.5, 0.0]","[13.372078895568848, 4.5, 0.0]",0.0036300446376857885,0.5492326021194458,-0.000631902370515163,8.354258537289814,0.5428881600959709,-0.0,0.0,-0.0,0.0
1.233691,"[5.006852626800537, 4.5, 0.0]","[13.383490562438965, 4.5, 0.0]",0.0036426826845866248,0.5654085278511047,0.0006319023450418113,8.365299224852848,0.54560255748176,-0.0,0.0,-0.0,0.0
1.258353,"[5.00678014755249, 4.5, 0.0]","[13.395024299621582, 4.5, 0.0]",0.0036300446374133905,0.5683538913726807,-0.0006319023586617107,8.37663793563724,0.5617658451665181,-0.0,0.0,-0.0,0.0
1.273952,"[5.006853103637695, 4.5, 0.0]","[13.406509399414062, 4.5, 0.0]",0.0036426826846844376,0.5845913887023926,0.0006319023635523516,8.388244152068422,0.5647238467352673,-0.0,0.0,-0.0,0.0
1.293904,"[5.006780624389648, 4.5, 0.0]","[13.41807746887207, 4.5, 0.0]",0.00363004463728029,0.5875643491744995,-0.0006319023702073797,8.399656295775175,0.5809487060177081,-0.0,0.0,-0.0,0.0
1.314196,"[5.0068535804748535, 4.5, 0.0]","[13.430020332336426, 4.5, 0.0]",0.0036426826846661484,0.6040164232254028,0.0006319023692929202,8.411296844482123,0.5839343045372192,-0.0,0.0,-0.0,0.0
1.334272,"[5.006781101226807, 4.5, 0.0]","[13.442713737487793, 4.5, 0.0]",0.0036300446372590413,0.6075042486190796,-0.0006319023703553516,8.423166751860899,0.6003737405407367,-0.0,0.0,-0.0,0.0
1.354682,"[5.006854057312012, 4.5, 0.0]","[13.454940795898438, 4.5, 0.0]",0.003642682684585528,0.6239524483680725,0.0006319023663243313,8.435932636259789,0.6038742039818206,-0.0,0.0,-0.0,0.0
1.376868,"[5.006781578063965, 4.5, 0.0]","[13.467660903930664, 4.5, 0.0]",0.003630044637258802,0.6274622082710269,-0.0006319023663363009,8.44808673858575,0.620309765683487,-0.0,0.0,-0.0,0.0
1.395174,"[5.00685453414917, 4.5, 0.0]","[13.480049133300781, 4.5, 0.0]",0.003642682684632311,0.6440396904945374,0.0006319023686754454,8.460879325866399,0.6238321636337681,-0.0,0.0,-0.0,0.0
1.413893,"[5.006782054901123, 4.5, 0.0]","[13.492837905883789, 4.5, 0.0]",0.0036300446372507854,0.6472870707511902,-0.0006319023690762749,8.473194599150409,0.640397007809905,-0.0,0.0,-0.0,0.0
1.433283,"[5.006855010986328, 4.5, 0.0]","[13.506293296813965, 4.5, 0.0]",0.003642682684600883,0.6639209389686584,0.0006319023675048756,8.486055850982366,0.6436570261139394,-0.0,0.0,-0.0,0.0
1.454473,"[5.006782531738281, 4.5, 0.0]","[13.519804954528809, 4.5, 0.0]",0.0036300446372598194,0.6672630906105042,-0.0006319023670531753,8.499438285826958,0.6602782562840576,-0.0,0.0,-0.0,0.0
1.474936,"[5.006855487823486, 4.5, 0.0]","[13.533312797546387, 4.5, 0.0]",0.0036426826846289824,0.6839355826377869,0.0006319023684581496,8.513022422790451,0.6636330459732444,-0.0,0.0,-0.0,0.0
1.49463,"[5.0067830085754395, 4.5, 0.0]","[13.54714584350586, 4.5, 0.0]",0.003630044637250607,0.6875152587890627,-0.000631902368918762,8.526457309722598,0.6802928999531579,-0.0,0.0,-0.0,0.0
1.514294,"[5.0068559646606445, 4.5, 0.0]","[13.56109619140625, 4.5, 0.0]",0.003642682684586098,0.704204261302948,0.0006319023667745354,8.540362834930344,0.6838852141518121,-0.0,0.0,-0.0,0.0
1.534331,"[5.006783485412598, 4.5, 0.0]","[13.575353622436523, 4.5, 0.0]",0.0036300446372571618,0.7073702812194824,-0.0006319023664468027,8.554240226745302,0.7005615786183619,-0.0,0.0,-0.0,0.0
1.553965,"[5.006856441497803, 4.5, 0.0]","[13.589731216430664, 4.5, 0.0]",0.0036426826846449657,0.7239527106285095,0.0006319023693901948,8.568570137023242,0.7037402365822253,-0.0,0.0,-0.0,0.0
1.574749,"[5.006783962249756, 4.5, 0.0]","[13.604265213012695, 4.5, 0.0]",0.003630044637262984,0.7306424975395203,-0.0006319023690990865,8.582874774932176,0.7203100279438646,-0.0,0.0,-0.0,0.0
1.597645,"[5.006856918334961, 4.5, 0.0]","[13.618855476379395, 4.5, 0.0]",0.0036426826846169395,0.7407050132751465,0.0006319023676977769,8.597481250762254,0.7270124529022572,-0.0,0.0,-0.0,0.0
1.614491,"[5.006784439086914, 4.5, 0.0]","[13.633963584899902, 4.5, 0.0]",0.0036300446374124616,0.7508370280265808,-0.0006319023602238943,8.611998558043746,0.7370623305905295,-0.0,0.0,-0.0,0.0
1.634211,"[5.006857395172119, 4.5, 0.0]","[13.649465560913086, 4.5, 0.0]",0.003642682684646185,0.7608382105827332,0.0006319023616861794,8.627179145812299,0.7472069833891684,-0.0,0.0,-0.0,0.0
1.654414,"[5.006784915924072, 4.5, 0.0]","[13.664587020874023, 4.5, 0.0]",0.0036300446372633426,0.7705936431884766,-0.0006319023691421293,8.642608165740278,0.757195527898087,-0.0,0.0,-0.0,0.0
1.674616,"[5.006857872009277, 4.5, 0.0]","[13.68042278289795, 4.5, 0.0]",0.0036426826845860844,0.7808101177215577,0.0006319023661370896,8.65780210494926,0.7669635985512132,-0.0,0.0,-0.0,0.0
1.696218,"[5.0067853927612305, 4.5, 0.0]","[13.695969581604004, 4.5, 0.0]",0.0036300446372487835,0.7908408641815186,-0.0006319023668650446,8.673564910887979,0.7771674350369716,-0.0,0.0,-0.0,0.0
1.714268,"[5.0068583488464355, 4.5, 0.0]","[13.711713790893555, 4.5, 0.0]",0.0036426826846107643,0.8007358312606812,0.0006319023680990401,8.68918418884208,0.7872108195442697,-0.0,0.0,-0.0,0.0
1.734191,"[5.006785869598389, 4.5, 0.0]","[13.728375434875488, 4.5, 0.0]",0.003630044637699836,0.8108333945274353,-0.0006319023455464206,8.704855442046425,0.7970931485760704,-0.0,0.0,-0.0,0.0
1.754272,"[5.006858825683594, 4.5, 0.0]","[13.744549751281738, 4.5, 0.0]",0.003642682684847282,0.8206362128257751,0.0006319023573723125,8.721589565276403,0.8072033498897355,-0.0,0.0,-0.0,0.0
1.778843,"[5.006786346435547, 4.5, 0.0]","[13.761523246765137, 4.5, 0.0]",0.003630044637296304,0.8309232592582703,-0.0006319023775489029,8.737690925597446,0.8169935301409279,-0.0,0.0,-0.0,0.0
1.798361,"[5.006859302520752, 4.5, 0.0]","[13.777871131896973, 4.5, 0.0]",0.0036426826845870315,0.8408311605453491,0.0006319023645363735,8.754736900328892,0.8272932146209739,-0.0,0.0,-0.0,0.0
1.814433,"[5.006786823272705, 4.5, 0.0]","[13.794564247131348, 4.5, 0.0]",0.003630044637275934,0.8507033586502075,-0.000631902365554873,8.77101182937591,0.8371884778607621,-0.0,0.0,-0.0,0.0
1.834658,"[5.00685977935791, 4.5, 0.0]","[13.812350273132324, 4.5, 0.0]",0.0036426826849645824,0.8608669638633728,0.0006319023844324157,8.787777423857941,0.8470733140129316,-0.0,0.0,-0.0,0.0
1.854748,"[5.006787300109863, 4.5, 0.0]","[13.82961654663086, 4.5, 0.0]",0.0036300446376796983,0.8707331418991089,-0.0006319023642442027,8.805490493774101,0.8572242811784082,-0.0,0.0,-0.0,0.0
1.874692,"[5.006860256195068, 4.5, 0.0]","[13.846979141235352, 4.5, 0.0]",0.0036426826847715974,0.880654513835907,0.0006319023545949551,8.822829246520293,0.8671030972614292,-0.0,0.0,-0.0,0.0
1.894671,"[5.0067877769470215, 4.5, 0.0]","[13.864837646484375, 4.5, 0.0]",0.003630044637251756,0.8908596634864807,-0.0006319023759920753,8.84011888503997,0.8770118311511353,-0.0,0.0,-0.0,0.0
1.915463,"[5.006860733032227, 4.5, 0.0]","[13.882782936096191, 4.5, 0.0]",0.003642682684753282,0.9008738398551941,0.0006319023750762931,8.858049869536647,0.8872296188492289,-0.0,0.0,-0.0,0.0
1.933931,"[5.00678825378418, 4.5, 0.0]","[13.901141166687012, 4.5, 0.0]",0.003630044638205166,0.9107970595359804,-0.0006319023274057884,8.87592220306365,0.8972311571704408,-0.0,0.0,-0.0,0.0
1.954681,"[5.006861209869385, 4.5, 0.0]","[13.919670104980469, 4.5, 0.0]",0.003642682685925576,0.9208128452301025,0.00063190238602049,8.894352912902121,0.9071670148977753,-0.0,0.0,-0.0,0.0
1.97447,"[5.006788730621338, 4.5, 0.0]","[13.938170433044434, 4.5, 0.0]",0.0036300446381014005,0.9308128952980042,-0.0006319023912087661,8.912808895110768,0.9171701625441769,-0.0,0.0,-0.0,0.0
1.997366,"[5.006861686706543, 4.5, 0.0]","[13.956722259521484, 4.5, 0.0]",0.0036426826854116757,0.9441744685173035,0.00063190236551376,8.931381702422383,0.9271828506599028,-0.0,0.0,-0.0,0.0
2.01462,"[5.006789207458496, 4.5, 0.0]","[13.975349426269531, 4.5, 0.0]",0.0036300446374955323,0.947358787059784,-0.000631902395807171,8.949860572814625,0.9405317858318918,-0.0,0.0,-0.0,0.0
2.034063,"[5.006862163543701, 4.5, 0.0]","[13.995140075683594, 4.5, 0.0]",0.0036426826845937323,0.9641746282577515,0.0006319023549100026,8.96856021881032,0.9437287424222885,-0.0,0.0,-0.0,0.0
2.055301,"[5.006789684295654, 4.5, 0.0]","[14.014700889587402, 4.5, 0.0]",0.0036300446372852417,0.967538893222809,-0.0006319023654245302,8.988277912139575,0.9605319455731577,-0.0,0.0,-0.0,0.0
2.074276,"[5.006862640380859, 4.5, 0.0]","[14.033817291259766, 4.5, 0.0]",0.003642682684802968,0.9840090274810791,0.0006319023758863222,9.007911205291029,0.9639088485855237,-0.0,0.0,-0.0,0.0
2.095554,"[5.0067901611328125, 4.5, 0.0]","[14.0537109375, 4.5, 0.0]",0.0036300446382397608,0.987543821334839,-0.0006319023281603714,9.026954650878587,0.9803663447962762,-0.0,0.0,-0.0,0.0
2.115265,"[5.006863117218018, 4.5, 0.0]","[14.073643684387207, 4.5, 0.0]",0.0036426826861885165,1.0042163133621216,0.0006319023974377894,9.046920776366465,0.9839137766965992,-0.0,0.0,-0.0,0.0
2.133749,"[5.006790637969971, 4.5, 0.0]","[14.093709945678711, 4.5, 0.0]",0.0036300446388478217,1.007338047027588,-0.0006319023670347439,9.066780567168868,1.000573630675933,-0.0,0.0,-0.0,0.0
2.154968,"[5.006863594055176, 4.5, 0.0]","[14.114523887634277, 4.5, 0.0]",0.003642682685455779,1.0241581201553345,0.0006319023303978611,9.086919307708015,1.0037080023887401,-0.0,0.0,-0.0,0.0
2.174168,"[5.006791114807129, 4.5, 0.0]","[14.134605407714844, 4.5, 0.0]",0.0036300446374619385,1.0272871255874634,-0.0006319023996920192,9.107660293578778,1.0205154374698786,-0.0,0.0,-0.0,0.0
2.194546,"[5.006864070892334, 4.5, 0.0]","[14.155587196350098, 4.5, 0.0]",0.003642682684658453,1.0441888570785522,0.0006319023598257319,9.127814292906987,1.0236570809500014,-0.0,0.0,-0.0,0.0
2.215373,"[5.006791591644287, 4.5, 0.0]","[14.176511764526367, 4.5, 0.0]",0.003630044637339117,1.0475248098373413,-0.0006319023659668048,9.14872312545744,1.0405461743938937,-0.0,0.0,-0.0,0.0
2.234106,"[5.006864547729492, 4.5, 0.0]","[14.197915077209473, 4.5, 0.0]",0.0036426826846712263,1.0641467571258545,0.0006319023666054649,9.169720172881348,1.0438947652000021,-0.0,0.0,-0.0,0.0
2.255124,"[5.006792068481445, 4.5, 0.0]","[14.21941089630127, 4.5, 0.0]",0.0036300446373618957,1.067477822303772,-0.0006319023654665322,9.191050529479655,1.0605040744411833,-0.0,0.0,-0.0,0.0
2.274242,"[5.00686502456665, 4.5, 0.0]","[14.240923881530762, 4.5, 0.0]",0.003642682684658534,1.0841505527496338,0.0006319023648319053,9.212618827819089,1.0638477776664101,-0.0,0.0,-0.0,0.0
2.294553,"[5.0067925453186035, 4.5, 0.0]","[14.26249885559082, 4.5, 0.0]",0.003630044637333286,1.0875186920166016,-0.00063190236626238,9.234058856963784,1.0805078700649753,-0.0,0.0,-0.0,0.0
2.318053,"[5.006865501403809, 4.5, 0.0]","[14.284493446350098, 4.5, 0.0]",0.0036426826846293475,1.1042194366455078,0.0006319023648030655,9.255706310271478,1.0838886473792684,-0.0,0.0,-0.0,0.0
2.334306,"[5.006793022155762, 4.5, 0.0]","[14.306917190551758, 4.5, 0.0]",0.003630044637278608,1.1075187921524048,-0.000631902367536968,9.27762794494596,1.1005767539608784,-0.0,0.0,-0.0,0.0
2.354694,"[5.006865978240967, 4.5, 0.0]","[14.329376220703125, 4.5, 0.0]",0.0036426826846738367,1.1241669654846191,0.0006319023697614256,9.300124168395254,1.1038887475151262,-0.0,0.0,-0.0,0.0
2.374804,"[5.00679349899292, 4.5, 0.0]","[14.351896286010742, 4.5, 0.0]",0.0036300446372837165,1.1275094747543335,-0.0006319023695060093,9.322510242461828,1.1205242827999453,-0.0,0.0,-0.0,0.0
2.39922,"[5.006866455078125, 4.5, 0.0]","[14.374272346496582, 4.5, 0.0]",0.0036426826845895955,1.1441211700439453,0.0006319023652939489,9.345102787017076,1.1238794301170498,-0.0,0.0,-0.0,0.0
2.414808,"[5.006793975830078, 4.5, 0.0]","[14.397391319274902, 4.5, 0.0]",0.0036300446372589936,1.1475422382354736,-0.0006319023665300912,9.367405891418125,1.1404784873593556,-0.0,0.0,-0.0,0.0
2.434267,"[5.006866931915283, 4.5, 0.0]","[14.420783996582031, 4.5, 0.0]",0.0036426826847163044,1.16416335105896,0.0006319023728655398,9.390597343444075,1.1439121935982146,-0.0,0.0,-0.0,0.0
2.456803,"[5.006794452667236, 4.5, 0.0]","[14.444221496582031, 4.5, 0.0]",0.003630044637359002,1.1674702167510986,-0.0006319023678651127,9.413917064666414,1.1605206683742437,-0.0,0.0,-0.0,0.0
2.47442,"[5.006867408752441, 4.5, 0.0]","[14.46777057647705, 4.5, 0.0]",0.0036426826848673525,1.1841578483581543,0.0006319023754175132,9.437427043914042,1.1638401721137397,-0.0,0.0,-0.0,0.0
2.494516,"[5.0067949295043945, 4.5, 0.0]","[14.491326332092285, 4.5, 0.0]",0.0036300446372526268,1.1908479928970341,-0.0006319023807362838,9.460903167724274,1.1805151656732868,-0.0,0.0,-0.0,0.0
2.514913,"[5.0068678855896, 4.5, 0.0]","[14.515349388122559, 4.5, 0.0]",0.003642682684593016,1.1975574493408203,0.0006319023670194567,9.484531402587134,1.1872179482597816,-0.0,0.0,-0.0,0.0
2.538099,"[5.006795406341553, 4.5, 0.0]","[14.539484024047852, 4.5, 0.0]",0.003630044637416608,1.214074969291687,-0.0006319023588203946,9.508481502532621,1.1939147666562273,-0.0,0.0,-0.0,0.0
2.554831,"[5.006868362426758, 4.5, 0.0]","[14.564098358154297, 4.5, 0.0]",0.0036426826846378568,1.217455267906189,0.0006319023610624379,9.532688617705539,1.2104449246542703,-0.0,0.0,-0.0,0.0
2.578905,"[5.006795883178711, 4.5, 0.0]","[14.588702201843262, 4.5, 0.0]",0.0036300446374209596,1.2341641187667847,-0.0006319023608448602,9.5572299957272,1.213812585221551,-0.0,0.0,-0.0,0.0
2.594566,"[5.006868839263916, 4.5, 0.0]","[14.613213539123535, 4.5, 0.0]",0.00364268268463955,1.2375023365020752,0.0006319023609295147,9.581906318663785,1.2305340741293638,-0.0,0.0,-0.0,0.0
2.616647,"[5.006796360015869, 4.5, 0.0]","[14.638528823852539, 4.5, 0.0]",0.003630044637290385,1.2543251514434814,-0.0006319023674582333,9.606344699859278,1.2338596538174356,-0.0,0.0,-0.0,0.0
2.634404,"[5.006869316101074, 4.5, 0.0]","[14.66319751739502, 4.5, 0.0]",0.0036426826845937185,1.257332444190979,0.0006319023651666636,9.6317324638359,1.2506951068061911,-0.0,0.0,-0.0,0.0
2.655559,"[5.006796836853027, 4.5, 0.0]","[14.689179420471191, 4.5, 0.0]",0.0036300446372703327,1.2741880416870117,-0.0006319023661692904,9.656328201293602,1.2536897615063853,-0.0,0.0,-0.0,0.0
2.674611,"[5.006869792938232, 4.5, 0.0]","[14.71414852142334, 4.5, 0.0]",0.0036426826847272835,1.2773131132125854,0.0006319023728475421,9.682382583617391,1.2705579970497414,-0.0,0.0,-0.0,0.0
2.694208,"[5.0067973136901855, 4.5, 0.0]","[14.739704132080078, 4.5, 0.0]",0.003630044637365827,1.2940014600753784,-0.0006319023680728241,9.707278728484763,1.273670430527858,-0.0,0.0,-0.0,0.0
2.714331,"[5.006870269775391, 4.5, 0.0]","[14.765663146972656, 4.5, 0.0]",0.003642682684691517,1.2973569631576538,0.0006319023662844977,9.732906818389116,1.2903714154380126,-0.0,0.0,-0.0,0.0
2.734265,"[5.006797790527344, 4.5, 0.0]","[14.79205322265625, 4.5, 0.0]",0.0036300446372776324,1.3139822483062744,-0.0006319023706942298,9.75879287719692,1.2937142804729622,-0.0,0.0,-0.0,0.0
2.754515,"[5.006870746612549, 4.5, 0.0]","[14.818493843078613, 4.5, 0.0]",0.0036426826845914685,1.317293405532837,0.0006319023656918077,9.785255432128125,1.3103522036689967,-0.0,0.0,-0.0,0.0
2.775453,"[5.006798267364502, 4.5, 0.0]","[14.844992637634277, 4.5, 0.0]",0.0036300446373042773,1.3339595794677734,-0.0006319023643595618,9.811623096465716,1.3136507228482455,-0.0,0.0,-0.0,0.0
2.794877,"[5.006871223449707, 4.5, 0.0]","[14.8721923828125, 4.5, 0.0]",0.003642682684639775,1.3375569581985474,0.0006319023667748823,9.83819437026899,1.3303295348304691,-0.0,0.0,-0.0,0.0
2.814527,"[5.00679874420166, 4.5, 0.0]","[14.898835182189941, 4.5, 0.0]",0.0036300446372527734,1.3541218042373657,-0.0006319023693500793,9.865321159362443,1.3339142755139075,-0.0,0.0,-0.0,0.0
2.83522,"[5.006871700286865, 4.5, 0.0]","[14.926563262939453, 4.5, 0.0]",0.00364268268458645,1.357538104057312,0.000631902366683831,9.89203643798749,1.350491759600113,-0.0,0.0,-0.0,0.0
2.854727,"[5.006799221038818, 4.5, 0.0]","[14.953917503356934, 4.5, 0.0]",0.003630044637276929,1.3741517066955566,-0.0006319023654760515,9.919691562652236,1.3538954213727257,-0.0,0.0,-0.0,0.0
2.874488,"[5.006872177124023, 4.5, 0.0]","[14.980942726135254, 4.5, 0.0]",0.0036426826846500952,1.3773125410079956,0.000631902368658315,9.947118282317321,1.3705216620582796,-0.0,0.0,-0.0,0.0
2.89427,"[5.006799697875977, 4.5, 0.0]","[15.008537292480469, 4.5, 0.0]",0.0036300446372766284,1.3940134048461914,-0.000631902368673342,9.974070549010877,1.3736698583233455,-0.0,0.0,-0.0,0.0
2.919275,"[5.006872653961182, 4.5, 0.0]","[15.036483764648438, 4.5, 0.0]",0.0036426826846171095,1.4006961584091187,0.0006319023670240537,10.001737594603695,1.3903833602089148,-0.0,0.0,-0.0,0.0
2.933882,"[5.006800174713135, 4.5, 0.0]","[15.064888000488281, 4.5, 0.0]",0.0036300446372531394,1.410662293434143,-0.0006319023681985048,10.0296111106869,1.3970534757245014,-0.0,0.0,-0.0,0.0
2.955239,"[5.00687313079834, 4.5, 0.0]","[15.093908309936523, 4.5, 0.0]",0.0036426826846023704,1.4208449125289917,0.0006319023674615509,10.058087825774344,1.4070322487968898,-0.0,0.0,-0.0,0.0
2.974706,"[5.006800651550293, 4.5, 0.0]","[15.121809005737305, 4.5, 0.0]",0.003630044637314411,1.4306347370147705,-0.0006319023643979642,10.087035179137827,1.4172022298443894,-0.0,0.0,-0.0,0.0
2.994096,"[5.006873607635498, 4.5, 0.0]","[15.15035343170166, 4.5, 0.0]",0.003642682684769302,1.4406503438949585,0.0006319023727445429,10.115008354186203,1.4270046923774562,-0.0,0.0,-0.0,0.0
3.014189,"[5.006801128387451, 4.5, 0.0]","[15.179121017456055, 4.5, 0.0]",0.003630044637519415,1.4506059885025024,-0.0006319023624943437,10.143479824065803,1.4370076612101892,-0.0,0.0,-0.0,0.0
3.035074,"[5.006874084472656, 4.5, 0.0]","[15.20881175994873, 4.5, 0.0]",0.0036426826846601193,1.4606707096099854,0.0006319023570352123,10.172319889067792,1.446975943864983,-0.0,0.0,-0.0,0.0
3.058174,"[5.006801605224609, 4.5, 0.0]","[15.23827838897705, 4.5, 0.0]",0.003630044637302521,1.4706593751907349,-0.0006319023678799229,10.201937675475714,1.4570280269253253,-0.0,0.0,-0.0,0.0
3.074627,"[5.0068745613098145, 4.5, 0.0]","[15.267812728881836, 4.5, 0.0]",0.003642682684587211,1.4806710481643677,0.0006319023642345099,10.231476783751624,1.4670293305534323,-0.0,0.0,-0.0,0.0
3.094757,"[5.006802082061768, 4.5, 0.0]","[15.297530174255371, 4.5, 0.0]",0.0036300446372553377,1.490744709968567,-0.0006319023665936688,10.260938167571657,1.4770283654797804,-0.0,0.0,-0.0,0.0
3.11487,"[5.006875038146973, 4.5, 0.0]","[15.327863693237305, 4.5, 0.0]",0.0036426826846868935,1.5008844137191772,0.0006319023715777895,10.290728092192783,1.4871146653313116,-0.0,0.0,-0.0,0.0
3.134167,"[5.006802558898926, 4.5, 0.0]","[15.358172416687012, 4.5, 0.0]",0.003630044637340312,1.5108214616775513,-0.0006319023673290831,10.320988655089966,1.4972417310344903,-0.0,0.0,-0.0,0.0
3.15427,"[5.006875514984131, 4.5, 0.0]","[15.388139724731445, 4.5, 0.0]",0.003642682684666039,1.5206468105316162,0.0006319023662863625,10.35136985778726,1.507191417040211,-0.0,0.0,-0.0,0.0
3.174815,"[5.006803035736084, 4.5, 0.0]","[15.418688774108887, 4.5, 0.0]",0.0036300446372838427,1.5306628942489624,-0.0006319023691098201,10.381264209746947,1.5170041278469502,-0.0,0.0,-0.0,0.0
3.195692,"[5.006875991821289, 4.5, 0.0]","[15.44916820526123, 4.5, 0.0]",0.0036426826845867297,1.5406562089920044,0.0006319023651443507,10.411885738371971,1.5270328496116785,-0.0,0.0,-0.0,0.0
3.21397,"[5.006803512573242, 4.5, 0.0]","[15.479933738708496, 4.5, 0.0]",0.003630044637291646,1.5506139993667603,-0.0006319023647541897,10.442292213439572,1.5370135263074176,-0.0,0.0,-0.0,0.0
3.234056,"[5.006876468658447, 4.5, 0.0]","[15.511574745178223, 4.5, 0.0]",0.003642682684637959,1.5606586933135986,0.0006319023673156607,10.473130226134417,1.5469839547294686,-0.0,0.0,-0.0,0.0
3.255278,"[5.0068039894104, 4.5, 0.0]","[15.54328727722168, 4.5, 0.0]",0.0036300446373347547,1.5707260370254517,-0.0006319023651602234,10.504698276519404,1.5570160106289608,-0.0,0.0,-0.0,0.0
3.278496,"[5.0068769454956055, 4.5, 0.0]","[15.574536323547363, 4.5, 0.0]",0.0036426826845890204,1.5806463956832886,0.0006319023627132875,10.536483287810439,1.567095992388117,-0.0,0.0,-0.0,0.0
3.294698,"[5.006804466247559, 4.5, 0.0]","[15.606729507446289, 4.5, 0.0]",0.003630044637248716,1.5908665657043461,-0.0006319023670152283,10.567659378051383,1.5770037129986996,-0.0,0.0,-0.0,0.0
3.314715,"[5.006877422332764, 4.5, 0.0]","[15.638714790344238, 4.5, 0.0]",0.0036426826846299963,1.6008867025375366,0.0006319023690640234,10.599925041197885,1.5872365210670973,-0.0,0.0,-0.0,0.0
3.334351,"[5.006804943084717, 4.5, 0.0]","[15.670395851135254, 4.5, 0.0]",0.003630044637288257,1.613968014717102,-0.0006319023670869591,10.631837368011098,1.5972440198529065,-0.0,0.0,-0.0,0.0
3.35509,"[5.006877899169922, 4.5, 0.0]","[15.703597068786621, 4.5, 0.0]",0.0036426826846139475,1.6175168752670288,0.0006319023662845194,10.663590908049686,1.6103379700798137,-0.0,0.0,-0.0,0.0
3.374476,"[5.006805419921875, 4.5, 0.0]","[15.735629081726074, 4.5, 0.0]",0.003630044637252282,1.6340396404266357,-0.0006319023680832758,10.69671916961632,1.613874192582415,-0.0,0.0,-0.0,0.0
3.394417,"[5.00687837600708, 4.5, 0.0]","[15.767964363098145, 4.5, 0.0]",0.0036426826845893795,1.6373224258422852,0.0006319023668548748,10.728823661803343,1.6304095957893834,-0.0,0.0,-0.0,0.0
3.418357,"[5.006805896759033, 4.5, 0.0]","[15.801118850708008, 4.5, 0.0]",0.0036300446372505616,1.6540653705596924,-0.0006319023669408954,10.761085987090683,1.6336797431576957,-0.0,0.0,-0.0,0.0
3.433991,"[5.006878852844238, 4.5, 0.0]","[15.834267616271973, 4.5, 0.0]",0.0036426826845876543,1.6572939157485962,0.0006319023668546362,10.794312953948113,1.6504353259224418,-0.0,0.0,-0.0,0.0
3.455537,"[5.006806373596191, 4.5, 0.0]","[15.86815071105957, 4.5, 0.0]",0.0036300446372601342,1.6740747690200806,-0.0006319023663760043,10.82738876342735,1.6536512330640085,-0.0,0.0,-0.0,0.0
3.475609,"[5.0068793296813965, 4.5, 0.0]","[15.901429176330566, 4.5, 0.0]",0.0036426826845975657,1.6773420572280884,0.0006319023668715715,10.861344337462512,1.6704447243828204,-0.0,0.0,-0.0,0.0
3.49437,"[5.00680685043335, 4.5, 0.0]","[15.934940338134766, 4.5, 0.0]",0.0036300446372616577,1.694011926651001,-0.0006319023667953954,10.894549846648784,1.6736993745434907,0.0,-0.0,0.0,-0.0
3.515707,"[5.006879806518555, 4.5, 0.0]","[15.969226837158203, 4.5, 0.0]",0.01859012618661928,1.6974568367004395,0.7480040774678812,10.928133487700544,1.6903818820137393,0.4022935777902603,0.0,0.4022935777902603,0.0
3.535424,"[5.006807327270508, 4.5, 0.0]","[16.003639221191406, 4.5, 0.0]",0.04081029072404031,1.7140982151031494,1.1110082268710515,10.96234703063926,1.6788667105138202,0.40229354053735733,0.0,0.40229354053735733,0.0
3.556742,"[5.007179260253906, 4.5, 0.0]","[16.037925720214844, 4.5, 0.0]",0.0630514919757843,1.717369794845581,1.1120600625871995,10.996831893920021,1.673287924379109,0.40267426520586014,0.0,0.40267426520586014,0.0
3.574591,"[5.00799560546875, 4.5, 0.0]","[16.072240829467773, 4.5, 0.0]",0.08594396710395825,1.7339826822280884,1.1446237564086976,11.030746459960056,1.6543183028697968,0.4144658148288727,0.0,0.4144658148288727,0.0
3.595853,"[5.009256839752197, 4.5, 0.0]","[16.10692024230957, 4.5, 0.0]",0.10893779993057617,1.7373679876327515,1.149691641330896,11.06424522399814,1.64803871512413,0.4163006693124771,0.0,0.4163006693124771,0.0
3.614469,"[5.0109758377075195, 4.5, 0.0]","[16.14185905456543, 4.5, 0.0]",0.13206417858601902,1.754045009613037,1.1563189327721421,11.097663402556487,1.6284301877021754,0.4187004268169403,0.0,0.4187004268169403,0.0
3.634475,"[5.01315450668335, 4.5, 0.0]","[16.177507400512695, 4.5, 0.0]",0.15534527599812967,1.7574197053909304,1.1640548706055325,11.13088321685781,1.621980831027018,0.4215014725923538,0.0,0.4215014725923538,0.0
3.654688,"[5.015795707702637, 4.5, 0.0]","[16.212661743164062, 4.5, 0.0]",0.17879880964757452,1.773988962173462,1.1726766824722428,11.16435289382895,1.6020744293928006,0.4246237128973007,0.0,0.4246237128973007,0.0
3.676304,"[5.018902778625488, 4.5, 0.0]","[16.248172760009766, 4.5, 0.0]",0.2012608200311749,1.7773256301879883,1.123100519180019,11.19686603546103,1.5951901525258874,0.4066721349954605,0.0,0.4066721349954605,0.0
3.697021,"[5.0224785804748535, 4.5, 0.0]","[16.283771514892578, 4.5, 0.0]",0.22400207817555848,1.794020175933838,1.1370629072191787,11.22926998138388,1.5760648101568133,0.41172780096530914,0.0,0.41172780096530914,0.0
3.714219,"[5.026503562927246, 4.5, 0.0]","[16.319664001464844, 4.5, 0.0]",0.2468443065881858,1.7973510026931763,1.1421114206313656,11.261292934417725,1.5700180977582794,0.41355572640895844,0.0,0.41355572640895844,0.0
3.735481,"[5.0309834480285645, 4.5, 0.0]","[16.356727600097656, 4.5, 0.0]",0.2698725461960005,1.8141720294952393,1.1514119803907346,11.293160438537198,1.5505066961049905,0.4169229790568352,0.0,0.4169229790568352,0.0
3.754555,"[5.035920143127441, 4.5, 0.0]","[16.392505645751953, 4.5, 0.0]",0.2930815219879217,1.817307472229004,1.1604487895960607,11.32574415206899,1.5442994832992387,0.4201953485608101,0.0,0.4201953485608101,0.0
3.774905,"[5.041317462921143, 4.5, 0.0]","[16.42978286743164, 4.5, 0.0]",0.3149807453155524,1.8341872692108154,1.0949611663815362,11.35658550262441,1.5242259502410822,0.39648357778787613,0.0,0.39648357778787613,0.0
3.794845,"[5.047179222106934, 4.5, 0.0]","[16.46628761291504, 4.5, 0.0]",0.3370542526245118,1.8375217914581299,1.1036753654479674,11.388465404510498,1.519206523895263,0.39963919669389725,0.0,0.39963919669389725,0.0
3.814934,"[5.053478717803955, 4.5, 0.0]","[16.502580642700195, 4.5, 0.0]",0.3593598604202271,1.8540213108062744,1.1152803897857666,11.419108390808105,1.5004675388336182,0.40383946150541306,0.0,0.40383946150541306,0.0
3.834368,"[5.060219764709473, 4.5, 0.0]","[16.540050506591797, 4.5, 0.0]",0.3817465305328426,1.857347011566162,1.1193335056307734,11.449101924896139,1.4946614503860474,0.4053088650107384,0.0,0.4053088650107384,0.0
3.855002,"[5.067407131195068, 4.5, 0.0]","[16.578229904174805, 4.5, 0.0]",0.4031785726547262,1.874194860458374,1.0716021060941798,11.479830741882324,1.4756004810333194,0.3880247473716736,0.0,0.3880247473716736,0.0
3.875155,"[5.075042247772217, 4.5, 0.0]","[16.615636825561523, 4.5, 0.0]",0.4246882200241093,1.8808364868164062,1.075482368469155,11.510822772979736,1.471016287803648,0.38942866027355194,0.0,0.38942866027355194,0.0
3.895483,"[5.08310604095459, 4.5, 0.0]","[16.65328025817871, 4.5, 0.0]",0.4463335275650025,1.8908748626708984,1.082265377044661,11.540594577789307,1.456148266792297,0.3918859735131264,0.0,0.3918859735131264,0.0
3.914581,"[5.091599941253662, 4.5, 0.0]","[16.690513610839844, 4.5, 0.0]",0.46810913085937705,1.9006962776184082,1.0887801647187278,11.57017421722371,1.444541335105896,0.39424415677785873,0.0,0.39424415677785873,0.0
3.933761,"[5.100526809692383, 4.5, 0.0]","[16.728796005249023, 4.5, 0.0]",0.4900103807449352,1.9106395244598389,1.0950624942779068,11.598913669586182,1.4325871467590312,0.39651956409215927,0.0,0.39651956409215927,0.0
3.956901,"[5.109889030456543, 4.5, 0.0]","[16.76729965209961, 4.5, 0.0]",0.5120335221290597,1.9206408262252808,1.1011570692062267,11.62826919555664,1.4206291437149037,0.39872627705335617,0.0,0.39872627705335617,0.0
3.974265,"[5.119689464569092, 4.5, 0.0]","[16.805906295776367, 4.5, 0.0]",0.5328906178474445,1.930668473243714,1.0428547859192394,11.657410621643066,1.408607304096221,0.37761595100164413,0.0,0.37761595100164413,0.0
3.994914,"[5.129930019378662, 4.5, 0.0]","[16.844406127929688, 4.5, 0.0]",0.5538666844367988,1.9406681060791018,1.0488033294677124,11.686216831207275,1.3977778553962694,0.37976816296577454,0.0,0.37976816296577454,0.0
4.015269,"[5.14058780670166, 4.5, 0.0]","[16.883525848388672, 4.5, 0.0]",0.574960291385652,1.9507237672805786,1.0546803474426603,11.714476108551025,1.386801421642303,0.3818991780281067,0.0,0.3818991780281067,0.0
4.03786,"[5.151665210723877, 4.5, 0.0]","[16.922752380371094, 4.5, 0.0]",0.5961671471595776,1.9606547355651855,1.0603427886962835,11.742938041686907,1.3757634758949266,0.3839496523141861,0.0,0.3839496523141861,0.0
4.055989,"[5.1631646156311035, 4.5, 0.0]","[16.963016510009766, 4.5, 0.0]",0.617483913898468,1.9708480834960938,1.065838336944519,11.771087169647217,1.3644875884056078,0.38593802601099014,0.0,0.38593802601099014,0.0
4.074686,"[5.175087928771973, 4.5, 0.0]","[17.001901626586914, 4.5, 0.0]",0.6377380490303077,1.980692505836487,1.0127067565919856,11.799851894378662,1.3533641695976257,0.3666989505290985,0.0,0.3666989505290985,0.0
4.094957,"[5.187437534332275, 4.5, 0.0]","[17.042186737060547, 4.5, 0.0]",0.658107340335855,1.9908910989761355,1.018464565277366,11.826813697813998,1.3429544568061793,0.36878161132335663,0.0,0.36878161132335663,0.0
4.114533,"[5.200192451477051, 4.5, 0.0]","[17.08207130432129, 4.5, 0.0]",0.678588688373591,2.0008814334869385,1.0240674018867968,11.854749202727325,1.3327837586402804,0.3708142787218094,0.0,0.3708142787218094,0.0
4.133923,"[5.213354587554932, 4.5, 0.0]","[17.121665954589844, 4.5, 0.0]",0.6991797089577108,2.010658025741577,1.0295510292059884,11.881878852843817,1.3222927451133475,0.37279732525348663,0.0,0.37279732525348663,0.0
4.158171,"[5.226926326751709, 4.5, 0.0]","[17.16281509399414, 4.5, 0.0]",0.7198744416237368,2.0208184719085693,1.034736633301303,11.908311367034806,1.3114783167838664,0.37467747926712036,0.0,0.37467747926712036,0.0
4.175248,"[5.240910053253174, 4.5, 0.0]","[17.203372955322266, 4.5, 0.0]",0.7395642399788473,2.030832529067993,0.9844899177555266,11.93588876724148,1.3009440302848325,0.3564819321036339,0.0,0.3564819321036339,0.0
4.194596,"[5.255307674407959, 4.5, 0.0]","[17.243932723999023, 4.5, 0.0]",0.7593627572060204,2.0408473014831543,0.9899258613586537,11.962462902068667,1.2912682890891458,0.35845059901475906,0.0,0.35845059901475906,0.0
4.214488,"[5.27009916305542, 4.5, 0.0]","[17.284984588623047, 4.5, 0.0]",0.7792652249337023,2.050879716873169,0.9951233863840947,11.988625049590107,1.2814845442771339,0.360332690179348,0.0,0.360332690179348,0.0
4.234291,"[5.2852864265441895, 4.5, 0.0]","[17.326316833496094, 4.5, 0.0]",0.7992675900460123,2.060839176177979,1.0001182556155008,12.014885425566668,1.2716144919394665,0.3621399402618408,0.0,0.3621399402618408,0.0
4.254715,"[5.300871849060059, 4.5, 0.0]","[17.367189407348633, 4.5, 0.0]",0.8193696141243898,2.070688009262085,1.0051012039188734,12.041030406950943,1.2615715861319665,0.36394674330949783,0.0,0.36394674330949783,0.0
4.274922,"[5.31685733795166, 4.5, 0.0]","[17.40928840637207, 4.5, 0.0]",0.8385251164437447,2.080832481384278,0.9577751159677461,12.066317558286862,1.2513183951376952,0.34680791199207306,0.0,0.34680791199207306,0.0
4.295095,"[5.333244800567627, 4.5, 0.0]","[17.45100212097168, 4.5, 0.0]",0.8577833771706981,2.094217300415039,0.9629130363476679,12.092431068419446,1.2423073649405332,0.3486689552664757,0.0,0.3486689552664757,0.0
4.315655,"[5.350015163421631, 4.5, 0.0]","[17.492170333862305, 4.5, 0.0]",0.877140820026522,2.0973730087280273,0.9678721427911985,12.117757320402333,1.2364339232443409,0.3504660725593567,0.0,0.3504660725593567,0.0
4.334334,"[5.367170810699463, 4.5, 0.0]","[17.5345401763916, 4.5, 0.0]",0.8965945839883452,2.1140096187591553,0.9726881980911595,12.142155170439704,1.2202321887015053,0.352206714451313,0.0,0.352206714451313,0.0
4.355142,"[5.384713649749756, 4.5, 0.0]","[17.577713012695312, 4.5, 0.0]",0.9161415696145543,2.1175005435943604,0.9773492813104523,12.167369365690412,1.2174150347708101,0.35389766097068787,0.0,0.35389766097068787,0.0
4.374803,"[5.402645587921143, 4.5, 0.0]","[17.62032699584961, 4.5, 0.0]",0.9347191452981276,2.1341946125030518,0.9288787841786661,12.192999362944583,1.201358973979806,0.33634379506111145,0.0,0.33634379506111145,0.0
4.396496,"[5.420968532562256, 4.5, 0.0]","[17.662805557250977, 4.5, 0.0]",0.9533928036690655,2.1375222206115723,0.9336829185468964,12.217681407927492,1.1994754672049242,0.3380849212408066,0.0,0.3380849212408066,0.0
4.415041,"[5.439662933349609, 4.5, 0.0]","[17.705848693847656, 4.5, 0.0]",0.9721570611000807,2.1542179584503174,0.9382128715507587,12.241837024687744,1.1841294169425067,0.33972516655921936,0.0,0.33972516655921936,0.0
4.434151,"[5.458730697631836, 4.5, 0.0]","[17.748395919799805, 4.5, 0.0]",0.9910073876381811,2.157331705093384,0.9425163269050185,12.266185760497612,1.1820608973502367,0.34128472208976746,0.0,0.34128472208976746,0.0
4.454882,"[5.478173732757568, 4.5, 0.0]","[17.791898727416992, 4.5, 0.0]",1.0099434852601086,2.173999786376953,0.9468048810963747,12.289665222167534,1.1663243174552027,0.34283559769392014,0.0,0.34283559769392014,0.0
4.475237,"[5.4979939460754395, 4.5, 0.0]","[17.836380004882812, 4.5, 0.0]",1.0281767845155276,2.177558183670044,0.9116649627709528,12.313724994657676,1.1640563011168445,0.33011436462402344,0.0,0.33011436462402344,0.0
4.497727,"[5.518192768096924, 4.5, 0.0]","[17.879837036132812, 4.5, 0.0]",1.04650020599386,2.1942155361175537,0.9161710739166162,12.338386058802012,1.1493813991545163,0.33174730837345123,0.0,0.33174730837345123,0.0
4.514627,"[5.538756370544434, 4.5, 0.0]","[17.923768997192383, 4.5, 0.0]",1.0649099349978566,2.1975502967834473,0.9204864501998311,12.361644268027012,1.1477153301236938,0.3333042934536934,0.0,0.3333042934536934,0.0
4.534581,"[5.559686183929443, 4.5, 0.0]","[17.968233108520508, 4.5, 0.0]",1.0834021568301542,2.214209794998169,0.9246110916148798,12.385012626639055,1.1326403617855907,0.33479999750852585,0.0,0.33479999750852585,0.0
4.555477,"[5.580984592437744, 4.5, 0.0]","[18.01256561279297, 4.5, 0.0]",1.1019740104678863,2.2175047397613525,0.9285926818866086,12.408546924585673,1.1308076381680148,0.33623766154050827,0.0,0.33623766154050827,0.0
4.574575,"[5.602652549743652, 4.5, 0.0]","[18.056310653686523, 4.5, 0.0]",1.1195988655094073,2.234002113342285,0.8812427520760502,12.431581020351256,1.1155307292934662,0.3190980851650238,0.0,0.3190980851650238,0.0
4.594288,"[5.624691963195801, 4.5, 0.0]","[18.10079574584961, 4.5, 0.0]",1.1373090744022614,2.2373318672180176,0.8855104446427009,12.453658103938896,1.1144032478328778,0.3206406533718109,0.0,0.3206406533718109,0.0
4.614246,"[5.647083759307861, 4.5, 0.0]","[18.145856857299805, 4.5, 0.0]",1.1551017761235307,2.2540342807769775,0.8896350860634672,12.47610378264673,1.1000227928157562,0.32213184982538223,0.0,0.32213184982538223,0.0
4.634271,"[5.669829845428467, 4.5, 0.0]","[18.190950393676758, 4.5, 0.0]",1.1729707717900513,2.257277727127075,0.893449783326028,12.498773097987954,1.0989325046534468,0.32351862639188766,0.0,0.32351862639188766,0.0
4.654575,"[5.692931652069092, 4.5, 0.0]","[18.236557006835938, 4.5, 0.0]",1.1902170181279965,2.273968458175659,0.8623123168972624,12.521120548241186,1.084306955337024,0.3122401051223278,0.0,0.3122401051223278,0.0
4.676035,"[5.716391086578369, 4.5, 0.0]","[18.283111572265625, 4.5, 0.0]",1.2075419425970897,2.2775332927703857,0.8662462234546586,12.543625354757838,1.0837514400476627,0.31366363167762756,0.0,0.31366363167762756,0.0
4.697338,"[5.740195274353027, 4.5, 0.0]","[18.328630447387695, 4.5, 0.0]",1.2249407768256135,2.2942047119140625,0.869941711426192,12.566720485678232,1.069991350173296,0.31500354409217834,0.0,0.31500354409217834,0.0
4.714505,"[5.764346122741699, 4.5, 0.0]","[18.373767852783203, 4.5, 0.0]",1.2424130439765162,2.2973687648773193,0.8736133575451333,12.588435173027525,1.069263935088449,0.316336490213871,0.0,0.316336490213871,0.0
4.73394,"[5.788845062255859, 4.5, 0.0]","[18.420137405395508, 4.5, 0.0]",1.2599582672126246,2.3140079975128174,0.8772611618054205,12.609421730036026,1.0549557209008031,0.3176577761769295,0.0,0.3176577761769295,0.0
4.754725,"[5.813693523406982, 4.5, 0.0]","[18.46656036376953, 4.5, 0.0]",1.2775726318366478,2.31732439994812,0.8807182312011608,12.631292343130578,1.0540497303001928,0.31890884041786194,0.0,0.31890884041786194,0.0
4.774407,"[5.838892459869385, 4.5, 0.0]","[18.513038635253906, 4.5, 0.0]",1.2943487167364935,2.33398699760437,0.8388042449922861,12.652866840357053,1.0397517681114723,0.30372973531484604,0.0,0.30372973531484604,0.0
4.79497,"[5.864443778991699, 4.5, 0.0]","[18.55996322631836, 4.5, 0.0]",1.3112001419072805,2.3407444953918457,0.8425712585393486,12.674146175380477,1.0396382808678766,0.3050939738750458,0.0,0.3050939738750458,0.0
4.815461,"[5.890330791473389, 4.5, 0.0]","[18.606651306152344, 4.5, 0.0]",1.3281230926518173,2.350698471069336,0.8461475372268379,12.695519447323846,1.0295443534845652,0.3063911385834217,0.0,0.3063911385834217,0.0
4.834055,"[5.916554927825928, 4.5, 0.0]","[18.653961181640625, 4.5, 0.0]",1.3451147079471837,2.3606581687927246,0.8495807647683207,12.716320514676138,1.0225753784175187,0.30762968584895134,0.0,0.30762968584895134,0.0
4.854894,"[5.943117618560791, 4.5, 0.0]","[18.701623916625977, 4.5, 0.0]",1.3621716499332366,2.370692729949951,0.8528470993026449,12.737406253811875,1.015543460845541,0.3088177926838398,0.0,0.3088177926838398,0.0
4.874961,"[5.970019817352295, 4.5, 0.0]","[18.74982452392578, 4.5, 0.0]",1.3786239624026628,2.380840301513672,0.8226156234713122,12.758506298064168,1.0085210800167146,0.2978629060089588,0.0,0.2978629060089588,0.0
4.894703,"[5.997263431549072, 4.5, 0.0]","[18.797584533691406, 4.5, 0.0]",1.3951420783998831,2.390894889831543,0.8259057998610153,12.779804706571673,1.002216339111009,0.29905565083026886,0.0,0.29905565083026886,0.0
4.914417,"[6.024836540222168, 4.5, 0.0]","[18.844552993774414, 4.5, 0.0]",1.4117240905763389,2.400697946548462,0.8291006088227859,12.800321102141313,0.9957528114316598,0.3002162277698517,0.0,0.3002162277698517,0.0
4.936681,"[6.052739143371582, 4.5, 0.0]","[18.89252471923828, 4.5, 0.0]",1.4283685684205738,2.4105889797210693,0.8322238922117475,12.819716453552132,0.9889738559721231,0.3013492748141289,0.0,0.3013492748141289,0.0
4.954485,"[6.0809736251831055, 4.5, 0.0]","[18.941204071044922, 4.5, 0.0]",1.4450745582582007,2.4206259250640874,0.8352994918813472,12.839785575866586,0.9822204113004955,0.3024584800004959,0.0,0.3024584800004959,0.0
4.974901,"[6.109540939331055, 4.5, 0.0]","[18.990825653076172, 4.5, 0.0]",1.461146831512582,2.4308574199676514,0.8036136627190604,12.860230445861362,0.9755513668058866,0.2909901551902294,0.0,0.2909901551902294,0.0
4.994554,"[6.138442516326904, 4.5, 0.0]","[19.03938865661621, 4.5, 0.0]",1.4772830009461995,2.4408702850341797,0.8068084716808754,12.88128471374466,0.9697105884550694,0.29214609414339066,0.0,0.29214609414339066,0.0
5.014651,"[6.167665481567383, 4.5, 0.0]","[19.088333129882812, 4.5, 0.0]",1.4934821128846674,2.4508750438690186,0.8099555969233951,12.90094614028885,0.9635872840879802,0.2932825870811939,0.0,0.2932825870811939,0.0
5.034334,"[6.197211265563965, 4.5, 0.0]","[19.13773536682129, 4.5, 0.0]",1.5097427368165601,2.460855484008789,0.813031196594638,12.920667648314398,0.9573929309843512,0.2944004535675049,0.0,0.2944004535675049,0.0
5.055019,"[6.227080821990967, 4.5, 0.0]","[19.187267303466797, 4.5, 0.0]",1.5260643959047075,2.4708619117736816,0.8160829544073711,12.94052410125629,0.9511127471922289,0.29550015926361084,0.0,0.29550015926361084,0.0
5.074862,"[6.257275581359863, 4.5, 0.0]","[19.23590850830078, 4.5, 0.0]",1.5417938232423616,2.4806880950927734,0.7864713668827017,12.960186481474796,0.9447975158689741,0.28478048741817474,0.0,0.28478048741817474,0.0
5.094858,"[6.287796974182129, 4.5, 0.0]","[19.28636932373047, 4.5, 0.0]",1.5575828552247704,2.490882635116577,0.7894515991204387,12.978632926939882,0.9388942718504119,0.28586242347955704,0.0,0.28586242347955704,0.0
5.11531,"[6.318633079528809, 4.5, 0.0]","[19.335731506347656, 4.5, 0.0]",1.5734281539918384,2.5007715225219727,0.7922649383534042,12.998572349547302,0.9332997798918068,0.28687816113233566,0.0,0.28687816113233566,0.0
5.1339,"[6.349784851074219, 4.5, 0.0]","[19.385595321655273, 4.5, 0.0]",1.5893297195436011,2.510645866394043,0.7950782775881349,13.017098426817808,0.9273433685301342,0.287897028028965,0.0,0.287897028028965,0.0
5.154861,"[6.381253242492676, 4.5, 0.0]","[19.43614387512207, 4.5, 0.0]",1.6052842140199264,2.5206551551818848,0.7977247238162621,13.035810470580593,0.9213161468504418,0.2888544090092182,0.0,0.2888544090092182,0.0
5.178182,"[6.4130401611328125, 4.5, 0.0]","[19.487581253051758, 4.5, 0.0]",1.6206688880922069,2.5308408737182617,0.7692337036140251,13.054890632627542,0.9153709411619584,0.27853604406118393,0.0,0.27853604406118393,0.0
5.194702,"[6.445145606994629, 4.5, 0.0]","[19.53813934326172, 4.5, 0.0]",1.6361317634584416,2.5408523082733154,0.7731437683117348,13.07454109191709,0.9101719856260548,0.2799553610384464,0.0,0.2799553610384464,0.0
5.218523,"[6.4775590896606445, 4.5, 0.0]","[19.590421676635742, 4.5, 0.0]",1.6516251564028293,2.554450750350952,0.7746696472193837,13.092993736266045,0.9047205448148739,0.28050439432263374,0.0,0.28050439432263374,0.0
5.234522,"[6.510281562805176, 4.5, 0.0]","[19.63960838317871, 4.5, 0.0]",1.667169570923169,2.5573344230651855,0.7772207260169917,13.112862586972192,0.9028255939481229,0.28142744675278664,0.0,0.28142744675278664,0.0
5.254879,"[6.543313980102539, 4.5, 0.0]","[19.691011428833008, 4.5, 0.0]",1.6827664375309295,2.5739829540252686,0.7798433303880192,13.129326820367831,0.8901648521420165,0.28237786144018173,0.0,0.28237786144018173,0.0
5.275108,"[6.576657295227051, 4.5, 0.0]","[19.74366569519043, 4.5, 0.0]",1.6979074478154232,2.577539920806885,0.7570505142246886,13.147697448724758,0.8912165164943391,0.27412405237555504,0.0,0.27412405237555504,0.0
5.294648,"[6.610312461853027, 4.5, 0.0]","[19.79514503479004, 4.5, 0.0]",1.7131004333501572,2.594202756881714,0.7596492767366958,13.167008399959176,0.879632472991462,0.2750634402036667,0.0,0.2750634402036667,0.0
5.31591,"[6.644270420074463, 4.5, 0.0]","[19.847190856933594, 4.5, 0.0]",1.72836160659846,2.597559690475464,0.7630586624151392,13.184832572932804,0.8811023235315567,0.27630412951111794,0.0,0.27630412951111794,0.0
5.335895,"[6.678532600402832, 4.5, 0.0]","[19.89908218383789, 4.5, 0.0]",1.743652820587721,2.6141109466552734,0.7645606994630572,13.202920436854917,0.8691980838770039,0.2768486551940441,0.0,0.2768486551940441,0.0
5.354891,"[6.713099956512451, 4.5, 0.0]","[19.951139450073242, 4.5, 0.0]",1.758991241455643,2.6173593997955322,0.766921043396096,13.220549583430838,0.8704581260675524,0.2777021750807762,0.0,0.2777021750807762,0.0
5.374614,"[6.7479729652404785, 4.5, 0.0]","[20.003591537475586, 4.5, 0.0]",1.7736816406255196,2.6340172290802,0.7345199584938289,13.238039493556565,0.8583681583398892,0.2659713290631771,0.0,0.2659713290631771,0.0
5.397357,"[6.7831525802612305, 4.5, 0.0]","[20.056005477905273, 4.5, 0.0]",1.7884221076970324,2.637333869934082,0.7370233535756388,13.255618572230876,0.8603355884546806,0.26687242090702057,0.0,0.26687242090702057,0.0
5.414627,"[6.818626403808594, 4.5, 0.0]","[20.10908317565918, 4.5, 0.0]",1.8032112121587462,2.65403413772583,0.7394552230856943,13.272852897639806,0.8489117622370497,0.2677580155432224,0.0,0.2677580155432224,0.0
5.434311,"[6.854394912719727, 4.5, 0.0]","[20.16371726989746, 4.5, 0.0]",1.818048477173369,2.657579183578491,0.741863250731134,13.290456771846344,0.8508229255670838,0.26862412691116333,0.0,0.26862412691116333,0.0
5.455748,"[6.890459060668945, 4.5, 0.0]","[20.216955184936523, 4.5, 0.0]",1.832929134369352,2.674197196960449,0.7440328597991486,13.309322357173485,0.8395307064051223,0.26941385120153427,0.0,0.26941385120153427,0.0
5.474994,"[6.926819801330566, 4.5, 0.0]","[20.270463943481445, 4.5, 0.0]",1.8474707603458962,2.677531480789185,0.7270812988272146,13.326496124264626,0.8412680625910973,0.2632729150354862,0.0,0.2632729150354862,0.0
5.494831,"[6.9634785652160645, 4.5, 0.0]","[20.32402229309082, 4.5, 0.0]",1.8620557785038394,2.694209575653076,0.729250907897161,13.343644142148985,0.8300607204432888,0.26405733078718185,0.0,0.26405733078718185,0.0
5.51516,"[7.000428199768066, 4.5, 0.0]","[20.377962112426758, 4.5, 0.0]",1.8766841888431955,2.6975462436676025,0.7314205169678067,13.36054372787286,0.8321537971492368,0.26484593749046326,0.0,0.26484593749046326,0.0
5.535272,"[7.0376691818237305, 4.5, 0.0]","[20.431612014770508, 4.5, 0.0]",1.891353130341004,2.714057445526123,0.7334470748904254,13.377533912656792,0.820862054824407,0.2655787952244282,0.0,0.2655787952244282,0.0
5.554559,"[7.075202941894531, 4.5, 0.0]","[20.485599517822266, 4.5, 0.0]",1.906063556671595,2.7172961235046387,0.7355213165295527,13.393942832943809,0.822704315185119,0.2663283795118332,0.0,0.2663283795118332,0.0
5.576347,"[7.113029956817627, 4.5, 0.0]","[20.540138244628906, 4.5, 0.0]",1.9201951026922206,2.7339701652526855,0.7065773010312748,13.410396575923453,0.8112325668330436,0.25585075840353966,0.0,0.25585075840353966,0.0
5.594059,"[7.151151180267334, 4.5, 0.0]","[20.594743728637695, 4.5, 0.0]",1.93437004089425,2.737322568893433,0.7087469101014654,13.427108287801637,0.813775062560465,0.25663310661911964,0.0,0.25663310661911964,0.0
5.615125,"[7.1895551681518555, 4.5, 0.0]","[20.65093421936035, 4.5, 0.0]",1.948585510254695,2.7542223930358887,0.7107734680222522,13.443592548362734,0.8029525279991832,0.2573677711188793,0.0,0.2573677711188793,0.0
5.634059,"[7.22824239730835, 4.5, 0.0]","[20.7051944732666, 4.5, 0.0]",1.962839126587811,2.7573320865631104,0.7126808166557974,13.461379051200858,0.8056368827811937,0.2580622769892216,0.0,0.2580622769892216,0.0
5.654198,"[7.267214298248291, 4.5, 0.0]","[20.760786056518555, 4.5, 0.0]",1.9771294593822188,2.774015426635742,0.7145166397203973,13.476952075948574,0.7944929599752995,0.2587236277759075,0.0,0.2587236277759075,0.0
5.676043,"[7.30647087097168, 4.5, 0.0]","[20.816740036010742, 4.5, 0.0]",1.9911441802992658,2.777430057525635,0.700736045852346,13.49357175825579,0.7968859672535233,0.2537320554256439,0.0,0.2537320554256439,0.0
5.697892,"[7.34601354598999, 4.5, 0.0]","[20.871814727783203, 4.5, 0.0]",2.0052006244677987,2.794020652770996,0.7028222084266456,13.510269165015586,0.7862858772263694,0.25449417531490326,0.0,0.25449417531490326,0.0
5.714959,"[7.385836601257324, 4.5, 0.0]","[20.928861618041992, 4.5, 0.0]",2.0192968845387878,2.800889730453491,0.7048130035494538,13.525801181772948,0.7888200283031974,0.255215335637331,0.0,0.255215335637331,0.0
5.734558,"[7.42594051361084, 4.5, 0.0]","[20.9849796295166, 4.5, 0.0]",2.0334312915824184,2.8108222484588623,0.7067203521815335,13.543025016772662,0.7815928459147035,0.2559000067412853,0.0,0.2559000067412853,0.0
5.755054,"[7.4663262367248535, 4.5, 0.0]","[21.04154396057129, 4.5, 0.0]",2.04760193825017,2.820833683013916,0.7085323333875682,13.559039115891217,0.7773909568764439,0.2565527893602848,0.0,0.2565527893602848,0.0
5.774736,"[7.506994724273682, 4.5, 0.0]","[21.098176956176758, 4.5, 0.0]",2.061311006548717,2.830857038497925,0.6854534149273617,13.575217723831873,0.7732317447637462,0.24819334968924522,0.0,0.24819334968924522,0.0
5.795293,"[7.547946929931641, 4.5, 0.0]","[21.154088973999023, 4.5, 0.0]",2.075056314471182,2.8407530784606934,0.6872653961232489,13.591182231885725,0.7695460319492078,0.24885792285203934,0.0,0.24885792285203934,0.0
5.817209,"[7.589173316955566, 4.5, 0.0]","[21.211942672729492, 4.5, 0.0]",2.0888369083433647,2.850917339324951,0.6890296936091334,13.606142044050012,0.7656967639895114,0.249501783400774,0.0,0.249501783400774,0.0
5.835152,"[7.630674362182617, 4.5, 0.0]","[21.26913833618164, 4.5, 0.0]",2.1026527881652988,2.8608644008636475,0.6907939910967054,13.622769355753515,0.7620804309815865,0.2501281723380089,0.0,0.2501281723380089,0.0
5.855187,"[7.672451019287109, 4.5, 0.0]","[21.326705932617188, 4.5, 0.0]",2.116502046588243,2.8708760738372803,0.6924629211472189,13.63846397397859,0.7582116126983487,0.25073960423469543,0.0,0.25073960423469543,0.0
5.87494,"[7.714504241943359, 4.5, 0.0]","[21.38294792175293, 4.5, 0.0]",2.129981279376577,2.8806574344635014,0.673961639416687,13.654254913299088,0.7543740272490371,0.2440466545522213,0.0,0.2440466545522213,0.0
5.894271,"[7.756834506988525, 4.5, 0.0]","[21.440549850463867, 4.5, 0.0]",2.143429040912198,2.8906750679016113,0.6723880767810497,13.668443679782305,0.7506761550869245,0.24347538128495216,0.0,0.24347538128495216,0.0
5.917583,"[7.799434185028076, 4.5, 0.0]","[21.499691009521484, 4.5, 0.0]",2.1568987369574217,2.900887250900269,0.6734848022611928,13.68371534345484,0.7472460269894134,0.24387499317526817,0.0,0.24387499317526817,0.0
5.935113,"[7.8423027992248535, 4.5, 0.0]","[21.558013916015625, 4.5, 0.0]",2.170403718952236,2.9108569622039795,0.6752490997407046,13.700256824472882,0.7439885139428473,0.24450069293379784,0.0,0.24450069293379784,0.0
5.95464,"[7.885440826416016, 4.5, 0.0]","[21.61530113220215, 4.5, 0.0]",2.1839392185251287,2.920649528503418,0.6767749786446453,13.715711116763412,0.7404532432517437,0.24505272507667542,0.0,0.24505272507667542,0.0
5.974086,"[7.928848743438721, 4.5, 0.0]","[21.673582077026367, 4.5, 0.0]",2.1971437931102784,2.930612087249756,0.6602287292574838,13.729860305758745,0.7367103099782892,0.23905888199806213,0.0,0.23905888199806213,0.0
5.995106,"[7.972527027130127, 4.5, 0.0]","[21.733945846557617, 4.5, 0.0]",2.2103674411815852,2.940930604934693,0.6611824035653413,13.744733333563763,0.7334682941394775,0.23942094296216965,0.0,0.23942094296216965,0.0
6.015192,"[8.016469955444336, 4.5, 0.0]","[21.791353225708008, 4.5, 0.0]",2.2236225605053788,2.9506754875183105,0.6627559661896765,13.761418819403579,0.7305631637531076,0.23998767137527466,0.0,0.23998767137527466,0.0
6.034768,"[8.060677528381348, 4.5, 0.0]","[21.85173797607422, 4.5, 0.0]",2.236921548847735,2.9608242511749268,0.6649494171178105,13.774883270239737,0.7270529270129318,0.2407710999250412,0.0,0.2407710999250412,0.0
6.054782,"[8.10515022277832, 4.5, 0.0]","[21.910171508789062, 4.5, 0.0]",2.2502405643507437,2.97064471244812,0.6659507751504368,13.791060447672209,0.7239027023271918,0.2411455102264881,0.0,0.2411455102264881,0.0
6.077427,"[8.14988899230957, 4.5, 0.0]","[21.96967315673828, 4.5, 0.0]",2.263312578205791,2.9806449413299565,0.6536006927523541,13.805021285990058,0.7204041480973764,0.2366599254310131,0.0,0.2366599254310131,0.0
6.094132,"[8.194893836975098, 4.5, 0.0]","[22.029340744018555, 4.5, 0.0]",2.276412248615928,2.990673303604126,0.6549835205068577,13.819784164404698,0.7173323631241657,0.23717030882835388,0.0,0.23717030882835388,0.0
6.114082,"[8.24015998840332, 4.5, 0.0]","[22.089271545410156, 4.5, 0.0]",2.2895414829298186,3.000678300857544,0.656461715694534,13.834446907019418,0.714261054988198,0.23770039901137352,0.0,0.23770039901137352,0.0
6.133914,"[8.285688400268555, 4.5, 0.0]","[22.1496524810791, 4.5, 0.0]",2.3027002811474255,3.0139923095703125,0.6579399108803452,13.849111556982772,0.7111368179277253,0.23824667558073997,0.0,0.23824667558073997,0.0
6.156154,"[8.3314790725708, 4.5, 0.0]","[22.211166381835938, 4.5, 0.0]",2.315886735920527,3.0174925327301025,0.6593227386550771,13.863964080782893,0.711292028422887,0.23874159902334213,0.0,0.23874159902334213,0.0
6.174753,"[8.377532958984375, 4.5, 0.0]","[22.27065086364746, 4.5, 0.0]",2.328768968586827,3.033991813659668,0.6441116333149921,13.879687309229574,0.7016057968095755,0.23322924971580505,0.0,0.23322924971580505,0.0
6.195965,"[8.423851013183594, 4.5, 0.0]","[22.332326889038086, 4.5, 0.0]",2.3416798114824036,3.0375192165374756,0.6455421447788323,13.893117904635373,0.705222845072841,0.23375347256660461,0.0,0.23375347256660461,0.0
6.215414,"[8.470426559448242, 4.5, 0.0]","[22.393558502197266, 4.5, 0.0]",2.354617357259066,3.054237127304077,0.6468772888331253,13.908475875826749,0.695839405055072,0.23423507809638977,0.0,0.23423507809638977,0.0
6.234755,"[8.517260551452637, 4.5, 0.0]","[22.45375633239746, 4.5, 0.0]",2.3675796985678246,3.0573582649230957,0.6481170654379254,13.92313194272125,0.6996197700450111,0.23468565195798874,0.0,0.23468565195798874,0.0
6.254642,"[8.564352989196777, 4.5, 0.0]","[22.515090942382812, 4.5, 0.0]",2.3802521228842894,3.07399845123291,0.6336212158232435,13.936495780913194,0.6897785663552711,0.22943269461393356,0.0,0.22943269461393356,0.0
6.274165,"[8.61170482635498, 4.5, 0.0]","[22.576616287231445, 4.5, 0.0]",2.3929512500816044,3.077335596084595,0.634956359865746,13.950737953154372,0.6937463283486207,0.22991959005594254,0.0,0.22991959005594254,0.0
6.295129,"[8.659310340881348, 4.5, 0.0]","[22.6392879486084, 4.5, 0.0]",2.4056761264854343,3.0941929817199707,0.6362438201914955,13.96491146084477,0.6843843460029908,0.23037949576973915,0.0,0.23037949576973915,0.0
6.315903,"[8.707169532775879, 4.5, 0.0]","[22.70133399963379, 4.5, 0.0]",2.4184248447476397,3.097546339035034,0.6374359131102736,13.979977607691232,0.6885168552345364,0.23081181570887566,0.0,0.23081181570887566,0.0
6.333979,"[8.75528335571289, 4.5, 0.0]","[22.762357711791992, 4.5, 0.0]",2.431196451193506,3.1139774322509766,0.638580322293314,13.994164466813123,0.6791214942873944,0.23122642189264297,0.0,0.23122642189264297,0.0
6.354741,"[8.803651809692383, 4.5, 0.0]","[22.824960708618164, 4.5, 0.0]",2.4438412189552285,3.117326498031616,0.632238388086126,14.007074356038867,0.6827809810574705,0.22893935441970825,0.0,0.22893935441970825,0.0
6.374426,"[8.852275848388672, 4.5, 0.0]","[22.888622283935547, 4.5, 0.0]",2.4565117359233097,3.1341795921325684,0.6335258484040596,14.021308898885506,0.6734852790763877,0.2293899655342102,0.0,0.2293899655342102,0.0
6.394594,"[8.901152610778809, 4.5, 0.0]","[22.951244354248047, 4.5, 0.0]",2.469205141074829,3.1375319957733154,0.6346702575759533,14.036346435506555,0.6776678562092586,0.2298211120069027,0.0,0.2298211120069027,0.0
6.414649,"[8.95028305053711, 4.5, 0.0]","[23.014291763305664, 4.5, 0.0]",2.481921434409811,3.154219150543213,0.6358146667491127,14.05009174342888,0.6683268546984866,0.23023026064038277,0.0,0.23023026064038277,0.0
6.435536,"[8.999667167663574, 4.5, 0.0]","[23.077632904052734, 4.5, 0.0]",2.4946596622542576,3.157526969909668,0.636911392222328,14.064008712728157,0.6722977161334018,0.2306257002055645,0.0,0.2306257002055645,0.0
6.454829,"[9.04930591583252, 4.5, 0.0]","[23.1403751373291, 4.5, 0.0]",2.507418870934232,3.17407488822937,0.6379604339987299,14.077965736344105,0.6628673076554104,0.23100456222891808,0.0,0.23100456222891808,0.0
6.475043,"[9.099199295043945, 4.5, 0.0]","[23.20328140258789, 4.5, 0.0]",2.5198633670899553,3.177314281463623,0.6222248077861536,14.091069221424625,0.6666560172951379,0.22531362250447273,0.0,0.22531362250447273,0.0
6.494356,"[9.149347305297852, 4.5, 0.0]","[23.266969680786133, 4.5, 0.0]",2.53233361245252,3.1940109729766846,0.6235122681282457,14.104082107465794,0.6574509143736678,0.22577641531825066,0.0,0.22577641531825066,0.0
6.517786,"[9.19974422454834, 4.5, 0.0]","[23.331453323364258, 4.5, 0.0]",2.5448286533472793,3.197434186935425,0.6247520447379529,14.117622375403673,0.6616773605241644,0.22621581330895424,0.0,0.22621581330895424,0.0
6.534328,"[9.250391006469727, 4.5, 0.0]","[23.396465301513672, 4.5, 0.0]",2.557346582425699,3.2141804695129395,0.6258964539209932,14.131709098724585,0.6526055335881455,0.2266385778784752,0.0,0.2266385778784752,0.0
6.55496,"[9.301287651062012, 4.5, 0.0]","[23.460935592651367, 4.5, 0.0]",2.569886446013005,3.2175090312957764,0.6269931793652983,14.14607429495252,0.6568338870872403,0.22704100236296654,0.0,0.22704100236296654,0.0
6.574184,"[9.352434158325195, 4.5, 0.0]","[23.523941040039062, 4.5, 0.0]",2.582050561919829,3.2339444160461426,0.608205795341199,14.159647941510897,0.6476225852827713,0.2202272042632103,0.0,0.2202272042632103,0.0
6.594586,"[9.403831481933594, 4.5, 0.0]","[23.58880615234375, 4.5, 0.0]",2.5942289829411234,3.2373337745666504,0.6089210510647147,14.171506881635343,0.6518938541263135,0.22049516439437866,0.0,0.22049516439437866,0.0
6.615098,"[9.455472946166992, 4.5, 0.0]","[23.65526008605957, 4.5, 0.0]",2.606430292145797,3.2542381286621094,0.6100654602336775,14.184974670325145,0.643104791625527,0.22090820595622063,0.0,0.22090820595622063,0.0
6.637596,"[9.507357597351074, 4.5, 0.0]","[23.71904945373535, 4.5, 0.0]",2.6186535358596625,3.260643482208252,0.6111621856932814,14.199787139807478,0.6478078365163125,0.22130688652396202,0.0,0.22130688652396202,0.0
6.654739,"[9.559486389160156, 4.5, 0.0]","[23.784757614135742, 4.5, 0.0]",2.6308948993853507,3.2673418521881104,0.6120681762844082,14.211691856299105,0.6419899463485894,0.2216346189379692,0.0,0.2216346189379692,0.0
6.674088,"[9.611859321594238, 4.5, 0.0]","[23.8500919342041, 4.5, 0.0]",2.6430561542685314,3.2839834690093994,0.6080627441590325,14.225271224890333,0.6364469528027596,0.22017467767000198,0.0,0.22017467767000198,0.0
6.694442,"[9.664477348327637, 4.5, 0.0]","[23.915821075439453, 4.5, 0.0]",2.6552364826377315,3.287351369857788,0.6090164184600066,14.238232612524532,0.6409273147408681,0.22052057087421417,0.0,0.22052057087421417,0.0
6.714763,"[9.717338562011719, 4.5, 0.0]","[23.98164939880371, 4.5, 0.0]",2.667435884493224,3.3040075302124023,0.6099700927746365,14.251343727026407,0.6321148872200566,0.22087212651968002,0.0,0.22087212651968002,0.0
6.73394,"[9.770442962646484, 4.5, 0.0]","[24.047887802124023, 4.5, 0.0]",2.6796553135092345,3.3073010444641113,0.6109714508005126,14.264310836706505,0.6365716457191781,0.22122319787740707,0.0,0.22122319787740707,0.0
6.754655,"[9.82379150390625, 4.5, 0.0]","[24.114559173583984, 4.5, 0.0]",2.6918900013152065,3.3239939212799072,0.6117343902986017,14.277444839385264,0.6276457309548769,0.2215147577226162,0.0,0.2215147577226162,0.0
6.775032,"[9.877384185791016, 4.5, 0.0]","[24.18148422241211, 4.5, 0.0]",2.703910112399954,3.327390670776367,0.601005554237366,14.290767669563708,0.6321039199647007,0.217621810734272,0.0,0.217621810734272,0.0
6.794181,"[9.931221961975098, 4.5, 0.0]","[24.248445510864258, 4.5, 0.0]",2.7159492969708006,3.3441271781921387,0.601959228542337,14.304100036514443,0.6234805583764134,0.21796410903334618,0.0,0.21796410903334618,0.0
6.814554,"[9.985300064086914, 4.5, 0.0]","[24.3147029876709, 4.5, 0.0]",2.7280046940048424,3.347362995147705,0.6027698517020896,14.317223548782412,0.6281778812213381,0.21825313568115234,0.0,0.21825313568115234,0.0
6.834474,"[10.039619445800781, 4.5, 0.0]","[24.382125854492188, 4.5, 0.0]",2.740076303502256,3.364018678665161,0.6035804748706797,14.329402923477145,0.6193583011428627,0.21856160834431648,0.0,0.21856160834431648,0.0
6.855778,"[10.094179153442383, 4.5, 0.0]","[24.449928283691406, 4.5, 0.0]",2.7521660328116866,3.367396354675293,0.6044864654715321,14.34250640858447,0.6239423751629052,0.2188815176486969,0.0,0.2188815176486969,0.0
6.874353,"[10.148981094360352, 4.5, 0.0]","[24.517061233520508, 4.5, 0.0]",2.7639153003903076,3.3840088844299316,0.5874633789310524,14.355749130141987,0.6152303218636064,0.21271934732794762,0.0,0.21271934732794762,0.0
6.89782,"[10.204024314880371, 4.5, 0.0]","[24.585922241210938, 4.5, 0.0]",2.7756836414550725,3.387543678283692,0.5884170532382438,14.36808013905303,0.620093584039624,0.21305611357092857,0.0,0.21305611357092857,0.0
6.914721,"[10.259303092956543, 4.5, 0.0]","[24.653928756713867, 4.5, 0.0]",2.787471056006029,3.4042232036590576,0.5893707275478333,14.381897926223337,0.6118600368286193,0.2134052850306034,0.0,0.2134052850306034,0.0
6.934362,"[10.31481647491455, 4.5, 0.0]","[24.72186851501465, 4.5, 0.0]",2.79927468302044,3.4074742794036865,0.5901813507205311,14.394625663649999,0.6167521476530284,0.21370504051446915,0.0,0.21370504051446915,0.0
6.954822,"[10.370566368103027, 4.5, 0.0]","[24.790498733520508, 4.5, 0.0]",2.8110926151494637,3.4241602420806885,0.5908966064511967,14.40705203999268,0.6081995963832467,0.21396320313215256,0.0,0.21396320313215256,0.0
6.974445,"[10.426551818847656, 4.5, 0.0]","[24.85892677307129, 4.5, 0.0]",2.8228724003053576,3.427482843399048,0.588989257794692,14.419932365309966,0.6130676269312247,0.21327713504433632,0.0,0.21327713504433632,0.0
6.994623,"[10.482773780822754, 4.5, 0.0]","[24.92767906188965, 4.5, 0.0]",2.834670305273148,3.4441869258880615,0.589895248389527,14.432374954130358,0.6046104430936903,0.21359175443649292,0.0,0.21359175443649292,0.0
7.018032,"[10.539231300354004, 4.5, 0.0]","[24.995899200439453, 4.5, 0.0]",2.8464825153558926,3.4474191665649414,0.5906105041372234,14.444905280973538,0.6095166206149134,0.21386349573731422,0.0,0.21386349573731422,0.0
7.035139,"[10.595924377441406, 4.5, 0.0]","[25.06509017944336, 4.5, 0.0]",2.8583099842277684,3.4640417098999023,0.5913734435937901,14.456667899992016,0.6009366512090488,0.21413907408714294,0.0,0.21413907408714294,0.0
7.055822,"[10.652853965759277, 4.5, 0.0]","[25.134851455688477, 4.5, 0.0]",2.870150804539998,3.47074556350708,0.5920410156114775,14.46916580190844,0.605731725672134,0.2143685147166252,0.0,0.2143685147166252,0.0
7.074501,"[10.710020065307617, 4.5, 0.0]","[25.204008102416992, 4.5, 0.0]",2.881679773350915,3.4806964397430424,0.5764484405458514,14.481997489835603,0.6005947589670821,0.2087305299937725,0.0,0.2087305299937725,0.0
7.094305,"[10.767422676086426, 4.5, 0.0]","[25.27341079711914, 4.5, 0.0]",2.8932249546252167,3.490682363510132,0.5772590637150854,14.4939880370157,0.5990166663921275,0.20902426913380623,0.0,0.20902426913380623,0.0
7.115647,"[10.825056076049805, 4.5, 0.0]","[25.343442916870117, 4.5, 0.0]",2.9047844410142307,3.5007009506225586,0.5779743194507025,14.505988120938964,0.5974574088849152,0.2092827670276165,0.0,0.2092827670276165,0.0
7.133938,"[10.882920265197754, 4.5, 0.0]","[25.413766860961914, 4.5, 0.0]",2.916360139866315,3.5106759071350098,0.5787849426042158,14.518386840726482,0.5959165096083279,0.20957551896572113,0.0,0.20957551896572113,0.0
7.156875,"[10.94101619720459, 4.5, 0.0]","[25.484607696533203, 4.5, 0.0]",2.9279530048563354,3.520724296569824,0.5796432495010162,14.530846595670248,0.5943157672686947,0.2098914235830307,0.0,0.2098914235830307,0.0
7.174439,"[10.999343872070312, 4.5, 0.0]","[25.5560245513916, 4.5, 0.0]",2.939457178135113,3.5308544635772705,0.5752086639388754,14.54359149923462,0.5927712917134889,0.20828388631343842,0.0,0.20828388631343842,0.0
7.194626,"[11.057903289794922, 4.5, 0.0]","[25.626590728759766, 4.5, 0.0]",2.9509756565286467,3.540863513946533,0.5759239196766908,14.55668067922721,0.5913972854421576,0.20853674039244652,0.0,0.20853674039244652,0.0
7.214214,"[11.116692543029785, 4.5, 0.0]","[25.696311950683594, 4.5, 0.0]",2.9625084400368826,3.5506961345672607,0.5766391754117972,14.568687438877532,0.5898878574178865,0.20879629999399185,0.0,0.20879629999399185,0.0
7.234833,"[11.175711631774902, 4.5, 0.0]","[25.76875877380371, 4.5, 0.0]",2.974049806614044,3.560828685760499,0.5770683288580658,14.579619407566431,0.5881876945303781,0.20895974710583687,0.0,0.20895974710583687,0.0
7.255328,"[11.23496150970459, 4.5, 0.0]","[25.839740753173828, 4.5, 0.0]",2.9856045246315017,3.570755958557129,0.5777359008728888,14.593047141941351,0.586778879146455,0.20920444279909134,0.0,0.20920444279909134,0.0
7.274519,"[11.294442176818848, 4.5, 0.0]","[25.91050910949707, 4.5, 0.0]",2.997015237827213,3.580653667449951,0.5705356597855538,14.60477924338171,0.5851514339256272,0.2065836451947689,0.0,0.2065836451947689,0.0
7.294229,"[11.354154586791992, 4.5, 0.0]","[25.9821720123291, 4.5, 0.0]",3.008440256137768,3.5906765460968018,0.5712509155277656,14.616066932590627,0.5836384296227384,0.2068486623466015,0.0,0.2068486623466015,0.0
7.314115,"[11.414094924926758, 4.5, 0.0]","[26.05425262451172, 4.5, 0.0]",3.0198805332379974,3.600701332092285,0.5720138550114662,14.628017425449443,0.5822362899590336,0.20712722092866898,0.0,0.20712722092866898,0.0
7.335944,"[11.474264144897461, 4.5, 0.0]","[26.128904342651367, 4.5, 0.0]",3.031330347081464,3.6109981536865234,0.572490692173333,14.640157699483204,0.5808207988542877,0.20729655399918556,0.0,0.20729655399918556,0.0
7.355575,"[11.534661293029785, 4.5, 0.0]","[26.200401306152344, 4.5, 0.0]",3.042790651342282,3.6208596229553227,0.573015213040895,14.654640197652048,0.5796678066050593,0.20748846232891083,0.0,0.20748846232891083,0.0
7.375533,"[11.595288276672363, 4.5, 0.0]","[26.272890090942383, 4.5, 0.0]",3.054107904455476,3.6308581829071045,0.5658626556596991,14.665740013020624,0.5780689716130407,0.20490208640694618,0.0,0.20490208640694618,0.0
7.395947,"[11.656144142150879, 4.5, 0.0]","[26.345325469970703, 4.5, 0.0]",3.065435647987014,3.6408493518829346,0.5663871765769102,14.67760181414497,0.5767502784516285,0.20508559420704842,0.0,0.20508559420704842,0.0
7.414132,"[11.717226028442383, 4.5, 0.0]","[26.41684341430664, 4.5, 0.0]",3.0767729282617875,3.6506588459014893,0.566864013738666,14.689181327678005,0.5754137038959204,0.20525991916656494,0.0,0.20525991916656494,0.0
7.434178,"[11.778534889221191, 4.5, 0.0]","[26.491769790649414, 4.5, 0.0]",3.0881226063027176,3.6608529090881348,0.5674839020465061,14.69961738572234,0.5738859176397018,0.20549114793539047,0.0,0.20549114793539047,0.0
7.455049,"[11.840070724487305, 4.499999523162842, 0.0]","[26.565370559692383, 4.5, 0.0]",3.09948754313234,3.6708664894104004,0.5682468414811126,14.713234901286173,0.5727303027854171,0.20576432347297668,0.0,0.20576432347297668,0.0
7.478439,"[11.901833534240723, 4.499999046325684, 0.0]","[26.63869857788086, 4.5, 0.0]",3.1107227802547435,3.6841766834259033,0.5617618561201798,14.725299835069366,0.5713789462780605,0.20341088995337486,0.0,0.20341088995337486,0.0
7.494933,"[11.963823318481445, 4.499998569488525, 0.0]","[26.711570739746094, 4.5, 0.0]",3.1219713688174924,3.687424182891846,0.5624294281374453,14.736865043502286,0.5734539031711599,0.20365223288536072,0.0,0.20365223288536072,0.0
7.51586,"[12.02603816986084, 4.499998092651367, 0.0]","[26.785171508789062, 4.5, 0.0]",3.133232355146232,3.704049825668335,0.563049316436981,14.74774742112467,0.5654528140743538,0.20387200638651848,0.0,0.20387200638651848,0.0
7.534812,"[12.08847713470459, 4.499997615814209, 0.0]","[26.860713958740234, 4.5, 0.0]",3.1445038318922958,3.7075226306915283,0.5635738373031884,14.759133338786109,0.570817470522103,0.2040732093155384,0.0,0.2040732093155384,0.0
7.554948,"[12.151142120361328, 4.499997138977051, 0.0]","[26.934925079345703, 4.5, 0.0]",3.1557857990556544,3.724151134490967,0.5640983581679304,14.77223682389138,0.5630187987992326,0.2042589895427227,0.0,0.2042589895427227,0.0
7.57442,"[12.214032173156738, 4.499996662139893, 0.0]","[27.00852394104004, 4.5, 0.0]",3.1670134067828624,3.7273628711700444,0.5613803863603994,14.783782958837973,0.5683653354353124,0.20328160375356674,0.0,0.20328160375356674,0.0
7.594285,"[12.277148246765137, 4.499996185302734, 0.0]","[27.082773208618164, 4.5, 0.0]",3.178250551253212,3.7439966201782227,0.5618572235174923,14.794491767734769,0.560349464387182,0.20345300436019897,0.0,0.20345300436019897,0.0
7.615963,"[12.34048843383789, 4.499995708465576, 0.0]","[27.15756607055664, 4.5, 0.0]",3.189497232466833,3.7473151683807373,0.5623340606810467,14.805624961702362,0.5657460689250104,0.2036166749894619,0.0,0.2036166749894619,0.0
7.634897,"[12.404053688049316, 4.499995231628418, 0.0]","[27.233423233032227, 4.5, 0.0]",3.2007534504236523,3.7640295028686523,0.5628108978409596,14.81707763656595,0.5578179359139042,0.2037854865193367,0.0,0.2037854865193367,0.0
7.654474,"[12.467844009399414, 4.49999475479126, 0.0]","[27.30830955505371, 4.5, 0.0]",3.212017297774908,3.7672810554504395,0.5631923675627926,14.829369544827967,0.563276052445,0.20392799749970436,0.0,0.20392799749970436,0.0
7.67411,"[12.531859397888184, 4.499994277954102, 0.0]","[27.383813858032227, 4.5, 0.0]",3.223020792037545,3.7839488983154297,0.5501747131318346,14.84046554549722,0.5552637576755313,0.19922059029340744,0.0,0.19922059029340744,0.0
7.694149,"[12.596099853515625, 4.499993801116943, 0.0]","[27.45970916748047, 4.5, 0.0]",3.234034776717653,3.7873339653015137,0.550699234005414,14.85195445998483,0.5609281062778848,0.19940223544836044,0.0,0.19940223544836044,0.0
7.714256,"[12.660560607910156, 4.499993324279785, 0.0]","[27.535558700561523, 4.5, 0.0]",3.245058298140975,3.8039944171905518,0.5511760711660818,14.863609313803494,0.5532991885838605,0.19958140328526497,0.0,0.19958140328526497,0.0
7.734896,"[12.725241661071777, 4.499992847442627, 0.0]","[27.6115779876709, 4.5, 0.0]",3.256091356307427,3.8072645664215092,0.5516529083226196,14.874998092487882,0.558936119049577,0.19975842908024788,0.0,0.19975842908024788,0.0
7.755196,"[12.790143013000488, 4.499992370605469, 0.0]","[27.688884735107422, 4.5, 0.0]",3.267133951217132,3.8240370750427246,0.5521297454852414,14.886336326433502,0.551173210114082,0.1999334990978241,0.0,0.1999334990978241,0.0
7.777342,"[12.855264663696289, 4.4999918937683105, 0.0]","[27.76491928100586, 4.5, 0.0]",3.278209924728077,3.8273093700408936,0.5537986755472568,14.89874172193917,0.5569031238255926,0.2005244977772236,0.0,0.2005244977772236,0.0
7.79459,"[12.920607566833496, 4.499991416931152, 0.0]","[27.841550827026367, 4.5, 0.0]",3.2892944813078646,3.843993663787842,0.5542278289893732,14.909654617139674,0.5490994453128164,0.20069273188710213,0.0,0.20069273188710213,0.0
7.814548,"[12.98617172241211, 4.499990940093994, 0.0]","[27.91885757446289, 4.5, 0.0]",3.3003885746307136,3.847378969192505,0.5547046661424471,14.920943260020842,0.5546991824799772,0.20085887983441353,0.0,0.20085887983441353,0.0
7.834451,"[13.051958084106445, 4.499990463256836, 0.0]","[27.996196746826172, 4.5, 0.0]",3.3114922046967794,3.864025354385376,0.5551815033032925,14.932685851876613,0.5469903945617913,0.20102282986044884,0.0,0.20102282986044884,0.0
7.85471,"[13.117965698242188, 4.499989986419678, 0.0]","[28.073549270629883, 4.5, 0.0]",3.3226044178309726,3.8673391342163086,0.5556106567096597,14.944238662543423,0.5525331496885966,0.20118439570069313,0.0,0.20118439570069313,0.0
7.87479,"[13.184195518493652, 4.4999895095825195, 0.0]","[28.151531219482422, 4.5, 0.0]",3.333479166060594,3.884068489074707,0.54373741148106,14.955583572209257,0.544734716385336,0.19687945023179054,0.0,0.19687945023179054,0.0
7.895221,"[13.25064754486084, 4.499989032745361, 0.0]","[28.22846221923828, 4.5, 0.0]",3.344363451033588,3.887328147888184,0.5442142486496993,14.967335700827439,0.5505893230141132,0.19706673920154572,0.0,0.19706673920154572,0.0
7.914517,"[13.317317008972168, 4.499988555908203, 0.0]","[28.306703567504883, 4.5, 0.0]",3.3552582264241146,3.904038667678833,0.5447387695263428,14.977814674194736,0.5429646968545963,0.1972506009042263,0.0,0.1972506009042263,0.0
7.934074,"[13.384203910827637, 4.499988079071045, 0.0]","[28.386171340942383, 4.5, 0.0]",3.366163492232147,3.9074947834014893,0.5452632904016097,14.989386558367398,0.5487804412547184,0.1974310539662838,0.0,0.1974310539662838,0.0
7.955374,"[13.451309204101562, 4.499987602233887, 0.0]","[28.46492576599121, 4.5, 0.0]",3.3770782947834084,3.9241943359375,0.5457401275630769,15.00196742992776,0.5413312911693424,0.19760798662900925,0.0,0.19760798662900925,0.0
7.974092,"[13.518632888793945, 4.4999871253967285, 0.0]","[28.54184341430664, 4.5, 0.0]",3.388039827376724,3.92732572555542,0.5480766296657835,15.013616561700523,0.5471160411540916,0.19845033064484596,0.0,0.19845033064484596,0.0
7.994776,"[13.586174011230469, 4.49998664855957, 0.0]","[28.62067985534668, 4.5, 0.0]",3.3990099430383616,3.944035768508911,0.5485057830818763,15.023210525321451,0.5392858981786959,0.1986156590282917,0.0,0.1986156590282917,0.0
8.016849,"[13.653934478759766, 4.499986171722412, 0.0]","[28.699512481689453, 4.5, 0.0]",3.409989595443734,3.950693130493164,0.5489826202686121,15.034505843933008,0.5450258254705496,0.19877763465046883,0.0,0.19877763465046883,0.0
8.034926,"[13.721914291381836, 4.499985694885254, 0.0]","[28.77862548828125, 4.5, 0.0]",3.42097783091708,3.960644483566284,0.5494117736673187,15.045578002734176,0.5407035350494303,0.19893627613782883,0.0,0.19893627613782883,0.0
8.054429,"[13.790114402770996, 4.499985218048096, 0.0]","[28.858043670654297, 4.5, 0.0]",3.4319746494600074,3.9706342220306396,0.5498409271463611,15.056711196712085,0.539666652649204,0.1990916207432747,0.0,0.1990916207432747,0.0
8.074184,"[13.85853385925293, 4.4999847412109375, 0.0]","[28.937488555908203, 4.5, 0.0]",3.4428131580656816,3.9806272983551025,0.5419254302837073,15.067929267683523,0.5386595725706322,0.19622551277279854,0.0,0.19622551277279854,0.0
8.094951,"[13.927173614501953, 4.499984264373779, 0.0]","[29.01738166809082, 4.5, 0.0]",3.4536612034153635,3.9906766414642334,0.5424022674840989,15.07895469646382,0.537814140289421,0.1963954046368599,0.0,0.1963954046368599,0.0
8.11738,"[13.9960298538208, 4.499983787536621, 0.0]","[29.097084045410156, 4.5, 0.0]",3.4645149708102836,4.000652313232422,0.5426883697460028,15.090208053384824,0.5370154380488699,0.1964983530342579,0.0,0.1964983530342579,0.0
8.134249,"[14.065103530883789, 4.499983310699463, 0.0]","[29.17800521850586, 4.5, 0.0]",3.4753715992288567,4.01070499420166,0.5428314209286578,15.101054191393775,0.5361373424221383,0.19655147567391396,0.0,0.19655147567391396,0.0
8.154787,"[14.134393692016602, 4.499982833862305, 0.0]","[29.257770538330078, 4.5, 0.0]",3.4862320423438886,4.020613670349121,0.5430221557515935,15.112901687413757,0.5353333949728034,0.1966242678463459,0.0,0.1966242678463459,0.0
8.174,"[14.203901290893555, 4.4999823570251465, 0.0]","[29.33856773376465, 4.5, 0.0]",3.4970028400738373,4.0306501388549805,0.5385398864974356,15.123376846113768,0.5343816280052325,0.1950094848871231,0.0,0.1950094848871231,0.0
8.195639,"[14.273626327514648, 4.499981880187988, 0.0]","[29.419775009155273, 4.5, 0.0]",3.507780313523123,4.040738582611084,0.5388736724642795,15.134666442658519,0.5336472987811431,0.1951296254992485,0.0,0.1951296254992485,0.0
8.217389,"[14.343565940856934, 4.49998140335083, 0.0]","[29.50030517578125, 4.5, 0.0]",3.5185654163672444,4.050692081451417,0.5392551422060743,15.146148681425915,0.5329582690879611,0.19526371732354164,0.0,0.19526371732354164,0.0
8.23387,"[14.413721084594727, 4.499980926513672, 0.0]","[29.581445693969727, 4.5, 0.0]",3.5293581486059393,4.060647964477539,0.5396366119347462,15.156739234718419,0.5321266650841725,0.19540885463356972,0.0,0.19540885463356972,0.0
8.254763,"[14.484092712402344, 4.499980449676514, 0.0]","[29.663198471069336, 4.5, 0.0]",3.540159463913666,4.070679187774658,0.5400657653863439,15.167724609167042,0.5312898158715997,0.1955622248351574,0.0,0.1955622248351574,0.0
8.276704,"[14.554679870605469, 4.4999799728393555, 0.0]","[29.745159149169922, 4.5, 0.0]",3.5508873462988455,4.080735683441162,0.536394119258965,15.179105758456968,0.530519723860992,0.19422221928834915,0.0,0.19422221928834915,0.0
8.294715,"[14.625482559204102, 4.499979496002197, 0.0]","[29.826129913330078, 4.5, 0.0]",3.5616209507294845,4.090670585632324,0.5366802215319488,15.190479278352365,0.5298483371423166,0.1943308487534523,0.0,0.1943308487534523,0.0
8.314437,"[14.696500778198242, 4.499979019165039, 0.0]","[29.908235549926758, 4.5, 0.0]",3.5723583698576404,4.100695610046387,0.5368709564077978,15.200647353911833,0.5290496349028397,0.19439371302723885,0.0,0.19439371302723885,0.0
8.334307,"[14.767733573913574, 4.499978542327881, 0.0]","[29.990646362304688, 4.5, 0.0]",3.5831005573574712,4.110684871673584,0.5371093749915401,15.211734771523329,0.5283372401887463,0.19447853788733482,0.0,0.19447853788733482,0.0
8.354557,"[14.839180946350098, 4.499978065490723, 0.0]","[30.072925567626953, 4.5, 0.0]",3.593848466903131,4.120657920837402,0.5373954772829981,15.222912788183931,0.5275843143161127,0.1945829577744007,0.0,0.1945829577744007,0.0
8.374773,"[14.910842895507812, 4.4999775886535645, 0.0]","[30.155332565307617, 4.5, 0.0]",3.604523897200829,4.130646705627441,0.5337715148848954,15.233744621067684,0.5268094539342711,0.19328290596604347,0.0,0.19328290596604347,0.0
8.395151,"[14.982719421386719, 4.499977111816406, 0.0]","[30.237865447998047, 4.5, 0.0]",3.6152079105674324,4.140650749206543,0.5342006683301648,15.244489669588642,0.5261228084266123,0.19342707470059395,0.0,0.19342707470059395,0.0
8.414175,"[15.0548095703125, 4.499976634979248, 0.0]","[30.320796966552734, 4.5, 0.0]",3.6259005070028434,4.1506547927856445,0.5346298217705492,15.255146026398176,0.5254428386391106,0.1935809850692749,0.0,0.1935809850692749,0.0
8.43393,"[15.127113342285156, 4.49997615814209, 0.0]","[30.4041690826416, 4.5, 0.0]",3.636597871810003,4.1639723777771,0.5348682403579774,15.265987396025091,0.5247542857828011,0.19367795437574387,0.0,0.19367795437574387,0.0
8.45875,"[15.199631690979004, 4.499975681304932, 0.0]","[30.487871170043945, 4.5, 0.0]",3.6472980976400367,4.167330265045166,0.5350112915016858,15.277055740139307,0.5273745059670967,0.19373223185539246,0.0,0.19373223185539246,0.0
8.474214,"[15.272363662719727, 4.499975204467773, 0.0]","[30.571453094482422, 4.5, 0.0]",3.657928705245171,4.184006214141846,0.5315303802567284,15.28823947884581,0.5200321674051294,0.19246725365519524,0.0,0.19246725365519524,0.0
8.49643,"[15.345309257507324, 4.499974727630615, 0.0]","[30.65492820739746, 4.5, 0.0]",3.6685650348962553,4.187337398529053,0.5318164825542038,15.299089431541573,0.5260775088966745,0.1925765722990036,0.0,0.1925765722990036,0.0
8.514549,"[15.41846752166748, 4.499974250793457, 0.0]","[30.739049911499023, 4.5, 0.0]",3.679208993941953,4.204029560089111,0.5321979522848963,15.309618949667025,0.5187723636327974,0.19270621240139008,0.0,0.19270621240139008,0.0
8.534456,"[15.491838455200195, 4.499973773956299, 0.0]","[30.82334327697754, 4.5, 0.0]",3.689860582382034,4.207338809967041,0.5325794220040425,15.32058238960644,0.5248205661471581,0.19284430891275406,0.0,0.19284430891275406,0.0
8.554902,"[15.565423011779785, 4.499973297119141, 0.0]","[30.907798767089844, 4.5, 0.0]",3.700520753890909,4.223999977111816,0.5330085754437386,15.331504821550249,0.517478227585007,0.19299523904919624,0.0,0.19299523904919624,0.0
8.574378,"[15.639220237731934, 4.499972820281982, 0.0]","[30.99237823486328, 4.5, 0.0]",3.711187601120047,4.2273430824279785,0.5333423614569011,15.342375755080973,0.5234792232209076,0.19311418756842613,0.0,0.19311418756842613,0.0
8.597153,"[15.713231086730957, 4.499972343444824, 0.0]","[31.076740264892578, 4.5, 0.0]",3.7218573093721505,4.243992805480957,0.5334854126051836,15.353157996900269,0.5161554813079317,0.193165373057127,0.0,0.193165373057127,0.0
8.61442,"[15.787454605102539, 4.499971866607666, 0.0]","[31.16183853149414, 4.5, 0.0]",3.73253083232151,4.247349739074707,0.5336761474679763,15.363509177928556,0.5221354961088065,0.1932406984269619,0.0,0.1932406984269619,0.0
8.634001,"[15.861891746520996, 4.499971389770508, 0.0]","[31.246999740600586, 4.5, 0.0]",3.7432091236423557,4.263976573944092,0.5339145660422817,15.374383926156545,0.514818906753197,0.19333714619278908,0.0,0.19333714619278908,0.0
8.655505,"[15.936541557312012, 4.49997091293335, 0.0]","[31.332670211791992, 4.5, 0.0]",3.7538940906834037,4.267330169677734,0.5342483520524022,15.385107993842542,0.5207674503017361,0.19345106557011604,0.0,0.19345106557011604,0.0
8.674851,"[16.01140594482422, 4.499970436096191, 0.0]","[31.419118881225586, 4.5, 0.0]",3.7643787861181224,4.284107685089111,0.5242347717359319,15.39612865424094,0.5134360789943306,0.1898280717432499,0.0,0.1898280717432499,0.0
8.697108,"[16.086483001708984, 4.499969959259033, 0.0]","[31.505529403686523, 4.5, 0.0]",3.7748692035985987,4.287548065185547,0.524520874023815,15.40771293616033,0.519728898970989,0.18992841243743896,0.0,0.18992841243743896,0.0
8.714567,"[16.16176986694336, 4.499969482421875, 0.0]","[31.59173583984375, 4.5, 0.0]",3.785363435776952,4.30424690246582,0.5247116089176718,15.419046401734505,0.5126788615869482,0.1899884082376957,0.0,0.1899884082376957,0.0
8.733953,"[16.237266540527344, 4.499969005584717, 0.0]","[31.6774845123291, 4.5, 0.0]",3.795862436326709,4.307494163513184,0.5249500274878471,15.429965972655365,0.5188834666888682,0.19007457420229912,0.0,0.19007457420229912,0.0
8.75728,"[16.312973022460938, 4.499968528747559, 0.0]","[31.76388168334961, 4.5, 0.0]",3.806367158922242,4.324148178100586,0.5252361297766406,15.44021797154227,0.5116317271864745,0.19018342718482018,0.0,0.19018342718482018,0.0
8.774588,"[16.38888931274414, 4.4999680519104, 0.0]","[31.850635528564453, 4.5, 0.0]",3.816962480577804,4.327511310577393,0.5297660827781048,15.450908660627125,0.5177810191783441,0.19183512777090073,0.0,0.19183512777090073,0.0
8.794626,"[16.465017318725586, 4.499967575073242, 0.0]","[31.937393188476562, 4.5, 0.0]",3.827561616930494,4.344207286834717,0.5299568176345026,15.461746215556705,0.5105488299995886,0.1919030211865902,0.0,0.1919030211865902,0.0
8.81779,"[16.541357040405273, 4.499967098236084, 0.0]","[32.02276611328125, 4.5, 0.0]",3.8381626606319106,4.34736442565918,0.5300521850708284,15.47237586948531,0.5166456699042228,0.19193513318896294,0.0,0.19193513318896294,0.0
8.834262,"[16.617908477783203, 4.499966621398926, 0.0]","[32.11177062988281, 4.5, 0.0]",3.8487675190305817,4.364202499389648,0.5302429199335545,15.481409072608264,0.5092017650272691,0.1919972337782383,0.0,0.1919972337782383,0.0
8.855809,"[16.694671630859375, 4.499966144561768, 0.0]","[32.199344635009766, 4.5, 0.0]",3.859377145800914,4.367544651031494,0.5304813385166085,15.493862151829823,0.5154349803590668,0.192085113376379,0.0,0.192085113376379,0.0
8.874,"[16.771648406982422, 4.499965667724609, 0.0]","[32.28509521484375, 4.5, 0.0]",3.8697922230105184,4.3840107917785645,0.5207538604802275,15.504673003878544,0.5081675052305803,0.18856346607208252,0.0,0.18856346607208252,0.0
8.895467,"[16.848834991455078, 4.499965190887451, 0.0]","[32.37438201904297, 4.5, 0.0]",3.8802120685916703,4.387548923492432,0.5209922790575972,15.513446807587439,0.5142185687680461,0.18865056335926056,0.0,0.18865056335926056,0.0
8.915072,"[16.926231384277344, 4.499964714050293, 0.0]","[32.46060562133789, 4.5, 0.0]",3.8906328678471254,4.404023170471191,0.5210399627727513,15.52554702731193,0.5073368549007613,0.18867375329136848,0.0,0.18867375329136848,0.0
8.934247,"[17.003835678100586, 4.499964237213135, 0.0]","[32.549007415771484, 4.5, 0.0]",3.9010593891484975,4.410679340362549,0.5213260650686058,15.53437423678254,0.513390302624066,0.18876923248171806,0.0,0.18876923248171806,0.0
8.954454,"[17.081647872924805, 4.499963760375977, 0.0]","[32.637046813964844, 4.5, 0.0]",3.911492586170613,4.420626640319824,0.5216598511057713,15.545171737377387,0.5096199512140513,0.18889222294092178,0.0,0.18889222294092178,0.0
8.974126,"[17.159669876098633, 4.499963283538818, 0.0]","[32.72538757324219, 4.5, 0.0]",3.9220163822525183,4.430608749389648,0.5261898040952673,15.555398940744404,0.5091340541492113,0.19052783027291298,0.0,0.19052783027291298,0.0
8.994367,"[17.237899780273438, 4.49996280670166, 0.0]","[32.81615447998047, 4.5, 0.0]",3.932541132008743,4.4408650398254395,0.526237487811243,15.565717696845793,0.5085923671371302,0.19055113196372986,0.0,0.19055113196372986,0.0
9.015386,"[17.31633949279785, 4.499962329864502, 0.0]","[32.904476165771484, 4.5, 0.0]",3.9430687427883724,4.450798034667969,0.5263805389814635,15.578254699407124,0.5083239078166963,0.1906086876988411,0.0,0.1906086876988411,0.0
9.036733,"[17.394990921020508, 4.499961853027344, 0.0]","[32.99226379394531, 4.5, 0.0]",3.9536011219399403,4.460607051849366,0.5266189575783953,15.58813667264333,0.5077292918795964,0.1906954124569893,0.0,0.1906954124569893,0.0
9.054463,"[17.473852157592773, 4.4999613761901855, 0.0]","[33.08180618286133, 4.5, 0.0]",3.964140176811455,4.470611572265625,0.526952743575726,15.59727287259225,0.5070059299094258,0.19080571830272675,0.0,0.19080571830272675,0.0
9.074266,"[17.55292510986328, 4.499960899353027, 0.0]","[33.17194366455078, 4.5, 0.0]",3.9745657444391824,4.480682849884033,0.5212783813863808,15.607954024933731,0.5064713954541702,0.18874766305088997,0.0,0.18874766305088997,0.0
9.094994,"[17.6322078704834, 4.499960422515869, 0.0]","[33.261497497558594, 4.5, 0.0]",3.9849932194161615,4.490688800811768,0.5213737488489523,15.619018554335643,0.5061171054448508,0.188793633133173,0.0,0.188793633133173,0.0
9.114263,"[17.711698532104492, 4.499959945678711, 0.0]","[33.351444244384766, 4.5, 0.0]",3.995424509090093,4.5006937980651855,0.5215644836965794,15.629289626735835,0.5056955813956061,0.1888526789844036,0.0,0.1888526789844036,0.0
9.134392,"[17.791399002075195, 4.499959468841553, 0.0]","[33.443511962890625, 4.5, 0.0]",4.005861759228852,4.51086711883545,0.5218625069379312,15.639745711938646,0.5052692889750925,0.18897319212555885,0.0,0.18897319212555885,0.0
9.156726,"[17.871307373046875, 4.4999589920043945, 0.0]","[33.53352355957031, 4.5, 0.0]",4.016302585645953,4.52081298828125,0.522041320855049,15.65211296042577,0.5050053596065984,0.1890331692993641,0.0,0.1890331692993641,0.0
9.17518,"[17.951425552368164, 4.499958515167236, 0.0]","[33.62322235107422, 4.5, 0.0]",4.026693820998361,4.53072452545166,0.5195617676204023,15.662216186162222,0.5045104026352973,0.18813971430063248,0.0,0.18813971430063248,0.0
9.194718,"[18.03175163269043, 4.499958038330078, 0.0]","[33.715091705322266, 4.5, 0.0]",4.037088871047625,4.5408759117126465,0.519752502463211,15.671796798342513,0.5040307044532994,0.18820900470018387,0.0,0.18820900470018387,0.0
9.21535,"[18.112285614013672, 4.49995756149292, 0.0]","[33.80632019042969, 4.5, 0.0]",4.047489643142649,4.550909519195557,0.5200386047512051,15.683340072265946,0.5037870406650216,0.18830668181180954,0.0,0.18830668181180954,0.0
9.237307,"[18.19302749633789, 4.499957084655762, 0.0]","[33.89719009399414, 4.5, 0.0]",4.057894229935116,4.560840606689453,0.5202293396233681,15.694034576047788,0.5034198760529076,0.188363716006279,0.0,0.188363716006279,0.0
9.254575,"[18.273977279663086, 4.4999566078186035, 0.0]","[33.98707580566406, 4.5, 0.0]",4.068300724075996,4.570664405822754,0.5203247070439954,15.70416259728569,0.5029463767543367,0.18839163705706596,0.0,0.18839163705706596,0.0
9.274904,"[18.355134963989258, 4.499956130981445, 0.0]","[34.08039855957031, 4.5, 0.0]",4.078670978592692,4.5808634757995605,0.5185127258347855,15.713098525628096,0.5023636817467576,0.18776115030050278,0.0,0.18776115030050278,0.0
9.294047,"[18.436500549316406, 4.499955654144287, 0.0]","[34.1702880859375, 4.5, 0.0]",4.08904695515556,4.590687274932862,0.5187988281433853,15.72526359520582,0.5021924972068685,0.18785864114761353,0.0,0.18785864114761353,0.0
9.314333,"[18.51807403564453, 4.499955177307129, 0.0]","[34.26242446899414, 4.5, 0.0]",4.099426746415576,4.600712776184082,0.5189895630008046,15.733787536243545,0.5016403197773025,0.18791625276207924,0.0,0.18791625276207924,0.0
9.334453,"[18.599855422973633, 4.499954700469971, 0.0]","[34.356502532958984, 4.5, 0.0]",4.109808445024009,4.6108832359313965,0.5190849304216538,15.744350432969723,0.5012860297685062,0.18794527277350426,0.0,0.18794527277350426,0.0
9.354923,"[18.68184471130371, 4.4999542236328125, 0.0]","[34.44866943359375, 4.5, 0.0]",4.120192050981256,4.624180793762207,0.5191802978623539,15.75664710960311,0.5010747909073876,0.1880095899105072,0.0,0.1880095899105072,0.0
9.374532,"[18.764039993286133, 4.499953746795654, 0.0]","[34.5394287109375, 4.5, 0.0]",4.130537522258811,4.627326011657716,0.5172735638777404,15.766824721905465,0.5039887427809511,0.18730349838733673,0.0,0.18730349838733673,0.0
9.394817,"[18.84644317626953, 4.499953269958496, 0.0]","[34.63197326660156, 4.5, 0.0]",4.140881706361966,4.6439971923828125,0.5172092051577426,15.775388717264477,0.49678848939890496,0.18736330792307854,0.0,0.18736330792307854,0.0
9.415077,"[18.929054260253906, 4.4999470710754395, 0.0]","[34.724639892578125, 4.5, 0.0]",4.151216964361492,4.647305965423584,0.5167628999763085,15.785530089958687,0.5031154860208469,0.18739430233836174,0.0,0.18739430233836174,0.0
9.434197,"[19.011871337890625, 4.499900817871094, 0.0]","[34.817909240722656, 4.5, 0.0]",4.1615393234957745,4.663947582244873,0.516117956714135,15.795585631397214,0.4960890010620922,0.1874605379998684,0.0,0.1874605379998684,0.0
9.454758,"[19.09489631652832, 4.499788761138916, 0.0]","[34.912052154541016, 4.5, 0.0]",4.171843802609085,4.6673502922058105,0.5152239556655225,15.806037891185099,0.5024082587490986,0.18749281764030457,0.0,0.18749281764030457,0.0
9.477525,"[19.17812728881836, 4.499587535858154, 0.0]","[35.00522994995117, 4.5, 0.0]",4.182021153564854,4.683981895446777,0.5088675477884497,15.817155746897944,0.4955064895967256,0.1855599321424961,0.0,0.1855599321424961,0.0
9.494482,"[19.261564254760742, 4.499277114868164, 0.0]","[35.099422454833984, 4.5, 0.0]",4.192174878046709,4.687389373779297,0.5076862240927404,15.827102224070453,0.5019607418819234,0.18562309443950653,0.0,0.18562309443950653,0.0
9.514357,"[19.345203399658203, 4.498839378356934, 0.0]","[35.19308853149414, 4.5, 0.0]",4.202295105328166,4.704030513763428,0.506011364072867,15.837856708943914,0.49521449573258813,0.18571298569440842,0.0,0.18571298569440842,0.0
9.533901,"[19.429044723510742, 4.498255729675293, 0.0]","[35.28684997558594, 4.5, 0.0]",4.21238219613082,4.70728635787964,0.5043545401326899,15.847881069786615,0.5017354084352617,0.18578078597784042,0.0,0.18578078597784042,0.0
9.555309,"[19.513086318969727, 4.497499465942383, 0.0]","[35.38349533081055, 4.5, 0.0]",4.222429758597694,4.724179267883301,0.5023781233437052,15.857795797687906,0.4949041617488197,0.18581539392471313,0.0,0.18581539392471313,0.0
9.574672,"[19.597328186035156, 4.4965500831604, 0.0]","[35.47728729248047, 4.5, 0.0]",4.232556173341448,4.727438449859619,0.5063207371876821,15.870389296908375,0.5017495092856068,0.18793387338519096,0.0,0.18793387338519096,0.0
9.598497,"[19.6817684173584, 4.495387077331543, 0.0]","[35.57248306274414, 4.5, 0.0]",4.242648154264278,4.744178295135498,0.5045990461415073,15.879921386852997,0.4948822765181715,0.1879122294485569,0.0,0.1879122294485569,0.0
9.614266,"[19.766408920288086, 4.493993282318115, 0.0]","[35.66596603393555, 4.5, 0.0]",4.252706451818936,4.747361660003662,0.5029148777329073,15.890647283822487,0.5015301408712203,0.1879381574690342,0.0,0.1879381574690342,0.0
9.636874,"[19.851245880126953, 4.492353916168213, 0.0]","[35.7626838684082, 4.5, 0.0]",4.262716710928308,4.764155387878418,0.5005129554686238,15.899443520779895,0.4946552081847262,0.18794089555740356,0.0,0.18794089555740356,0.0
9.654996,"[19.936279296875, 4.49045467376709, 0.0]","[35.85649490356445, 4.5, 0.0]",4.272697504213022,4.767312049865723,0.4990396642357009,15.911255483024352,0.5014386769501096,0.18792971968650818,0.0,0.18792971968650818,0.0
9.675116,"[20.02150535583496, 4.488275527954102, 0.0]","[35.952239990234375, 4.5, 0.0]",4.282511082771073,4.784004211425781,0.49067892790253254,15.919934399341109,0.49461454565270024,0.1853204146027565,0.0,0.1853204146027565,0.0
9.694622,"[20.106924057006836, 4.485805988311768, 0.0]","[36.04784393310547, 4.5, 0.0]",4.292302014960001,4.787348747253418,0.4895466094463785,15.930315993321644,0.5014931286547082,0.18535148352384567,0.0,0.18535148352384567,0.0
9.714175,"[20.192529678344727, 4.483037948608398, 0.0]","[36.14358139038086, 4.5, 0.0]",4.302068565206236,4.803997993469238,0.4883275123117592,15.94031537535718,0.49504673229341734,0.18536701798439026,0.0,0.18536701798439026,0.0
9.73378,"[20.2783203125, 4.479961395263672, 0.0]","[36.23948287963867, 4.5, 0.0]",4.311781299527813,4.807270050048828,0.4856367160788633,15.950202160638778,0.5019294282630025,0.18536509945988655,0.0,0.18536509945988655,0.0
9.754251,"[20.364294052124023, 4.476565361022949, 0.0]","[36.3362922668457, 4.5, 0.0]",4.32145607456832,4.823968410491943,0.4837387520253422,15.959996984422142,0.49548875052101504,0.18535451963543892,0.0,0.18535451963543892,0.0
9.773962,"[20.450448989868164, 4.472829818725586, 0.0]","[36.43274688720703, 4.5, 0.0]",4.3312446217585805,4.827297210693359,0.4894273595130283,15.970432393747352,0.5025123359236234,0.18805118277668953,0.0,0.18805118277668953,0.0
9.797407,"[20.536781311035156, 4.4687418937683105, 0.0]","[36.53009796142578, 4.5, 0.0]",4.340996911016141,4.844051837921143,0.4876144628780388,15.980232001653762,0.4960525889347789,0.1880078762769699,0.0,0.1880078762769699,0.0
9.815023,"[20.623291015625, 4.464290142059326, 0.0]","[36.627845764160156, 4.5, 0.0]",4.350713037997819,4.847471714019775,0.48580634908388376,15.990633921368447,0.5030549269050013,0.1879590004682541,0.0,0.1879590004682541,0.0
9.834505,"[20.709976196289062, 4.459462642669678, 0.0]","[36.72426223754883, 4.5, 0.0]",4.2904226839456605,4.86402702331543,-3.0145177026079217,16.001120491775346,0.49675867602195645,0.1879117265343666,0.0,0.1879117265343666,0.0
9.855131,"[20.79683494567871, 4.454247951507568, 0.0]","[36.82354736328125, 4.5, 0.0]",4.232438567222654,4.8708767890930185,-2.8992058361503315,16.00994656049346,0.5736043393697692,0.1878620870411396,0.0,0.1878620870411396,0.0
9.874946,"[20.8825626373291, 4.450544834136963, 0.0]","[36.92086410522461, 4.5, 0.0]",4.258941306215466,4.8775248527526855,1.3251369496406262,16.021291964635612,0.6384382218703646,0.5758427083492279,0.0,0.5758427083492279,0.0
9.894784,"[20.967180252075195, 4.448227882385254, 0.0]","[37.01667404174805, 4.5, 0.0]",4.287095110469421,4.894017696380615,1.407690212697732,16.032113384049957,0.6185835465372191,0.5688299611210823,0.0,0.5688299611210823,0.0
9.916345,"[21.052270889282227, 4.444357395172119, 0.0]","[37.11652374267578, 4.5, 0.0]",4.315574141564368,4.897549152374268,1.4239515547473491,16.04294425148612,0.6069225859111942,0.5585897713899612,0.0,0.5585897713899612,0.0
9.934571,"[21.137876510620117, 4.439512729644775, 0.0]","[37.212913513183594, 4.5, 0.0]",4.3444216906990505,4.91400146484375,1.442377456734123,16.057012539130234,0.5819750108098996,0.556306466460228,0.0,0.556306466460228,0.0
9.955367,"[21.224008560180664, 4.433964729309082, 0.0]","[37.311885833740234, 4.5, 0.0]",4.37342054757108,4.917383193969727,1.4499428436014927,16.06679479816183,0.5695797741446995,0.5526972562074661,0.0,0.5526972562074661,0.0
9.974345,"[21.310680389404297, 4.427830219268799, 0.0]","[37.410400390625, 4.5, 0.0]",4.402574842212454,4.934050559997559,1.4577147320686823,16.07832064993687,0.5439626463986462,0.5505470559000969,0.0,0.5505470559000969,0.0
9.993975,"[21.39789390563965, 4.421162128448486, 0.0]","[37.508419036865234, 4.5, 0.0]",4.431900984693553,4.93733549118042,1.4663071240549552,16.0885317390896,0.5314757177851046,0.5495147407054901,0.0,0.5495147407054901,0.0
10.017002,"[21.485652923583984, 4.413984775543213, 0.0]","[37.60710906982422, 4.5, 0.0]",4.461407263432462,4.953980445861816,1.4753139369454438,16.097379659113514,0.5054345064868668,0.5494025349617004,0.0,0.5494025349617004,0.0
10.033559,"[21.573957443237305, 4.406310081481934, 0.0]","[37.706363677978516, 4.5, 0.0]",4.491094330956898,4.957289695739747,1.484353376221792,16.106018269715776,0.49257318242935444,0.549955777823925,0.0,0.549955777823925,0.0
10.054989,"[21.662811279296875, 4.39814567565918, 0.0]","[37.80669021606445, 4.5, 0.0]",4.520952283116468,4.974039077758789,1.4928976079785272,16.114334279666252,0.4661953647828492,0.5509622022509575,0.0,0.5509622022509575,0.0
10.074469,"[21.752216339111328, 4.3895039558410645, 0.0]","[37.90605545043945, 4.5, 0.0]",4.575666440682393,4.977359771728516,2.735707878296223,16.122823409159192,0.4530867946423207,1.0,0.0,1.0,0.0
10.095052,"[21.84217643737793, 4.380398750305176, 0.0]","[38.005428314208984, 4.5, 0.0]",4.630431949290481,4.994012832641602,2.738275430404391,16.12944597555768,0.4016933310461228,1.0,0.0,1.0,0.0
10.11729,"[21.933183670043945, 4.370790958404541, 0.0]","[38.105403900146484, 4.5, 0.0]",4.685233799067292,4.997354030609131,2.740092488840551,16.13515980711185,0.36358088335112093,1.0,0.0,1.0,0.0
10.134002,"[22.025239944458008, 4.36068868637085, 0.0]","[38.20549392700195, 4.5, 0.0]",4.740062251350852,5.013979434967041,2.741422614178024,16.14004460387657,0.3121202315418392,1.0,0.0,1.0,0.0
10.156385,"[22.118343353271484, 4.350094795227051, 0.0]","[38.30619430541992, 4.5, 0.0]",4.7949106976018,5.017333507537843,2.742422312547399,16.143595945682684,0.2739171836161889,1.0,0.0,1.0,0.0
10.174479,"[22.212493896484375, 4.339008331298828, 0.0]","[38.40652084350586, 4.5, 0.0]",4.84977446107096,5.033982276916504,2.743188173458,16.14629744164618,0.22242280993604258,1.0,0.0,1.0,0.0
10.194394,"[22.307689666748047, 4.327425956726074, 0.0]","[38.50800323486328, 4.5, 0.0]",4.904649611166071,5.037413597106934,2.7437575047555285,16.147151324951633,0.1842078158455438,1.0,0.0,1.0,0.0
10.214823,"[22.403928756713867, 4.315341949462891, 0.0]","[38.608734130859375, 4.5, 0.0]",4.959533879430764,5.054062366485596,2.744213413234675,16.147672436805482,0.13276398594086292,1.0,0.0,1.0,0.0
10.234022,"[22.501209259033203, 4.302748680114746, 0.0]","[38.709434509277344, 4.5, 0.0]",5.014422142918233,5.057317733764648,2.744413174373461,16.145944311480363,0.09452848705483152,1.0,0.0,1.0,0.0
10.254912,"[22.599529266357422, 4.289637088775635, 0.0]","[38.81105041503906, 4.5, 0.0]",5.0693121815847775,5.073995113372803,2.7445019333272036,16.14267226552586,0.04289559084641503,1.0,0.0,1.0,0.0
10.274384,"[22.698884963989258, 4.275996208190918, 0.0]","[38.912872314453125, 4.5, 0.0]",5.066525679006992,5.08069372177124,-0.13932512888925608,16.138789750204108,0.0046829317880252574,0.0,0.007747223600745201,0.0,0.007747223600745201
10.295908,"[22.799274444580078, 4.261813640594482, 0.0]","[39.016178131103516, 4.5, 0.0]",5.064920863133523,5.090871810913086,-0.08024079367348058,16.133575740179836,0.014168042764247879,0.0,0.004174673464149237,0.0,0.004174673464149237
10.31469,"[22.899551391601562, 4.2472405433654785, 0.0]","[39.11639404296875, 4.5, 0.0]",5.064278539576286,5.100705146789551,-0.032116177861851725,16.12828944728127,0.025950947779563194,0.0,0.0012527276994660497,0.0,0.0012527276994660497
10.334363,"[22.999736785888672, 4.232264041900635, 0.0]","[39.21849060058594, 4.5, 0.0]",5.064138575589204,5.110665798187256,-0.006998199354102397,16.119572607247186,0.03642660721326507,0.0015675411850679666,0.0,0.0015675411850679666,0.0
10.3556,"[23.0998477935791, 4.216878414154053, 0.0]","[39.3210334777832, 4.5, 0.0]",5.0641487057846,5.120669841766357,0.0005065097698153664,16.11235606726452,0.0465272225980522,0.004214059736113995,0.0,0.004214059736113995,0.0
10.374317,"[23.19989013671875, 4.201080799102783, 0.0]","[39.42524719238281, 4.5, 0.0]",5.06179998077257,5.130837440490723,-0.117436250601477,16.10519117596017,0.05652113598175745,0.0,0.006552870385348797,0.0,0.006552870385348797
10.394398,"[23.299867630004883, 4.18487024307251, 0.0]","[39.52715301513672, 4.5, 0.0]",5.0594718077767205,5.140779495239258,-0.11640864979249876,16.099286275571437,0.06903745971815223,0.0,0.006493085995316505,0.0,0.006493085995316505
10.414885,"[23.399730682373047, 4.1682538986206055, 0.0]","[39.63112258911133, 4.5, 0.0]",5.057056676959875,5.150881767272949,-0.12075654084227061,16.090678366409723,0.08130768746253736,0.0,0.00676201144233346,0.0,0.00676201144233346
10.433881,"[23.49947738647461, 4.15123176574707, 0.0]","[39.732261657714844, 4.5, 0.0]",4.985476543755728,5.160653591156006,-3.5790066602073622,16.0837617945801,0.09382509031307418,0.0,0.007257519289851189,0.0,0.007257519289851189
10.454598,"[23.599105834960938, 4.133802890777588, 0.0]","[39.836055755615234, 4.5, 0.0]",4.9808290560585675,5.170681953430176,-0.23237438485801398,16.073671224854685,0.17517704740027806,0.0,0.007848613895475864,0.0,0.007848613895475864
10.474315,"[23.697547912597656, 4.117961406707764, 0.0]","[39.9394645690918, 4.5, 0.0]",4.979317917622726,5.180673122406006,-0.07555692179206375,16.065853404257645,0.18985289737160826,0.0,0.000514926970936358,0.0,0.000514926970936358
10.495296,"[23.795726776123047, 4.101102828979492, 0.0]","[40.04309844970703, 4.5, 0.0]",4.97759497789872,5.190686225891113,-0.08614698620030836,16.061034251076546,0.20135520478327962,0.0,0.002297531347721815,0.0,0.002297531347721815
10.514033,"[23.893753051757812, 4.0835490226745605, 0.0]","[40.14695358276367, 4.5, 0.0]",4.975612647935111,5.200681686401367,-0.09911649818046264,16.055772865429866,0.2130912479923932,0.0,0.0037880665622651577,0.0,0.0037880665622651577
10.534545,"[23.99164581298828, 4.065451622009277, 0.0]","[40.2510871887207, 4.5, 0.0]",4.973415195556435,5.210646629333496,-0.10987261893378175,16.050044625795408,0.22506903846625637,0.0,0.004949288442730904,0.0,0.004949288442730904
10.555545,"[24.08940887451172, 4.046879768371582, 0.0]","[40.35758590698242, 4.5, 0.0]",4.971076999981831,5.220837593078613,-0.11690977873022312,16.043960254344924,0.2372314337770609,0.0,0.005816308315843344,0.0,0.005816308315843344
10.574222,"[24.187044143676758, 4.027868270874023, 0.0]","[40.46004104614258, 4.5, 0.0]",4.972564331518792,5.230641841888428,0.0743665768480728,16.039642080928274,0.24976059309678256,0.033012640196830034,0.0,0.033012640196830034,0.0
10.596967,"[24.284549713134766, 4.008441925048828, 0.0]","[40.565269470214844, 4.5, 0.0]",4.9740919798544505,5.240711688995361,0.07638241678291635,16.030797075733844,0.25807751036963555,0.03183930413797498,0.0,0.03183930413797498,0.0
10.614142,"[24.382001876831055, 3.988597869873047, 0.0]","[40.6699104309082, 4.5, 0.0]",4.975693697632483,5.2506866455078125,0.08008588890162649,16.02422642861137,0.2666197091409108,0.03128032898530364,0.0,0.03128032898530364,0.0
10.633766,"[24.479402542114258, 3.9683542251586914, 0.0]","[40.77504348754883, 4.5, 0.0]",4.977410453228424,5.2606520652771,0.08583777979702667,16.01656907679791,0.27499294787532946,0.03144978312775493,0.0,0.03144978312775493,0.0
10.6553,"[24.576757431030273, 3.947737216949463, 0.0]","[40.88077163696289, 4.5, 0.0]",4.979271061442242,5.270673751831056,0.09303041069093076,16.008937700081464,0.28324161204867604,0.031696532387286425,0.0,0.031696532387286425,0.0
10.674173,"[24.674074172973633, 3.92677640914917, 0.0]","[40.985679626464844, 4.5, 0.0]",4.9823132306222915,5.2806172370910645,0.1521084590024646,16.001488044982167,0.2914026903888134,0.05108153913170099,0.0,0.05108153913170099,0.0
10.694276,"[24.771364212036133, 3.9055142402648926, 0.0]","[41.09172821044922, 4.5, 0.0]",4.985506724519381,5.294002532958984,0.1596746948544947,15.992876300091611,0.298304006468773,0.0519465422257781,0.0,0.0519465422257781,0.0
10.716469,"[24.8686580657959, 3.8839871883392334, 0.0]","[41.19771957397461, 4.5, 0.0]",4.988835693470862,5.297345161437988,0.1664484475740302,15.985127203807544,0.308495808439603,0.052981539629399776,0.0,0.052981539629399776,0.0
10.733841,"[24.965967178344727, 3.862241744995117, 0.0]","[41.303749084472656, 4.5, 0.0]",4.9922734089316405,5.313967227935791,0.17188577303892671,15.977127116092122,0.3085094679671263,0.054106200113892555,0.0,0.054106200113892555,0.0
10.754687,"[25.06330680847168, 3.8403241634368896, 0.0]","[41.41044998168945, 4.5, 0.0]",4.995792250876008,5.317319869995117,0.1759420972183623,15.969082832801467,0.3216938190041505,0.055257356725633144,0.0,0.055257356725633144,0.0
10.774348,"[25.160686492919922, 3.818275213241577, 0.0]","[41.51681137084961, 4.5, 0.0]",5.000062389687013,5.333972930908203,0.21350694055026764,15.961727719938795,0.32152761911910943,0.06895674392580986,0.0,0.06895674392580986,0.0
10.794286,"[25.25811767578125, 3.7961299419403076, 0.0]","[41.62346649169922, 4.5, 0.0]",5.004367153729408,5.3373212814331055,0.21523820211974964,15.954177600875463,0.33391054122119,0.06994660012423992,0.0,0.06994660012423992,0.0
10.81543,"[25.355621337890625, 3.7739176750183105, 0.0]","[41.73125457763672, 4.5, 0.0]",5.008686297100371,5.35407018661499,0.21595716854814206,15.947150359608429,0.33295412770369737,0.07092775776982307,0.0,0.07092775776982307,0.0
10.834241,"[25.453203201293945, 3.75166654586792, 0.0]","[41.8387565612793, 4.5, 0.0]",5.013018352520886,5.3574042320251465,0.21660277102575343,15.941545418236833,0.3453838895146193,0.07193594239652157,0.0,0.07193594239652157,0.0
10.854935,"[25.55086898803711, 3.7293896675109863, 0.0]","[41.94549560546875, 4.5, 0.0]",5.017361970124896,5.37399959564209,0.21718088020050708,15.936046348220637,0.3443858795042605,0.07288161665201187,0.0,0.07288161665201187,0.0
10.874862,"[25.64862060546875, 3.7070987224578857, 0.0]","[42.05317687988281, 4.5, 0.0]",5.022475691113792,5.377350330352783,0.2556860494447921,15.9302229440486,0.3566376255171937,0.08759024553000927,0.0,0.08759024553000927,0.0
10.895235,"[25.7464599609375, 3.6848068237304688, 0.0]","[42.16257858276367, 4.5, 0.0]",5.027591800836467,5.394193172454834,0.2558054861337311,15.925783537851022,0.3548746392389912,0.08830231614410877,0.0,0.08830231614410877,0.0
10.914855,"[25.844406127929688, 3.662519931793213, 0.0]","[42.26893615722656, 4.5, 0.0]",5.032705997184663,5.397383213043213,0.25570981740981047,15.92351564991198,0.36660137161836737,0.08895141072571278,0.0,0.08895141072571278,0.0
10.936845,"[25.942461013793945, 3.6402509212493896, 0.0]","[42.37662887573242, 4.5, 0.0]",5.037817736413364,5.413974761962891,0.25558696143503923,15.918754402399326,0.36467721585855006,0.08960053324699402,0.0,0.08960053324699402,0.0
10.954365,"[26.04062843322754, 3.6180150508880615, 0.0]","[42.48487854003906, 4.5, 0.0]",5.04292739824937,5.417285919189453,0.2554830918003237,15.915813323324244,0.376157025549527,0.0902448408305645,0.0,0.0902448408305645,0.0
10.974119,"[26.138912200927734, 3.595829486846924, 0.0]","[42.593658447265625, 4.5, 0.0]",5.048433703229419,5.4339776039123535,0.2753152490024391,15.913955655484248,0.37435852094008304,0.09811548516154289,0.0,0.09811548516154289,0.0
10.995975,"[26.237314224243164, 3.5737054347991943, 0.0]","[42.7045783996582, 4.5, 0.0]",5.053933912062318,5.43753480911255,0.2750104416449517,15.913184950714891,0.38554390068293465,0.09862574748694897,0.0,0.09862574748694897,0.0
11.014043,"[26.335845947265625, 3.5516579151153564, 0.0]","[42.81120681762695, 4.5, 0.0]",5.0594276494031085,5.453991413116455,0.2746868670395308,15.91509496171614,0.3836008970502318,0.09907693602144718,0.0,0.09907693602144718,0.0
11.034542,"[26.43450927734375, 3.5296945571899414, 0.0]","[42.920597076416016, 4.5, 0.0]",5.0649234608153835,5.457315444946289,0.2747905706137477,15.913410639558334,0.39456376371334656,0.09953739121556282,0.0,0.09953739121556282,0.0
11.054645,"[26.533306121826172, 3.507821559906006, 0.0]","[43.030418395996094, 4.5, 0.0]",5.070429473594318,5.474010944366455,0.2753006389467405,15.91503499041403,0.3923919841309056,0.10000530630350113,0.0,0.10000530630350113,0.0
11.074672,"[26.632234573364258, 3.4860410690307617, 0.0]","[43.139793395996094, 4.5, 0.0]",5.076590326224723,5.477333068847656,0.30804263152024447,15.917680368759552,0.4035814707721368,0.11164682917296886,0.0,0.11164682917296886,0.0
11.098174,"[26.73129653930664, 3.4643476009368896, 0.0]","[43.251625061035156, 4.5, 0.0]",5.08277709363322,5.494212627410889,0.3093383704248609,15.920471171117962,0.4007427426229331,0.1120457611978054,0.0,0.1120457611978054,0.0
11.114015,"[26.83049201965332, 3.442692518234253, 0.0]","[43.35908508300781, 4.5, 0.0]",5.088991367179708,5.497323513031006,0.31071367732438127,15.926200841684738,0.4114355337776683,0.11251010932028294,0.0,0.11251010932028294,0.0
11.133815,"[26.92981719970703, 3.4210498332977295, 0.0]","[43.46938705444336, 4.5, 0.0]",5.0952344180793885,5.51397180557251,0.31215254498402345,15.928034923795622,0.40833214585129785,0.11302048340439796,0.0,0.11302048340439796,0.0
11.155429,"[27.029268264770508, 3.3994035720825195, 0.0]","[43.58240509033203, 4.5, 0.0]",5.101799795026662,5.517533302307129,0.32826884736367745,15.932908224471882,0.4187373874931213,0.11886795982718468,0.0,0.11886795982718468,0.0
11.17406,"[27.12884521484375, 3.3777430057525635, 0.0]","[43.69038391113281, 4.5, 0.0]",5.108374040359527,5.533971309661865,0.3287122666432385,15.940602838898814,0.4157335072804669,0.11910906061530113,0.0,0.11910906061530113,0.0
11.195111,"[27.228551864624023, 3.356062412261963, 0.0]","[43.80111312866211, 4.5, 0.0]",5.114973923492159,5.537325859069824,0.3299941566316189,15.943473134013356,0.42559726930233843,0.11956990696489811,0.0,0.11956990696489811,0.0
11.216794,"[27.328393936157227, 3.3343842029571533, 0.0]","[43.91212463378906, 4.5, 0.0]",5.121596672256774,5.554002285003662,0.33113743823074415,15.949080145923544,0.42235193557766504,0.12005386874079704,0.0,0.12005386874079704,0.0
11.23469,"[27.428369522094727, 3.3127071857452393, 0.0]","[44.0256462097168, 4.5, 0.0]",5.1282408934394095,5.560850143432617,0.3322110591317706,15.955037465480649,0.43240561274688805,0.12049364857375622,0.0,0.12049364857375622,0.0
11.255505,"[27.528484344482422, 3.291043996810913, 0.0]","[44.13739013671875, 4.5, 0.0]",5.134909084445089,5.5708723068237305,0.33340955028395847,15.963513596288703,0.4326092499932077,0.12095613405108452,0.0,0.12095613405108452,0.0
11.275109,"[27.628738403320312, 3.2693979740142822, 0.0]","[44.248878479003906, 4.5, 0.0]",5.142099987022513,5.580871105194092,0.35954512887119705,15.970331960292494,0.4359632223786418,0.1304249558597803,0.0,0.1304249558597803,0.0
11.295202,"[27.72913360595703, 3.247769355773926, 0.0]","[44.360233306884766, 4.5, 0.0]",5.149319767525881,5.590857982635498,0.36098902516843445,15.976981694804598,0.4387711181715792,0.13092108070850372,0.0,0.13092108070850372,0.0
11.314453,"[27.829679489135742, 3.2261552810668945, 0.0]","[44.47056198120117, 4.5, 0.0]",5.156564163763452,5.600717067718506,0.36221981187853913,15.983571232606732,0.44153821510961677,0.1313404832035303,0.0,0.1313404832035303,0.0
11.334421,"[27.930374145507812, 3.2045533657073975, 0.0]","[44.58488464355469, 4.5, 0.0]",5.163834209471429,5.6108789443969735,0.36350228539885343,15.989205255051642,0.4441529039550538,0.13176070526242256,0.0,0.13176070526242256,0.0
11.355364,"[28.031219482421875, 3.1829607486724854, 0.0]","[44.69716262817383, 4.5, 0.0]",5.171127771860389,5.620859146118164,0.3646781194480031,15.998767337031532,0.4470447349255444,0.1321728527545929,0.0,0.1321728527545929,0.0
11.375561,"[28.13221549987793, 3.1613733768463135, 0.0]","[44.80933380126953, 4.5, 0.0]",5.1784460892318025,5.63083028793335,0.3659158685706654,16.006331520290924,0.4497313742577749,0.13257985934615135,0.0,0.13257985934615135,0.0
11.397696,"[28.233360290527344, 3.1397881507873535, 0.0]","[44.92055130004883, 4.5, 0.0]",5.186088327471411,5.640716075897217,0.3821119119804095,16.01375797104569,0.4523841987015471,0.13843221589922905,0.0,0.13843221589922905,0.0
11.414158,"[28.33465576171875, 3.1182034015655518, 0.0]","[45.03293991088867, 4.5, 0.0]",5.193753026601884,5.650670528411865,0.38323495652368145,16.020197526380574,0.4546277484258061,0.13882780447602272,0.0,0.13882780447602272,0.0
11.434352,"[28.436105728149414, 3.096616744995117, 0.0]","[45.148319244384766, 4.5, 0.0]",5.201438251596628,5.6608357429504395,0.38426124973720555,16.027709815927757,0.4569175018099809,0.1392042078077793,0.0,0.1392042078077793,0.0
11.455287,"[28.53771209716797, 3.0750277042388916, 0.0]","[45.26008605957031, 4.5, 0.0]",5.209146995614695,5.670683383941651,0.385437200903338,16.03805307144958,0.459397491353811,0.13962019234895706,0.0,0.13962019234895706,0.0
11.4778,"[28.639474868774414, 3.053435802459717, 0.0]","[45.373294830322266, 4.5, 0.0]",5.217085682141026,5.680657386779785,0.3969343263165559,16.044762106450744,0.4615363883269561,0.14375494793057442,0.0,0.14375494793057442,0.0
11.494886,"[28.741395950317383, 3.0318408012390137, 0.0]","[45.4868278503418, 4.5, 0.0]",5.225045656010345,5.69066047668457,0.39799869346595074,16.052767622612397,0.46357170463875885,0.14413127675652504,0.0,0.14413127675652504,0.0
11.514252,"[28.843477249145508, 3.010241746902466, 0.0]","[45.600643157958984, 4.5, 0.0]",5.2330238218537195,5.700653553009033,0.39890829216870927,16.06096834778378,0.465614820674225,0.14447317458689213,0.0,0.14447317458689213,0.0
11.533546,"[28.945720672607422, 2.9886386394500732, 0.0]","[45.71458435058594, 4.5, 0.0]",5.241022711509037,5.710604667663574,0.39994448276585715,16.06931683254829,0.4676297311553137,0.14484276995062828,0.0,0.14484276995062828,0.0
11.55486,"[29.048126220703125, 2.967031478881836, 0.0]","[45.8297119140625, 4.5, 0.0]",5.249042896628461,5.720659255981445,0.4010092559711964,16.077654523447872,0.46958195615453757,0.1452331431210041,0.0,0.1452331431210041,0.0
11.575493,"[29.150693893432617, 2.945420265197754, 0.0]","[45.94472885131836, 4.5, 0.0]",5.257307179659494,5.730704307556152,0.4132141515516885,16.087016469983247,0.47161635935298474,0.14964081346988678,0.0,0.14964081346988678,0.0
11.597756,"[29.25342559814453, 2.9238052368164062, 0.0]","[46.0588493347168, 4.5, 0.0]",5.265592777272568,5.740671157836915,0.4142798806536785,16.09613273865875,0.473397127896658,0.15002594329416752,0.0,0.15002594329416752,0.0
11.613986,"[29.356325149536133, 2.9021856784820557, 0.0]","[46.17352294921875, 4.5, 0.0]",5.273899013028483,5.7506513595581055,0.41531178779576905,16.10423109942746,0.47507838056434704,0.15041455626487732,0.0,0.15041455626487732,0.0
11.633949,"[29.459392547607422, 2.8805618286132812, 0.0]","[46.288856506347656, 4.5, 0.0]",5.282227395900651,5.760636806488038,0.41641914360837085,16.112723832518416,0.4767523465296222,0.15080234967172146,0.0,0.15080234967172146,0.0
11.654979,"[29.56262969970703, 2.858933687210083, 0.0]","[46.405155181884766, 4.5, 0.0]",5.290577222772088,5.774039268493652,0.4174913435718519,16.121716270053863,0.4784094105873873,0.15118577517569065,0.0,0.15118577517569065,0.0
11.674334,"[29.66603660583496, 2.837301731109619, 0.0]","[46.52010726928711, 4.5, 0.0]",5.299135662220323,5.777325630187989,0.4279219724117489,16.131501115401797,0.4834620457215646,0.15497145242989063,0.0,0.15497145242989063,0.0
11.698413,"[29.76961326599121, 2.8156659603118896, 0.0]","[46.635746002197266, 4.5, 0.0]",5.30771291022544,5.794003963470459,0.4288624002558805,16.139817481343563,0.47818996796766644,0.15531578101217747,0.0,0.15531578101217747,0.0
11.714428,"[29.873363494873047, 2.7940258979797363, 0.0]","[46.752235412597656, 4.5, 0.0]",5.3163089998956075,5.797388553619385,0.4298044835083559,16.148656082139972,0.48629105324501865,0.15565083362162113,0.0,0.15565083362162113,0.0
11.734165,"[29.97728729248047, 2.772381544113159, 0.0]","[46.86827850341797, 4.5, 0.0]",5.3249232001183175,5.8140153884887695,0.43071001113550444,16.15817301523516,0.4810795537237773,0.1559759210795164,0.0,0.1559759210795164,0.0
11.755572,"[30.08138656616211, 2.7507331371307373, 0.0]","[46.98663330078125, 4.5, 0.0]",5.333553868831552,5.817508220672607,0.43153343566171287,16.16709680761123,0.489092188370452,0.15629097819328308,0.0,0.15629097819328308,0.0
11.77391,"[30.18566131591797, 2.72908091545105, 0.0]","[47.10081481933594, 4.5, 0.0]",5.342291632597225,5.833975315093994,0.4368881882836462,16.17812603710397,0.4839543518410556,0.1582188718020916,0.0,0.1582188718020916,0.0
11.794416,"[30.290111541748047, 2.707425117492676, 0.0]","[47.217533111572266, 4.5, 0.0]",5.351045064365132,5.83732795715332,0.4376715883953608,16.18491596969005,0.4916836824967694,0.1585031859576702,0.0,0.1585031859576702,0.0
11.81434,"[30.394739151000977, 2.685765266418457, 0.0]","[47.33472442626953, 4.5, 0.0]",5.3598186619773465,5.8540191650390625,0.43867988061072616,16.194028244935666,0.48628289278818837,0.1588638871908188,0.0,0.1588638871908188,0.0
11.834234,"[30.499544143676758, 2.6641016006469727, 0.0]","[47.45201873779297, 4.5, 0.0]",5.368602190101993,5.857335090637207,0.43917640623232224,16.203448818330433,0.49420050306171603,0.15904631465673447,0.0,0.15904631465673447,0.0
11.854907,"[30.604528427124023, 2.6424341201782227, 0.0]","[47.56972885131836, 4.5, 0.0]",5.377403511310534,5.874019622802734,0.44006606042703567,16.212810123927394,0.4887329005352141,0.1593698002398014,0.0,0.1593698002398014,0.0
11.875399,"[30.70969009399414, 2.620762825012207, 0.0]","[47.687103271484375, 4.5, 0.0]",5.386495698882953,5.877342700958252,0.4546093786209848,16.222417850573052,0.49661611149220075,0.16463594511151314,0.0,0.16463594511151314,0.0
11.895723,"[30.815031051635742, 2.599087953567505, 0.0]","[47.8045654296875, 4.5, 0.0]",5.395603964902305,5.89400577545166,0.4554133009675887,16.23153769895984,0.49084700207529863,0.16493571922183037,0.0,0.16493571922183037,0.0
11.914165,"[30.920557022094727, 2.5774085521698, 0.0]","[47.92279815673828, 4.5, 0.0]",5.4047271637672765,5.897367477416992,0.45615994324856857,16.24058153170001,0.49840181054935506,0.16520841047167778,0.0,0.16520841047167778,0.0
11.934868,"[31.026268005371094, 2.555724620819092, 0.0]","[48.043216705322266, 4.5, 0.0]",5.413864809149456,5.914195537567139,0.45688226910898244,16.250214103837358,0.4926403136497157,0.16545644029974937,0.0,0.16545644029974937,0.0
11.956199,"[31.132164001464844, 2.53403639793396, 0.0]","[48.16133499145508, 4.5, 0.0]",5.423018307384088,5.917497158050537,0.45767491173158703,16.261821736755053,0.5003307284176826,0.16574636101722717,0.0,0.16574636101722717,0.0
11.976185,"[31.23824691772461, 2.5123438835144043, 0.0]","[48.279781341552734, 4.5, 0.0]",5.4321571565928535,5.934158802032471,0.456942460438281,16.27100867382588,0.49447885066644925,0.16547929495573044,0.0,0.16547929495573044,0.0
11.99486,"[31.344514846801758, 2.490647077560425, 0.0]","[48.39866256713867, 4.5, 0.0]",5.441310933673831,5.9375247955322275,0.4576888540488877,16.28035167048279,0.5020016454396172,0.16576329246163368,0.0,0.16576329246163368,0.0
12.014533,"[31.45096778869629, 2.4689464569091797, 0.0]","[48.51816940307617, 4.5, 0.0]",5.450482542122725,5.954240322113037,0.45858042244470987,16.289950030348848,0.4962138618583962,0.16607645899057388,0.0,0.16607645899057388,0.0
12.034754,"[31.557607650756836, 2.44724178314209, 0.0]","[48.63734817504883, 4.5, 0.0]",5.459672430459383,5.957547187805176,0.45949441683288406,16.299998635859197,0.5037577799903117,0.16640659421682358,0.0,0.16640659421682358,0.0
12.05474,"[31.6644344329834, 2.4255332946777344, 0.0]","[48.75544738769531, 4.5, 0.0]",5.4688781013830425,5.974095821380615,0.4602835461829713,16.30955672921957,0.4978747573457927,0.1666891947388649,0.0,0.1666891947388649,0.0
12.074545,"[31.771448135375977, 2.4038212299346924, 0.0]","[48.8740348815918, 4.5, 0.0]",5.478325401837317,5.977353572845459,0.4723650227137277,16.317891978326006,0.5052177199975727,0.1710844412446022,0.0,0.1710844412446022,0.0
12.096578,"[31.87864875793457, 2.382105588912964, 0.0]","[48.993431091308594, 4.5, 0.0]",5.487788051531163,5.994010925292969,0.47313248469227354,16.32653389674125,0.4990281710081419,0.171324722468853,0.0,0.171324722468853,0.0
12.114748,"[31.986040115356445, 2.3603854179382324, 0.0]","[49.115962982177734, 4.5, 0.0]",5.497263676889927,5.997563362121582,0.4737812679382003,16.335802269963697,0.5062228737618062,0.17158323898911476,0.0,0.17158323898911476,0.0
12.134663,"[32.093624114990234, 2.338660955429077, 0.0]","[49.23336410522461, 4.5, 0.0]",5.506753620234447,6.013972282409668,0.47449716722600677,16.347971143765367,0.5002996852316555,0.17186034470796585,0.0,0.17186034470796585,0.0
12.1583,"[32.20140075683594, 2.31693172454834, 0.0]","[49.356529235839844, 4.5, 0.0]",5.516261083277453,6.020860195159912,0.4753731521502935,16.354938754571663,0.5072186621752213,0.17214560881257057,0.0,0.17214560881257057,0.0
12.173972,"[32.30937194824219, 2.2951979637145996, 0.0]","[49.47401428222656, 4.5, 0.0]",5.525708240346828,6.030610084533691,0.47235785346875225,16.367376900103803,0.5045991118824595,0.1710841991007328,0.0,0.1710841991007328,0.0
12.194887,"[32.41753387451172, 2.2734599113464355, 0.0]","[49.595001220703125, 4.5, 0.0]",5.53516648379965,6.040650367736816,0.47291217264113783,16.37407607169027,0.5049018441868638,0.17134064808487892,0.0,0.17134064808487892,0.0
12.21457,"[32.5258903503418, 2.251723051071167, 0.0]","[49.716312408447266, 4.5, 0.0]",5.5446320320055555,6.050684452056885,0.4732774102952586,16.38403360976285,0.505483883937166,0.17160484567284584,0.0,0.17160484567284584,0.0
12.234133,"[32.63444137573242, 2.2299976348876953, 0.0]","[49.8375244140625, 4.5, 0.0]",5.5541015876842845,6.0606608390808105,0.473477783936449,16.394145260894835,0.5060524200513292,0.17187874764204025,0.0,0.17187874764204025,0.0
12.254983,"[32.74319076538086, 2.2083020210266113, 0.0]","[49.95948028564453, 4.5, 0.0]",5.563571337547329,6.070698261260986,0.4734874931522359,16.40403748669991,0.506559251396526,0.17215384170413017,0.0,0.17215384170413017,0.0
12.27494,"[32.852142333984375, 2.1866602897644043, 0.0]","[50.08311080932617, 4.5, 0.0]",5.573157935304252,6.080873489379883,0.47932988784613606,16.414594239094843,0.5071269237136571,0.17451908439397812,0.0,0.17451908439397812,0.0
12.294979,"[32.9613037109375, 2.1650924682617188, 0.0]","[50.202423095703125, 4.5, 0.0]",5.582744943711989,6.090693473815918,0.47935042038687037,16.426811031084675,0.5077155540756308,0.1747327670454979,0.0,0.1747327670454979,0.0
12.314615,"[33.0706787109375, 2.143612861633301, 0.0]","[50.32478332519531, 4.5, 0.0]",5.592333288637413,6.100730895996095,0.4794172462711632,16.434884982151658,0.5079485301039286,0.17495231702923775,0.0,0.17495231702923775,0.0
12.335081,"[33.180267333984375, 2.1222336292266846, 0.0]","[50.44654083251953, 4.5, 0.0]",5.601925256308271,6.11067008972168,0.47959838354292295,16.446083079734397,0.508397607358682,0.17518097534775734,0.0,0.17518097534775734,0.0
12.356545,"[33.29007339477539, 2.1009654998779297, 0.0]","[50.56835174560547, 4.5, 0.0]",5.611527276414884,6.120614051818848,0.4801010053306243,16.4568742259153,0.5087448334134086,0.17541097477078438,0.0,0.17541097477078438,0.0
12.374069,"[33.40009689331055, 2.0798163414001465, 0.0]","[50.691612243652344, 4.5, 0.0]",5.621188028620538,6.13067626953125,0.48303761028272163,16.46792609065443,0.5090867754039641,0.17652511596679688,0.0,0.17652511596679688,0.0
12.398404,"[33.51034164428711, 2.0587902069091797, 0.0]","[50.81637954711914, 4.5, 0.0]",5.630864043530396,6.1408610343933105,0.48380074549290164,16.48062236599264,0.509488240910712,0.1767509989440441,0.0,0.1767509989440441,0.0
12.414646,"[33.62080383300781, 2.0378904342651367, 0.0]","[50.93994903564453, 4.5, 0.0]",5.640559010119958,6.150913715362549,0.48474832947809077,16.495010489701954,0.5099969908629145,0.1769782043993473,0.0,0.1769782043993473,0.0
12.434511,"[33.73148727416992, 2.017115592956543, 0.0]","[51.06266784667969, 4.5, 0.0]",5.650274619970561,6.160850524902344,0.4857804925301412,16.508434479948107,0.510354705242591,0.17719998955726624,0.0,0.17719998955726624,0.0
12.454918,"[33.84239196777344, 1.9964642524719238, 0.0]","[51.184120178222656, 4.5, 0.0]",5.660010846240396,6.170684814453125,0.4868113134917529,16.521196287974785,0.5105759049317831,0.17742082476615906,0.0,0.17742082476615906,0.0
12.475589,"[33.95351791381836, 1.9759327173233032, 0.0]","[51.30844497680664, 4.5, 0.0]",5.669809249599433,6.180751323699952,0.489920167951885,16.532864307777157,0.5106739682127293,0.17836583778262138,0.0,0.17836583778262138,0.0
12.494703,"[34.06486129760742, 1.9555164575576782, 0.0]","[51.43128204345703, 4.5, 0.0]",5.67962929632626,6.190698146820068,0.4910023363413174,16.54745416683971,0.5109420741005186,0.17857225611805916,0.0,0.17857225611805916,0.0
12.514341,"[34.17642593383789, 1.9352093935012817, 0.0]","[51.55516052246094, 4.5, 0.0]",5.689468088077767,6.200695991516113,0.49193958757536294,16.56064982900628,0.5110688504938086,0.17877088859677315,0.0,0.17877088859677315,0.0
12.533721,"[34.2882080078125, 1.9150043725967407, 0.0]","[51.67875671386719, 4.5, 0.0]",5.699322143237406,6.210623264312744,0.4927027579819665,16.574887718926572,0.5112279034383462,0.17896713688969612,0.0,0.17896713688969612,0.0
12.555049,"[34.40020751953125, 1.894896388053894, 0.0]","[51.806217193603516, 4.5, 0.0]",5.709190524119817,6.220860958099365,0.4934190441205466,16.588829888109277,0.5113011210753378,0.17915552482008934,0.0,0.17915552482008934,0.0
12.574449,"[34.51242446899414, 1.874882698059082, 0.0]","[51.92816162109375, 4.5, 0.0]",5.719089868517406,6.2339887619018555,0.4949672198794275,16.6065152118971,0.5116704339795479,0.17966914921998978,0.0,0.17966914921998978,0.0
12.595018,"[34.62485885620117, 1.8549615144729614, 0.0]","[52.0542106628418, 4.5, 0.0]",5.729000710845131,6.237447261810303,0.49554211638627166,16.61870449621963,0.5148988933844496,0.17984550446271896,0.0,0.17984550446271896,0.0
12.614043,"[34.73750686645508, 1.8351320028305054, 0.0]","[52.17746353149414, 4.5, 0.0]",5.6700900748275975,6.253981113433838,-2.9455318008766884,16.63482677345956,0.5084465509651714,0.1800200715661049,0.0,0.1800200715661049,0.0
12.635943,"[34.850372314453125, 1.8153940439224243, 0.0]","[52.30284118652344, 4.5, 0.0]",5.679396822440151,6.257305145263673,0.4653373806276839,16.6480971290499,0.5838910386062404,0.1801876351237297,0.0,0.1801876351237297,0.0
12.654377,"[34.961814880371094, 1.794412612915039, 0.0]","[52.428646087646484, 4.5, 0.0]",5.688940800443037,6.273995876312256,0.47719890014428223,16.663328384682544,0.5779083228235216,0.17876747995615005,0.0,0.17876747995615005,0.0
12.675259,"[35.07356643676758, 1.7740730047225952, 0.0]","[52.556575775146484, 4.5, 0.0]",5.69996690317244,6.277523040771484,0.5513051364701482,16.67518638883922,0.585055075869219,0.2033965289592743,0.0,0.2033965289592743,0.0
12.695222,"[35.185577392578125, 1.7540850639343262, 0.0]","[52.68233871459961, 4.5, 0.0]",5.710934995796591,6.294210433959961,0.5484046312075552,16.690107291062102,0.5775561375990446,0.2012409083545208,0.0,0.2012409083545208,0.0
12.715105,"[35.297847747802734, 1.7343077659606934, 0.0]","[52.8057746887207, 4.5, 0.0]",5.721849690494916,6.297347545623779,0.5457347349162589,16.70365465663557,0.58327543816337,0.19962674006819725,0.0,0.19962674006819725,0.0
12.734171,"[35.41036605834961, 1.7146798372268677, 0.0]","[52.934207916259766, 4.5, 0.0]",5.732706208554524,6.31416654586792,0.5428259029804039,16.715448412830767,0.5754978551288632,0.19814509898424149,0.0,0.19814509898424149,0.0
12.754398,"[35.523128509521484, 1.6951764822006226, 0.0]","[53.058345794677734, 4.5, 0.0]",5.743568388683821,6.3173136711120605,0.543109006464837,16.73252844433684,0.5814603373133957,0.19796857610344887,0.0,0.19796857610344887,0.0
12.776467,"[35.636131286621094, 1.6757903099060059, 0.0]","[53.18480682373047, 4.5, 0.0]",5.754258730485094,6.333976745605469,0.5345170900636464,16.74562222319259,0.5737452824282396,0.19462723284959793,0.0,0.19462723284959793,0.0
12.794372,"[35.74937438964844, 1.6565195322036743, 0.0]","[53.311580657958984, 4.5, 0.0]",5.764966228136424,6.337332248687744,0.5353748825664972,16.761141153716938,0.5797180151203749,0.1947486400604248,0.0,0.1947486400604248,0.0
12.814674,"[35.86285400390625, 1.6373649835586548, 0.0]","[53.43900680541992, 4.5, 0.0]",5.775701544812742,6.354039669036865,0.536765833815922,16.777029343853602,0.5723660205513204,0.19509613513946533,0.0,0.19509613513946533,0.0
12.835382,"[35.97657012939453, 1.6183277368545532, 0.0]","[53.56876754760742, 4.5, 0.0]",5.786475863181825,6.357550621032716,0.5387159184541357,16.79356669964853,0.578338124224123,0.19570441916584969,0.0,0.19570441916584969,0.0
12.85635,"[36.09052276611328, 1.5994057655334473, 0.0]","[53.69499588012695, 4.5, 0.0]",5.797272832554685,6.374117374420166,0.5398484686430116,16.812362370637413,0.5710747578508908,0.19602814689278603,0.0,0.19602814689278603,0.0
12.874352,"[36.2047119140625, 1.5805957317352295, 0.0]","[53.82176971435547, 4.5, 0.0]",5.808163050013021,6.377394199371338,0.5445108729167814,16.82761092912355,0.5768445418654808,0.1976528950035572,0.0,0.1976528950035572,0.0
12.895179,"[36.31913757324219, 1.5618939399719238, 0.0]","[53.95125198364258, 4.5, 0.0]",5.819089493629716,6.394216060638428,0.5463221808347463,16.84329620010702,0.5692311493583171,0.1982421800494194,0.0,0.1982421800494194,0.0
12.914664,"[36.43380355834961, 1.543295979499817, 0.0]","[54.07938766479492, 4.5, 0.0]",5.830047534843113,6.397566318511963,0.5479020606698803,16.86153215188115,0.575126567008712,0.19883528351783752,0.0,0.19883528351783752,0.0
12.935712,"[36.5487060546875, 1.5247981548309326, 0.0]","[54.20686340332031, 4.5, 0.0]",5.841030793714604,6.414153099060059,0.5491629435745438,16.878307638584776,0.5675187836688496,0.19941039383411407,0.0,0.19941039383411407,0.0
12.955101,"[36.66384506225586, 1.5064016580581665, 0.0]","[54.33544921875, 4.5, 0.0]",5.852045333314904,6.417493343353272,0.5507269800149928,16.894290083235926,0.5731223053454544,0.20014291629195213,0.0,0.20014291629195213,0.0
12.974279,"[36.77922439575195, 1.4881130456924438, 0.0]","[54.46393585205078, 4.5, 0.0]",5.862838709709618,6.4341583251953125,0.5396688197357058,16.91122414873248,0.5654480100383683,0.1963970810174942,0.0,0.1963970810174942,0.0
12.994341,"[36.89484786987305, 1.4699424505233765, 0.0]","[54.590572357177734, 4.5, 0.0]",5.873635647916038,6.437347412109375,0.5398469103210068,16.92793895050059,0.5713196154856943,0.1968815177679062,0.0,0.1968815177679062,0.0
13.014506,"[37.01070785522461, 1.4519065618515015, 0.0]","[54.72212600708008, 4.5, 0.0]",5.8844308128471345,6.45421838760376,0.5397582465548112,16.942736231258493,0.5637117641933367,0.1973198913037777,0.0,0.1973198913037777,0.0
13.034625,"[37.12681198120117, 1.4340273141860962, 0.0]","[54.85115432739258, 4.5, 0.0]",5.895234158234418,6.457515716552735,0.5401672693641668,16.962346690706916,0.5697875747566252,0.1977144181728363,0.0,0.1977144181728363,0.0
13.055195,"[37.243160247802734, 1.4163241386413574, 0.0]","[54.98073196411133, 4.5, 0.0]",5.906041730587568,6.474187850952148,0.540378617657522,16.979489855252673,0.5622815583183174,0.1980055682361126,0.0,0.1980055682361126,0.0
13.07619,"[37.35975646972656, 1.3988085985183716, 0.0]","[55.11064910888672, 4.5, 0.0]",5.916906368224523,6.480886936187744,0.5432318818477277,16.99726393312513,0.5681461203645801,0.1990661770105362,0.0,0.1990661770105362,0.0
13.096227,"[37.476600646972656, 1.3814884424209595, 0.0]","[55.24070739746094, 4.5, 0.0]",5.92762911643512,6.490930080413818,0.5361374105298466,17.015489943319082,0.5639805679632213,0.19645854830741882,0.0,0.19645854830741882,0.0
13.114293,"[37.593692779541016, 1.3643654584884644, 0.0]","[55.36778259277344, 4.5, 0.0]",5.938367308763318,6.500711441040039,0.5369096164099307,17.03400127164081,0.5633009639786986,0.1966729760169983,0.0,0.1966729760169983,0.0
13.134087,"[37.71103286743164, 1.347441554069519, 0.0]","[55.497535705566406, 4.5, 0.0]",5.94912359305141,6.510654449462891,0.537814214404575,17.049698559986734,0.5623441322767206,0.1968877762556076,0.0,0.1968877762556076,0.0
13.155036,"[37.828617095947266, 1.3307172060012817, 0.0]","[55.62813949584961, 4.5, 0.0]",5.959902207207396,6.520662307739258,0.53893070779929,17.068154155723438,0.5615308564114807,0.1971045695245266,0.0,0.1971045695245266,0.0
13.174411,"[37.94644546508789, 1.3141919374465942, 0.0]","[55.758487701416016, 4.5, 0.0]",5.970705551562672,6.530650615692139,0.5401672177637984,17.087548600425254,0.5607601005318621,0.1973242312669754,0.0,0.1973242312669754,0.0
13.195706,"[38.064517974853516, 1.2978630065917969, 0.0]","[55.88921356201172, 4.5, 0.0]",5.981518018513819,6.54066801071167,0.5406233475573785,17.106757239847763,0.559945064129467,0.1972663775086403,0.0,0.1972663775086403,0.0
13.214929,"[38.182838439941406, 1.2817269563674927, 0.0]","[56.02269744873047, 4.5, 0.0]",5.992350489377864,6.550864219665527,0.5416235432022187,17.126369938466173,0.5591499921978507,0.1974300853908062,0.0,0.1974300853908062,0.0
13.234615,"[38.30139923095703, 1.2657793760299683, 0.0]","[56.153770446777344, 4.5, 0.0]",6.003196983072274,6.560832023620607,0.5423246847205299,17.14869656477071,0.5585137302876637,0.1975492388010025,0.0,0.1975492388010025,0.0
13.255681,"[38.420204162597656, 1.2500170469284058, 0.0]","[56.28650665283203, 4.5, 0.0]",6.014055865468298,6.570926189422607,0.5429441198011808,17.16859467602916,0.557635040548333,0.19769234582781792,0.0,0.19769234582781792,0.0
13.273823,"[38.53925323486328, 1.2344391345977783, 0.0]","[56.414024353027344, 4.5, 0.0]",6.0248662963303286,6.580623149871827,0.5405215431015353,17.190051934669533,0.5568703239543096,0.19672991707921028,0.0,0.19672991707921028,0.0
13.29555,"[38.658546447753906, 1.2190449237823486, 0.0]","[56.54725646972656, 4.5, 0.0]",6.035689100091038,6.590754985809326,0.5411401880354827,17.20623003011659,0.5557568535414985,0.19692182540893555,0.0,0.19692182540893555,0.0
13.314845,"[38.778079986572266, 1.2038341760635376, 0.0]","[56.68135452270508, 4.5, 0.0]",6.046525664039284,6.6009202003479,0.5418281974122863,17.227929918501562,0.555065885718288,0.19712897017598152,0.0,0.19712897017598152,0.0
13.337447,"[38.89785385131836, 1.1888068914413452, 0.0]","[56.81314468383789, 4.5, 0.0]",6.057376479072798,6.610866546630859,0.5425407516757019,17.250345024781964,0.5543945363086165,0.19734760746359825,0.0,0.19734760746359825,0.0
13.355655,"[39.01786804199219, 1.1739634275436401, 0.0]","[56.94320297241211, 4.5, 0.0]",6.068240563816636,6.620682239532472,0.5432042371919188,17.270317440304876,0.5534900675580614,0.19757429137825966,0.0,0.19757429137825966,0.0
13.374206,"[39.138126373291016, 1.159304141998291, 0.0]","[57.07575607299805, 4.5, 0.0]",6.079033801029295,6.630686283111572,0.5396618606329451,17.288413545303644,0.5524416757158352,0.19626634195446968,0.0,0.19626634195446968,0.0
13.394844,"[39.25862503051758, 1.144829511642456, 0.0]","[57.21076965332031, 4.5, 0.0]",6.089840381163874,6.640875816345215,0.5403290067289568,17.308801064708835,0.551652482082277,0.19651005044579506,0.0,0.19651005044579506,0.0
13.414171,"[39.379364013671875, 1.1305409669876099, 0.0]","[57.341468811035156, 4.5, 0.0]",6.100651235508974,6.650709629058838,0.5405427172549881,17.331447062966593,0.5510354351813405,0.19668949767947197,0.0,0.19668949767947197,0.0
13.433997,"[39.500343322753906, 1.1164400577545166, 0.0]","[57.47456741333008, 4.5, 0.0]",6.111462590006585,6.66067934036255,0.5405677248805585,17.349632672431714,0.5500583935498637,0.1968197152018547,0.0,0.1968197152018547,0.0
13.454746,"[39.62156295776367, 1.102533221244812, 0.0]","[57.60832977294922, 4.5, 0.0]",6.1222736016034265,6.670699119567871,0.5405505798420585,17.37001012090249,0.5492167503559644,0.19696874544024467,0.0,0.19696874544024467,0.0
13.474067,"[39.74302291870117, 1.088826298713684, 0.0]","[57.74102020263672, 4.5, 0.0]",6.132989532002355,6.680638313293457,0.535796519946441,17.390870196329104,0.5484255179644446,0.19551411271095276,0.0,0.19551411271095276,0.0
13.494713,"[39.864723205566406, 1.075326919555664, 0.0]","[57.87504959106445, 4.5, 0.0]",6.143687961014964,6.694011211395264,0.5349214506304545,17.410504822755307,0.5476487812911017,0.19570520147681236,0.0,0.19570520147681236,0.0
13.514316,"[39.986663818359375, 1.0620472431182861, 0.0]","[58.00906753540039, 4.5, 0.0]",6.154358956300347,6.697353839874268,0.5335497642691145,17.431324296021344,0.5503232503802993,0.195907112210989,0.0,0.195907112210989,0.0
13.533822,"[40.10884475708008, 1.049007534980774, 0.0]","[58.14274597167969, 4.5, 0.0]",6.164991517357482,6.713958740234375,0.5316280528567585,17.452023862523745,0.5429948835739209,0.19611690193414688,0.0,0.19611690193414688,0.0
13.554659,"[40.231266021728516, 1.0362322330474854, 0.0]","[58.277809143066406, 4.5, 0.0]",6.175578701492246,6.717334270477295,0.5293592067382225,17.472332826423315,0.5489672228768931,0.19633153453469276,0.0,0.19633153453469276,0.0
13.576581,"[40.35393142700195, 1.02375066280365, 0.0]","[58.412445068359375, 4.5, 0.0]",6.185978171700449,6.734010696411133,0.5199735104101322,17.494039422192454,0.5417555689850486,0.19384555518627167,0.0,0.19384555518627167,0.0
13.595351,"[40.476844787597656, 1.0115940570831299, 0.0]","[58.54977035522461, 4.5, 0.0]",6.1963708281164465,6.737554550170898,0.5196328207998757,17.51542983646466,0.5480325247106839,0.19397102296352386,0.0,0.19397102296352386,0.0
13.614453,"[40.599998474121094, 0.9997870326042175, 0.0]","[58.6839599609375, 4.5, 0.0]",6.206786577495988,6.754166603088379,0.5207874689770797,17.539684589614865,0.541183722054452,0.19411740824580193,0.0,0.19411740824580193,0.0
13.63435,"[40.72339630126953, 0.9883362650871277, 0.0]","[58.819427490234375, 4.5, 0.0]",6.217251474476531,6.757498264312745,0.5232448490271491,17.56109128063193,0.5473800255923909,0.19430456683039665,0.0,0.19430456683039665,0.0
13.658824,"[40.8470344543457, 0.9772372841835022, 0.0]","[58.95527267456055, 4.5, 0.0]",6.227756691882738,6.7741899490356445,0.5252608703103512,17.584032872481245,0.540246789836214,0.19439930096268654,0.0,0.19439930096268654,0.0
13.674487,"[40.97091293334961, 0.9664772748947144, 0.0]","[59.090492248535156, 4.5, 0.0]",6.168358420107648,6.77750301361084,-2.9699135887545136,17.607567407505876,0.5464332571529065,0.19612625241279602,0.0,0.19612625241279602,0.0
13.694855,"[41.09503173828125, 0.9560478329658508, 0.0]","[59.226383209228516, 4.5, 0.0]",6.177863443329065,6.794198036193848,0.4752511610708776,17.630616081170633,0.6091445935031921,0.19622903317213058,0.0,0.19622903317213058,0.0
13.715496,"[41.21784210205078, 0.9443248510360718, 0.0]","[59.36300277709961, 4.5, 0.0]",6.187776700829344,6.797583103179932,0.4956628750139469,17.654390216048153,0.6163345928647823,0.1947731338441372,0.0,0.1947731338441372,0.0
13.734289,"[41.34092712402344, 0.9335343837738037, 0.0]","[59.49856948852539, 4.5, 0.0]",6.197769259047415,6.814180850982666,0.49962791090352177,17.675076796928604,0.6098064023505874,0.1921156421303749,0.0,0.1921156421303749,0.0
13.754852,"[41.464263916015625, 0.9233595728874207, 0.0]","[59.63487243652344, 4.5, 0.0]",6.2077758334971005,6.817500591278076,0.500328722484289,17.695882419833723,0.6164115919352513,0.19000405445694923,0.0,0.19000405445694923,0.0
13.774453,"[41.58783721923828, 0.913652241230011, 0.0]","[59.77181625366211, 4.5, 0.0]",6.219078044224169,6.834198951721191,0.5651105363534192,17.718332860543992,0.6097247577809757,0.21182451397180557,0.0,0.21182451397180557,0.0
13.796789,"[41.71164321899414, 0.9043453931808472, 0.0]","[59.9083366394043, 4.5, 0.0]",6.230373707986714,6.837534427642822,0.5647831881272491,17.742118891137572,0.6151209074970225,0.2105545438826084,0.0,0.2105545438826084,0.0
13.814762,"[41.8357048034668, 0.895408034324646, 0.0]","[60.04616165161133, 4.5, 0.0]",6.24167280765807,6.854266166687012,0.5649549835677892,17.76598447092697,0.6071607196561084,0.2097669616341591,0.0,0.2097669616341591,0.0
13.837607,"[41.960018157958984, 0.8868293166160583, 0.0]","[60.18059539794922, 4.5, 0.0]",6.252990764523827,6.857377052307129,0.5658978432878659,17.791454949600535,0.6125933590289421,0.20938077941536903,0.0,0.20938077941536903,0.0
13.854713,"[42.08457946777344, 0.8786057233810425, 0.0]","[60.319862365722656, 4.5, 0.0]",6.26433569987129,6.874171733856201,0.5672467673731418,17.813733641616643,0.604386287783302,0.2093140035867691,0.0,0.2093140035867691,0.0
13.874161,"[42.20939254760742, 0.8707356452941895, 0.0]","[60.45518493652344, 4.5, 0.0]",6.275772234497743,6.877347469329834,0.5718267313226555,17.84090418731741,0.6098360339849114,0.2105301432311535,0.0,0.2105301432311535,0.0
13.895307,"[42.33445358276367, 0.8632183074951172, 0.0]","[60.595638275146484, 4.5, 0.0]",6.287243476340911,6.894228458404541,0.5735620921583973,17.864139487929876,0.6015752348320911,0.21086875349283218,0.0,0.21086875349283218,0.0
13.914701,"[42.45976257324219, 0.8560510277748108, 0.0]","[60.733516693115234, 4.5, 0.0]",6.298755187818744,6.897558689117432,0.5755855738916793,17.892419063233174,0.6069849820636302,0.2113182656466961,0.0,0.2113182656466961,0.0
13.937006,"[42.585323333740234, 0.8492317795753479, 0.0]","[60.86935806274414, 4.5, 0.0]",6.310306290207932,6.914032936096191,0.5775551194593831,17.91801123310821,0.5988035012986872,0.21182876080274582,0.0,0.21182876080274582,0.0
13.955124,"[42.71113204956055, 0.8427579402923584, 0.0]","[61.00990676879883, 4.5, 0.0]",6.321899145883641,6.917514801025391,0.5796427837854612,17.941409486354978,0.6037266458882593,0.2124244160950184,0.0,0.2124244160950184,0.0
13.975498,"[42.837188720703125, 0.8366263508796692, 0.0]","[61.14821243286133, 4.5, 0.0]",6.333249823383675,6.93416690826416,0.5675338750017023,17.9693096264168,0.5956156551417493,0.20790567621588707,0.0,0.20790567621588707,0.0
13.994905,"[42.96349334716797, 0.8308344483375549, 0.0]","[61.287200927734375, 4.5, 0.0]",6.3446374964235055,6.940868854522705,0.5693836519915063,17.99475966244958,0.6009170848804848,0.20852431654930115,0.0,0.20852431654930115,0.0
14.014514,"[43.09004211425781, 0.8253812193870544, 0.0]","[61.42653274536133, 4.5, 0.0]",6.356058773624167,6.94756555557251,0.5710638600330942,18.020653050917755,0.5962313580991996,0.20907893776893616,0.0,0.20907893776893616,0.0
14.03388,"[43.21683120727539, 0.8202672004699707, 0.0]","[61.56255340576172, 4.5, 0.0]",6.367509109929581,6.963982582092285,0.572516815270685,18.046636044750247,0.5915067819483424,0.2095644734799862,0.0,0.2095644734799862,0.0
14.058175,"[43.34386444091797, 0.8154934048652649, 0.0]","[61.70238494873047, 4.5, 0.0]",6.378981795810751,6.967339992523193,0.5736342940585004,18.069050396138543,0.5964734721627041,0.20998165011405945,0.0,0.20998165011405945,0.0
14.073995,"[43.47113800048828, 0.8110618591308594, 0.0]","[61.84190368652344, 4.5, 0.0]",6.390322139871699,6.984007358551025,0.5670172030474152,18.094990251661002,0.5883581967124423,0.207607951015234,0.0,0.207607951015234,0.0
14.095251,"[43.59865188598633, 0.8069753646850586, 0.0]","[61.98434066772461, 4.5, 0.0]",6.4016785825941005,6.987551689147949,0.5678221361200553,18.12033456616555,0.593685218679326,0.2079225517809391,0.0,0.2079225517809391,0.0
14.114682,"[43.726402282714844, 0.8032371401786804, 0.0]","[62.12431335449219, 4.5, 0.0]",6.413052905651245,7.004221439361572,0.5687161528572293,18.148298913240847,0.5858731065538487,0.20825102925300598,0.0,0.20825102925300598,0.0
14.133693,"[43.85438919067383, 0.7998502850532532, 0.0]","[62.26131057739258, 4.5, 0.0]",6.424443555328321,7.007306098937988,0.5695324838538074,18.173506147988327,0.5911685337103272,0.2085849642753601,0.0,0.2085849642753601,0.0
14.154895,"[43.98261260986328, 0.7968177199363708, 0.0]","[62.40487289428711, 4.5, 0.0]",6.435849818359605,7.024190425872803,0.5703131515641946,18.1954445797807,0.582862543609667,0.20886331796646118,0.0,0.20886331796646118,0.0
14.175782,"[44.1110725402832, 0.7941420078277588, 0.0]","[62.54243850708008, 4.5, 0.0]",6.447261248521788,7.027315139770508,0.5705715081091522,18.223634355901215,0.5883406075131976,0.20896833389997482,0.0,0.20896833389997482,0.0
14.194786,"[44.239768981933594, 0.7918258309364319, 0.0]","[62.68614196777344, 4.5, 0.0]",6.458682665960343,7.0442094802856445,0.5710708719277591,18.245521002733305,0.5800538912487196,0.2091626450419426,0.0,0.2091626450419426,0.0
14.215437,"[44.36869812011719, 0.7898716330528259, 0.0]","[62.827518463134766, 4.5, 0.0]",6.470113686111003,7.0475754737854,0.5715510075329888,18.273224491784195,0.5855268143253012,0.20932726562023163,0.0,0.20932726562023163,0.0
14.234707,"[44.49786376953125, 0.7882815599441528, 0.0]","[62.96843719482422, 4.5, 0.0]",6.481550146825195,7.0642008781433105,0.5718230357095955,18.298285667143887,0.5774617876743973,0.20946986973285675,0.0,0.20946986973285675,0.0
14.258811,"[44.627262115478516, 0.7870576977729797, 0.0]","[63.10980224609375, 4.5, 0.0]",6.4929941553923936,7.067524909973145,0.5722004283599258,18.322563872944418,0.5826507313181155,0.20959699526429176,0.0,0.20959699526429176,0.0
14.27477,"[44.75688934326172, 0.7862024307250977, 0.0]","[63.251365661621094, 4.5, 0.0]",6.504158938793643,7.084195137023926,0.55823917006248,18.346958263279383,0.5745307545807519,0.2045920304954052,0.0,0.2045920304954052,0.0
14.295021,"[44.886749267578125, 0.7857181429862976, 0.0]","[63.39329528808594, 4.5, 0.0]",6.51533188372655,7.087559700012207,0.5586472466453607,18.371220417992927,0.5800361982302826,0.2047387883067131,0.0,0.2047387883067131,0.0
14.315691,"[45.0168342590332, 0.7856075763702393, 0.0]","[63.53706741333008, 4.5, 0.0]",6.5265140608864565,7.104355812072754,0.5591088579953052,18.395510916179372,0.5722278162856567,0.2048821933567524,0.0,0.2048821933567524,0.0
14.334885,"[45.14714050292969, 0.785872757434845, 0.0]","[63.67466735839844, 4.5, 0.0]",6.5377073919769275,7.1073455810546875,0.5596665545235524,18.421309764275158,0.5778417511862974,0.20508814603090286,0.0,0.20508814603090286,0.0
14.355039,"[45.27766799926758, 0.7865156531333923, 0.0]","[63.81983184814453, 4.5, 0.0]",6.54891482377407,7.124198913574219,0.5603715898571338,18.440600402229762,0.56963818907776,0.20534109324216843,0.0,0.20534109324216843,0.0
14.374458,"[45.408416748046875, 0.7875380516052246, 0.0]","[63.9598274230957, 4.5, 0.0]",6.56014504965078,7.12735652923584,0.5615112938354816,18.467115525690243,0.5752840898001486,0.20575553178787231,0.0,0.20575553178787231,0.0
14.395965,"[45.53938674926758, 0.7889418005943298, 0.0]","[64.10477447509766, 4.5, 0.0]",6.571384323971782,7.144194602966309,0.5619637160501068,18.488111781943697,0.56721147958506,0.20592432469129562,0.0,0.20592432469129562,0.0
14.414403,"[45.67057800292969, 0.7907289266586304, 0.0]","[64.24534606933594, 4.5, 0.0]",6.582633687093511,7.150697708129883,0.5624681560864708,18.51370543571494,0.5728102789945266,0.2061159722507,0.0,0.2061159722507,0.0
14.434037,"[45.80198669433594, 0.792901337146759, 0.0]","[64.3883285522461, 4.5, 0.0]",6.593892318741446,7.160661697387696,0.5629315823967307,18.534563363253156,0.5680640210363714,0.2062915824353695,0.0,0.2062915824353695,0.0
14.454902,"[45.93361282348633, 0.7954609990119934, 0.0]","[64.53457641601562, 4.5, 0.0]",6.53484913739422,7.170853137969971,-2.952159067361304,18.557472556307076,0.5667693786462502,0.20645376294851303,0.0,0.20645376294851303,0.0
14.478654,"[46.06545639038086, 0.7984098196029663, 0.0]","[64.67778015136719, 4.5, 0.0]",6.544782164128404,7.180832386016846,0.49665133670919737,18.583282445121476,0.6360040005757508,0.20295090973377228,0.0,0.20295090973377228,0.0
14.494795,"[46.196144104003906, 0.7999910116195679, 0.0]","[64.82195281982422, 4.5, 0.0]",6.555126303442122,7.190879821777344,0.5172069656858902,18.605676391520674,0.6360502218884418,0.20153183490037918,0.0,0.20153183490037918,0.0
14.515133,"[46.3270149230957, 0.8025577068328857, 0.0]","[64.966064453125, 4.5, 0.0]",6.565551639413336,7.200892925262451,0.5212667985607045,18.62654294354698,0.6357535183352221,0.19888080656528473,0.0,0.19888080656528473,0.0
14.534415,"[46.45807647705078, 0.8057886362075806, 0.0]","[65.11003112792969, 4.5, 0.0]",6.575936040287266,7.210855960845947,0.5192200436965333,18.647852341401386,0.6353412858491154,0.19583715125918388,0.0,0.19583715125918388,0.0
14.555085,"[46.589332580566406, 0.8095335960388184, 0.0]","[65.2542953491211, 4.5, 0.0]",6.586365432576472,7.220839500427246,0.5214696144602904,18.669334451390252,0.6349199205586809,0.19519146531820297,0.0,0.19519146531820297,0.0
14.574847,"[46.72078323364258, 0.813726007938385, 0.0]","[65.39595031738281, 4.5, 0.0]",6.59817961763726,7.230642795562745,0.5907092530393676,18.691273050302947,0.6344740678507739,0.21922525018453598,0.0,0.21922525018453598,0.0
14.596531,"[46.8524284362793, 0.8183398842811584, 0.0]","[65.54390716552734, 4.5, 0.0]",6.609984363519051,7.240881919860842,0.5902372940895795,18.71062992231121,0.6324631779254855,0.21834691986441612,0.0,0.21834691986441612,0.0
14.614693,"[46.98429489135742, 0.8233678340911865, 0.0]","[65.68614959716797, 4.5, 0.0]",6.6217940097855434,7.250698089599609,0.590482313324614,18.736213652052843,0.6308975563417905,0.21786797791719437,0.0,0.21786797791719437,0.0
14.635328,"[47.11638259887695, 0.8288089036941528, 0.0]","[65.8341064453125, 4.5, 0.0]",6.633620067130694,7.260866641998291,0.5913028672575482,18.755902051726093,0.6289040798140659,0.2177736721932888,0.0,0.2177736721932888,0.0
14.654783,"[47.248687744140625, 0.8346636295318604, 0.0]","[65.97967529296875, 4.5, 0.0]",6.645475217833875,7.270871162414551,0.5927575351590164,18.781058130146757,0.6272465748675966,0.2179718017578125,0.0,0.2179718017578125,0.0
14.673976,"[47.38121032714844, 0.8409351110458374, 0.0]","[66.12213897705078, 4.5, 0.0]",6.657232760112896,7.280662536621094,0.5878771139510519,18.803537531638625,0.625395944580676,0.21591909229755402,0.0,0.21591909229755402,0.0
14.694795,"[47.51395034790039, 0.8476229310035706, 0.0]","[66.27058410644531, 4.5, 0.0]",6.669027885231118,7.290864944458008,0.5897562559110892,18.8225887012795,0.623429776508198,0.21638436242938042,0.0,0.21638436242938042,0.0
14.716375,"[47.64690399169922, 0.8547244668006897, 0.0]","[66.41699981689453, 4.5, 0.0]",6.680863982374871,7.300899028778077,0.5918048571876611,18.84726795313206,0.6218370592268903,0.21696114912629128,0.0,0.21696114912629128,0.0
14.737271,"[47.78007125854492, 0.8622369766235352, 0.0]","[66.5624771118164, 4.5, 0.0]",6.692739361954501,7.310829162597656,0.5937689789814904,18.86954528786333,0.6200350464032063,0.21759556606411934,0.0,0.21759556606411934,0.0
14.755113,"[47.9134521484375, 0.8701575994491577, 0.0]","[66.70601654052734, 4.5, 0.0]",6.704651932679102,7.320626735687256,0.5956285362300751,18.89049838121201,0.6180898006431557,0.21819105371832848,0.0,0.21819105371832848,0.0
14.774605,"[48.04704666137695, 0.8784838914871216, 0.0]","[66.85277557373047, 4.5, 0.0]",6.716424912913225,7.3306450843811035,0.5886490117061438,18.90911280868495,0.6159748030081538,0.21560681983828545,0.0,0.21560681983828545,0.0
14.795206,"[48.18085479736328, 0.8872147798538208, 0.0]","[66.99996948242188, 4.5, 0.0]",6.728219981636211,7.340692043304443,0.5897534361492873,18.930533242176324,0.6142201714678786,0.21597648039460182,0.0,0.21597648039460182,0.0
14.817482,"[48.31487274169922, 0.8963493704795837, 0.0]","[67.14653015136719, 4.5, 0.0]",6.740044622020403,7.350668907165527,0.591232019209631,18.951967266705157,0.6124720616682326,0.21651489660143852,0.0,0.21651489660143852,0.0
14.837357,"[48.4490966796875, 0.9058886170387268, 0.0]","[67.29500579833984, 4.5, 0.0]",6.7518951733452,7.364068031311035,0.59252756623982,18.972340901408824,0.610624285145124,0.21696409210562706,0.0,0.21696409210562706,0.0
14.855924,"[48.58353042602539, 0.9158337116241455, 0.0]","[67.44422912597656, 4.5, 0.0]",6.763767008001146,7.367518901824952,0.5935917327973161,18.99419919999322,0.6121728579658354,0.2173304371535778,0.0,0.2173304371535778,0.0
14.880167,"[48.718170166015625, 0.9261862635612488, 0.0]","[67.58959197998047, 4.5, 0.0]",6.775464731394562,7.384040355682373,0.5848861696708063,19.016362288986834,0.603751893823806,0.21417014300823212,0.0,0.21417014300823212,0.0
14.894656,"[48.8530158996582, 0.9369477033615112, 0.0]","[67.73660278320312, 4.5, 0.0]",6.7871820214821295,7.387341022491455,0.5858645043783639,19.034226988595794,0.6085756242878109,0.2145349234342575,0.0,0.2145349234342575,0.0
14.915717,"[48.98806381225586, 0.9481196403503418, 0.0]","[67.88491821289062, 4.5, 0.0]",6.798915716671044,7.404034614562988,0.5866847594457436,19.053286975181262,0.6001590010093256,0.21482519805431366,0.0,0.21482519805431366,0.0
14.938012,"[49.123313903808594, 0.9597043395042419, 0.0]","[68.03536987304688, 4.5, 0.0]",6.810662874086921,7.407499790191651,0.5873578707938254,19.073196196022753,0.605118897891944,0.21505316719412804,0.0,0.21505316719412804,0.0
14.956147,"[49.25876235961914, 0.971703290939331, 0.0]","[68.1845703125, 4.5, 0.0]",6.822312106399039,7.424213409423828,0.5824616156059115,19.094779640265074,0.5968369161047304,0.2132953144609928,0.0,0.2132953144609928,0.0
14.976235,"[49.3944091796875, 0.9841182827949524, 0.0]","[68.333251953125, 4.5, 0.0]",6.83397278844507,7.4275593757629395,0.5830341023015606,19.114653378414687,0.6019013030247891,0.21348631009459496,0.0,0.21348631009459496,0.0
14.996005,"[49.530250549316406, 0.9969503879547119, 0.0]","[68.47956085205078, 4.5, 0.0]",6.845647330235681,7.44407844543457,0.5837270895305391,19.13354367073673,0.5935865873178692,0.2136985957622528,0.0,0.2136985957622528,0.0
15.015158,"[49.66628646850586, 1.010201334953308, 0.0]","[68.6270751953125, 4.5, 0.0]",6.857331905654081,7.447319030761719,0.5842287709199923,19.149600556764366,0.5984311151988893,0.2138693630695343,0.0,0.2138693630695343,0.0
15.034685,"[49.80251693725586, 1.023871898651123, 0.0]","[68.77662658691406, 4.5, 0.0]",6.869026945338019,7.463988304138184,0.5847519841969184,19.166387848072628,0.5899871251076378,0.21400798112154007,0.0,0.21400798112154007,0.0
15.056642,"[49.93893814086914, 1.037962555885315, 0.0]","[68.92666625976562, 4.5, 0.0]",6.880736439451912,7.467358589172363,0.585474705694633,19.184729411822506,0.5949613588001643,0.21418657153844833,0.0,0.21418657153844833,0.0
15.078025,"[50.0755500793457, 1.052473545074463, 0.0]","[69.07586669921875, 4.5, 0.0]",6.892150094792946,7.484004497528076,0.5706827670517001,19.203078038088822,0.5866221497204513,0.20874066278338432,0.0,0.20874066278338432,0.0
15.097413,"[50.21235275268555, 1.067403793334961, 0.0]","[69.22541046142578, 4.5, 0.0]",6.903583998027307,7.487340927124024,0.5716951617180666,19.22010435480154,0.5918544027351302,0.20895525813102722,0.0,0.20895525813102722,0.0
15.117055,"[50.34933853149414, 1.0827515125274658, 0.0]","[69.37853240966797, 4.5, 0.0]",6.915036218247494,7.504221439361572,0.5726110110093163,19.236980403109712,0.5837569290967171,0.20914161577820778,0.0,0.20914161577820778,0.0
15.1363,"[50.486507415771484, 1.0985138416290283, 0.0]","[69.52822875976562, 4.5, 0.0]",6.926513494715179,7.50750207901001,0.5738638233842686,19.256930421072774,0.5891852211140787,0.20930536091327667,0.0,0.20930536091327667,0.0
15.156608,"[50.62385940551758, 1.1146876811981201, 0.0]","[69.6761703491211, 4.5, 0.0]",6.9379980890815895,7.523997783660889,0.5742297183205292,19.272970123156135,0.5809885842948308,0.20915277302265167,0.0,0.20915277302265167,0.0
15.178345,"[50.76139450073242, 1.131265640258789, 0.0]","[69.82938385009766, 4.5, 0.0]",6.949512573193869,7.527512550354004,0.5757242056139589,19.28675926306383,0.5859996945792991,0.20934885367751122,0.0,0.20934885367751122,0.0
15.196524,"[50.899112701416016, 1.1482402086257935, 0.0]","[69.9803466796875, 4.5, 0.0]",6.961059359222396,7.544209003448486,0.5773393014263828,19.3052839832043,0.5779999771601352,0.20958533510565758,0.0,0.20958533510565758,0.0
15.216449,"[51.03701400756836, 1.165601372718811, 0.0]","[70.12931060791016, 4.5, 0.0]",6.972639240516689,7.5474138259887695,0.5789940647146441,19.32104876330037,0.58314964422609,0.2097928710281849,0.0,0.2097928710281849,0.0
15.241214,"[51.17510223388672, 1.1833382844924927, 0.0]","[70.28022003173828, 4.5, 0.0]",6.984248545144841,7.5640411376953125,0.5804652314076009,19.33429854365759,0.5747745854720803,0.2099750004708767,0.0,0.2099750004708767,0.0
15.256337,"[51.31337356567383, 1.2014381885528564, 0.0]","[70.42963409423828, 4.5, 0.0]",6.995885521847649,7.567236900329591,0.5818488351403861,19.348949010775858,0.5797925925504712,0.21013544872403145,0.0,0.21013544872403145,0.0
15.275304,"[51.45183563232422, 1.219887375831604, 0.0]","[70.58228302001953, 4.5, 0.0]",7.007207034211766,7.58397912979126,0.5660756182058524,19.361578151080376,0.5713513784819417,0.20462028682231903,0.0,0.20462028682231903,0.0
15.295673,"[51.59048843383789, 1.2386717796325684, 0.0]","[70.73416137695312, 4.5, 0.0]",7.01856272421643,7.587337970733643,0.5677845002332038,19.376878685908974,0.5767720955794937,0.2048954926431179,0.0,0.2048954926431179,0.0
15.316309,"[51.72932052612305, 1.2577964067459106, 0.0]","[70.88590240478516, 4.5, 0.0]",7.0299532915379235,7.603993892669678,0.5695283660746675,19.390870346061984,0.5687752465172125,0.20520592108368874,0.0,0.20520592108368874,0.0
15.33597,"[51.86833953857422, 1.2772421836853027, 0.0]","[71.03849792480469, 4.5, 0.0]",7.041365886222556,7.607333660125732,0.5706297342316091,19.404205519880072,0.5740406011317543,0.2054821327328682,0.0,0.2054821327328682,0.0
15.356266,"[52.007545471191406, 1.2969906330108643, 0.0]","[71.1910171508789, 4.5, 0.0]",7.052797033025913,7.6240010261535645,0.5715573401678498,19.41786563351264,0.5659677739031768,0.20572565495967865,0.0,0.20572565495967865,0.0
15.380844,"[52.14693832397461, 1.3170313835144043, 0.0]","[71.34842681884766, 4.5, 0.0]",7.064226365900262,7.630990028381348,0.5714666437174554,19.430931099891108,0.5712039931276518,0.20566405728459358,0.0,0.20566405728459358,0.0
15.395583,"[52.286521911621094, 1.3373538255691528, 0.0]","[71.49523162841797, 4.5, 0.0]",7.075664250040382,7.640616416931152,0.5718942070060073,19.44833968396743,0.5667636624810859,0.20585350692272186,0.0,0.20585350692272186,0.0
15.41742,"[52.42629623413086, 1.3579485416412354, 0.0]","[71.64945220947266, 4.5, 0.0]",7.08709760705336,7.650702953338623,0.5716678506488826,19.45472463001018,0.5649521668907704,0.20576711744070053,0.0,0.20576711744070053,0.0
15.435776,"[52.56626510620117, 1.3788076639175415, 0.0]","[71.80226135253906, 4.5, 0.0]",7.098543167560635,7.66065788269043,0.5722780253637705,19.467977622968895,0.5636053462852635,0.20598797127604485,0.0,0.20598797127604485,0.0
15.456279,"[52.706424713134766, 1.3999226093292236, 0.0]","[71.95626068115234, 4.5, 0.0]",7.109995322737572,7.670690059661865,0.5726077588468659,19.479351582537408,0.5621147151297947,0.20614298060536385,0.0,0.20614298060536385,0.0
15.476644,"[52.846778869628906, 1.4212846755981445, 0.0]","[72.10881805419922, 4.5, 0.0]",7.12124169656307,7.680629253387451,0.5623186912748768,19.49144329474102,0.560694736924293,0.20241102203726768,0.0,0.20241102203726768,0.0
15.496474,"[52.987327575683594, 1.4428845643997192, 0.0]","[72.26609802246094, 4.5, 0.0]",7.132501233194961,7.690875053405762,0.5629768315945416,19.501653999738274,0.5593875568243813,0.20265670493245125,0.0,0.20265670493245125,0.0
15.517174,"[53.12807083129883, 1.4647114276885986, 0.0]","[72.4173355102539, 4.5, 0.0]",7.143773756409638,7.7007012367248535,0.5636261607338877,19.516104269157587,0.5583738202108011,0.20293733105063438,0.0,0.20293733105063438,0.0
15.537259,"[53.26900863647461, 1.486755609512329, 0.0]","[72.5706787109375, 4.5, 0.0]",7.155061768865177,7.710626602172852,0.5644006227769172,19.524144778988926,0.5569274803152151,0.20318496972322464,0.0,0.20318496972322464,0.0
15.556929,"[53.41014099121094, 1.5090093612670898, 0.0]","[72.7248306274414, 4.5, 0.0]",7.166358514461564,7.720603942871094,0.5648372798193524,19.533859751991635,0.5555648333076748,0.2034020982682705,0.0,0.2034020982682705,0.0
15.576232,"[53.55147171020508, 1.5314576625823975, 0.0]","[72.88343811035156, 4.5, 0.0]",7.177523705664481,7.730869770050051,0.5582595601458795,19.543977905931314,0.55424542840953,0.20109668374061584,0.0,0.20109668374061584,0.0
15.597142,"[53.69300079345703, 1.5540941953659058, 0.0]","[73.03791046142578, 4.5, 0.0]",7.188695940155752,7.74086856842041,0.5586117245635513,19.55811694568335,0.5533460643855692,0.20128093659877777,0.0,0.20128093659877777,0.0
15.616377,"[53.8347282409668, 1.5769106149673462, 0.0]","[73.1931381225586, 4.5, 0.0]",7.199873808685169,7.750888347625732,0.558893426470819,19.56778956064735,0.5521726282646577,0.2014457806944847,0.0,0.2014457806944847,0.0
15.636,"[53.976654052734375, 1.5998992919921875, 0.0]","[73.3460693359375, 4.5, 0.0]",7.211054071881965,7.760722637176514,0.5590131598398163,19.577848459539574,0.5510145389405636,0.20159520208835602,0.0,0.20159520208835602,0.0
15.657388,"[54.118778228759766, 1.6230547428131104, 0.0]","[73.50043487548828, 4.5, 0.0]",7.222234800093699,7.7706499099731445,0.5590364105866996,19.58528882305346,0.5496685652945486,0.20173262804746628,0.0,0.20173262804746628,0.0
15.676092,"[54.26110076904297, 1.6463737487792969, 0.0]","[73.65619659423828, 4.5, 0.0]",7.233294610616552,7.780666351318359,0.5529905261426382,19.593812026907045,0.5484151098794454,0.19965162500739098,0.0,0.19965162500739098,0.0
15.695865,"[54.40362548828125, 1.6698566675186157, 0.0]","[73.81159210205078, 4.5, 0.0]",7.244354199321877,7.7906599044799805,0.5529794352662432,19.60339028226683,0.5473717407018075,0.19978921860456467,0.0,0.19978921860456467,0.0
15.716554,"[54.54634475708008, 1.6935038566589355, 0.0]","[73.97113037109375, 4.5, 0.0]",7.255417719164739,7.800892353057861,0.5531759921431068,19.61228656305477,0.5463057051581037,0.19992226734757423,0.0,0.19992226734757423,0.0
15.737189,"[54.68926239013672, 1.7173160314559937, 0.0]","[74.12722778320312, 4.5, 0.0]",7.266485179213045,7.810866832733154,0.5533730024152916,19.624970098675703,0.5454746338931225,0.20005235448479652,0.0,0.20005235448479652,0.0
15.760455,"[54.832374572753906, 1.741291880607605, 0.0]","[74.28295135498047, 4.5, 0.0]",7.277556129186202,7.82081699371338,0.5535474986578581,19.63395057701966,0.5443816535201096,0.2001805417239666,0.0,0.2001805417239666,0.0
15.775568,"[54.975685119628906, 1.7654293775558472, 0.0]","[74.43732452392578, 4.5, 0.0]",7.288517289711369,7.830681324005127,0.548058026258369,19.64226786971086,0.5432608645271779,0.19823748618364334,0.0,0.19823748618364334,0.0
15.797498,"[55.11919403076172, 1.789726734161377, 0.0]","[74.59672546386719, 4.5, 0.0]",7.299482712323164,7.8441996574401855,0.5482711305897503,19.648959081830697,0.5421640342937577,0.19837822765111923,0.0,0.19837822765111923,0.0
15.81642,"[55.26289749145508, 1.8141834735870361, 0.0]","[74.75416564941406, 4.5, 0.0]",7.310451134493813,7.847566604614258,0.5484211085324375,19.660325206937365,0.5447169451170213,0.19851820543408394,0.0,0.19851820543408394,0.0
15.839751,"[55.406795501708984, 1.8388004302978516, 0.0]","[74.90992736816406, 4.5, 0.0]",7.3214268738307124,7.86412239074707,0.5487869668449719,19.669473446028114,0.5371154701204448,0.19865753129124641,0.0,0.19865753129124641,0.0
15.860311,"[55.55088806152344, 1.8635796308517456, 0.0]","[75.0673828125, 4.5, 0.0]",7.332409223321614,7.867453575134277,0.5491174745450689,19.6766852554979,0.5426955169163579,0.19879594445228577,0.0,0.19879594445228577,0.0
15.876477,"[55.69517517089844, 1.8885197639465332, 0.0]","[75.2257308959961, 4.5, 0.0]",7.343213142015528,7.884173393249512,0.5401959346956975,19.68528920364092,0.5350443518126635,0.19555578008294106,0.0,0.19555578008294106,0.0
15.895592,"[55.83966064453125, 1.9136184453964233, 0.0]","[75.38060760498047, 4.5, 0.0]",7.35402771538651,7.887340545654299,0.5407286685491286,19.694496387792192,0.540960251233984,0.1957591436803341,0.0,0.1957591436803341,0.0
15.917644,"[55.984336853027344, 1.9388723373413086, 0.0]","[75.54133605957031, 4.5, 0.0]",7.364854684297096,7.9041852951049805,0.5413484455292661,19.70000022676233,0.5333128302677883,0.19596077501773834,0.0,0.19596077501773834,0.0
15.935839,"[56.129207611083984, 1.9642772674560547, 0.0]","[75.69982147216797, 4.5, 0.0]",7.375691075082699,7.907517910003662,0.5418195392801639,19.71100669369195,0.5393306108078848,0.19609417766332626,0.0,0.19609417766332626,0.0
15.956491,"[56.27427291870117, 1.9898279905319214, 0.0]","[75.85859680175781, 4.5, 0.0]",7.386535271682337,7.924201965332031,0.5422098299819211,19.719530760058355,0.5318268349209632,0.19617432728409767,0.0,0.19617432728409767,0.0
15.977844,"[56.419532775878906, 2.0155184268951416, 0.0]","[76.01644134521484, 4.5, 0.0]",7.397431444003184,7.927494049072266,0.5448086160423138,19.7280751305639,0.5376666936496939,0.1970999874174595,0.0,0.1970999874174595,0.0
15.996884,"[56.56499099731445, 2.0413403511047363, 0.0]","[76.17572021484375, 4.5, 0.0]",7.408337086426352,7.944209098815918,0.545282121158408,19.735441329301803,0.530062605069082,0.19720250740647316,0.0,0.19720250740647316,0.0
16.018943,"[56.71064758300781, 2.0672850608825684, 0.0]","[76.33489990234375, 4.5, 0.0]",7.41924933421907,7.947559356689453,0.5456123896359077,19.7439638734551,0.5358720123895662,0.19731076434254646,0.0,0.19731076434254646,0.0
16.036514,"[56.85650634765625, 2.0933408737182617, 0.0]","[76.49100494384766, 4.5, 0.0]",7.430169303490135,7.964012622833252,0.5459984635532322,19.75213908352043,0.5283100224703832,0.19743945449590683,0.0,0.19743945449590683,0.0
16.057875,"[57.002567291259766, 2.119500160217285, 0.0]","[76.65042114257812, 4.5, 0.0]",7.441097225891341,7.967341423034668,0.5463961200603329,19.757042717317795,0.5338433193431174,0.19756920635700226,0.0,0.19756920635700226,0.0
16.07641,"[57.148834228515625, 2.145751476287842, 0.0]","[76.81001281738281, 4.5, 0.0]",7.451803683631409,7.984013557434082,0.5353228870033977,19.764975313016798,0.5262441971433267,0.19357062876224518,0.0,0.19357062876224518,0.0
16.097497,"[57.29530715942383, 2.1720850467681885, 0.0]","[76.96939086914062, 4.5, 0.0]",7.462518626234161,7.987339496612551,0.535747130137576,19.772853678174794,0.5322098738026728,0.1937360316514969,0.0,0.1937360316514969,0.0
16.118749,"[57.441986083984375, 2.198488235473633, 0.0]","[77.12907409667969, 4.5, 0.0]",7.473240267256395,8.003992080688477,0.5360820511117304,19.78030605099082,0.5248208703783899,0.19390158355236053,0.0,0.19390158355236053,0.0
16.138454,"[57.588871002197266, 2.2249481678009033, 0.0]","[77.28965759277344, 4.5, 0.0]",7.48396911626683,8.007328987121582,0.5364424505217347,19.78785563862233,0.5307518134320812,0.19406596198678017,0.0,0.19406596198678017,0.0
16.160009,"[57.735965728759766, 2.2514545917510986, 0.0]","[77.45060729980469, 4.5, 0.0]",7.494700662048276,8.024024963378906,0.536577289072282,19.79610066028162,0.523359870854752,0.1941644586622715,0.0,0.1941644586622715,0.0
16.177744,"[57.88327407836914, 2.2779951095581055, 0.0]","[77.61135864257812, 4.5, 0.0]",7.505467309251976,8.027373313903809,0.5383323601850343,19.804524345025612,0.5293243013306306,0.19487524405121803,0.0,0.19487524405121803,0.0
16.199063,"[58.03079605102539, 2.304558753967285, 0.0]","[77.7747802734375, 4.5, 0.0]",7.516236380448145,8.044222831726074,0.5384535598084383,19.812578249802844,0.5219060046518322,0.1949826069176197,0.0,0.1949826069176197,0.0
16.216388,"[58.17853546142578, 2.331130266189575, 0.0]","[77.9354019165039, 4.5, 0.0]",7.527011848564832,8.047536849975586,0.5387734058343252,19.823098995762855,0.5279864512779291,0.19510837271809578,0.0,0.19510837271809578,0.0
16.237529,"[58.32649230957031, 2.3576998710632324, 0.0]","[78.09627532958984, 4.5, 0.0]",7.5377958529613505,8.064165115356445,0.5392002198259416,19.830711864684996,0.5205250014107543,0.19524738192558289,0.0,0.19524738192558289,0.0
16.257641,"[58.474666595458984, 2.384277105331421, 0.0]","[78.2579116821289, 4.5, 0.0]",7.548588534351212,8.067505836486816,0.5396340694930668,19.838432498611567,0.5263692623950949,0.1953950896859169,0.0,0.1953950896859169,0.0
16.277981,"[58.6230583190918, 2.4108762741088867, 0.0]","[78.41998291015625, 4.5, 0.0]",7.559178314142012,8.084209442138672,0.5294889895400168,19.846755762467804,0.5189173021356046,0.19171249121427536,0.0,0.19171249121427536,0.0
16.29693,"[58.771663665771484, 2.437504768371582, 0.0]","[78.58149719238281, 4.5, 0.0]",7.569773339578447,8.090876579284668,0.5297512718217323,19.85534139568733,0.5250311279966597,0.19182978197932243,0.0,0.19182978197932243,0.0
16.317476,"[58.92047882080078, 2.464165687561035, 0.0]","[78.7419204711914, 4.5, 0.0]",7.580372980172026,8.100784301757812,0.5299820296789548,19.86320353519098,0.5211032397062212,0.1918991468846798,0.0,0.1918991468846798,0.0
16.336559,"[59.06950378417969, 2.4908623695373535, 0.0]","[78.90582275390625, 4.5, 0.0]",7.590976492717354,8.110870361328125,0.5301756272664271,19.869812845887914,0.5204113215857866,0.19198808819055557,0.0,0.19198808819055557,0.0
16.357527,"[59.21873474121094, 2.517597198486328, 0.0]","[79.06805419921875, 4.5, 0.0]",7.601585209491323,8.120854377746582,0.5304358386984287,19.879657548387456,0.5198938686107706,0.19209431484341621,0.0,0.19209431484341621,0.0
16.37683,"[59.3681755065918, 2.5443718433380127, 0.0]","[79.23059844970703, 4.5, 0.0]",7.612189183031335,8.13085651397705,0.5301986770005929,19.88766813957212,0.519269168255259,0.1919783465564251,0.0,0.1919783465564251,0.0
16.396224,"[59.517822265625, 2.5711872577667236, 0.0]","[79.39325714111328, 4.5, 0.0]",7.622798472731419,8.14086627960205,0.5304644850042006,19.895788357668327,0.5186673309457159,0.19211208447813988,0.0,0.19211208447813988,0.0
16.417016,"[59.66767883300781, 2.5980441570281982, 0.0]","[79.55640411376953, 4.5, 0.0]",7.633408101826291,8.150879859924316,0.5304814547435921,19.903821956841863,0.5180678068706319,0.19219066947698593,0.0,0.19219066947698593,0.0
16.435882,"[59.8177490234375, 2.624910593032837, 0.0]","[79.71907806396484, 4.5, 0.0]",7.644014521004705,8.160829544067383,0.5303209589206936,19.91213152965377,0.5174717580980257,0.19222823902964592,0.0,0.19222823902964592,0.0
16.457258,"[59.96803665161133, 2.651762008666992, 0.0]","[79.8814697265625, 4.5, 0.0]",7.654621205299443,8.170762062072754,0.5303342147369161,19.919799747338764,0.5168150230626782,0.19229182973504066,0.0,0.19229182973504066,0.0
16.482419,"[60.11854553222656, 2.6785826683044434, 0.0]","[80.04644012451172, 4.5, 0.0]",7.678789508209302,8.180851936340332,1.2084151454929692,19.927038972801334,0.516140856773311,0.4379216581583023,0.0,0.4379216581583023,0.0
16.496468,"[60.2692756652832, 2.7053627967834473, 0.0]","[80.20955657958984, 4.5, 0.0]",7.702867295072858,8.19082832336426,1.2038893431777886,19.93668177054523,0.5020624281310297,0.4363280162215233,0.0,0.4363280162215233,0.0
16.517488,"[60.42049789428711, 2.7321414947509766, 0.0]","[80.37483215332031, 4.5, 0.0]",7.726844890309884,8.200910568237305,1.1988797618513125,19.9443807654689,0.48796102829140153,0.4345294460654259,0.0,0.4345294460654259,0.0
16.535953,"[60.57221221923828, 2.7589111328125, 0.0]","[80.53887176513672, 4.5, 0.0]",7.750787056064702,8.210883140563965,1.197108287740889,19.953820769993342,0.4740656779274204,0.4338770732283592,0.0,0.4338770732283592,0.0
16.560701,"[60.72441482543945, 2.7856690883636475, 0.0]","[80.70243835449219, 4.5, 0.0]",7.774723754758935,8.220826148986816,1.1968349347116547,19.9616684100453,0.46009608449926276,0.4337228089570999,0.0,0.4337228089570999,0.0
16.576921,"[60.877105712890625, 2.8124144077301025, 0.0]","[80.86343383789062, 4.5, 0.0]",7.798671968281153,8.230613708496094,1.1974106761108771,19.968676317984393,0.4461023942278812,0.43388262391090393,0.0,0.43388262391090393,0.0
16.596981,"[61.0302848815918, 2.8391504287719727, 0.0]","[81.02864837646484, 4.5, 0.0]",7.822612981165019,8.240656852722168,1.1970506441933093,19.97277544855794,0.43194174021494103,0.4336937516927719,0.0,0.4336937516927719,0.0
16.619101,"[61.18395233154297, 2.865882396697998, 0.0]","[81.19306945800781, 4.5, 0.0]",7.846593609212101,8.250628471374512,1.1990314023540893,19.98064076742842,0.41804387155714906,0.4343762993812561,0.0,0.4343762993812561,0.0
16.637223,"[61.338104248046875, 2.8926146030426025, 0.0]","[81.35826873779297, 4.5, 0.0]",7.870617977015407,8.26060962677002,1.2012183901653373,19.987322681274435,0.404034862162411,0.435115322470665,0.0,0.435115322470665,0.0
16.65613,"[61.492740631103516, 2.919349193572998, 0.0]","[81.52472686767578, 4.5, 0.0]",7.894684703972814,8.27066707611084,1.2033363478703318,19.994360571903346,0.3899916497546121,0.4358579218387604,0.0,0.4358579218387604,0.0
16.678401,"[61.647865295410156, 2.9460887908935547, 0.0]","[81.68981170654297, 4.5, 0.0]",7.902836221469782,8.28064250946045,0.4075758748483871,20.002218453124527,0.37598237213802577,0.14771880581974983,0.0,0.14771880581974983,0.0
16.696212,"[61.8034782409668, 2.9728338718414307, 0.0]","[81.85891723632812, 4.5, 0.0]",7.9111346638943925,8.290860176086426,0.41492212123053207,20.008289662818942,0.3778062879906674,0.15035197138786316,0.0,0.15035197138786316,0.0
16.717418,"[61.95926284790039, 2.99953031539917, 0.0]","[82.02527618408203, 4.5, 0.0]",7.919555391963636,8.304220199584961,0.42103640346216054,20.01788190926079,0.3797255121920333,0.15254260040819645,0.0,0.15254260040819645,0.0
16.737504,"[62.11522674560547, 3.026179313659668, 0.0]","[82.19124603271484, 4.5, 0.0]",7.928056484537724,8.307520866394045,0.42505462870443544,20.024645646493582,0.38466480762132527,0.15399551019072533,0.0,0.15399551019072533,0.0
16.75648,"[62.27136993408203, 3.0527806282043457, 0.0]","[82.35391998291016, 4.5, 0.0]",7.936603834677783,8.323959350585938,0.42736750700291815,20.030892046971818,0.37946438185632037,0.15483908355236053,0.0,0.15483908355236053,0.0
16.776216,"[62.42769241333008, 3.079334259033203, 0.0]","[82.52415466308594, 4.5, 0.0]",7.94477147225491,8.327515602111816,0.40838187885636756,20.033753641110177,0.38735551590815476,0.14796325005590916,0.0,0.14796325005590916,0.0
16.79726,"[62.58419418334961, 3.105839729309082, 0.0]","[82.69071197509766, 4.5, 0.0]",7.9529418058596715,8.344186782836914,0.4085166802380691,20.043926897273856,0.3827441298569063,0.14801493845880032,0.0,0.14801493845880032,0.0
16.817163,"[62.74087142944336, 3.132295846939087, 0.0]","[82.85537719726562, 4.5, 0.0]",7.961101295583072,8.347384452819824,0.4079744861700263,20.050337442422315,0.3912449769772426,0.14781201258301735,0.0,0.14781201258301735,0.0
16.8374,"[62.89772415161133, 3.1587018966674805, 0.0]","[83.02259063720703, 4.5, 0.0]",7.969240896067875,8.364035606384277,0.40698002424015556,20.054746048373175,0.3862831572367522,0.14744608663022518,0.0,0.14744608663022518,0.0
16.863302,"[63.05474853515625, 3.1850574016571045, 0.0]","[83.19131469726562, 4.5, 0.0]",7.977355819605145,8.367440223693848,0.40574617686348624,20.061528306174853,0.39479471031640223,0.1469918806105852,0.0,0.1469918806105852,0.0
16.878414,"[63.21194839477539, 3.211361885070801, 0.0]","[83.35660552978516, 4.5, 0.0]",8.009327029905377,8.383976936340332,1.5985605150115934,20.06966429614134,0.3900844040887028,0.5789277702569962,0.0,0.5789277702569962,0.0
16.89713,"[63.369319915771484, 3.237614631652832, 0.0]","[83.52474212646484, 4.5, 0.0]",8.041095707690223,8.387346267700197,1.5884338892423244,20.074277583707392,0.3746499064349553,0.5752743780612946,0.0,0.5752743780612946,0.0
16.916806,"[63.52733612060547, 3.2638931274414062, 0.0]","[83.69232177734375, 4.5, 0.0]",8.072708558334769,8.403995513916016,1.5806425322272943,20.08156112123251,0.3462505600099739,0.5724557861685753,0.0,0.5724557861685753,0.0
16.936259,"[63.68599319458008, 3.290196418762207, 0.0]","[83.86039733886719, 4.5, 0.0]",8.104186068463523,8.407301902770996,1.5738755064377052,20.087681769977227,0.33128695558124654,0.5699848756194115,0.0,0.5699848756194115,0.0
16.95618,"[63.84529113769531, 3.3165223598480225, 0.0]","[84.02925872802734, 4.5, 0.0]",8.135651529254577,8.423992156982422,1.5732730395527028,20.093683392231718,0.3031158343074729,0.5698112770915031,0.0,0.5698112770915031,0.0
16.977134,"[64.00521850585938, 3.342869758605957, 0.0]","[84.19752502441406, 4.5, 0.0]",8.167107154841593,8.4273099899292,1.57278127935081,20.09985147331053,0.28834062772784463,0.56960828602314,0.0,0.56960828602314,0.0
16.996382,"[64.16577911376953, 3.369237184524536, 0.0]","[84.36627197265625, 4.5, 0.0]",8.198578667725693,8.443992614746094,1.573575644204972,20.10483584387138,0.2602028350876058,0.5699101090431213,0.0,0.5699101090431213,0.0
17.019095,"[64.32697296142578, 3.3956234455108643, 0.0]","[84.53446197509766, 4.5, 0.0]",8.230094339769987,8.447282791137695,1.575783602214731,20.109692866680437,0.24541394702040087,0.5706889182329178,0.0,0.5706889182329178,0.0
17.03576,"[64.48880767822266, 3.422027826309204, 0.0]","[84.70439910888672, 4.5, 0.0]",8.26164275630993,8.463976860046387,1.5774208269971446,20.113401468198823,0.2171884513677078,0.5712681636214256,0.0,0.5712681636214256,0.0
17.056603,"[64.65127563476562, 3.4484493732452393, 0.0]","[84.87458801269531, 4.5, 0.0]",8.293241657727725,8.4673490524292,1.5799450708897211,20.118225692277814,0.20233410373645633,0.5721715837717056,0.0,0.5721715837717056,0.0
17.076376,"[64.81437683105469, 3.4748871326446533, 0.0]","[85.04408264160156, 4.5, 0.0]",8.326989157427949,8.484016418457031,1.687374985011214,20.122697226730107,0.1741073947014744,0.6110884621739388,0.0,0.6110884621739388,0.0
17.096499,"[64.97811889648438, 3.50134015083313, 0.0]","[85.21342468261719, 4.5, 0.0]",8.360773566760008,8.48733901977539,1.6892204666029365,20.12588468727599,0.15702726102908215,0.6117696687579155,0.0,0.6117696687579155,0.0
17.118621,"[65.14253997802734, 3.5278146266937256, 0.0]","[85.38348388671875, 4.5, 0.0]",8.394596743193027,8.504016876220703,1.691158821650962,20.12831374135416,0.1265654530153828,0.6124613061547279,0.0,0.6124613061547279,0.0
17.135848,"[65.3076400756836, 3.554309368133545, 0.0]","[85.55314636230469, 4.5, 0.0]",8.428456459706847,8.507299423217773,1.692985825691018,20.130804199766654,0.10942013302767606,0.6131233274936676,0.0,0.6131233274936676,0.0
17.156982,"[65.47342681884766, 3.5808238983154297, 0.0]","[85.723876953125, 4.5, 0.0]",8.462348023633837,8.523981094360352,1.694578196349461,20.132258069753608,0.07884296351092601,0.6137290224432945,0.0,0.6137290224432945,0.0
17.176041,"[65.639892578125, 3.6073570251464844, 0.0]","[85.89459991455078, 4.5, 0.0]",8.496269792179971,8.527325630187988,1.69608842730673,20.134113481088995,0.061633070726514916,0.6142630055546761,0.0,0.6142630055546761,0.0
17.196377,"[65.80704498291016, 3.6339077949523926, 0.0]","[86.06519317626953, 4.5, 0.0]",8.530218518890639,8.543999671936035,1.6974363355333644,20.135315023447145,0.031055838008017034,0.6147181242704391,0.0,0.6147181242704391,0.0
17.217044,"[65.97488403320312, 3.660475254058838, 0.0]","[86.23627471923828, 4.5, 0.0]",8.564189733587611,8.550504684448244,1.6985607348486198,20.13573538495428,0.013781153045396621,0.6151580065488815,0.0,0.6151580065488815,0.0
17.236335,"[66.14340209960938, 3.687058210372925, 0.0]","[86.40715789794922, 4.5, 0.0]",8.598184283049331,8.556707382202148,1.6997274730860212,20.135985336624906,-0.013685049139366967,0.6155701354146004,0.0,0.6155701354146004,0.0
17.25731,"[66.31260681152344, 3.713655948638916, 0.0]","[86.57965850830078, 4.5, 0.0]",8.63219534963427,8.573002815246582,1.700553329246901,20.13539508180985,-0.04147690084718292,0.6158927455544472,0.0,0.6158927455544472,0.0
17.279588,"[66.48249816894531, 3.740267515182495, 0.0]","[86.75032806396484, 4.5, 0.0]",8.686217788000453,8.575860023498535,2.7011219183092017,20.135749331158475,-0.059192534387687346,0.9782163053750992,0.0,0.9782163053750992,0.0
17.296442,"[66.653076171875, 3.7668917179107666, 0.0]","[86.922119140625, 4.5, 0.0]",8.740116149528186,8.592116355895996,2.694918076386621,20.13364334568799,-0.11035776450191825,0.9759508818387985,0.0,0.9759508818387985,0.0
17.317633,"[66.82473754882812, 3.7935874462127686, 0.0]","[87.09757232666016, 4.5, 0.0]",8.793915077100307,8.595049858093262,2.689946378606045,20.13199193338544,-0.14799979363218974,0.9741716831922531,0.0,0.9741716831922531,0.0
17.336296,"[66.99748229980469, 3.8203516006469727, 0.0]","[87.26991271972656, 4.5, 0.0]",8.847656702408118,8.610886573791504,2.6870812653905674,20.132909043522236,-0.198865219007045,0.9731453657150269,0.0,0.9731453657150269,0.0
17.356795,"[67.17130279541016, 3.8471791744232178, 0.0]","[87.43917083740234, 4.5, 0.0]",8.90137615530504,8.613222122192383,2.685972644846135,20.129706742573813,-0.23677012861661417,0.9727859497070312,0.0,0.9727859497070312,0.0
17.376752,"[67.34619903564453, 3.8740649223327637, 0.0]","[87.61068725585938, 4.5, 0.0]",8.955099668567263,8.62901496887207,2.68617566311109,20.12242708083517,-0.28815403311265797,0.9729331731796265,0.0,0.9729331731796265,0.0
17.39635,"[67.52217864990234, 3.9010024070739746, 0.0]","[87.78345489501953, 4.5, 0.0]",9.008846809838635,8.631537437438967,2.6873570635686406,20.11634982475108,-0.32608469969519227,0.9733802825212479,0.0,0.9733802825212479,0.0
17.4166,"[67.69923400878906, 3.9279837608337402, 0.0]","[87.9569320678711, 4.5, 0.0]",9.062627618291387,8.64725399017334,2.6890404226375786,20.110484026881938,-0.3773093723996688,0.9741020202636719,0.0,0.9741020202636719,0.0
17.436412,"[67.87737274169922, 3.9549989700317383, 0.0]","[88.13336181640625, 4.5, 0.0]",9.116453255027633,8.649517059326172,2.691281836812287,20.10430964434488,-0.4153736281180471,0.9749678522348404,0.0,0.9749678522348404,0.0
17.456697,"[68.05659484863281, 3.9820380210876465, 0.0]","[88.3031997680664, 4.5, 0.0]",9.170323708841972,8.664782524108887,2.693522690716943,20.100048034153527,-0.46693619570146083,0.9759081155061722,0.0,0.9759081155061722,0.0
17.476719,"[68.23690795898438, 4.00908899307251, 0.0]","[88.4797592163086, 4.5, 0.0]",9.222123259673216,8.667052268981934,2.5899775415622273,20.088285444834863,-0.5055411847330848,0.9384976327419281,0.0,0.9384976327419281,0.0
17.496643,"[68.4183120727539, 4.036139488220215, 0.0]","[88.6531982421875, 4.5, 0.0]",9.273982550018626,8.682500839233398,2.592964517270513,20.08218098844303,-0.5550709906912825,0.9396108984947205,0.0,0.9396108984947205,0.0
17.520294,"[68.60076141357422, 4.063172340393066, 0.0]","[88.8224868774414, 4.5, 0.0]",9.325888810025893,8.68422031402588,2.5953130003633085,20.072025345236966,-0.5914817107852279,0.9406019747257233,0.0,0.9406019747257233,0.0
17.534643,"[68.78426361083984, 4.090176582336426, 0.0]","[88.99671936035156, 4.5, 0.0]",9.377838982016307,8.699249267578125,2.597508599520726,20.056858380825005,-0.6416684960000119,0.9414644539356232,0.0,0.9414644539356232,0.0
17.55686,"[68.96881866455078, 4.117142677307129, 0.0]","[89.17149353027344, 4.5, 0.0]",9.429827136909395,8.700967788696289,2.599407744654414,20.04567314665043,-0.6785897144381821,0.942138135433197,0.0,0.942138135433197,0.0
17.577,"[69.15443420410156, 4.1440582275390625, 0.0]","[89.3496322631836, 4.5, 0.0]",9.481842977895143,8.71618366241455,2.6007920492873815,20.034124754268934,-0.7288593482131063,0.94264917075634,0.0,0.94264917075634,0.0
17.595566,"[69.34111022949219, 4.170917510986328, 0.0]","[89.51976776123047, 4.5, 0.0]",9.533884099157643,8.717679977416992,2.60205606312498,20.02500180812363,-0.7656593154805922,0.9430805593729019,0.0,0.9430805593729019,0.0
17.615561,"[69.52884674072266, 4.197714805603027, 0.0]","[89.69361877441406, 4.5, 0.0]",9.585939822770216,8.73248291015625,2.60278618062868,20.007062799115708,-0.8162041217406504,0.943383052945137,0.0,0.943383052945137,0.0
17.635661,"[69.71764373779297, 4.2244462966918945, 0.0]","[89.86841583251953, 4.5, 0.0]",9.63800684257483,8.73701286315918,2.6033509902307017,19.991895346182893,-0.8534569126139662,0.9435877948999405,0.0,0.9435877948999405,0.0
17.6569,"[69.90750122070312, 4.251107215881348, 0.0]","[90.04478454589844, 4.5, 0.0]",9.69008538827187,8.744946479797363,2.60392728485197,19.97675383383004,-0.9009939794156505,0.9437766671180725,0.0,0.9437766671180725,0.0
17.676352,"[70.09841918945312, 4.277693748474121, 0.0]","[90.2195053100586, 4.5, 0.0]",9.745270574723172,8.7528076171875,2.7592593225651108,19.962253044945033,-0.9451389084745063,1.0,0.0,1.0,0.0
17.696807,"[70.29039764404297, 4.304200649261475, 0.0]","[90.39787292480469, 4.5, 0.0]",9.800455454951292,8.760831832885742,2.7592440114060146,19.945201638448644,-0.9924629575356718,1.0,0.0,1.0,0.0
17.717021,"[70.48350524902344, 4.330631732940674, 0.0]","[90.56993103027344, 4.5, 0.0]",9.855642628124675,8.76830005645752,2.7593586586691643,19.930830274573484,-1.03962362206555,1.0,0.0,1.0,0.0
17.735915,"[70.677734375, 4.35698127746582, 0.0]","[90.74816131591797, 4.5, 0.0]",9.910826997918463,8.77563190460205,2.7592184896893635,19.90921252589308,-1.0873425716671559,1.0,0.0,1.0,0.0
17.758216,"[70.87309265136719, 4.383243083953857, 0.0]","[90.92303466796875, 4.5, 0.0]",9.96601046193251,8.78282642364502,2.759173200702403,19.89270441348945,-1.1351950933164119,1.0,0.0,1.0,0.0
17.777461,"[71.06957244873047, 4.40941047668457, 0.0]","[91.10031127929688, 4.5, 0.0]",10.021194232280434,8.790119171142578,2.7591885173961828,19.871856965984332,-1.1831840382874912,1.0,0.0,1.0,0.0
17.796984,"[71.26718139648438, 4.435476303100586, 0.0]","[91.27593994140625, 4.5, 0.0]",10.076373675386776,8.797345161437988,2.7589721553170854,19.852383011181537,-1.2310750611378563,1.0,0.0,1.0,0.0
17.817444,"[71.4659194946289, 4.461432933807373, 0.0]","[91.44908905029297, 4.5, 0.0]",10.131554845718254,8.804100036621094,2.759058516573898,19.830258433452027,-1.2790285139487878,1.0,0.0,1.0,0.0
17.835259,"[71.66578674316406, 4.487273693084717, 0.0]","[91.62842559814453, 4.5, 0.0]",10.104268153285577,8.810550689697266,-1.3643346216338337,19.804659657111248,-1.3274548090971603,1.0,0.0,1.0,0.0
17.857219,"[71.86677551269531, 4.512991905212402, 0.0]","[91.80470275878906, 4.5, 0.0]",10.159001840449992,8.81689167022705,2.7366843582207423,19.784173408598516,-1.2937174635883117,1.0,0.0,1.0,0.0
17.878296,"[72.06705474853516, 4.539968013763428, 0.0]","[91.98170471191406, 4.5, 0.0]",10.213958237105242,8.823258399963379,2.747819832762488,19.759641400636927,-1.3421101702229414,1.0,0.0,1.0,0.0
17.896725,"[72.26852416992188, 4.566281318664551, 0.0]","[92.15774536132812, 4.5, 0.0]",10.269006582143124,8.829590797424316,2.7524172518941015,19.734136812412217,-1.390699837141863,1.0,0.0,1.0,0.0
17.915842,"[72.47114562988281, 4.592233180999756, 0.0]","[92.33142852783203, 4.5, 0.0]",10.324096354839828,8.835367202758789,2.754488634835184,19.70717091624686,-1.4394157847188076,1.0,0.0,1.0,0.0
17.934601,"[72.67491149902344, 4.61795711517334, 0.0]","[92.50660705566406, 4.5, 0.0]",10.379210300906669,8.840513229370117,2.755697303342064,19.677263285711806,-1.4887291520810386,1.0,0.0,1.0,0.0
17.957083,"[72.87980651855469, 4.643510341644287, 0.0]","[92.68858337402344, 4.5, 0.0]",10.434340807319582,8.845858573913574,2.7565253206456752,19.64813541259299,-1.5386970715365518,1.0,0.0,1.0,0.0
17.976657,"[73.08583068847656, 4.668910026550293, 0.0]","[92.86164855957031, 4.5, 0.0]",10.3583371536566,8.850942611694336,-3.800182683149167,19.624973685199233,-1.5884822334060082,0.0,0.2333592027425766,0.0,0.2333592027425766
17.996553,"[73.29298400878906, 4.694157123565674, 0.0]","[93.04210662841797, 4.5, 0.0]",10.283105488958052,8.856243133544922,-3.761583234927368,19.59213493490782,-1.5073945419622632,0.0,0.2310153841972351,0.0,0.2310153841972351
18.015897,"[73.49866485595703, 4.718935966491699, 0.0]","[93.21979522705078, 4.5, 0.0]",10.209273826870364,8.86089324951172,-3.6915831043843994,19.565738321111404,-1.42686235541313,0.0,0.22673273086547852,0.0,0.22673273086547852
18.036749,"[73.70288848876953, 4.7432403564453125, 0.0]","[93.39694213867188, 4.5, 0.0]",10.135511726647337,8.86474895477295,-3.6881050111513325,19.538255519665228,-1.3483805773586433,0.0,0.2265331894159317,0.0,0.2265331894159317
18.059966,"[73.90567779541016, 4.7670722007751465, 0.0]","[93.57434844970703, 4.5, 0.0]",10.061615469309395,8.871943473815918,-3.6948128668971236,19.51184928335396,-1.270762771874388,0.0,0.22695879638195038,0.0,0.22695879638195038
18.076895,"[74.10704040527344, 4.790433406829834, 0.0]","[93.75200653076172, 4.5, 0.0]",9.994006841126833,8.869141578674316,-3.380431409128093,19.48726325249005,-1.1896719954934767,0.0,0.2076355367898941,0.0,0.2076355367898941
18.09715,"[74.30696868896484, 4.813326835632324, 0.0]","[93.92959594726562, 4.5, 0.0]",9.925526781912408,8.879674911499023,-3.4240029607212286,19.464471196520165,-1.1248652624525164,0.0,0.21031808853149414,0.0,0.21031808853149414
18.116087,"[74.50558471679688, 4.835770606994629, 0.0]","[94.10702514648438, 4.5, 0.0]",9.856004586123792,8.876275062561035,-3.4761097894308257,19.443147842865777,-1.0458518704133848,0.0,0.21352283656597137,0.0,0.21352283656597137
18.1357,"[74.70287322998047, 4.857766151428223, 0.0]","[94.28450012207031, 4.5, 0.0]",9.785366152734415,8.885398864746094,-3.5319216694688294,19.423072618302413,-0.9797295235627566,0.0,0.2169618457555771,0.0,0.2169618457555771
18.156578,"[74.89881134033203, 4.8793158531188965, 0.0]","[94.4617919921875, 4.5, 0.0]",9.713584498876145,8.881184577941895,-3.5890826929135144,19.40446298584309,-0.8999672879883214,0.0,0.22047528624534607,0.0,0.22047528624534607
18.176027,"[75.09337615966797, 4.900421619415283, 0.0]","[94.6363525390625, 4.5, 0.0]",9.658609092907414,8.890268325805664,-2.7487702984365647,19.387107473524605,-0.8323999209342503,0.0,0.1688195914030075,0.0,0.1688195914030075
18.195998,"[75.28654479980469, 4.921086311340332, 0.0]","[94.8140640258789, 4.5, 0.0]",9.60243499338251,8.886059761047363,-2.808704976245213,19.368491901463685,-0.7683407671017495,0.0,0.1725127398967743,0.0,0.1725127398967743
18.216474,"[75.47865295410156, 4.941349506378174, 0.0]","[94.99608612060547, 4.5, 0.0]",9.545170110341706,8.894682884216309,-2.8632441520401564,19.354476037435152,-0.716375232335146,0.0,0.1758672446012497,0.0,0.1758672446012497
18.236724,"[75.66967010498047, 4.961212635040283, 0.0]","[95.17391204833984, 4.5, 0.0]",9.48697384381308,8.889138221740723,-2.9098133264312764,19.34587523437821,-0.6504872261253976,0.0,0.1787310093641281,0.0,0.1787310093641281
18.25746,"[75.85958099365234, 4.980677127838135, 0.0]","[95.35145568847656, 4.5, 0.0]",9.427985487168884,8.896928787231445,-2.949417832209811,19.33426142066951,-0.597835622072358,0.0,0.18116742372512817,0.0,0.18116742372512817
18.276466,"[76.0483627319336, 4.999744415283203, 0.0]","[95.52981567382812, 4.5, 0.0]",9.384332867913773,8.891387939453125,-2.1826309627555496,19.323534562121583,-0.5310566999374391,0.0,0.13403449952602386,0.0,0.13403449952602386
18.298306,"[76.23599243164062, 5.0184173583984375, 0.0]","[95.70747375488281, 4.5, 0.0]",9.339989044146634,8.899179458618164,-2.2171911883569706,19.314804382004578,-0.4929449284606484,0.0,0.13615120947360992,0.0,0.13615120947360992
18.316697,"[76.42278289794922, 5.036727428436279, 0.0]","[95.88119506835938, 4.5, 0.0]",9.29507986700833,8.893146514892578,-2.245458856915228,19.306580445454337,-0.44080958552846994,0.0,0.13788336515426636,0.0,0.13788336515426636
18.336688,"[76.60871887207031, 5.054673194885254, 0.0]","[96.06333923339844, 4.5, 0.0]",9.249741286642493,8.899768829345703,-2.266929018291819,19.295332894930883,-0.4019333521157513,0.0,0.13919010758399963,0.0,0.13919010758399963
18.356858,"[76.79378509521484, 5.07225227355957, 0.0]","[96.23760986328125, 4.5, 0.0]",9.204079558573849,8.893056869506838,-2.283086403432222,19.29336901505572,-0.34997245729678994,0.0,0.14016491174697876,0.0,0.14016491174697876
18.380597,"[76.97798156738281, 5.089460372924805, 0.0]","[96.41878509521484, 4.5, 0.0]",9.170258889719548,8.899679183959961,-1.6910334427150175,19.284499455347408,-0.3110226890670109,0.0,0.10374090075492859,0.0,0.10374090075492859
18.396832,"[77.16129302978516, 5.106291770935059, 0.0]","[96.59654998779297, 4.5, 0.0]",9.136159565356605,8.892966270446777,-1.7049662181471525,19.283429092433884,-0.27057970575958734,0.0,0.10458040982484818,0.0,0.10458040982484818
18.415743,"[77.34395599365234, 5.122763633728027, 0.0]","[96.7758560180664, 4.5, 0.0]",9.101843177197562,8.899198532104492,-1.7158194079521571,19.279920673836127,-0.24319329490982788,0.0,0.10522303730249405,0.0,0.10522303730249405
18.436056,"[77.52597045898438, 5.1388702392578125, 0.0]","[96.95024108886719, 4.5, 0.0]",9.0673915519515,8.891580581665039,-1.7225812623030912,19.27867330819896,-0.2026446450930699,0.0,0.10561679303646088,0.0,0.10561679303646088
18.45686,"[77.70732879638672, 5.154603481292725, 0.0]","[97.1280746459961, 4.5, 0.0]",9.032862405725785,8.897279739379883,-1.7264573112857562,19.273265404222,-0.1758109702864612,0.0,0.10583729296922684,0.0,0.10583729296922684
18.476116,"[77.88802337646484, 5.16995906829834, 0.0]","[97.30528259277344, 4.5, 0.0]",9.007970101785162,8.88964557647705,-1.2446151970311625,19.272042010325347,-0.13558266634590233,0.0,0.07618482410907745,0.0,0.07618482410907745
18.497376,"[78.06806182861328, 5.184930324554443, 0.0]","[97.48738861083984, 4.5, 0.0]",8.982974081960402,8.8953218460083,-1.2498009912380148,19.27096067065561,-0.1183245253081111,0.0,0.07648734748363495,0.0,0.07648734748363495
18.516879,"[78.24762725830078, 5.199525833129883, 0.0]","[97.66230773925781, 4.5, 0.0]",8.957912281703916,8.887441635131836,-1.2530900128242983,19.27551959644096,-0.08765223595210081,0.0,0.07668142765760422,0.0,0.07668142765760422
18.534922,"[78.42671966552734, 5.213741302490234, 0.0]","[97.839111328125, 4.5, 0.0]",8.932831416982655,8.892510414123535,-1.2540432360630405,19.273508120541646,-0.07047064657207969,0.0,0.07674054801464081,0.0,0.07674054801464081
18.555839,"[78.6053466796875, 5.227573871612549, 0.0]","[98.01742553710938, 4.5, 0.0]",8.907758129175052,8.884228706359863,-1.253664390380127,19.27395818615555,-0.04032100285911966,0.0,0.07671235501766205,0.0,0.07671235501766205
18.576181,"[78.78349304199219, 5.241021633148193, 0.0]","[98.19502258300781, 4.5, 0.0]",8.889139989162832,8.889289855957031,-0.9309070006110254,19.27648829722294,-0.023529422815188994,0.0,0.056879132986068726,0.0,0.056879132986068726
18.600216,"[78.96116638183594, 5.254083156585693, 0.0]","[98.37388610839844, 4.5, 0.0]",8.870517182849415,8.884337425231934,-0.9311403156708309,19.278888499327056,0.00014986679419948246,0.0,0.05692130699753761,0.0,0.05692130699753761
18.617566,"[79.13849639892578, 5.266767501831055, 0.0]","[98.55345153808594, 4.5, 0.0]",8.851895817997127,8.882545471191408,-0.931068242614419,19.283119303284817,0.013820242382518444,0.0,0.05691438540816307,0.0,0.05691438540816307
18.637571,"[79.31547546386719, 5.279080390930176, 0.0]","[98.73135375976562, 4.5, 0.0]",8.833305312657803,8.880532264709473,-0.9295252669661913,19.288481946685465,0.030649653194281257,0.0,0.056836750358343124,0.0,0.056836750358343124
18.657669,"[79.49211120605469, 5.291019439697266, 0.0]","[98.90898895263672, 4.5, 0.0]",8.814765342760271,8.878522872924805,-0.9269984948765853,19.29260880080215,0.04722695205166971,0.0,0.056690867990255356,0.0,0.056690867990255356
18.676913,"[79.66839599609375, 5.302586078643799, 0.0]","[99.08716583251953, 4.5, 0.0]",8.834890959031554,8.876507759094238,1.0062808135641532,19.296876478212674,0.06375753016453345,0.3661194443702698,0.0,0.3661194443702698,0.0
18.696161,"[79.8443374633789, 5.313782691955566, 0.0]","[99.26095581054688, 4.5, 0.0]",8.854848774676594,8.874541282653809,0.9978907822519645,19.302088256375228,0.04161680006268398,0.36303479224443436,0.0,0.36303479224443436,0.0
18.716672,"[80.02069854736328, 5.32465934753418, 0.0]","[99.44245910644531, 4.5, 0.0]",8.87469069770155,8.872361183166504,0.9920961512477788,19.303310906140606,0.019692507977215,0.36092791706323624,0.0,0.36092791706323624,0.0
18.737795,"[80.19747924804688, 5.335216045379639, 0.0]","[99.61876678466797, 4.5, 0.0]",8.894505496312767,8.870067596435547,0.9907399305609133,19.311846269810204,-0.002329514535045263,0.360412560403347,0.0,0.360412560403347,0.0
18.756836,"[80.37467956542969, 5.345451354980469, 0.0]","[99.79602813720703, 4.5, 0.0]",8.914358073689074,8.867761611938477,0.9926288688153484,19.314814063216293,-0.02443789987722056,0.3610868752002716,0.0,0.3610868752002716,0.0
18.776003,"[80.55229187011719, 5.3553619384765625, 0.0]","[99.97086334228516, 4.5, 0.0]",8.934294757550772,8.865487098693848,0.9968341930848723,19.318341019028775,-0.04659646175059784,0.3626410663127899,0.0,0.3626410663127899,0.0
18.798669,"[80.7303237915039, 5.364944934844971, 0.0]","[100.14891052246094, 4.5, 0.0]",8.954348974096115,8.863170623779297,1.0027108272671725,19.319057416569315,-0.06880765885692419,0.3647996857762337,0.0,0.3647996857762337,0.0
18.816689,"[80.90876770019531, 5.374195098876953, 0.0]","[100.32583618164062, 4.5, 0.0]",8.974539285685653,8.860732078552246,1.0095155794768829,19.32257470405968,-0.09117835031681842,0.3673291951417923,0.0,0.3673291951417923,0.0
18.836674,"[81.08763122558594, 5.3831071853637695, 0.0]","[100.50590515136719, 4.5, 0.0]",8.994880041407455,8.85804271697998,1.0170377860901247,19.32457550960364,-0.11380720713340686,0.370103158056736,0.0,0.370103158056736,0.0
18.856986,"[81.26691436767578, 5.391676425933838, 0.0]","[100.6836166381836, 4.5, 0.0]",9.015372080937398,8.855387687683105,1.0246019764971415,19.329305859679405,-0.13683732442747498,0.3729574382305145,0.0,0.3729574382305145,0.0
18.875638,"[81.44662475585938, 5.39989709854126, 0.0]","[100.8580551147461, 4.5, 0.0]",8.995998140707389,8.852782249450684,-0.9686970115004634,19.331276204710285,-0.1599843932542928,0.0,0.05922158062458038,0.0,0.05922158062458038
18.896855,"[81.62676239013672, 5.40776252746582, 0.0]","[101.03890228271484, 4.5, 0.0]",8.97744286698835,8.850081443786621,-0.9277636859519767,19.32955943788578,-0.14321589125670542,0.0,0.056702036410570145,0.0,0.056702036410570145
18.916643,"[81.80652618408203, 5.415234565734863, 0.0]","[101.21145629882812, 4.5, 0.0]",8.959557225531782,8.847335815429688,-0.8942820728283785,19.333822201007084,-0.12736142320172839,0.0,0.0546332523226738,0.0,0.0546332523226738
18.934945,"[81.9859390258789, 5.422308444976807, 0.0]","[101.38838958740234, 4.5, 0.0]",8.942098830887698,8.844274520874023,-0.8729197322042026,19.330175175187172,-0.11222141010209441,0.0,0.05330977216362953,0.0,0.05330977216362953
18.956724,"[82.16500854492188, 5.428982257843018, 0.0]","[101.56794738769531, 4.5, 0.0]",8.924870631911995,8.841167449951174,-0.8614099487851412,19.331246170493134,-0.09782431001367442,0.0,0.052602216601371765,0.0,0.052602216601371765
18.976247,"[82.34374237060547, 5.4352545738220215, 0.0]","[101.7423095703125, 4.5, 0.0]",8.907810772644691,8.838150024414062,-0.8529929633652067,19.335273015230893,-0.08370318196082138,0.0,0.05208246409893036,0.0,0.05208246409893036
18.99576,"[82.52214050292969, 5.441124439239502, 0.0]","[101.91857147216797, 4.5, 0.0]",8.890713676325369,8.835100173950197,-0.8548548159660996,19.33443525461059,-0.0696607482306284,0.0,0.05219366401433945,0.0,0.05219366401433945
19.016505,"[82.70021057128906, 5.446590423583984, 0.0]","[102.096435546875, 4.5, 0.0]",8.87352072658825,8.835190773010254,-0.8596474868559412,19.33581578729944,-0.05561350237517182,0.0,0.0524907261133194,0.0,0.0524907261133194
19.040165,"[82.8779525756836, 5.451653480529785, 0.0]","[102.27091979980469, 4.5, 0.0]",8.856190558160506,8.825098991394045,-0.8665084213872021,19.339106705897397,-0.03832995357799618,0.0,0.05292491242289543,0.0,0.05292491242289543
19.057473,"[83.05535888671875, 5.4563140869140625, 0.0]","[102.4511489868164, 4.5, 0.0]",8.838689450189284,8.828229904174805,-0.8750553985611198,19.339325555307422,-0.031091566766461298,0.0,0.05345373600721359,0.0,0.05345373600721359
19.076597,"[83.23242950439453, 5.460573196411133, 0.0]","[102.6257095336914, 4.5, 0.0]",8.824651920175853,8.818136215209961,-0.7018765006715277,19.345591352394155,-0.01045954601447896,0.0,0.04282059147953987,0.0,0.04282059147953987
19.09678,"[83.40916442871094, 5.464433193206787, 0.0]","[102.80274200439453, 4.5, 0.0]",8.810411119932361,8.821330070495605,-0.7120400121745973,19.346492496356017,-0.006515704965892155,0.0,0.04345780611038208,0.0,0.04345780611038208
19.125039,"[83.58562469482422, 5.467897891998291, 0.0]","[102.9798583984375, 4.5, 0.0]",8.795994508122858,8.810956001281738,-0.7208305904751633,19.350157952904034,0.010918950563244323,0.0,0.04401224106550217,0.0,0.04401224106550217
19.138611,"[83.76180267333984, 5.470970630645752, 0.0]","[103.15404510498047, 4.5, 0.0]",8.78143740211409,8.813650131225586,-0.7278553004383959,19.354133202419508,0.014961493158880401,0.0,0.04444902390241623,0.0,0.04444902390241623
19.157113,"[83.93769836425781, 5.473653793334961, 0.0]","[103.3294448852539, 4.5, 0.0]",8.766818385519532,8.802979469299316,-0.7309508297279166,19.355407082643577,0.032212729111495975,0.0,0.0446433424949646,0.0,0.0446433424949646
19.176054,"[84.11331176757812, 5.475949287414551, 0.0]","[103.50643920898438, 4.5, 0.0]",8.754559520746433,8.805609703063965,-0.6129432386549283,19.358114136948863,0.036161083779784775,0.0,0.0373920202255249,0.0,0.0373920202255249
19.19672,"[84.28863525390625, 5.477859020233154, 0.0]","[103.68302154541016, 4.5, 0.0]",8.742216825337673,8.794912338256836,-0.6171347704380103,19.362632082292816,0.05105018231753178,0.0,0.037657275795936584,0.0,0.037657275795936584
19.215221,"[84.4637222290039, 5.479385852813721, 0.0]","[103.85900115966797, 4.5, 0.0]",8.729826049015776,8.79733943939209,-0.6195388160948667,19.36695639050896,0.05269551291916308,0.0,0.037806443870067596,0.0,0.037806443870067596
19.2363,"[84.63856506347656, 5.480531215667725, 0.0]","[104.03421020507812, 4.5, 0.0]",8.717421131777483,8.786109924316406,-0.6202458619146256,19.370840932996,0.06751339037631432,0.0,0.037859540432691574,0.0,0.037859540432691574
19.25592,"[84.81315612792969, 5.481297016143799, 0.0]","[104.21094512939453, 4.5, 0.0]",8.70503430879314,8.788177490234375,-0.6193411492171563,19.374121832730335,0.06868879253892324,0.0,0.03783320263028145,0.0,0.03783320263028145
19.280689,"[84.98750305175781, 5.481684684753418, 0.0]","[104.38638305664062, 4.5, 0.0]",8.695439580594774,8.776942253112793,-0.4797364099182744,19.37909929744693,0.08314318144123511,0.0,0.029288258403539658,0.0,0.029288258403539658
19.297949,"[85.16160583496094, 5.481703758239746, 0.0]","[104.56141662597656, 4.5, 0.0]",8.73883150129762,8.779054641723633,2.1695960351422627,19.382941288402687,0.08150267251801857,0.7868479937314987,0.0,0.7868479937314987,0.0
19.316791,"[85.33551788330078, 5.481365203857422, 0.0]","[104.73818969726562, 4.5, 0.0]",8.78194175034202,8.767555236816406,2.1555124522199876,19.386530531778256,0.04022314042601316,0.7814665138721466,0.0,0.7814665138721466,0.0
19.336858,"[85.51029205322266, 5.480667591094971, 0.0]","[104.91642761230469, 4.5, 0.0]",8.824749888017724,8.76900577545166,2.1404068837852286,19.39195010623266,-0.014386513525613154,0.7758220285177231,0.0,0.7758220285177231,0.0
19.360692,"[85.68592834472656, 5.4796247482299805, 0.0]","[105.08888244628906, 4.5, 0.0]",8.867542256126557,8.757289886474611,2.1396184054416345,19.397878007777923,-0.05574411256606382,0.7753749191761017,0.0,0.7753749191761017,0.0
19.376407,"[85.86241912841797, 5.478244781494141, 0.0]","[105.26547241210938, 4.5, 0.0]",8.91033882013615,8.7587890625,2.1398282004796876,19.39705844900058,-0.11025236965194551,0.7753196358680725,0.0,0.7753196358680725,0.0
19.396527,"[86.03976440429688, 5.47653341293335, 0.0]","[105.43991088867188, 4.5, 0.0]",8.953164354998526,8.747014999389648,2.1412767431187696,19.399409582372737,-0.15154975763615042,0.7756919413805008,0.0,0.7756919413805008,0.0
19.417151,"[86.21795654296875, 5.474496364593506, 0.0]","[105.6139144897461, 4.5, 0.0]",8.996135090999395,8.748360633850098,2.148536800043477,19.39864054767889,-0.20614935560887737,0.7781654596328735,0.0,0.7781654596328735,0.0
19.436005,"[86.39700317382812, 5.472140789031982, 0.0]","[105.78731536865234, 4.5, 0.0]",9.03928511885448,8.736050605773926,2.157501392754213,19.396472446181686,-0.2477744571492977,0.7812638580799103,0.0,0.7812638580799103,0.0
19.45794,"[86.576904296875, 5.469475269317627, 0.0]","[105.96327209472656, 4.5, 0.0]",9.08263143252958,8.736992835998535,2.167315683754989,19.392725752495203,-0.3032345130805538,0.78469417989254,0.0,0.78469417989254,0.0
19.476056,"[86.7576675415039, 5.466508388519287, 0.0]","[106.13720703125, 4.5, 0.0]",9.137881428793284,8.724664688110352,2.762499813185215,19.390558395291606,-0.34563859653104423,1.0,0.0,1.0,0.0
19.497553,"[86.93929290771484, 5.463253021240234, 0.0]","[106.31267547607422, 4.5, 0.0]",9.193143278238242,8.72562313079834,2.76309247224793,19.38538322818114,-0.4132167406829321,1.0,0.0,1.0,0.0
19.516158,"[87.12201690673828, 5.459721565246582, 0.0]","[106.48739624023438, 4.5, 0.0]",9.248424575343073,8.716373443603516,2.7640648552415215,19.38075362969685,-0.46752014743990244,1.0,0.0,1.0,0.0
19.535436,"[87.30583953857422, 5.455935955047607, 0.0]","[106.66034698486328, 4.5, 0.0]",9.30371559418321,8.710174560546875,2.7645509420068493,19.37415184086951,-0.5320511317395571,1.0,0.0,1.0,0.0
19.558459,"[87.49076843261719, 5.451930522918701, 0.0]","[106.83436584472656, 4.5, 0.0]",9.359016369347337,8.703938484191895,2.765038758206373,19.36455255098023,-0.5935410336363347,1.0,0.0,1.0,0.0
19.576971,"[87.67679595947266, 5.447736740112305, 0.0]","[107.01302337646484, 4.5, 0.0]",9.41431583411865,8.697535514831543,2.764973238565638,19.354781508547873,-0.6550778851554426,1.0,0.0,1.0,0.0
19.599006,"[87.86392211914062, 5.443393707275391, 0.0]","[107.18719482421875, 4.5, 0.0]",9.469606830672827,8.691292762756348,2.764549827708862,19.348414962679858,-0.716780319287107,1.0,0.0,1.0,0.0
19.615285,"[88.05215454101562, 5.438952445983887, 0.0]","[107.35665130615234, 4.5, 0.0]",9.524882320430223,8.684991836547852,2.7637744878697745,19.336327724569227,-0.7783140679164795,1.0,0.0,1.0,0.0
19.637173,"[88.24149322509766, 5.434462070465088, 0.0]","[107.52999877929688, 4.5, 0.0]",9.580126975534876,8.678200721740723,2.762232755232663,19.31828370768253,-0.8398904838823711,1.0,0.0,1.0,0.0
19.656681,"[88.43193817138672, 5.429973602294922, 0.0]","[107.70462036132812, 4.5, 0.0]",9.635353194846989,8.67136001586914,2.7613109656056345,19.302889056629752,-0.9019262537941533,1.0,0.0,1.0,0.0
19.677254,"[88.62348937988281, 5.425539493560791, 0.0]","[107.88111114501953, 4.5, 0.0]",9.668613917835538,8.664445877075197,1.663036149427466,19.2875293589517,-0.963993178977848,0.6022067368030548,0.0,0.6022067368030548,0.0
19.696478,"[88.81614685058594, 5.421166896820068, 0.0]","[108.05525970458984, 4.5, 0.0]",9.702127314530449,8.657623291015625,1.6756698347455412,19.27280320849039,-1.0041680407603408,0.6067574396729469,0.0,0.6067574396729469,0.0
19.717989,"[89.00946807861328, 5.416806697845459, 0.0]","[108.228515625, 4.5, 0.0]",9.735853487605311,8.650772094726562,1.6863086537431293,19.254514982485148,-1.0445040235148237,0.6105992943048477,0.0,0.6105992943048477,0.0
19.735634,"[89.20346069335938, 5.41242790222168, 0.0]","[108.39659118652344, 4.5, 0.0]",9.769703428313687,8.644039154052734,1.6924970354187607,19.234586643504787,-1.0850813928787488,0.6133782863616943,0.0,0.6133782863616943,0.0
19.75722,"[89.39812469482422, 5.408025741577148, 0.0]","[108.57028198242188, 4.5, 0.0]",9.803610490753774,8.63708209991455,1.695353122004395,19.208746471430153,-1.1256642742609522,0.6152975186705589,0.0,0.6152975186705589,0.0
19.776294,"[89.59346771240234, 5.403714656829834, 0.0]","[108.74342346191406, 4.5, 0.0]",9.837450254744374,8.630146980285645,1.691988199529959,19.187800951763577,-1.1665283908392237,0.6148397549986839,0.0,0.6148397549986839,0.0
19.797342,"[89.78949737548828, 5.399580001831055, 0.0]","[108.91857147216797, 4.5, 0.0]",9.87129460724533,8.623130798339844,1.6922176250478316,19.165565235971815,-1.207303274458729,0.6156416982412338,0.0,0.6156416982412338,0.0
19.817958,"[89.9862060546875, 5.395668983459473, 0.0]","[109.09112548828125, 4.5, 0.0]",9.905128310323299,8.616142272949219,1.6916851538984368,19.144574286094382,-1.2481638089054865,0.6161108613014221,0.0,0.6161108613014221,0.0
19.837516,"[90.18360137939453, 5.392022609710693, 0.0]","[109.2607650756836, 4.5, 0.0]",9.938943891286637,8.609164237976074,1.6907790481669238,19.120231076081513,-1.2889860373740802,0.6164393946528435,0.0,0.6164393946528435,0.0
19.85599,"[90.38167572021484, 5.388678550720215, 0.0]","[109.43289947509766, 4.5, 0.0]",9.972756456846815,8.602084159851074,1.6906282780088766,19.0922026949345,-1.3297796533105632,0.6167128309607506,0.0,0.6167128309607506,0.0
19.87639,"[90.58042907714844, 5.385669708251953, 0.0]","[109.60504150390625, 4.5, 0.0]",9.9007206641279,8.595004081726074,-3.601789635945707,19.065900659303082,-1.3706722969957408,0.0,0.2206086367368698,0.0,0.2206086367368698
19.896708,"[90.77986907958984, 5.383022308349609, 0.0]","[109.77771759033203, 4.5, 0.0]",9.829768648436033,8.58790111541748,-3.5476007845933744,19.038833663303766,-1.3057165824018266,0.0,0.21725857257843018,0.0,0.21725857257843018
19.92059,"[90.97786712646484, 5.380784511566162, 0.0]","[109.94920349121094, 4.5, 0.0]",9.759581474599587,8.58077335357666,-3.5093586918223174,19.011515061960196,-1.241867533018553,0.0,0.21491853892803192,0.0,0.21491853892803192
19.935543,"[91.17445373535156, 5.378971099853516, 0.0]","[110.118896484375, 4.5, 0.0]",9.689619531368104,8.576943397521973,-3.498097161574165,18.984348359665297,-1.1788081210229269,0.0,0.21425846219062805,0.0,0.21425846219062805
19.956171,"[91.36964416503906, 5.377590656280518, 0.0]","[110.2929458618164, 4.5, 0.0]",9.6194515901307,8.56292724609375,-3.5083970618702054,18.956697336104575,-1.112676133846131,0.0,0.2149302214384079,0.0,0.2149302214384079
19.980614,"[91.56343078613281, 5.376646995544434, 0.0]","[110.462158203125, 4.5, 0.0]",9.510655995599796,8.562451362609863,-5.439779726545169,18.934690797597955,-1.0565243440369496,0.0,0.20007331669330597,0.0,0.20007331669330597
19.995382,"[91.75582122802734, 5.3761396408081055, 0.0]","[110.63739013671875, 4.5, 0.0]",9.44365379213854,8.54838562011719,-3.3501101730627703,18.90914173574486,-0.948204632989933,0.0,0.2025350034236908,0.0,0.2025350034236908
20.016925,"[91.9460220336914, 5.3740434646606445, 0.0]","[110.80569458007812, 4.5, 0.0]",9.376055964538875,8.547879219055176,-3.379891379983313,18.89089513841302,-0.8952681720213516,0.0,0.2057749330997467,0.0,0.2057749330997467
20.036465,"[92.13489532470703, 5.373058319091797, 0.0]","[110.97630310058594, 4.5, 0.0]",9.307452267586472,8.533839225769043,-3.4301848476201435,18.868507562228743,-0.8281767454836988,0.0,0.20946642756462097,0.0,0.20946642756462097
20.057261,"[92.32241821289062, 5.3727874755859375, 0.0]","[111.14659118652344, 4.5, 0.0]",9.23779122059911,8.533147811889648,-3.4830523493680765,18.849535767637267,-0.7736130418174287,0.0,0.21306608617305756,0.0,0.21306608617305756
20.078203,"[92.5085678100586, 5.3730549812316895, 0.0]","[111.3211669921875, 4.5, 0.0]",9.266810286101466,8.518936157226562,1.4509532751177723,18.831399739094838,-0.7046434087094617,0.5305040627717972,0.0,0.5305040627717972,0.0
20.099563,"[92.69332122802734, 5.373777866363525, 0.0]","[111.48938751220703, 4.5, 0.0]",9.295038564211515,8.51833438873291,1.4114139055024566,18.818747743267338,-0.7478741288749031,0.5152696743607521,0.0,0.5152696743607521,0.0
20.117028,"[92.87865447998047, 5.374933242797852, 0.0]","[111.65802001953125, 4.5, 0.0]",9.322626775180046,8.504338264465332,1.3794105484265629,18.80097634334093,-0.7767041754786046,0.5030994862318039,0.0,0.5030994862318039,0.0
20.136222,"[93.0645523071289, 5.376493453979492, 0.0]","[111.82734680175781, 4.5, 0.0]",9.349826730864073,8.50358772277832,1.3599977842013722,18.78288018299032,-0.818288510714714,0.4956435412168503,0.0,0.4956435412168503,0.0
20.157353,"[93.25099182128906, 5.3784637451171875, 0.0]","[112.00041961669922, 4.5, 0.0]",9.376848642774805,8.489336967468262,1.3510955955365667,18.764764161601455,-0.8462390080857531,0.4920746013522148,0.0,0.4920746013522148,0.0
20.176972,"[93.43797302246094, 5.380847930908203, 0.0]","[112.16769409179688, 4.5, 0.0]",9.403858097123853,8.488677024841309,1.3504727174524334,18.749710713460964,-0.8875116753065431,0.49156706780195236,0.0,0.49156706780195236,0.0
20.196731,"[93.62548828125, 5.383649826049805, 0.0]","[112.33769989013672, 4.5, 0.0]",9.430976756498163,8.474560737609863,1.3559329687154786,18.728179398500693,-0.9151810722825449,0.49334678798913956,0.0,0.49334678798913956,0.0
20.219152,"[93.81353759765625, 5.386870384216309, 0.0]","[112.5080337524414, 4.5, 0.0]",9.458285628483013,8.473788261413574,1.3654435992425107,18.708711718332346,-0.9564160188882997,0.49665987491607666,0.0,0.49665987491607666,0.0
20.236565,"[94.00212097167969, 5.390512466430664, 0.0]","[112.67910766601562, 4.5, 0.0]",9.485837424857982,8.45967960357666,1.377589818748426,18.688906429505643,-0.984497367069439,0.5009344965219498,0.0,0.5009344965219498,0.0
20.257171,"[94.19124603271484, 5.394578456878662, 0.0]","[112.84587097167969, 4.5, 0.0]",9.513659236726001,8.45909595489502,1.3910905934009676,18.66917659557623,-1.0261578212813216,0.5057590827345848,0.0,0.5057590827345848,0.0
20.276658,"[94.38091278076172, 5.399069786071777, 0.0]","[113.01852416992188, 4.5, 0.0]",9.528108761821287,8.44491958618164,0.7224762547642705,18.644464478113758,-1.0545632818309816,0.26353664696216583,0.0,0.26353664696216583,0.0
20.296305,"[94.57112121582031, 5.403986930847168, 0.0]","[113.18389129638672, 4.5, 0.0]",9.542926140980727,8.444396018981934,0.7408689579720296,18.624969760158518,-1.083189175639646,0.2701519802212715,0.0,0.2701519802212715,0.0
20.316532,"[94.76161193847656, 5.4093241691589355, 0.0]","[113.35245513916016, 4.5, 0.0]",9.558072959248037,8.43051528930664,0.7573409133654785,18.597518639737697,-1.0985301219987935,0.2761172689497471,0.0,0.2761172689497471,0.0
20.336752,"[94.95238494873047, 5.415082931518555, 0.0]","[113.52507019042969, 4.5, 0.0]",9.573496686768367,8.42998218536377,0.7711863760165194,18.57285295985152,-1.127557669941396,0.28108082711696625,0.0,0.28108082711696625,0.0
20.359527,"[95.14344787597656, 5.421266078948975, 0.0]","[113.69300842285156, 4.5, 0.0]",9.589143909554679,8.41630744934082,0.7823611393155794,18.551826753922597,-1.1435145014045975,0.2851599082350731,0.0,0.2851599082350731,0.0
20.376693,"[95.33480072021484, 5.427874565124512, 0.0]","[113.86138153076172, 4.5, 0.0]",9.604971382558915,8.415949821472168,0.791373650211824,18.52570528023102,-1.1728364602138583,0.288432352244854,0.0,0.288432352244854,0.0
20.395678,"[95.52645111083984, 5.434911251068115, 0.0]","[114.0299072265625, 4.5, 0.0]",9.62093762317125,8.402251243591309,0.7983120306167102,18.499597718215483,-1.1890215610867472,0.2910103090107441,0.0,0.2910103090107441,0.0
20.417012,"[95.7184066772461, 5.442380428314209, 0.0]","[114.19855499267578, 4.5, 0.0]",9.63705936457856,8.402120590209961,0.8060870703655354,18.473211441017558,-1.2186863795799407,0.29383596032857895,0.0,0.29383596032857895,0.0
20.437126,"[95.91065979003906, 5.450284957885742, 0.0]","[114.36597442626953, 4.5, 0.0]",9.653227307380067,8.392362594604492,0.8083971400753676,18.44650648507093,-1.2349387743685991,0.29471132904291153,0.0,0.29471132904291153,0.0
20.462729,"[96.10321807861328, 5.4586286544799805, 0.0]","[114.53365325927734, 4.5, 0.0]",9.669465523125764,8.385930061340332,0.8119107872848197,18.418135411918836,-1.2608647127755752,0.2959744818508625,0.0,0.2959744818508625,0.0
20.47628,"[96.29608154296875, 5.467414379119873, 0.0]","[114.70011901855469, 4.5, 0.0]",9.597880645057648,8.37954330444336,-3.579243903405782,18.389575912488162,-1.2835354617854318,0.0,0.2197267860174179,0.0,0.2197267860174179
20.496482,"[96.48925018310547, 5.476644515991211, 0.0]","[114.86598205566406, 4.5, 0.0]",9.527121871266163,8.37317943572998,-3.5379386895742826,18.35935270806449,-1.2183373406142888,0.0,0.2171943038702011,0.0,0.2171943038702011
20.516898,"[96.68096923828125, 5.486230850219727, 0.0]","[115.03459930419922, 4.5, 0.0]",9.456960516454396,8.367019653320312,-3.5080677405883165,18.328072525395815,-1.153942435536182,0.0,0.21536974608898163,0.0,0.21536974608898163
20.536209,"[96.87125396728516, 5.4961724281311035, 0.0]","[115.20072174072266, 4.5, 0.0]",9.386926083058507,8.361400604248047,-3.5017216697944775,18.300864851424997,-1.0899408631340837,0.0,0.21498259902000427,0.0,0.21498259902000427
20.557787,"[97.06011199951172, 5.506463527679443, 0.0]","[115.36739349365234, 4.5, 0.0]",9.316658574133372,8.35576343536377,-3.513375446256717,18.272472171758675,-1.0255254788104597,0.0,0.2157079577445984,0.0,0.2157079577445984
20.577595,"[97.24755096435547, 5.517097473144531, 0.0]","[115.53479766845703, 4.5, 0.0]",9.2529314198912,8.35010051727295,-3.186357712108645,18.245930951360684,-0.9608951387696028,0.0,0.19561725854873657,0.0,0.19561725854873657
20.597936,"[97.43356323242188, 5.528065204620361, 0.0]","[115.70214080810547, 4.5, 0.0]",9.188446438000415,8.34444046020508,-3.2242490945392,18.221416891770925,-0.9028309026182502,0.0,0.19794921576976776,0.0,0.19794921576976776
20.617011,"[97.61827850341797, 5.539366245269775, 0.0]","[115.87004852294922, 4.5, 0.0]",9.123105686889911,8.339097023010254,-3.2670375555252207,18.19814640074021,-0.8440059777953355,0.0,0.20058324933052063,0.0,0.20058324933052063
20.634771,"[97.80168151855469, 5.550991535186768, 0.0]","[116.03547668457031, 4.5, 0.0]",9.056882605700446,8.334323883056642,-3.3111540594732425,18.176614808455295,-0.7840086638796571,0.0,0.20330581068992615,0.0,0.20330581068992615
20.658202,"[97.98374938964844, 5.562932014465332, 0.0]","[116.20358276367188, 4.5, 0.0]",8.989776315314352,8.329474449157715,-3.3553145193047307,18.153796399853245,-0.7225587226438037,0.0,0.20602288842201233,0.0,0.20602288842201233
20.679472,"[98.16447448730469, 5.575178623199463, 0.0]","[116.36944580078125, 4.5, 0.0]",8.936687028632413,8.324688911437988,-2.6544643340969287,18.134866557555114,-0.6603018661566367,0.0,0.16293953359127045,0.0,0.16293953359127045
20.6965,"[98.34383392333984, 5.587721824645996, 0.0]","[116.53607940673828, 4.5, 0.0]",8.88566991297861,8.319881439208984,-2.5508557826901423,18.114917620414705,-0.6119981171944247,0.0,0.15658192336559296,0.0,0.15658192336559296
20.716946,"[98.52210235595703, 5.600574016571045, 0.0]","[116.70240783691406, 4.5, 0.0]",8.833812965963965,8.315389633178711,-2.5928473507322636,18.09698374426732,-0.5657884737696257,0.0,0.15916696190834045,0.0,0.15916696190834045
20.737263,"[98.69932556152344, 5.613729953765869, 0.0]","[116.86800384521484, 4.5, 0.0]",8.781262983337296,8.311376571655273,-2.627499131333444,18.079713017446544,-0.5184233327852539,0.0,0.1613081693649292,0.0,0.1613081693649292
20.761434,"[98.87548828125, 5.627181529998779, 0.0]","[117.03673553466797, 4.5, 0.0]",8.72814725643587,8.307287216186523,-2.6557863450713093,18.062629671479495,-0.4698864116820225,0.0,0.16305573284626007,0.0,0.16305573284626007
20.779192,"[99.05057525634766, 5.640920162200928, 0.0]","[117.20045471191406, 4.5, 0.0]",8.67456696349668,8.303319931030273,-2.6790146469594767,18.04961230017641,-0.4208600402493463,0.0,0.1644899547100067,0.0,0.1644899547100067
20.798147,"[99.22457122802734, 5.654936790466309, 0.0]","[117.36697387695312, 4.5, 0.0]",8.633044821543482,8.299283981323242,-2.076107097659907,18.0325459814354,-0.3712470324664068,0.0,0.12741583585739136,0.0,0.12741583585739136
20.821505,"[99.39747619628906, 5.669224262237549, 0.0]","[117.53681182861328, 4.5, 0.0]",8.59109754142944,8.29542350769043,-2.097364005702129,18.019241691131732,-0.3337608402202399,0.0,0.12873628735542297,0.0,0.12873628735542297
20.836905,"[99.56951904296875, 5.683797359466553, 0.0]","[117.69764709472656, 4.5, 0.0]",8.548805204852696,8.292113304138184,-2.114616828837157,18.01021839466096,-0.2956740337390098,0.0,0.1297963708639145,0.0,0.1297963708639145
20.858111,"[99.7406997680664, 5.6986494064331055, 0.0]","[117.86649322509766, 4.5, 0.0]",8.506390664969555,8.291971206665039,-2.120726994157085,17.992952184388642,-0.25669190071451276,0.0,0.13017942011356354,0.0,0.13017942011356354
20.877136,"[99.91100311279297, 5.71377420425415, 0.0]","[118.0305404663086, 4.5, 0.0]",8.47039805011992,8.281927108764648,-1.7996307424817282,17.984411715752508,-0.2144194583045156,0.0,0.11043797433376312,0.0,0.11043797433376312
20.897916,"[100.08043670654297, 5.7291646003723145, 0.0]","[118.19638061523438, 4.5, 0.0]",8.434207985828154,8.285181045532227,-1.8095032145883039,17.971838619715967,-0.18847094135527165,0.0,0.11104714125394821,0.0,0.11104714125394821
20.918507,"[100.2491226196289, 5.744827747344971, 0.0]","[118.36241912841797, 4.5, 0.0]",8.397868992584458,8.275240898132324,-1.816949662184797,17.961799729875445,-0.14902694029592745,0.0,0.11150804162025452,0.0,0.11150804162025452
20.936635,"[100.41705322265625, 5.760757923126221, 0.0]","[118.52769470214844, 4.5, 0.0]",8.36143722366289,8.27886962890625,-1.821588446078426,17.952577537212136,-0.12262809445213385,0.0,0.11179738491773605,0.0,0.11179738491773605
20.959404,"[100.584228515625, 5.776949882507324, 0.0]","[118.69252014160156, 4.5, 0.0]",8.324952192274166,8.269169807434082,-1.824251569436175,17.94322279143737,-0.08256759475663955,0.0,0.1119672954082489,0.0,0.1119672954082489
20.976796,"[100.75064849853516, 5.793398857116699, 0.0]","[118.8576889038086, 4.5, 0.0]",8.29870239470107,8.27280044555664,-1.3124898786547767,17.934048091982238,-0.05578238484008402,0.0,0.08050261437892914,0.0,0.08050261437892914
20.997925,"[100.91630554199219, 5.810098648071289, 0.0]","[119.02410888671875, 4.5, 0.0]",8.272367696835557,8.263071060180664,-1.3167348932756617,17.925843550385782,-0.025901949144429892,0.0,0.0807751789689064,0.0,0.0807751789689064
21.017284,"[101.08141326904297, 5.827065944671631, 0.0]","[119.1911849975586, 4.5, 0.0]",8.246000455218299,8.266698837280273,-1.3183620808629115,17.91952237773258,-0.00929663665489322,0.0,0.08087779581546783,0.0,0.08087779581546783
21.037923,"[101.24596405029297, 5.844295978546143, 0.0]","[119.35408020019531, 4.5, 0.0]",8.219614108491635,8.257112503051758,-1.3193173363331923,17.91427254908308,0.020698382061974385,0.0,0.08093448728322983,0.0,0.08093448728322983
21.058498,"[101.40995788574219, 5.861783981323242, 0.0]","[119.51927185058594, 4.5, 0.0]",8.193258305409795,8.260820388793945,-1.3177901540919912,17.90528481826451,0.037498394560122605,0.0,0.08083541691303253,0.0,0.08083541691303253
21.077476,"[101.5733871459961, 5.879526615142822, 0.0]","[119.68777465820312, 4.5, 0.0]",8.174012198802739,8.251133918762207,-0.9623053303528195,17.899012638782082,0.06756208338414993,0.0,0.058994606137275696,0.0,0.058994606137275696
21.101057,"[101.73625946044922, 5.897520065307617, 0.0]","[119.85400390625, 4.5, 0.0]",8.154767032611007,8.254823684692383,-0.9622583095866055,17.89647206563519,0.07712171995946804,0.0,0.05899021029472351,0.0,0.05899021029472351
21.117053,"[101.89871978759766, 5.91577672958374, 0.0]","[120.01404571533203, 4.5, 0.0]",8.13555002717351,8.245224952697754,-0.9608502718748468,17.89209333028115,0.10005665208137593,0.0,0.05889829248189926,0.0,0.05889829248189926
21.139071,"[102.06076049804688, 5.934293746948242, 0.0]","[120.18077087402344, 4.5, 0.0]",8.116401095307845,8.24874496459961,-0.957446593283251,17.881836070281935,0.10967492552424396,0.0,0.0587012879550457,0.0,0.0587012879550457
21.158303,"[102.22238159179688, 5.953067302703857, 0.0]","[120.34361267089844, 4.5, 0.0]",8.09734481192571,8.239001274108887,-0.9528141691067304,17.8785142667359,0.13234386929176445,0.0,0.05843236669898033,0.0,0.05843236669898033
21.177664,"[102.38359069824219, 5.972092628479004, 0.0]","[120.50993347167969, 4.5, 0.0]",8.082779534145422,8.242527961730957,-0.7282638890144355,17.87161345306945,0.1416564621831764,0.0,0.04464219883084297,0.0,0.04464219883084297
21.197678,"[102.54438781738281, 5.9913649559021, 0.0]","[120.67813110351562, 4.5, 0.0]",8.068289237075358,8.232683181762695,-0.7245148535031554,17.8684561088946,0.15974842758553542,0.0,0.04443240165710449,0.0,0.04443240165710449
21.2196,"[102.7048568725586, 6.010886192321777, 0.0]","[120.8436050415039, 4.5, 0.0]",8.05389212809013,8.236115455627441,-0.7198554492614306,17.867450542606885,0.1643939446873368,0.0,0.04416680708527565,0.0,0.04416680708527565
21.238688,"[102.86500549316406, 6.030649185180664, 0.0]","[121.00515747070312, 4.5, 0.0]",8.039615619125124,8.2261381149292,-0.7138254482502937,17.86394670680552,0.18222332753731152,0.0,0.04381915181875229,0.0,0.04381915181875229
21.259857,"[103.02483367919922, 6.05064582824707, 0.0]","[121.16844940185547, 4.5, 0.0]",8.025470787650121,8.229461669921875,-0.7072415737501281,17.85676135397749,0.1865224958040752,0.0,0.04344076290726662,0.0,0.04344076290726662
21.276956,"[103.1843490600586, 6.070866584777832, 0.0]","[121.33378601074219, 4.5, 0.0]",8.015031738924728,8.219407081604004,-0.5219524362696681,17.851534959962795,0.20399088227175355,0.0,0.03207582235336304,0.0,0.03207582235336304
21.298641,"[103.34355163574219, 6.091299533843994, 0.0]","[121.50170135498047, 4.5, 0.0]",8.00470754773364,8.222635269165039,-0.5162095595544258,17.848578839517476,0.20437534267927582,0.0,0.0317547507584095,0.0,0.0317547507584095
21.321752,"[103.50251770019531, 6.111941814422607, 0.0]","[121.66658020019531, 4.5, 0.0]",7.994514085424378,8.212494850158691,-0.5096731154630607,17.848445039000538,0.2179277214313995,0.0,0.03139651194214821,0.0,0.03139651194214821
21.338469,"[103.66124725341797, 6.132779598236084, 0.0]","[121.8291015625, 4.5, 0.0]",7.984473209015194,8.215612411499023,-0.5020438204592192,17.84550546237436,0.21798076473431305,0.0,0.0309671089053154,0.0,0.0309671089053154
21.356521,"[103.81974792480469, 6.153791427612305, 0.0]","[121.9903335571289, 4.5, 0.0]",7.974626353842142,8.205422401428223,-0.49234275865259747,17.840461040983612,0.23113920248382946,0.0,0.030388474464416504,0.0,0.030388474464416504
21.378415,"[103.97802734375, 6.174954414367676, 0.0]","[122.15525817871094, 4.5, 0.0]",7.966708570488024,8.208487510681152,-0.39588916770592064,17.834410753249035,0.23079604758608063,0.0,0.02447727881371975,0.0,0.02447727881371975
21.39826,"[104.13609313964844, 6.1962504386901855, 0.0]","[122.3228759765625, 4.5, 0.0]",7.95893283664723,8.201491355895996,-0.38878669203969984,17.832343135311273,0.24177894019312873,0.0,0.02404732257127762,0.0,0.02404732257127762
21.418435,"[104.29398345947266, 6.217665195465088, 0.0]","[122.48408508300781, 4.5, 0.0]",7.951391979816901,8.194575309753418,-0.3770428415164506,17.833296643600313,0.24255851924876648,0.0,0.02332492172718048,0.0,0.02332492172718048
21.43768,"[104.45169830322266, 6.239182472229004, 0.0]","[122.64682006835938, 4.5, 0.0]",7.943922737987555,8.197540283203125,-0.3734620914672693,17.828242449291356,0.24318332993651737,0.0,0.023101340979337692,0.0,0.023101340979337692
21.46007,"[104.6092529296875, 6.260786056518555, 0.0]","[122.81058502197266, 4.5, 0.0]",7.936618829916704,8.187146186828613,-0.36519540354253976,17.825087908281297,0.2536175452155698,0.0,0.02258300594985485,0.0,0.02258300594985485
21.480429,"[104.76664733886719, 6.282461643218994, 0.0]","[122.9785385131836, 4.5, 0.0]",7.930710486049099,8.18999195098877,-0.2954171933802652,17.823347719879322,0.25052735691190886,0.0,0.018277738243341446,0.0,0.018277738243341446
21.497088,"[104.92388153076172, 6.304198265075684, 0.0]","[123.1393051147461, 4.5, 0.0]",7.924959014250553,8.179665565490723,-0.28757358992730353,17.82617999949685,0.2592814649396704,0.0,0.017780417576432228,0.0,0.017780417576432228
21.519421,"[105.08099365234375, 6.325989723205566, 0.0]","[123.30657958984375, 4.5, 0.0]",7.919367061876316,8.182459831237793,-0.2795976187118576,17.822320501751438,0.2547065512401696,0.0,0.017276333644986153,0.0,0.017276333644986153
21.537309,"[105.23798370361328, 6.347828388214111, 0.0]","[123.46525573730469, 4.5, 0.0]",7.913942876738732,8.172026634216309,-0.2712092568792013,17.825309584925453,0.2630927693614771,0.0,0.016749411821365356,0.0,0.016749411821365356
21.557686,"[105.39485168457031, 6.369708061218262, 0.0]","[123.63263702392578, 4.5, 0.0]",7.908689455574118,8.174721717834473,-0.26267105823070125,17.8201743777587,0.2580837574775767,0.0,0.01620974950492382,0.0,0.01620974950492382
21.580692,"[105.55160522460938, 6.391623497009277, 0.0]","[123.79638671875, 4.5, 0.0]",7.904578592723122,8.164167404174805,-0.2055431425497911,17.824056208546676,0.2660322622603548,0.0,0.012689877301454544,0.0,0.012689877301454544
21.599596,"[105.708251953125, 6.41356897354126, 0.0]","[123.9591064453125, 4.5, 0.0]",7.9006339110196775,8.166974067687988,-0.19723408517222651,17.824710224651433,0.25958881145168267,0.0,0.012169196270406246,0.0,0.012169196270406246
21.619517,"[105.86480712890625, 6.435543060302734, 0.0]","[124.12285614013672, 4.5, 0.0]",7.896862528488919,8.156415939331055,-0.18856912653792968,17.82470239421478,0.2663401566683108,0.0,0.011630558408796787,0.0,0.011630558408796787
21.638077,"[106.02127838134766, 6.457544326782227, 0.0]","[124.28614807128906, 4.5, 0.0]",7.893265954075044,8.159199714660645,-0.17982872069373101,17.826042739204485,0.2595534108421358,0.0,0.011084622703492641,0.0,0.011084622703492641
21.657237,"[106.17767333984375, 6.479572296142578, 0.0]","[124.44562530517578, 4.5, 0.0]",7.889845301237403,8.148737907409668,-0.1710326418820518,17.827231505504017,0.26593376058560025,0.0,0.010536250658333302,0.0,0.010536250658333302
21.678077,"[106.33399200439453, 6.501626014709473, 0.0]","[124.61288452148438, 4.5, 0.0]",7.886444213555282,8.151426315307617,-0.17005438410606644,17.824918550424925,0.2588926061722647,0.0,0.010471600107848644,0.0,0.010471600107848644
21.698167,"[106.490234375, 6.523705005645752, 0.0]","[124.77375030517578, 4.5, 0.0]",7.883222858391006,8.140932083129883,-0.16106775821378427,17.83056963635273,0.2649821017523353,0.0,0.009918530471622944,0.0,0.009918530471622944
21.717668,"[106.64640808105469, 6.545810699462891, 0.0]","[124.93915557861328, 4.5, 0.0]",7.880173052520785,8.143661499023438,-0.15249029351105392,17.830128933778873,0.2577092247388766,0.0,0.009380796924233437,0.0,0.009380796924233437
21.736814,"[106.8025131225586, 6.5679473876953125, 0.0]","[125.10133361816406, 4.5, 0.0]",7.877298822351297,8.133125305175781,-0.14371150847440894,17.83438775841806,0.26348844650265235,0.0,0.00883655808866024,0.0,0.00883655808866024
21.756997,"[106.95854949951172, 6.5901198387146, 0.0]","[125.2602767944336, 4.5, 0.0]",7.874603605363918,8.136003494262695,-0.13476084936896449,17.83563054712701,0.2558264828244843,0.0,0.00829087570309639,0.0,0.00829087570309639
21.776123,"[107.1145248413086, 6.612330913543701, 0.0]","[125.42346954345703, 4.5, 0.0]",7.872275235532679,8.128778457641602,-0.11641849156194262,17.833818412400962,0.26139988889877763,0.0,0.007159871980547905,0.0,0.007159871980547905
21.796952,"[107.27043914794922, 6.634582042694092, 0.0]","[125.5894546508789, 4.5, 0.0]",7.870118678698234,8.1248197555542,-0.10782784172223003,17.83632947085743,0.25650322210892273,0.0,0.00662742555141449,0.0,0.00662742555141449
21.819484,"[107.42630004882812, 6.656875133514404, 0.0]","[125.75254821777344, 4.5, 0.0]",7.868131940969664,8.120926856994629,-0.0993368864285138,17.841707086460925,0.254701076855965,0.0,0.006103809457272291,0.0,0.006103809457272291
21.838422,"[107.58210754394531, 6.679210662841797, 0.0]","[125.91411590576172, 4.5, 0.0]",7.866311951564536,8.117065429687502,-0.0909994702563921,17.84429680797139,0.25279491602496496,0.0,0.005590963643044233,0.0,0.005590963643044233
21.858628,"[107.73786926269531, 6.701589584350586, 0.0]","[126.0728759765625, 4.5, 0.0]",7.864663410553296,8.11327075958252,-0.08242705056198396,17.84544308319223,0.25075347812296567,0.0,0.005064684431999922,0.0,0.005064684431999922
21.878025,"[107.89359283447266, 6.724011421203613, 0.0]","[126.2361831665039, 4.5, 0.0]",7.862674415314588,8.109367370605469,-0.09944976193541066,17.84385227210686,0.2486073490292231,0.0,0.006111170165240765,0.0,0.006111170165240765
21.898253,"[108.04927062988281, 6.746476173400879, 0.0]","[126.3985824584961, 4.5, 0.0]",7.860852713025988,8.105484962463379,-0.09108511443001177,17.846800292250702,0.24669295529088053,0.0,0.005594454240053892,0.0,0.005594454240053892
21.91942,"[108.20490264892578, 6.768982887268066, 0.0]","[126.56262969970703, 4.5, 0.0]",7.8592008987180435,8.10155963897705,-0.08259071539722385,17.848889502701503,0.24463224943739093,0.0,0.005074193701148033,0.0,0.005074193701148033
21.940424,"[108.3604965209961, 6.791531085968018, 0.0]","[126.72512817382812, 4.5, 0.0]",7.857716833386796,8.09766674041748,-0.07420326656237819,17.852642837188814,0.24235874025900728,0.0,0.00455575343221426,0.0,0.00455575343221426
21.959013,"[108.51605224609375, 6.814120769500732, 0.0]","[126.88619232177734, 4.5, 0.0]",7.856393300758673,8.093807220458984,-0.06617663140615626,17.85488758016829,0.23994990703068453,0.0,0.004065089393407106,0.0,0.004065089393407106
21.975909,"[108.67156982421875, 6.836752414703369, 0.0]","[127.04573822021484, 4.5, 0.0]",7.854720259647441,8.089984893798828,-0.08365205556160049,17.855735994574232,0.23741391970031156,0.0,0.0051399716176092625,0.0,0.0051399716176092625
21.999742,"[108.82705688476562, 6.8594255447387695, 0.0]","[127.21443939208984, 4.5, 0.0]",7.85320845936029,8.085942268371582,-0.07559001435755164,17.855103221947353,0.23526463415138732,0.0,0.004642741288989782,0.0,0.004642741288989782
22.015945,"[108.98249816894531, 6.882139205932617, 0.0]","[127.36968231201172, 4.5, 0.0]",7.85185715067154,8.082219123840332,-0.06756543443748875,17.863542649257003,0.23273380901129226,0.0,0.0041494970209896564,0.0,0.0041494970209896564
22.036451,"[109.13790893554688, 6.904893398284912, 0.0]","[127.53448486328125, 4.5, 0.0]",7.850664222847157,8.078261375427246,-0.059646391219159156,17.85869249505972,0.23036197316879203,0.0,0.003663860261440277,0.0,0.003663860261440277
22.062287,"[109.29328155517578, 6.927688121795654, 0.0]","[127.69304656982422, 4.5, 0.0]",7.849626676169469,8.074453353881836,-0.05187733388440918,17.86331516026405,0.22759715258008928,0.0,0.003184868022799492,0.0,0.003184868022799492
22.075884,"[109.44862365722656, 6.950523853302002, 0.0]","[127.85303497314453, 4.5, 0.0]",7.8481578074079055,8.070611000061035,-0.0734434380781579,17.861780370620664,0.2248266777123673,0.0,0.004508808720856905,0.0,0.004508808720856905
22.098143,"[109.60394287109375, 6.973401069641113, 0.0]","[128.01962280273438, 4.5, 0.0]",7.846843903788695,8.066609382629395,-0.06569518096051219,17.861667965609033,0.22245319265312968,0.0,0.00403525959700346,0.0,0.00403525959700346
22.119573,"[109.75922393798828, 6.9963178634643555, 0.0]","[128.18124389648438, 4.5, 0.0]",7.845679786733015,8.062723159790039,-0.058205852783999035,17.868089017786826,0.2197654788406993,0.0,0.0035726611968129873,0.0,0.0035726611968129873
22.13709,"[109.91447448730469, 7.019273281097412, 0.0]","[128.33973693847656, 4.5, 0.0]",7.844665598614119,8.058907508850098,-0.05070940594480433,17.869612072728177,0.21704337305702381,0.0,0.0031190623994916677,0.0,0.0031190623994916677
22.156852,"[110.06969451904297, 7.04226541519165, 0.0]","[128.49920654296875, 4.5, 0.0]",7.843795594798738,8.055068969726562,-0.043500190769041325,17.868053804197725,0.2142419102359785,0.0,0.0026766150258481503,0.0,0.0026766150258481503
22.178009,"[110.22489166259766, 7.065291881561279, 0.0]","[128.66148376464844, 4.5, 0.0]",7.84241963478023,8.051161766052246,-0.06879800092542965,17.867485956603968,0.21127337492782416,0.0,0.004233837127685547,0.0,0.004233837127685547
22.19802,"[110.38006591796875, 7.088348865509033, 0.0]","[128.82203674316406, 4.5, 0.0]",7.841193595727236,8.047295570373535,-0.061301952649683855,17.869717958483715,0.20874213127201635,0.0,0.0037719793617725372,0.0,0.0037719793617725372
22.217792,"[110.53520965576172, 7.111429214477539, 0.0]","[128.98446655273438, 4.5, 0.0]",7.84011345640433,8.043381690979006,-0.05400696614530354,17.87027838842433,0.2061019746462991,0.0,0.0033255971502512693,0.0,0.0033255971502512693
22.237093,"[110.69032287597656, 7.1345295906066895, 0.0]","[129.14540100097656, 4.5, 0.0]",7.839174172565367,8.042832374572754,-0.046964191948140055,17.872758183862462,0.2032682345746757,0.0,0.0028921253979206085,0.0,0.0028921253979206085
22.2564,"[110.84541320800781, 7.157644748687744, 0.0]","[129.30479431152344, 4.5, 0.0]",7.837837842968482,8.032317161560059,-0.0668164798442561,17.87383352680686,0.2036582020073867,0.0,0.004114325158298016,0.0,0.004114325158298016
22.279194,"[111.00048065185547, 7.180769443511963, 0.0]","[129.46505737304688, 4.5, 0.0]",7.836638237868801,8.035117149353027,-0.05998025498406001,17.873469780523443,0.19447931859157652,0.0,0.003695327788591385,0.0,0.003695327788591385
22.297999,"[111.15552520751953, 7.203896999359131, 0.0]","[129.62742614746094, 4.5, 0.0]",7.835576342666652,8.024530410766602,-0.05309476010744163,17.874066161440286,0.19847891148422647,0.0,0.003263898426666856,0.0,0.003263898426666856
22.317568,"[111.31053924560547, 7.227024078369141, 0.0]","[129.7904510498047, 4.5, 0.0]",7.834649973331772,8.027260780334473,-0.04631846674398865,17.87686478346869,0.18895406809994952,0.0,0.002849156968295574,0.0,0.002849156968295574
22.337379,"[111.46553802490234, 7.250150203704834, 0.0]","[129.94760131835938, 4.5, 0.0]",7.833853932428002,8.016791343688965,-0.039802045188519486,17.880446991410064,0.1926108070027004,0.0,0.002447941107675433,0.0,0.002447941107675433
22.357446,"[111.62051391601562, 7.273276329040527, 0.0]","[130.1071319580078, 4.5, 0.0]",7.8323459358029455,8.019598960876465,-0.07539983125282035,17.87833360011411,0.18293741126096297,0.0,0.0046335263177752495,0.0,0.0046335263177752495
22.37613,"[111.77547454833984, 7.296405792236328, 0.0]","[130.27073669433594, 4.5, 0.0]",7.830967319741554,8.008973121643066,-0.06893080306955568,17.87869290276206,0.18725302507351937,0.0,0.004240257665514946,0.0,0.004240257665514946
22.396077,"[111.93040466308594, 7.3195390701293945, 0.0]","[130.42852783203125, 4.5, 0.0]",7.829719487673875,8.011824607849121,-0.06239160338394889,17.883173063193297,0.17800580190151205,0.0,0.0038341451436281204,0.0,0.0038341451436281204
22.41667,"[112.0853042602539, 7.342678070068359, 0.0]","[130.5889129638672, 4.5, 0.0]",7.82859929035288,8.001272201538086,-0.056009866049766543,17.88198943690228,0.18210512017524572,0.0,0.0034441163297742605,0.0,0.0034441163297742605
22.435742,"[112.24018096923828, 7.365824222564697, 0.0]","[130.74830627441406, 4.5, 0.0]",7.827602068637289,8.004075050354004,-0.04986108577953452,17.88344412606061,0.1726729111852059,0.0,0.0030669469852000475,0.0,0.0030669469852000475
22.45652,"[112.39503479003906, 7.388979434967041, 0.0]","[130.90882873535156, 4.5, 0.0]",7.825927898020766,7.993515968322754,-0.08370853082615426,17.88397064773594,0.17647298171671455,0.0,0.005145740229636431,0.0,0.005145740229636431
22.476473,"[112.54986572265625, 7.412144660949707, 0.0]","[131.06895446777344, 4.5, 0.0]",7.824374232065103,7.9962992668151855,-0.07768329778317096,17.885652177096542,0.16758807030198763,0.0,0.004775736015290022,0.0,0.004775736015290022
22.49614,"[112.70465850830078, 7.4353179931640625, 0.0]","[131.2287139892578, 4.5, 0.0]",7.822937712794237,7.9857587814331055,-0.07182596354327053,17.886975893161644,0.1719250347500827,0.0,0.004417459946125746,0.0,0.004417459946125746
22.518182,"[112.85942077636719, 7.458500385284424, 0.0]","[131.38897705078125, 4.5, 0.0]",7.821614285551158,7.988534450531006,-0.06617136215396613,17.887983853784455,0.16282106863886803,0.0,0.004067675676196814,0.0,0.004067675676196814
22.539547,"[113.01415252685547, 7.481691837310791, 0.0]","[131.54698181152344, 4.5, 0.0]",7.8204011707244145,7.97802734375,-0.06065574133717888,17.88951974182748,0.16692016497984774,0.0,0.0037275729700922966,0.0,0.0037275729700922966
22.556849,"[113.16885375976562, 7.504892826080322, 0.0]","[131.7095184326172, 4.5, 0.0]",7.819296341093478,7.980742454528809,-0.0552414815468083,17.888858894405914,0.15762617302558546,0.0,0.003394155763089657,0.0,0.003394155763089657
22.577934,"[113.32353210449219, 7.528104305267334, 0.0]","[131.86709594726562, 4.5, 0.0]",7.81802534368139,7.970245361328125,-0.06354987060444017,17.89270866430749,0.16144611343533022,0.0,0.0039064763113856316,0.0,0.0039064763113856316
22.595873,"[113.47818756103516, 7.551327705383301, 0.0]","[132.02679443359375, 4.5, 0.0]",7.816858585226862,7.973029613494873,-0.05833792272635918,17.89167315401653,0.15222001764673543,0.0,0.003585293423384428,0.0,0.003585293423384428
22.6183,"[113.6328125, 7.5745625495910645, 0.0]","[132.18788146972656, 4.5, 0.0]",7.815793668773322,7.9624438285827654,-0.05324582267700606,17.89274909753822,0.15617102826801066,0.0,0.003271479858085513,0.0,0.003271479858085513
22.635996,"[113.78741455078125, 7.597808361053467, 0.0]","[132.34536743164062, 4.5, 0.0]",7.8148288703526,7.965271949768066,-0.04823992103610841,17.895217329480047,0.14665015980944318,0.0,0.002962284255772829,0.0,0.002962284255772829
22.656075,"[113.9419937133789, 7.621065139770508, 0.0]","[132.50367736816406, 4.5, 0.0]",7.813971728451872,7.954747676849365,-0.042857095036419324,17.894139567158472,0.1504430794154663,0.0,0.0026340635959059,0.0,0.0026340635959059
22.676146,"[114.09654998779297, 7.644333362579346, 0.0]","[132.6659393310547, 4.5, 0.0]",7.812228397206129,7.957459926605225,-0.08716656228715536,17.893888964965136,0.14077594839749352,0.0,0.005357042420655489,0.0,0.005357042420655489
22.697857,"[114.25108337402344, 7.667612552642822, 0.0]","[132.8240203857422, 4.5, 0.0]",7.810592245399217,7.946941375732422,-0.08180759034557283,17.89756349023683,0.145231529399096,0.0,0.005026672501116991,0.0,0.005026672501116991
22.718987,"[114.40558624267578, 7.6909003257751465, 0.0]","[132.98480224609375, 4.5, 0.0]",7.80906048509955,7.949685573577881,-0.07658801498333645,17.89711706134718,0.13634913033320473,0.0,0.004706844221800566,0.0,0.004706844221800566
22.736145,"[114.56005096435547, 7.714195251464844, 0.0]","[133.14073181152344, 4.5, 0.0]",7.807631011769137,7.9425435066223145,-0.07147366652064946,17.89936861632127,0.14062508847833044,0.0,0.004394842311739922,0.0,0.004394842311739922
22.760276,"[114.71448516845703, 7.7374982833862305, 0.0]","[133.29940795898438, 4.5, 0.0]",7.8003578506949935,7.938667297363282,-0.3636580537071943,17.89685736823614,0.13491249485317702,-0.0,0.0,-0.0,0.0
22.776188,"[114.86888885498047, 7.760809898376465, 0.0]","[133.45797729492188, 4.5, 0.0]",7.793084653980759,7.934793949127197,-0.3636598357117382,17.897088694901257,0.1383094466682886,-0.0,0.0,-0.0,0.0
22.796604,"[115.02314758300781, 7.784112453460693, 0.0]","[133.6172637939453, 4.5, 0.0]",7.785812115021105,7.93090295791626,-0.3636269479827092,17.897241587602643,0.14170929514643849,-0.0,0.0,-0.0,0.0
22.817262,"[115.17726135253906, 7.807406425476074, 0.0]","[133.7760467529297, 4.5, 0.0]",7.778539744069017,7.927020072937012,-0.36361854760436074,17.89824586610516,0.14509084289515517,-0.0,0.0,-0.0,0.0
22.836431,"[115.33123016357422, 7.830691337585449, 0.0]","[133.935791015625, 4.5, 0.0]",7.771267087052982,7.923108100891113,-0.3636328508017872,17.898894357214548,0.14848032886799434,-0.0,0.0,-0.0,0.0
22.856808,"[115.48504638671875, 7.853967189788818, 0.0]","[134.0930633544922, 4.5, 0.0]",7.763994250696818,7.919257164001465,-0.36364181780816907,17.900634045135998,0.15184101383813164,-0.0,0.0,-0.0,0.0
22.881671,"[115.63871765136719, 7.877233505249023, 0.0]","[134.2515106201172, 4.5, 0.0]",7.756721252634556,7.915377140045166,-0.36364990311312795,17.90007838341868,0.1552629133046466,-0.0,0.0,-0.0,0.0
22.897521,"[115.79224395751953, 7.900490760803223, 0.0]","[134.40928649902344, 4.5, 0.0]",7.749448964061011,7.911513328552246,-0.36361442867725025,17.900826051037818,0.15865588741061032,-0.0,0.0,-0.0,0.0
22.916833,"[115.94562530517578, 7.923738956451416, 0.0]","[134.570068359375, 4.5, 0.0]",7.742176584813268,7.907572269439699,-0.36361896238714664,17.901052121838354,0.1620643644912354,-0.0,0.0,-0.0,0.0
22.935569,"[116.09886169433594, 7.9469780921936035, 0.0]","[134.7257080078125, 4.5, 0.0]",7.734903732839443,7.903751373291017,-0.3636425986912162,17.90438785024481,0.16539568462643128,-0.0,0.0,-0.0,0.0
22.957899,"[116.251953125, 7.970207691192627, 0.0]","[134.8870391845703, 4.5, 0.0]",7.727631100429139,7.899791240692139,-0.3636316205152035,17.90278706052186,0.16884764045157397,-0.0,0.0,-0.0,0.0
22.975896,"[116.40489959716797, 7.9934282302856445, 0.0]","[135.0449676513672, 4.5, 0.0]",7.720358233708004,7.895914554595947,-0.3636433360567626,17.90695135025455,0.1721601402629993,-0.0,0.0,-0.0,0.0
23.000915,"[116.55770111083984, 8.016639709472656, 0.0]","[135.20338439941406, 4.5, 0.0]",7.713085168203941,7.892025470733643,-0.3636532752031574,17.90789427086605,0.17555632088794315,-0.0,0.0,-0.0,0.0
23.017243,"[116.71035766601562, 8.039841651916504, 0.0]","[135.35882568359375, 4.5, 0.0]",7.705812954074127,7.888205528259277,-0.36361070649069127,17.909458977978353,0.1789403025297016,-0.0,0.0,-0.0,0.0
23.03657,"[116.86286926269531, 8.063034057617188, 0.0]","[135.5188751220703, 4.5, 0.0]",7.698540504851442,7.8842668533325195,-0.3636224611342609,17.908224155041264,0.1823925741851502,-0.0,0.0,-0.0,0.0
23.059566,"[117.01522827148438, 8.086216926574707, 0.0]","[135.67295837402344, 4.5, 0.0]",7.691268327521559,7.8804755210876465,-0.36360886649413615,17.91168796348244,0.1857263484810776,-0.0,0.0,-0.0,0.0
23.07719,"[117.16744232177734, 8.109391212463379, 0.0]","[135.83242797851562, 4.5, 0.0]",7.683995914491634,7.876551151275635,-0.3636206514962659,17.909402917117607,0.18920719356608728,-0.0,0.0,-0.0,0.0
23.095852,"[117.31951141357422, 8.132555961608887, 0.0]","[135.98960876464844, 4.5, 0.0]",7.676723301386711,7.872683048248292,-0.3636306552461388,17.912581470929002,0.19255523678400088,-0.0,0.0,-0.0,0.0
23.115722,"[117.471435546875, 8.15571117401123, 0.0]","[136.146728515625, 4.5, 0.0]",7.669450487947981,7.868812561035156,-0.36364067193650484,17.913639520303352,0.1959597468615808,-0.0,0.0,-0.0,0.0
23.136634,"[117.62321472167969, 8.17885684967041, 0.0]","[136.3067626953125, 4.5, 0.0]",7.662177509897013,7.864864826202393,-0.3636489025483858,17.914777135533214,0.19936207308717524,-0.0,0.0,-0.0,0.0
23.156666,"[117.77484893798828, 8.201992988586426, 0.0]","[136.46363830566406, 4.5, 0.0]",7.654904259034311,7.864327907562256,-0.3636625431351348,17.918938582390222,0.20268731630537928,-0.0,0.0,-0.0,0.0
23.175979,"[117.92633819580078, 8.225119590759277, 0.0]","[136.62127685546875, 4.5, 0.0]",7.64763084304221,7.85377311706543,-0.36367079960504256,17.920116309156995,0.20942364852794526,-0.0,0.0,-0.0,0.0
23.19663,"[118.07768249511719, 8.248236656188965, 0.0]","[136.7787628173828, 4.5, 0.0]",7.640357333795753,7.85655403137207,-0.3636754623228544,17.922189920106494,0.20614227402321994,-0.0,0.0,-0.0,0.0
23.218385,"[118.2288818359375, 8.271344184875488, 0.0]","[136.93231201171875, 4.5, 0.0]",7.6330834968380294,7.846096038818359,-0.3636918478861606,17.924258629024546,0.21619669757631765,-0.0,0.0,-0.0,0.0
23.235182,"[118.37993621826172, 8.294441223144531, 0.0]","[137.08932495117188, 4.5, 0.0]",7.6258108179020025,7.848878860473633,-0.363633946801345,17.92257272723308,0.21301254198032993,-0.0,0.0,-0.0,0.0
23.256402,"[118.53084564208984, 8.31752872467041, 0.0]","[137.2466278076172, 4.5, 0.0]",7.618537846472888,7.838322639465334,-0.3636485714557214,17.92445379806589,0.22306804257163027,-0.0,0.0,-0.0,0.0
23.277038,"[118.68160247802734, 8.340606689453125, 0.0]","[137.40338134765625, 4.5, 0.0]",7.611264762721811,7.84111213684082,-0.36365418755384127,17.926761370493384,0.2197847929924457,-0.0,0.0,-0.0,0.0
23.296499,"[118.83221435546875, 8.363675117492676, 0.0]","[137.5638885498047, 4.5, 0.0]",7.603991476200291,7.830476760864258,-0.3636643260759964,17.928675968078952,0.22984737411900902,-0.0,0.0,-0.0,0.0
23.316396,"[118.98268127441406, 8.386733055114746, 0.0]","[137.7174835205078, 4.5, 0.0]",7.596718421821158,7.833340644836426,-0.36365271895668627,17.934442049852294,0.22648528466396645,-0.0,0.0,-0.0,0.0
23.337114,"[119.13300323486328, 8.409781455993652, 0.0]","[137.87615966796875, 4.5, 0.0]",7.589446052483574,7.82274055480957,-0.36361846687920085,17.9335123672586,0.23662222301526814,-0.0,0.0,-0.0,0.0
23.355967,"[119.2831802368164, 8.432820320129395, 0.0]","[138.03009033203125, 4.5, 0.0]",7.582173533758345,7.82559061050415,-0.3636259362614247,17.937754434845253,0.2332945023259967,-0.0,0.0,-0.0,0.0
23.375712,"[119.43321228027344, 8.455848693847656, 0.0]","[138.18663024902344, 4.5, 0.0]",7.574901057516231,7.8150434494018555,-0.3636238121056845,17.93744357489503,0.24341707674580526,-0.0,0.0,-0.0,0.0
23.397404,"[119.58309936523438, 8.478867530822754, 0.0]","[138.34608459472656, 4.5, 0.0]",7.567628023858905,7.817756652832031,-0.3636516828663172,17.939852075697374,0.24014239188562403,-0.0,0.0,-0.0,0.0
23.419353,"[119.73284149169922, 8.50187873840332, 0.0]","[138.4999542236328, 4.5, 0.0]",7.560355787487283,7.807271957397461,-0.363611818581111,17.945283152328074,0.25012862897312615,-0.0,0.0,-0.0,0.0
23.434562,"[119.88243865966797, 8.524883270263672, 0.0]","[138.6549530029297, 4.5, 0.0]",7.55308263827965,7.810085773468018,-0.36365746038162783,17.945323396238113,0.24691616991017806,-0.0,0.0,-0.0,0.0
23.4568,"[120.0318832397461, 8.547879219055176, 0.0]","[138.81187438964844, 4.5, 0.0]",7.545810203075131,7.7995195388793945,-0.3636217602259517,17.9466146514569,0.25700313518836726,-0.0,0.0,-0.0,0.0
23.476024,"[120.18118286132812, 8.570867538452148, 0.0]","[138.96719360351562, 4.5, 0.0]",7.538537591921188,7.80232572555542,-0.3636305576971477,17.949944381609427,0.25370933580426325,-0.0,0.0,-0.0,0.0
23.495279,"[120.33033752441406, 8.593847274780273, 0.0]","[139.12408447265625, 4.5, 0.0]",7.531264351024294,7.791759967803955,-0.36366204484470366,17.95182249462412,0.2637881336342316,-0.0,0.0,-0.0,0.0
23.517336,"[120.4793472290039, 8.616817474365234, 0.0]","[139.28182983398438, 4.5, 0.0]",7.523991640071061,7.794501781463623,-0.36363554766167816,17.955388967429624,0.2604956167796608,-0.0,0.0,-0.0,0.0
23.540988,"[120.62821197509766, 8.639779090881348, 0.0]","[139.43606567382812, 4.5, 0.0]",7.516718479487991,7.783992767333984,-0.36365802915350187,17.95993680540484,0.27051014139256235,-0.0,0.0,-0.0,0.0
23.556383,"[120.77693176269531, 8.662732124328613, 0.0]","[139.58990478515625, 4.5, 0.0]",7.50944532160906,7.786826133728027,-0.36365789394654513,17.961158852217782,0.2672742878459937,-0.0,0.0,-0.0,0.0
23.57705,"[120.92550659179688, 8.685675621032715, 0.0]","[139.74732971191406, 4.5, 0.0]",7.502172366036963,7.776237964630129,-0.36364777860482533,17.962120788478646,0.2773808121189676,-0.0,0.0,-0.0,0.0
23.596485,"[121.07393646240234, 8.708610534667969, 0.0]","[139.90415954589844, 4.5, 0.0]",7.49489903178008,7.778996467590332,-0.3636667128441573,17.966771052400137,0.2740655985931655,-0.0,0.0,-0.0,0.0
23.616603,"[121.22222137451172, 8.731535911560059, 0.0]","[140.06170654296875, 4.5, 0.0]",7.487625789485519,7.7684006690979,-0.3636621147280472,17.97097058546369,0.28409743581025193,-0.0,0.0,-0.0,0.0
23.634962,"[121.37035369873047, 8.7544527053833, 0.0]","[140.2163848876953, 4.5, 0.0]",7.4803536722221295,7.771203517913818,-0.3636058631694805,17.976020246443593,0.28077487961238123,-0.0,0.0,-0.0,0.0
23.657073,"[121.51834106445312, 8.777359962463379, 0.0]","[140.3721923828125, 4.5, 0.0]",7.473080414727154,7.763978481292725,-0.36366287474876025,17.978383412087382,0.2908498456916888,-0.0,0.0,-0.0,0.0
23.676062,"[121.66618347167969, 8.800257682800293, 0.0]","[140.52752685546875, 4.5, 0.0]",7.465806849588244,7.760098457336426,-0.36367825694552103,17.98200015236492,0.29089806656557027,-0.0,0.0,-0.0,0.0
23.69668,"[121.81388092041016, 8.82314682006836, 0.0]","[140.68289184570312, 4.5, 0.0]",7.458534138070657,7.756217956542969,-0.3636355758793286,17.98528884084469,0.29429160774818186,-0.0,0.0,-0.0,0.0
23.715969,"[121.96143341064453, 8.846026420593262, 0.0]","[140.8383026123047, 4.5, 0.0]",7.451261644281297,7.752332210540772,-0.36362468946800064,17.98874888924546,0.2976838184723114,-0.0,0.0,-0.0,0.0
23.734878,"[122.10884094238281, 8.868896484375, 0.0]","[140.9896697998047, 4.5, 0.0]",7.443989024734921,7.748541831970215,-0.36363097731881844,17.992399350640135,0.30107056625947504,-0.0,0.0,-0.0,0.0
23.759222,"[122.256103515625, 8.891757011413574, 0.0]","[141.1472930908203, 4.5, 0.0]",7.4367162975967815,7.744595050811768,-0.36363635690697116,17.992186413904165,0.3045528072352939,-0.0,0.0,-0.0,0.0
23.774816,"[122.4032211303711, 8.914608001708984, 0.0]","[141.2992706298828, 4.5, 0.0]",7.429443481073421,7.740789890289307,-0.3636408261680213,17.998299479287986,0.30787875321498603,-0.0,0.0,-0.0,0.0
23.795018,"[122.5501937866211, 8.93744945526123, 0.0]","[141.45481872558594, 4.5, 0.0]",7.422170410132144,7.736894607543945,-0.3636535470638691,17.998977351605102,0.3113464092158855,-0.0,0.0,-0.0,0.0
23.816721,"[122.697021484375, 8.960281372070312, 0.0]","[141.6100616455078, 4.5, 0.0]",7.4148971027526365,7.733003616333008,-0.3636653689753633,18.00332231806161,0.3147241974118016,-0.0,0.0,-0.0,0.0
23.836801,"[122.84369659423828, 8.98310375213623, 0.0]","[141.7648162841797, 4.5, 0.0]",7.407625063815155,7.729118824005127,-0.3636019468740592,18.007508035892524,0.31810651358037134,-0.0,0.0,-0.0,0.0
23.855927,"[122.99022674560547, 9.005916595458984, 0.0]","[141.91795349121094, 4.5, 0.0]",7.4003527878488535,7.725274562835695,-0.3636137983150878,18.011360152302583,0.32149376018997167,-0.0,0.0,-0.0,0.0
23.875113,"[123.13661193847656, 9.028719902038574, 0.0]","[142.07501220703125, 4.5, 0.0]",7.393080219418755,7.72133207321167,-0.3636284215049468,18.01375533828567,0.3249217749868416,-0.0,0.0,-0.0,0.0
23.89756,"[123.28285217285156, 9.051513671875, 0.0]","[142.22805786132812, 4.5, 0.0]",7.385807450002622,7.717490196228029,-0.3636384708066487,18.02016515446862,0.3282518537929153,-0.0,0.0,-0.0,0.0
23.916499,"[123.42894744873047, 9.074297904968262, 0.0]","[142.38558959960938, 4.5, 0.0]",7.378534460945318,7.713531494140625,-0.3636494528652001,18.022750747144887,0.3316827462254075,-0.0,0.0,-0.0,0.0
23.935347,"[123.57489776611328, 9.09707260131836, 0.0]","[142.53872680664062, 4.5, 0.0]",7.371261215150806,7.709677696228027,-0.3636622897255748,18.029910717819124,0.3349970331953074,-0.0,0.0,-0.0,0.0
23.958102,"[123.720703125, 9.119837760925293, 0.0]","[142.69326782226562, 4.5, 0.0]",7.363987929737682,7.705789089202881,-0.36366427065619433,18.0328686358694,0.3384164810772212,-0.0,0.0,-0.0,0.0
23.979431,"[123.86636352539062, 9.142592430114746, 0.0]","[142.84454345703125, 4.5, 0.0]",7.356714265541353,7.70198154449463,-0.36368320981647884,18.037354150887765,0.3418011594651986,-0.0,0.0,-0.0,0.0
23.995954,"[124.01187896728516, 9.165336608886719, 0.0]","[142.99937438964844, 4.5, 0.0]",7.349441321656881,7.698084831237793,-0.36364719422357084,18.0387576729502,0.34526727895327713,-0.0,0.0,-0.0,0.0
24.014878,"[124.1572494506836, 9.188070297241211, 0.0]","[143.15322875976562, 4.5, 0.0]",7.342167928303075,7.694209098815918,-0.36366966769030284,18.043817859666984,0.3486435095809117,-0.0,0.0,-0.0,0.0
24.035045,"[124.30247497558594, 9.210793495178223, 0.0]","[143.30633544921875, 4.5, 0.0]",7.3348946595943385,7.6903462409973145,-0.363663435436834,18.048057744628707,0.3520411705128428,-0.0,0.0,-0.0,0.0
24.056558,"[124.44754791259766, 9.233506202697754, 0.0]","[143.4607391357422, 4.5, 0.0]",7.327622110520251,7.686450481414796,-0.363627453704396,18.051704564641977,0.35545158140297595,-0.0,0.0,-0.0,0.0
24.076379,"[124.59247589111328, 9.256208419799805, 0.0]","[143.61474609375, 4.5, 0.0]",7.320348734313004,7.685898303985596,-0.36366881036231646,18.056783156063776,0.3588283708945452,-0.0,0.0,-0.0,0.0
24.096292,"[124.73725891113281, 9.278901100158691, 0.0]","[143.7696533203125, 4.5, 0.0]",7.313076568230163,7.675323963165283,-0.36360830414206013,18.06161551860933,0.36554956967259145,-0.0,0.0,-0.0,0.0
24.115981,"[124.88189697265625, 9.301584243774414, 0.0]","[143.92193603515625, 4.5, 0.0]",7.305803828187567,7.678144454956055,-0.3636370021298241,18.0674697874848,0.36224739493512015,-0.0,0.0,-0.0,0.0
24.135379,"[125.0263900756836, 9.324256896972656, 0.0]","[144.07794189453125, 4.5, 0.0]",7.298531187867284,7.667531967163086,-0.363632016014126,18.070871477671655,0.3723406267684881,-0.0,0.0,-0.0,0.0
24.156082,"[125.17073822021484, 9.346919059753418, 0.0]","[144.2311553955078, 4.5, 0.0]",7.291258739261115,7.670322895050049,-0.3636224303084745,18.07809440963104,0.3690007792958019,-0.0,0.0,-0.0,0.0
24.17581,"[125.31494140625, 9.369571685791016, 0.0]","[144.384521484375, 4.5, 0.0]",7.283986010917507,7.659777641296387,-0.36363641718035744,18.082699125767842,0.37906415578893426,-0.0,0.0,-0.0,0.0
24.196073,"[125.45899963378906, 9.392213821411133, 0.0]","[144.5362091064453, 4.5, 0.0]",7.276713076570621,7.662607192993164,-0.36364671734432363,18.08759306551889,0.3757916303788793,-0.0,0.0,-0.0,0.0
24.216695,"[125.60291290283203, 9.41484546661377, 0.0]","[144.69000244140625, 4.5, 0.0]",7.26944061111099,7.652047157287598,-0.3636232729815614,18.09097043580163,0.3858941164225431,-0.0,0.0,-0.0,0.0
24.235023,"[125.7466812133789, 9.437466621398926, 0.0]","[144.84423828125, 4.5, 0.0]",7.262168293918722,7.654801845550537,-0.3636158596133754,18.096569902377052,0.38260654617660794,-0.0,0.0,-0.0,0.0
24.256473,"[125.89030456542969, 9.460076332092285, 0.0]","[144.99484252929688, 4.5, 0.0]",7.254895881052187,7.644317150115969,-0.36362064332675637,18.102745109505666,0.3926335516318149,-0.0,0.0,-0.0,0.0
24.276305,"[126.03378295898438, 9.482674598693848, 0.0]","[145.14910888671875, 4.5, 0.0]",7.247623221980479,7.647071361541748,-0.36363295358539105,18.105481719966846,0.3894212690637815,-0.0,0.0,-0.0,0.0
24.29479,"[126.17710876464844, 9.505261421203613, 0.0]","[145.30056762695312, 4.5, 0.0]",7.240350717143591,7.6365647315979,-0.3636252418444119,18.11198340405816,0.3994481395612688,-0.0,0.0,-0.0,0.0
24.314797,"[126.3202896118164, 9.527836799621582, 0.0]","[145.45362854003906, 4.5, 0.0]",7.2330775873292374,7.639345645904541,-0.3636564907176787,18.115864056156536,0.39621401445430937,-0.0,0.0,-0.0,0.0
24.336389,"[126.46332550048828, 9.550400733947754, 0.0]","[145.60894775390625, 4.5, 0.0]",7.22580438468198,7.6287312507629395,-0.3636601323628863,18.121472666036098,0.40626805857530357,-0.0,0.0,-0.0,0.0
24.35798,"[126.60621643066406, 9.572954177856445, 0.0]","[145.75892639160156, 4.5, 0.0]",7.218531245718086,7.631584644317627,-0.3636569481946683,18.129457383238286,0.40292686608095973,-0.0,0.0,-0.0,0.0
24.375624,"[126.74896240234375, 9.595495223999023, 0.0]","[145.91148376464844, 4.5, 0.0]",7.211258552404985,7.621039867401123,-0.36363466565507707,18.132308168217644,0.4130533985995406,-0.0,0.0,-0.0,0.0
24.395107,"[126.89156341552734, 9.618021965026855, 0.0]","[146.06396484375, 4.5, 0.0]",7.203985579552562,7.6238298416137695,-0.3636486426211505,18.137853959441518,0.40978131499613824,-0.0,0.0,-0.0,0.0
24.416565,"[127.03401947021484, 9.640532493591309, 0.0]","[146.21958923339844, 4.5, 0.0]",7.196712771060301,7.613203048706055,-0.36364042461305424,18.143479765334057,0.41984426206120773,-0.0,0.0,-0.0,0.0
24.435285,"[127.17633056640625, 9.663022994995117, 0.0]","[146.37149047851562, 4.5, 0.0]",7.189440067408907,7.615997791290283,-0.3636351825696771,18.152376087812435,0.41649027764575397,-0.0,0.0,-0.0,0.0
24.45691,"[127.3185043334961, 9.6854887008667, 0.0]","[146.52381896972656, 4.5, 0.0]",7.182167777495249,7.605449199676514,-0.3636144956828957,18.157775918654597,0.426557723881376,-0.0,0.0,-0.0,0.0
24.476059,"[127.46053314208984, 9.70792007446289, 0.0]","[146.67369079589844, 4.5, 0.0]",7.174895786071808,7.608295440673828,-0.36359957117206854,18.16380513183985,0.4232814221812644,-0.0,0.0,-0.0,0.0
24.496071,"[127.6024169921875, 9.73031997680664, 0.0]","[146.8287353515625, 4.5, 0.0]",7.167624265469427,7.597677707672119,-0.3635760301190505,18.16765609277933,0.43339965460202023,-0.0,0.0,-0.0,0.0
24.518669,"[127.7441635131836, 9.752693176269531, 0.0]","[146.98094177246094, 4.5, 0.0]",7.160351739200198,7.600460529327393,-0.36362631346142926,18.17685907517584,0.43005344220269226,-0.0,0.0,-0.0,0.0
24.534678,"[127.8857650756836, 9.775040626525879, 0.0]","[147.13157653808594, 4.5, 0.0]",7.1530802899549,7.589945316314697,-0.363572462264905,18.183470664196182,0.4401087901271943,-0.0,0.0,-0.0,0.0
24.555483,"[128.0272216796875, 9.797364234924316, 0.0]","[147.28053283691406, 4.5, 0.0]",7.145808133341519,7.5928053855896,-0.363607830669066,18.188736836174883,0.43686502635979707,-0.0,0.0,-0.0,0.0
24.578406,"[128.1685333251953, 9.819664001464844, 0.0]","[147.43292236328125, 4.5, 0.0]",7.138536335603416,7.585578918457031,-0.3635898869051246,18.192530411111576,0.44699725224808073,-0.0,0.0,-0.0,0.0
24.595263,"[128.30970764160156, 9.841939926147461, 0.0]","[147.58502197265625, 4.5, 0.0]",7.131264257436149,7.578359127044678,-0.36360390836338574,18.19989547385546,0.44704258285361487,-0.0,0.0,-0.0,0.0
24.615938,"[128.4507293701172, 9.864192962646484, 0.0]","[147.73695373535156, 4.5, 0.0]",7.123992766405633,7.581139087677002,-0.36357455152580265,18.20713719755361,0.44709486960852907,-0.0,0.0,-0.0,0.0
24.634602,"[128.59161376953125, 9.886423110961914, 0.0]","[147.88772583007812, 4.5, 0.0]",7.1167213422446025,7.570610523223877,-0.3635712080515052,18.214386871998634,0.45714632127136934,-0.0,0.0,-0.0,0.0
24.65752,"[128.7323455810547, 9.90863037109375, 0.0]","[148.03994750976562, 4.5, 0.0]",7.109449278944403,7.57337760925293,-0.3636031650099625,18.22064435352988,0.45388918097927444,-0.0,0.0,-0.0,0.0
24.678003,"[128.87294006347656, 9.930814743041992, 0.0]","[148.19268798828125, 4.5, 0.0]",7.102174881278588,7.562798023223877,-0.36371988329078064,18.228495525008153,0.4639283303085264,-0.0,0.0,-0.0,0.0
24.700788,"[129.01339721679688, 9.952977180480957, 0.0]","[148.34234619140625, 4.5, 0.0]",7.094894672509061,7.565630912780762,-0.3640104384763365,18.237010431273834,0.4606231419452893,-0.0,0.0,-0.0,0.0
24.715879,"[129.15371704101562, 9.975080490112305, 0.0]","[148.49246215820312, 4.5, 0.0]",7.0876066038247165,7.55511474609375,-0.36440343421721977,18.24262638288737,0.4707362402717008,-0.0,0.0,-0.0,0.0
24.735768,"[129.2938995361328, 9.997098922729492, 0.0]","[148.6441650390625, 4.5, 0.0]",7.0803104119306335,7.55788516998291,-0.36480959470415186,18.249010865310407,0.4675081422690335,-0.0,0.0,-0.0,0.0
24.756208,"[129.43394470214844, 10.019012451171875, 0.0]","[148.79551696777344, 4.5, 0.0]",7.073001081324809,7.5473313331604,-0.3654665302912363,18.25741622785419,0.47757475805227667,-0.0,0.0,-0.0,0.0
24.779297,"[129.57386779785156, 10.040804862976074, 0.0]","[148.94668579101562, 4.5, 0.0]",7.065683910533668,7.550115585327148,-0.3658585395570402,18.266045438847787,0.47433025183559163,-0.0,0.0,-0.0,0.0
24.79738,"[129.71365356445312, 10.062457084655762, 0.0]","[149.10092163085938, 4.5, 0.0]",7.058361844980431,7.539487838745117,-0.3661032776618445,18.275129466750418,0.4844316747934805,-0.0,0.0,-0.0,0.0
24.816448,"[129.8533172607422, 10.083959579467773, 0.0]","[149.24916076660156, 4.5, 0.0]",7.051038755196567,7.5423431396484375,-0.3661544891932156,18.287992237299743,0.4811259937646861,-0.0,0.0,-0.0,0.0
24.838593,"[129.99285888671875, 10.105306625366211, 0.0]","[149.40232849121094, 4.5, 0.0]",7.043717291897539,7.531732559204102,-0.366073164951386,18.29568842564702,0.49130438445187075,-0.0,0.0,-0.0,0.0
24.861469,"[130.1322784423828, 10.126496315002441, 0.0]","[149.54981994628906, 4.5, 0.0]",7.0363979941289205,7.534600734710693,-0.36596488843092523,18.30901883611899,0.48801526730656253,-0.0,0.0,-0.0,0.0
24.877426,"[130.27157592773438, 10.147529602050781, 0.0]","[149.69985961914062, 4.5, 0.0]",7.029083180094264,7.524071216583253,-0.3657407017328307,18.317468972478736,0.49820274058177283,-0.0,0.0,-0.0,0.0
24.898336,"[130.41075134277344, 10.168407440185547, 0.0]","[149.8516387939453, 4.5, 0.0]",7.021772116134569,7.526829242706299,-0.36555319798474706,18.329137238480552,0.4949880364889889,-0.0,0.0,-0.0,0.0
24.915907,"[130.54978942871094, 10.189131736755371, 0.0]","[150.00204467773438, 4.5, 0.0]",7.014464271406856,7.516286373138428,-0.365392236385631,18.343152940700318,0.5050571265717299,-0.0,0.0,-0.0,0.0
24.937847,"[130.68870544433594, 10.209704399108887, 0.0]","[150.1522674560547, 4.5, 0.0]",7.007161802794805,7.519074440002441,-0.36512343060257635,18.35639840933067,0.5018221017315714,-0.0,0.0,-0.0,0.0
24.956388,"[130.82749938964844, 10.230127334594727, 0.0]","[150.3018798828125, 4.5, 0.0]",6.999863768579687,7.508545875549316,-0.36490171075587163,18.369984065275503,0.5119126372076366,-0.0,0.0,-0.0,0.0
24.975979,"[130.96617126464844, 10.250404357910156, 0.0]","[150.45266723632812, 4.5, 0.0]",6.992568809709976,7.511319637298584,-0.36474794348557715,18.383429771044593,0.508682106969629,-0.0,0.0,-0.0,0.0
24.99803,"[131.10470581054688, 10.270540237426758, 0.0]","[150.60299682617188, 4.5, 0.0]",6.985275485951581,7.504105567932129,-0.3646661879197488,18.398451034431353,0.5187508275886081,-0.0,0.0,-0.0,0.0
25.015422,"[131.2431182861328, 10.29053783416748, 0.0]","[150.75340270996094, 4.5, 0.0]",6.977982760882654,7.500218868255615,-0.36463625344635986,18.413397138864006,0.518830081980548,-0.0,0.0,-0.0,0.0
25.035863,"[131.38140869140625, 10.310396194458008, 0.0]","[150.90362548828125, 4.5, 0.0]",6.97069144729777,7.496330738067627,-0.3645656792441887,18.428742851513555,0.5222361073729616,-0.0,0.0,-0.0,0.0
25.057083,"[131.51956176757812, 10.330116271972656, 0.0]","[151.0535125732422, 4.5, 0.0]",6.963398354381091,7.492451190948487,-0.36465464583392837,18.44421469634193,0.525639290769857,-0.0,0.0,-0.0,0.0
25.077255,"[131.6575927734375, 10.34969711303711, 0.0]","[151.2063446044922, 4.5, 0.0]",6.956103963558684,7.488495349884033,-0.36471954112036187,18.459658285997506,0.5290528365673959,-0.0,0.0,-0.0,0.0
25.100281,"[131.79550170898438, 10.369136810302734, 0.0]","[151.354248046875, 4.5, 0.0]",6.94880626447438,7.4846673011779785,-0.3648849542151833,18.478294435536373,0.5323913863253491,-0.0,0.0,-0.0,0.0
25.117212,"[131.9332733154297, 10.38843059539795, 0.0]","[151.50616455078125, 4.5, 0.0]",6.941504105818771,7.480731010437012,-0.36510793278048403,18.492328326164138,0.5358610367035981,-0.0,0.0,-0.0,0.0
25.1363,"[132.0709228515625, 10.407571792602539, 0.0]","[151.65542602539062, 4.5, 0.0]",6.934196832581093,7.476857662200928,-0.36536366188388847,18.510630051316884,0.539226904618241,-0.0,0.0,-0.0,0.0
25.158377,"[132.2084503173828, 10.426552772521973, 0.0]","[151.8014678955078, 4.5, 0.0]",6.9268833785795465,7.473067760467529,-0.3656727000773241,18.526607054602195,0.5426608296198348,-0.0,0.0,-0.0,0.0
25.175235,"[132.34585571289062, 10.445366859436035, 0.0]","[151.9538116455078, 4.5, 0.0]",6.919559049488468,7.469114780426025,-0.3662164545539248,18.539730659926086,0.5461843818879828,-0.0,0.0,-0.0,0.0
25.196555,"[132.48313903808594, 10.464003562927246, 0.0]","[152.1036376953125, 4.5, 0.0]",6.912225405701298,7.465226650238038,-0.3666821893585137,18.55945235823356,0.5495557309375574,-0.0,0.0,-0.0,0.0
25.216778,"[132.62030029296875, 10.482450485229492, 0.0]","[152.2536163330078, 4.5, 0.0]",6.904882967144277,7.461330890655518,-0.3671219278510218,18.577085833348274,0.5530012445367403,-0.0,0.0,-0.0,0.0
25.236294,"[132.75733947753906, 10.50069522857666, 0.0]","[152.40213012695312, 4.5, 0.0]",6.897529293878932,7.4574666023254395,-0.36768366326724866,18.5953204716513,0.5564479235112403,-0.0,0.0,-0.0,0.0
25.257123,"[132.89425659179688, 10.518729209899902, 0.0]","[152.548828125, 4.5, 0.0]",6.890166619765403,7.453649997711182,-0.3681337056764544,18.612615278638547,0.5599373084465071,-0.0,0.0,-0.0,0.0
25.277531,"[133.0310516357422, 10.536540985107422, 0.0]","[152.69854736328125, 4.5, 0.0]",6.882799240032195,7.44975471496582,-0.3683689866603945,18.62865066280258,0.5634833779457784,-0.0,0.0,-0.0,0.0
25.296537,"[133.167724609375, 10.554120063781738, 0.0]","[152.84698486328125, 4.5, 0.0]",6.875428581497621,7.445892810821533,-0.3685329267287152,18.64826055078797,0.566955474933625,-0.0,0.0,-0.0,0.0
25.319848,"[133.30429077148438, 10.57146167755127, 0.0]","[152.99903869628906, 4.5, 0.0]",6.868056947728309,7.441932678222656,-0.3685816884655857,18.667212110771917,0.5704642293239122,-0.0,0.0,-0.0,0.0
25.336448,"[133.44073486328125, 10.588561058044434, 0.0]","[153.14622497558594, 4.5, 0.0]",6.860682844370849,7.438093185424806,-0.3687051678729958,18.690351383737863,0.5738757304943469,-0.0,0.0,-0.0,0.0
25.35968,"[133.57705688476562, 10.605414390563965, 0.0]","[153.29446411132812, 4.5, 0.0]",6.853304495366918,7.4342265129089355,-0.36891745019658195,18.70927834392153,0.5774103410539562,-0.0,0.0,-0.0,0.0
25.378071,"[133.7132568359375, 10.622015953063965, 0.0]","[153.44151306152344, 4.5, 0.0]",6.845923857572525,7.43039083480835,-0.36903188971963985,18.729842322010143,0.5809220175420178,-0.0,0.0,-0.0,0.0
25.39777,"[133.84934997558594, 10.638359069824219, 0.0]","[153.5911407470703, 4.5, 0.0]",6.838540236166983,7.426487445831299,-0.36918107027710256,18.749812462500167,0.5844669772358246,-0.0,0.0,-0.0,0.0
25.418495,"[133.98532104492188, 10.654438972473145, 0.0]","[153.73965454101562, 4.5, 0.0]",6.8311512722983965,7.425942420959473,-0.36944819342932256,18.772913284073393,0.5879472096643159,-0.0,0.0,-0.0,0.0
25.437773,"[134.1211700439453, 10.670249938964844, 0.0]","[153.88739013671875, 4.5, 0.0]",6.823758407141831,7.415412425994873,-0.3696432578282671,18.795479517247497,0.5947911486610762,-0.0,0.0,-0.0,0.0
25.456337,"[134.2569122314453, 10.685785293579102, 0.0]","[154.03614807128906, 4.5, 0.0]",6.816364468227246,7.418188095092773,-0.3696969457292365,18.81784646804799,0.5916540188530419,-0.0,0.0,-0.0,0.0
25.475688,"[134.3925323486328, 10.70103931427002, 0.0]","[154.1842041015625, 4.5, 0.0]",6.808971681476914,7.407649993896485,-0.36963933751663625,18.841786404241102,0.601823626865527,-0.0,0.0,-0.0,0.0
25.496176,"[134.5280303955078, 10.716009140014648, 0.0]","[154.33340454101562, 4.5, 0.0]",6.8015848559807655,7.410414218902588,-0.36934127480741097,18.865589437499533,0.5986783124195716,-0.0,0.0,-0.0,0.0
25.515946,"[134.66342163085938, 10.730693817138672, 0.0]","[154.4810028076172, 4.5, 0.0]",6.79420707026806,7.39988374710083,-0.36888928563527656,18.89107674229935,0.6088293629218224,-0.0,0.0,-0.0,0.0
25.535331,"[134.79869079589844, 10.745094299316406, 0.0]","[154.63113403320312, 4.5, 0.0]",6.78683975710813,7.402613162994385,-0.36836565799651666,18.915489565036584,0.6056766768327702,-0.0,0.0,-0.0,0.0
25.556535,"[134.933837890625, 10.75921630859375, 0.0]","[154.7762908935547, 4.5, 0.0]",6.779480419956165,7.392140865325928,-0.367966857598212,18.942905224150703,0.6157734058862552,-0.0,0.0,-0.0,0.0
25.57734,"[135.06886291503906, 10.773062705993652, 0.0]","[154.92489624023438, 4.5, 0.0]",6.772129151434232,7.3949103355407715,-0.36756342609667314,18.965818479730444,0.6126604453697624,-0.0,0.0,-0.0,0.0
25.597326,"[135.20376586914062, 10.786637306213379, 0.0]","[155.07382202148438, 4.5, 0.0]",6.7647818046079164,7.384338855743408,-0.36736734131577187,18.992534023938866,0.6227811841065396,-0.0,0.0,-0.0,0.0
25.619718,"[135.3385467529297, 10.799944877624512, 0.0]","[155.22378540039062, 4.5, 0.0]",6.757439707305802,7.387068748474121,-0.36710486510571627,19.01991475365771,0.6195570511354918,-0.0,0.0,-0.0,0.0
25.635984,"[135.47320556640625, 10.81298542022705, 0.0]","[155.3677978515625, 4.5, 0.0]",6.750102445478874,7.37661600112915,-0.36686309134639217,19.0486248476638,0.629629041168319,-0.0,0.0,-0.0,0.0
25.657228,"[135.6077423095703, 10.825760841369629, 0.0]","[155.518798828125, 4.5, 0.0]",6.742766240131808,7.379312038421631,-0.36681026735330136,19.071691010862853,0.6265135556502761,-0.0,0.0,-0.0,0.0
25.678276,"[135.74215698242188, 10.838273048400879, 0.0]","[155.6634063720703, 4.5, 0.0]",6.735432665607527,7.368844032287598,-0.3666787262140758,19.101939981369004,0.6365457982898226,-0.0,0.0,-0.0,0.0
25.697965,"[135.87644958496094, 10.8505220413208, 0.0]","[155.81089782714844, 4.5, 0.0]",6.728100486385747,7.3716325759887695,-0.36660896108897667,19.126053061563212,0.6334113666800709,-0.0,0.0,-0.0,0.0
25.716561,"[136.0106201171875, 10.862508773803711, 0.0]","[155.95872497558594, 4.5, 0.0]",6.720770811119515,7.361075878143311,-0.36648376331163135,19.15322978358334,0.6435320896030223,-0.0,0.0,-0.0,0.0
25.735825,"[136.14466857910156, 10.874232292175293, 0.0]","[156.1049041748047, 4.5, 0.0]",6.713441962879108,7.363888740539551,-0.3664424120203069,19.180927427194888,0.6403050670237969,-0.0,0.0,-0.0,0.0
25.757179,"[136.27859497070312, 10.88569450378418, 0.0]","[156.2528076171875, 4.5, 0.0]",6.706115419820982,7.353323936462402,-0.36632715290632056,19.207160977707556,0.6504467776604423,-0.0,0.0,-0.0,0.0
25.775957,"[136.4123992919922, 10.896896362304688, 0.0]","[156.39990234375, 4.5, 0.0]",6.698790234787378,7.356112480163574,-0.3662592516802121,19.235270489140532,0.6472085166414203,-0.0,0.0,-0.0,0.0
25.796663,"[136.54608154296875, 10.90783977508545, 0.0]","[156.5472869873047, 4.5, 0.0]",6.691466958467537,7.345561504364014,-0.36616381599205994,19.262721013560615,0.6573222453761964,-0.0,0.0,-0.0,0.0
25.820696,"[136.67962646484375, 10.918524742126465, 0.0]","[156.69471740722656, 4.5, 0.0]",6.684142950767118,7.348337173461914,-0.36620038502093166,19.290598240276303,0.6540945458964771,-0.0,0.0,-0.0,0.0
25.836506,"[136.81304931640625, 10.92895221710205, 0.0]","[156.84019470214844, 4.5, 0.0]",6.676820382236986,7.337825775146484,-0.3661284265065845,19.31866732739357,0.6641942226947961,-0.0,0.0,-0.0,0.0
25.858044,"[136.94635009765625, 10.939122200012207, 0.0]","[156.9881591796875, 4.5, 0.0]",6.669498144315705,7.34058141708374,-0.3661118960640586,19.34491234977787,0.6610053929094981,-0.0,0.0,-0.0,0.0
25.8776,"[137.0795135498047, 10.949036598205566, 0.0]","[157.13465881347656, 4.5, 0.0]",6.662175515682097,7.330043315887452,-0.3661314316803832,19.373751650700168,0.6710832727680351,-0.0,0.0,-0.0,0.0
25.895505,"[137.21255493164062, 10.958694458007812, 0.0]","[157.28163146972656, 4.5, 0.0]",6.654851227899782,7.332825183868408,-0.3662143891157932,19.401260405225464,0.6678678002053546,-0.0,0.0,-0.0,0.0
25.916151,"[137.345458984375, 10.968096733093262, 0.0]","[157.42864990234375, 4.5, 0.0]",6.647526030075542,7.322091102600098,-0.366259891211973,19.42935180758506,0.6779739559686266,-0.0,0.0,-0.0,0.0
25.9374,"[137.47824096679688, 10.977242469787598, 0.0]","[157.57415771484375, 4.5, 0.0]",6.640198685754253,7.324462413787842,-0.3663672160644449,19.45761840593905,0.6745650725245556,-0.0,0.0,-0.0,0.0
25.956307,"[137.61090087890625, 10.98613166809082, 0.0]","[157.72305297851562, 4.5, 0.0]",6.632867697370169,7.316734790802002,-0.3665494192042207,19.484483983806292,0.6842637280335886,-0.0,0.0,-0.0,0.0
25.977315,"[137.74342346191406, 10.994763374328613, 0.0]","[157.87008666992188, 4.5, 0.0]",6.625531445490622,7.312395095825197,-0.36681259397735033,19.514849709874284,0.6838670934318332,-0.0,0.0,-0.0,0.0
25.997106,"[137.87582397460938, 11.003134727478027, 0.0]","[158.0165252685547, 4.5, 0.0]",6.618190404094389,7.308073043823242,-0.3670520698116242,19.543490979941712,0.6868636503345753,-0.0,0.0,-0.0,0.0
26.016573,"[138.00808715820312, 11.011242866516113, 0.0]","[158.16038513183594, 4.5, 0.0]",6.610846721581933,7.303226947784424,-0.36718412562279923,19.571674479891417,0.6898826397288529,-0.0,0.0,-0.0,0.0
26.039979,"[138.1402130126953, 11.019084930419922, 0.0]","[158.3058624267578, 4.5, 0.0]",6.603502482688651,7.297450065612793,-0.3672119446641364,19.59745067694236,0.6923802262024905,-0.0,0.0,-0.0,0.0
26.057165,"[138.272216796875, 11.026658058166504, 0.0]","[158.45071411132812, 4.5, 0.0]",6.596158899766142,7.2916975021362305,-0.36717914612545144,19.625017263555108,0.6939475829241424,-0.0,0.0,-0.0,0.0
26.075615,"[138.40408325195312, 11.033963203430176, 0.0]","[158.5978546142578, 4.5, 0.0]",6.588815437750032,7.285854339599609,-0.3671731008054735,19.652131225188487,0.6955386023700889,-0.0,0.0,-0.0,0.0
26.09851,"[138.5358123779297, 11.041000366210938, 0.0]","[158.7436981201172, 4.5, 0.0]",6.5814733972152775,7.280062675476075,-0.3671020267377312,19.68171758609896,0.6970389018495773,-0.0,0.0,-0.0,0.0
26.117636,"[138.66741943359375, 11.047769546508789, 0.0]","[158.88966369628906, 4.5, 0.0]",6.5741306189815765,7.273625373840332,-0.36713891168504986,19.71019227144227,0.6985892782607976,-0.0,0.0,-0.0,0.0
26.137567,"[138.79888916015625, 11.054271697998047, 0.0]","[159.03419494628906, 4.5, 0.0]",6.566788032895591,7.2663068771362305,-0.36712930429927404,19.738948882672386,0.6994947548587556,-0.0,0.0,-0.0,0.0
26.157532,"[138.9302215576172, 11.060505867004395, 0.0]","[159.18179321289062, 4.5, 0.0]",6.55944342195058,7.258833885192871,-0.36723054725054105,19.766444052217597,0.6995188442406395,-0.0,0.0,-0.0,0.0
26.176774,"[139.06141662597656, 11.066471099853516, 0.0]","[159.32720947265625, 4.5, 0.0]",6.552097178602105,7.251471042633057,-0.36731216742373896,19.79717050206217,0.6993904632422909,-0.0,0.0,-0.0,0.0
26.197959,"[139.19247436523438, 11.07216739654541, 0.0]","[159.4727325439453, 4.5, 0.0]",6.544747128240257,7.244102478027344,-0.36750251809243295,19.82588368696397,0.6993738640309513,-0.0,0.0,-0.0,0.0
26.21939,"[139.3234100341797, 11.077592849731445, 0.0]","[159.61767578125, 4.5, 0.0]",6.537392498564778,7.236166954040527,-0.3677314837739143,19.85486837715503,0.699355349787087,-0.0,0.0,-0.0,0.0
26.236855,"[139.45420837402344, 11.082743644714355, 0.0]","[159.76173400878906, 4.5, 0.0]",6.530035675610513,7.227452278137207,-0.3678411477132659,19.883424653298672,0.6987744554757489,-0.0,0.0,-0.0,0.0
26.257198,"[139.58486938476562, 11.087617874145508, 0.0]","[159.90390014648438, 4.5, 0.0]",6.5226789940318834,7.2188520431518555,-0.3678340789314838,19.911271860149057,0.6974166025266939,-0.0,0.0,-0.0,0.0
26.278935,"[139.71539306640625, 11.092214584350586, 0.0]","[160.05145263671875, 4.5, 0.0]",6.515326241867268,7.209926128387451,-0.3676376082307531,19.937416830149324,0.696173049119972,-0.0,0.0,-0.0,0.0
26.298206,"[139.8457794189453, 11.09653377532959, 0.0]","[160.1954803466797, 4.5, 0.0]",6.507978868960972,7.201213359832765,-0.36736864531481395,19.969127945714487,0.6945998865201828,-0.0,0.0,-0.0,0.0
26.317694,"[139.9760284423828, 11.100577354431152, 0.0]","[160.33984375, 4.5, 0.0]",6.500636894383829,7.192023277282715,-0.36709872885714034,19.99750166560995,0.6932344908717925,-0.0,0.0,-0.0,0.0
26.340801,"[140.10614013671875, 11.104349136352539, 0.0]","[160.48251342773438, 4.5, 0.0]",6.493298670498007,7.182316780090332,-0.3669111942911307,20.026377872949624,0.6913863828988855,-0.0,0.0,-0.0,0.0
26.3601,"[140.23609924316406, 11.107852935791016, 0.0]","[160.6228790283203, 4.5, 0.0]",6.485962719627948,7.172767162322998,-0.36679754350292804,20.053704292365268,0.6890181095923253,-0.0,0.0,-0.0,0.0
26.377621,"[140.3659210205078, 11.111089706420898, 0.0]","[160.76986694335938, 4.5, 0.0]",6.478630445295471,7.166099548339844,-0.3666137166238759,20.07886628758502,0.6868044426950499,-0.0,0.0,-0.0,0.0
26.397093,"[140.49560546875, 11.11406135559082, 0.0]","[160.91404724121094, 4.5, 0.0]",6.471301175118927,7.1496243476867685,-0.36646350882718615,20.11075542726354,0.6874691030443731,-0.0,0.0,-0.0,0.0
26.415896,"[140.62515258789062, 11.116769790649414, 0.0]","[161.0568084716797, 4.5, 0.0]",6.4639753827996556,7.146292686462402,-0.36628961596356646,20.139936767661457,0.6783231725678416,-0.0,0.0,-0.0,0.0
26.441419,"[140.7545623779297, 11.119217872619629, 0.0]","[161.1957244873047, 4.5, 0.0]",6.456653623042557,7.129514694213867,-0.3660879878549128,20.167786286825898,0.6823173036627468,-0.0,0.0,-0.0,0.0
26.457675,"[140.88381958007812, 11.121407508850098, 0.0]","[161.33778381347656, 4.5, 0.0]",6.385633052613416,7.12584114074707,-3.551028521457056,20.191862453551103,0.6728610711713099,-0.0,0.0,-0.0,0.0
26.476767,"[141.012939453125, 11.123342514038086, 0.0]","[161.48129272460938, 4.5, 0.0]",6.377476550590619,7.108729362487793,-0.40782510113985815,20.219154835847753,0.7402080881336541,-0.0,0.0,-0.0,0.0
26.497778,"[141.14060974121094, 11.126696586608887, 0.0]","[161.62388610839844, 4.5, 0.0]",6.369724903475427,7.105015754699707,-0.3875823557596192,20.247945679205674,0.731252811897174,-0.0,0.0,-0.0,0.0
26.516739,"[141.26812744140625, 11.129219055175781, 0.0]","[161.765869140625, 4.5, 0.0]",6.362151155717653,7.087886810302735,-0.3786873878886876,20.270469935878214,0.7352908512242804,-0.0,0.0,-0.0,0.0
26.535462,"[141.3955078125, 11.131231307983398, 0.0]","[161.90675354003906, 4.5, 0.0]",6.354673983297513,7.083979606628418,-0.37385862100700606,20.29395514278952,0.7257356545850824,-0.0,0.0,-0.0,0.0
26.559275,"[141.52273559570312, 11.132890701293945, 0.0]","[162.0479278564453, 4.5, 0.0]",6.347253919138943,7.06671667098999,-0.3710032079284886,20.31755316110238,0.7293056233309052,-0.0,0.0,-0.0,0.0
26.576814,"[141.6498260498047, 11.134269714355469, 0.0]","[162.19012451171875, 4.5, 0.0]",6.339870309454813,7.062710762023926,-0.3691804842064883,20.342365255613046,0.7194627518510472,-0.0,0.0,-0.0,0.0
26.597254,"[141.77676391601562, 11.135398864746094, 0.0]","[162.33172607421875, 4.5, 0.0]",6.332510191146318,7.045417785644531,-0.3680059154247406,20.36885846311099,0.7228404525691126,-0.0,0.0,-0.0,0.0
26.617593,"[141.903564453125, 11.1362886428833, 0.0]","[162.47190856933594, 4.5, 0.0]",6.325166234749443,7.041531562805176,-0.36719781984375643,20.395250436279962,0.7129075944982128,-0.0,0.0,-0.0,0.0
26.637934,"[142.03021240234375, 11.136942863464355, 0.0]","[162.61361694335938, 4.5, 0.0]",6.317833943549779,7.024149417877197,-0.3666145599832138,20.420559579428005,0.7163653280557325,-0.0,0.0,-0.0,0.0
26.660139,"[142.15670776367188, 11.137362480163574, 0.0]","[162.75323486328125, 4.5, 0.0]",6.310508271576164,7.02025842666626,-0.3662835986807611,20.447651398298575,0.7063154743274183,-0.0,0.0,-0.0,0.0
26.678171,"[142.28306579589844, 11.13754653930664, 0.0]","[162.8936767578125, 4.5, 0.0]",6.303185999467832,7.002972602844238,-0.3661136054165848,20.472846051725302,0.709750155090096,-0.0,0.0,-0.0,0.0
26.696568,"[142.40927124023438, 11.137495994567871, 0.0]","[163.03424072265625, 4.5, 0.0]",6.295866171242045,6.999009132385254,-0.3659914112893681,20.498992983207376,0.6997866033764062,-0.0,0.0,-0.0,0.0
26.716723,"[142.53533935546875, 11.137213706970215, 0.0]","[163.1742706298828, 4.5, 0.0]",6.288549433463716,6.98177194595337,-0.3658368889164265,20.525383299395234,0.7031429611432092,-0.0,0.0,-0.0,0.0
26.738038,"[142.6612548828125, 11.136703491210938, 0.0]","[163.31283569335938, 4.5, 0.0]",6.281235246371643,6.97800350189209,-0.3657093546036716,20.5513429727957,0.6932225124896538,-0.0,0.0,-0.0,0.0
26.75686,"[142.78701782226562, 11.135970115661621, 0.0]","[163.45260620117188, 4.5, 0.0]",6.273925035560248,6.960810661315918,-0.36551054056972454,20.575934606556398,0.6967682555204471,-0.0,0.0,-0.0,0.0
26.776718,"[142.9126434326172, 11.135018348693848, 0.0]","[163.5916290283203, 4.5, 0.0]",6.266618009543883,6.957006931304932,-0.36535130081825073,20.60182502941977,0.6868856257556697,-0.0,0.0,-0.0,0.0
26.796444,"[143.03811645507812, 11.133852005004883, 0.0]","[163.73138427734375, 4.5, 0.0]",6.259314378894062,6.939816474914551,-0.36518153249107677,20.627035553004234,0.6903889217610484,-0.0,0.0,-0.0,0.0
26.817582,"[143.16343688964844, 11.132474899291992, 0.0]","[163.87059020996094, 4.5, 0.0]",6.2520126423244,6.936030387878418,-0.3650868284831077,20.653058487113125,0.6805020960204891,-0.0,0.0,-0.0,0.0
26.836892,"[143.2886199951172, 11.130889892578125, 0.0]","[164.00833129882812, 4.5, 0.0]",6.244713777049778,6.919070720672608,-0.36494326373106567,20.67859667003848,0.6840177455540184,-0.0,0.0,-0.0,0.0
26.856432,"[143.4136505126953, 11.129100799560547, 0.0]","[164.14663696289062, 4.5, 0.0]",6.237418163409103,6.915400505065918,-0.3647806820337607,20.70270686349011,0.67435694362283,-0.0,0.0,-0.0,0.0
26.879151,"[143.5385284423828, 11.127110481262207, 0.0]","[164.28521728515625, 4.5, 0.0]",6.230127230531067,6.901711463928223,-0.3645466439018197,20.7274277663761,0.6779823416568149,-0.0,0.0,-0.0,0.0
26.898874,"[143.6632537841797, 11.124922752380371, 0.0]","[164.42343139648438, 4.5, 0.0]",6.222840730205198,6.891382694244385,-0.36432501629342084,20.752455738755895,0.671584233397156,-0.0,0.0,-0.0,0.0
26.915755,"[143.78782653808594, 11.122542381286621, 0.0]","[164.560791015625, 4.5, 0.0]",6.215556351398641,6.881150245666504,-0.36421894032785396,20.77714001033829,0.6685419640391865,-0.0,0.0,-0.0,0.0
26.935609,"[143.91226196289062, 11.119973182678223, 0.0]","[164.69790649414062, 4.5, 0.0]",6.208273108307805,6.870985507965088,-0.364162154541825,20.800978313566155,0.6655938942678628,-0.0,0.0,-0.0,0.0
26.956725,"[144.0365447998047, 11.117218017578125, 0.0]","[164.83526611328125, 4.5, 0.0]",6.200990779463349,6.860804080963135,-0.36411644222278383,20.824554707197144,0.6627123996572832,-0.0,0.0,-0.0,0.0
26.975398,"[144.16067504882812, 11.114278793334961, 0.0]","[164.97291564941406, 4.5, 0.0]",6.193710154425556,6.850600242614746,-0.3640312518896405,20.84836283193981,0.6598133014997858,-0.0,0.0,-0.0,0.0
27.004166,"[144.28465270996094, 11.111159324645996, 0.0]","[165.1102752685547, 4.5, 0.0]",6.186433704818587,6.840416431427002,-0.36382248034847464,20.872444801940436,0.6568900881891899,-0.0,0.0,-0.0,0.0
27.016231,"[144.40847778320312, 11.107861518859863, 0.0]","[165.24794006347656, 4.5, 0.0]",6.179164465895826,6.830244541168215,-0.36346194613803284,20.896217289573542,0.6539827266084153,-0.0,0.0,-0.0,0.0
27.03767,"[144.5321502685547, 11.104392051696777, 0.0]","[165.38323974609375, 4.5, 0.0]",6.171905033427311,6.820296764373779,-0.3629716234257341,20.920271947249642,0.6510800752723886,-0.0,0.0,-0.0,0.0
27.058578,"[144.6556854248047, 11.10075855255127, 0.0]","[165.51962280273438, 4.5, 0.0]",6.164653672097751,6.810268402099609,-0.36256806647800843,20.941927103412013,0.648391730946468,-0.0,0.0,-0.0,0.0
27.076001,"[144.77906799316406, 11.096975326538086, 0.0]","[165.65609741210938, 4.5, 0.0]",6.1574070829272145,6.800234317779541,-0.3623294585268333,20.964595267182922,0.6456147300018582,-0.0,0.0,-0.0,0.0
27.096047,"[144.9022979736328, 11.09305191040039, 0.0]","[165.79251098632812, 4.5, 0.0]",6.150163173968686,6.790204048156738,-0.3621954479264389,20.987262717408836,0.6428272348523265,-0.0,0.0,-0.0,0.0
27.117361,"[145.02537536621094, 11.088996887207031, 0.0]","[165.9279327392578, 4.5, 0.0]",6.142920439964508,6.780279159545898,-0.36213670020890376,21.00974963591422,0.6400408741880526,-0.0,0.0,-0.0,0.0
27.137529,"[145.14830017089844, 11.084817886352539, 0.0]","[166.06307983398438, 4.5, 0.0]",6.135676093180883,6.770425319671631,-0.36221733918124777,21.031104625770748,0.6373587195813908,-0.0,0.0,-0.0,0.0
27.156359,"[145.27108764648438, 11.080520629882812, 0.0]","[166.1978302001953, 4.5, 0.0]",6.065004042669282,6.760597229003906,-3.533602525580015,21.052035112777368,0.6347492264907482,-0.0,0.0,-0.0,0.0
27.175937,"[145.3937225341797, 11.0761079788208, 0.0]","[166.33389282226562, 4.5, 0.0]",6.057177375275063,6.750675678253174,-0.39133336971097776,21.072398473920675,0.6955931863346239,-0.0,0.0,-0.0,0.0
27.19557,"[145.51498413085938, 11.073222160339355, 0.0]","[166.46910095214844, 4.5, 0.0]",6.049640882465228,6.74081563949585,-0.37682464049173525,21.09392533778773,0.693498302978111,-0.0,0.0,-0.0,0.0
27.215919,"[145.63607788085938, 11.069666862487793, 0.0]","[166.6041259765625, 4.5, 0.0]",6.042215518764876,6.73100471496582,-0.3712681850176036,21.11053487333317,0.6911747570306215,-0.0,0.0,-0.0,0.0
27.238362,"[145.7570037841797, 11.065738677978516, 0.0]","[166.73748779296875, 4.5, 0.0]",6.034842489850009,6.721365928649902,-0.36865144574336206,21.12805279823277,0.6887891962009443,-0.0,0.0,-0.0,0.0
27.266346,"[145.87777709960938, 11.061578750610352, 0.0]","[166.87156677246094, 4.5, 0.0]",6.027497721417516,6.711676120758057,-0.36723842162462716,21.144781071550547,0.6865234387998935,-0.0,0.0,-0.0,0.0
27.276,"[145.99839782714844, 11.057250022888184, 0.0]","[167.0081024169922, 4.5, 0.0]",6.020172505964953,6.701807975769043,-0.3662607726281575,21.162895505924688,0.6841783993405404,-0.0,0.0,-0.0,0.0
27.298159,"[146.11886596679688, 11.052777290344238, 0.0]","[167.1412353515625, 4.5, 0.0]",6.012859807396375,6.695518970489502,-0.3656349284288929,21.183979866804982,0.6816354698040898,-0.0,0.0,-0.0,0.0
27.321053,"[146.2391815185547, 11.048169136047363, 0.0]","[167.27532958984375, 4.5, 0.0]",6.005555171196026,6.679196357727051,-0.3652318100174412,21.202054694173732,0.6826591630931267,-0.0,0.0,-0.0,0.0
27.335504,"[146.35934448242188, 11.043428421020508, 0.0]","[167.40708923339844, 4.5, 0.0]",5.998255750754961,6.676425933837891,-0.36497102205328424,21.221389742868038,0.6736411865310243,-0.0,0.0,-0.0,0.0
27.356896,"[146.47935485839844, 11.038555145263672, 0.0]","[167.54180908203125, 4.5, 0.0]",5.990960765077989,6.66011142730713,-0.3647492838485977,21.238625147142596,0.6781701830829299,-0.0,0.0,-0.0,0.0
27.378193,"[146.59921264648438, 11.033547401428223, 0.0]","[167.67559814453125, 4.5, 0.0]",5.983668212146802,6.657195568084717,-0.36462764655933455,21.259003640735227,0.669150662229141,-0.0,0.0,-0.0,0.0
27.39646,"[146.7189178466797, 11.028406143188477, 0.0]","[167.8108673095703, 4.5, 0.0]",5.976377030889572,6.640841960906982,-0.3645590628615025,21.27861128638696,0.6735273559379147,-0.0,0.0,-0.0,0.0
27.419417,"[146.83847045898438, 11.023134231567383, 0.0]","[167.94427490234375, 4.5, 0.0]",5.969089816658279,6.637976169586182,-0.36436071156464855,21.299841966013584,0.6644649300174104,-0.0,0.0,-0.0,0.0
27.437053,"[146.95787048339844, 11.017735481262207, 0.0]","[168.0758819580078, 4.5, 0.0]",5.961805741985903,6.621937274932861,-0.3642037336188064,21.319350485669673,0.6688863529279025,-0.0,0.0,-0.0,0.0
27.457845,"[147.07711791992188, 11.012216567993164, 0.0]","[168.20787048339844, 4.5, 0.0]",5.954524896917837,6.619204998016357,-0.3640422534032961,21.33718051297293,0.6601315329469584,-0.0,0.0,-0.0,0.0
27.477329,"[147.19622802734375, 11.006583213806152, 0.0]","[168.341064453125, 4.5, 0.0]",5.947246683569999,6.603053569793701,-0.36391066739192013,21.355511728676557,0.6646801010985204,-0.0,0.0,-0.0,0.0
27.497898,"[147.315185546875, 11.00084114074707, 0.0]","[168.47348022460938, 4.5, 0.0]",5.939970112253886,6.600289344787598,-0.36382856580563505,21.37513827288748,0.6558068862237025,-0.0,0.0,-0.0,0.0
27.517384,"[147.43399047851562, 10.9949951171875, 0.0]","[168.6056365966797, 4.5, 0.0]",5.932694387202578,6.584186553955078,-0.3637862525653901,21.394083208593862,0.6603192325337117,-0.0,0.0,-0.0,0.0
27.53662,"[147.55264282226562, 10.98904800415039, 0.0]","[168.73631286621094, 4.5, 0.0]",5.92542113673838,6.581487655639648,-0.36366252320991777,21.412846273666563,0.6514921667525,-0.0,0.0,-0.0,0.0
27.557621,"[147.671142578125, 10.983004570007324, 0.0]","[168.86782836914062, 4.5, 0.0]",5.918150406708202,6.565395355224609,-0.3635365015088876,21.430206595092166,0.6560665189012687,-0.0,0.0,-0.0,0.0
27.577315,"[147.78948974609375, 10.976869583129883, 0.0]","[168.99969482421875, 4.5, 0.0]",5.910881811442959,6.562611103057861,-0.3634297632621575,21.44846941075899,0.6472449485164073,-0.0,0.0,-0.0,0.0
27.597102,"[147.90768432617188, 10.970646858215332, 0.0]","[169.12896728515625, 4.5, 0.0]",5.90361369059203,6.546679496765137,-0.3634060425464547,21.467135532226774,0.6517292916149025,-0.0,0.0,-0.0,0.0
27.619747,"[148.02572631835938, 10.964339256286621, 0.0]","[169.25955200195312, 4.5, 0.0]",5.896344024701114,6.543873310089111,-0.36348329454578554,21.483251732745472,0.6430658061731069,-0.0,0.0,-0.0,0.0
27.635628,"[148.1436309814453, 10.957948684692383, 0.0]","[169.38925170898438, 4.5, 0.0]",5.889073759551891,6.527626991271973,-0.3635132574611344,21.500713542961613,0.6475292853879973,-0.0,0.0,-0.0,0.0
27.659685,"[148.26138305664062, 10.9514741897583, 0.0]","[169.52154541015625, 4.5, 0.0]",5.881801831457557,6.524521827697754,-0.36359640471670396,21.51731374787434,0.6385532317200813,-0.0,0.0,-0.0,0.0
27.681096,"[148.3789825439453, 10.944916725158691, 0.0]","[169.6520233154297, 4.5, 0.0]",5.87452946190505,6.50821876525879,-0.36361847762536037,21.53654233936761,0.6427199962401966,-0.0,0.0,-0.0,0.0
27.697481,"[148.49642944335938, 10.938276290893555, 0.0]","[169.78375244140625, 4.5, 0.0]",5.867258171534973,6.505155086517334,-0.36356451850383387,21.55400085403628,0.6336893033537399,-0.0,0.0,-0.0,0.0
27.716183,"[148.6137237548828, 10.93155288696289, 0.0]","[169.91427612304688, 4.5, 0.0]",5.859984338712612,6.488598823547363,-0.36369164111809127,21.572763858245956,0.6378969149823606,-0.0,0.0,-0.0,0.0
27.736663,"[148.73086547851562, 10.9247465133667, 0.0]","[170.04335021972656, 4.5, 0.0]",5.852709221548883,6.485140323638916,-0.36375585818642087,21.590379570773763,0.6286144848347517,-0.0,0.0,-0.0,0.0
27.762019,"[148.84786987304688, 10.91785717010498, 0.0]","[170.1722869873047, 4.5, 0.0]",5.845432761104375,6.468361377716065,-0.36382302222541796,21.60660779269902,0.6324311020900328,-0.0,0.0,-0.0,0.0
27.775481,"[148.9647216796875, 10.910884857177734, 0.0]","[170.29864501953125, 4.5, 0.0]",5.838154045560569,6.465116024017334,-0.363935777190294,21.622746753128745,0.6229286166116905,-0.0,0.0,-0.0,0.0
27.797,"[149.0814208984375, 10.903827667236328, 0.0]","[170.43190002441406, 4.5, 0.0]",5.830875294048336,6.45133113861084,-0.3639375756116614,21.636390352160436,0.626961978456765,-0.0,0.0,-0.0,0.0
27.818185,"[149.19796752929688, 10.896685600280762, 0.0]","[170.561279296875, 4.5, 0.0]",5.823596875383714,6.441061973571777,-0.36392093323107666,21.657006025804925,0.6204558445625041,-0.0,0.0,-0.0,0.0
27.836702,"[149.31436157226562, 10.889457702636719, 0.0]","[170.68919372558594, 4.5, 0.0]",5.816317425983274,6.430740833282471,-0.3639724700220004,21.673841312342873,0.6174650981880632,-0.0,0.0,-0.0,0.0
27.857065,"[149.43060302734375, 10.8821439743042, 0.0]","[170.81552124023438, 4.5, 0.0]",5.809036021364731,6.420547962188721,-0.3640702309271493,21.689311852999563,0.6144234072991965,-0.0,0.0,-0.0,0.0
27.879834,"[149.54669189453125, 10.874744415283203, 0.0]","[170.94631958007812, 4.5, 0.0]",5.801753135736668,6.409994125366211,-0.364144281403167,21.70329809438417,0.6115119408239895,-0.0,0.0,-0.0,0.0
27.897173,"[149.66262817382812, 10.867257118225098, 0.0]","[171.07505798339844, 4.5, 0.0]",5.7944694301704045,6.399606704711914,-0.36418527831316716,21.72185341484425,0.6082409896295431,-0.0,0.0,-0.0,0.0
27.916913,"[149.77841186523438, 10.85968017578125, 0.0]","[171.20068359375, 4.5, 0.0]",5.787184055379064,6.389066219329834,-0.36426873956703076,21.738464974333606,0.6051372745415096,-0.0,0.0,-0.0,0.0
27.937454,"[149.89404296875, 10.852011680603027, 0.0]","[171.3304901123047, 4.5, 0.0]",5.779899292310151,6.3775715827941895,-0.3642381534456618,21.75208506620391,0.6018821639507701,-0.0,0.0,-0.0,0.0
27.957678,"[150.009521484375, 10.844250679016113, 0.0]","[171.4552459716797, 4.5, 0.0]",5.772615753009515,6.366523265838623,-0.36417696503177055,21.77000732288077,0.5976722904840388,-0.0,0.0,-0.0,0.0
27.975666,"[150.12484741210938, 10.83639907836914, 0.0]","[171.5829620361328, 4.5, 0.0]",5.765332047396259,6.355213165283203,-0.36418528066279876,21.78301453847728,0.5939075128291078,-0.0,0.0,-0.0,0.0
27.999558,"[150.24002075195312, 10.82845687866211, 0.0]","[171.70968627929688, 4.5, 0.0]",5.758050226295355,6.343990325927734,-0.36409105504522365,21.799111018123856,0.5898811178869439,-0.0,0.0,-0.0,0.0
28.016928,"[150.35504150390625, 10.820425987243652, 0.0]","[171.8365020751953, 4.5, 0.0]",5.750770428085399,6.332147121429443,-0.36398991049777507,21.814342381946094,0.5859400996323796,-0.0,0.0,-0.0,0.0
28.036825,"[150.46990966796875, 10.812309265136719, 0.0]","[171.96261596679688, 4.5, 0.0]",5.74349284404746,6.319439888000488,-0.363879201896955,21.829785840408533,0.5813766933440441,-0.0,0.0,-0.0,0.0
28.059023,"[150.58462524414062, 10.804109573364258, 0.0]","[172.09048461914062, 4.5, 0.0]",5.736215425608449,6.306556701660156,-0.3638709219505376,21.844645360147226,0.5759470439530281,-0.0,0.0,-0.0,0.0
28.0806,"[150.69920349121094, 10.795829772949219, 0.0]","[172.2149658203125, 4.5, 0.0]",5.728939306553242,6.2940144538879395,-0.3638059527603765,21.861360251998118,0.5703412760517068,-0.0,0.0,-0.0,0.0
28.098959,"[150.81362915039062, 10.787471771240234, 0.0]","[172.3417510986328, 4.5, 0.0]",5.721663829251671,6.281240463256836,-0.3637738650785316,21.874779580021226,0.5650751473346975,-0.0,0.0,-0.0,0.0
28.115997,"[150.9279022216797, 10.779036521911621, 0.0]","[172.46665954589844, 4.5, 0.0]",5.714388771884167,6.267927169799805,-0.36375286837522225,21.89059231561999,0.5595766340051647,-0.0,0.0,-0.0,0.0
28.139635,"[151.04202270507812, 10.770527839660645, 0.0]","[172.59136962890625, 4.5, 0.0]",5.707115661684868,6.253530025482178,-0.3636555099649552,21.90462319038635,0.5535383979156379,-0.0,0.0,-0.0,0.0
28.157246,"[151.15599060058594, 10.761946678161621, 0.0]","[172.7154083251953, 4.5, 0.0]",5.6998429740060415,6.239211082458496,-0.36363438394131364,21.91853872417151,0.54641436379731,-0.0,0.0,-0.0,0.0
28.176236,"[151.26980590820312, 10.753294944763184, 0.0]","[172.84170532226562, 4.5, 0.0]",5.692570006371719,6.224631309509277,-0.3636483817161196,21.931868706629995,0.5393681084524546,-0.0,0.0,-0.0,0.0
28.203306,"[151.3834686279297, 10.744573593139648, 0.0]","[172.966064453125, 4.5, 0.0]",5.685298842966197,6.210273742675781,-0.3635581702761126,21.947532804512782,0.5320613031375583,-0.0,0.0,-0.0,0.0
28.217074,"[151.49697875976562, 10.735785484313965, 0.0]","[173.0894775390625, 4.5, 0.0]",5.678027410687531,6.198626518249512,-0.36357161393327786,21.961342401663714,0.5249748997095844,-0.0,0.0,-0.0,0.0
28.238194,"[151.61033630371094, 10.726934432983398, 0.0]","[173.21597290039062, 4.5, 0.0]",5.670756983597526,6.175433158874512,-0.36352135450026246,21.97428411715736,0.5205991075619805,-0.0,0.0,-0.0,0.0
28.260056,"[151.72354125976562, 10.718022346496582, 0.0]","[173.3388671875, 4.5, 0.0]",5.663486738961993,6.166044235229492,-0.3635122317766637,21.990369735913124,0.5046761752769857,-0.0,0.0,-0.0,0.0
28.276027,"[151.8365936279297, 10.709052085876465, 0.0]","[173.45999145507812, 4.5, 0.0]",5.656218732483695,6.143553256988525,-0.3634003239148864,22.00293128809614,0.5025574962674995,-0.0,0.0,-0.0,0.0
28.297027,"[151.9495086669922, 10.70002555847168, 0.0]","[173.58380126953125, 4.5, 0.0]",5.648950013926567,6.134044647216797,-0.36343592785641476,22.013790395010705,0.4873345245048304,-0.0,0.0,-0.0,0.0
28.317653,"[152.06227111816406, 10.69094467163086, 0.0]","[173.70663452148438, 4.5, 0.0]",5.6416826006582514,6.110651016235352,-0.36337066341576296,22.027380551674486,0.48509463329023017,-0.0,0.0,-0.0,0.0
28.342091,"[152.1748809814453, 10.681812286376953, 0.0]","[173.82728576660156, 4.5, 0.0]",5.634415623369732,6.099876880645752,-0.3633488644259941,22.04005907871387,0.4689684155771001,-0.0,0.0,-0.0,0.0
28.35646,"[152.28733825683594, 10.672632217407227, 0.0]","[173.9511260986328, 4.5, 0.0]",5.627149415428202,6.075313091278077,-0.3633103970764662,22.050616544872092,0.4654612572760204,-0.0,0.0,-0.0,0.0
28.376561,"[152.39964294433594, 10.663406372070312, 0.0]","[174.0732421875, 4.5, 0.0]",5.619882913866128,6.064329624176025,-0.3633250781037045,22.064413658548418,0.4481636758498748,-0.0,0.0,-0.0,0.0
28.396921,"[152.51181030273438, 10.654139518737793, 0.0]","[174.19534301757812, 4.5, 0.0]",5.61261771632772,6.040014266967773,-0.3632598769204076,22.076543851932602,0.44444671030989724,-0.0,0.0,-0.0,0.0
28.417792,"[152.6238250732422, 10.6448335647583, 0.0]","[174.31402587890625, 4.5, 0.0]",5.605351957341691,6.029166221618652,-0.3632879493014496,22.088691055629866,0.42739655064005344,-0.0,0.0,-0.0,0.0
28.437431,"[152.73568725585938, 10.635493278503418, 0.0]","[174.4329376220703, 4.5, 0.0]",5.59808669186381,6.004420757293701,-0.36326327389404334,22.09748088610263,0.42381426427696134,-0.0,0.0,-0.0,0.0
28.456455,"[152.84739685058594, 10.626119613647461, 0.0]","[174.55287170410156, 4.5, 0.0]",5.59082061799522,5.992854595184326,-0.3633036934294953,22.106541216500734,0.40633406542989103,-0.0,0.0,-0.0,0.0
28.47894,"[152.95896911621094, 10.616715431213379, 0.0]","[174.673828125, 4.5, 0.0]",5.583553946832639,5.967801094055177,-0.3633335581290531,22.116662051067603,0.40203397718910594,-0.0,0.0,-0.0,0.0
28.496227,"[153.0703887939453, 10.607280731201172, 0.0]","[174.79315185546875, 4.5, 0.0]",5.576286730985923,5.956327438354492,-0.36336079233580953,22.127835402778686,0.3842471472225375,-0.0,0.0,-0.0,0.0
28.517306,"[153.18165588378906, 10.597816467285156, 0.0]","[174.91183471679688, 4.5, 0.0]",5.5300008205442435,5.931843280792236,-2.3142955220839756,22.137432554989083,0.3800407073685692,-0.0,0.0,-0.0,0.0
28.538735,"[153.2927703857422, 10.588322639465332, 0.0]","[175.02980041503906, 4.5, 0.0]",5.5221561089712115,5.921141147613525,-0.39223557865160075,22.14644188051382,0.40184246024799286,-0.0,0.0,-0.0,0.0
28.5565,"[153.40310668945312, 10.580742835998535, 0.0]","[175.14756774902344, 4.5, 0.0]",5.514660703076448,5.8971338272094735,-0.37477029473818035,22.154798936354375,0.39898503864231394,-0.0,0.0,-0.0,0.0
28.578667,"[153.51324462890625, 10.572476387023926, 0.0]","[175.2666778564453, 4.5, 0.0]",5.507279982451977,5.8862624168396,-0.36903603122353523,22.159478459780683,0.3824731241330257,-0.0,0.0,-0.0,0.0
28.59863,"[153.62319946289062, 10.563865661621094, 0.0]","[175.38682556152344, 4.5, 0.0]",5.499941886321648,5.861907958984375,-0.36690480651646595,22.16656173828648,0.37898243438762247,-0.0,0.0,-0.0,0.0
28.617076,"[153.7329864501953, 10.555078506469727, 0.0]","[175.50128173828125, 4.5, 0.0]",5.492623501100572,5.8521409034729,-0.36591926105380423,22.175564949614266,0.3619660726627272,-0.0,0.0,-0.0,0.0
28.63712,"[153.84262084960938, 10.546186447143555, 0.0]","[175.6175994873047, 4.5, 0.0]",5.485317148853297,5.829407691955566,-0.36531761236373583,22.179612994801357,0.35951740237232865,-0.0,0.0,-0.0,0.0
28.658517,"[153.9521026611328, 10.537217140197754, 0.0]","[175.73460388183594, 4.5, 0.0]",5.478019125376571,5.819910049438477,-0.36490117383629617,22.186083334608796,0.3440905431022694,-0.0,0.0,-0.0,0.0
28.676352,"[154.06143188476562, 10.528182029724121, 0.0]","[175.85092163085938, 4.5, 0.0]",5.470726269251902,5.79717493057251,-0.3646428062334728,22.193699469054035,0.34189092406190547,-0.0,0.0,-0.0,0.0
28.699105,"[154.1706085205078, 10.519084930419922, 0.0]","[175.96725463867188, 4.5, 0.0]",5.463437720745803,5.787771224975586,-0.364427425304914,22.201008929192067,0.3264486613206081,-0.0,0.0,-0.0,0.0
28.716859,"[154.27963256835938, 10.509925842285156, 0.0]","[176.0851287841797, 4.5, 0.0]",5.456153204301836,5.765313148498535,-0.36422582219834965,22.208651377544843,0.3243335042297826,-0.0,0.0,-0.0,0.0
28.737652,"[154.38851928710938, 10.500706672668457, 0.0]","[176.1993408203125, 4.5, 0.0]",5.448872425598149,5.757364273071289,-0.36403893518435204,22.218089822806462,0.3091599441966988,-0.0,0.0,-0.0,0.0
28.757243,"[154.49725341796875, 10.491429328918457, 0.0]","[176.31442260742188, 4.5, 0.0]",5.44159305935167,5.739304542541505,-0.3639683123239479,22.224097719531528,0.30849184747313974,-0.0,0.0,-0.0,0.0
28.776959,"[154.6058349609375, 10.482098579406738, 0.0]","[176.42929077148438, 4.5, 0.0]",5.434315037198793,5.721273899078369,-0.3639011076438603,22.231181794482982,0.2977114831898344,-0.0,0.0,-0.0,0.0
28.79931,"[154.71426391601562, 10.472721099853516, 0.0]","[176.5442352294922, 4.5, 0.0]",5.427037929702904,5.713231086730957,-0.36385537479444174,22.238240995054596,0.286958861879576,-0.0,0.0,-0.0,0.0
28.816392,"[154.82254028320312, 10.463302612304688, 0.0]","[176.65890502929688, 4.5, 0.0]",5.419761034622509,5.6922998428344735,-0.363844754019782,22.245554676712196,0.2861931570280527,-0.0,0.0,-0.0,0.0
28.836996,"[154.9306640625, 10.453845977783203, 0.0]","[176.769775390625, 4.5, 0.0]",5.412483675502046,5.68572473526001,-0.36386795602312283,22.25276409844669,0.27253880821196486,-0.0,0.0,-0.0,0.0
28.856352,"[155.03863525390625, 10.444352149963379, 0.0]","[176.88331604003906, 4.5, 0.0]",5.4052063592448505,5.665497303009033,-0.36386581285978714,22.256349159085563,0.27324105975796353,-0.0,0.0,-0.0,0.0
28.876464,"[155.14646911621094, 10.434822082519531, 0.0]","[176.99887084960938, 4.5, 0.0]",5.397929014188194,5.658364295959473,-0.36386725283281685,22.262760600931305,0.2602909437641827,-0.0,0.0,-0.0,0.0
28.901203,"[155.254150390625, 10.425254821777344, 0.0]","[177.11233520507812, 4.5, 0.0]",5.390652301605595,5.6381449699401855,-0.3638356291299605,22.271325485022217,0.2604352817712785,-0.0,0.0,-0.0,0.0
28.917853,"[155.36167907714844, 10.41565227508545, 0.0]","[177.22276306152344, 4.5, 0.0]",5.383376286470789,5.631866455078125,-0.36380075674031787,22.27796979493972,0.2474926683345906,-0.0,0.0,-0.0,0.0
28.937207,"[155.46905517578125, 10.406014442443848, 0.0]","[177.33660888671875, 4.5, 0.0]",5.376100620584039,5.6122236251831055,-0.3637832943374608,22.281747023542753,0.24849016860733641,-0.0,0.0,-0.0,0.0
28.956742,"[155.5762939453125, 10.396344184875488, 0.0]","[177.447021484375, 4.5, 0.0]",5.368826452263028,5.6063032150268555,-0.3637084160505566,22.289084117371843,0.2361230045990661,-0.0,0.0,-0.0,0.0
28.975629,"[155.68338012695312, 10.386641502380371, 0.0]","[177.55828857421875, 4.5, 0.0]",5.36155281276324,5.5869526863098145,-0.3636819749893938,22.293135883207338,0.23747676276382723,-0.0,0.0,-0.0,0.0
28.997062,"[155.79031372070312, 10.376910209655762, 0.0]","[177.67349243164062, 4.5, 0.0]",5.354280377284494,5.580487251281738,-0.3636217739373393,22.298186457222158,0.2253998735465741,-0.0,0.0,-0.0,0.0
29.016777,"[155.8970947265625, 10.36715316772461, 0.0]","[177.78509521484375, 4.5, 0.0]",5.347007538113879,5.561208724975586,-0.3636419585307138,22.307292967444678,0.2262068739972447,-0.0,0.0,-0.0,0.0
29.037457,"[156.0037384033203, 10.357372283935547, 0.0]","[177.8933868408203, 4.5, 0.0]",5.339736299536553,5.555783748626709,-0.3635619288663072,22.312940277478713,0.21420118686170664,-0.0,0.0,-0.0,0.0
29.056314,"[156.1102294921875, 10.347567558288574, 0.0]","[178.00436401367188, 4.5, 0.0]",5.332464130130023,5.536727428436279,-0.3636084703265041,22.315397403063496,0.21604744909015583,-0.0,0.0,-0.0,0.0
29.077657,"[156.21656799316406, 10.337739944458008, 0.0]","[178.11502075195312, 4.5, 0.0]",5.325192218670349,5.531039714813232,-0.36359557298371037,22.32064766450199,0.20426329830625622,-0.0,0.0,-0.0,0.0
29.096421,"[156.32275390625, 10.327890396118164, 0.0]","[178.22650146484375, 4.5, 0.0]",5.317919963949623,5.511926651000977,-0.3636127360362895,22.325697715366356,0.20584749614288356,-0.0,0.0,-0.0,0.0
29.117374,"[156.42880249023438, 10.318017959594727, 0.0]","[178.3365936279297, 4.5, 0.0]",5.31064669791645,5.506309986114502,-0.36366330165864547,22.331687873649837,0.1940066870513535,-0.0,0.0,-0.0,0.0
29.137587,"[156.53469848632812, 10.308122634887695, 0.0]","[178.44606018066406, 4.5, 0.0]",5.303372998072163,5.490773677825928,-0.3636849922143526,22.336394003778036,0.1956632881980518,-0.0,0.0,-0.0,0.0
29.156843,"[156.64044189453125, 10.298203468322754, 0.0]","[178.55520629882812, 4.5, 0.0]",5.296099036517162,5.478606700897218,-0.36369807775007423,22.340598330224804,0.18740067975376462,-0.0,0.0,-0.0,0.0
29.178966,"[156.7460479736328, 10.28825855255127, 0.0]","[178.667236328125, 4.5, 0.0]",5.288823995409011,5.466116905212402,-0.3637520554075291,22.34460906879461,0.18250766438005606,-0.0,0.0,-0.0,0.0
29.20008,"[156.85150146484375, 10.27828598022461, 0.0]","[178.7771759033203, 4.5, 0.0]",5.281548555127278,5.453861713409424,-0.3637720140866385,22.35160502001402,0.1772929098033913,-0.0,0.0,-0.0,0.0
29.217594,"[156.95680236816406, 10.26828384399414, 0.0]","[178.88644409179688, 4.5, 0.0]",5.27427174815153,5.441638469696045,-0.3638403487874253,22.356653875047098,0.17231315828214555,-0.0,0.0,-0.0,0.0
29.237591,"[157.06195068359375, 10.258249282836914, 0.0]","[178.99473571777344, 4.5, 0.0]",5.266995151825622,5.4294657707214355,-0.36382981629539124,22.361174950968103,0.16736672154451515,-0.0,0.0,-0.0,0.0
29.25736,"[157.16696166992188, 10.248181343078613, 0.0]","[179.10096740722656, 4.5, 0.0]",5.259719130152747,5.417524814605713,-0.3638010836437555,22.364869030148682,0.1624706188958136,-0.0,0.0,-0.0,0.0
29.276871,"[157.27182006835938, 10.238080978393555, 0.0]","[179.2112274169922, 4.5, 0.0]",5.252443534927121,5.405131816864014,-0.36377976128130207,22.36664734909077,0.15780568445296606,-0.0,0.0,-0.0,0.0
29.296277,"[157.37652587890625, 10.227949142456055, 0.0]","[179.31996154785156, 4.5, 0.0]",5.245167924530404,5.392909049987793,-0.3637805198358546,22.37258537571066,0.15268828193689288,-0.0,0.0,-0.0,0.0
29.316262,"[157.4810791015625, 10.217785835266113, 0.0]","[179.42604064941406, 4.5, 0.0]",5.237892130100951,5.3809285163879395,-0.36378972147264044,22.377151367111416,0.14774112545738927,-0.0,0.0,-0.0,0.0
29.337538,"[157.58547973632812, 10.207592010498047, 0.0]","[179.5350341796875, 4.5, 0.0]",5.230618069737552,5.368536949157715,-0.36370301816992523,22.379219482677428,0.14303638628698856,-0.0,0.0,-0.0,0.0
29.357882,"[157.6897430419922, 10.197368621826172, 0.0]","[179.6397705078125, 4.5, 0.0]",5.223344024587672,5.35662841796875,-0.363702257494003,22.384327590902284,0.13791887942016245,-0.0,0.0,-0.0,0.0
29.375868,"[157.79385375976562, 10.187115669250488, 0.0]","[179.74920654296875, 4.5, 0.0]",5.216069203576235,5.344184875488281,-0.3637410505718641,22.38532457441372,0.13328439338107767,-0.0,0.0,-0.0,0.0
29.397027,"[157.89781188964844, 10.176835060119629, 0.0]","[179.8563690185547, 4.5, 0.0]",5.208795800556243,5.332000732421875,-0.36367015099960653,22.39113685594713,0.1281156719120462,-0.0,0.0,-0.0,0.0
29.416877,"[158.00161743164062, 10.166528701782227, 0.0]","[179.9627685546875, 4.5, 0.0]",5.2015224773622935,5.319833755493164,-0.3636661596974733,22.39482162705065,0.12320493186563208,-0.0,0.0,-0.0,0.0
29.43651,"[158.10528564453125, 10.156195640563965, 0.0]","[180.06692504882812, 4.5, 0.0]",5.194248862159029,5.307825565338135,-0.363680760163243,22.397878417091523,0.11831127813087061,-0.0,0.0,-0.0,0.0
29.457338,"[158.20880126953125, 10.14583683013916, 0.0]","[180.17356872558594, 4.5, 0.0]",5.186974472275422,5.295530319213868,-0.3637194941803479,22.39881958069538,0.11357670317910618,-0.0,0.0,-0.0,0.0
29.47694,"[158.31216430664062, 10.135451316833496, 0.0]","[180.28109741210938, 4.5, 0.0]",5.179700943361634,5.283134460449219,-0.36367644568939816,22.402368499859683,0.10855584693844644,-0.0,0.0,-0.0,0.0
29.495941,"[158.41537475585938, 10.125040054321289, 0.0]","[180.38487243652344, 4.5, 0.0]",5.17242632865678,5.271169662475586,-0.3637307352426955,22.40693187317059,0.10343351708758508,-0.0,0.0,-0.0,0.0
29.518692,"[158.51844787597656, 10.114603996276855, 0.0]","[180.49253845214844, 4.5, 0.0]",5.1651528221039795,5.258650779724121,-0.36367532764001176,22.407891043108457,0.09874333381880618,-0.0,0.0,-0.0,0.0
29.539055,"[158.62136840820312, 10.104142189025879, 0.0]","[180.59689331054688, 4.5, 0.0]",5.1578794425029555,5.246368408203125,-0.36366898005120163,22.41284323653571,0.09349795762014157,-0.0,0.0,-0.0,0.0
29.560118,"[158.72413635253906, 10.093655586242676, 0.0]","[180.6987762451172, 4.5, 0.0]",5.150605838447685,5.237708568572998,-0.36368020276351665,22.414631516463658,0.08848896570016951,-0.0,0.0,-0.0,0.0
29.580116,"[158.82675170898438, 10.083144187927246, 0.0]","[180.80450439453125, 4.5, 0.0]",5.1433323466950265,5.218597888946533,-0.3636745876329339,22.41409166435364,0.08710273012531289,-0.0,0.0,-0.0,0.0
29.597336,"[158.92922973632812, 10.072608947753906, 0.0]","[180.9115447998047, 4.5, 0.0]",5.136059330288945,5.2126641273498535,-0.36365082030407336,22.41751330224372,0.07526554225150672,-0.0,0.0,-0.0,0.0
29.618497,"[159.03155517578125, 10.062050819396973, 0.0]","[181.01577758789062, 4.5, 0.0]",5.128787024573403,5.193547248840332,-0.363615285777108,22.42235650333436,0.0766047970609085,-0.0,0.0,-0.0,0.0
29.638175,"[159.13372802734375, 10.051472663879395, 0.0]","[181.11888122558594, 4.5, 0.0]",5.121516322233035,5.187651634216309,-0.3635351170184098,22.424536553048238,0.06476022426692918,-0.0,0.0,-0.0,0.0
29.657798,"[159.23574829101562, 10.040875434875488, 0.0]","[181.22206115722656, 4.5, 0.0]",5.1142459877746,5.168415069580079,-0.36351672292171955,22.425720378991258,0.06613531198327394,-0.0,0.0,-0.0,0.0
29.680723,"[159.33763122558594, 10.03026294708252, 0.0]","[181.3237762451172, 4.5, 0.0]",5.106978309826188,5.162688732147217,-0.3633838974206327,22.427104309067392,0.05416908180547875,-0.0,0.0,-0.0,0.0
29.696552,"[159.43936157226562, 10.019641876220703, 0.0]","[181.42713928222656, 4.5, 0.0]",5.09971088212695,5.14342737197876,-0.3633713849618747,22.427133174538273,0.055710422321029185,-0.0,0.0,-0.0,0.0
29.716621,"[159.54095458984375, 10.009021759033203, 0.0]","[181.53054809570312, 4.5, 0.0]",5.09244275997598,5.137215614318848,-0.3634061075485029,22.428910029193858,0.04371648985180965,-0.0,0.0,-0.0,0.0
29.735256,"[159.64239501953125, 9.998412132263184, 0.0]","[181.63182067871094, 4.5, 0.0]",5.085174982303081,5.117518424987793,-0.36338888364495503,22.430808969523646,0.044772854342867596,-0.0,0.0,-0.0,0.0
29.755996,"[159.7436981201172, 9.987821578979492, 0.0]","[181.73501586914062, 4.5, 0.0]",5.077906819521853,5.1109089851379395,-0.36340813906141634,22.430658195259248,0.03234344268471201,-0.0,0.0,-0.0,0.0
29.776403,"[159.8448486328125, 9.977254867553711, 0.0]","[181.83848571777344, 4.5, 0.0]",5.070637353845275,5.090928554534913,-0.36347328382886346,22.432469048374394,0.03300216561608682,-0.0,0.0,-0.0,0.0
29.797795,"[159.94586181640625, 9.966713905334473, 0.0]","[181.94102478027344, 4.5, 0.0]",5.063367909793257,5.084403991699219,-0.36347220260091184,22.434605497853966,0.020291200689637634,-0.0,0.0,-0.0,0.0
29.816555,"[160.04672241210938, 9.956199645996094, 0.0]","[182.043212890625, 4.5, 0.0]",5.056097349036525,5.064153671264648,-0.36352803783659127,22.43585647874267,0.021036081905961623,-0.0,0.0,-0.0,0.0
29.835631,"[160.14744567871094, 9.945710182189941, 0.0]","[182.1416015625, 4.5, 0.0]",5.048826500038676,5.057156085968018,-0.3635424498924511,22.436817690478595,0.008056322228123136,-0.0,0.0,-0.0,0.0
29.858687,"[160.24803161621094, 9.93524169921875, 0.0]","[182.24285888671875, 4.5, 0.0]",5.041555374928583,5.036429405212402,-0.3635562555046601,22.43405337869736,0.008329585929341299,-0.0,0.0,-0.0,0.0
29.879623,"[160.3484649658203, 9.924790382385254, 0.0]","[182.34536743164062, 4.5, 0.0]",5.034284065890575,5.0288615226745605,-0.3635654519003939,22.43420797361781,-0.005125969716180734,-0.0,0.0,-0.0,0.0
29.897242,"[160.44876098632812, 9.914353370666504, 0.0]","[182.44613647460938, 4.5, 0.0]",5.027011414755353,5.0082011222839355,-0.3636325567611287,22.43569939727427,-0.0054225432160146525,-0.0,0.0,-0.0,0.0
29.916822,"[160.5489044189453, 9.90392780303955, 0.0]","[182.546630859375, 4.5, 0.0]",5.019738486403982,5.000340461730957,-0.36364641756851945,22.43555411795031,-0.01881029247141708,-0.0,0.0,-0.0,0.0
29.936793,"[160.64891052246094, 9.893507957458496, 0.0]","[182.6451873779297, 4.5, 0.0]",5.012465086093861,4.97864294052124,-0.363670015506079,22.435252684893914,-0.019398024673025205,-0.0,0.0,-0.0,0.0
29.95805,"[160.74876403808594, 9.883090019226074, 0.0]","[182.74423217773438, 4.5, 0.0]",5.005190698756277,4.970205307006836,-0.3637193668792005,22.43313731972629,-0.03382214557262042,-0.0,0.0,-0.0,0.0
29.975671,"[160.8484649658203, 9.87267017364502, 0.0]","[182.8428955078125, 4.5, 0.0]",4.997916637865742,4.9484925270080575,-0.36370304452675306,22.43165051297993,-0.03498539174944071,-0.0,0.0,-0.0,0.0
29.995651,"[160.94802856445312, 9.862245559692383, 0.0]","[182.94378662109375, 4.5, 0.0]",4.990641819343736,4.939772129058838,-0.36374092610027553,22.42993170594271,-0.049424110857684056,-0.0,0.0,-0.0,0.0
30.015649,"[161.0474395751953, 9.851815223693848, 0.0]","[183.04269409179688, 4.5, 0.0]",4.983367952875086,4.917364120483398,-0.36369332343251237,22.430571506407333,-0.050869690284898184,-0.0,0.0,-0.0,0.0
30.035394,"[161.14669799804688, 9.841379165649414, 0.0]","[183.13833618164062, 4.5, 0.0]",4.976093425438558,4.9079108238220215,-0.36372637182640055,22.429395327121405,-0.06600383239168739,-0.0,0.0,-0.0,0.0
30.055985,"[161.24581909179688, 9.830936431884766, 0.0]","[183.23831176757812, 4.5, 0.0]",4.968819116352211,4.884396076202393,-0.363715454317326,22.42513267565694,-0.06818260161653633,-0.0,0.0,-0.0,0.0
30.076616,"[161.34478759765625, 9.820487976074219, 0.0]","[183.33419799804688, 4.5, 0.0]",4.9615452839273795,4.874900817871094,-0.3636916212415908,22.425324892752634,-0.08442304014981872,-0.0,0.0,-0.0,0.0
30.096076,"[161.44361877441406, 9.81003475189209, 0.0]","[183.4319305419922, 4.5, 0.0]",4.954272505104068,4.855098724365234,-0.36363894116555606,22.421609579983528,-0.08664446605628573,-0.0,0.0,-0.0,0.0
30.116593,"[161.54229736328125, 9.799577713012695, 0.0]","[183.53089904785156, 4.5, 0.0]",4.946999336245512,4.837761878967285,-0.3636584429278056,22.419871847963382,-0.09917378073883398,-0.0,0.0,-0.0,0.0
30.136822,"[161.6408233642578, 9.789117813110352, 0.0]","[183.62484741210938, 4.5, 0.0]",4.939726324005445,4.820402145385742,-0.36365061200336335,22.419518111075114,-0.10923745727822709,-0.0,0.0,-0.0,0.0
30.157162,"[161.7392120361328, 9.778656005859375, 0.0]","[183.7207794189453, 4.5, 0.0]",4.9324530269812445,4.802677154541016,-0.36366485121002157,22.414324820802,-0.11932417861970279,-0.0,0.0,-0.0,0.0
30.17649,"[161.8374481201172, 9.768192291259766, 0.0]","[183.8187255859375, 4.5, 0.0]",4.9251801775565855,4.784578800201416,-0.36364247123295,22.41124011792771,-0.12977587244022892,-0.0,0.0,-0.0,0.0
30.19649,"[161.935546875, 9.75772762298584, 0.0]","[183.9131317138672, 4.5, 0.0]",4.917907425206085,4.767136573791504,-0.36363761752502555,22.410310964321813,-0.14060137735516953,-0.0,0.0,-0.0,0.0
30.216217,"[162.0334930419922, 9.747262954711914, 0.0]","[184.0107421875, 4.5, 0.0]",4.910634315299433,4.748548984527588,-0.36365549533261543,22.4059950653144,-0.15077085141458113,-0.0,0.0,-0.0,0.0
30.236966,"[162.13128662109375, 9.736798286437988, 0.0]","[184.10476684570312, 4.5, 0.0]",4.903362127391014,4.729870319366455,-0.3636093954209496,22.405014969296715,-0.16208533077184484,-0.0,0.0,-0.0,0.0
30.255406,"[162.22894287109375, 9.726333618164062, 0.0]","[184.1969451904297, 4.5, 0.0]",4.896090240163087,4.711558818817139,-0.3635943613963466,22.40061795743948,-0.17349180802455866,-0.0,0.0,-0.0,0.0
30.275792,"[162.32644653320312, 9.715869903564453, 0.0]","[184.29100036621094, 4.5, 0.0]",4.888816952133991,4.692876815795899,-0.3636644014548107,22.394517783543144,-0.18453142134594813,-0.0,0.0,-0.0,0.0
30.297479,"[162.42381286621094, 9.705406188964844, 0.0]","[184.38760375976562, 4.5, 0.0]",4.88154412748758,4.6736884117126465,-0.3636412323205107,22.39043318679466,-0.19594013633809126,-0.0,0.0,-0.0,0.0
30.316998,"[162.52102661132812, 9.69494342803955, 0.0]","[184.47988891601562, 4.5, 0.0]",4.874271497853469,4.6547465324401855,-0.363631481705573,22.389014548164166,-0.2078557157749339,-0.0,0.0,-0.0,0.0
30.340387,"[162.61810302734375, 9.68448257446289, 0.0]","[184.5722198486328, 4.5, 0.0]",4.8669987329733235,4.6349101066589355,-0.3636382440072694,22.38345055943238,-0.21952496541328337,-0.0,0.0,-0.0,0.0
30.357641,"[162.71502685546875, 9.67402458190918, 0.0]","[184.66323852539062, 4.5, 0.0]",4.859726040261135,4.615358829498291,-0.3636346356094222,22.378064184214587,-0.23208862631438798,-0.0,0.0,-0.0,0.0
30.37559,"[162.81179809570312, 9.663569450378418, 0.0]","[184.75559997558594, 4.5, 0.0]",4.852453290829771,4.595515251159668,-0.36363747156822335,22.3715183641747,-0.24436721076284407,-0.0,0.0,-0.0,0.0
30.395351,"[162.90843200683594, 9.653116226196289, 0.0]","[184.84841918945312, 4.5, 0.0]",4.845179986947132,4.57557487487793,-0.36366519413193465,22.366453375459532,-0.25693803967010265,-0.0,0.0,-0.0,0.0
30.415179,"[163.00491333007812, 9.642664909362793, 0.0]","[184.93994140625, 4.5, 0.0]",4.837906833803482,4.555699348449707,-0.3636576571825145,22.361973498708544,-0.26960511206920224,-0.0,0.0,-0.0,0.0
30.437507,"[163.10125732421875, 9.63221549987793, 0.0]","[185.02987670898438, 4.5, 0.0]",4.83063465124601,4.535834312438965,-0.36360912787358757,22.356351267711172,-0.2822074853537746,-0.0,0.0,-0.0,0.0
30.45569,"[163.19744873046875, 9.6217679977417, 0.0]","[185.1205291748047, 4.5, 0.0]",4.823362023723964,4.5158162117004395,-0.36363137610231355,22.349280710467504,-0.29480033880704504,-0.0,0.0,-0.0,0.0
30.475444,"[163.29348754882812, 9.611322402954102, 0.0]","[185.2128143310547, 4.5, 0.0]",4.8160888415842935,4.495433330535889,-0.3636591069835049,22.343072213409005,-0.30754581202352416,-0.0,0.0,-0.0,0.0
30.497244,"[163.38938903808594, 9.600878715515137, 0.0]","[185.3031768798828, 4.5, 0.0]",4.808815617425215,4.475478172302246,-0.36366120795392476,22.338634234308945,-0.32065551104840484,-0.0,0.0,-0.0,0.0
30.515387,"[163.48513793945312, 9.590436935424805, 0.0]","[185.3927459716797, 4.5, 0.0]",4.801542383529922,4.459157466888428,-0.3636616947646498,22.332416099693422,-0.3333374451229689,-0.0,0.0,-0.0,0.0
30.538399,"[163.58074951171875, 9.579997062683105, 0.0]","[185.48068237304688, 4.5, 0.0]",4.794268895192879,4.433371067047119,-0.3636744168521666,22.325556528041016,-0.3423849166414943,-0.0,0.0,-0.0,0.0
30.556243,"[163.67620849609375, 9.569559097290039, 0.0]","[185.568115234375, 4.5, 0.0]",4.786995312676746,4.421030044555664,-0.3636791258066374,22.31720704404076,-0.36089782814575955,-0.0,0.0,-0.0,0.0
30.576552,"[163.7715301513672, 9.559123992919922, 0.0]","[185.65577697753906, 4.5, 0.0]",4.779721565108364,4.395304203033447,-0.3636873784190975,22.30850340869575,-0.3659652681210819,-0.0,0.0,-0.0,0.0
30.59638,"[163.86669921875, 9.548691749572754, 0.0]","[185.7447509765625, 4.5, 0.0]",4.772449002371248,4.382626056671143,-0.3636281368557981,22.3001598851221,-0.3844173620749167,-0.0,0.0,-0.0,0.0
30.616949,"[163.9617156982422, 9.538263320922852, 0.0]","[185.832763671875, 4.5, 0.0]",4.765176676534808,4.357196331024171,-0.36361629182199984,22.29326912827214,-0.38982294570010545,-0.0,0.0,-0.0,0.0
30.635381,"[164.0565948486328, 9.527839660644531, 0.0]","[185.9185333251953, 4.5, 0.0]",4.757904506163952,4.346123695373535,-0.36360851854277954,22.285567224869485,-0.4079803455106372,-0.0,0.0,-0.0,0.0
30.660677,"[164.1513214111328, 9.517420768737793, 0.0]","[186.00531005859375, 4.5, 0.0]",4.750632458367717,4.321506023406982,-0.36360238981179016,22.27576525072517,-0.4117808107904173,-0.0,0.0,-0.0,0.0
30.675118,"[164.24591064453125, 9.507006645202637, 0.0]","[186.09278869628906, 4.5, 0.0]",4.7433595530025014,4.310077667236328,-0.3636452682607594,22.267109414585654,-0.4291264349607342,-0.0,0.0,-0.0,0.0
30.695694,"[164.34034729003906, 9.496598243713379, 0.0]","[186.1800537109375, 4.5, 0.0]",4.736087186927813,4.28536319732666,-0.3636183037344143,22.259279063642587,-0.4332818857661733,-0.0,0.0,-0.0,0.0
30.71695,"[164.4346466064453, 9.48619556427002, 0.0]","[186.2659454345703, 4.5, 0.0]",4.728813736088997,4.2747802734375,-0.3636725419408293,22.2513814317289,-0.450723989601153,-0.0,0.0,-0.0,0.0
30.736939,"[164.52879333496094, 9.475798606872559, 0.0]","[186.35037231445312, 4.5, 0.0]",4.7215409150171554,4.251866340637207,-0.36364105359205645,22.242246460950724,-0.4540334626514966,-0.0,0.0,-0.0,0.0
30.755954,"[164.622802734375, 9.46540641784668, 0.0]","[186.43405151367188, 4.5, 0.0]",4.714268000358516,4.242432117462158,-0.3636457329319942,22.231799483342172,-0.4696745743799484,-0.0,0.0,-0.0,0.0
30.777968,"[164.71665954589844, 9.455018997192383, 0.0]","[186.51837158203125, 4.5, 0.0]",4.706995535506153,4.219540119171143,-0.3636232426181163,22.220739673406584,-0.47183588289635736,-0.0,0.0,-0.0,0.0
30.796477,"[164.8103790283203, 9.444636344909668, 0.0]","[186.60498046875, 4.5, 0.0]",4.6997234430992805,4.2095417976379395,-0.3636046203436383,22.2104623020423,-0.48745541633501066,-0.0,0.0,-0.0,0.0
30.816513,"[164.90394592285156, 9.434258460998535, 0.0]","[186.68943786621094, 4.5, 0.0]",4.692450710777985,4.18713903427124,-0.3636366160647775,22.202592813500097,-0.490181645461341,-0.0,0.0,-0.0,0.0
30.83718,"[164.9973602294922, 9.423885345458984, 0.0]","[186.7725830078125, 4.5, 0.0]",4.685178162263378,4.179022312164307,-0.36362742573032847,22.192730949169842,-0.5053116765067447,-0.0,0.0,-0.0,0.0
30.856284,"[165.09063720703125, 9.4135160446167, 0.0]","[186.85533142089844, 4.5, 0.0]",4.677905117155115,4.157642841339111,-0.3636522554131716,22.181713104834316,-0.5061558500990717,-0.0,0.0,-0.0,0.0
30.876502,"[165.1837615966797, 9.403151512145996, 0.0]","[186.9391632080078, 4.5, 0.0]",4.670633054064009,4.149405479431152,-0.3636031545553031,22.17043415143292,-0.5202622758160036,-0.0,0.0,-0.0,0.0
30.896885,"[165.27674865722656, 9.392791748046875, 0.0]","[187.022216796875, 4.5, 0.0]",4.663359991287001,4.127974033355713,-0.36365313885040607,22.16038099412512,-0.5212275746328565,-0.0,0.0,-0.0,0.0
30.917132,"[165.3695831298828, 9.382437705993652, 0.0]","[187.10504150390625, 4.5, 0.0]",4.656087465718093,4.12031888961792,-0.36362627844539475,22.14968699009278,-0.5353859579312878,-0.0,0.0,-0.0,0.0
30.937668,"[165.4622802734375, 9.372091293334961, 0.0]","[187.1867218017578, 4.5, 0.0]",4.64881530563762,4.100087642669678,-0.36360800402364113,22.138912828226413,-0.5357685761001729,-0.0,0.0,-0.0,0.0
30.964453,"[165.55482482910156, 9.361754417419434, 0.0]","[187.267578125, 4.5, 0.0]",4.641542951537489,4.093329429626465,-0.363617705006547,22.12713159043814,-0.5487276629679423,-0.0,0.0,-0.0,0.0
30.976827,"[165.64723205566406, 9.351430892944336, 0.0]","[187.34803771972656, 4.5, 0.0]",4.6342708642249555,4.073299884796143,-0.36360436562667964,22.11467236200757,-0.5482135219110242,-0.0,0.0,-0.0,0.0
30.99631,"[165.73948669433594, 9.341124534606934, 0.0]","[187.43075561523438, 4.5, 0.0]",4.626999092129941,4.066230773925781,-0.36358860475074195,22.10194262177535,-0.5609709794288129,-0.0,0.0,-0.0,0.0
31.016696,"[165.83160400390625, 9.330838203430176, 0.0]","[187.51220703125, 4.5, 0.0]",4.619727384029906,4.049606800079346,-0.36358540500174286,22.091589998557307,-0.5607683182041594,-0.0,0.0,-0.0,0.0
31.037874,"[165.92356872558594, 9.320573806762695, 0.0]","[187.59402465820312, 4.5, 0.0]",4.612455161995177,4.036607265472412,-0.3636111017364385,22.08009284151167,-0.5701205839505601,-0.0,0.0,-0.0,0.0
31.055956,"[166.01539611816406, 9.310332298278809, 0.0]","[187.6742401123047, 4.5, 0.0]",4.60518308320937,4.023862361907959,-0.36360393929033563,22.069086140483304,-0.5758478965227649,-0.0,0.0,-0.0,0.0
31.076093,"[166.10707092285156, 9.300111770629883, 0.0]","[187.75369262695312, 4.5, 0.0]",4.597911041991749,4.0112409591674805,-0.36360206088108527,22.056600019635756,-0.5813207213014113,-0.0,0.0,-0.0,0.0
31.099135,"[166.1986083984375, 9.289912223815918, 0.0]","[187.8356475830078, 4.5, 0.0]",4.590638347563707,3.9982199668884277,-0.3636347214020841,22.043485202223653,-0.5866700828242681,-0.0,0.0,-0.0,0.0
31.11625,"[166.29000854492188, 9.279732704162598, 0.0]","[187.91427612304688, 4.5, 0.0]",4.583366761707758,3.9858131408691406,-0.3635792927974446,22.032975514214822,-0.5924183806752792,-0.0,0.0,-0.0,0.0
31.136738,"[166.38125610351562, 9.269571304321289, 0.0]","[187.99346923828125, 4.5, 0.0]",4.5760940453780945,3.973447799682617,-0.36363581648317655,22.019278961745947,-0.5975536208386174,-0.0,0.0,-0.0,0.0
31.156078,"[166.4723663330078, 9.259427070617676, 0.0]","[188.0740966796875, 4.5, 0.0]",4.568821726901143,3.9608569145202637,-0.36361592384759334,22.006282142137728,-0.6026462456954773,-0.0,0.0,-0.0,0.0
31.175281,"[166.56332397460938, 9.249300003051758, 0.0]","[188.15188598632812, 4.5, 0.0]",4.561549057988411,3.948709011077881,-0.36363344563659084,21.99483815007835,-0.607964812380879,-0.0,0.0,-0.0,0.0
31.196119,"[166.65414428710938, 9.239189147949219, 0.0]","[188.23257446289062, 4.5, 0.0]",4.5542766378183295,3.93610954284668,-0.363621008504067,21.980717433661315,-0.61284004691053,-0.0,0.0,-0.0,0.0
31.216592,"[166.74481201171875, 9.229094505310059, 0.0]","[188.31153869628906, 4.5, 0.0]",4.547004262854599,3.9237639904022217,-0.36361874818653384,21.96960681901066,-0.6181670949716493,-0.0,0.0,-0.0,0.0
31.236592,"[166.83534240722656, 9.219016075134277, 0.0]","[188.38954162597656, 4.5, 0.0]",4.53973174413514,3.911548376083374,-0.36362593597294435,21.956929477152517,-0.6232402724523771,-0.0,0.0,-0.0,0.0
31.256685,"[166.92572021484375, 9.208953857421875, 0.0]","[188.46603393554688, 4.5, 0.0]",4.532458453945599,3.899569511413574,-0.3636645094770241,21.943427375604145,-0.6281833680517659,-0.0,0.0,-0.0,0.0
31.275824,"[167.01596069335938, 9.198905944824219, 0.0]","[188.54397583007812, 4.5, 0.0]",4.525185444264039,3.887364387512207,-0.36365048407800415,21.92857288072036,-0.6328889425320252,-0.0,0.0,-0.0,0.0
31.296276,"[167.10604858398438, 9.188873291015625, 0.0]","[188.62210083007812, 4.5, 0.0]",4.517912743893036,3.875131368637085,-0.363635018550168,21.915292769348948,-0.6378210567518323,-0.0,0.0,-0.0,0.0
31.316566,"[167.1959991455078, 9.178854942321777, 0.0]","[188.69956970214844, 4.5, 0.0]",4.510640087998149,3.8629369735717773,-0.36363279474436183,21.90234453280674,-0.642781375255951,-0.0,0.0,-0.0,0.0
31.335538,"[167.28579711914062, 9.168848991394043, 0.0]","[188.77603149414062, 4.5, 0.0]",4.503366508175854,3.8508057594299316,-0.36367899111473534,21.888880051888417,-0.6477031144263714,-0.0,0.0,-0.0,0.0
31.355808,"[167.37545776367188, 9.158854484558105, 0.0]","[188.8528594970703, 4.5, 0.0]",4.496093268512845,3.8386170864105225,-0.36366198315045395,21.87456671137897,-0.6525607487459224,-0.0,0.0,-0.0,0.0
31.377432,"[167.4649658203125, 9.148868560791016, 0.0]","[188.92979431152344, 4.5, 0.0]",4.488819430075036,3.826411485671997,-0.36369192189043,21.860756834563677,-0.6574761821023225,-0.0,0.0,-0.0,0.0
31.396101,"[167.55433654785156, 9.138888359069824, 0.0]","[189.00686645507812, 4.5, 0.0]",4.481544181984431,3.8141849040985107,-0.36376240453028785,21.84721222104172,-0.6624079444030393,-0.0,0.0,-0.0,0.0
31.415722,"[167.6435546875, 9.128910064697266, 0.0]","[189.0848388671875, 4.5, 0.0]",4.47427010573367,3.801729679107666,-0.36370381253805206,21.83395121100975,-0.6673592778859199,-0.0,0.0,-0.0,0.0
31.43614,"[167.73263549804688, 9.118929862976074, 0.0]","[189.1583251953125, 4.5, 0.0]",4.4669950630817015,3.7932140827178955,-0.363752132598405,21.821751718794577,-0.6725404266260036,-0.0,0.0,-0.0,0.0
31.456459,"[167.82156372070312, 9.108945846557617, 0.0]","[189.23439025878906, 4.5, 0.0]",4.459718666105741,3.7742817401885986,-0.3638198487980304,21.80525000025561,-0.673780980363806,-0.0,0.0,-0.0,0.0
31.477336,"[167.91033935546875, 9.098954200744629, 0.0]","[189.3100128173828, 4.5, 0.0]",4.452442750036344,3.768754005432129,-0.3637958034698574,21.791484845841822,-0.6854369259171422,-0.0,0.0,-0.0,0.0
31.496742,"[167.9989776611328, 9.08895206451416, 0.0]","[189.3871307373047, 4.5, 0.0]",4.429550324724229,3.749652624130249,-1.1446212656057497,21.77745810638771,-0.6836887446042148,-0.0,0.0,-0.0,0.0
31.516936,"[168.08746337890625, 9.078938484191895, 0.0]","[189.4622039794922, 4.5, 0.0]",4.421515390425856,3.744131088256836,-0.401746714918616,21.76508012839606,-0.6798977005939797,-0.0,0.0,-0.0,0.0
31.536523,"[168.17568969726562, 9.070985794067383, 0.0]","[189.53643798828125, 4.5, 0.0]",4.413965363593795,3.7252919673919678,-0.37750134160305926,21.75085169098239,-0.6773843021690205,-0.0,0.0,-0.0,0.0
31.557425,"[168.26368713378906, 9.062297821044922, 0.0]","[189.61077880859375, 4.5, 0.0]",4.40656798175597,3.719771146774292,-0.3698690918912728,21.733930001020163,-0.6886733962018274,-0.0,0.0,-0.0,0.0
31.576738,"[168.35150146484375, 9.053239822387695, 0.0]","[189.6855926513672, 4.5, 0.0]",4.399220358586433,3.700838327407837,-0.3673811584768316,21.717826027550952,-0.6867968349816778,-0.0,0.0,-0.0,0.0
31.596247,"[168.43914794921875, 9.043993949890137, 0.0]","[189.7595977783203, 4.5, 0.0]",4.391893595022172,3.695374011993408,-0.366338178213077,21.70280032489908,-0.6983820311785962,-0.0,0.0,-0.0,0.0
31.617533,"[168.52662658691406, 9.034635543823242, 0.0]","[189.83209228515625, 4.5, 0.0]",4.3845776889867425,3.6767387390136723,-0.36579530177145436,21.687492799444517,-0.6965195830287634,-0.0,0.0,-0.0,0.0
31.639715,"[168.61395263671875, 9.025196075439453, 0.0]","[189.90647888183594, 4.5, 0.0]",4.377271213683168,3.6710045337677,-0.36532376517870446,21.67113577884699,-0.7078389499730702,-0.0,0.0,-0.0,0.0
31.656598,"[168.7011260986328, 9.0156888961792, 0.0]","[189.97921752929688, 4.5, 0.0]",4.369970286426687,3.652212142944336,-0.3650463628240619,21.657037509703,-0.7062666799154682,-0.0,0.0,-0.0,0.0
31.675506,"[168.78814697265625, 9.006119728088379, 0.0]","[190.0528106689453, 4.5, 0.0]",4.362674620502862,3.6466100215911865,-0.36478329619127337,21.64162827240545,-0.7177581434823512,-0.0,0.0,-0.0,0.0
31.69551,"[168.87501525878906, 8.996490478515625, 0.0]","[190.1261749267578, 4.5, 0.0]",4.355383347128059,3.627713441848755,-0.36456366874011437,21.62735798575977,-0.7160645989116752,-0.0,0.0,-0.0,0.0
31.715008,"[168.96173095703125, 8.986804008483887, 0.0]","[190.19754028320312, 4.5, 0.0]",4.348095194188289,3.6223983764648438,-0.36440764698850714,21.613119417285752,-0.7276699052793045,-0.0,0.0,-0.0,0.0
31.737178,"[169.0482940673828, 8.977063179016113, 0.0]","[190.27024841308594, 4.5, 0.0]",4.340810680787423,3.6033961772918706,-0.3642256700433055,21.59712778667928,-0.7256968177234455,-0.0,0.0,-0.0,0.0
31.756705,"[169.13470458984375, 8.96727466583252, 0.0]","[190.3423614501953, 4.5, 0.0]",4.333526501659768,3.5978312492370605,-0.3642089563827611,21.5826891127665,-0.7374145034955526,-0.0,0.0,-0.0,0.0
31.777438,"[169.22096252441406, 8.957446098327637, 0.0]","[190.414306640625, 4.5, 0.0]",4.326243860046893,3.578958749771118,-0.36413208064374203,21.567863031186356,-0.7356952524227074,-0.0,0.0,-0.0,0.0
31.79721,"[169.30706787109375, 8.947583198547363, 0.0]","[190.4849853515625, 4.5, 0.0]",4.318961213150726,3.5736353397369385,-0.36413234480834333,21.553066920608604,-0.7472851102757749,-0.0,0.0,-0.0,0.0
31.816533,"[169.3930206298828, 8.937689781188965, 0.0]","[190.55667114257812, 4.5, 0.0]",4.311679793805115,3.5547227859497075,-0.364070967280572,21.537200468259396,-0.7453258734137878,-0.0,0.0,-0.0,0.0
31.839692,"[169.47882080078125, 8.92776870727539, 0.0]","[190.62745666503906, 4.5, 0.0]",4.304398167762362,3.54917311668396,-0.364081302137631,21.52252146524824,-0.7569570078554073,-0.0,0.0,-0.0,0.0
31.860541,"[169.56448364257812, 8.917820930480957, 0.0]","[190.697265625, 4.5, 0.0]",4.2971158025522085,3.530457019805908,-0.36411826050768425,21.507127875533865,-0.7552250510784022,-0.0,0.0,-0.0,0.0
31.87581,"[169.64999389648438, 8.90784740447998, 0.0]","[190.76812744140625, 4.5, 0.0]",4.289835642973777,3.524892568588257,-0.36400797892155445,21.490925317023994,-0.7666587827463003,-0.0,0.0,-0.0,0.0
31.896069,"[169.7353515625, 8.897848129272461, 0.0]","[190.8394317626953, 4.5, 0.0]",4.2825542213762,3.505917549133301,-0.36407107987885823,21.475943720092744,-0.7649430743855206,-0.0,0.0,-0.0,0.0
31.917004,"[169.820556640625, 8.887823104858398, 0.0]","[190.9093017578125, 4.5, 0.0]",4.275272067045988,3.500472068786621,-0.364107716510631,21.461572626107696,-0.7766366722428995,-0.0,0.0,-0.0,0.0
31.936175,"[169.90560913085938, 8.877771377563477, 0.0]","[190.97877502441406, 4.5, 0.0]",4.267990027669978,3.4850075244903564,-0.36410196880050094,21.44594338510683,-0.7747999982593665,-0.0,0.0,-0.0,0.0
31.957304,"[169.9905242919922, 8.867691993713379, 0.0]","[191.04830932617188, 4.5, 0.0]",4.260707940885407,3.469533920288086,-0.3641043392285326,21.43008809821241,-0.7829825031796211,-0.0,0.0,-0.0,0.0
31.975527,"[170.07528686523438, 8.857583999633789, 0.0]","[191.1185302734375, 4.5, 0.0]",4.253424911334441,3.463939905166626,-0.36415147754831345,21.414443852811647,-0.791174020597321,-0.0,0.0,-0.0,0.0
31.996242,"[170.15989685058594, 8.847447395324707, 0.0]","[191.1875457763672, 4.5, 0.0]",4.246142760374329,3.445224285125733,-0.36410754800559886,21.399645076284322,-0.7894850061678147,-0.0,0.0,-0.0,0.0
32.015518,"[170.24435424804688, 8.8372802734375, 0.0]","[191.25657653808594, 4.5, 0.0]",4.238860403185037,3.4398751258850098,-0.3641178594645744,21.38380968697526,-0.8009184752485958,-0.0,0.0,-0.0,0.0
32.035979,"[170.3286590576172, 8.827082633972168, 0.0]","[191.32476806640625, 4.5, 0.0]",4.231578755720642,3.4214000701904297,-0.3640823732197429,21.368150100767632,-0.7989852773000274,-0.0,0.0,-0.0,0.0
32.055947,"[170.41281127929688, 8.816853523254395, 0.0]","[191.3931884765625, 4.5, 0.0]",4.224295905338209,3.4162180423736572,-0.3641425191216463,21.351815670368143,-0.8101786855302127,-0.0,0.0,-0.0,0.0
32.079492,"[170.49681091308594, 8.806591987609863, 0.0]","[191.46139526367188, 4.5, 0.0]",4.217011273253705,3.397738456726074,-0.36423160422520695,21.335866400324864,-0.8080778629645522,-0.0,0.0,-0.0,0.0
32.096256,"[170.58067321777344, 8.796296119689941, 0.0]","[191.52989196777344, 4.5, 0.0]",4.209725357860889,3.3925442695617676,-0.36429576964081,21.319860657088327,-0.8192728165276311,-0.0,0.0,-0.0,0.0
32.11707,"[170.6643829345703, 8.785964012145996, 0.0]","[191.59768676757812, 4.5, 0.0]",4.202438783901263,3.374366283416748,-0.36432869798130874,21.304283666585906,-0.8171810882991215,-0.0,0.0,-0.0,0.0
32.135099,"[170.74794006347656, 8.775592803955078, 0.0]","[191.66436767578125, 4.5, 0.0]",4.195151889717234,3.3700551986694336,-0.36434470920143625,21.288165940290348,-0.8280725004845149,-0.0,0.0,-0.0,0.0
32.155629,"[170.8313446044922, 8.765180587768555, 0.0]","[191.73150634765625, 4.5, 0.0]",4.187863474502329,3.352337121963501,-0.3644207607452543,21.271098062761563,-0.8250966910478006,-0.0,0.0,-0.0,0.0
32.176366,"[170.9145965576172, 8.75472640991211, 0.0]","[191.79873657226562, 4.5, 0.0]",4.18057483579323,3.347935438156128,-0.36443193545494523,21.254642612670303,-0.8355263525388281,-0.0,0.0,-0.0,0.0
32.196028,"[170.99769592285156, 8.74422836303711, 0.0]","[191.8662567138672, 4.5, 0.0]",4.173285435904693,3.3301520347595215,-0.3644699944268748,21.23843532852704,-0.8326393976371023,-0.0,0.0,-0.0,0.0
32.216825,"[171.0806427001953, 8.733686447143555, 0.0]","[191.9327392578125, 4.5, 0.0]",4.16599725988663,3.326387405395508,-0.36440880090311545,21.222671845462465,-0.8431334011451712,-0.0,0.0,-0.0,0.0
32.237445,"[171.16343688964844, 8.723098754882812, 0.0]","[191.99880981445312, 4.5, 0.0]",4.158708174010145,3.310139656066895,-0.36445429382427896,21.2060339092614,-0.8396098544911226,-0.0,0.0,-0.0,0.0
32.258538,"[171.24607849121094, 8.712465286254883, 0.0]","[192.06492614746094, 4.5, 0.0]",4.151419907390917,3.3072190284729004,-0.3644133309613995,21.189141296116798,-0.8485685179432498,-0.0,0.0,-0.0,0.0
32.276766,"[171.3285675048828, 8.701786041259766, 0.0]","[192.13124084472656, 4.5, 0.0]",4.144131936591618,3.2909343242645264,-0.36439853996492744,21.172445841956115,-0.8442008789180164,-0.0,0.0,-0.0,0.0
32.296924,"[171.41090393066406, 8.691060066223145, 0.0]","[192.1976776123047, 4.5, 0.0]",4.136844847678706,3.2879672050476074,-0.3643544456456205,21.15609814314204,-0.8531976123270919,-0.0,0.0,-0.0,0.0
32.317906,"[171.4930877685547, 8.680288314819336, 0.0]","[192.2638702392578, 4.5, 0.0]",4.129558790956951,3.2725861072540283,-0.3643028360877487,21.14002206691165,-0.8488776426310984,-0.0,0.0,-0.0,0.0
32.344287,"[171.5751190185547, 8.669471740722656, 0.0]","[192.32826232910156, 4.5, 0.0]",4.122274867806626,3.2720539569854736,-0.3641961575162611,21.12384887404045,-0.8569726837029226,-0.0,0.0,-0.0,0.0
32.356547,"[171.65699768066406, 8.658612251281738, 0.0]","[192.3938751220703, 4.5, 0.0]",4.114991137137911,3.261382579803467,-0.3641865334357508,21.10603331043667,-0.850220910821152,-0.0,0.0,-0.0,0.0
32.377981,"[171.7387237548828, 8.647709846496582, 0.0]","[192.45909118652344, 4.5, 0.0]",4.1077079325154315,3.254088878631592,-0.36416023112395557,21.08957108102611,-0.8536085573344439,-0.0,0.0,-0.0,0.0
32.397166,"[171.82029724121094, 8.636765480041504, 0.0]","[192.52581787109375, 4.5, 0.0]",4.10042547055851,3.246628522872925,-0.36412309784608077,21.072854982180132,-0.8536190538838397,-0.0,0.0,-0.0,0.0
32.415005,"[171.90171813964844, 8.62578010559082, 0.0]","[192.58949279785156, 4.5, 0.0]",4.093143449317292,3.2407124042510986,-0.3641010620608842,21.057775281616454,-0.8537969476855851,-0.0,0.0,-0.0,0.0
32.435583,"[171.9829864501953, 8.614754676818848, 0.0]","[192.65512084960938, 4.5, 0.0]",4.085862764460083,3.2364277839660645,-0.36403424286044483,21.039801806531518,-0.8524310450661936,-0.0,0.0,-0.0,0.0
32.45737,"[172.06410217285156, 8.603689193725586, 0.0]","[192.71881103515625, 4.5, 0.0]",4.0785813767873424,3.2322702407836923,-0.36406938363704455,21.023900161729028,-0.8494349804940189,-0.0,0.0,-0.0,0.0
32.478271,"[172.1450653076172, 8.592584609985352, 0.0]","[192.78472900390625, 4.5, 0.0]",4.071300956046788,3.2279670238494873,-0.3640210370277064,21.006209531806697,-0.8463111360036502,-0.0,0.0,-0.0,0.0
32.495675,"[172.2258758544922, 8.581439971923828, 0.0]","[192.84884643554688, 4.5, 0.0]",4.064019011639056,3.2237806320190434,-0.3640972203866166,20.99086036491949,-0.843333932197301,-0.0,0.0,-0.0,0.0
32.515531,"[172.30653381347656, 8.570255279541016, 0.0]","[192.91305541992188, 4.5, 0.0]",4.05673695805369,3.2208189964294434,-0.36410267926831885,20.973856137989458,-0.8402383796200126,-0.0,0.0,-0.0,0.0
32.535123,"[172.3870391845703, 8.559030532836914, 0.0]","[192.977294921875, 4.5, 0.0]",4.049456562629924,3.2196714878082275,-0.3640197711882731,20.957073801701842,-0.8359179616242463,-0.0,0.0,-0.0,0.0
32.556932,"[172.46739196777344, 8.547765731811523, 0.0]","[193.04270935058594, 4.5, 0.0]",4.042176109843123,3.2185025215148926,-0.36402263934007806,20.94045203962443,-0.8297850748216966,-0.0,0.0,-0.0,0.0
32.575573,"[172.54759216308594, 8.53646183013916, 0.0]","[193.10617065429688, 4.5, 0.0]",4.034896588228661,3.217368841171265,-0.36397608072307186,20.9251257285947,-0.82367358832823,-0.0,0.0,-0.0,0.0
32.595248,"[172.6276397705078, 8.525118827819824, 0.0]","[193.1708221435547, 4.5, 0.0]",4.02761728087223,3.2162137031555176,-0.3639653678215726,20.90799198051988,-0.8175277470573961,-0.0,0.0,-0.0,0.0
32.618374,"[172.70753479003906, 8.513737678527832, 0.0]","[193.2352294921875, 4.5, 0.0]",4.0203384507313755,3.2163679599761967,-0.3639415070427088,20.892166512803474,-0.8114035777167121,-0.0,0.0,-0.0,0.0
32.635957,"[172.7872772216797, 8.5023193359375, 0.0]","[193.29940795898438, 4.5, 0.0]",4.013060570493164,3.218449831008911,-0.36389401191057047,20.87622559228348,-0.8039704907551788,-0.0,0.0,-0.0,0.0
32.655845,"[172.8668670654297, 8.490864753723145, 0.0]","[193.364013671875, 4.5, 0.0]",4.005783071732647,3.220545768737793,-0.36387493802587656,20.860183442817288,-0.794610739484253,-0.0,0.0,-0.0,0.0
32.676353,"[172.94630432128906, 8.479374885559082, 0.0]","[193.42965698242188, 4.5, 0.0]",3.9985062480326894,3.2226758003234863,-0.36384118499785956,20.844690267659185,-0.7852373029948536,-0.0,0.0,-0.0,0.0
32.696626,"[173.0255889892578, 8.467850685119629, 0.0]","[193.49298095703125, 4.5, 0.0]",3.9912296381882695,3.224730253219605,-0.3638304922209956,20.83034953265538,-0.7758304477092031,-0.0,0.0,-0.0,0.0
32.717218,"[173.10472106933594, 8.456292152404785, 0.0]","[193.5572967529297, 4.5, 0.0]",3.983953477019627,3.2280921936035156,-0.3638080584321246,20.813834061679177,-0.7664993849686645,-0.0,0.0,-0.0,0.0
32.736134,"[173.18370056152344, 8.44469928741455, 0.0]","[193.6222381591797, 4.5, 0.0]",3.976677878651684,3.233433723449707,-0.36377991839715573,20.798424680634685,-0.7558612834161114,-0.0,0.0,-0.0,0.0
32.756248,"[173.2625274658203, 8.433073043823242, 0.0]","[193.68858337402344, 4.5, 0.0]",3.9694051985297416,3.2388923168182373,-0.36363400609711327,20.783758349122223,-0.7432441552019768,-0.0,0.0,-0.0,0.0
32.77751,"[173.34120178222656, 8.421415328979492, 0.0]","[193.7528076171875, 4.5, 0.0]",3.9621361419110332,3.247509479522705,-0.3634528309354179,20.770605529997088,-0.7305128817115043,-0.0,0.0,-0.0,0.0
32.795139,"[173.4197235107422, 8.409730911254883, 0.0]","[193.81700134277344, 4.5, 0.0]",3.9548701846406296,3.2461228370666504,-0.36329786352018445,20.755473084440215,-0.7146266623883282,-0.0,0.0,-0.0,0.0
32.816767,"[173.4980926513672, 8.398025512695312, 0.0]","[193.8821563720703, 4.5, 0.0]",3.94760696453798,3.259354829788208,-0.36316100513247296,20.74043092162005,-0.7087473475739792,-0.0,0.0,-0.0,0.0
32.836704,"[173.57630920410156, 8.386303901672363, 0.0]","[193.94761657714844, 4.5, 0.0]",3.940345318279303,3.261086463928223,-0.36308231293384896,20.726457918048695,-0.6882521347497721,-0.0,0.0,-0.0,0.0
32.856996,"[173.65438842773438, 8.374571800231934, 0.0]","[194.01284790039062, 4.5, 0.0]",3.9330826599675293,3.276122808456421,-0.3631329155886931,20.71290265935945,-0.67925885435108,-0.0,0.0,-0.0,0.0
32.876228,"[173.73231506347656, 8.362832069396973, 0.0]","[194.0788116455078, 4.5, 0.0]",3.9258206317296205,3.2779197692871094,-0.363101411895439,20.699218502707446,-0.6569598515111084,-0.0,0.0,-0.0,0.0
32.896084,"[173.81008911132812, 8.35108470916748, 0.0]","[194.1457061767578, 4.5, 0.0]",3.918558450737409,3.293168544769287,-0.363109049610566,20.68637284232842,-0.6479008624425111,-0.0,0.0,-0.0,0.0
32.915568,"[173.88772583007812, 8.339332580566406, 0.0]","[194.21035766601562, 4.5, 0.0]",3.91129550024577,3.2958636283874516,-0.36314752458195265,20.67456305286357,-0.625389905968122,-0.0,0.0,-0.0,0.0
32.934912,"[173.9652099609375, 8.327576637268066, 0.0]","[194.2766571044922, 4.5, 0.0]",3.9040316774285575,3.3136868476867676,-0.3631911408606303,20.66063205352012,-0.6154318718583185,-0.0,0.0,-0.0,0.0
32.960348,"[174.04254150390625, 8.315818786621094, 0.0]","[194.3430938720703, 4.5, 0.0]",3.89676795515413,3.318202495574951,-0.3631861137213699,20.648448080235276,-0.5903448297417899,-0.0,0.0,-0.0,0.0
32.976951,"[174.11973571777344, 8.304059028625488, 0.0]","[194.40977478027344, 4.5, 0.0]",3.88950410090356,3.336090564727783,-0.36319271252851504,20.636516615689352,-0.5785654595791789,-0.0,0.0,-0.0,0.0
32.996828,"[174.19677734375, 8.29229736328125, 0.0]","[194.476318359375, 4.5, 0.0]",3.8822397956042547,3.3406217098236084,-0.36321526496525536,20.624930970667513,-0.5534135361757766,-0.0,0.0,-0.0,0.0
33.015514,"[174.27366638183594, 8.280535697937012, 0.0]","[194.5433807373047, 4.5, 0.0]",3.87497556829437,3.359468936920166,-0.3632113654942426,20.613329364991355,-0.5416180857806463,-0.0,0.0,-0.0,0.0
33.036101,"[174.3504180908203, 8.268775939941406, 0.0]","[194.61099243164062, 4.5, 0.0]",3.867712477558964,3.3664164543151855,-0.36315453677029375,20.60236273974729,-0.5155066313742038,-0.0,0.0,-0.0,0.0
33.056958,"[174.42701721191406, 8.257020950317383, 0.0]","[194.67892456054688, 4.5, 0.0]",3.8604491520590147,3.3867626190185547,-0.3631662749974618,20.59204662667669,-0.5012960232437784,-0.0,0.0,-0.0,0.0
33.077867,"[174.50347900390625, 8.24527359008789, 0.0]","[194.7466278076172, 4.5, 0.0]",3.853185953844083,3.3937294483184814,-0.36315991074657994,20.58217048122101,-0.47368653304046004,-0.0,0.0,-0.0,0.0
33.095884,"[174.5797882080078, 8.233536720275879, 0.0]","[194.81460571289062, 4.5, 0.0]",3.845922720575011,3.414085865020752,-0.3631616634536039,20.572176813916798,-0.4594565055256017,-0.0,0.0,-0.0,0.0
33.117523,"[174.6559600830078, 8.221813201904297, 0.0]","[194.88421630859375, 4.5, 0.0]",3.838658662982559,3.4222054481506348,-0.3632028796225928,20.56257826692514,-0.4318368555542591,-0.0,0.0,-0.0,0.0
33.137815,"[174.7319793701172, 8.210105895996094, 0.0]","[194.9532928466797, 4.5, 0.0]",3.831394475953153,3.4446158409118652,-0.3632093514703172,20.554704193573926,-0.41645321483192443,-0.0,0.0,-0.0,0.0
33.158434,"[174.807861328125, 8.198416709899902, 0.0]","[195.0205535888672, 4.5, 0.0]",3.8241296983926483,3.4532742500305176,-0.36323887802522936,20.54642778933195,-0.3867786350412876,-0.0,0.0,-0.0,0.0
33.175953,"[174.8835906982422, 8.186747550964355, 0.0]","[195.09024047851562, 4.5, 0.0]",3.816864165648591,3.475822687149048,-0.3632766372028584,20.5364660884036,-0.3708554483621307,-0.0,0.0,-0.0,0.0
33.198294,"[174.9591827392578, 8.175100326538086, 0.0]","[195.1595458984375, 4.5, 0.0]",3.8095985688781426,3.484950065612793,-0.3632798385224234,20.529032263930763,-0.34104147849954325,-0.0,0.0,-0.0,0.0
33.215409,"[175.0346221923828, 8.16347599029541, 0.0]","[195.22958374023438, 4.5, 0.0]",3.802331335809563,3.508171319961548,-0.3633616534289841,20.521334927411257,-0.32464850326534966,-0.0,0.0,-0.0,0.0
33.235665,"[175.10992431640625, 8.151875495910645, 0.0]","[195.30035400390625, 4.5, 0.0]",3.7950633939650307,3.5191247463226323,-0.36339709222661387,20.514492752761395,-0.2941600158480151,-0.0,0.0,-0.0,0.0
33.256698,"[175.18508911132812, 8.140297889709473, 0.0]","[195.372802734375, 4.5, 0.0]",3.787794938726439,3.543827533721924,-0.3634227619295771,20.50849112763911,-0.2759386476423984,-0.0,0.0,-0.0,0.0
33.277753,"[175.26010131835938, 8.128743171691895, 0.0]","[195.44256591796875, 4.5, 0.0]",3.7805264401079355,3.554527521133423,-0.36342493092518247,20.504268097802647,-0.2439674050045153,-0.0,0.0,-0.0,0.0
33.297527,"[175.33497619628906, 8.11721134185791, 0.0]","[195.51470947265625, 4.5, 0.0]",3.7732570219270793,3.5791549682617188,-0.36347090904280677,20.49752458872065,-0.22599891897451263,-0.0,0.0,-0.0,0.0
33.319356,"[175.40969848632812, 8.105700492858887, 0.0]","[195.58644104003906, 4.5, 0.0]",3.7659866965680644,3.5942020416259766,-0.36351626795074754,20.49325679414116,-0.1941020536653606,-0.0,0.0,-0.0,0.0
33.335879,"[175.48428344726562, 8.094209671020508, 0.0]","[195.65890502929688, 4.5, 0.0]",3.7587164423527817,3.613482713699341,-0.3635127107641356,20.48872068384774,-0.17178465494208783,-0.0,0.0,-0.0,0.0
33.357705,"[175.55873107910156, 8.08273696899414, 0.0]","[195.731689453125, 4.5, 0.0]",3.751445064951618,3.6328487396240234,-0.36356887005819516,20.485033003704185,-0.14523372865344086,-0.0,0.0,-0.0,0.0
33.379615,"[175.63302612304688, 8.071279525756836, 0.0]","[195.8044891357422, 4.5, 0.0]",3.7441735948118553,3.652214527130127,-0.3635735069881241,20.481788784638002,-0.11859632532759434,-0.0,0.0,-0.0,0.0
33.398876,"[175.70718383789062, 8.059835433959961, 0.0]","[195.8768310546875, 4.5, 0.0]",3.736901590973989,3.671461343765259,-0.3636001918933207,20.47870246099893,-0.09195906768172835,-0.0,0.0,-0.0,0.0
33.416572,"[175.78118896484375, 8.0484037399292, 0.0]","[195.94923400878906, 4.5, 0.0]",3.729629194629837,3.6911568641662598,-0.3636198172075833,20.475292255260385,-0.0654402472087301,-0.0,0.0,-0.0,0.0
33.438188,"[175.8550567626953, 8.036982536315918, 0.0]","[196.0240020751953, 4.5, 0.0]",3.7223566297548754,3.7121336460113525,-0.3636282437480931,20.472087778193963,-0.03847233046357745,-0.0,0.0,-0.0,0.0
33.456971,"[175.92877197265625, 8.025571823120117, 0.0]","[196.0987091064453, 4.5, 0.0]",3.7150838182960406,3.7330920696258545,-0.3636405729417369,20.471351645284965,-0.010222983743522818,-0.0,0.0,-0.0,0.0
33.476248,"[176.00233459472656, 8.014169692993164, 0.0]","[196.17344665527344, 4.5, 0.0]",3.7078111710214574,3.754056215286255,-0.3636323637291605,20.47070147303296,0.018008251329813874,-0.0,0.0,-0.0,0.0
33.499589,"[176.0757598876953, 8.002777099609375, 0.0]","[196.25088500976562, 4.5, 0.0]",3.7005381351334488,3.7757811546325684,-0.3636517944004325,20.47022778547122,0.046245044264797475,-0.0,0.0,-0.0,0.0
33.517821,"[176.14903259277344, 7.991393089294434, 0.0]","[196.32591247558594, 4.5, 0.0]",3.693265160014886,3.79724383354187,-0.3636487559281365,20.472555728864926,0.0752430194991196,-0.0,0.0,-0.0,0.0
33.537626,"[176.22216796875, 7.980018138885498, 0.0]","[196.40255737304688, 4.5, 0.0]",3.664969998928823,3.8197271823883057,-1.4147580543031557,20.472647207577293,0.10397867352698409,-0.0,0.0,-0.0,0.0
33.556177,"[176.29515075683594, 7.968652248382568, 0.0]","[196.47760009765625, 4.5, 0.0]",3.6392508250810183,3.8417398929595956,-1.2859586923902322,20.474469696338446,0.15475718345948275,-0.0,0.0,-0.0,0.0
33.577924,"[176.36785888671875, 7.9593424797058105, 0.0]","[196.55519104003906, 4.5, 0.0]",3.6292415781371528,3.8644967079162598,-0.5004623471932756,20.474855270639825,0.20248906787857734,-0.0,0.0,-0.0,0.0
33.598449,"[176.4402618408203, 7.9519171714782715, 0.0]","[196.6337432861328, 4.5, 0.0]",3.6210355815499184,3.887535810470581,-0.4102998293617155,20.47793785855751,0.235255129779107,-0.0,0.0,-0.0,0.0
33.615832,"[176.5123291015625, 7.94325065612793, 0.0]","[196.70986938476562, 4.5, 0.0]",3.6133821374025827,3.910228967666626,-0.3826722073667854,20.4821073629407,0.2665002289206626,-0.0,0.0,-0.0,0.0
33.637859,"[176.5841522216797, 7.933973789215088, 0.0]","[196.78890991210938, 4.5, 0.0]",3.605914429596537,3.934318780899048,-0.37338539030229434,20.484198545146302,0.29684683026404324,-0.0,0.0,-0.0,0.0
33.656934,"[176.65577697753906, 7.924386024475098, 0.0]","[196.8679656982422, 4.5, 0.0]",3.5985209484654366,3.9584124088287354,-0.36967405655501384,20.489486074661084,0.328404351302511,-0.0,0.0,-0.0,0.0
33.677099,"[176.72723388671875, 7.914616584777832, 0.0]","[196.94761657714844, 4.5, 0.0]",3.5911646934204517,3.9826879501342773,-0.36781275224924137,20.495078097301697,0.3598914603632988,-0.0,0.0,-0.0,0.0
33.697463,"[176.79852294921875, 7.904720306396484, 0.0]","[197.0271453857422, 4.5, 0.0]",3.583832612183679,4.006923675537109,-0.3666040618386379,20.501509953431714,0.3915232567138256,-0.0,0.0,-0.0,0.0
33.719557,"[176.86964416503906, 7.894721508026123, 0.0]","[197.1074676513672, 4.5, 0.0]",3.5765184845856552,4.031144142150879,-0.36570637990118726,20.50805530127305,0.4230910633534304,-0.0,0.0,-0.0,0.0
33.737531,"[176.94061279296875, 7.884631633758545, 0.0]","[197.18853759765625, 4.5, 0.0]",3.5692172869228074,4.058546543121338,-0.36505988314239346,20.51560291161827,0.45462565756522366,-0.0,0.0,-0.0,0.0
33.758476,"[177.01141357421875, 7.874459743499756, 0.0]","[197.27053833007812, 4.5, 0.0]",3.561927393001358,4.076225757598877,-0.3644946960724704,20.524077032472373,0.4893292561985305,-0.0,0.0,-0.0,0.0
33.777999,"[177.08206176757812, 7.8642144203186035, 0.0]","[197.352294921875, 4.5, 0.0]",3.5546457409510452,4.107165813446045,-0.3640826025156363,20.53366190409951,0.514298364597519,-0.0,0.0,-0.0,0.0
33.798808,"[177.15255737304688, 7.853908061981201, 0.0]","[197.4340057373047, 4.5, 0.0]",3.5473687932774625,4.124757289886475,-0.36384738367913894,20.543171179917984,0.5525200724949997,-0.0,0.0,-0.0,0.0
33.816627,"[177.222900390625, 7.843562602996826, 0.0]","[197.51858520507812, 4.5, 0.0]",3.540094004597898,4.156379699707031,-0.3637394339782274,20.55279455592206,0.5773884966090121,-0.0,0.0,-0.0,0.0
33.83688,"[177.2930908203125, 7.833198547363281, 0.0]","[197.60064697265625, 4.5, 0.0]",3.5328203188807348,4.173721790313721,-0.3636842858581568,20.565414224777502,0.6162856951091333,-0.0,0.0,-0.0,0.0
33.859249,"[177.36312866210938, 7.822831630706787, 0.0]","[197.68533325195312, 4.5, 0.0]",3.5255472069671936,4.205163478851318,-0.3636555956770593,20.575697830220157,0.6409014714329859,-0.0,0.0,-0.0,0.0
33.875806,"[177.4330291748047, 7.812473297119141, 0.0]","[197.76910400390625, 4.5, 0.0]",3.518274085407547,4.223002910614014,-0.3636560779823217,20.588733410419113,0.6796162718841248,-0.0,0.0,-0.0,0.0
33.89691,"[177.50277709960938, 7.8021321296691895, 0.0]","[197.8538818359375, 4.5, 0.0]",3.511001275366214,4.254471778869629,-0.3636405020666533,20.60100159559051,0.7047288252064665,-0.0,0.0,-0.0,0.0
33.918638,"[177.5723876953125, 7.79181432723999, 0.0]","[197.93887329101562, 4.5, 0.0]",3.503728508596417,4.2726945877075195,-0.3636383384898467,20.614419716600082,0.7434705035034148,-0.0,0.0,-0.0,0.0
33.937344,"[177.641845703125, 7.781523704528809, 0.0]","[198.02505493164062, 4.5, 0.0]",3.496455330714607,4.304628849029541,-0.3636588940905128,20.62818685294232,0.7689660791111024,-0.0,0.0,-0.0,0.0
33.959422,"[177.71116638183594, 7.771262168884277, 0.0]","[198.11170959472656, 4.5, 0.0]",3.489182681154146,4.323370456695557,-0.363632478023046,20.643284203675186,0.8081735183149341,-0.0,0.0,-0.0,0.0
33.978705,"[177.7803497314453, 7.761030197143555, 0.0]","[198.1983184814453, 4.5, 0.0]",3.481910164574413,4.355434417724609,-0.36362582898665785,20.658986790711914,0.8341877755414107,-0.0,0.0,-0.0,0.0
33.998034,"[177.84938049316406, 7.750827312469482, 0.0]","[198.28500366210938, 4.5, 0.0]",3.4746376980429434,4.374185562133789,-0.3636233265734701,20.674780983640716,0.8735242531501966,-0.0,0.0,-0.0,0.0
34.016086,"[177.91827392578125, 7.740652084350586, 0.0]","[198.37242126464844, 4.5, 0.0]",3.46736474825909,4.406685829162598,-0.36364748919266443,20.690802641317404,0.8995478640908456,-0.0,0.0,-0.0,0.0
34.037853,"[177.9870147705078, 7.730502605438232, 0.0]","[198.4626922607422, 4.5, 0.0]",3.460092283269103,4.427001476287842,-0.3636232494993674,20.70768618431187,0.9393210809035075,-0.0,0.0,-0.0,0.0
34.060362,"[178.0556182861328, 7.720376968383789, 0.0]","[198.5530548095703, 4.5, 0.0]",3.4528199020546704,4.460683822631836,-0.36361906072162054,20.727545187204964,0.966909193018739,-0.0,0.0,-0.0,0.0
34.07743,"[178.12408447265625, 7.7102742195129395, 0.0]","[198.64048767089844, 4.5, 0.0]",3.4455471755389024,4.480155944824219,-0.3636363257883968,20.747631559853865,1.0078639205771656,-0.0,0.0,-0.0,0.0
34.096888,"[178.19239807128906, 7.700193405151367, 0.0]","[198.7299346923828, 4.5, 0.0]",3.4382746754352294,4.5135579109191895,-0.36362500518365426,20.764955763575024,1.0346087692853163,-0.0,0.0,-0.0,0.0
34.116351,"[178.2605743408203, 7.690133094787598, 0.0]","[198.82025146484375, 4.5, 0.0]",3.4310021592652045,4.534242630004883,-0.3636258085012445,20.784425053077562,1.07528323548396,-0.0,0.0,-0.0,0.0
34.134996,"[178.32859802246094, 7.680091857910156, 0.0]","[198.91148376464844, 4.5, 0.0]",3.4237296463792877,4.569050312042236,-0.36362564429583966,20.804891818356783,1.1032404707396783,-0.0,0.0,-0.0,0.0
34.156851,"[178.396484375, 7.670069694519043, 0.0]","[199.00587463378906, 4.5, 0.0]",3.416456873415686,4.591496467590332,-0.36363864818007574,20.8264162367786,1.1453206656629487,-0.0,0.0,-0.0,0.0
34.178408,"[178.46421813964844, 7.6600661277771, 0.0]","[199.09786987304688, 4.5, 0.0]",3.4091837045612854,4.626542091369629,-0.36365844272003844,20.851202644190888,1.1750395941746459,-0.0,0.0,-0.0,0.0
34.195806,"[178.5318145751953, 7.650081157684326, 0.0]","[199.18838500976562, 4.5, 0.0]",3.4019113216274657,4.647792816162109,-0.3636191466909855,20.873770306838367,1.2173583868083435,-0.0,0.0,-0.0,0.0
34.216122,"[178.59925842285156, 7.640113830566406, 0.0]","[199.28350830078125, 4.5, 0.0]",3.394638521508751,4.684239864349365,-0.3636400059357392,20.895010116902537,1.2458814945346437,-0.0,0.0,-0.0,0.0
34.237272,"[178.66656494140625, 7.630164623260498, 0.0]","[199.3760528564453, 4.5, 0.0]",3.3873655901114104,4.710461616516113,-0.3636465698670266,20.920961025075844,1.2896013428406143,-0.0,0.0,-0.0,0.0
34.257114,"[178.73373413085938, 7.620233058929443, 0.0]","[199.4729766845703, 4.5, 0.0]",3.3800923676020806,4.7414164543151855,-0.36366112546648566,20.94449695060131,1.323096026404703,-0.0,0.0,-0.0,0.0
34.27636,"[178.80075073242188, 7.610318660736084, 0.0]","[199.5684814453125, 4.5, 0.0]",3.372820026104578,4.771916389465332,-0.3636170748751333,20.972502362560352,1.361324086713105,-0.0,0.0,-0.0,0.0
34.297282,"[178.8676300048828, 7.60042142868042, 0.0]","[199.66317749023438, 4.5, 0.0]",3.365547461846191,4.802158832550049,-0.36362821291935354,20.99925516546505,1.399096363360754,-0.0,0.0,-0.0,0.0
34.316555,"[178.93435668945312, 7.590541362762451, 0.0]","[199.75990295410156, 4.5, 0.0]",3.358274946582132,4.833444118499756,-0.36362576320294604,21.025344222633127,1.436611370703858,-0.0,0.0,-0.0,0.0
34.339905,"[179.00094604492188, 7.580678462982178, 0.0]","[199.8574981689453, 4.5, 0.0]",3.3510022975181104,4.865530490875244,-0.3636324532010793,21.05359270408879,1.4751691719176239,-0.0,0.0,-0.0,0.0
34.356265,"[179.0673828125, 7.570832252502441, 0.0]","[199.95266723632812, 4.5, 0.0]",3.3437294376581437,4.896821975708008,-0.36364299299833647,21.082838097114628,1.5145281933571337,-0.0,0.0,-0.0,0.0
34.378462,"[179.13368225097656, 7.5610032081604, 0.0]","[200.05335998535156, 4.5, 0.0]",3.336456781161303,4.929928779602051,-0.36363282484204174,21.109834528189126,1.5530925380498641,-0.0,0.0,-0.0,0.0
34.397258,"[179.1998291015625, 7.5511908531188965, 0.0]","[200.15162658691406, 4.5, 0.0]",3.329184118666497,4.962235450744629,-0.3636331247402813,21.14243232464323,1.593471998440748,-0.0,0.0,-0.0,0.0
34.419089,"[179.26583862304688, 7.54139518737793, 0.0]","[200.2512969970703, 4.5, 0.0]",3.3219110649028134,4.995230197906494,-0.3636526881841906,21.172781160608878,1.6330513320781317,-0.0,0.0,-0.0,0.0
34.438426,"[179.33169555664062, 7.531616687774658, 0.0]","[200.35025024414062, 4.5, 0.0]",3.314638029733191,5.028286457061768,-0.3636517584811205,21.204655154743822,1.6733191330036807,-0.0,0.0,-0.0,0.0
34.458704,"[179.3974151611328, 7.521854877471924, 0.0]","[200.45347595214844, 4.5, 0.0]",3.307365025750003,5.062765121459961,-0.36365019915940433,21.23597109608433,1.7136484273285766,-0.0,0.0,-0.0,0.0
34.476048,"[179.46298217773438, 7.512109756469727, 0.0]","[200.5533905029297, 4.5, 0.0]",3.3000925547608673,5.09614133834839,-0.3636235494567819,21.271650255394295,1.755400095709958,-0.0,0.0,-0.0,0.0
34.496962,"[179.52841186523438, 7.502381801605225, 0.0]","[200.65663146972656, 4.5, 0.0]",3.29281976948642,5.130626678466797,-0.36363926372235955,21.304204897552296,1.7960487835875223,-0.0,0.0,-0.0,0.0
34.516191,"[179.59368896484375, 7.492671012878418, 0.0]","[200.7596435546875, 4.5, 0.0]",3.2855467266366922,5.164997577667237,-0.36365214248639255,21.340186763426402,1.8378069089803768,-0.0,0.0,-0.0,0.0
34.537601,"[179.65882873535156, 7.482977390289307, 0.0]","[200.86387634277344, 4.5, 0.0]",3.278274133395565,5.199714660644531,-0.36362966205636393,21.376093620003495,1.879450851030545,-0.0,0.0,-0.0,0.0
34.557395,"[179.72381591796875, 7.473300457000732, 0.0]","[200.96865844726562, 4.5, 0.0]",3.2710019938688015,5.234618663787842,-0.3636069763381711,21.413344427266015,1.9214405272489663,-0.0,0.0,-0.0,0.0
34.575909,"[179.78866577148438, 7.4636406898498535, 0.0]","[201.07199096679688, 4.5, 0.0]",3.2637295959446595,5.26904296875,-0.36361989620710133,21.451289907584037,1.9636166699190403,-0.0,0.0,-0.0,0.0
34.597764,"[179.85337829589844, 7.45399808883667, 0.0]","[201.17654418945312, 4.5, 0.0]",3.2564569657372435,5.303868293762208,-0.36363151037079877,21.487937737712294,2.0053133728053405,-0.0,0.0,-0.0,0.0
34.616422,"[179.91793823242188, 7.44437313079834, 0.0]","[201.28550720214844, 4.5, 0.0]",3.249184347621461,5.339797019958496,-0.36363090578912516,21.5259295199976,2.0474113280249644,-0.0,0.0,-0.0,0.0
34.635983,"[179.98236083984375, 7.434765338897705, 0.0]","[201.3931427001953, 4.5, 0.0]",3.2419113581372883,5.374791622161865,-0.36364947420863825,21.568435200058897,2.090612672337035,-0.0,0.0,-0.0,0.0
34.657523,"[180.046630859375, 7.425174713134766, 0.0]","[201.5016632080078, 4.5, 0.0]",3.2346378517168715,5.413409233093262,-0.3636753210208399,21.609763836880653,2.132880264024577,-0.0,0.0,-0.0,0.0
34.678945,"[180.1107635498047, 7.415600299835205, 0.0]","[201.61021423339844, 4.5, 0.0]",3.2273649536375153,5.442030429840088,-0.363644903967808,21.652119317530456,2.1787713813763903,-0.0,0.0,-0.0,0.0
34.697403,"[180.17474365234375, 7.406040668487549, 0.0]","[201.71632385253906, 4.5, 0.0]",3.2200916853019925,5.483193874359131,-0.3636634167761388,21.694640895545756,2.2146654762025726,-0.0,0.0,-0.0,0.0
34.71891,"[180.23858642578125, 7.396494388580322, 0.0]","[201.82655334472656, 4.5, 0.0]",3.2128179023701438,5.511693954467773,-0.36368914659243856,21.734898012684376,2.2631021890571383,-0.0,0.0,-0.0,0.0
34.73564,"[180.30227661132812, 7.386960506439209, 0.0]","[201.93942260742188, 4.5, 0.0]",3.2055449797337205,5.553378582000732,-0.36364613182116035,21.77936540487463,2.2988760520976297,-0.0,0.0,-0.0,0.0
34.756948,"[180.36582946777344, 7.377438068389893, 0.0]","[202.0495147705078, 4.5, 0.0]",3.198271553061165,5.580872058868408,-0.3636713336277797,21.82659357638632,2.347833602267012,-0.0,0.0,-0.0,0.0
34.775469,"[180.42922973632812, 7.367926597595215, 0.0]","[202.16091918945312, 4.5, 0.0]",3.1909981551574056,5.622104644775391,-0.363669895187968,21.87120865995317,2.3826005058072433,-0.0,0.0,-0.0,0.0
34.803416,"[180.49249267578125, 7.358426094055176, 0.0]","[202.275146484375, 4.5, 0.0]",3.1837249438365234,5.650877952575684,-0.36366056604411057,21.917270471341627,2.431106489617985,-0.0,0.0,-0.0,0.0
34.81546,"[180.55560302734375, 7.348937034606934, 0.0]","[202.38526916503906, 4.5, 0.0]",3.176451853069587,5.690800666809082,-0.3636545383468137,21.966257756868075,2.46715300873916,-0.0,0.0,-0.0,0.0
34.836225,"[180.61856079101562, 7.3394598960876465, 0.0]","[202.50355529785156, 4.5, 0.0]",3.169178493630744,5.718433380126953,-0.36366797194216094,22.01133336862142,2.514348813739495,-0.0,0.0,-0.0,0.0
34.862927,"[180.68138122558594, 7.329995632171631, 0.0]","[202.6190185546875, 4.5, 0.0]",3.161905299308565,5.758583068847656,-0.3636597161089439,22.064632234948824,2.5492548864962092,-0.0,0.0,-0.0,0.0
34.875446,"[180.74404907226562, 7.320544719696045, 0.0]","[202.73098754882812, 4.5, 0.0]",3.1546326053253524,5.784386157989503,-0.36363469916063096,22.11527236671742,2.5966777695390912,-0.0,0.0,-0.0,0.0
34.896816,"[180.80657958984375, 7.311107158660889, 0.0]","[202.8473358154297, 4.5, 0.0]",3.14735953125077,5.824791431427002,-0.36365370372912764,22.162605006708322,2.6297535526641505,-0.0,0.0,-0.0,0.0
34.916312,"[180.86895751953125, 7.30168342590332, 0.0]","[202.96417236328125, 4.5, 0.0]",3.140086484281815,5.850891590118408,-0.3636523484477516,22.214402911606623,2.677431900176232,-0.0,0.0,-0.0,0.0
34.936755,"[180.9311981201172, 7.292274475097656, 0.0]","[203.08241271972656, 4.5, 0.0]",3.1328136292471798,5.889088153839111,-0.363642751731752,22.26683254368983,2.7108051058365934,-0.0,0.0,-0.0,0.0
34.956746,"[180.9932861328125, 7.2828803062438965, 0.0]","[203.2000274658203, 4.5, 0.0]",3.1255409946314066,5.913783550262451,-0.3636317307886605,22.320784960187645,2.7562745245919316,-0.0,0.0,-0.0,0.0
34.978767,"[181.05523681640625, 7.273501396179199, 0.0]","[203.32110595703125, 4.5, 0.0]",3.118267973707845,5.9527363777160645,-0.36365104617808175,22.374267702718758,2.7882425556310446,-0.0,0.0,-0.0,0.0
34.996104,"[181.11703491210938, 7.2641377449035645, 0.0]","[203.4400177001953, 4.5, 0.0]",3.110994903663082,5.977776527404785,-0.3636535022381482,22.431310378387312,2.8344684040082195,-0.0,0.0,-0.0,0.0
35.017648,"[181.17869567871094, 7.25478982925415, 0.0]","[203.56005859375, 4.5, 0.0]",3.1037219930239375,6.015498638153076,-0.36364553195722404,22.486359307190398,2.866781623741703,-0.0,0.0,-0.0,0.0
35.037403,"[181.24021911621094, 7.245457649230957, 0.0]","[203.68106079101562, 4.5, 0.0]",3.096448938191668,6.038841724395752,-0.36365274161347383,22.54265934730759,2.9117766451291387,-0.0,0.0,-0.0,0.0
35.057838,"[181.3015899658203, 7.236141681671143, 0.0]","[203.80043029785156, 4.5, 0.0]",3.089176060701728,6.075111389160156,-0.3636438744970105,22.60004443990024,2.942392786204084,-0.0,0.0,-0.0,0.0
35.077375,"[181.36282348632812, 7.226842880249023, 0.0]","[203.92242431640625, 4.5, 0.0]",3.081903902792456,6.0987019538879395,-0.3636078954635913,22.65596463168578,2.9859353284584285,-0.0,0.0,-0.0,0.0
35.103058,"[181.4239044189453, 7.217561721801758, 0.0]","[204.046142578125, 4.5, 0.0]",3.074631114897497,6.136054515838623,-0.36363939474794993,22.71461569939252,3.0167980510954835,-0.0,0.0,-0.0,0.0
35.115879,"[181.48484802246094, 7.208298206329346, 0.0]","[204.16799926757812, 4.5, 0.0]",3.0673588755364802,6.158816814422607,-0.3636119680508365,22.775122169785096,3.061423400941126,-0.0,0.0,-0.0,0.0
35.138197,"[181.54563903808594, 7.199052333831787, 0.0]","[204.29017639160156, 4.5, 0.0]",3.06008658741313,6.193896770477295,-0.3636144061675006,22.833923338678428,3.091457938886127,-0.0,0.0,-0.0,0.0
35.159166,"[181.60629272460938, 7.189824104309082, 0.0]","[204.41476440429688, 4.5, 0.0]",3.0528140060290387,6.219540119171143,-0.36362906920457405,22.893191910843278,3.1338101830641647,-0.0,0.0,-0.0,0.0
35.177435,"[181.6667938232422, 7.1806135177612305, 0.0]","[204.54176330566406, 4.5, 0.0]",3.045541447748455,6.249076366424561,-0.3636279140291965,22.95498029055069,3.166726113142104,-0.0,0.0,-0.0,0.0
35.197098,"[181.72715759277344, 7.171420574188232, 0.0]","[204.66464233398438, 4.5, 0.0]",3.038268602970818,6.277656078338624,-0.3636422388818339,23.019303539703483,3.2035349186761066,-0.0,0.0,-0.0,0.0
35.217267,"[181.78736877441406, 7.16224479675293, 0.0]","[204.79286193847656, 4.5, 0.0]",3.030995951504704,6.306859493255615,-0.36363257330571663,23.07968821611629,3.239387475367806,-0.0,0.0,-0.0,0.0
35.240536,"[181.84744262695312, 7.153086185455322, 0.0]","[204.9182891845703, 4.5, 0.0]",3.0237230837988607,6.3345842361450195,-0.3636433852921561,23.1455044461103,3.2758635417509114,-0.0,0.0,-0.0,0.0
35.260457,"[181.90736389160156, 7.14394474029541, 0.0]","[205.0465087890625, 4.5, 0.0]",3.01645014611186,6.362926483154297,-0.363646884350044,23.20869492440448,3.310861152346159,-0.0,0.0,-0.0,0.0
35.276755,"[181.96714782714844, 7.134820461273193, 0.0]","[205.17181396484375, 4.5, 0.0]",3.0091772370559355,6.390622138977051,-0.36364545279621296,23.27479706240802,3.346476337042437,-0.0,0.0,-0.0,0.0
35.296467,"[182.0267791748047, 7.12571382522583, 0.0]","[205.29965209960938, 4.5, 0.0]",3.001904394579434,6.418880939483643,-0.3636421238250698,23.338152348893853,3.3814449019211152,-0.0,0.0,-0.0,0.0
35.316466,"[182.08627319335938, 7.1166253089904785, 0.0]","[205.42962646484375, 4.5, 0.0]",2.994632091592497,6.447206497192383,-0.3636151493468631,23.404162977132952,3.4169765449042084,-0.0,0.0,-0.0,0.0
35.337984,"[182.14561462402344, 7.107554912567139, 0.0]","[205.55810546875, 4.5, 0.0]",2.9873596395483584,6.474635601043701,-0.36362260220692555,23.472421953215356,3.452574405599886,-0.0,0.0,-0.0,0.0
35.357973,"[182.20481872558594, 7.098503589630127, 0.0]","[205.68812561035156, 4.5, 0.0]",2.98008718002095,6.502395629882813,-0.36362297637042573,23.539353246280548,3.487275961495343,-0.0,0.0,-0.0,0.0
35.377234,"[182.26388549804688, 7.089471340179443, 0.0]","[205.81878662109375, 4.5, 0.0]",2.9728145932544523,6.530290126800537,-0.36362933832487787,23.607945185164745,3.5223084498618635,-0.0,0.0,-0.0,0.0
35.396962,"[182.3227996826172, 7.080458164215088, 0.0]","[205.94879150390625, 4.5, 0.0]",2.965541835320446,6.558046817779541,-0.36363789670030844,23.677307543412084,3.557475533546085,-0.0,0.0,-0.0,0.0
35.418934,"[182.38157653808594, 7.071464538574219, 0.0]","[206.08123779296875, 4.5, 0.0]",2.9582694377992307,6.586090087890625,-0.3636198760607723,23.74617255795794,3.592504982459095,-0.0,0.0,-0.0,0.0
35.437105,"[182.44020080566406, 7.062489986419678, 0.0]","[206.21505737304688, 4.5, 0.0]",2.950996476495416,6.6140851974487305,-0.3636480651907359,23.817589154426894,3.6278206500913943,-0.0,0.0,-0.0,0.0
35.457236,"[182.49868774414062, 7.053534984588623, 0.0]","[206.345947265625, 4.5, 0.0]",2.94372378449341,6.6414666175842285,-0.36363460010029325,23.89051565185644,3.6630887209533145,-0.0,0.0,-0.0,0.0
35.476693,"[182.55702209472656, 7.044600009918213, 0.0]","[206.47915649414062, 4.5, 0.0]",2.9364508164838816,6.669335842132568,-0.363648400476424,23.960682114664273,3.6977428330908184,-0.0,0.0,-0.0,0.0
35.495958,"[182.61521911621094, 7.035685062408447, 0.0]","[206.61256408691406, 4.5, 0.0]",2.929178028638908,6.69724464416504,-0.36363939224868247,24.033295589179136,3.7328850256486867,-0.0,0.0,-0.0,0.0
35.517009,"[182.6732635498047, 7.026790618896484, 0.0]","[206.74891662597656, 4.5, 0.0]",2.9219053982363983,6.7256269454956055,-0.3636315201254847,24.10624236865329,3.768066615526132,-0.0,0.0,-0.0,0.0
35.538159,"[182.73117065429688, 7.017916202545166, 0.0]","[206.8806610107422, 4.5, 0.0]",2.914632436228887,6.752859592437744,-0.3636481003755687,24.182253929079994,3.803721547259207,-0.0,0.0,-0.0,0.0
35.556533,"[182.7889404296875, 7.00906229019165, 0.0]","[207.01931762695312, 4.5, 0.0]",2.907359894977596,6.781520843505859,-0.36362706256454214,24.25384776139177,3.8382271562088572,-0.0,0.0,-0.0,0.0
35.576763,"[182.8465576171875, 7.000229358673096, 0.0]","[207.1534881591797, 4.5, 0.0]",2.900087326069444,6.812589168548584,-0.3636284454076044,24.332413679654973,3.8741609485282633,-0.0,0.0,-0.0,0.0
35.596568,"[182.90403747558594, 6.991416931152344, 0.0]","[207.28915405273438, 4.5, 0.0]",2.892814784807729,6.8339667320251465,-0.36362706308574744,24.406697782842684,3.91250184247914,-0.0,0.0,-0.0,0.0
35.617195,"[182.96136474609375, 6.9826250076293945, 0.0]","[207.42857360839844, 4.5, 0.0]",2.885542135442552,6.869316577911377,-0.36363246825885653,24.482598521439215,3.9411519472174175,-0.0,0.0,-0.0,0.0
35.63573,"[183.0185546875, 6.973853588104248, 0.0]","[207.56417846679688, 4.5, 0.0]",2.878269441418537,6.89036226272583,-0.3636347012007546,24.562364175640962,3.983774442468825,-0.0,0.0,-0.0,0.0
35.66115,"[183.07559204101562, 6.965102672576904, 0.0]","[207.70565795898438, 4.5, 0.0]",2.870996924132635,6.9259419441223145,-0.3636258642950807,24.6384964287648,4.012092821307293,-0.0,0.0,-0.0,0.0
35.677924,"[183.1324920654297, 6.9563727378845215, 0.0]","[207.84339904785156, 4.5, 0.0]",2.863724205623746,6.947426795959473,-0.363635925444461,24.720590269665458,4.054945019989679,-0.0,0.0,-0.0,0.0
35.697308,"[183.1892547607422, 6.947663307189941, 0.0]","[207.9829559326172, 4.5, 0.0]",2.8564515910291304,6.982614517211914,-0.3636307297307795,24.799126780433806,4.083702590335727,-0.0,0.0,-0.0,0.0
35.715554,"[183.24586486816406, 6.938974857330322, 0.0]","[208.1199188232422, 4.5, 0.0]",2.8491785500309863,7.003742218017578,-0.3636520499072038,24.879596800319415,4.126162926182784,-0.0,0.0,-0.0,0.0
35.735187,"[183.30233764648438, 6.930307388305664, 0.0]","[208.260498046875, 4.5, 0.0]",2.84190568317353,7.038654327392578,-0.3636433428728214,24.95765569538713,4.154563667986592,-0.0,0.0,-0.0,0.0
35.757435,"[183.35865783691406, 6.921660900115967, 0.0]","[208.40219116210938, 4.5, 0.0]",2.834633032395555,7.0604567527771,-0.36363253889875047,25.039429406144837,4.196748644219048,-0.0,0.0,-0.0,0.0
35.779522,"[183.4148406982422, 6.913035869598389, 0.0]","[208.5447235107422, 4.5, 0.0]",2.8273600781290997,7.095761775970459,-0.3636477133227567,25.122457389777402,4.225823720381545,-0.0,0.0,-0.0,0.0
35.796905,"[183.4708709716797, 6.9044318199157715, 0.0]","[208.6853485107422, 4.5, 0.0]",2.8200873990003337,7.117350101470947,-0.3636339564383029,25.20645427321791,4.268401697841359,-0.0,0.0,-0.0,0.0
35.816351,"[183.52676391601562, 6.895849704742432, 0.0]","[208.82827758789062, 4.5, 0.0]",2.812814606324325,7.152439117431641,-0.36363963380043884,25.28871961603695,4.297262702470613,-0.0,0.0,-0.0,0.0
35.837836,"[183.58251953125, 6.887289524078369, 0.0]","[208.97230529785156, 4.5, 0.0]",2.8055419810094433,7.173981189727784,-0.3636312657440799,25.373402815908165,4.339624511107315,-0.0,0.0,-0.0,0.0
35.860275,"[183.63812255859375, 6.878751277923584, 0.0]","[209.11663818359375, 4.5, 0.0]",2.79826900201821,7.208913803100586,-0.36364894956166793,25.459311740824994,4.368439208718341,-0.0,0.0,-0.0,0.0
35.879526,"[183.69358825683594, 6.870234966278076, 0.0]","[209.26126098632812, 4.5, 0.0]",2.790996102630949,7.23057222366333,-0.3636449693630528,25.54567700516423,4.410644801082376,-0.0,0.0,-0.0,0.0
35.897055,"[183.7489013671875, 6.861741065979004, 0.0]","[209.40533447265625, 4.5, 0.0]",2.7837232872416084,7.265455722808838,-0.36364076946702184,25.632468140587537,4.439576121032381,-0.0,0.0,-0.0,0.0
35.918409,"[183.8040771484375, 6.853270053863525, 0.0]","[209.55018615722656, 4.5, 0.0]",2.776451145017026,7.286773681640626,-0.36360711122911393,25.718873033483796,4.4817324355672294,-0.0,0.0,-0.0,0.0
35.936082,"[183.85910034179688, 6.844822406768799, 0.0]","[209.69712829589844, 4.5, 0.0]",2.7691788251628764,7.3212571144104,-0.3636159927074889,25.806186869401614,4.510322536623599,-0.0,0.0,-0.0,0.0
35.956743,"[183.9139862060547, 6.836397647857666, 0.0]","[209.84361267089844, 4.5, 0.0]",2.761906826602911,7.342320919036865,-0.36359992799825935,25.89572397825298,4.552078289247524,-0.0,0.0,-0.0,0.0
35.97674,"[183.96873474121094, 6.827996253967285, 0.0]","[209.9910125732422, 4.5, 0.0]",2.7546342614650436,7.376891136169434,-0.36362825689337797,25.98494953010075,4.580414092433954,-0.0,0.0,-0.0,0.0
36.00101,"[184.02333068847656, 6.819618225097656, 0.0]","[210.1382598876953, 4.5, 0.0]",2.747361188142562,7.398098468780518,-0.36365366612407524,26.07522299690316,4.62225687470439,-0.0,0.0,-0.0,0.0
36.018878,"[184.07778930664062, 6.811263561248779, 0.0]","[210.2888641357422, 4.5, 0.0]",2.7400888730462536,7.432807922363281,-0.3636157548154273,26.16550161567263,4.650737280637955,-0.0,0.0,-0.0,0.0
36.039756,"[184.13209533691406, 6.802933216094971, 0.0]","[210.4364471435547, 4.5, 0.0]",2.7328163872097475,7.452970504760743,-0.3636242918253041,26.259239834756553,4.692719049317027,-0.0,0.0,-0.0,0.0
36.058968,"[184.18626403808594, 6.794627666473389, 0.0]","[210.58534240722656, 4.5, 0.0]",2.725543796760107,7.486705780029297,-0.36362952248203406,26.35014903197001,4.720154117550996,-0.0,0.0,-0.0,0.0
36.079736,"[184.24029541015625, 6.78634786605835, 0.0]","[210.7361602783203, 4.5, 0.0]",2.718271213943973,7.510789394378662,-0.3636291408066983,26.44250012172479,4.76116198326919,-0.0,0.0,-0.0,0.0
36.101843,"[184.29417419433594, 6.778094291687012, 0.0]","[210.8891143798828, 4.5, 0.0]",2.7109984835113994,7.535260200500488,-0.3636365216286741,26.536895887474227,4.792518180434689,-0.0,0.0,-0.0,0.0
36.119542,"[184.34791564941406, 6.7698655128479, 0.0]","[211.03868103027344, 4.5, 0.0]",2.70372595801646,7.568609714508057,-0.3636262747469754,26.633563793852105,4.8242617169890885,-0.0,0.0,-0.0,0.0
36.138303,"[184.40150451660156, 6.761660575866699, 0.0]","[211.19190979003906, 4.5, 0.0]",2.6964538817739596,7.588566303253174,-0.3636038121250129,26.727026734321477,4.864883756491597,-0.0,0.0,-0.0,0.0
36.16105,"[184.4549560546875, 6.75347900390625, 0.0]","[211.34176635742188, 4.5, 0.0]",2.6891812594458493,7.621267795562744,-0.36363111640551615,26.82426756590303,4.892112421479214,-0.0,0.0,-0.0,0.0
36.179136,"[184.50827026367188, 6.745320796966553, 0.0]","[211.49559020996094, 4.5, 0.0]",2.681908501202679,7.6413283348083505,-0.3636379121585209,26.91831692357105,4.932086536116895,-0.0,0.0,-0.0,0.0
36.197665,"[184.56143188476562, 6.737185001373291, 0.0]","[211.6464080810547, 4.5, 0.0]",2.674635699438358,7.674198627471924,-0.3636400882160329,27.016429456883014,4.959419833605672,-0.0,0.0,-0.0,0.0
36.220855,"[184.6144561767578, 6.729071617126465, 0.0]","[211.79959106445312, 4.5, 0.0]",2.6673634901873933,7.694227695465088,-0.36361046254824725,27.111725907519382,4.999562928033566,-0.0,0.0,-0.0,0.0
36.237708,"[184.66732788085938, 6.720980644226074, 0.0]","[211.9541778564453, 4.5, 0.0]",2.660090714321901,7.727956295013428,-0.3636387932746121,27.209500785097298,5.026864205277695,-0.0,0.0,-0.0,0.0
36.260618,"[184.72006225585938, 6.712912082672119, 0.0]","[212.1136474609375, 4.5, 0.0]",2.652818551487546,7.749208450317383,-0.3636081417177417,27.308818469762414,5.067865580691526,-0.0,0.0,-0.0,0.0
36.277815,"[184.7726593017578, 6.704865455627441, 0.0]","[212.26512145996094, 4.5, 0.0]",2.64554591474572,7.78239107131958,-0.3636318370913161,27.41310210313108,5.096389898829837,-0.0,0.0,-0.0,0.0
36.3006,"[184.82510375976562, 6.696840763092041, 0.0]","[212.42250061035156, 4.5, 0.0]",2.6382730951569204,7.803277492523194,-0.363640979439972,27.509621664441973,5.136845156573861,-0.0,0.0,-0.0,0.0
36.318696,"[184.87741088867188, 6.688838005065918, 0.0]","[212.57603454589844, 4.5, 0.0]",2.631000909219772,7.836767673492432,-0.3636092968574145,27.612133317452574,5.165004397366274,-0.0,0.0,-0.0,0.0
36.339091,"[184.9295654296875, 6.680857181549072, 0.0]","[212.7342987060547, 4.5, 0.0]",2.623728292528576,7.857673168182373,-0.3636308345598138,27.710984113641025,5.20576676427266,-0.0,0.0,-0.0,0.0
36.359261,"[184.98158264160156, 6.672897815704346, 0.0]","[212.89486694335938, 4.5, 0.0]",2.616455657833058,7.89231014251709,-0.3636317347758933,27.814664291776456,5.233944875653798,-0.0,0.0,-0.0,0.0
36.377638,"[185.033447265625, 6.6649603843688965, 0.0]","[213.0503692626953, 4.5, 0.0]",2.609182919478373,7.912733554840088,-0.36363691773424467,27.920761553701816,5.275854484684032,-0.0,0.0,-0.0,0.0
36.399116,"[185.08517456054688, 6.657044887542725, 0.0]","[213.2113494873047, 4.5, 0.0]",2.6019104000389603,7.947442531585693,-0.36362597197063806,28.022005053312057,5.303550635361715,-0.0,0.0,-0.0,0.0
36.418115,"[185.1367645263672, 6.64915132522583, 0.0]","[213.37059020996094, 4.5, 0.0]",2.5946376642187725,7.96826696395874,-0.36363679100939184,28.128803314596272,5.345532131546733,-0.0,0.0,-0.0,0.0
36.437511,"[185.18820190429688, 6.641279697418213, 0.0]","[213.52755737304688, 4.5, 0.0]",2.5873652013930926,8.001702308654785,-0.3636231412839974,28.23402087292313,5.373629299739967,-0.0,0.0,-0.0,0.0
36.458286,"[185.239501953125, 6.633430004119873, 0.0]","[213.68878173828125, 4.5, 0.0]",2.5800930656561007,8.022525787353516,-0.3636067868495907,28.337144601263237,5.414337107261693,-0.0,0.0,-0.0,0.0
36.477932,"[185.2906494140625, 6.6256022453308105, 0.0]","[213.8492431640625, 4.5, 0.0]",2.572820803688608,8.05655574798584,-0.36361309837462663,28.444616464289666,5.442432721697415,-0.0,0.0,-0.0,0.0
36.499444,"[185.34165954589844, 6.617796421051025, 0.0]","[214.01332092285156, 4.5, 0.0]",2.5655484425390576,8.08120059967041,-0.36361805747753273,28.551488317765397,5.483734944297232,-0.0,0.0,-0.0,0.0
36.519725,"[185.39251708984375, 6.610012531280518, 0.0]","[214.1751251220703, 4.5, 0.0]",2.5582760272899625,8.108359336853027,-0.3636207624547527,28.66207395438732,5.515652157131353,-0.0,0.0,-0.0,0.0
36.537541,"[185.4432373046875, 6.602250576019287, 0.0]","[214.33792114257812, 4.5, 0.0]",2.5510035669577587,8.135089874267578,-0.3636230166101928,28.770566345525005,5.550083309563065,-0.0,0.0,-0.0,0.0
36.558595,"[185.4938201904297, 6.594510555267334, 0.0]","[214.5007781982422, 4.5, 0.0]",2.5437310795756516,8.16182804107666,-0.3636243691053531,28.88017821091425,5.5840863073098195,-0.0,0.0,-0.0,0.0
36.582905,"[185.54425048828125, 6.586792469024658, 0.0]","[214.66152954101562, 4.5, 0.0]",2.536458569651955,8.188222885131836,-0.3636254961848273,28.989989475888926,5.618096961501008,-0.0,0.0,-0.0,0.0
36.596685,"[185.59454345703125, 6.57909631729126, 0.0]","[214.8245086669922, 4.5, 0.0]",2.529186037186692,8.214982986450195,-0.3636266232631469,29.097873410483093,5.6517643154798805,-0.0,0.0,-0.0,0.0
36.617287,"[185.64468383789062, 6.571422100067139, 0.0]","[214.9895782470703, 4.5, 0.0]",2.52191350472146,8.24155044555664,-0.36362662326161477,29.20809855781989,5.685796949263503,-0.0,0.0,-0.0,0.0
36.638096,"[185.69468688964844, 6.563770294189453, 0.0]","[215.15487670898438, 4.5, 0.0]",2.5146409677479515,8.267362594604492,-0.3636268486754135,29.32054425236935,5.719636940835181,-0.0,0.0,-0.0,0.0
36.658366,"[185.74453735351562, 6.556140422821045, 0.0]","[215.32083129882812, 4.5, 0.0]",2.5073684442993933,8.293274879455566,-0.36362617242791107,29.433355333740565,5.752721626856541,-0.0,0.0,-0.0,0.0
36.679266,"[185.79425048828125, 6.548532485961914, 0.0]","[215.48681640625, 4.5, 0.0]",2.5000959163425533,8.319191932678223,-0.36362639784199846,29.54696914234713,5.785906435156173,-0.0,0.0,-0.0,0.0
36.698391,"[185.8438262939453, 6.5409464836120605, 0.0]","[215.65444946289062, 4.5, 0.0]",2.4928233928940378,8.345366477966309,-0.36362617242577944,29.660752184156635,5.819096016335669,-0.0,0.0,-0.0,0.0
36.718288,"[185.89324951171875, 6.533382415771484, 0.0]","[215.8240509033203, 4.5, 0.0]",2.485550869445542,8.371264457702637,-0.36362617242478024,29.77630327744136,5.852543085072271,-0.0,0.0,-0.0,0.0
36.738602,"[185.94253540039062, 6.5258402824401855, 0.0]","[215.9890899658203, 4.5, 0.0]",2.4782783640302433,8.395676612854004,-0.36362527076494455,29.893954252408758,5.885713588257095,-0.0,0.0,-0.0,0.0
36.758137,"[185.99166870117188, 6.518320560455322, 0.0]","[216.15628051757812, 4.5, 0.0]",2.4710058586149493,8.42040729522705,-0.3636252707647003,30.007234420013482,5.91739824882376,-0.0,0.0,-0.0,0.0
36.776785,"[186.04066467285156, 6.510822772979736, 0.0]","[216.3253631591797, 4.5, 0.0]",2.463733362216245,8.445416450500488,-0.36362481993521545,30.122795539728443,5.949401436612101,-0.0,0.0,-0.0,0.0
36.798134,"[186.0895233154297, 6.503346920013428, 0.0]","[216.49432373046875, 4.5, 0.0]",2.4564608568009576,8.470407485961916,-0.36362527076436724,30.24036604197859,5.981683088284243,-0.0,0.0,-0.0,0.0
36.818177,"[186.1382293701172, 6.4958930015563965, 0.0]","[216.6645050048828, 4.5, 0.0]",2.4491883604022564,8.495108604431154,-0.36362481993506,30.357954945519197,6.013946629160959,-0.0,0.0,-0.0,0.0
36.838298,"[186.18679809570312, 6.488461017608643, 0.0]","[216.8349609375, 4.5, 0.0]",2.441915859495266,8.519145965576172,-0.3636250453495249,30.476904654371328,6.045920244028897,-0.0,0.0,-0.0,0.0
36.861184,"[186.23521423339844, 6.481050968170166, 0.0]","[217.00523376464844, 4.5, 0.0]",2.434643358588278,8.543161392211914,-0.36362504534939166,30.596264927486374,6.077230106080906,-0.0,0.0,-0.0,0.0
36.877029,"[186.2834930419922, 6.473662853240967, 0.0]","[217.1761932373047, 4.5, 0.0]",2.427370875714448,8.56727123260498,-0.36362414369150997,30.71559835231813,6.1085180336236355,-0.0,0.0,-0.0,0.0
36.898327,"[186.3316192626953, 6.466297149658203, 0.0]","[217.35157775878906, 4.5, 0.0]",2.4200983793157502,8.592005729675293,-0.3636248199348824,30.83574958757649,6.139900356890532,-0.0,0.0,-0.0,0.0
36.923073,"[186.37960815429688, 6.458953380584717, 0.0]","[217.52362060546875, 4.5, 0.0]",2.4128258829170535,8.6192626953125,-0.363624819934838,30.960429170441028,6.171907350359543,-0.0,0.0,-0.0,0.0
36.937578,"[186.42745971679688, 6.451631546020508, 0.0]","[217.69583129882812, 4.5, 0.0]",2.405553386518358,8.636076927185059,-0.36362481993477136,31.08194460124272,6.206436812395447,-0.0,0.0,-0.0,0.0
36.957752,"[186.47515869140625, 6.444331645965576, 0.0]","[217.8663787841797, 4.5, 0.0]",2.3982809081528145,8.666000366210938,-0.3636239182771783,31.203765013968585,6.2305235406667006,-0.0,0.0,-0.0,0.0
36.977398,"[186.52272033691406, 6.437053680419922, 0.0]","[218.03921508789062, 4.5, 0.0]",2.3910084117541186,8.68289852142334,-0.36362481993479356,31.324095508860125,6.267719458058123,-0.0,0.0,-0.0,0.0
36.996609,"[186.57012939453125, 6.429797649383545, 0.0]","[218.21337890625, 4.5, 0.0]",2.3837359243719987,8.713315963745117,-0.36362436910599705,31.446827549259293,6.291890109669222,-0.0,0.0,-0.0,0.0
37.017728,"[186.61740112304688, 6.422563552856445, 0.0]","[218.38702392578125, 4.5, 0.0]",2.376463432481591,8.730152130126953,-0.3636245945203731,31.57102597730872,6.329580039373118,-0.0,0.0,-0.0,0.0
37.035863,"[186.66452026367188, 6.415351867675781, 0.0]","[218.56251525878906, 4.5, 0.0]",2.3691909360828967,8.760308265686035,-0.36362481993472695,31.694850643676165,6.353688697645362,-0.0,0.0,-0.0,0.0
37.058231,"[186.7115020751953, 6.4081621170043945, 0.0]","[218.73931884765625, 4.5, 0.0]",2.361918439684203,8.77730655670166,-0.36362481993468254,31.820654598328893,6.391117329603139,-0.0,0.0,-0.0,0.0
37.079406,"[186.7583465576172, 6.400994300842285, 0.0]","[218.9141082763672, 4.5, 0.0]",2.3546459432855102,8.807368278503418,-0.36362481993463813,31.947894774249384,6.415388117017457,-0.0,0.0,-0.0,0.0
37.097301,"[186.80503845214844, 6.393848419189453, 0.0]","[219.091796875, 4.5, 0.0]",2.347373428853681,8.824485778808594,-0.363625721591454,32.0732830357456,6.452722335217908,-0.0,0.0,-0.0,0.0
37.117723,"[186.85159301757812, 6.386724472045898, 0.0]","[219.267822265625, 4.5, 0.0]",2.340100914421864,8.854639053344727,-0.3636257215908545,32.2016912535906,6.477112349954913,-0.0,0.0,-0.0,0.0
37.137685,"[186.8979949951172, 6.379622459411621, 0.0]","[219.445068359375, 4.5, 0.0]",2.33282841802318,8.871514320373537,-0.36362481993419404,32.32859447041004,6.5145381389228625,-0.0,0.0,-0.0,0.0
37.157341,"[186.9442596435547, 6.372542381286621, 0.0]","[219.6228790283203, 4.5, 0.0]",2.3255559396576215,8.901800155639648,-0.3636239182779333,32.456858492541,6.538685902350357,-0.0,0.0,-0.0,0.0
37.177966,"[186.99037170410156, 6.365484714508057, 0.0]","[219.804443359375, 4.5, 0.0]",2.3182834612920646,8.919248580932617,-0.36362391827784446,32.58581965956858,6.576244215982027,-0.0,0.0,-0.0,0.0
37.198675,"[187.03634643554688, 6.3584489822387695, 0.0]","[219.9796600341797, 4.5, 0.0]",2.3110109874347935,8.94919204711914,-0.3636236928635572,32.718645513787415,6.600965119640552,-0.0,0.0,-0.0,0.0
37.218219,"[187.08218383789062, 6.35143518447876, 0.0]","[220.1623992919922, 4.5, 0.0]",2.303738509069241,8.966766357421875,-0.3636239182776224,32.84533582726758,6.638181059684348,-0.0,0.0,-0.0,0.0
37.237564,"[187.12786865234375, 6.344443321228027, 0.0]","[220.33924865722656, 4.5, 0.0]",2.296466030703691,8.99686050415039,-0.3636239182775114,32.979601220853404,6.663027848352634,-0.0,0.0,-0.0,0.0
37.257934,"[187.1734161376953, 6.337473392486572, 0.0]","[220.51974487304688, 4.5, 0.0]",2.289193552338143,9.014100074768066,-0.36362391827740037,33.108198652629234,6.7003944734467,-0.0,0.0,-0.0,0.0
37.276668,"[187.21881103515625, 6.3305253982543945, 0.0]","[220.6997833251953, 4.5, 0.0]",2.2819210559394505,9.0446138381958,-0.36362481993461593,33.240540033933755,6.724906522429924,-0.0,0.0,-0.0,0.0
37.297891,"[187.26406860351562, 6.323599338531494, 0.0]","[220.88424682617188, 4.5, 0.0]",2.274648559540759,9.062378883361816,-0.3636248199345715,33.37258306951254,6.76269278225635,-0.0,0.0,-0.0,0.0
37.317796,"[187.30918884277344, 6.316695690155029, 0.0]","[221.0625, 4.5, 0.0]",2.267376067650354,9.092629432678223,-0.3636245945202621,33.50913929737365,6.787730323821057,-0.0,0.0,-0.0,0.0
37.337037,"[187.35415649414062, 6.309813976287842, 0.0]","[221.24862670898438, 4.5, 0.0]",2.260103571251664,9.110539436340332,-0.3636248199344827,33.6396958053499,6.825253365027869,-0.0,0.0,-0.0,0.0
37.358879,"[187.39898681640625, 6.302954196929932, 0.0]","[221.43125915527344, 4.5, 0.0]",2.252831074852976,9.141325950622559,-0.3636248199344161,33.778189390021765,6.850435865088668,-0.0,0.0,-0.0,0.0
37.37899,"[187.44366455078125, 6.296116352081299, 0.0]","[221.61383056640625, 4.5, 0.0]",2.245558596487423,9.158767700195312,-0.3636239182776446,33.913367990718314,6.888494875769583,-0.0,0.0,-0.0,0.0
37.397098,"[187.4882049560547, 6.289300441741943, 0.0]","[221.7937469482422, 4.5, 0.0]",2.238286118121872,9.189196586608887,-0.3636239182775558,34.048640408661555,6.9132091037078895,-0.0,0.0,-0.0,0.0
37.424448,"[187.5325927734375, 6.282506465911865, 0.0]","[221.98118591308594, 4.5, 0.0]",2.2310136217231817,9.207205772399902,-0.3636248199345049,34.18142741814811,6.950910468487015,-0.0,0.0,-0.0,0.0
37.436996,"[187.57684326171875, 6.2757344245910645, 0.0]","[222.1611785888672, 4.5, 0.0]",2.223741143357631,9.237467765808105,-0.3636239182775336,34.32180459093158,6.97619215067672,-0.0,0.0,-0.0,0.0
37.458193,"[187.62095642089844, 6.268984794616699, 0.0]","[222.34837341308594, 4.5, 0.0]",2.2164686604837964,9.25866985321045,-0.363624143691732,34.45496023320651,7.013726622450474,-0.0,0.0,-0.0,0.0
37.4809,"[187.6649169921875, 6.262257099151611, 0.0]","[222.5365447998047, 4.5, 0.0]",2.209196182118249,9.283335685729982,-0.36362391827737817,34.595374280703496,7.042201192726653,-0.0,0.0,-0.0,0.0
37.497702,"[187.708740234375, 6.255551338195801, 0.0]","[222.72169494628906, 4.5, 0.0]",2.2019237217858576,9.30760669708252,-0.3636230166195631,34.73690780245203,7.074139503611733,-0.0,0.0,-0.0,0.0
37.518812,"[187.75241088867188, 6.248867511749268, 0.0]","[222.9072265625, 4.5, 0.0]",2.194651220878872,9.331766128540039,-0.36362504534928064,34.87559391915393,7.105682975296662,-0.0,0.0,-0.0,0.0
37.537598,"[187.7959442138672, 6.242205619812012, 0.0]","[223.09310913085938, 4.5, 0.0]",2.1873787425133298,9.35574722290039,-0.3636239182771117,35.01481126564872,7.137114907661167,-0.0,0.0,-0.0,0.0
37.557944,"[187.83932495117188, 6.235565662384033, 0.0]","[223.2788848876953, 4.5, 0.0]",2.1801062596395,9.37971305847168,-0.36362414369148777,35.15451459236266,7.168368480387061,-0.0,0.0,-0.0,0.0
37.577,"[187.882568359375, 6.228947639465332, 0.0]","[223.46705627441406, 4.5, 0.0]",2.172833763240802,9.403989791870117,-0.3636248199349046,35.29426648674956,7.19960679883218,-0.0,0.0,-0.0,0.0
37.600934,"[187.92567443847656, 6.222352027893066, 0.0]","[223.65562438964844, 4.5, 0.0]",2.165561253317242,9.428317070007324,-0.36362549617798834,35.43652550898282,7.231156028629315,-0.0,0.0,-0.0,0.0
37.617626,"[187.9686279296875, 6.215778350830078, 0.0]","[223.84295654296875, 4.5, 0.0]",2.158288756918549,9.452211380004883,-0.36362481993466034,35.57931583314157,7.262755816690082,-0.0,0.0,-0.0,0.0
37.638035,"[188.01144409179688, 6.209226608276367, 0.0]","[224.03836059570312, 4.5, 0.0]",2.1510162740447156,9.476705551147461,-0.3636241436916654,35.72103856882092,7.293922623086334,-0.0,0.0,-0.0,0.0
37.657632,"[188.05410766601562, 6.202696800231934, 0.0]","[224.2227783203125, 4.5, 0.0]",2.1437437776460224,9.499822616577148,-0.36362481993466034,35.870879379490866,7.325689277102745,-0.0,0.0,-0.0,0.0
37.678475,"[188.0966339111328, 6.196188926696777, 0.0]","[224.4185791015625, 4.5, 0.0]",2.1364712812473305,9.524367332458496,-0.3636248199345937,36.01001444247402,7.356078838931126,-0.0,0.0,-0.0,0.0
37.697223,"[188.13902282714844, 6.189702987670898, 0.0]","[224.60641479492188, 4.5, 0.0]",2.1291987848486396,9.5479154586792,-0.3636248199345493,36.16054063294854,7.3878960512111655,-0.0,0.0,-0.0,0.0
37.720251,"[188.18125915527344, 6.183238983154297, 0.0]","[224.7997283935547, 4.5, 0.0]",2.1219262884499503,9.571691513061523,-0.3636248199344605,36.30333246441211,7.418716673830559,-0.0,0.0,-0.0,0.0
37.736514,"[188.22335815429688, 6.176797389984131, 0.0]","[224.98704528808594, 4.5, 0.0]",2.114653810084399,9.594115257263185,-0.363623918277578,36.45169331154537,7.449765224611573,-0.0,0.0,-0.0,0.0
37.757056,"[188.2653045654297, 6.170377731323242, 0.0]","[225.18026733398438, 4.5, 0.0]",2.1073813317188494,9.61724853515625,-0.363623918277467,36.59426560347124,7.479461447178787,-0.0,0.0,-0.0,0.0
37.777033,"[188.30711364746094, 6.163980007171631, 0.0]","[225.37220764160156, 4.5, 0.0]",2.100108844336729,9.64022731781006,-0.36362436910601925,36.74282924042174,7.5098672034374,-0.0,0.0,-0.0,0.0
37.798413,"[188.34877014160156, 6.157604217529297, 0.0]","[225.5653533935547, 4.5, 0.0]",2.0928363299048995,9.663351058959961,-0.3636257215914762,36.890264956127865,7.540118473473331,-0.0,0.0,-0.0,0.0
37.817144,"[188.39028930664062, 6.15125036239624, 0.0]","[225.7594451904297, 4.5, 0.0]",2.085563815473084,9.685981750488281,-0.3636257215907879,37.03904639395427,7.570514729055061,-0.0,0.0,-0.0,0.0
37.837917,"[188.43167114257812, 6.144918441772461, 0.0]","[225.95716857910156, 4.5, 0.0]",2.0782913190744003,9.708124160766602,-0.36362481993417184,37.18890205645849,7.600417935015198,-0.0,0.0,-0.0,0.0
37.858048,"[188.472900390625, 6.138608455657959, 0.0]","[226.14767456054688, 4.5, 0.0]",2.071018840708841,9.729458808898926,-0.3636239182779777,37.34248658530015,7.629832841692201,-0.0,0.0,-0.0,0.0
37.878063,"[188.5139923095703, 6.132320880889893, 0.0]","[226.346923828125, 4.5, 0.0]",2.0637463623432835,9.755107879638672,-0.36362391827786666,37.48909091469325,7.658439968190085,-0.0,0.0,-0.0,0.0
37.89861,"[188.554931640625, 6.1260552406311035, 0.0]","[226.54151916503906, 4.5, 0.0]",2.0564738659445982,9.770232200622559,-0.36362481993426066,37.64447705162443,7.691361517295388,-0.0,0.0,-0.0,0.0
37.91655,"[188.59573364257812, 6.119811534881592, 0.0]","[226.7337646484375, 4.5, 0.0]",2.0492013875790414,9.79768180847168,-0.36362391827784446,37.7954169652367,7.71375833467796,-0.0,0.0,-0.0,0.0
37.937825,"[188.63638305664062, 6.113589763641357, 0.0]","[226.9315643310547, 4.5, 0.0]",2.0419288911803557,9.811298370361328,-0.36362481993428286,37.94417313421723,7.748480420892639,-0.0,0.0,-0.0,0.0
37.957702,"[188.67689514160156, 6.1073899269104, 0.0]","[227.12991333007812, 4.5, 0.0]",2.0346564128147993,9.83830738067627,-0.36362391827782226,38.0985737348237,7.769369479180972,-0.0,0.0,-0.0,0.0
37.978977,"[188.71726989746094, 6.101212024688721, 0.0]","[227.32321166992188, 4.5, 0.0]",2.0273839344492446,9.851461410522461,-0.36362391827773344,38.253656397135536,7.80365096786147,-0.0,0.0,-0.0,0.0
37.997035,"[188.7574920654297, 6.095056056976318, 0.0]","[227.52020263671875, 4.5, 0.0]",2.0201114560836926,9.87833023071289,-0.3636239182776002,38.403885589964766,7.824077476073216,-0.0,0.0,-0.0,0.0
38.017541,"[188.79757690429688, 6.088922500610352, 0.0]","[227.717529296875, 4.5, 0.0]",2.0128389867347147,9.891080856323242,-0.3636234674488925,38.557919065087674,7.858218774629198,-0.0,0.0,-0.0,0.0
38.037223,"[188.83750915527344, 6.082810878753662, 0.0]","[227.91769409179688, 4.5, 0.0]",2.005566508369169,9.916207313537598,-0.36362391827728935,38.71242350937108,7.8782418695885275,-0.0,0.0,-0.0,0.0
38.058233,"[188.87730407714844, 6.07672119140625, 0.0]","[228.11502075195312, 4.5, 0.0]",1.9982940119704748,9.927733421325684,-0.36362481993470475,38.86988757723827,7.910640805168429,-0.0,0.0,-0.0,0.0
38.076715,"[188.9169464111328, 6.070653438568115, 0.0]","[228.31463623046875, 4.5, 0.0]",1.9910215155717819,9.952807426452637,-0.36362481993464923,39.02468523835382,7.929439409355209,-0.0,0.0,-0.0,0.0
38.098311,"[188.95645141601562, 6.064607620239258, 0.0]","[228.51731872558594, 4.5, 0.0]",1.9837490191730902,9.964828491210938,-0.3636248199345826,39.18189952816824,7.961785910880855,-0.0,0.0,-0.0,0.0
38.117908,"[188.99581909179688, 6.058583736419678, 0.0]","[228.7164764404297, 4.5, 0.0]",1.9764765408075415,9.988997459411621,-0.3636239182774337,39.34228460624393,7.981079472037847,-0.0,0.0,-0.0,0.0
38.137415,"[189.0350341796875, 6.052581787109375, 0.0]","[228.9165496826172, 4.5, 0.0]",1.969204062441995,9.998729705810549,-0.36362391827732266,39.499324533961804,8.01252091860408,-0.0,0.0,-0.0,0.0
38.158066,"[189.07411193847656, 6.046602249145508, 0.0]","[229.11627197265625, 4.5, 0.0]",1.9619315660433014,10.021768569946289,-0.36362481993468254,39.65742360316625,8.029525643368554,-0.0,0.0,-0.0,0.0
38.177325,"[189.113037109375, 6.040644645690918, 0.0]","[229.31735229492188, 4.5, 0.0]",1.9546589639375376,10.031583786010742,-0.36363010528819295,39.81531489792502,8.059837003902988,-0.0,0.0,-0.0,0.0
38.196593,"[189.15182495117188, 6.0347089767456055, 0.0]","[229.5145721435547, 4.5, 0.0]",1.9473863288436246,10.05441665649414,-0.363631754695648,39.97470274671656,8.076924822073204,-0.0,0.0,-0.0,0.0
38.216414,"[189.1904754638672, 6.02879524230957, 0.0]","[229.71531677246094, 4.5, 0.0]",1.940112851874922,10.063451766967773,-0.36367384843513095,40.13041361494282,8.107030327650516,-0.0,0.0,-0.0,0.0
38.236095,"[189.22897338867188, 6.022908687591553, 0.0]","[229.91598510742188, 4.5, 0.0]",1.9328388465798074,10.084701538085938,-0.3637002647557286,40.28974715209536,8.123338915092852,-0.0,0.0,-0.0,0.0
38.258053,"[189.267333984375, 6.017053127288818, 0.0]","[230.12074279785156, 4.5, 0.0]",1.92556356519665,10.092913627624512,-0.3637640691578681,40.44917320993428,8.15186269150613,-0.0,0.0,-0.0,0.0
38.277185,"[189.30555725097656, 6.011232376098633, 0.0]","[230.324462890625, 4.5, 0.0]",1.9182878030135757,10.114384651184082,-0.3637881091537176,40.61280771581879,8.167350062427861,-0.0,0.0,-0.0,0.0
38.298201,"[189.3436279296875, 6.005448341369629, 0.0]","[230.52389526367188, 4.5, 0.0]",1.9110118853405034,10.122208595275879,-0.36379588365361704,40.775593827292845,8.196096848170507,-0.0,0.0,-0.0,0.0
38.317489,"[189.38156127929688, 5.999702453613281, 0.0]","[230.73028564453125, 4.5, 0.0]",1.903735726734504,10.143197059631348,-0.36380793029996417,40.93434116094182,8.211196709935376,-0.0,0.0,-0.0,0.0
38.337119,"[189.4193572998047, 5.99399471282959, 0.0]","[230.9332733154297, 4.5, 0.0]",1.896459448459251,10.14967155456543,-0.36381391376265615,41.100157115702885,8.239461332896843,-0.0,0.0,-0.0,0.0
38.357872,"[189.45700073242188, 5.988325119018555, 0.0]","[231.13589477539062, 4.5, 0.0]",1.889183080593999,10.16946029663086,-0.3638183932625938,41.262803553788935,8.25321210610618,-0.0,0.0,-0.0,0.0
38.377599,"[189.4945068359375, 5.982693672180176, 0.0]","[231.34027099609375, 4.5, 0.0]",1.8819066122234003,10.179360389709473,-0.3638234185299405,41.425293535602464,8.280277216036861,-0.0,0.0,-0.0,0.0
38.397664,"[189.53187561035156, 5.977099895477295, 0.0]","[231.54324340820312, 4.5, 0.0]",1.874630356595647,10.19250202178955,-0.3638127813876624,41.589710713982946,8.297453777486073,-0.0,0.0,-0.0,0.0
38.416683,"[189.56910705566406, 5.97154426574707, 0.0]","[231.7427978515625, 4.5, 0.0]",1.8673535629388918,10.204896926879883,-0.36383968283776325,41.752934817959165,8.317871665193904,-0.0,0.0,-0.0,0.0
38.440433,"[189.60618591308594, 5.966026306152344, 0.0]","[231.94833374023438, 4.5, 0.0]",1.8600771062100814,10.216870307922365,-0.3638228364405194,41.912967096130124,8.337543363940991,-0.0,0.0,-0.0,0.0
38.458464,"[189.64312744140625, 5.960546016693115, 0.0]","[232.15501403808594, 4.5, 0.0]",1.8528010901046117,10.228909492492678,-0.36380080527348424,42.07911767526384,8.356793201712284,-0.0,0.0,-0.0,0.0
38.477728,"[189.679931640625, 5.955102443695068, 0.0]","[232.35752868652344, 4.5, 0.0]",1.8455256591429148,10.240706443786621,-0.3637715480848458,42.24658864174572,8.376108402388066,-0.0,0.0,-0.0,0.0
38.499157,"[189.71658325195312, 5.9496941566467285, 0.0]","[232.56219482421875, 4.5, 0.0]",1.8382507160444852,10.252629280090332,-0.3637471549214788,42.41013039491586,8.395180784643706,-0.0,0.0,-0.0,0.0
38.516822,"[189.7530975341797, 5.944319248199463, 0.0]","[232.7674102783203, 4.5, 0.0]",1.8309763230024836,10.264143943786621,-0.3637196521000807,42.57599545466139,8.414378564045847,-0.0,0.0,-0.0,0.0
38.538051,"[189.7894744873047, 5.938976287841797, 0.0]","[232.97422790527344, 4.5, 0.0]",1.823702212461513,10.275091171264648,-0.3637055270485301,42.74257974283945,8.433167620784138,-0.0,0.0,-0.0,0.0
38.561903,"[189.82571411132812, 5.933663845062256, 0.0]","[233.17807006835938, 4.5, 0.0]",1.8164284804223694,10.285880088806152,-0.3636866019571805,42.91091766809076,8.451388958803136,-0.0,0.0,-0.0,0.0
38.577067,"[189.86180114746094, 5.928380489349365, 0.0]","[233.3828582763672, 4.5, 0.0]",1.8091550611523883,10.29671859741211,-0.36367096349905204,43.07648364389474,8.469451608383784,-0.0,0.0,-0.0,0.0
38.596361,"[189.8977508544922, 5.923125267028809, 0.0]","[233.59046936035156, 4.5, 0.0]",1.8018815497952398,10.307706832885742,-0.3636755678574244,43.24316031914108,8.48756353625972,-0.0,0.0,-0.0,0.0
38.617411,"[189.9335479736328, 5.917897701263428, 0.0]","[233.79649353027344, 4.5, 0.0]",1.7946079948394058,10.318243980407715,-0.3636777477917019,43.41278218740911,8.505825283090502,-0.0,0.0,-0.0,0.0
38.639766,"[189.96920776367188, 5.912697792053223, 0.0]","[234.00379943847656, 4.5, 0.0]",1.7500195993991783,10.328293800354004,-2.229419772011376,43.58101060383696,8.523635985568308,-0.0,0.0,-0.0,0.0
38.657015,"[190.00473022460938, 5.907525539398193, 0.0]","[234.2091522216797, 4.5, 0.0]",1.741174676308196,10.338249206542969,-0.44224615454911964,43.750658662473754,8.578274200954827,-0.0,0.0,-0.0,0.0
38.677503,"[190.03904724121094, 5.900640964508057, 0.0]","[234.41639709472656, 4.5, 0.0]",1.733334689731581,10.348296165466309,-0.39199932883074995,43.91853003001951,8.597074530234773,-0.0,0.0,-0.0,0.0
38.698217,"[190.0733184814453, 5.8944573402404785, 0.0]","[234.6245574951172, 4.5, 0.0]",1.7258153418875206,10.35838794708252,-0.3759673922030138,44.08396871469297,8.614961475734727,-0.0,0.0,-0.0,0.0
38.720985,"[190.1074981689453, 5.888645648956299, 0.0]","[234.8317108154297, 4.5, 0.0]",1.7184067947513282,10.368117332458496,-0.3704273568096217,44.25157844955177,8.632572605195,-0.0,0.0,-0.0,0.0
38.737817,"[190.1415557861328, 5.88304328918457, 0.0]","[235.04185485839844, 4.5, 0.0]",1.7110453567910584,10.377517700195312,-0.36807189801348894,44.41925869283585,8.649710537707168,-0.0,0.0,-0.0,0.0
38.75755,"[190.1754913330078, 5.877579212188721, 0.0]","[235.24996948242188, 4.5, 0.0]",1.7037088134449216,10.38682746887207,-0.36682716730683795,44.5907816208078,8.666472343404255,-0.0,0.0,-0.0,0.0
38.776388,"[190.20928955078125, 5.872222900390625, 0.0]","[235.4545440673828, 4.5, 0.0]",1.6963880278284287,10.395977973937988,-0.3660392808246482,44.76101639643046,8.68311865542715,-0.0,0.0,-0.0,0.0
38.798999,"[190.24295043945312, 5.866959571838379, 0.0]","[235.6664581298828, 4.5, 0.0]",1.689079452083079,10.408790588378906,-0.3654287872674855,44.92835293068675,8.69958994610956,-0.0,0.0,-0.0,0.0
38.817629,"[190.27647399902344, 5.861782550811768, 0.0]","[235.8701629638672, 4.5, 0.0]",1.6817802104239064,10.410979270935059,-0.36496208295863086,45.10344131286451,8.719711136295828,-0.0,0.0,-0.0,0.0
38.838637,"[190.30987548828125, 5.856687068939209, 0.0]","[236.08290100097656, 4.5, 0.0]",1.6744887595384665,10.426507949829102,-0.3645725442719905,45.270834206913825,8.729199060511153,-0.0,0.0,-0.0,0.0
38.857334,"[190.3431396484375, 5.851668834686279, 0.0]","[236.28750610351562, 4.5, 0.0]",1.6672034020449804,10.428360939025879,-0.36426787467430666,45.447496012867,8.752019190290635,-0.0,0.0,-0.0,0.0
38.877308,"[190.3762664794922, 5.84672212600708, 0.0]","[236.4976043701172, 4.5, 0.0]",1.6599224652828073,10.443778991699219,-0.3640468381086559,45.61642970321404,8.761157536980898,-0.0,0.0,-0.0,0.0
38.898215,"[190.4092559814453, 5.8418378829956055, 0.0]","[236.70596313476562, 4.5, 0.0]",1.652643746425407,10.445789337158203,-0.3639359428700195,45.79107374153737,8.783856526416411,-0.0,0.0,-0.0,0.0
38.916789,"[190.44210815429688, 5.837006568908691, 0.0]","[236.9188995361328, 4.5, 0.0]",1.6453668863995,10.461125373840332,-0.36384300129534974,45.96424276986485,8.793145590732797,-0.0,0.0,-0.0,0.0
38.937688,"[190.4748077392578, 5.832219123840332, 0.0]","[237.12391662597656, 4.5, 0.0]",1.638091412365085,10.462530136108398,-0.36377370172074874,46.142159331540554,8.815758487440831,-0.0,0.0,-0.0,0.0
38.962716,"[190.5073699951172, 5.8274688720703125, 0.0]","[237.3372802734375, 4.5, 0.0]",1.6308163566238276,10.477599143981934,-0.3637527870628654,46.31247802781657,8.824438723743313,-0.0,0.0,-0.0,0.0
38.976982,"[190.539794921875, 5.822751045227051, 0.0]","[237.54136657714844, 4.5, 0.0]",1.623541810294795,10.478965759277344,-0.36372731645163414,46.49124161348356,8.846782787358105,-0.0,0.0,-0.0,0.0
38.997437,"[190.5720672607422, 5.818062782287598, 0.0]","[237.7535400390625, 4.5, 0.0]",1.6162676225767787,10.493988037109375,-0.36370938590081225,46.661020777869005,8.85542394898255,-0.0,0.0,-0.0,0.0
39.017667,"[190.6042022705078, 5.81340217590332, 0.0]","[237.9617156982422, 4.5, 0.0]",1.6089935307265928,10.495414733886719,-0.3637045925092952,46.83898434864713,8.877720414532597,-0.0,0.0,-0.0,0.0
39.037533,"[190.63619995117188, 5.808767795562744, 0.0]","[238.1764678955078, 4.5, 0.0]",1.6017195761285392,10.510275840759277,-0.3636977299026789,47.013165088151304,8.886421203160126,-0.0,0.0,-0.0,0.0
39.058799,"[190.6680450439453, 5.804159164428711, 0.0]","[238.3855438232422, 4.5, 0.0]",1.594445658115054,10.511584281921387,-0.3636959006742657,47.194019316785884,8.908556264630738,-0.0,0.0,-0.0,0.0
39.081239,"[190.6997528076172, 5.799576282501221, 0.0]","[238.5980987548828, 4.5, 0.0]",1.5871713616519807,10.526362419128418,-0.3637148231536602,47.369440377894456,8.917138623806332,-0.0,0.0,-0.0,0.0
39.096758,"[190.73130798339844, 5.795019626617432, 0.0]","[238.80809020996094, 4.5, 0.0]",1.5798974264092425,10.527706146240236,-0.3636967621369114,47.54846082008675,8.939191057476437,-0.0,0.0,-0.0,0.0
39.118245,"[190.76272583007812, 5.790489196777344, 0.0]","[239.0170440673828, 4.5, 0.0]",1.5726234727692425,10.54234790802002,-0.3636976819999971,47.72512315409764,8.947808719830993,-0.0,0.0,-0.0,0.0
39.135938,"[190.79400634765625, 5.785984992980957, 0.0]","[239.225341796875, 4.5, 0.0]",1.5653493286363376,10.543633460998535,-0.36370720664524736,47.90092638906094,8.969724435250777,-0.0,0.0,-0.0,0.0
39.158197,"[190.82513427734375, 5.781507968902588, 0.0]","[239.43707275390625, 4.5, 0.0]",1.5580749620184435,10.558385848999023,-0.3637183308947023,48.07623902274563,8.978284132362198,-0.0,0.0,-0.0,0.0
39.176299,"[190.8561248779297, 5.777059078216553, 0.0]","[239.64801025390625, 4.5, 0.0]",1.5508001503017,10.559771537780763,-0.36374058583718005,48.25512352234719,9.00031088698058,-0.0,0.0,-0.0,0.0
39.196511,"[190.88697814941406, 5.77263879776001, 0.0]","[239.86334228515625, 4.5, 0.0]",1.5435249038998926,10.574660301208496,-0.36376232009036613,48.43338788060488,9.008971387479063,-0.0,0.0,-0.0,0.0
39.216271,"[190.9176788330078, 5.768248081207275, 0.0]","[240.07168579101562, 4.5, 0.0]",1.536250173369259,10.576055526733398,-0.3637365265316772,48.61616355903232,9.031135397308603,-0.0,0.0,-0.0,0.0
39.236593,"[190.9482421875, 5.763887405395508, 0.0]","[240.28274536132812, 4.5, 0.0]",1.528975255554931,10.591049194335938,-0.36374589071640484,48.792210891405404,9.03980535336414,-0.0,0.0,-0.0,0.0
39.256831,"[190.97865295410156, 5.759556293487549, 0.0]","[240.4951934814453, 4.5, 0.0]",1.521700155439134,10.592761993408203,-0.3637550057898453,48.97111050806466,9.062073938781007,-0.0,0.0,-0.0,0.0
39.276421,"[191.00892639160156, 5.755255222320557, 0.0]","[240.70733642578125, 4.5, 0.0]",1.514424815669782,10.60779857635498,-0.36376698846760647,49.151565926904986,9.071061837969069,-0.0,0.0,-0.0,0.0
39.296599,"[191.0390625, 5.7509846687316895, 0.0]","[240.9197998046875, 4.5, 0.0]",1.507149386198129,10.612845420837402,-0.3637714735826414,49.331888370032644,9.093373760685198,-0.0,0.0,-0.0,0.0
39.322062,"[191.0690460205078, 5.746744632720947, 0.0]","[241.1317901611328, 4.5, 0.0]",1.49987439635087,10.618066787719727,-0.3637494923629525,49.51269261619168,9.105696034639273,-0.0,0.0,-0.0,0.0
39.33628,"[191.09889221191406, 5.742535591125488, 0.0]","[241.3431854248047, 4.5, 0.0]",1.492599521672705,10.633549690246582,-0.36374373390825054,49.693212551617975,9.118192391368856,-0.0,0.0,-0.0,0.0
39.35791,"[191.12860107421875, 5.738357067108154, 0.0]","[241.55784606933594, 4.5, 0.0]",1.4853248611461947,10.635833740234377,-0.36373302632551896,49.87331339331995,9.140950168573877,-0.0,0.0,-0.0,0.0
39.377167,"[191.1581573486328, 5.734208583831787, 0.0]","[241.7751007080078, 4.5, 0.0]",1.4780501007267333,10.65156078338623,-0.36373802097307006,50.05681145846576,9.150508879088182,-0.0,0.0,-0.0,0.0
39.399414,"[191.1875762939453, 5.730090141296387, 0.0]","[241.98733520507812, 4.5, 0.0]",1.4707759988277431,10.653743743896484,-0.36370509494950687,50.243059032879614,9.173510682659497,-0.0,0.0,-0.0,0.0
39.418728,"[191.21685791015625, 5.726001262664795, 0.0]","[242.20147705078125, 4.5, 0.0]",1.4635017775205337,10.669602394104004,-0.3637110653604725,50.424504057859075,9.18296774506874,-0.0,0.0,-0.0,0.0
39.436515,"[191.24598693847656, 5.7219414710998535, 0.0]","[242.41111755371094, 4.5, 0.0]",1.456227582868329,10.672280311584473,-0.363709732610229,50.60799954383468,9.20610061658347,-0.0,0.0,-0.0,0.0
39.45929,"[191.2749786376953, 5.7179107666015625, 0.0]","[242.62840270996094, 4.5, 0.0]",1.4489537515220496,10.68863582611084,-0.3636915673139729,50.78721691926995,9.216052728716143,-0.0,0.0,-0.0,0.0
39.476443,"[191.3038330078125, 5.713908672332764, 0.0]","[242.83885192871094, 4.5, 0.0]",1.4416800697027223,10.691349983215332,-0.3636840909663652,50.97415382879634,9.23968207458879,-0.0,0.0,-0.0,0.0
39.496942,"[191.33253479003906, 5.709935188293457, 0.0]","[243.05601501464844, 4.5, 0.0]",1.4344062873434087,10.707698822021484,-0.36368911796568204,51.154489059212565,9.24966991351261,-0.0,0.0,-0.0,0.0
39.517786,"[191.36109924316406, 5.705989360809326, 0.0]","[243.27081298828125, 4.5, 0.0]",1.427132971851935,10.710892677307129,-0.3636657745736849,51.341637036044645,9.273292534678076,-0.0,0.0,-0.0,0.0
39.536674,"[191.38951110839844, 5.702071189880371, 0.0]","[243.48373413085938, 4.5, 0.0]",1.4198598421684026,10.727721214294434,-0.3636564841766221,51.52660122902207,9.283759705455195,-0.0,0.0,-0.0,0.0
39.558054,"[191.41778564453125, 5.698180198669434, 0.0]","[243.6991424560547, 4.5, 0.0]",1.4125867600343123,10.731331825256348,-0.36365410670451404,51.70987614602045,9.30786137212603,-0.0,0.0,-0.0,0.0
39.577337,"[191.4459228515625, 5.6943159103393555, 0.0]","[243.90994262695312, 4.5, 0.0]",1.4053140677173177,10.748058319091797,-0.36363461584972834,51.895765380251426,9.318745065222036,-0.0,0.0,-0.0,0.0
39.59627,"[191.47390747070312, 5.6904778480529785, 0.0]","[244.12489318847656, 4.5, 0.0]",1.3980413140035979,10.75164794921875,-0.3636376856859913,52.07724445080438,9.34274425137448,-0.0,0.0,-0.0,0.0
39.617417,"[191.5017547607422, 5.686666011810303, 0.0]","[244.34127807617188, 4.5, 0.0]",1.3907688964060014,10.768901824951172,-0.3636208798798224,52.262992220081465,9.353606635215153,-0.0,0.0,-0.0,0.0
39.636671,"[191.5294647216797, 5.68287992477417, 0.0]","[244.55490112304688, 4.5, 0.0]",1.3834963023438611,10.773063659667969,-0.3636297031070157,52.45031019685148,9.37813292854517,-0.0,0.0,-0.0,0.0
39.65859,"[191.55702209472656, 5.67911958694458, 0.0]","[244.77191162109375, 4.5, 0.0]",1.3762240511783985,10.79073429107666,-0.36361255827312977,52.63503978606723,9.389567357324108,-0.0,0.0,-0.0,0.0
39.677562,"[191.58444213867188, 5.675384521484375, 0.0]","[244.98666381835938, 4.5, 0.0]",1.3689515624907027,10.794953346252441,-0.36362443438479053,52.82328003357348,9.414510239898261,-0.0,0.0,-0.0,0.0
39.697312,"[191.61170959472656, 5.671674728393555, 0.0]","[245.20370483398438, 4.5, 0.0]",1.3616790813281852,10.81262493133545,-0.3636240581258776,53.00943238768832,9.42600178376174,-0.0,0.0,-0.0,0.0
39.718206,"[191.6388397216797, 5.667990207672119, 0.0]","[245.42149353027344, 4.5, 0.0]",1.3544067527752524,10.820533752441406,-0.36361642764664026,53.19801012348607,9.450945850007264,-0.0,0.0,-0.0,0.0
39.736404,"[191.66583251953125, 5.66433048248291, 0.0]","[245.64051818847656, 4.5, 0.0]",1.3471342392411123,10.832135200500488,-0.3636256767070023,53.387469776854196,9.466126999666153,-0.0,0.0,-0.0,0.0
39.758065,"[191.6926727294922, 5.660696029663086, 0.0]","[245.85694885253906, 4.5, 0.0]",1.3398620112143442,10.843599319458008,-0.363611401338404,53.5782961873626,9.485000961259376,-0.0,0.0,-0.0,0.0
39.775976,"[191.71937561035156, 5.657086372375488, 0.0]","[246.0697021484375, 4.5, 0.0]",1.3325896921024736,10.854867935180664,-0.36361595559353255,53.766713638094075,9.503737308243664,-0.0,0.0,-0.0,0.0
39.800887,"[191.7459259033203, 5.653501987457275, 0.0]","[246.2876434326172, 4.5, 0.0]",1.3253171970608149,10.866412162780762,-0.3636247520829361,53.951637202756764,9.52227824307819,-0.0,0.0,-0.0,0.0
39.818364,"[191.7723388671875, 5.649942398071289, 0.0]","[246.50802612304688, 4.5, 0.0]",1.3180442878753074,10.878045082092285,-0.3636454592753746,54.141854209783645,9.541094965719946,-0.0,0.0,-0.0,0.0
39.836805,"[191.79861450195312, 5.6464080810546875, 0.0]","[246.72239685058594, 4.5, 0.0]",1.3107714375362076,10.889302253723145,-0.3636425169549873,54.33463168084161,9.560000794216977,-0.0,0.0,-0.0,0.0
39.862487,"[191.82473754882812, 5.642899513244629, 0.0]","[246.94061279296875, 4.5, 0.0]",1.3034983239062892,10.900761604309082,-0.3636556814959224,54.52160720851839,9.578530816186937,-0.0,0.0,-0.0,0.0
39.877335,"[191.85072326660156, 5.639416694641113, 0.0]","[247.15830993652344, 4.5, 0.0]",1.2962254264619744,10.912193298339844,-0.3636448722157404,54.712547620638624,9.597263280402792,-0.0,0.0,-0.0,0.0
39.896589,"[191.87655639648438, 5.635959625244141, 0.0]","[247.3777618408203, 4.5, 0.0]",1.2889525388158871,10.923717498779297,-0.36364438230436225,54.90312332065955,9.615967871877869,-0.0,0.0,-0.0,0.0
39.917379,"[191.90225219726562, 5.632528305053711, 0.0]","[247.59597778320312, 4.5, 0.0]",1.2816793291947157,10.93516731262207,-0.36366048105856974,55.09559873533178,9.634764959963409,-0.0,0.0,-0.0,0.0
39.936831,"[191.9278106689453, 5.629122734069824, 0.0]","[247.81427001953125, 4.5, 0.0]",1.2744062997862644,10.946605682373047,-0.36365147042256574,55.28700046555997,9.653487983427354,-0.0,0.0,-0.0,0.0
39.958282,"[191.95321655273438, 5.6257429122924805, 0.0]","[248.03392028808594, 4.5, 0.0]",1.2671329115071506,10.958115577697754,-0.36366941395569174,55.47862728963745,9.672199382586783,-0.0,0.0,-0.0,0.0
39.980028,"[191.97848510742188, 5.62238883972168, 0.0]","[248.25230407714844, 4.5, 0.0]",1.2598599690960512,10.969558715820312,-0.3636471205549663,55.6717630287739,9.690982666190603,-0.0,0.0,-0.0,0.0
39.996592,"[192.00360107421875, 5.619060516357422, 0.0]","[248.47332763671875, 4.5, 0.0]",1.252586898698386,10.98114013671875,-0.3636535198832669,55.86379470580262,9.70969874672426,-0.0,0.0,-0.0,0.0
40.016268,"[192.02857971191406, 5.615757942199707, 0.0]","[248.6930389404297, 4.5, 0.0]",1.2453139148957664,10.992598533630371,-0.36364919013097685,56.058603219084134,9.728553238020364,-0.0,0.0,-0.0,0.0
40.03942,"[192.0534210205078, 5.612480640411377, 0.0]","[248.9121551513672, 4.5, 0.0]",1.2380411171876748,11.00394344329834,-0.36363988540457637,56.2522595426997,9.747284618734605,-0.0,0.0,-0.0,0.0
40.06214,"[192.07810974121094, 5.609228134155273, 0.0]","[249.13662719726562, 4.5, 0.0]",1.230768414280816,11.0155668258667,-0.3636351453429443,56.445475264701486,9.765902326110664,-0.0,0.0,-0.0,0.0
40.078413,"[192.1026611328125, 5.6060004234313965, 0.0]","[249.35243225097656, 4.5, 0.0]",1.223495861077623,11.026741027832033,-0.36362766015964887,56.644153951738225,9.784798411585884,-0.0,0.0,-0.0,0.0
40.096646,"[192.12705993652344, 5.602797508239746, 0.0]","[249.57444763183594, 4.5, 0.0]",1.2162229870821175,11.038236618041992,-0.36364369977527344,56.83440168532497,9.80324516675441,-0.0,0.0,-0.0,0.0
40.116522,"[192.1513214111328, 5.599618911743164, 0.0]","[249.7954559326172, 4.5, 0.0]",1.2089505339944113,11.049554824829102,-0.3636226543853094,57.03095839576678,9.822013630959875,-0.0,0.0,-0.0,0.0
40.139281,"[192.17544555664062, 5.59646463394165, 0.0]","[250.01690673828125, 4.5, 0.0]",1.201678021890779,11.064041137695312,-0.3636256051816167,57.22666077299542,9.84060429083469,-0.0,0.0,-0.0,0.0
40.15953,"[192.1994171142578, 5.593334674835205, 0.0]","[250.23797607421875, 4.5, 0.0]",1.1944057299274942,11.06850528717041,-0.36361459816424135,57.42294857634305,9.862363115804534,-0.0,0.0,-0.0,0.0
40.177587,"[192.22325134277344, 5.590229034423828, 0.0]","[250.45846557617188, 4.5, 0.0]",1.1871332635640153,11.08627700805664,-0.36362331817394455,57.619016371894425,9.874099557242916,-0.0,0.0,-0.0,0.0
40.197973,"[192.24693298339844, 5.587147235870361, 0.0]","[250.68417358398438, 4.5, 0.0]",1.1798608799364292,11.090975761413574,-0.3636191813793044,57.814655354430066,9.899143744492626,-0.0,0.0,-0.0,0.0
40.222227,"[192.27047729492188, 5.5840888023376465, 0.0]","[250.90789794921875, 4.5, 0.0]",1.172588506740625,11.10878849029541,-0.36361865979021024,58.01561906046285,9.911114881477145,-0.0,0.0,-0.0,0.0
40.237585,"[192.29388427734375, 5.581054210662842, 0.0]","[251.12399291992188, 4.5, 0.0]",1.1653160120087591,11.11272144317627,-0.3636247365932932,58.21476194937721,9.936199983554785,-0.0,0.0,-0.0,0.0
40.259845,"[192.317138671875, 5.578042984008789, 0.0]","[251.34970092773438, 4.5, 0.0]",1.1580436497106976,11.130462646484375,-0.36361811490307483,58.406496067858086,9.94740543116751,-0.0,0.0,-0.0,0.0
40.278551,"[192.3402557373047, 5.5750555992126465, 0.0]","[251.57122802734375, 4.5, 0.0]",1.1507710645067841,11.134661674499513,-0.36362926019567476,58.607906566392266,9.972418996773678,-0.0,0.0,-0.0,0.0
40.296465,"[192.36322021484375, 5.572091579437256, 0.0]","[251.79385375976562, 4.5, 0.0]",1.1434986070623816,11.152251243591309,-0.36362287222012624,58.80531715833782,9.983890609992729,-0.0,0.0,-0.0,0.0
40.317434,"[192.38604736328125, 5.569150924682617, 0.0]","[252.01734924316406, 4.5, 0.0]",1.1362263572419784,11.15643310546875,-0.3636124910201599,59.003976627048274,10.008752636528927,-0.0,0.0,-0.0,0.0
40.338746,"[192.4087371826172, 5.5662336349487305, 0.0]","[252.23997497558594, 4.5, 0.0]",1.128953998703469,11.173741340637207,-0.3636179269254747,59.203638430629866,10.020206748226771,-0.0,0.0,-0.0,0.0
40.357313,"[192.4312744140625, 5.5633392333984375, 0.0]","[252.46205139160156, 4.5, 0.0]",1.1216815845384343,11.177685737609863,-0.36362070825173287,59.40258269072485,10.044787341933738,-0.0,0.0,-0.0,0.0
40.378119,"[192.45367431640625, 5.5604681968688965, 0.0]","[252.68844604492188, 4.5, 0.0]",1.1144092491137998,11.195173263549805,-0.36361677123172287,59.60114264605205,10.056004153071429,-0.0,0.0,-0.0,0.0
40.397231,"[192.47592163085938, 5.557620048522949, 0.0]","[252.9164276123047, 4.5, 0.0]",1.1071369163712028,11.199399948120119,-0.3636166371298488,59.8041202035228,10.080764014436005,-0.0,0.0,-0.0,0.0
40.422697,"[192.49803161621094, 5.554794788360596, 0.0]","[253.13587951660156, 4.5, 0.0]",1.0998645555254227,11.21644401550293,-0.3636180422890045,60.008827369928674,10.092263031748915,-0.0,0.0,-0.0,0.0
40.435721,"[192.51998901367188, 5.551991939544678, 0.0]","[253.3582000732422, 4.5, 0.0]",1.0925922246143815,11.220124244689941,-0.363616545552059,60.20522697331158,10.116579459977507,-0.0,0.0,-0.0,0.0
40.460646,"[192.54180908203125, 5.5492119789123535, 0.0]","[253.58737182617188, 4.5, 0.0]",1.0853199598617123,11.237458229064941,-0.3636132376334644,60.40462428212217,10.12753202007556,-0.0,0.0,-0.0,0.0
40.477126,"[192.56349182128906, 5.546454906463623, 0.0]","[253.81329345703125, 4.5, 0.0]",1.0780474478722002,11.241305351257324,-0.36362559947560325,60.6109501534715,10.15213826920323,-0.0,0.0,-0.0,0.0
40.497722,"[192.58502197265625, 5.543720722198486, 0.0]","[254.03924560546875, 4.5, 0.0]",1.0707751205032663,11.258490562438965,-0.3636163684466953,60.81419530135899,10.163257903385125,-0.0,0.0,-0.0,0.0
40.523079,"[192.60641479492188, 5.541008949279785, 0.0]","[254.26187133789062, 4.5, 0.0]",1.0635027618046564,11.262075424194336,-0.36361793493049355,61.017629115712495,10.187715441935698,-0.0,0.0,-0.0,0.0
40.538098,"[192.62765502929688, 5.5383195877075195, 0.0]","[254.485107421875, 4.5, 0.0]",1.0562307877302126,11.278868675231934,-0.36359870372218994,61.217909031424924,10.19857266238968,-0.0,0.0,-0.0,0.0
40.557636,"[192.6487579345703, 5.5356526374816895, 0.0]","[254.714599609375, 4.5, 0.0]",1.0489585507835335,11.282610893249512,-0.3636118473339556,61.4189516529566,10.22263788750172,-0.0,0.0,-0.0,0.0
40.577127,"[192.6697235107422, 5.533007621765137, 0.0]","[254.93736267089844, 4.5, 0.0]",1.041686404837706,11.299383163452148,-0.3636072972913795,61.62633476445819,10.233652342465978,-0.0,0.0,-0.0,0.0
40.597938,"[192.69053649902344, 5.530384540557861, 0.0]","[255.16363525390625, 4.5, 0.0]",1.0344144179921666,11.302978515625002,-0.36359934227696566,61.82718672558377,10.257696758614443,-0.0,0.0,-0.0,0.0
40.619153,"[192.71121215820312, 5.5277838706970215, 0.0]","[255.39427185058594, 4.5, 0.0]",1.0271421704800583,11.320006370544434,-0.3636123756054155,62.03167233877416,10.268564097632835,-0.0,0.0,-0.0,0.0
40.637385,"[192.7317352294922, 5.525204658508301, 0.0]","[255.62095642089844, 4.5, 0.0]",1.0198699909162898,11.32337760925293,-0.3636089781884233,62.24062129164817,10.292864200064376,-0.0,0.0,-0.0,0.0
40.658049,"[192.7521209716797, 5.522647380828857, 0.0]","[255.84762573242188, 4.5, 0.0]",0.9501338885137608,11.34008502960205,-3.4868051201264514,62.445808796394836,10.30350761833664,-0.0,0.0,-0.0,0.0
40.676828,"[192.77235412597656, 5.520112037658691, 0.0]","[256.0743103027344, 4.5, 0.0]",0.940884361117347,11.346790313720703,-0.4624763698206913,62.65112484326229,10.38995114108829,-0.0,0.0,-0.0,0.0
40.697122,"[192.79095458984375, 5.5162434577941895, 0.0]","[256.30120849609375, 4.5, 0.0]",0.9328723200386067,11.356839179992676,-0.40060205393701587,62.85660768325672,10.405905952603357,-0.0,0.0,-0.0,0.0
40.718851,"[192.80947875976562, 5.512950420379639, 0.0]","[256.5242919921875, 4.5, 0.0]",0.9252602323983901,11.366633415222168,-0.3806043820108296,63.05747985518777,10.423966859954069,-0.0,0.0,-0.0,0.0
40.736727,"[192.82789611816406, 5.5099639892578125, 0.0]","[256.75518798828125, 4.5, 0.0]",0.9177958169178314,11.376642227172852,-0.3732207740279325,63.25605267364858,10.441373182823778,-0.0,0.0,-0.0,0.0
40.757762,"[192.84619140625, 5.507154941558838, 0.0]","[256.97943115234375, 4.5, 0.0]",0.9103973361312723,11.38636302947998,-0.3699240393279568,63.463602473556485,10.45884641025502,-0.0,0.0,-0.0,0.0
40.777815,"[192.86434936523438, 5.504464626312256, 0.0]","[257.2114562988281, 4.5, 0.0]",0.9030348731023577,11.3964204788208,-0.36812315144572616,63.66556482928391,10.475965693348709,-0.0,0.0,-0.0,0.0
40.798054,"[192.8823699951172, 5.501866817474365, 0.0]","[257.43951416015625, 4.5, 0.0]",0.895695943568105,11.406306266784668,-0.36694647671263736,63.87605639845998,10.493385605718442,-0.0,0.0,-0.0,0.0
40.817647,"[192.90025329589844, 5.4993486404418945, 0.0]","[257.6634521484375, 4.5, 0.0]",0.888374679212636,11.415932655334473,-0.3660632177734491,64.08327588221638,10.510610323216563,-0.0,0.0,-0.0,0.0
40.837023,"[192.91799926757812, 5.496903896331787, 0.0]","[257.8918762207031, 4.5, 0.0]",0.8810671372920537,11.425633430480957,-0.36537709602911805,64.28695537019182,10.527557976121837,-0.0,0.0,-0.0,0.0
40.858541,"[192.93560791015625, 5.494528293609619, 0.0]","[258.1209716796875, 4.5, 0.0]",0.8737707158366972,11.435362815856934,-0.3648210727678236,64.49552291636667,10.544566293188904,-0.0,0.0,-0.0,0.0
40.879245,"[192.9530792236328, 5.492217540740967, 0.0]","[258.3511657714844, 4.5, 0.0]",0.8664826824311423,11.445137977600098,-0.36440167027774195,64.70512639163432,10.561592100020237,-0.0,0.0,-0.0,0.0
40.898338,"[192.9704132080078, 5.489966869354248, 0.0]","[258.583251953125, 4.5, 0.0]",0.8592003838158758,11.454994201660158,-0.36411493076332624,64.91613758775159,10.578655295168955,-0.0,0.0,-0.0,0.0
40.91769,"[192.98760986328125, 5.487768650054932, 0.0]","[258.81280517578125, 4.5, 0.0]",0.8519213957472879,11.464653015136719,-0.36394940342939774,65.12929446541057,10.595793817844282,-0.0,0.0,-0.0,0.0
40.937362,"[193.00465393066406, 5.485614776611328, 0.0]","[259.041748046875, 4.5, 0.0]",0.8446443391815945,11.474165916442871,-0.3638528282846665,65.34019138762896,10.61273161938943,-0.0,0.0,-0.0,0.0
40.957806,"[193.0215606689453, 5.483497142791748, 0.0]","[259.2706604003906, 4.5, 0.0]",0.8373685534493301,11.483678817749023,-0.36378928661321974,65.55071869176305,10.629521577261276,-0.0,0.0,-0.0,0.0
40.977829,"[193.038330078125, 5.481409549713135, 0.0]","[259.5013732910156, 4.5, 0.0]",0.8300932888201046,11.493265151977539,-0.3637632314612782,65.76141790937476,10.646310264299693,-0.0,0.0,-0.0,0.0
40.99827,"[193.05494689941406, 5.479347229003906, 0.0]","[259.7314758300781, 4.5, 0.0]",0.8228186682461782,11.502827644348145,-0.363731028696318,65.9740874270535,10.663171863157434,-0.0,0.0,-0.0,0.0
41.017017,"[193.07142639160156, 5.477307319641113, 0.0]","[259.9622802734375, 4.5, 0.0]",0.8155445329287424,11.51231861114502,-0.36370676587179074,66.18634188931743,10.680008976101966,-0.0,0.0,-0.0,0.0
41.038065,"[193.08775329589844, 5.475287437438965, 0.0]","[260.1927795410156, 4.5, 0.0]",0.8082708684644637,11.521661758422852,-0.3636832232139342,66.39946706777079,10.696774078216277,-0.0,0.0,-0.0,0.0
41.05736,"[193.10394287109375, 5.4732866287231445, 0.0]","[260.4173889160156, 4.5, 0.0]",0.8009973714136933,11.530765533447266,-0.3636748525385203,66.6124672661232,10.713390889958388,-0.0,0.0,-0.0,0.0
41.077999,"[193.11997985839844, 5.471303939819336, 0.0]","[260.6494445800781, 4.5, 0.0]",0.7937242183941721,11.540172576904297,-0.3636576509760625,66.81978802241224,10.729768162033572,-0.0,0.0,-0.0,0.0
41.09725,"[193.13587951660156, 5.469338893890381, 0.0]","[260.88031005859375, 4.5, 0.0]",0.7864512611134628,11.552864074707031,-0.3636478640354657,67.0346531671317,10.746448358510126,-0.0,0.0,-0.0,0.0
41.116847,"[193.15162658691406, 5.4673919677734375, 0.0]","[261.1117248535156, 4.5, 0.0]",0.7791783946760044,11.555468559265137,-0.3636433218729196,67.24849150892425,10.766412813593568,-0.0,0.0,-0.0,0.0
41.136764,"[193.167236328125, 5.465463161468506, 0.0]","[261.3422546386719, 4.5, 0.0]",0.7719056001063221,11.57121753692627,-0.36363972848411086,67.46303392397378,10.776290164589133,-0.0,0.0,-0.0,0.0
41.15798,"[193.18270874023438, 5.463552951812744, 0.0]","[261.57763671875, 4.5, 0.0]",0.7646329588514836,11.573822021484375,-0.3636320627419254,67.67684531599761,10.799311936819947,-0.0,0.0,-0.0,0.0
41.176088,"[193.19802856445312, 5.461661338806152, 0.0]","[261.80389404296875, 4.5, 0.0]",0.7573603274093794,11.589402198791504,-0.3636315721052108,67.8956112701674,10.80918906263289,-0.0,0.0,-0.0,0.0
41.196876,"[193.2132110595703, 5.459788799285889, 0.0]","[262.04180908203125, 4.5, 0.0]",0.7500876709840343,11.592106819152832,-0.3636328212672568,68.10548969113317,10.832041871382124,-0.0,0.0,-0.0,0.0
41.217932,"[193.22824096679688, 5.457935810089111, 0.0]","[262.2741394042969, 4.5, 0.0]",0.742815008786808,11.60779857635498,-0.3636331098613166,68.32706126891472,10.842019148168799,-0.0,0.0,-0.0,0.0
41.237636,"[193.24313354492188, 5.4561028480529785, 0.0]","[262.5055847167969, 4.5, 0.0]",0.7355422870646231,11.609949111938478,-0.3636360861092425,68.54325605895608,10.864983567568173,-0.0,0.0,-0.0,0.0
41.260108,"[193.25787353515625, 5.45428991317749, 0.0]","[262.7391357421875, 4.5, 0.0]",0.728269466690934,11.625514030456543,-0.3636410186844574,68.75872101846706,10.874406824873855,-0.0,0.0,-0.0,0.0
41.278328,"[193.27247619628906, 5.4524970054626465, 0.0]","[262.9708557128906, 4.5, 0.0]",0.7209967005749831,11.627674102783203,-0.3636383057975423,68.97642683060589,10.897244563765609,-0.0,0.0,-0.0,0.0
41.298091,"[193.28692626953125, 5.4507246017456055, 0.0]","[263.2041931152344, 4.5, 0.0]",0.7137236944856773,11.643231391906738,-0.36365030446529056,69.19246421557273,10.90667740220822,-0.0,0.0,-0.0,0.0
41.316084,"[193.30123901367188, 5.448972702026367, 0.0]","[263.4317626953125, 4.5, 0.0]",0.7064507301155195,11.645088195800781,-0.3636482185078893,69.41026091538139,10.92950769742106,-0.0,0.0,-0.0,0.0
41.338164,"[193.31541442871094, 5.44724178314209, 0.0]","[263.6650085449219, 4.5, 0.0]",0.6991777458925594,11.660276412963867,-0.36364921114800386,69.62248464915115,10.938637465685261,-0.0,0.0,-0.0,0.0
41.358444,"[193.32943725585938, 5.445531368255615, 0.0]","[263.8974914550781, 4.5, 0.0]",0.6919047675394031,11.662101745605469,-0.36364891765781615,69.84047912159076,10.961098667071308,-0.0,0.0,-0.0,0.0
41.376031,"[193.34332275390625, 5.443841934204102, 0.0]","[264.1313781738281, 4.5, 0.0]",0.6846316634815568,11.677313804626465,-0.3636552028923157,70.05787632362535,10.970196978066065,-0.0,0.0,-0.0,0.0
41.395793,"[193.3570556640625, 5.442173480987549, 0.0]","[264.36553955078125, 4.5, 0.0]",0.677358595134229,11.679201126098635,-0.36365341736638856,70.2768083581385,10.992682141144908,-0.0,0.0,-0.0,0.0
41.415915,"[193.3706512451172, 5.440526008605957, 0.0]","[264.5990905761719, 4.5, 0.0]",0.6700854643283253,11.69420337677002,-0.36365654029518746,70.49617139275871,11.001842530964405,-0.0,0.0,-0.0,0.0
41.436633,"[193.38409423828125, 5.438899517059326, 0.0]","[264.8326416015625, 4.5, 0.0]",0.6628123476894398,11.695570945739746,-0.3636558319442762,70.71507665245848,11.024117912441694,-0.0,0.0,-0.0,0.0
41.458006,"[193.39739990234375, 5.437294006347656, 0.0]","[265.0679931640625, 4.5, 0.0]",0.655539109405204,11.710336685180664,-0.36366191421178806,70.93413837686576,11.032758598050306,-0.0,0.0,-0.0,0.0
41.475054,"[193.4105682373047, 5.435709476470947, 0.0]","[265.3011169433594, 4.5, 0.0]",0.648266034428354,11.711689949035645,-0.3636537488425018,71.15513273963121,11.05479757577546,-0.0,0.0,-0.0,0.0
41.496728,"[193.423583984375, 5.434145927429199, 0.0]","[265.5362548828125, 4.5, 0.0]",0.6409931485232987,11.726449012756348,-0.363644295252763,71.37406399218219,11.063423914607291,-0.0,0.0,-0.0,0.0
41.516574,"[193.43646240234375, 5.432603359222412, 0.0]","[265.77008056640625, 4.5, 0.0]",0.6337202718464185,11.727535247802734,-0.36364383384400734,71.5951513032056,11.08545586423305,-0.0,0.0,-0.0,0.0
41.536855,"[193.44918823242188, 5.431081295013428, 0.0]","[266.0050048828125, 4.5, 0.0]",0.6264474944668929,11.74155044555664,-0.36363886897628483,71.81508276983175,11.093814975956317,-0.0,0.0,-0.0,0.0
41.556734,"[193.46177673339844, 5.429579734802246, 0.0]","[266.2403564453125, 4.5, 0.0]",0.619174795206445,11.742243766784668,-0.3636349630223912,72.03625939347555,11.115102951089748,-0.0,0.0,-0.0,0.0
41.57651,"[193.47421264648438, 5.428098678588867, 0.0]","[266.4801940917969, 4.5, 0.0]",0.6119020971205151,11.756412506103516,-0.3636349042964948,72.25800643447278,11.123068971578222,-0.0,0.0,-0.0,0.0
41.596097,"[193.48651123046875, 5.426637649536133, 0.0]","[266.713134765625, 4.5, 0.0]",0.604629404634111,11.760363578796387,-0.3636346243202082,72.48435386539946,11.144510408983,-0.0,0.0,-0.0,0.0
41.616796,"[193.4986572265625, 5.425197124481201, 0.0]","[266.951171875, 4.5, 0.0]",0.5973567531044217,11.767352104187012,-0.3636325764844628,72.70400744392853,11.155734174162276,-0.0,0.0,-0.0,0.0
41.636363,"[193.5106658935547, 5.423776626586914, 0.0]","[267.1819152832031, 4.5, 0.0]",0.5900841166145298,11.773507118225098,-0.36363182449459797,72.92886635768348,11.16999535108259,-0.0,0.0,-0.0,0.0
41.657738,"[193.5225372314453, 5.4223761558532715, 0.0]","[267.4223937988281, 4.5, 0.0]",0.5828116067494263,11.779921531677246,-0.3636254932551708,73.14663660425765,11.183423001610567,-0.0,0.0,-0.0,0.0
41.676068,"[193.5342559814453, 5.420995235443115, 0.0]","[267.6577453613281, 4.5, 0.0]",0.5755390983467557,11.786199569702148,-0.36362542013353427,73.37420208100826,11.197109924927819,-0.0,0.0,-0.0,0.0
41.696079,"[193.54583740234375, 5.4196343421936035, 0.0]","[267.8936462402344, 4.5, 0.0]",0.5682667746619198,11.79249095916748,-0.363616184241794,73.59683443218383,11.210660471355393,-0.0,0.0,-0.0,0.0
41.71721,"[193.55726623535156, 5.418292999267578, 0.0]","[268.1297912597656, 4.5, 0.0]",0.5609942554456637,11.798161506652834,-0.3636259608128023,73.82015443497556,11.22422418450556,-0.0,0.0,-0.0,0.0
41.740474,"[193.5685577392578, 5.416971206665039, 0.0]","[268.36468505859375, 4.5, 0.0]",0.5537219024888652,11.80294132232666,-0.36361764783992556,74.04386751449069,11.23716725120717,-0.0,0.0,-0.0,0.0
41.756872,"[193.57969665527344, 5.415668487548828, 0.0]","[268.599853515625, 4.5, 0.0]",0.5464496801981731,11.807726860046387,-0.3636111145346066,74.26648325413,11.249219419837795,-0.0,0.0,-0.0,0.0
41.775806,"[193.5906982421875, 5.4143853187561035, 0.0]","[268.8334655761719, 4.5, 0.0]",0.5391774848118049,11.812481880187988,-0.36360976931840705,74.48952211075087,11.261277179848214,-0.0,0.0,-0.0,0.0
41.795904,"[193.60154724121094, 5.413121223449707, 0.0]","[269.0693359375, 4.5, 0.0]",0.5319053018442362,11.817281723022461,-0.3636091483784354,74.7111573454701,11.273304395376183,-0.0,0.0,-0.0,0.0
41.815736,"[193.6122589111328, 5.411876201629639, 0.0]","[269.3068542480469, 4.5, 0.0]",0.524633249575759,11.821364402770996,-0.36360261342386346,74.9351808202985,11.285376421178224,-0.0,0.0,-0.0,0.0
41.835982,"[193.62283325195312, 5.410650253295898, 0.0]","[269.5429382324219, 4.5, 0.0]",0.5173611882643447,11.824311256408691,-0.3636030655707112,75.16097835066967,11.296731153195237,-0.0,0.0,-0.0,0.0
41.860457,"[193.6332550048828, 5.409442901611328, 0.0]","[269.7801208496094, 4.5, 0.0]",0.5100892355710636,11.827271461486816,-0.36359763466405903,75.3854870200725,11.306950068144346,-0.0,0.0,-0.0,0.0
41.876689,"[193.64353942871094, 5.408254623413086, 0.0]","[270.0144348144531, 4.5, 0.0]",0.5028172695343942,11.830196380615234,-0.36359830183346764,75.61123653158668,11.317182225915753,-0.0,0.0,-0.0,0.0
41.896325,"[193.65367126464844, 5.407084941864014, 0.0]","[270.2574157714844, 4.5, 0.0]",0.4955454282505685,11.833230018615723,-0.3635920641912843,75.83427735098475,11.327379111080841,-0.0,0.0,-0.0,0.0
41.915883,"[193.66366577148438, 5.405933380126953, 0.0]","[270.489990234375, 4.5, 0.0]",0.48827364610014484,11.835295677185059,-0.3635891075211839,76.06606359076464,11.337684590365154,-0.0,0.0,-0.0,0.0
41.939417,"[193.6735076904297, 5.4048004150390625, 0.0]","[270.729736328125, 4.5, 0.0]",0.4810018763419647,11.836182594299316,-0.36358848790900844,76.2876639189361,11.347022031084913,-0.0,0.0,-0.0,0.0
41.957516,"[193.68321228027344, 5.403685569763184, 0.0]","[270.9606628417969, 4.5, 0.0]",0.47373012830361466,11.837038040161133,-0.3635874019175006,76.51652225831309,11.355180717957351,-0.0,0.0,-0.0,0.0
41.97564,"[193.69276428222656, 5.402589321136475, 0.0]","[271.1986999511719, 4.5, 0.0]",0.4664584011156571,11.837919235229492,-0.3635863593978772,76.73677356427622,11.363307911857518,-0.0,0.0,-0.0,0.0
41.996186,"[193.70217895507812, 5.401511192321777, 0.0]","[271.4364929199219, 4.5, 0.0]",0.45918673526713505,11.838799476623535,-0.36358329242610343,76.9642162456023,11.371460834113835,-0.0,0.0,-0.0,0.0
42.01614,"[193.71144104003906, 5.400451183319092, 0.0]","[271.67822265625, 4.5, 0.0]",0.4519150623876295,11.842154502868652,-0.36358364397527654,77.19155281069008,11.3796127413564,-0.0,0.0,-0.0,0.0
42.036592,"[193.72056579589844, 5.39940881729126, 0.0]","[271.9102783203125, 4.5, 0.0]",0.4446434332579951,11.83430862426758,-0.3635814564817208,77.4229376299741,11.390239440481023,-0.0,0.0,-0.0,0.0
42.058198,"[193.72955322265625, 5.3983845710754395, 0.0]","[272.1520690917969, 4.5, 0.0]",0.43737184788897,11.839750289916992,-0.36357926845125565,77.6448648267195,11.389665191009584,-0.0,0.0,-0.0,0.0
42.080263,"[193.73838806152344, 5.397377967834473, 0.0]","[272.3830871582031, 4.5, 0.0]",0.43010035300623956,11.831910133361816,-0.3635747441365217,77.8765717795186,11.402378442028022,-0.0,0.0,-0.0,0.0
42.096191,"[193.74708557128906, 5.396389484405518, 0.0]","[272.6261901855469, 4.5, 0.0]",0.42282890233144166,11.8373441696167,-0.36357253373989484,78.09774516806694,11.401809780355578,-0.0,0.0,-0.0,0.0
42.116324,"[193.75563049316406, 5.395418643951416, 0.0]","[272.8624267578125, 4.5, 0.0]",0.4155574971127687,11.828695297241211,-0.36357026093364886,78.33103956652869,11.414515267285257,-0.0,0.0,-0.0,0.0
42.136748,"[193.7640380859375, 5.39446496963501, 0.0]","[273.09820556640625, 4.5, 0.0]",0.4082861073578936,11.832320213317871,-0.3635694877437534,78.55766344380598,11.413137800128442,-0.0,0.0,-0.0,0.0
42.15664,"[193.7722930908203, 5.393528938293457, 0.0]","[273.33404541015625, 4.5, 0.0]",0.4010147270815786,11.82260799407959,-0.363569013815751,78.78396605618762,11.424034105959977,-0.0,0.0,-0.0,0.0
42.175342,"[193.78041076660156, 5.3926100730896, 0.0]","[273.5666809082031, 4.5, 0.0]",0.3937434317019163,11.826273918151855,-0.3635647689831156,79.01047569171274,11.421593266998011,-0.0,0.0,-0.0,0.0
42.197049,"[193.7883758544922, 5.3917083740234375, 0.0]","[273.8037414550781, 4.5, 0.0]",0.3864720879835939,11.816545486450195,-0.36356718591611936,79.23393273662816,11.43253048644994,-0.0,0.0,-0.0,0.0
42.216557,"[193.79620361328125, 5.390823841094971, 0.0]","[274.044921875, 4.5, 0.0]",0.3792007437803204,11.819493293762207,-0.3635672101636733,79.46191897315943,11.430073398466602,-0.0,0.0,-0.0,0.0
42.235336,"[193.8038787841797, 5.389956474304199, 0.0]","[274.27490234375, 4.5, 0.0]",0.3719294462345368,11.808452606201174,-0.3635648772891825,79.69412171364107,11.440292549981887,-0.0,0.0,-0.0,0.0
42.257578,"[193.81141662597656, 5.389106273651123, 0.0]","[274.51666259765625, 4.5, 0.0]",0.36465817151942115,11.810523986816406,-0.3635637357557814,79.91535761408325,11.436523159966637,-0.0,0.0,-0.0,0.0
42.27682,"[193.8188018798828, 5.388273239135742, 0.0]","[274.7534484863281, 4.5, 0.0]",0.35738688053616974,11.79935359954834,-0.3635645491625705,80.14840339134204,11.445865815296985,-0.0,0.0,-0.0,0.0
42.297369,"[193.8260498046875, 5.387457370758057, 0.0]","[274.9847412109375, 4.5, 0.0]",0.35011560551567844,11.801623344421387,-0.36356375102456484,80.37666075850485,11.44196671901217,-0.0,0.0,-0.0,0.0
42.317004,"[193.83314514160156, 5.386658191680908, 0.0]","[275.2230224609375, 4.5, 0.0]",0.3428443596632041,11.790177345275879,-0.36356229262371753,80.5996023495187,11.451507738905708,-0.0,0.0,-0.0,0.0
42.335967,"[193.84010314941406, 5.385876178741455, 0.0]","[275.4614562988281, 4.5, 0.0]",0.33557306161496125,11.791701316833496,-0.3635649024121418,80.82961233979297,11.447332985612675,-0.0,0.0,-0.0,0.0
42.356292,"[193.846923828125, 5.385111331939697, 0.0]","[275.6917724609375, 4.5, 0.0]",0.32830181987871715,11.780065536499025,-0.36356208681220525,81.0599014624624,11.456128255218534,-0.0,0.0,-0.0,0.0
42.376276,"[193.8535919189453, 5.384363174438477, 0.0]","[275.9271545410156, 4.5, 0.0]",0.3210305969164168,11.781654357910156,-0.3635611481150186,81.2822676615195,11.451763716620308,-0.0,0.0,-0.0,0.0
42.395951,"[193.86012268066406, 5.383631706237793, 0.0]","[276.1685485839844, 4.5, 0.0]",0.313759397053694,11.76977825164795,-0.3635599931361394,81.50980174045165,11.46062376099374,-0.0,0.0,-0.0,0.0
42.415865,"[193.8665008544922, 5.3829169273376465, 0.0]","[276.4041748046875, 4.5, 0.0]",0.3064881832682044,11.771159172058105,-0.3635606892744808,81.74341914816456,11.456018854594255,-0.0,0.0,-0.0,0.0
42.435827,"[193.87274169921875, 5.382218837738037, 0.0]","[276.636474609375, 4.5, 0.0]",0.2992169645592926,11.758998870849611,-0.3635609354455893,81.9714612297175,11.464670988789901,-0.0,0.0,-0.0,0.0
42.458197,"[193.8788299560547, 5.381537437438965, 0.0]","[276.86944580078125, 4.5, 0.0]",0.2919457249199438,11.760159492492676,-0.36356198196743905,82.19633003526668,11.459781906290319,-0.0,0.0,-0.0,0.0
42.476841,"[193.88478088378906, 5.38087272644043, 0.0]","[277.10894775390625, 4.5, 0.0]",0.2846745336574827,11.74782943725586,-0.36355956312305593,82.42200545559567,11.468213767572731,-0.0,0.0,-0.0,0.0
42.496372,"[193.8905792236328, 5.380224704742432, 0.0]","[277.340576171875, 4.5, 0.0]",0.27740331556915443,11.749022483825684,-0.36356090441641287,82.65428227851383,11.463154903598376,-0.0,0.0,-0.0,0.0
42.515485,"[193.896240234375, 5.379593372344971, 0.0]","[277.5753173828125, 4.5, 0.0]",0.27013215225549436,11.740036964416504,-0.36355816568300336,82.87889067644218,11.47161916825653,-0.0,0.0,-0.0,0.0
42.535885,"[193.90174865722656, 5.378978252410889, 0.0]","[277.80877685546875, 4.5, 0.0]",0.26286096432730943,11.73426628112793,-0.3635593964092465,83.10671030365148,11.46990481216101,-0.0,0.0,-0.0,0.0
42.555842,"[193.90711975097656, 5.378379821777344, 0.0]","[278.0435791015625, 4.5, 0.0]",0.2555898477678201,11.728461265563965,-0.3635558279744655,83.3334001852389,11.47140531680062,-0.0,0.0,-0.0,0.0
42.57694,"[193.91233825683594, 5.377798080444336, 0.0]","[278.2821044921875, 4.5, 0.0]",0.24831866767263644,11.722564697265625,-0.3635590047591841,83.5615468679106,11.472871417796144,-0.0,0.0,-0.0,0.0
42.595896,"[193.91741943359375, 5.377232551574707, 0.0]","[278.51361083984375, 4.5, 0.0]",0.24104748654526456,11.716841697692871,-0.3635590563685939,83.79352503280481,11.474246029592988,-0.0,0.0,-0.0,0.0
42.616655,"[193.92234802246094, 5.376683235168457, 0.0]","[278.7492370605469, 4.5, 0.0]",0.23377628511144685,11.71101188659668,-0.36356007169088544,84.01866741433867,11.475794211147607,-0.0,0.0,-0.0,0.0
42.635966,"[193.92713928222656, 5.376150608062744, 0.0]","[278.9812316894531, 4.5, 0.0]",0.2265051005703976,11.705262184143068,-0.36355922705246235,84.24803842606237,11.477235601485233,-0.0,0.0,-0.0,0.0
42.656086,"[193.93179321289062, 5.37563419342041, 0.0]","[279.2158203125, 4.5, 0.0]",0.21923395835831344,11.699448585510254,-0.3635571106042082,84.47392792441708,11.47875708357267,-0.0,0.0,-0.0,0.0
42.679608,"[193.93629455566406, 5.375133991241455, 0.0]","[279.448974609375, 4.5, 0.0]",0.21196280350312233,11.69367027282715,-0.3635577427595557,84.70251459863393,11.480214627151941,-0.0,0.0,-0.0,0.0
42.695259,"[193.94065856933594, 5.374650001525879, 0.0]","[279.68402099609375, 4.5, 0.0]",0.20469166873723435,11.687846183776855,-0.36355673829439883,84.92982055489976,11.481707469324029,-0.0,0.0,-0.0,0.0
42.719689,"[193.9448699951172, 5.374182224273682, 0.0]","[279.9176025390625, 4.5, 0.0]",0.19742053721790842,11.682051658630371,-0.3635565759662965,85.1591232761505,11.48315451503962,-0.0,0.0,-0.0,0.0
42.739725,"[193.94894409179688, 5.373730659484863, 0.0]","[280.15557861328125, 4.5, 0.0]",0.19014939658552596,11.676138877868652,-0.36355703161912306,85.38711206169465,11.484631121412463,-0.0,0.0,-0.0,0.0
42.756287,"[193.95286560058594, 5.373295307159424, 0.0]","[280.382568359375, 4.5, 0.0]",0.18287822826185549,11.670499801635744,-0.3635584161835237,85.61958354671111,11.485989481283127,-0.0,0.0,-0.0,0.0
42.776489,"[193.95664978027344, 5.372876167297363, 0.0]","[280.6218566894531, 4.5, 0.0]",0.17560709332322208,11.664555549621582,-0.3635567469316703,85.84129505354981,11.487621573373888,-0.0,0.0,-0.0,0.0
42.796167,"[193.9602813720703, 5.372473239898682, 0.0]","[280.8512268066406, 4.5, 0.0]",0.16833597188782748,11.658857345581055,-0.36355607176973004,86.07533046263268,11.48894845629836,-0.0,0.0,-0.0,0.0
42.816231,"[193.96377563476562, 5.372086048126221, 0.0]","[281.0852355957031, 4.5, 0.0]",0.1610648040575231,11.653038024902344,-0.3635583915152188,86.29965957705576,11.490521373693227,-0.0,0.0,-0.0,0.0
42.837264,"[193.9671173095703, 5.371715068817139, 0.0]","[281.3171691894531, 4.5, 0.0]",0.15379364758972827,11.647261619567871,-0.3635578233897416,86.52871841433344,11.491973220844821,-0.0,0.0,-0.0,0.0
42.856669,"[193.97032165527344, 5.3713603019714355, 0.0]","[281.5498352050781, 4.5, 0.0]",0.1465224942939334,11.641467094421387,-0.36355766478974316,86.75585429656704,11.493467971978143,-0.0,0.0,-0.0,0.0
42.875587,"[193.97337341308594, 5.371021270751953, 0.0]","[281.7830810546875, 4.5, 0.0]",0.1392513378506283,11.63565731048584,-0.3635578221652558,86.9838382435618,11.494944600127454,-0.0,0.0,-0.0,0.0
42.899217,"[193.97628784179688, 5.37069845199585, 0.0]","[282.017822265625, 4.5, 0.0]",0.13198014472221037,11.62981128692627,-0.3635596564208962,87.21253520423541,11.49640597263521,-0.0,0.0,-0.0,0.0
42.915152,"[193.9790496826172, 5.370391368865967, 0.0]","[282.2489929199219, 4.5, 0.0]",0.11368263595083347,11.624049186706545,-0.9148754385688448,87.44283676067239,11.49783114220406,-0.0,0.0,-0.0,0.0
42.93474,"[193.98167419433594, 5.370100498199463, 0.0]","[282.4804992675781, 4.5, 0.0]",0.1060289633460674,11.621602058410645,-0.38268363023830354,87.66973271471174,11.51036655075571,-0.0,0.0,-0.0,0.0
42.955595,"[193.98390197753906, 5.369612693786621, 0.0]","[282.71319580078125, 4.5, 0.0]",0.09860434973008243,11.609124183654785,-0.37123068079924837,87.89708813131286,11.515573095064576,-0.0,0.0,-0.0,0.0
42.975101,"[193.98599243164062, 5.369226932525635, 0.0]","[282.9451904296875, 4.5, 0.0]",0.09125914378914442,11.610000610351562,-0.3672602970469008,88.12484986148202,11.510519833924702,-0.0,0.0,-0.0,0.0
42.996907,"[193.98793029785156, 5.368903160095215, 0.0]","[283.17828369140625, 4.5, 0.0]",0.08394494242894718,11.597513198852539,-0.36571006800986194,88.35227988242801,11.518741466562417,-0.0,0.0,-0.0,0.0
43.016302,"[193.98973083496094, 5.368621826171875, 0.0]","[283.4101257324219, 4.5, 0.0]",0.07664514964024835,11.598386764526367,-0.3649896394349414,88.58113615283577,11.513568256423591,-0.0,0.0,-0.0,0.0
43.036541,"[193.99139404296875, 5.368374347686768, 0.0]","[283.64691162109375, 4.5, 0.0]",0.06935333461467298,11.585791587829592,-0.3645907512787684,88.80902444139404,11.52174161488612,-0.0,0.0,-0.0,0.0
43.056824,"[193.99290466308594, 5.3681559562683105, 0.0]","[283.8780212402344, 4.5, 0.0]",0.062066716961215365,11.586674690246582,-0.36433088267288083,89.04206198203319,11.516438253214918,-0.0,0.0,-0.0,0.0
43.076013,"[193.99427795410156, 5.367964267730713, 0.0]","[284.110595703125, 4.5, 0.0]",0.054783869492675816,11.574185371398926,-0.3641423734269775,89.26970177010169,11.524607973285367,-0.0,0.0,-0.0,0.0
43.0964,"[193.99551391601562, 5.3677978515625, 0.0]","[284.3381042480469, 4.5, 0.0]",0.04750405863947006,11.575159072875977,-0.3639905426602877,89.49898157778078,11.51940150190625,-0.0,0.0,-0.0,0.0
43.119642,"[193.99659729003906, 5.367656230926514, 0.0]","[284.5738830566406, 4.5, 0.0]",0.040227133292711874,11.562583923339844,-0.3638462673379094,89.72341088112785,11.527655014236506,-0.0,0.0,-0.0,0.0
43.135054,"[193.99754333496094, 5.367537975311279, 0.0]","[284.7987060546875, 4.5, 0.0]",0.032952552962625906,11.563610076904297,-0.3637290165042984,89.95622085263152,11.522356790047132,-0.0,0.0,-0.0,0.0
43.1563,"[193.9983367919922, 5.3674421310424805, 0.0]","[285.0318908691406, 4.5, 0.0]",0.025679698314741557,11.551091194152832,-0.36364273239421746,90.17831553852713,11.53065752394167,-0.0,0.0,-0.0,0.0
43.176138,"[193.99899291992188, 5.367367267608643, 0.0]","[285.2607727050781, 4.5, 0.0]",0.018407993953550444,11.552016258239746,-0.36358521805955557,90.40886323387244,11.52541149583809,-0.0,0.0,-0.0,0.0
43.196378,"[193.99949645996094, 5.367311954498291, 0.0]","[285.4933776855469, 4.5, 0.0]",0.011137431984852033,11.539511680603027,-0.36352809843492057,90.63528750310901,11.533608264286196,-0.0,0.0,-0.0,0.0
43.215774,"[193.99986267089844, 5.367274761199951, 0.0]","[285.7291564941406, 4.5, 0.0]",0.003871684912953741,11.540216445922852,-0.3632873535949146,90.86555039764596,11.528374248618176,-0.0,0.0,-0.0,0.0
43.236076,"[194.00009155273438, 5.367254734039307, 0.0]","[285.95440673828125, 4.5, 0.0]",0.003419030038205244,11.527787208557129,-0.022632743737424847,91.0990973879554,11.536344761009898,-0.0,0.0,-0.0,0.0
43.255957,"[194.0001678466797, 5.367251396179199, 0.0]","[286.1853942871094, 4.5, 0.0]",0.002421301530052638,11.528549194335938,-0.04988642540763031,91.32233218445697,11.524368178518923,-0.0,0.0,-0.0,0.0
43.277282,"[194.00010681152344, 5.367264270782471, 0.0]","[286.415771484375, 4.5, 0.0]",0.0048644147943671025,11.515990257263184,0.12215566321572323,91.55139433631273,11.526127892805885,-0.0,0.0,-0.0,0.0
43.296847,"[194.00015258789062, 5.367263317108154, 0.0]","[286.6465148925781, 4.5, 0.0]",0.0019505434349078878,11.516757011413574,-0.14569356797296074,91.77997929672559,11.511125842468816,-0.0,0.0,-0.0,0.0
43.316548,"[194.00006103515625, 5.367278099060059, 0.0]","[286.88201904296875, 4.5, 0.0]",0.005329872963159924,11.503998756408691,0.1689664764126018,92.00881983394093,11.514806467978666,-0.0,0.0,-0.0,0.0
43.336366,"[194.00010681152344, 5.367276668548584, 0.0]","[287.1116943359375, 4.5, 0.0]",0.0017678518234257807,11.504634857177734,-0.17810105698670714,92.24251222215986,11.498668883445532,-0.0,0.0,-0.0,0.0
43.359935,"[194.0, 5.367291450500488, 0.0]","[287.335693359375, 4.5, 0.0]",0.0055084662324195385,11.49208354949952,0.18703072044968788,92.47029322504663,11.50286700535431,-0.0,0.0,-0.0,0.0
43.375866,"[194.00003051757812, 5.3672895431518555, 0.0]","[287.5653991699219, 4.5, 0.0]",0.001765702316947196,11.489384651184082,-0.18713819577361712,92.69258696343311,11.486575083267102,-0.0,0.0,-0.0,0.0
43.395817,"[193.9999237060547, 5.367303848266602, 0.0]","[287.79620361328125, 4.5, 0.0]",0.005508019831610129,11.486656188964844,0.18711587573314664,92.92041479690808,11.487618948867135,-0.0,0.0,-0.0,0.0
43.416464,"[193.9999542236328, 5.3673014640808105, 0.0]","[288.025634765625, 4.5, 0.0]",0.0017648102086157242,11.473955154418945,-0.18716048114972025,93.14946336271916,11.481148169133233,-0.0,0.0,-0.0,0.0
43.435567,"[193.99984741210938, 5.36731481552124, 0.0]","[288.2604064941406, 4.5, 0.0]",0.005507709528181495,11.474440574645996,0.18714496597828853,93.37701726355927,11.472190344210329,-0.0,0.0,-0.0,0.0
43.457054,"[193.9998779296875, 5.367311477661133, 0.0]","[288.4895935058594, 4.5, 0.0]",0.0017646182153106878,11.461737632751465,-0.18715456564354035,93.61000098494644,11.468932865117814,-0.0,0.0,-0.0,0.0
43.475337,"[193.99977111816406, 5.367324352264404, 0.0]","[288.7184143066406, 4.5, 0.0]",0.00550746717294561,11.462379455566406,0.18714244788174614,93.83731410575483,11.459973014536153,-0.0,0.0,-0.0,0.0
43.497075,"[193.9998016357422, 5.367320537567139, 0.0]","[288.9443359375, 4.5, 0.0]",0.0017647602509023564,11.449762344360352,-0.1871353461021627,94.06439337142076,11.45687198839346,-0.0,0.0,-0.0,0.0
43.51606,"[193.99969482421875, 5.367332935333252, 0.0]","[289.1729736328125, 4.5, 0.0]",0.003784238198662507,11.450370788574219,0.10097389738800754,94.28846445853065,11.44799758410945,-0.0,0.0,-0.0,0.0
43.53799,"[193.99972534179688, 5.367329120635986, 0.0]","[289.4075622558594, 4.5, 0.0]",0.0034879845478222975,11.437426567077637,-0.014812682542010482,94.51535754413594,11.446586550375557,-0.0,0.0,-0.0,0.0
43.557227,"[193.99964904785156, 5.367337226867676, 0.0]","[289.6327819824219, 4.5, 0.0]",0.0037841365987689303,11.438069343566895,0.01480760254733164,94.74802719677557,11.433938582529814,-0.0,0.0,-0.0,0.0
43.576569,"[193.99972534179688, 5.367329120635986, 0.0]","[289.85894775390625, 4.5, 0.0]",0.003488058537151316,11.425350189208984,-0.014803903080880709,94.97150502749854,11.434285206968125,-0.0,0.0,-0.0,0.0
43.596682,"[193.99964904785156, 5.367337226867676, 0.0]","[290.08782958984375, 4.5, 0.0]",0.0037840384474433606,11.425894737243652,0.014798995514602222,95.19577386506612,11.421862130671833,-0.0,0.0,-0.0,0.0
43.616227,"[193.99972534179688, 5.367329120635986, 0.0]","[290.31671142578125, 4.5, 0.0]",0.003488116196726706,11.41309642791748,-0.014796112535832729,95.42287822892297,11.422110698796208,-0.0,0.0,-0.0,0.0
43.635642,"[193.99964904785156, 5.367337703704834, 0.0]","[290.54864501953125, 4.5, 0.0]",0.003783982150415296,11.413542747497559,0.014793297684429505,95.64984425547934,11.409608311720755,-0.0,0.0,-0.0,0.0
43.658094,"[193.99972534179688, 5.3673295974731445, 0.0]","[290.7765197753906, 4.5, 0.0]",0.003488150601599283,11.4007625579834,-0.014791577440800644,95.8799818378584,11.409758765347144,-0.0,0.0,-0.0,0.0
43.675442,"[193.99964904785156, 5.367338180541992, 0.0]","[291.0043029785156, 4.5, 0.0]",0.0037839612979054965,11.40131950378418,0.014790534815310664,96.10593984921772,11.3972744073818,-0.0,0.0,-0.0,0.0
43.697254,"[193.99972534179688, 5.367330074310303, 0.0]","[291.2303161621094, 4.5, 0.0]",0.003488168364295989,11.388587951660156,-0.01478964668047537,96.33195594248181,11.397535542486274,-0.0,0.0,-0.0,0.0
43.715936,"[193.99964904785156, 5.36733865737915, 0.0]","[291.46160888671875, 4.5, 0.0]",0.003783965466392899,11.389044761657715,0.014789855104845494,96.55607348127921,11.38509978329586,-0.0,0.0,-0.0,0.0
43.736175,"[193.99972534179688, 5.367330551147461, 0.0]","[291.6878662109375, 4.5, 0.0]",0.003488164362256733,11.376291275024414,-0.014790055206808294,96.78557227663656,11.385260796191321,-0.0,0.0,-0.0,0.0
43.756423,"[193.99964904785156, 5.36733865737915, 0.0]","[291.9162902832031, 4.5, 0.0]",0.0037839832411117017,11.376814842224121,0.01479094394274843,97.0099304749662,11.372803110662158,-0.0,0.0,-0.0,0.0
43.778611,"[193.99972534179688, 5.367330551147461, 0.0]","[292.1428527832031, 4.5, 0.0]",0.0034881411296180634,11.364052772521973,-0.014792105574681913,97.2365821369995,11.37303085898301,-0.0,0.0,-0.0,0.0
43.795926,"[193.99964904785156, 5.36733865737915, 0.0]","[292.3714904785156, 4.5, 0.0]",0.0037840065007490324,11.364570617675781,0.014793268556548451,97.4612368879015,11.360564631392355,-0.0,0.0,-0.0,0.0
43.816395,"[193.99972534179688, 5.367330551147461, 0.0]","[292.5949401855469, 4.5, 0.0]",0.0034881095518720954,11.351705551147461,-0.01479484744384685,97.68810348759068,11.360786611175032,-0.0,0.0,-0.0,0.0
43.835509,"[193.99964904785156, 5.36733865737915, 0.0]","[292.82550048828125, 4.5, 0.0]",0.003784031623714446,11.351698875427246,0.014796103592117537,97.90967982877923,11.348217441595589,-0.0,0.0,-0.0,0.0
43.856604,"[193.99972534179688, 5.367330551147461, 0.0]","[293.04754638671875, 4.5, 0.0]",0.0034880783497464626,11.341938018798828,-0.014797663698399178,98.1384488551248,11.347914843803531,-0.0,0.0,-0.0,0.0
43.875516,"[193.99964904785156, 5.367339134216309, 0.0]","[293.27471923828125, 4.5, 0.0]",0.0037840550402353916,11.33536148071289,0.014798834524446447,98.35862495361006,11.338449940449081,-0.0,0.0,-0.0,0.0
43.896844,"[193.99972534179688, 5.367331027984619, 0.0]","[293.501708984375, 4.5, 0.0]",0.00348805300763752,11.328789710998535,-0.014800101629893576,98.58403698159948,11.331577425672656,-0.0,0.0,-0.0,0.0
43.916236,"[193.99964904785156, 5.367339611053467, 0.0]","[293.7289733886719, 4.5, 0.0]",0.0037840738972856505,11.321684837341309,0.014801044482406524,98.80912327673623,11.325301657990897,-0.0,0.0,-0.0,0.0
43.935793,"[193.99972534179688, 5.3673319816589355, 0.0]","[293.9533386230469, 4.5, 0.0]",0.0034880353415504893,11.31389045715332,-0.014801927786758061,99.03462609577754,11.317900763444023,-0.0,0.0,-0.0,0.0
43.955361,"[193.99964904785156, 5.367340564727783, 0.0]","[294.1799621582031, 4.5, 0.0]",0.0037840869654569512,11.306017875671387,0.014802581195323097,99.25710913808446,11.31040242181177,-0.0,0.0,-0.0,0.0
43.978983,"[193.99972534179688, 5.367332935333252, 0.0]","[294.4062194824219, 4.5, 0.0]",0.003488025050336682,11.298157691955566,-0.014803095756013464,99.48197781247214,11.30223378870593,-0.0,0.0,-0.0,0.0
43.998913,"[193.99964904785156, 5.3673415184021, 0.0]","[294.63421630859375, 4.5, 0.0]",0.003386002918341762,11.29023838043213,-0.005101106599746,99.7063424464375,11.29466966690523,-0.0,0.0,-0.0,0.0
44.016889,"[193.99972534179688, 5.367333889007568, 0.0]","[294.8590393066406, 4.5, 0.0]",0.004302635442364554,11.281895637512207,0.04583162620113959,99.93256541052033,11.286852377513789,-0.0,0.0,-0.0,0.0
44.038237,"[193.99966430664062, 5.367373943328857, 0.0]","[295.08367919921875, 4.5, 0.0]",0.003137943604651243,11.27276611328125,-0.05823459188566554,100.15549939287106,11.277593002069842,-0.0,0.0,-0.0,0.0
44.056643,"[193.999755859375, 5.3673834800720215, 0.0]","[295.31292724609375, 4.5, 0.0]",0.004232482489101262,11.263449668884277,0.05472694422250096,100.37857706936774,11.269628169676599,-0.0,0.0,-0.0,0.0
44.076733,"[193.99969482421875, 5.367403030395508, 0.0]","[295.5391845703125, 4.5, 0.0]",0.0031002008062468813,11.254255294799805,-0.05661408414271904,100.60602031741365,11.259217186395176,-0.0,0.0,-0.0,0.0
44.096369,"[193.99978637695312, 5.367403507232666, 0.0]","[295.76507568359375, 4.5, 0.0]",0.004224873593523181,11.245075225830078,0.05623363936381497,100.83062143981094,11.251155093993559,-0.0,0.0,-0.0,0.0
44.115928,"[193.99972534179688, 5.367419242858887, 0.0]","[295.990234375, 4.5, 0.0]",0.0030873845515352392,11.23536491394043,-0.05687445209939707,101.05468518950971,11.240850352236555,-0.0,0.0,-0.0,0.0
44.135889,"[193.99981689453125, 5.367417812347412, 0.0]","[296.2086486816406, 4.5, 0.0]",0.004219843435350391,11.225196838378906,0.0566229441907576,101.27814558938591,11.232277529388895,-0.0,0.0,-0.0,0.0
44.15666,"[193.999755859375, 5.367432117462158, 0.0]","[296.4332580566406, 4.5, 0.0]",0.0030766333200448297,11.214740753173828,-0.05716050576527808,101.49475625925855,11.220976994943555,-0.0,0.0,-0.0,0.0
44.18113,"[193.99984741210938, 5.367429256439209, 0.0]","[296.6577453613281, 4.5, 0.0]",0.0042148280374554765,11.204291343688965,0.056909735870532344,101.71764948917503,11.211664119853783,-0.0,0.0,-0.0,0.0
44.19558,"[193.99978637695312, 5.367441654205322, 0.0]","[296.88140869140625, 4.5, 0.0]",0.003068640652436356,11.193880081176758,-0.05730936925095603,101.94027310343006,11.20007651565151,-0.0,0.0,-0.0,0.0
44.216702,"[193.9998779296875, 5.36743688583374, 0.0]","[297.111328125, 4.5, 0.0]",0.004211569638774423,11.182612419128418,0.05714644931690337,102.16221015048934,11.190811440524321,-0.0,0.0,-0.0,0.0
44.235733,"[193.99981689453125, 5.367447376251221, 0.0]","[297.33367919921875, 4.5, 0.0]",0.0030642582655013824,11.170930862426758,-0.057365568663652035,102.39020753225292,11.178400849489643,-0.0,0.0,-0.0,0.0
44.255799,"[193.99990844726562, 5.367440700531006, 0.0]","[297.5522155761719, 4.5, 0.0]",0.004210229414080948,11.159448623657228,0.05729855742897826,102.61083792775194,11.167866604161256,-0.0,0.0,-0.0,0.0
44.276541,"[193.99984741210938, 5.367449760437012, 0.0]","[297.7799072265625, 4.5, 0.0]",0.0030625170687050337,11.150818824768066,-0.0573856172687957,102.82753904973531,11.155238394243147,-0.0,0.0,-0.0,0.0
44.29673,"[193.9999237060547, 5.367441654205322, 0.0]","[298.0037841796875, 4.5, 0.0]",0.004210006792196288,11.1323881149292,0.05737448617456273,103.05346362823163,11.147756307699362,-0.0,0.0,-0.0,0.0
44.315715,"[193.99986267089844, 5.3674492835998535, 0.0]","[298.2225036621094, 4.5, 0.0]",0.0030620532346623845,11.127017974853516,-0.05739767787669519,103.2754740918971,11.128178108137003,-0.0,0.0,-0.0,0.0
44.336372,"[193.99993896484375, 5.367440223693848, 0.0]","[298.4442443847656, 4.5, 0.0]",0.0042101476938574125,11.107341766357424,0.0574047229597514,103.49249214340463,11.123955921618853,-0.0,0.0,-0.0,0.0
44.357498,"[193.9998779296875, 5.3674468994140625, 0.0]","[298.67041015625, 4.5, 0.0]",0.0030619775045023804,11.100741386413574,-0.057408509467751605,103.71238027980999,11.103131618663566,-0.0,0.0,-0.0,0.0
44.377534,"[193.9999542236328, 5.367437362670898, 0.0]","[298.8885192871094, 4.5, 0.0]",0.004210286761753474,11.081278800964355,0.05741546286255469,103.93677955264236,11.097679408909071,-0.0,0.0,-0.0,0.0
44.397278,"[193.99989318847656, 5.367444038391113, 0.0]","[299.1144104003906, 4.5, 0.0]",0.0030619417747781872,11.074694633483887,-0.05741724934876435,104.15306372048528,11.077068514202603,-0.0,0.0,-0.0,0.0
44.419518,"[193.99996948242188, 5.367434024810791, 0.0]","[299.3320617675781, 4.5, 0.0]",0.004210344345025562,11.054712295532227,0.05742012851236875,104.37719385579899,11.071632691709109,-0.0,0.0,-0.0,0.0
44.434882,"[193.99990844726562, 5.367440223693848, 0.0]","[299.5514831542969, 4.5, 0.0]",0.0030618874923942583,11.047160148620605,-0.057422842631565205,104.5930206271926,11.0505019511872,-0.0,0.0,-0.0,0.0
44.45659,"[193.99998474121094, 5.367430210113525, 0.0]","[299.77191162109375, 4.5, 0.0]",0.004210348534411444,11.026205062866211,0.05742305210085928,104.8107314596678,11.04409826112821,-0.0,0.0,-0.0,0.0
44.478715,"[193.9999237060547, 5.36743688583374, 0.0]","[299.9955139160156, 4.5, 0.0]",0.0030618356666488556,11.018381118774414,-0.057425643388129416,105.0293096439115,11.0219947143318,-0.0,0.0,-0.0,0.0
44.497194,"[194.0, 5.367426872253418, 0.0]","[300.2165832519531, 4.5, 0.0]",0.00421033743332897,10.997385978698732,0.057425088334005704,105.2511677316408,11.015319283107765,-0.0,0.0,-0.0,0.0
44.518172,"[193.99993896484375, 5.367433547973633, 0.0]","[300.43389892578125, 4.5, 0.0]",0.0030618053179342544,10.98945426940918,-0.05742660576973577,105.47038666719357,10.993175641265402,-0.0,0.0,-0.0,0.0
44.535033,"[194.00001525878906, 5.367424011230469, 0.0]","[300.6521911621094, 4.5, 0.0]",0.004210328577119935,10.967357635498047,0.05742616295928405,105.68600543818476,10.986392464091246,-0.0,0.0,-0.0,0.0
44.557508,"[193.9999542236328, 5.367430686950684, 0.0]","[300.8758850097656, 4.5, 0.0]",0.0030617940276659998,10.958213806152344,-0.057426727472696774,105.9024680737734,10.963147306920927,-0.0,0.0,-0.0,0.0
44.579143,"[194.00003051757812, 5.3674211502075195, 0.0]","[301.09136962890625, 4.5, 0.0]",0.004210324482665829,10.936314582824707,0.05742652274999145,106.12441189192812,10.955152012124678,-0.0,0.0,-0.0,0.0
44.595265,"[193.99996948242188, 5.367427825927734, 0.0]","[301.3103942871094, 4.5, 0.0]",0.003061792863777501,10.92750072479248,-0.05742658094441638,106.33808618135237,10.932104258342042,-0.0,0.0,-0.0,0.0
44.618825,"[194.0000457763672, 5.36741828918457, 0.0]","[301.5289611816406, 4.5, 0.0]",0.004210323852480175,10.90493106842041,0.0574265494351337,106.5554034840333,10.924438931928703,-0.0,0.0,-0.0,0.0
44.635583,"[193.99998474121094, 5.367424964904785, 0.0]","[301.74530029296875, 4.5, 0.0]",0.0030617937527357363,10.895186424255371,-0.05742650498722194,106.77213522017622,10.90072074456793,-0.0,0.0,-0.0,0.0
44.658854,"[194.00006103515625, 5.367415428161621, 0.0]","[301.968505859375, 4.5, 0.0]",0.004210323470061148,10.871583938598635,0.05742648586627059,106.98678860698384,10.892124630502636,-0.0,0.0,-0.0,0.0
44.678004,"[194.0, 5.367422103881836, 0.0]","[302.1851501464844, 4.5, 0.0]",0.003061794427412186,10.861815452575684,-0.05742645213244811,107.20812164168906,10.867373615128573,-0.0,0.0,-0.0,0.0
44.697368,"[194.0000762939453, 5.367412567138672, 0.0]","[302.3998718261719, 4.5, 0.0]",0.00421032356295094,10.83885669708252,0.057426456776937716,107.42307772969899,10.858753658148272,-0.0,0.0,-0.0,0.0
44.715227,"[194.00001525878906, 5.367419242858887, 0.0]","[302.61602783203125, 4.5, 0.0]",0.003061794963658057,10.828771591186523,-0.057426429964644164,107.63599527319181,10.834646373519568,-0.0,0.0,-0.0,0.0
44.735957,"[194.00009155273438, 5.367409706115723, 0.0]","[302.83245849609375, 4.5, 0.0]",0.004210323194538025,10.804801940917969,0.057426411543998385,107.85046700098944,10.825709796222865,-0.0,0.0,-0.0,0.0
44.758504,"[194.00003051757812, 5.3674163818359375, 0.0]","[303.0516662597656, 4.5, 0.0]",0.003061794836310277,10.793943405151367,-0.057426417911387376,108.06507976887518,10.80059161772343,-0.0,0.0,-0.0,0.0
44.781446,"[194.00010681152344, 5.367406845092773, 0.0]","[303.26409912109375, 4.5, 0.0]",0.004210323580925588,10.770293235778809,0.05742643723076555,108.2825786424236,10.790881610315058,-0.0,0.0,-0.0,0.0
44.796013,"[194.0000457763672, 5.367413520812988, 0.0]","[303.4786682128906, 4.5, 0.0]",0.0030617935343717163,10.759806632995605,-0.05742650232769359,108.49322584481858,10.766082912197882,-0.0,0.0,-0.0,0.0
44.816409,"[194.0001220703125, 5.367403984069824, 0.0]","[303.6952819824219, 4.5, 0.0]",0.004210324001242903,10.738922119140625,0.057426523343559334,108.70612342007142,10.756744839461234,-0.0,0.0,-0.0,0.0
44.836246,"[194.00006103515625, 5.367410659790039, 0.0]","[303.9125061035156, 4.5, 0.0]",0.0030617926802983912,10.720970153808594,-0.05742656604722559,108.92091784669424,10.734711795139383,-0.0,0.0,-0.0,0.0
44.856206,"[194.00013732910156, 5.367401123046875, 0.0]","[304.12432861328125, 4.5, 0.0]",0.004210324858325429,10.703463554382324,0.05742660890135187,109.13644903689993,10.717908361128295,-0.0,0.0,-0.0,0.0
44.877972,"[194.0000762939453, 5.36740779876709, 0.0]","[304.3410339355469, 4.5, 0.0]",0.0030617913774769233,10.685554504394531,-0.05742667404242526,109.34649083625385,10.699253229523999,-0.0,0.0,-0.0,0.0
44.896741,"[194.00015258789062, 5.367398262023926, 0.0]","[304.5524597167969, 4.5, 0.0]",0.004210325716332755,10.66808032989502,0.0574267169427916,109.56150739472201,10.682492713017055,-0.0,0.0,-0.0,0.0
44.916653,"[194.00009155273438, 5.367404937744141, 0.0]","[304.769287109375, 4.5, 0.0]",0.0030617910202861407,10.650041580200195,-0.05742673480233072,109.771155677678,10.663870004178687,-0.0,0.0,-0.0,0.0
44.935586,"[194.0001678466797, 5.367395401000977, 0.0]","[304.98065185546875, 4.5, 0.0]",0.0042103258831808965,10.632287979125977,0.05742674314473779,109.98629330811272,10.646979789179909,-0.0,0.0,-0.0,0.0
44.959808,"[194.00010681152344, 5.367402076721191, 0.0]","[305.1924743652344, 4.5, 0.0]",0.00306179076380495,10.614496231079102,-0.05742675596879733,110.19588106231117,10.628077653242796,-0.0,0.0,-0.0,0.0
44.976495,"[194.00018310546875, 5.367392539978027, 0.0]","[305.4050598144531, 4.5, 0.0]",0.004210326549498775,10.596641540527346,0.057426789284691256,110.40605413532485,10.611434440315296,-0.0,0.0,-0.0,0.0
44.997133,"[194.0001220703125, 5.367399215698242, 0.0]","[305.6178283691406, 4.5, 0.0]",0.003061789990301287,10.578770637512207,-0.05742682795987441,110.61685276798448,10.592431213977846,-0.0,0.0,-0.0,0.0
45.016408,"[194.0001983642578, 5.367389678955078, 0.0]","[305.82598876953125, 4.5, 0.0]",0.00421032648468618,10.561260223388672,0.05742682471924468,110.82796424638444,10.575708847521906,-0.0,0.0,-0.0,0.0
45.035037,"[194.00013732910156, 5.367396354675293, 0.0]","[306.03515625, 4.5, 0.0]",0.003061790093429902,10.543622970581055,-0.05742681956281393,111.03437351074304,10.557049896903985,-0.0,0.0,-0.0,0.0
45.056749,"[194.00021362304688, 5.367386817932129, 0.0]","[306.2464904785156, 4.5, 0.0]",0.0042103273961283305,10.525805473327637,0.05742686513492143,111.24191292572739,10.540561180487625,-0.0,0.0,-0.0,0.0
45.079263,"[194.00015258789062, 5.367393493652344, 0.0]","[306.4606628417969, 4.5, 0.0]",0.0030617893838403775,10.507746696472168,-0.05742690061439765,111.45147045103838,10.521595145931508,-0.0,0.0,-0.0,0.0
45.096184,"[194.00022888183594, 5.36738395690918, 0.0]","[306.6685485839844, 4.5, 0.0]",0.004210327622937799,10.49022102355957,0.05742691195487108,111.6639743948044,10.504684907088327,-0.0,0.0,-0.0,0.0
45.115693,"[194.0001678466797, 5.3673906326293945, 0.0]","[306.8822021484375, 4.5, 0.0]",0.003061789060633499,10.4722261428833,-0.057426928115215,111.870111243164,10.486010695936633,-0.0,0.0,-0.0,0.0
45.135738,"[194.000244140625, 5.3673810958862305, 0.0]","[307.089599609375, 4.5, 0.0]",0.00421032794335278,10.454788208007812,0.05742694413596405,112.08210055542833,10.469164353822666,-0.0,0.0,-0.0,0.0
45.157263,"[194.00018310546875, 5.367387771606445, 0.0]","[307.29791259765625, 4.5, 0.0]",0.003061788275558461,10.437271118164062,-0.05742698338971595,112.28775307234064,10.45057788006446,-0.0,0.0,-0.0,0.0
45.17659,"[194.00025939941406, 5.367378234863281, 0.0]","[307.5076599121094, 4.5, 0.0]",0.004210328259935571,10.419634819030762,0.05742699921885547,112.49444483978654,10.434209329888503,-0.0,0.0,-0.0,0.0
45.196661,"[194.0001983642578, 5.367384910583496, 0.0]","[307.71661376953125, 4.5, 0.0]",0.0030617883684840863,10.402066230773926,-0.05742699457257421,112.70242828427477,10.415424490770826,-0.0,0.0,-0.0,0.0
45.219405,"[194.00027465820312, 5.367375373840332, 0.0]","[307.92486572265625, 4.5, 0.0]",0.004210328100085562,10.384592056274414,0.0574269865800738,112.9097557412863,10.399004442405442,-0.0,0.0,-0.0,0.0
45.235065,"[194.00021362304688, 5.367382049560547, 0.0]","[308.12701416015625, 4.5, 0.0]",0.00306178835707515,10.371015548706055,-0.057426987150520616,113.11625589128248,10.380381728174328,-0.0,0.0,-0.0,0.0
45.258178,"[194.0002899169922, 5.367372512817383, 0.0]","[308.3358459472656, 4.5, 0.0]",0.004210328561163583,10.346877098083496,0.05742701020442164,113.31683276663806,10.36795376034898,-0.0,0.0,-0.0,0.0
45.276716,"[194.00022888183594, 5.367379188537598, 0.0]","[308.5434875488281, 4.5, 0.0]",0.0030617877898603315,10.336175918579102,-0.05742703856516256,113.52390809096909,10.342666769522333,-0.0,0.0,-0.0,0.0
45.295464,"[194.00030517578125, 5.367369651794434, 0.0]","[308.7489013671875, 4.5, 0.0]",0.0042103294455954855,10.312323570251467,0.0574270827867577,113.72993384108341,10.333114130789241,-0.0,0.0,-0.0,0.0
45.315461,"[194.000244140625, 5.367376327514648, 0.0]","[308.95562744140625, 4.5, 0.0]",0.0030617869962838136,10.301733016967773,-0.05742712246558359,113.93361875976274,10.308113240805872,-0.0,0.0,-0.0,0.0
45.336158,"[194.0003204345703, 5.367366790771484, 0.0]","[309.1603698730469, 4.5, 0.0]",0.0042103295005818525,10.278029441833496,0.057427125214901946,114.13873634783383,10.29867122997149,-0.0,0.0,-0.0,0.0
45.359619,"[194.00025939941406, 5.367373466491699, 0.0]","[309.3652038574219, 4.5, 0.0]",0.0030617871931437595,10.267654418945312,-0.05742711537190465,114.34175530512158,10.273819112332914,-0.0,0.0,-0.0,0.0
45.37498,"[194.00033569335938, 5.367363929748535, 0.0]","[309.5706787109375, 4.5, 0.0]",0.0042103296153872495,10.243889808654785,0.057427121112174496,114.54499603989147,10.26459263175217,-0.0,0.0,-0.0,0.0
45.396772,"[194.00027465820312, 5.36737060546875, 0.0]","[309.7762451171875, 4.5, 0.0]",0.0030617873508551677,10.233450889587402,-0.05742711322660409,114.74874152950885,10.239679479039397,-0.0,0.0,-0.0,0.0
45.415418,"[194.00035095214844, 5.367361068725586, 0.0]","[309.9809265136719, 4.5, 0.0]",0.0042103300546004864,10.20978832244873,0.057427135187265936,114.95270876891642,10.230389102236547,-0.0,0.0,-0.0,0.0
45.436187,"[194.0002899169922, 5.367367744445801, 0.0]","[310.183837890625, 4.5, 0.0]",0.003061786809116474,10.199666023254395,-0.05742716227420063,115.1556672106871,10.20557799239413,-0.0,0.0,-0.0,0.0
45.457348,"[194.0003662109375, 5.367358207702637, 0.0]","[310.38824462890625, 4.5, 0.0]",0.0042103301086038845,10.176080703735352,0.05742716497437053,115.35700080674751,10.196604236445278,-0.0,0.0,-0.0,0.0
45.475302,"[194.00030517578125, 5.367364883422852, 0.0]","[310.5951843261719, 4.5, 0.0]",0.0030617866384138603,10.165621757507324,-0.05742717350950121,115.55968681783189,10.171870373626748,-0.0,0.0,-0.0,0.0
45.496587,"[194.00038146972656, 5.3673553466796875, 0.0]","[310.7958984375, 4.5, 0.0]",0.004210330400400962,10.142343521118166,0.0574271880993551,115.76501625180731,10.16255997086891,-0.0,0.0,-0.0,0.0
45.516907,"[194.0003204345703, 5.367362022399902, 0.0]","[310.99835205078125, 4.5, 0.0]",0.0030617863010589746,10.132296562194824,-0.05742720496709939,115.96403941262635,10.138133190717765,-0.0,0.0,-0.0,0.0
45.534618,"[194.00039672851562, 5.367352485656738, 0.0]","[311.19879150390625, 4.5, 0.0]",0.004210330388207434,10.109130859375,0.057427204357422976,116.16491890713303,10.129234775893766,-0.0,0.0,-0.0,0.0
45.555493,"[194.00033569335938, 5.367359161376953, 0.0]","[311.40191650390625, 4.5, 0.0]",0.0030617863897591645,10.099082946777344,-0.05742719992241348,116.36366963711643,10.104920528986792,-0.0,0.0,-0.0,0.0
45.576237,"[194.0004119873047, 5.367349624633789, 0.0]","[311.6052551269531, 4.5, 0.0]",0.004210330237636197,10.07568073272705,0.05742719239385163,116.56521509330405,10.096021160387584,-0.0,0.0,-0.0,0.0
45.597159,"[194.00035095214844, 5.367356300354004, 0.0]","[311.8061828613281, 4.5, 0.0]",0.0030617863207050484,10.065812110900879,-0.057427195846557436,116.76684163933479,10.071470402489414,-0.0,0.0,-0.0,0.0
45.616451,"[194.00042724609375, 5.36734676361084, 0.0]","[312.007080078125, 4.5, 0.0]",0.004210330084840623,10.042646408081056,0.05742718820677874,116.96620752635525,10.062750324580174,-0.0,0.0,-0.0,0.0
45.635202,"[194.0003662109375, 5.367353439331055, 0.0]","[312.2073059082031, 4.5, 0.0]",0.003061786684032705,10.032926559448242,-0.05742717004039591,117.16541235766682,10.038436077996217,-0.0,0.0,-0.0,0.0
45.658277,"[194.0004425048828, 5.367343902587891, 0.0]","[312.4096374511719, 4.5, 0.0]",0.004210330409886189,10.009697914123535,0.05742718629267421,117.36408198424745,10.02986477276421,-0.0,0.0,-0.0,0.0
45.679661,"[194.00038146972656, 5.3673505783081055, 0.0]","[312.60809326171875, 4.5, 0.0]",0.003061786143507589,10.0001220703125,-0.05742721331893001,117.56470959450725,10.005487583713649,-0.0,0.0,-0.0,0.0
45.696729,"[194.00045776367188, 5.367341041564941, 0.0]","[312.8088684082031, 4.5, 0.0]",0.0042103308888623145,9.977022171020508,0.05742723726773627,117.76162345450129,9.997060284168992,-0.0,0.0,-0.0,0.0
45.717564,"[194.00039672851562, 5.367347717285156, 0.0]","[313.0084228515625, 4.5, 0.0]",0.0030617856075039985,9.967428207397461,-0.0574272640679158,117.96070722645551,9.972811840131646,-0.0,0.0,-0.0,0.0
45.736029,"[194.00047302246094, 5.367338180541992, 0.0]","[313.2060852050781, 4.5, 0.0]",0.004210331504616185,9.948092460632324,0.05742729485560933,118.15871085070287,9.964366421789958,-0.0,0.0,-0.0,0.0
45.75557,"[194.0004119873047, 5.367344856262207, 0.0]","[313.40484619140625, 4.5, 0.0]",0.0030617854768336815,9.93200397491455,-0.05742730138912518,118.35470693250576,9.943882129127708,-0.0,0.0,-0.0,0.0
45.776593,"[194.00048828125, 5.367335319519043, 0.0]","[313.6037902832031, 4.5, 0.0]",0.0042103310050620865,9.915897369384766,0.057427276411420244,118.55192348165832,9.928942189437716,-0.0,0.0,-0.0,0.0
45.796178,"[194.00042724609375, 5.367341995239258, 0.0]","[313.8031921386719, 4.5, 0.0]",0.003061785734785297,9.899755477905273,-0.05742726351383948,118.74919098422828,9.911687038379704,-0.0,0.0,-0.0,0.0
45.818677,"[194.00050354003906, 5.367332458496094, 0.0]","[314.0055236816406, 4.5, 0.0]",0.004210331423639404,9.883467674255371,0.05742728444270537,118.94704322363333,9.896693692170489,-0.0,0.0,-0.0,0.0
45.836535,"[194.0004425048828, 5.367339134216309, 0.0]","[314.20257568359375, 4.5, 0.0]",0.0030617853996634486,9.8677339553833,-0.05742730119879778,119.14767088774678,9.879257342831732,-0.0,0.0,-0.0,0.0
45.85626,"[194.00051879882812, 5.3673295974731445, 0.0]","[314.3988952636719, 4.5, 0.0]",0.004210331634205148,9.852058410644531,0.05742731172708496,119.34319220012686,9.864672169983637,-0.0,0.0,-0.0,0.0
45.876689,"[194.00045776367188, 5.367336273193359, 0.0]","[314.5962219238281, 4.5, 0.0]",0.003061784880776759,9.836302757263184,-0.05742733767141945,119.53785637162812,9.847848079010326,-0.0,0.0,-0.0,0.0
45.895778,"[194.0005340576172, 5.367326736450195, 0.0]","[314.7935485839844, 4.5, 0.0]",0.004210332223267426,9.820545196533205,0.057427367124533356,119.73365011516515,9.833240972382407,-0.0,0.0,-0.0,0.0
45.917391,"[194.00047302246094, 5.36733341217041, 0.0]","[314.9881286621094, 4.5, 0.0]",0.0030617848088721165,9.805036544799805,-0.057427370719765475,119.92931326289909,9.816334864309937,-0.0,0.0,-0.0,0.0
45.93734,"[194.00054931640625, 5.367323875427246, 0.0]","[315.18145751953125, 4.5, 0.0]",0.0042103321114701,9.789669036865236,0.05742736512989919,120.12238254880474,9.801974759990932,-0.0,0.0,-0.0,0.0
45.957809,"[194.00048828125, 5.367330551147461, 0.0]","[315.38006591796875, 4.5, 0.0]",0.0030617847483798907,9.773880004882812,-0.05742736815451048,120.31408012957222,9.785458704753767,-0.0,0.0,-0.0,0.0
45.98015,"[194.0005645751953, 5.367321014404297, 0.0]","[315.57305908203125, 4.5, 0.0]",0.0042103321645411,9.758538246154785,0.05742737080806047,120.51114525404783,9.770818220134432,-0.0,0.0,-0.0,0.0
45.996305,"[194.00050354003906, 5.367327690124512, 0.0]","[315.7679138183594, 4.5, 0.0]",0.00306178433821179,9.743050575256348,-0.057427391316465515,120.70250986039169,9.754327913990243,-0.0,0.0,-0.0,0.0
46.015616,"[194.00057983398438, 5.367318153381348, 0.0]","[315.9630432128906, 4.5, 0.0]",0.004210332890511007,9.72760009765625,0.05742742761496084,120.8958515644239,9.739988790918137,-0.0,0.0,-0.0,0.0
46.0366,"[194.00051879882812, 5.3673248291015625, 0.0]","[316.156494140625, 4.5, 0.0]",0.003061784017495495,9.71237850189209,-0.057427443650775574,121.08933519617183,9.72338976476574,-0.0,0.0,-0.0,0.0
46.05723,"[194.00059509277344, 5.367315292358398, 0.0]","[316.3497314453125, 4.5, 0.0]",0.004210332841237515,9.697175025939941,0.057427441187101,121.28128439328358,9.709316717874595,-0.0,0.0,-0.0,0.0
46.077118,"[194.0005340576172, 5.367321968078613, 0.0]","[316.54510498046875, 4.5, 0.0]",0.003061783448788086,9.681800842285156,-0.057427469622471465,121.47289119866436,9.692964693098704,-0.0,0.0,-0.0,0.0
46.096725,"[194.0006103515625, 5.367312431335449, 0.0]","[316.7392272949219, 4.5, 0.0]",0.00421033335325759,9.666526794433594,0.057427495223475206,121.66674749374677,9.678739058836369,-0.0,0.0,-0.0,0.0
46.116314,"[194.00054931640625, 5.367319107055664, 0.0]","[316.93182373046875, 4.5, 0.0]",0.003061783685016492,9.651408195495605,-0.05742748341205489,121.85923218877227,9.662316461080335,-0.0,0.0,-0.0,0.0
46.141221,"[194.00062561035156, 5.3673095703125, 0.0]","[317.1253356933594, 4.5, 0.0]",0.004210332987363541,9.63627815246582,0.057427465117352465,122.05033375479387,9.64834641181059,-0.0,0.0,-0.0,0.0
46.156538,"[194.0005645751953, 5.367316246032715, 0.0]","[317.31561279296875, 4.5, 0.0]",0.003061783898205719,9.624732971191406,-0.05742745445789111,122.24221303077898,9.632067819478456,-0.0,0.0,-0.0,0.0
46.176451,"[194.00064086914062, 5.367306709289551, 0.0]","[317.51251220703125, 4.5, 0.0]",0.004210332703346732,9.602669715881348,0.05742744025705065,122.43101394190636,9.6216711872932,-0.0,0.0,-0.0,0.0
46.195959,"[194.00057983398438, 5.367313385009766, 0.0]","[317.705810546875, 4.5, 0.0]",0.003061783972606204,9.594221115112305,-0.0574274365370264,122.62625337894374,9.598459383178001,-0.0,0.0,-0.0,0.0
46.216053,"[194.0006561279297, 5.367303848266602, 0.0]","[317.8977966308594, 4.5, 0.0]",0.004210332762641416,9.572589874267578,0.05742743950176059,122.81805116575079,9.591159331139698,-0.0,0.0,-0.0,0.0
46.235435,"[194.00059509277344, 5.367310523986816, 0.0]","[318.0882263183594, 4.5, 0.0]",0.003061784056690288,9.56447982788086,-0.057427435297556395,123.00841688762856,9.568379541504937,-0.0,0.0,-0.0,0.0
46.256515,"[194.00067138671875, 5.367300987243652, 0.0]","[318.27789306640625, 4.5, 0.0]",0.004210333012309896,9.543094635009766,0.05742744778098041,123.19736913070643,9.561418043824169,-0.0,0.0,-0.0,0.0
46.279433,"[194.0006103515625, 5.367307662963867, 0.0]","[318.47015380859375, 4.5, 0.0]",0.0030617836665178147,9.534845352172852,-0.05742746728960408,123.3854342235458,9.538884301997456,-0.0,0.0,-0.0,0.0
46.29589,"[194.0006866455078, 5.367298126220703, 0.0]","[318.66156005859375, 4.5, 0.0]",0.0042103329038534025,9.513323783874513,0.05742746186677939,123.57620275000632,9.531783568506334,-0.0,0.0,-0.0,0.0
46.316551,"[194.00062561035156, 5.367304801940918, 0.0]","[318.8487243652344, 4.5, 0.0]",0.003061783920383269,9.505704879760742,-0.05742744917350668,123.7659933371913,9.509113450970661,-0.0,0.0,-0.0,0.0
46.335675,"[194.00070190429688, 5.367295265197754, 0.0]","[319.04132080078125, 4.5, 0.0]",0.004210332742604649,9.484685897827148,0.05742744111106898,123.95170649292281,9.502643095840359,-0.0,0.0,-0.0,0.0
46.361395,"[194.00064086914062, 5.367301940917969, 0.0]","[319.23126220703125, 4.5, 0.0]",0.003061783631712026,9.477200508117676,-0.05742745554463114,124.14267768545888,9.480475565084543,-0.0,0.0,-0.0,0.0
46.37554,"[194.00071716308594, 5.367292404174805, 0.0]","[319.4148254394531, 4.5, 0.0]",0.004210332756561399,9.456854820251465,0.05742745624246867,124.33114554429241,9.474138724485965,-0.0,0.0,-0.0,0.0
46.395826,"[194.0006561279297, 5.3672990798950195, 0.0]","[319.60797119140625, 4.5, 0.0]",0.0030617840242915446,9.44913101196289,-0.057427436613492734,124.51315635480083,9.452644487494904,-0.0,0.0,-0.0,0.0
46.417955,"[194.000732421875, 5.3672895431518555, 0.0]","[319.7957763671875, 4.5, 0.0]",0.004210332753949833,9.429056167602539,0.057427436482914415,124.70480271939628,9.4460692279386,-0.0,0.0,-0.0,0.0
46.434987,"[194.00067138671875, 5.36729621887207, 0.0]","[319.9822692871094, 4.5, 0.0]",0.003061784082512472,9.42326831817627,-0.05742743357186805,124.89102129564448,9.42484583484859,-0.0,0.0,-0.0,0.0
46.461041,"[194.00074768066406, 5.367286682128906, 0.0]","[320.17266845703125, 4.5, 0.0]",0.004210332605481789,9.403883934020996,0.05742742614846584,125.07606843782483,9.420206534093756,-0.0,0.0,-0.0,0.0
46.475697,"[194.0006866455078, 5.367293357849121, 0.0]","[320.3585510253906, 4.5, 0.0]",0.0030617842623322368,9.398137092590332,-0.05742741715747759,125.26486011308761,9.399673601415515,-0.0,0.0,-0.0,0.0
46.495259,"[194.00076293945312, 5.367283821105957, 0.0]","[320.5480651855469, 4.5, 0.0]",0.004210332526561117,9.37881088256836,0.05742741321144403,125.44930181047992,9.395075308328,-0.0,0.0,-0.0,0.0
46.515773,"[194.00070190429688, 5.367290496826172, 0.0]","[320.73492431640625, 4.5, 0.0]",0.003061784087140789,9.373588562011719,-0.05742742197101642,125.6372156219095,9.374600550041798,-0.0,0.0,-0.0,0.0
46.538538,"[194.0007781982422, 5.367280960083008, 0.0]","[320.9220275878906, 4.5, 0.0]",0.004210332794399955,9.355916023254395,0.057427435362958315,125.82262599794545,9.370526777924578,-0.0,0.0,-0.0,0.0
46.555894,"[194.00071716308594, 5.367287635803223, 0.0]","[321.1118469238281, 4.5, 0.0]",0.003061783933845459,9.351417541503906,-0.05742744302772481,126.00814836531919,9.351705690459994,-0.0,0.0,-0.0,0.0
46.578056,"[194.00079345703125, 5.367278099060059, 0.0]","[321.30194091796875, 4.5, 0.0]",0.004210332659898051,9.333568572998047,0.05742743630262959,126.19649507427374,9.348355757570062,-0.0,0.0,-0.0,0.0
46.596378,"[194.000732421875, 5.367284774780273, 0.0]","[321.4873046875, 4.5, 0.0]",0.0030617840023995048,9.329333305358887,-0.057427432874927305,126.38498407160932,9.329358240338149,-0.0,0.0,-0.0,0.0
46.616168,"[194.0008087158203, 5.367275238037109, 0.0]","[321.6700439453125, 4.5, 0.0]",0.004210332798074214,9.312511444091804,0.05742743978373547,126.56891111363473,9.326271521356487,-0.0,0.0,-0.0,0.0
46.635942,"[194.00074768066406, 5.367281913757324, 0.0]","[321.8559265136719, 4.5, 0.0]",0.0030617836198041535,9.309733390808105,-0.05742745891350303,126.7501046669521,9.30830111129373,-0.0,0.0,-0.0,0.0
46.660936,"[194.00082397460938, 5.36727237701416, 0.0]","[322.0421142578125, 4.5, 0.0]",0.004210333345625144,9.296939849853516,0.057427486291049525,126.93454631381498,9.306671607188301,-0.0,0.0,-0.0,0.0
46.675891,"[194.00076293945312, 5.367279052734375, 0.0]","[322.2267150878906, 4.5, 0.0]",0.003061783300364496,9.28422737121582,-0.0574275022630324,127.11916057088183,9.29272951650789,-0.0,0.0,-0.0,0.0
46.696371,"[194.00083923339844, 5.367269515991211, 0.0]","[322.4183044433594, 4.5, 0.0]",0.004210332949499218,9.281161308288574,0.05742748245673608,127.30233079784269,9.281165587915456,-0.0,0.0,-0.0,0.0
46.715853,"[194.0007781982422, 5.367276191711426, 0.0]","[322.6036682128906, 4.5, 0.0]",0.003061783891378947,9.265701293945312,-0.05742745290601354,127.4923031414211,9.276950975339075,-0.0,0.0,-0.0,0.0
46.735347,"[194.0008544921875, 5.367266654968262, 0.0]","[322.78790283203125, 4.5, 0.0]",0.00421033264249065,9.264493942260742,0.057427437555585145,127.67623014577447,9.262639510053933,-0.0,0.0,-0.0,0.0
46.757039,"[194.00079345703125, 5.367273330688477, 0.0]","[322.97332763671875, 4.5, 0.0]",0.003061783979334208,9.249899864196777,-0.05742743315782209,127.85890704538511,9.260283609618252,-0.0,0.0,-0.0,0.0
46.781061,"[194.00086975097656, 5.3672637939453125, 0.0]","[323.1580810546875, 4.5, 0.0]",0.00421033299846631,9.248669624328613,0.057427450956605106,128.04289458047322,9.246838080217444,-0.0,0.0,-0.0,0.0
46.797001,"[194.0008087158203, 5.367270469665527, 0.0]","[323.33941650390625, 4.5, 0.0]",0.0030617838848055684,9.234249114990234,-0.057427455683037094,128.2260861098349,9.244459291330147,-0.0,0.0,-0.0,0.0
46.81672,"[194.00088500976562, 5.367260932922363, 0.0]","[323.5256652832031, 4.5, 0.0]",0.004210333201181394,9.233560562133789,0.05742746581879126,128.40601723756419,9.23118733110543,-0.0,0.0,-0.0,0.0
46.836534,"[194.00082397460938, 5.367267608642578, 0.0]","[323.7097473144531, 4.5, 0.0]",0.003061783527475492,9.220521926879883,-0.05742748368529509,128.59069208790092,9.229350228932608,-0.0,0.0,-0.0,0.0
46.857349,"[194.0009002685547, 5.367258071899414, 0.0]","[323.8939514160156, 4.5, 0.0]",0.0042103333039877665,9.220816612243652,0.05742748882561373,128.77334764753962,9.217460143352408,-0.0,0.0,-0.0,0.0
46.880885,"[194.00083923339844, 5.367264747619629, 0.0]","[324.0782470703125, 4.5, 0.0]",0.0030617836359453873,9.207771301269531,-0.05742748340211896,128.95599431287079,9.216606278939665,-0.0,0.0,-0.0,0.0
46.900399,"[194.00091552734375, 5.367255210876465, 0.0]","[324.265869140625, 4.5, 0.0]",0.004210332984940191,9.20794677734375,0.05742746744974018,129.13886176130595,9.204709517633585,-0.0,0.0,-0.0,0.0
46.91619,"[194.0008544921875, 5.36726188659668, 0.0]","[324.4472961425781, 4.5, 0.0]",0.0030617838196763843,9.19559955596924,-0.057427458263190324,129.32489885877794,9.20373644435881,-0.0,0.0,-0.0,0.0
46.935557,"[194.0009307861328, 5.367252349853516, 0.0]","[324.6343994140625, 4.5, 0.0]",0.004210333430281675,9.197308540344238,0.05742748053026454,129.504920763935,9.192537772149564,-0.0,0.0,-0.0,0.0
46.957028,"[194.00086975097656, 5.3672590255737305, 0.0]","[324.8182067871094, 4.5, 0.0]",0.003061783216154057,9.185770034790039,-0.05742751070638089,129.6904432565839,9.193098206913957,-0.0,0.0,-0.0,0.0
46.975785,"[194.00094604492188, 5.367249488830566, 0.0]","[324.99822998046875, 4.5, 0.0]",0.004210333861408544,9.187666893005371,0.057427532262724325,129.87282633437664,9.182708251573885,-0.0,0.0,-0.0,0.0
46.996203,"[194.00088500976562, 5.367256164550781, 0.0]","[325.1834411621094, 4.5, 0.0]",0.0030617828228242396,9.176090240478516,-0.0574275519292152,130.05132582729453,9.183456559143963,-0.0,0.0,-0.0,0.0
47.017124,"[194.00096130371094, 5.367246627807617, 0.0]","[325.3700866699219, 4.5, 0.0]",0.004210334007228103,9.1784086227417,0.05742755922019317,130.23510138657002,9.173028457655692,-0.0,0.0,-0.0,0.0
47.036597,"[194.0009002685547, 5.367253303527832, 0.0]","[325.5527648925781, 4.5, 0.0]",0.003061782672079723,9.168305397033691,-0.05742756675741901,130.4201698299927,9.174198288734472,-0.0,0.0,-0.0,0.0
47.057714,"[194.0009765625, 5.367243766784668, 0.0]","[325.7364501953125, 4.5, 0.0]",0.004210334367682169,9.171520233154297,0.057427584780122304,130.60143283363044,9.165243614361613,-0.0,0.0,-0.0,0.0
47.077828,"[194.00091552734375, 5.367250442504883, 0.0]","[325.92041015625, 4.5, 0.0]",0.0030617821692767375,9.164727210998535,-0.05742760992027158,130.78356494387808,9.167309898786614,-0.0,0.0,-0.0,0.0
47.099449,"[194.00099182128906, 5.367240905761719, 0.0]","[326.103515625, 4.5, 0.0]",0.00421033464374662,9.161284446716309,0.057427623723494116,130.96609934249915,9.161665428829258,-0.0,0.0,-0.0,0.0
47.116519,"[194.0009307861328, 5.367247581481934, 0.0]","[326.2870788574219, 4.5, 0.0]",0.0030617821744325217,9.158358573913574,-0.05742762346570491,131.1476563046673,9.157074112072562,-0.0,0.0,-0.0,0.0
47.137457,"[194.00100708007812, 5.3672380447387695, 0.0]","[326.4676818847656, 4.5, 0.0]",0.004210334735302202,9.156189918518066,0.05742762804348404,131.32979716005636,9.155296791739142,-0.0,0.0,-0.0,0.0
47.155808,"[194.00094604492188, 5.367244720458984, 0.0]","[326.6483459472656, 4.5, 0.0]",0.0030617820208991365,9.154022216796875,-0.057427635720153296,131.5088718630276,9.151979583782763,-0.0,0.0,-0.0,0.0
47.175383,"[194.0010223388672, 5.36723518371582, 0.0]","[326.8314514160156, 4.5, 0.0]",0.004210335320198376,9.151823997497559,0.057427664964961954,131.68813690379665,9.150960434775977,-0.0,0.0,-0.0,0.0
47.19541,"[194.00096130371094, 5.367241859436035, 0.0]","[327.0155944824219, 4.5, 0.0]",0.0030050206017726046,9.149613380432129,-0.060265735921288546,131.8696938905292,9.14761366217736,-0.0,0.0,-0.0,0.0
47.215205,"[194.00103759765625, 5.367232322692871, 0.0]","[327.1978454589844, 4.5, 0.0]",0.0041410258184948825,9.147815704345703,0.0568002608361139,132.05240988182004,9.146608359830356,-0.0,0.0,-0.0,0.0
47.23998,"[194.00099182128906, 5.367272853851318, 0.0]","[327.3806457519531, 4.5, 0.0]",0.003313485382786416,9.146608352661133,-0.04137702178542333,132.23312780716387,9.143674678527208,-0.0,0.0,-0.0,0.0
47.256828,"[194.00106811523438, 5.367283344268799, 0.0]","[327.563720703125, 4.5, 0.0]",0.0040588650699206474,9.145399093627931,0.037268984356711575,132.41478718681554,9.143294867278346,-0.0,0.0,-0.0,0.0
47.275999,"[194.00100708007812, 5.367303848266602, 0.0]","[327.7467041015625, 4.5, 0.0]",0.003276911169178526,9.144189834594727,-0.03909769503710606,132.59644520319526,9.141340228558011,-0.0,0.0,-0.0,0.0
47.295566,"[194.00108337402344, 5.367305278778076, 0.0]","[327.93096923828125, 4.5, 0.0]",0.004049361898974427,9.142972946166992,0.03862253648979502,132.77810101570398,9.140912923425548,-0.0,0.0,-0.0,0.0
47.315495,"[194.0010223388672, 5.367321491241455, 0.0]","[328.1138610839844, 4.5, 0.0]",0.0032652444218385776,9.1420316696167,-0.03920587385679245,132.96089412866027,9.138923584268017,-0.0,0.0,-0.0,0.0
47.336877,"[194.0010986328125, 5.367320537567139, 0.0]","[328.2960205078125, 4.5, 0.0]",0.004043189716374502,9.14148998260498,0.038897264726796235,133.14242040804018,9.138766425194861,-0.0,0.0,-0.0,0.0
47.354825,"[194.00103759765625, 5.367335319519043, 0.0]","[328.4789733886719, 4.5, 0.0]",0.0032550780353940057,9.140945434570312,-0.039405584049024826,133.32309479935458,9.137446792888605,-0.0,0.0,-0.0,0.0
47.37758,"[194.00111389160156, 5.367332935333252, 0.0]","[328.6609802246094, 4.5, 0.0]",0.004037188343676679,9.140403747558594,0.03910551541413366,133.50466664094017,9.137690356534918,-0.0,0.0,-0.0,0.0
47.395209,"[194.0010528564453, 5.367345809936523, 0.0]","[328.8448181152344, 4.5, 0.0]",0.0032472828603539116,9.139857292175293,-0.039495274166138364,133.68516821556642,9.136366559214917,-0.0,0.0,-0.0,0.0
47.416011,"[194.00112915039062, 5.3673415184021, 0.0]","[329.02703857421875, 4.5, 0.0]",0.004033245890919127,9.139437675476074,0.03929815152826077,133.86759844114232,9.13661000931494,-0.0,0.0,-0.0,0.0
47.438251,"[194.00106811523438, 5.367352485656738, 0.0]","[329.2095031738281, 4.5, 0.0]",0.0032429765963530597,9.139205932617188,-0.03951346472830337,134.04830103456268,9.135404429585154,-0.0,0.0,-0.0,0.0
47.457119,"[194.0011444091797, 5.367346286773682, 0.0]","[329.3966064453125, 4.5, 0.0]",0.004031567938560094,9.138967514038086,0.03942956711035172,134.22936887093184,9.135962956020835,-0.0,0.0,-0.0,0.0
47.476085,"[194.00108337402344, 5.367355823516846, 0.0]","[329.57659912109375, 4.5, 0.0]",0.00324129071746018,9.138738632202148,-0.03951386105499569,134.41490616146288,9.134935946099526,-0.0,0.0,-0.0,0.0
47.496644,"[194.00115966796875, 5.3673481941223145, 0.0]","[329.7630920410156, 4.5, 0.0]",0.004031219326179696,9.14183521270752,0.03949643043597579,134.59351318342934,9.135497341484689,-0.0,0.0,-0.0,0.0
47.516027,"[194.0010986328125, 5.367356300354004, 0.0]","[329.9426574707031, 4.5, 0.0]",0.0032408653628019923,9.134921073913576,-0.03951769816888519,134.77843840902068,9.13780399338134,-0.0,0.0,-0.0,0.0
47.536075,"[194.0011749267578, 5.367347717285156, 0.0]","[330.1256103515625, 4.5, 0.0]",0.004031322296037197,9.141312599182129,0.03952284666176022,134.95661711259004,9.131680208550774,-0.0,0.0,-0.0,0.0
47.555467,"[194.00111389160156, 5.367354869842529, 0.0]","[330.3070983886719, 4.5, 0.0]",0.003240813307766631,9.134370803833008,-0.039525449413528285,135.13803291217945,9.137281276886092,-0.0,0.0,-0.0,0.0
47.575725,"[194.00119018554688, 5.367345809936523, 0.0]","[330.4937438964844, 4.5, 0.0]",0.00403144972268785,9.140756607055664,0.039531820746060944,135.31812299651742,9.131129990525242,-0.0,0.0,-0.0,0.0
47.596679,"[194.00112915039062, 5.367352485656738, 0.0]","[330.6769104003906, 4.5, 0.0]",0.0032407890865643048,9.133811950683594,-0.03953303180617726,135.50319293380372,9.136725157332977,-0.0,0.0,-0.0,0.0
47.615715,"[194.00120544433594, 5.367342948913574, 0.0]","[330.860107421875, 4.5, 0.0]",0.004031500077493639,9.140047073364258,0.039535549546466695,135.6849413512327,9.130571161597029,-0.0,0.0,-0.0,0.0
47.637856,"[194.0011444091797, 5.367349624633789, 0.0]","[331.0423278808594, 4.5, 0.0]",0.003240740317683447,9.132733345031738,-0.03953798799050958,135.86659491315336,9.136015573286764,-0.0,0.0,-0.0,0.0
47.656275,"[194.001220703125, 5.367340087890625, 0.0]","[331.22509765625, 4.5, 0.0]",0.004031498672137365,9.138752937316895,0.039537917722695916,136.04740489827333,9.129492604714056,-0.0,0.0,-0.0,0.0
47.680271,"[194.00115966796875, 5.36734676361084, 0.0]","[331.4049987792969, 4.5, 0.0]",0.0032406926874862245,9.131446838378906,-0.039540299232557044,136.22863468562383,9.134721438644757,-0.0,0.0,-0.0,0.0
47.695811,"[194.00123596191406, 5.367337226867676, 0.0]","[331.59130859375, 4.5, 0.0]",0.004031483815164022,9.137454986572266,0.039539556383889875,136.4071373985172,9.12820614569142,-0.0,0.0,-0.0,0.0
47.716294,"[194.0011749267578, 5.367344379425049, 0.0]","[331.77398681640625, 4.5, 0.0]",0.003240663317048899,9.12985897064209,-0.03954102490575616,136.591883149352,9.133423502757102,-0.0,0.0,-0.0,0.0
47.736283,"[194.00125122070312, 5.367335319519043, 0.0]","[331.9530029296875, 4.5, 0.0]",0.0040314726736525,9.135241508483887,0.03954046783018004,136.77314283861065,9.12661830732504,-0.0,0.0,-0.0,0.0
47.757482,"[194.00119018554688, 5.367342472076416, 0.0]","[332.1363220214844, 4.5, 0.0]",0.0032406522153918243,9.127256393432617,-0.03954102291303376,136.95065151774088,9.131210035810234,-0.0,0.0,-0.0,0.0
47.775456,"[194.0012664794922, 5.36733341217041, 0.0]","[332.31707763671875, 4.5, 0.0]",0.0040314670696382,9.1326265335083,0.03954074271231879,137.13254467862293,9.124015741217226,-0.0,0.0,-0.0,0.0
47.795116,"[194.00120544433594, 5.367340564727783, 0.0]","[332.5003967285156, 4.5, 0.0]",0.0032406513274446953,9.124641418457031,-0.03954078710967524,137.3117788817075,9.128595066438663,-0.0,0.0,-0.0,0.0
47.81524,"[194.00128173828125, 5.367331504821777, 0.0]","[332.6838684082031, 4.5, 0.0]",0.004031464563789164,9.129633903503418,0.03954066181722344,137.49367201188863,9.121400767129586,-0.0,0.0,-0.0,0.0
47.83552,"[194.001220703125, 5.36733865737915, 0.0]","[332.86956787109375, 4.5, 0.0]",0.0032406533395728,9.1207275390625,-0.0395405612108182,137.67560043712334,9.125602438939628,-0.0,0.0,-0.0,0.0
47.856429,"[194.0012969970703, 5.3673295974731445, 0.0]","[333.05181884765625, 4.5, 0.0]",0.003486389508551753,9.125198364257812,0.012286808448947655,137.8598547376686,9.117486885722927,-0.0,0.0,-0.0,0.0
47.876456,"[194.00123596191406, 5.367336750030518, 0.0]","[333.2339782714844, 4.5, 0.0]",0.004302425870515851,9.116334915161133,0.04080181809820488,138.04057232147255,9.12171197474926,-0.0,0.0,-0.0,0.0
47.896752,"[194.0012969970703, 5.367297172546387, 0.0]","[333.4149169921875, 4.5, 0.0]",0.0031203828044343105,9.120821952819824,-0.05910215330407701,138.22131506086035,9.112032489290616,-0.0,0.0,-0.0,0.0
47.918359,"[194.00120544433594, 5.367288589477539, 0.0]","[333.60040283203125, 4.5, 0.0]",0.004238452836621858,9.111483573913574,0.05590350160937737,138.40050068281337,9.11770157001539,-0.0,0.0,-0.0,0.0
47.937905,"[194.0012664794922, 5.367269992828369, 0.0]","[333.7781982421875, 4.5, 0.0]",0.003087121607706638,9.11501407623291,-0.05756656144576099,138.5843783020012,9.107245121076952,-0.0,0.0,-0.0,0.0
47.957009,"[194.0011749267578, 5.367269992828369, 0.0]","[333.9630432128906, 4.5, 0.0]",0.004233274910753901,9.105084419250488,0.05730766515236313,138.7605370619911,9.111926954625204,-0.0,0.0,-0.0,0.0
47.97653,"[194.00123596191406, 5.367254734039307, 0.0]","[334.14569091796875, 4.5, 0.0]",0.003076565015018649,9.108528137207031,-0.05783549478676259,138.94386436604424,9.100851144339734,-0.0,0.0,-0.0,0.0
47.996685,"[194.0011444091797, 5.3672566413879395, 0.0]","[334.3280334472656, 4.5, 0.0]",0.0042295433513021485,9.098642349243164,0.05764891681417498,139.12490123194803,9.105451572192013,-0.0,0.0,-0.0,0.0
48.020479,"[194.00120544433594, 5.367242813110352, 0.0]","[334.50567626953125, 4.5, 0.0]",0.0030668882271640534,9.10177230834961,-0.05813275620690475,139.30578870235567,9.094412805891862,-0.0,0.0,-0.0,0.0
48.03513,"[194.00111389160156, 5.367245674133301, 0.0]","[334.6888427734375, 4.5, 0.0]",0.004224995854103909,9.0941743850708,0.05790538134699277,139.4818946238489,9.098705420122446,-0.0,0.0,-0.0,0.0
48.05685,"[194.0011749267578, 5.3672332763671875, 0.0]","[334.8706359863281, 4.5, 0.0]",0.00305906474143832,9.089943885803223,-0.05829655563327944,139.66362176624222,9.089949389216697,-0.0,0.0,-0.0,0.0
48.077732,"[194.00108337402344, 5.3672380447387695, 0.0]","[335.0533752441406, 4.5, 0.0]",0.0042217432938810575,9.08569049835205,0.058133927622136886,139.84386718119157,9.086884821061785,-0.0,0.0,-0.0,0.0
48.096409,"[194.0011444091797, 5.367227554321289, 0.0]","[335.234619140625, 4.5, 0.0]",0.0030545346362159985,9.08147144317627,-0.05836043288325295,140.02518863496434,9.08146875505817,-0.0,0.0,-0.0,0.0
48.115281,"[194.0010528564453, 5.367234230041504, 0.0]","[335.416015625, 4.5, 0.0]",0.0042202975584997434,9.076896667480469,0.05828814611418724,140.2049006131579,9.078416908540053,-0.0,0.0,-0.0,0.0
48.135181,"[194.00111389160156, 5.367225170135498, 0.0]","[335.59698486328125, 4.5, 0.0]",0.0030526356736621948,9.071805000305178,-0.05838309424187743,140.38489701352708,9.072676369921968,-0.0,0.0,-0.0,0.0
48.157161,"[194.0010223388672, 5.3672332763671875, 0.0]","[335.7784118652344, 4.5, 0.0]",0.004219995541255049,9.06670093536377,0.05836799337964273,140.5643412015341,9.068752364631516,-0.0,0.0,-0.0,0.0
48.176196,"[194.00108337402344, 5.367225646972656, 0.0]","[335.9588623046875, 4.5, 0.0]",0.0030520913920186864,9.061624526977539,-0.058395207461818144,140.74437476209002,9.062480939822514,-0.0,0.0,-0.0,0.0
48.196394,"[194.00100708007812, 5.367234706878662, 0.0]","[336.1427307128906, 4.5, 0.0]",0.0042201080928258635,9.056450843811035,0.05840083504035885,140.92331358898187,9.05857243558552,-0.0,0.0,-0.0,0.0
48.215274,"[194.00106811523438, 5.367227554321289, 0.0]","[336.32269287109375, 4.5, 0.0]",0.003051994638617354,9.05115032196045,-0.058405672710425474,141.10574692211443,9.05223073571821,-0.0,0.0,-0.0,0.0
48.236431,"[194.00099182128906, 5.367237091064453, 0.0]","[336.5044860839844, 4.5, 0.0]",0.004220246053969517,9.045440673828127,0.058412570767608134,141.2842060171935,9.048098327321831,-0.0,0.0,-0.0,0.0
48.256885,"[194.0010528564453, 5.367230415344238, 0.0]","[336.6844482421875, 4.5, 0.0]",0.003051961355404216,9.039787292480469,-0.05841423492826503,141.46458999705015,9.041220427774157,-0.0,0.0,-0.0,0.0
48.277019,"[194.0009765625, 5.3672404289245605, 0.0]","[336.86859130859375, 4.5, 0.0]",0.004220309181680748,9.034003257751465,0.05841739131382658,141.64304457570228,9.036735331125065,-0.0,0.0,-0.0,0.0
48.295942,"[194.00103759765625, 5.367234230041504, 0.0]","[337.0500793457031, 4.5, 0.0]",0.0030519115873411805,9.028302192687988,-0.058419879716978367,141.82575944915783,9.029782948569784,-0.0,0.0,-0.0,0.0
48.31614,"[194.00096130371094, 5.367244243621826, 0.0]","[337.23065185546875, 4.5, 0.0]",0.004220319581272561,9.02254867553711,0.058420399696569,142.00573455486864,9.025250281100647,-0.0,0.0,-0.0,0.0
48.338313,"[194.0010223388672, 5.3672380447387695, 0.0]","[337.40679931640625, 4.5, 0.0]",0.0030518626078020307,9.016823768615723,-0.05842284867352649,142.1849121932104,9.018328355955838,-0.0,0.0,-0.0,0.0
48.357299,"[194.00094604492188, 5.367248058319092, 0.0]","[337.589599609375, 4.5, 0.0]",0.004220310715188644,9.010883331298828,0.05842240536933067,142.35957596926949,9.013771906007921,-0.0,0.0,-0.0,0.0
48.37724,"[194.00100708007812, 5.367241382598877, 0.0]","[337.7704772949219, 4.5, 0.0]",0.003051832442908944,9.0050048828125,-0.05842391361398501,142.5409679808834,9.00666302058364,-0.0,0.0,-0.0,0.0
48.396488,"[194.0009307861328, 5.367250919342041, 0.0]","[337.9486389160156, 4.5, 0.0]",0.004220302503187402,8.999215126037598,0.0584235030139229,142.72033763152996,9.001953050369591,-0.0,0.0,-0.0,0.0
48.416382,"[194.00099182128906, 5.367244243621826, 0.0]","[338.12908935546875, 4.5, 0.0]",0.0030518204212775166,8.993438720703125,-0.05842410409549426,142.89712364739452,8.99499482353441,-0.0,0.0,-0.0,0.0
48.435809,"[194.00091552734375, 5.36725378036499, 0.0]","[338.3105163574219, 4.5, 0.0]",0.004220298417673359,8.987759590148926,0.05842389981979214,143.0760648855505,8.990386900281848,-0.0,0.0,-0.0,0.0
48.459949,"[194.0009765625, 5.367247104644775, 0.0]","[338.4869384765625, 4.5, 0.0]",0.003051818942039902,8.98557186126709,-0.058423973781672876,143.25609222314773,8.983539291731253,-0.0,0.0,-0.0,0.0
48.476921,"[194.0009002685547, 5.3672566413879395, 0.0]","[338.66949462890625, 4.5, 0.0]",0.004220297312413489,8.973189353942871,0.05842391851867935,143.43103994945125,8.98252004232505,-0.0,0.0,-0.0,0.0
48.496952,"[194.00096130371094, 5.367249965667725, 0.0]","[338.8476257324219, 4.5, 0.0]",0.003051820125034246,8.974282264709473,-0.058423859368962126,143.61219194516434,8.968969056630458,-0.0,0.0,-0.0,0.0
48.515213,"[194.00088500976562, 5.367259502410889, 0.0]","[339.0261535644531, 4.5, 0.0]",0.004220297150709644,8.962016105651855,0.05842385128376989,143.78883024328456,8.971230444584439,-0.0,0.0,-0.0,0.0
48.536045,"[194.00094604492188, 5.367252826690674, 0.0]","[339.2047424316406, 4.5, 0.0]",0.0030020202823872306,8.963068962097168,-0.06091384341612067,143.96597936627612,8.957795808501146,-0.0,0.0,-0.0,0.0
48.55716,"[194.00086975097656, 5.367262363433838, 0.0]","[339.38427734375, 4.5, 0.0]",0.004107408389572222,8.950756072998049,0.05526940535924955,144.14308107725273,8.96006694181478,-0.0,0.0,-0.0,0.0
48.57696,"[194.00091552734375, 5.367221832275391, 0.0]","[339.56451416015625, 4.5, 0.0]",0.0033383563397538243,8.951757431030273,-0.03845260249091987,144.3212220999233,8.946648664608476,-0.0,0.0,-0.0,0.0
48.59657,"[194.00083923339844, 5.36721134185791, 0.0]","[339.7449035644531, 4.5, 0.0]",0.004026840545948052,8.939417839050293,0.03442421030971138,144.49965318651854,8.94841907469052,-0.0,0.0,-0.0,0.0
48.616064,"[194.0009002685547, 5.367191314697266, 0.0]","[339.9220886230469, 4.5, 0.0]",0.0033051124640079673,8.940500259399414,-0.03608640409700423,144.67852621629288,8.935390998504344,-0.0,0.0,-0.0,0.0
48.635507,"[194.00082397460938, 5.367190361022949, 0.0]","[340.0996398925781, 4.5, 0.0]",0.004019077519576614,8.928211212158203,0.035698252778432325,144.85413227110777,8.937195146935407,-0.0,0.0,-0.0,0.0
48.657785,"[194.00088500976562, 5.36717414855957, 0.0]","[340.281982421875, 4.5, 0.0]",0.003295342562418307,8.929105758666992,-0.03618674785791534,145.03024234843042,8.924192134638627,-0.0,0.0,-0.0,0.0
48.676561,"[194.0008087158203, 5.367175102233887, 0.0]","[340.45599365234375, 4.5, 0.0]",0.004013741397760812,8.916929244995117,0.035919941767125235,145.2109972693875,8.925810416104573,-0.0,0.0,-0.0,0.0
48.696807,"[194.00086975097656, 5.367160320281982, 0.0]","[340.6394348144531, 4.5, 0.0]",0.003285891148682192,8.917789459228516,-0.036392512453930985,145.38362399864312,8.912915503597356,-0.0,0.0,-0.0,0.0
48.715645,"[194.00079345703125, 5.367162704467773, 0.0]","[340.81787109375, 4.5, 0.0]",0.004007769280574506,8.905447006225586,0.0360939065946157,145.56550635617776,8.914503568079834,-0.0,0.0,-0.0,0.0
48.740271,"[194.0008544921875, 5.367149353027344, 0.0]","[340.9916076660156, 4.5, 0.0]",0.003278028327069577,8.906559944152832,-0.03648704767524645,145.74253419639632,8.901439236945011,-0.0,0.0,-0.0,0.0
48.756822,"[194.0007781982422, 5.367153167724609, 0.0]","[341.172119140625, 4.5, 0.0]",0.004003532825137043,8.894119262695312,0.03627522490337329,145.9147997831445,8.903281915825762,-0.0,0.0,-0.0,0.0
48.77571,"[194.00083923339844, 5.3671417236328125, 0.0]","[341.3509521484375, 4.5, 0.0]",0.0032734300199000047,8.89506721496582,-0.03650514026185189,146.09390503529423,8.890115729870175,-0.0,0.0,-0.0,0.0
48.795954,"[194.00076293945312, 5.367147445678711, 0.0]","[341.5295104980469, 4.5, 0.0]",0.004001584572345389,8.882689476013184,0.0364077276222692,146.2712356136605,8.89179378494592,-0.0,0.0,-0.0,0.0
48.816277,"[194.00082397460938, 5.367137908935547, 0.0]","[341.7046813964844, 4.5, 0.0]",0.0032715326262970816,8.883724212646484,-0.03650259730241536,146.44840126722303,8.878687891440839,-0.0,0.0,-0.0,0.0
48.836295,"[194.00074768066406, 5.367145538330078, 0.0]","[341.881591796875, 4.5, 0.0]",0.004001100740653647,8.871323585510254,0.03647840571782829,146.62209949705243,8.880452680020188,-0.0,0.0,-0.0,0.0
48.86242,"[194.0008087158203, 5.367137432098389, 0.0]","[342.05767822265625, 4.5, 0.0]",0.0032710183253620343,8.872285842895508,-0.03650412076458066,146.79764492504327,8.8673224847696,-0.0,0.0,-0.0,0.0
48.876677,"[194.000732421875, 5.367146015167236, 0.0]","[342.23504638671875, 4.5, 0.0]",0.00400116819036248,8.859869956970215,0.0365074932500223,146.97225862243394,8.869014824570145,-0.0,0.0,-0.0,0.0
48.89822,"[194.00079345703125, 5.367138385772705, 0.0]","[342.4173278808594, 4.5, 0.0]",0.0032709514510333723,8.860630989074707,-0.0365108369664554,147.14824387317404,8.855868788779853,-0.0,0.0,-0.0,0.0
48.91653,"[194.00071716308594, 5.367147445678711, 0.0]","[342.5945739746094, 4.5, 0.0]",0.004001297211760107,8.84818172454834,0.03651728803633673,147.32900271619428,8.857360037623673,-0.0,0.0,-0.0,0.0
48.935737,"[194.0007781982422, 5.367140293121338, 0.0]","[342.76788330078125, 4.5, 0.0]",0.0032709345528574613,8.84914493560791,-0.03651813294513228,147.50487881432684,8.84418042733658,-0.0,0.0,-0.0,0.0
48.956917,"[194.00070190429688, 5.367149829864502, 0.0]","[342.9443359375, 4.5, 0.0]",0.004001352931804776,8.840002059936523,0.03652091894736575,147.67673076466443,8.845874001055053,-0.0,0.0,-0.0,0.0
48.977555,"[194.00076293945312, 5.367143154144287, 0.0]","[343.12042236328125, 4.5, 0.0]",0.003270891771075268,8.834206581115723,-0.03652305803647541,147.8518246082925,8.836000707004718,-0.0,0.0,-0.0,0.0
48.9961,"[194.0006866455078, 5.367152690887451, 0.0]","[343.2983093261719, 4.5, 0.0]",0.004001353609631051,8.828351020812988,0.036523091927789166,148.0264337088605,8.830935689344647,-0.0,0.0,-0.0,0.0
49.015299,"[194.00074768066406, 5.367146015167236, 0.0]","[343.47515869140625, 4.5, 0.0]",0.0032708454219572366,8.822490692138672,-0.03652540938369074,148.20294545554387,8.824349667203357,-0.0,0.0,-0.0,0.0
49.037358,"[194.00067138671875, 5.3671555519104, 0.0]","[343.6505432128906, 4.5, 0.0]",0.0040013375070393885,8.816621780395508,0.0365246042541076,148.37831615442144,8.819219846716715,-0.0,0.0,-0.0,0.0
49.056081,"[194.000732421875, 5.367148399353027, 0.0]","[343.8267822265625, 4.5, 0.0]",0.0032708150173690483,8.810724258422853,-0.03652612448351701,148.55235524673697,8.812620442888468,-0.0,0.0,-0.0,0.0
49.078733,"[194.0006561279297, 5.367157459259033, 0.0]","[344.0047302246094, 4.5, 0.0]",0.004001324099281847,8.804769515991211,0.036525454095639946,148.72711082618474,8.807453443405484,-0.0,0.0,-0.0,0.0
49.097398,"[194.00071716308594, 5.36715030670166, 0.0]","[344.18011474609375, 4.5, 0.0]",0.0032708026214930456,8.798900604248047,-0.03652607388944008,148.90369262435388,8.80076819189193,-0.0,0.0,-0.0,0.0
49.116589,"[194.00064086914062, 5.367159366607666, 0.0]","[344.3585510253906, 4.5, 0.0]",0.004001317472013717,8.792891502380371,0.03652574252603358,149.0776030178696,8.795629801626554,-0.0,0.0,-0.0,0.0
49.135888,"[194.00070190429688, 5.367152214050293, 0.0]","[344.5312805175781, 4.5, 0.0]",0.0032708008932622558,8.787022590637207,-0.036525828937573064,149.25465943887207,8.788890184908357,-0.0,0.0,-0.0,0.0
49.155596,"[194.00062561035156, 5.367161273956299, 0.0]","[344.7069091796875, 4.5, 0.0]",0.004001314671485298,8.78105354309082,0.03652568891115209,149.425941066994,8.783751789743945,-0.0,0.0,-0.0,0.0
49.17666,"[194.0006866455078, 5.367154121398926, 0.0]","[344.8825378417969, 4.5, 0.0]",0.0032708032009293848,8.775083541870117,-0.036525573527795646,149.60021733023632,8.777052228419334,-0.0,0.0,-0.0,0.0
49.195691,"[194.0006103515625, 5.367163181304932, 0.0]","[345.0589294433594, 4.5, 0.0]",0.004001313138685719,8.769089698791504,0.036525496887816734,149.77437474775795,8.771812738669189,-0.0,0.0,-0.0,0.0
49.215758,"[194.00067138671875, 5.367156028747559, 0.0]","[345.2376708984375, 4.5, 0.0]",0.0032708050514577594,8.762981414794922,-0.036525404361398,149.94940532337256,8.765088385652819,-0.0,0.0,-0.0,0.0
49.235895,"[194.00059509277344, 5.3671650886535645, 0.0]","[345.4089660644531, 4.5, 0.0]",0.004001312225196244,8.75708293914795,0.03652535868692425,150.12664554957973,8.759710609743465,-0.0,0.0,-0.0,0.0
49.256726,"[194.0006561279297, 5.367157936096191, 0.0]","[345.5844421386719, 4.5, 0.0]",0.003270806123226279,8.7510404586792,-0.03652530509849828,150.2966183194853,8.753081626922754,-0.0,0.0,-0.0,0.0
49.280165,"[194.00057983398438, 5.367166996002197, 0.0]","[345.7589111328125, 4.5, 0.0]",0.004001311321282166,8.74503231048584,0.03652525990279437,150.4706292780765,8.747769652555974,-0.0,0.0,-0.0,0.0
49.296709,"[194.00064086914062, 5.367159843444824, 0.0]","[345.9345397949219, 4.5, 0.0]",0.003270806496384243,8.738985061645508,-0.036525241244896166,150.64375756218936,8.741030999164558,-0.0,0.0,-0.0,0.0
49.316742,"[194.0005645751953, 5.36716890335083, 0.0]","[346.1092529296875, 4.5, 0.0]",0.003470766926463959,8.732956886291506,0.009998021503985804,150.81791500933454,8.735714255149123,-0.0,0.0,-0.0,0.0
49.335797,"[194.00062561035156, 5.367161750793457, 0.0]","[346.2835388183594, 4.5, 0.0]",0.004326565445916588,8.726924896240234,0.042789925972631426,150.99128053098147,8.729486119365042,-0.0,0.0,-0.0,0.0
49.359741,"[194.0005645751953, 5.367201328277588, 0.0]","[346.4579772949219, 4.5, 0.0]",0.0031059420871020686,8.7208890914917,-0.061031167940725946,151.16410850437882,8.722598330794318,-0.0,0.0,-0.0,0.0
49.37585,"[194.0006561279297, 5.367210388183594, 0.0]","[346.6318054199219, 4.5, 0.0]",0.004260421438207154,8.718208312988281,0.057723967555254274,151.33746568647751,8.717783149404598,-0.0,0.0,-0.0,0.0
49.396036,"[194.00059509277344, 5.367229461669922, 0.0]","[346.806884765625, 4.5, 0.0]",0.003069382996194297,8.705481529235842,-0.05955192210064285,151.51002834598245,8.713947891550074,-0.0,0.0,-0.0,0.0
49.416145,"[194.0006866455078, 5.36722993850708, 0.0]","[346.98077392578125, 4.5, 0.0]",0.00425360900014707,8.706122398376465,0.05921130019763865,151.68391381486822,8.702412146239647,-0.0,0.0,-0.0,0.0
49.436314,"[194.00062561035156, 5.367245197296143, 0.0]","[347.1543273925781, 4.5, 0.0]",0.0030569524562518583,8.693424224853516,-0.05983282719476059,151.85644313811375,8.701868789376318,-0.0,0.0,-0.0,0.0
49.457074,"[194.00071716308594, 5.367243766784668, 0.0]","[347.3290100097656, 4.5, 0.0]",0.0042490427378404395,8.694023132324219,0.059604514079429065,152.028746085619,8.690367272397264,-0.0,0.0,-0.0,0.0
49.47664,"[194.0006561279297, 5.367257595062256, 0.0]","[347.5030822753906, 4.5, 0.0]",0.0030465103704007453,8.681307792663574,-0.06012661837198471,152.2020133361277,8.689774089586379,-0.0,0.0,-0.0,0.0
49.496229,"[194.00074768066406, 5.367254257202148, 0.0]","[347.6775207519531, 4.5, 0.0]",0.004244473942166892,8.681915283203125,0.059898178588307316,152.3747964603846,8.678261282293173,-0.0,0.0,-0.0,0.0
49.51555,"[194.0006866455078, 5.367266654968262, 0.0]","[347.8506774902344, 4.5, 0.0]",0.003038318343110462,8.669220924377441,-0.060307779952821494,152.5477919109531,8.677670809260958,-0.0,0.0,-0.0,0.0
49.535877,"[194.0007781982422, 5.36726188659668, 0.0]","[348.02362060546875, 4.5, 0.0]",0.00424165836161798,8.669856071472168,0.06016700092537591,152.7196421396051,8.666182606034331,-0.0,0.0,-0.0,0.0
49.556662,"[194.00071716308594, 5.36727237701416, 0.0]","[348.1965026855469, 4.5, 0.0]",0.003033654787928752,8.65715789794922,-0.0604001786844614,152.89113941986162,8.66561441311055,-0.0,0.0,-0.0,0.0
49.576309,"[194.0008087158203, 5.367265701293945, 0.0]","[348.3700256347656, 4.5, 0.0]",0.0042405679332736335,8.657772064208984,0.06034565726724408,153.06270218148245,8.654124243161291,-0.0,0.0,-0.0,0.0
49.595697,"[194.00074768066406, 5.367274284362793, 0.0]","[348.5445556640625, 4.5, 0.0]",0.003031677702378458,8.645015716552734,-0.06044451154475878,153.2347620831203,8.653531496275711,-0.0,0.0,-0.0,0.0
49.616633,"[194.00083923339844, 5.3672661781311035, 0.0]","[348.7167053222656, 4.5, 0.0]",0.004240427136080208,8.645668983459473,0.060437471685087486,153.40795186493122,8.641984038850357,-0.0,0.0,-0.0,0.0
49.635868,"[194.0007781982422, 5.367273330688477, 0.0]","[348.888671875, 4.5, 0.0]",0.0030310618273412596,8.632974624633789,-0.0604682654369474,153.5786444742468,8.641428556323392,-0.0,0.0,-0.0,0.0
49.65645,"[194.00086975097656, 5.367264747619629, 0.0]","[349.0620422363281, 4.5, 0.0]",0.004240544768334516,8.63356876373291,0.06047414704966284,153.7492838089657,8.629943562806448,-0.0,0.0,-0.0,0.0
49.677397,"[194.0008087158203, 5.367271423339844, 0.0]","[349.2354431152344, 4.5, 0.0]",0.003030887611871673,8.620824813842773,-0.060482857823142167,153.92118979850048,8.629328218964575,-0.0,0.0,-0.0,0.0
49.696907,"[194.0009002685547, 5.367262363433838, 0.0]","[349.4087829589844, 4.5, 0.0]",0.004240629419180276,8.621419906616211,0.06048709036543013,154.09325185782134,8.617793926230902,-0.0,0.0,-0.0,0.0
49.717399,"[194.00083923339844, 5.3672685623168945, 0.0]","[349.58001708984375, 4.5, 0.0]",0.0030307959820295195,8.608739852905273,-0.06049167185753781,154.2651200771399,8.61717927719703,-0.0,0.0,-0.0,0.0
49.735772,"[194.0009307861328, 5.367259502410889, 0.0]","[349.7511291503906, 4.5, 0.0]",0.004240632278456961,8.609383583068848,0.060491814821372066,154.43502778369302,8.605709056923244,-0.0,0.0,-0.0,0.0
49.75651,"[194.00086975097656, 5.367265224456787, 0.0]","[349.927001953125, 4.5, 0.0]",0.0030307057679992452,8.59652328491211,-0.06049632552288578,154.60469125559956,8.605142950790391,-0.0,0.0,-0.0,0.0
49.77583,"[194.00096130371094, 5.367256164550781, 0.0]","[350.0986022949219, 4.5, 0.0]",0.004240578451626194,8.597149848937988,0.060493634181347435,154.7791976678519,8.59349257914411,-0.0,0.0,-0.0,0.0
49.796351,"[194.0009002685547, 5.36726188659668, 0.0]","[350.2711486816406, 4.5, 0.0]",0.0030306330370437943,8.584406852722168,-0.060497270729119985,154.94934303313119,8.592909270486363,-0.0,0.0,-0.0,0.0
49.815783,"[194.00099182128906, 5.367252826690674, 0.0]","[350.4401550292969, 4.5, 0.0]",0.004240514356414435,8.58511734008789,0.060494065968532046,155.120544785581,8.581376219685124,-0.0,0.0,-0.0,0.0
49.835919,"[194.0009307861328, 5.367258548736572, 0.0]","[350.61083984375, 4.5, 0.0]",0.0030305879007150992,8.572421073913574,-0.0604963227849668,155.2881171171127,8.580876825731476,-0.0,0.0,-0.0,0.0
49.856956,"[194.0010223388672, 5.367249488830566, 0.0]","[350.7830505371094, 4.5, 0.0]",0.004240468998593527,8.573006629943848,0.060494054893921394,155.4574773291932,8.569390486012859,-0.0,0.0,-0.0,0.0
49.875444,"[194.00096130371094, 5.367255687713623, 0.0]","[350.9531555175781, 4.5, 0.0]",0.0030305665477171045,8.56366539001465,-0.06049512254382113,155.62822570529843,8.568766160945254,-0.0,0.0,-0.0,0.0
49.895377,"[194.0010528564453, 5.367247104644775, 0.0]","[351.1257019042969, 4.5, 0.0]",0.004240435950470224,8.554237365722656,0.06049347013765598,155.79701587020054,8.560634823466932,-0.0,0.0,-0.0,0.0
49.915889,"[194.00099182128906, 5.367253303527832, 0.0]","[351.297607421875, 4.5, 0.0]",0.0030305600815603816,8.554848670959473,-0.060493793445492126,155.96809734922252,8.549996929772187,-0.0,0.0,-0.0,0.0
49.939223,"[194.00108337402344, 5.367244720458984, 0.0]","[351.47015380859375, 4.5, 0.0]",0.004240419322061684,8.542122840881348,0.060492962025065135,156.13866084435753,8.551818110877912,-0.0,0.0,-0.0,0.0
49.955968,"[194.0010223388672, 5.367250919342041, 0.0]","[351.6402587890625, 4.5, 0.0]",0.00303056369584963,8.54281997680664,-0.060492781310602706,156.30974236406027,8.537882421559287,-0.0,0.0,-0.0,0.0
49.976559,"[194.00111389160156, 5.367242336273193, 0.0]","[351.80841064453125, 4.5, 0.0]",0.00424041446349613,8.530248641967773,0.060492538382324997,156.4785248845437,8.53978941311079,-0.0,0.0,-0.0,0.0
49.995307,"[194.0010528564453, 5.36724853515625, 0.0]","[351.979736328125, 4.5, 0.0]",0.003030567723277057,8.530902862548828,-0.06049233701095366,156.64525498351142,8.526008227504278,-0.0,0.0,-0.0,0.0
50.015624,"[194.0011444091797, 5.367239952087402, 0.0]","[352.1523132324219, 4.5, 0.0]",0.0042404090426880325,8.518245697021484,0.060492065970548785,156.81523815030982,8.527872294825551,-0.0,0.0,-0.0,0.0
50.037338,"[194.00108337402344, 5.367246150970459, 0.0]","[352.3221740722656, 4.5, 0.0]",0.0030305641350483518,8.519120216369629,-0.060492245381984035,156.9863551384976,8.514005287978796,-0.0,0.0,-0.0,0.0
50.056866,"[194.0011749267578, 5.367237567901611, 0.0]","[352.4906311035156, 4.5, 0.0]",0.00424039770778838,8.506707191467287,0.0604916786370014,157.15489288632688,8.51608965223458,-0.0,0.0,-0.0,0.0
50.077029,"[194.00111389160156, 5.367243766784668, 0.0]","[352.6615905761719, 4.5, 0.0]",0.0030305555187254375,8.507545471191406,-0.06049210945314712,157.32191814910087,8.502466793759499,-0.0,0.0,-0.0,0.0
50.096598,"[194.00120544433594, 5.36723518371582, 0.0]","[352.8318176269531, 4.5, 0.0]",0.004240390753004162,8.495071411132812,0.060491761713936214,157.4915405184327,8.504514915672681,-0.0,0.0,-0.0,0.0
50.116633,"[194.0011444091797, 5.367241382598877, 0.0]","[353.0018310546875, 4.5, 0.0]",0.0030305549382288015,8.49612808227539,-0.060491790738768016,157.66032413690405,8.490831020379808,-0.0,0.0,-0.0,0.0
50.135965,"[194.00123596191406, 5.367232799530029, 0.0]","[353.1712646484375, 4.5, 0.0]",0.004240389638633494,8.484146118164062,0.060491735020234624,157.82900804050854,8.493097527337161,-0.0,0.0,-0.0,0.0
50.158768,"[194.0011749267578, 5.367238998413086, 0.0]","[353.34051513671875, 4.5, 0.0]",0.0030305555505828505,8.48550796508789,-0.060491704402532175,157.99700464313253,8.479905728525429,-0.0,0.0,-0.0,0.0
50.177133,"[194.0012664794922, 5.367230415344238, 0.0]","[353.5127868652344, 4.5, 0.0]",0.004240388521214653,8.473437309265137,0.06049164853159014,158.16493171085915,8.482477409537308,-0.0,0.0,-0.0,0.0
50.196674,"[194.00120544433594, 5.367236614227295, 0.0]","[353.6839294433594, 4.5, 0.0]",0.0030305562284789547,8.474738121032715,-0.06049161463678493,158.3357436186081,8.469196920743922,-0.0,0.0,-0.0,0.0
50.215833,"[194.0012969970703, 5.367228031158447, 0.0]","[353.8535461425781, 4.5, 0.0]",0.004240387971259548,8.463088989257812,0.06049158713902964,158.5055474795904,8.471707564804236,-0.0,0.0,-0.0,0.0
50.235518,"[194.00123596191406, 5.367234230041504, 0.0]","[354.0179138183594, 4.5, 0.0]",0.003030556418158817,8.465383529663086,-0.06049157765503654,158.67372580391927,8.458848601286553,-0.0,0.0,-0.0,0.0
50.259154,"[194.00132751464844, 5.367225646972656, 0.0]","[354.1928405761719, 4.5, 0.0]",0.004240387592274413,8.454058647155762,0.06049155870577979,158.83680932316284,8.462352973244927,-0.0,0.0,-0.0,0.0
50.276031,"[194.0012664794922, 5.367231845855713, 0.0]","[354.3603820800781, 4.5, 0.0]",0.003030556581020427,8.456268310546875,-0.06049155056269929,159.01025495211485,8.449818259563488,-0.0,0.0,-0.0,0.0
50.295828,"[194.00135803222656, 5.367223262786865, 0.0]","[354.5304260253906, 4.5, 0.0]",0.004240387597803049,8.448409080505371,0.06049155083913112,159.17648667221792,8.453237753965855,-0.0,0.0,-0.0,0.0
50.316898,"[194.0012969970703, 5.367229461669922, 0.0]","[354.6997985839844, 4.5, 0.0]",0.0030305567610374195,8.444535255432129,-0.06049154183828148,159.34508889034225,8.444168692907567,-0.0,0.0,-0.0,0.0
50.336113,"[194.0013885498047, 5.367220878601074, 0.0]","[354.86553955078125, 4.5, 0.0]",0.004240387465403979,8.441595077514648,0.06049153521832799,159.51313686102748,8.44150469867109,-0.0,0.0,-0.0,0.0
50.35656,"[194.00132751464844, 5.367227077484131, 0.0]","[355.03369140625, 4.5, 0.0]",0.0030305572060230147,8.43861198425293,-0.06049151296904822,159.67747082843712,8.437354690049245,-0.0,0.0,-0.0,0.0
50.377614,"[194.0014190673828, 5.367218494415283, 0.0]","[355.20452880859375, 4.5, 0.0]",0.0042403868138681765,8.435580253601074,0.06049148039225809,159.84430788979256,8.435581427046907,-0.0,0.0,-0.0,0.0
50.395806,"[194.00135803222656, 5.36722469329834, 0.0]","[355.3743896484375, 4.5, 0.0]",0.003030557688317432,8.432567596435547,-0.06049145627753723,160.01369726056694,8.431339866787207,-0.0,0.0,-0.0,0.0
50.415964,"[194.00144958496094, 5.367216110229492, 0.0]","[355.54052734375, 4.5, 0.0]",0.004240386618876292,8.430490493774414,0.060491446527943,160.18222948590522,8.42953703874723,-0.0,0.0,-0.0,0.0
50.436607,"[194.0013885498047, 5.367222309112549, 0.0]","[355.7081298828125, 4.5, 0.0]",0.003030558007057377,8.429664611816406,-0.06049143059094575,160.34695707525248,8.426250107155537,-0.0,0.0,-0.0,0.0
50.455874,"[194.00148010253906, 5.367213726043701, 0.0]","[355.8773498535156, 4.5, 0.0]",0.004240386299465013,8.428831100463867,0.060491414620381816,160.51324915665802,8.426634053809348,-0.0,0.0,-0.0,0.0
50.479457,"[194.0014190673828, 5.367219924926758, 0.0]","[356.049072265625, 4.5, 0.0]",0.0030305579910206875,8.427984237670898,-0.06049141542221628,160.6810342233155,8.424590714164403,-0.0,0.0,-0.0,0.0
50.496605,"[194.0015106201172, 5.36721134185791, 0.0]","[356.218017578125, 4.5, 0.0]",0.004240386463564783,8.427151679992676,0.06049142362720479,160.85141292559035,8.424953679679877,-0.0,0.0,-0.0,0.0
50.515533,"[194.00144958496094, 5.367217540740967, 0.0]","[356.3835754394531, 4.5, 0.0]",0.0030305580312133184,8.427228927612305,-0.060491421617573246,161.01892559380696,8.422911293529111,-0.0,0.0,-0.0,0.0
50.535491,"[194.0015411376953, 5.367208957672119, 0.0]","[356.5550842285156, 4.5, 0.0]",0.004240386399343612,8.428643226623535,0.06049141840651466,161.18318938640454,8.424198369581092,-0.0,0.0,-0.0,0.0
50.556155,"[194.00148010253906, 5.367215156555176, 0.0]","[356.7229309082031, 4.5, 0.0]",0.0030305579727775553,8.430026054382324,-0.06049142132830282,161.3532449147226,8.424402840224191,-0.0,0.0,-0.0,0.0
50.576734,"[194.00157165527344, 5.367206573486328, 0.0]","[356.8901062011719, 4.5, 0.0]",0.004240386758905475,8.431404113769531,0.06049143930639601,161.51977903200918,8.426995496409546,-0.0,0.0,-0.0,0.0
50.596678,"[194.0015106201172, 5.367212772369385, 0.0]","[357.0575866699219, 4.5, 0.0]",0.003030557468409992,8.432785034179688,-0.06049146452477418,161.6855360379977,8.427163727010626,-0.0,0.0,-0.0,0.0
50.616852,"[194.00160217285156, 5.367204189300537, 0.0]","[357.2288513183594, 4.5, 0.0]",0.004240389861136372,8.435002326965332,0.06049161963631901,161.85170685083565,8.429754476711278,-0.0,0.0,-0.0,0.0
50.640016,"[194.0015411376953, 5.367210388183594, 0.0]","[357.39501953125, 4.5, 0.0]",0.0030305611051826705,8.438289642333984,-0.06049143779768508,162.02152029727495,8.430761937104196,-0.0,0.0,-0.0,0.0
50.65557,"[194.0016326904297, 5.367201805114746, 0.0]","[357.56317138671875, 4.5, 0.0]",0.004240394978051436,8.44161605834961,0.06049169364343825,162.18638938548557,8.435259081228802,-0.0,0.0,-0.0,0.0
50.676984,"[194.00157165527344, 5.367208003997803, 0.0]","[357.73321533203125, 4.5, 0.0]",0.003030562772757628,8.444979667663576,-0.06049161026469038,162.35311517359884,8.437375663371558,-0.0,0.0,-0.0,0.0
50.696978,"[194.0016632080078, 5.367199420928955, 0.0]","[357.90582275390625, 4.5, 0.0]",0.004240396375655581,8.448394775390625,0.06049168014489764,162.5218287101969,8.441949104890819,-0.0,0.0,-0.0,0.0
50.717026,"[194.00160217285156, 5.367205619812012, 0.0]","[358.0750732421875, 4.5, 0.0]",0.0030305629448562294,8.455672264099121,-0.060491671539967574,162.69297419851765,8.44415437901497,-0.0,0.0,-0.0,0.0
50.73598,"[194.00169372558594, 5.367197036743164, 0.0]","[358.2434387207031, 4.5, 0.0]",0.004240396879105446,8.453737258911133,0.06049169671246083,162.86090062720288,8.452641701154265,-0.0,0.0,-0.0,0.0
50.759674,"[194.0016326904297, 5.367203235626221, 0.0]","[358.4093017578125, 4.5, 0.0]",0.0030305630541522313,8.465068817138672,-0.06049169124766073,163.02783840835164,8.449496862032028,-0.0,0.0,-0.0,0.0
50.774875,"[194.00172424316406, 5.367194652557373, 0.0]","[358.5782470703125, 4.5, 0.0]",0.00424039665097865,8.463150978088379,0.06049167984132093,163.19240464359498,8.46203825408452,-0.0,0.0,-0.0,0.0
50.796354,"[194.0016632080078, 5.36720085144043, 0.0]","[358.7484130859375, 4.5, 0.0]",0.003030563330304119,8.474602699279785,-0.060491666033726535,163.35991763038075,8.4589105814374,-0.0,0.0,-0.0,0.0
50.816224,"[194.0017547607422, 5.367192268371582, 0.0]","[358.9194030761719, 4.5, 0.0]",0.004240396030888673,8.473036766052246,0.0604916350292277,163.52875211637996,8.471572135949481,-0.0,0.0,-0.0,0.0
50.836479,"[194.00169372558594, 5.367198467254639, 0.0]","[359.0876770019531, 4.5, 0.0]",0.0030305639095317073,8.485154151916504,-0.060491606067848286,163.6982933465774,8.468796370021357,-0.0,0.0,-0.0,0.0
50.85609,"[194.0017852783203, 5.367189884185791, 0.0]","[359.2569580078125, 4.5, 0.0]",0.004240395752357458,8.483967781066895,0.06049159214128751,163.86525094717723,8.482123588006973,-0.0,0.0,-0.0,0.0
50.876943,"[194.00172424316406, 5.367196083068848, 0.0]","[359.4321594238281, 4.5, 0.0]",0.003030564037362941,8.496308326721191,-0.060491585749725824,164.03309701319822,8.479727385314536,-0.0,0.0,-0.0,0.0
50.896243,"[194.00181579589844, 5.3671875, 0.0]","[359.59735107421875, 4.5, 0.0]",0.004240395803461905,8.494990348815918,0.06049158830494818,164.2069262219944,8.493277762683828,-0.0,0.0,-0.0,0.0
50.915684,"[194.0017547607422, 5.367193698883057, 0.0]","[359.7679138183594, 4.5, 0.0]",0.003030562623879585,8.507207870483398,-0.06049165897911599,164.3707159392305,8.490749953012456,-0.0,0.0,-0.0,0.0
50.937113,"[194.00184631347656, 5.367185115814209, 0.0]","[359.9392395019531, 4.5, 0.0]",0.004240393839778082,8.50615406036377,0.06049156079492488,164.53994381850927,8.50417730785952,-0.0,0.0,-0.0,0.0
50.957268,"[194.0017852783203, 5.367191314697266, 0.0]","[360.1076354980469, 4.5, 0.0]",0.0030305618785465595,8.518341064453125,-0.06049159806157615,164.70981817398496,8.501913666523992,-0.0,0.0,-0.0,0.0
50.97627,"[194.0018768310547, 5.367182731628418, 0.0]","[360.28131103515625, 4.5, 0.0]",0.004240390433366504,8.517363548278809,0.060491427740997236,164.87689672334335,8.515310502574579,-0.0,0.0,-0.0,0.0
50.996298,"[194.00181579589844, 5.367188930511475, 0.0]","[360.4490966796875, 4.5, 0.0]",0.0030305565751542196,8.52953052520752,-0.06049169291061423,165.04910203837886,8.513123157845442,-0.0,0.0,-0.0,0.0
51.015964,"[194.0019073486328, 5.367180347442627, 0.0]","[360.62359619140625, 4.5, 0.0]",0.004240378113745527,8.52864456176758,0.06049107692956538,165.2155751095174,8.526499968632365,-0.0,0.0,-0.0,0.0
51.035478,"[194.00184631347656, 5.367186546325684, 0.0]","[360.7933044433594, 4.5, 0.0]",0.003030541621293412,8.541027069091797,-0.060491824622605765,165.3885978040188,8.524404183653834,-0.0,0.0,-0.0,0.0
51.05755,"[194.00193786621094, 5.367177963256836, 0.0]","[360.9647521972656, 4.5, 0.0]",0.0042403541986810065,8.540131568908691,0.060490628869379726,165.5569779399125,8.537996527470504,-0.0,0.0,-0.0,0.0
51.078874,"[194.0018768310547, 5.367184162139893, 0.0]","[361.1359558105469, 4.5, 0.0]",0.0030305123873549398,8.552562713623047,-0.060492090566303336,165.72697352021544,8.535891214710011,-0.0,0.0,-0.0,0.0
51.097488,"[194.00196838378906, 5.367175579071045, 0.0]","[361.3069152832031, 4.5, 0.0]",0.004240313812831537,8.551650047302246,0.060490071273829875,165.89683691858232,8.549532201235692,-0.0,0.0,-0.0,0.0
51.115396,"[194.0019073486328, 5.367181777954102, 0.0]","[361.47515869140625, 4.5, 0.0]",0.0030304706709811647,8.564037322998047,-0.06049215709251862,166.06634819942906,8.547409733489415,-0.0,0.0,-0.0,0.0
51.136357,"[194.0019989013672, 5.367173194885254, 0.0]","[361.6461486816406, 4.5, 0.0]",0.004240242068846414,8.563261985778809,0.060488569893262456,166.23327520617468,8.561006852327067,-0.0,0.0,-0.0,0.0
51.157022,"[194.00193786621094, 5.3671793937683105, 0.0]","[361.81842041015625, 4.5, 0.0]",0.0030304145403871434,8.57586669921875,-0.06049137642296352,166.40281680441151,8.559021743709962,-0.0,0.0,-0.0,0.0
51.179703,"[194.0020294189453, 5.367170810699463, 0.0]","[361.9918212890625, 4.5, 0.0]",0.004240155026857109,8.575174331665039,0.06048702432349829,166.57373961689365,8.572836284678363,-0.0,0.0,-0.0,0.0
51.195929,"[194.00196838378906, 5.3671770095825195, 0.0]","[362.1639709472656, 4.5, 0.0]",0.0030303562582989605,8.587775230407715,-0.06048993842790744,166.74566999855423,8.570934176638183,-0.0,0.0,-0.0,0.0
51.216045,"[194.00205993652344, 5.367168426513672, 0.0]","[362.33245849609375, 4.5, 0.0]",0.004240064389081517,8.590348243713379,0.060485406539127824,166.91647712054922,8.584744874149417,-0.0,0.0,-0.0,0.0
51.237553,"[194.0019989013672, 5.3671746253967285, 0.0]","[362.5070495605469, 4.5, 0.0]",0.00303030179230662,8.5966157913208,-0.060488129838744846,167.0835338172661,8.586108179324297,-0.0,0.0,-0.0,0.0
51.255382,"[194.00209045410156, 5.367166519165039, 0.0]","[362.6753234863281, 4.5, 0.0]",0.004239962862319633,8.602659225463867,0.060483053500650655,167.25676263597964,8.593585489528493,-0.0,0.0,-0.0,0.0
51.279782,"[194.0020294189453, 5.3671722412109375, 0.0]","[362.8499450683594, 4.5, 0.0]",0.0030302457913832237,8.608928680419922,-0.06048585354682047,167.42361026655882,8.598419262601547,-0.0,0.0,-0.0,0.0
51.295362,"[194.0021209716797, 5.367164134979248, 0.0]","[363.0210266113281, 4.5, 0.0]",0.004239870578060825,8.615071296691895,0.06048123933388005,167.59686653335976,8.60589843462854,-0.0,0.0,-0.0,0.0
51.318474,"[194.00205993652344, 5.3671698570251465, 0.0]","[363.19384765625, 4.5, 0.0]",0.003030201974349357,8.621460914611816,-0.06048343018557338,167.7665101496826,8.610831426113833,-0.0,0.0,-0.0,0.0
51.335366,"[194.0021514892578, 5.367161750793457, 0.0]","[363.3672180175781, 4.5, 0.0]",0.004239801518766133,8.628142356872559,0.060479977220838796,167.93798310580877,8.618430712637467,-0.0,0.0,-0.0,0.0
51.357958,"[194.00209045410156, 5.3671674728393555, 0.0]","[363.5396728515625, 4.5, 0.0]",0.0030301836524194757,8.63478755950928,-0.06048089331733286,168.10989169386517,8.623902555353792,-0.0,0.0,-0.0,0.0
51.375714,"[194.00218200683594, 5.367159366607666, 0.0]","[363.71160888671875, 4.5, 0.0]",0.004239772906877463,8.641414642333984,0.06047946272289936,168.2809986214456,8.631757375856859,-0.0,0.0,-0.0,0.0
51.398265,"[194.0021209716797, 5.3671650886535645, 0.0]","[363.8841247558594, 4.5, 0.0]",0.0030301935232354463,8.648061752319336,-0.060478969182100835,168.45149000827732,8.637174869427106,-0.0,0.0,-0.0,0.0
51.420896,"[194.00221252441406, 5.367156982421875, 0.0]","[364.06268310546875, 4.5, 0.0]",0.004239775326658416,8.655241012573242,0.06047909017114848,168.6226574530617,8.6450315587961,-0.0,0.0,-0.0,0.0
51.435168,"[194.0021514892578, 5.367162704467773, 0.0]","[364.23345947265625, 4.5, 0.0]",0.0030302379246009933,8.662505149841309,-0.06047687010287113,168.7997096008083,8.651001237246584,-0.0,0.0,-0.0,0.0
51.456394,"[194.0022430419922, 5.367154598236084, 0.0]","[364.4047546386719, 4.5, 0.0]",0.004239847769223274,8.669790267944336,0.06048049223111404,168.96914877048243,8.659474911916707,-0.0,0.0,-0.0,0.0
51.475851,"[194.00218200683594, 5.367160320281982, 0.0]","[364.5780029296875, 4.5, 0.0]",0.003030348837062654,8.677160263061523,-0.06047494660803101,169.13899909004226,8.665550420175112,-0.0,0.0,-0.0,0.0
51.495529,"[194.0022735595703, 5.367152214050293, 0.0]","[364.7547302246094, 4.5, 0.0]",0.00424002998090411,8.684675216674805,0.060484057192072796,169.3108902199908,8.67412991422446,-0.0,0.0,-0.0,0.0
51.516073,"[194.00221252441406, 5.367157936096191, 0.0]","[364.92724609375, 4.5, 0.0]",0.0030305584778453814,8.692381858825684,-0.06047357515293642,169.48613725049486,8.6804351866939,-0.0,0.0,-0.0,0.0
51.534538,"[194.00230407714844, 5.367149829864502, 0.0]","[365.0989074707031, 4.5, 0.0]",0.004240348591137767,8.700566291809082,0.060489505664619275,169.65729629056932,8.689351300347838,-0.0,0.0,-0.0,0.0
51.556915,"[194.0022430419922, 5.367156028747559, 0.0]","[365.2766418457031, 4.5, 0.0]",0.003030846562285164,8.709039688110352,-0.060475101442630144,169.82751277308202,8.696325943217944,-0.0,0.0,-0.0,0.0
51.576647,"[194.00233459472656, 5.367147445678711, 0.0]","[365.44757080078125, 4.5, 0.0]",0.004240707621990434,8.71718978881836,0.06049305298526349,170.00385936534929,8.706008841548066,-0.0,0.0,-0.0,0.0
51.595336,"[194.0022735595703, 5.367153644561768, 0.0]","[365.6220397949219, 4.5, 0.0]",0.003031147549343177,8.725506782531738,-0.06047800363236284,170.1733410135364,8.712949081196369,-0.0,0.0,-0.0,0.0
51.61511,"[194.0023651123047, 5.367144584655762, 0.0]","[365.7960205078125, 4.5, 0.0]",0.004240994469996325,8.734199523925783,0.06049234603265742,170.3464512944334,8.722475634982395,-0.0,0.0,-0.0,0.0
51.634863,"[194.00230407714844, 5.367151260375977, 0.0]","[365.9710693359375, 4.5, 0.0]",0.003031370249451942,8.746886253356934,-0.06048121102721917,170.51895453181706,8.729958529455788,-0.0,0.0,-0.0,0.0
51.65763,"[194.0023956298828, 5.3671417236328125, 0.0]","[366.1502685546875, 4.5, 0.0]",0.00424110059842578,8.749794960021973,0.060486517448691886,170.69264279434452,8.743854883107481,-0.0,0.0,-0.0,0.0
51.681219,"[194.00233459472656, 5.3671488761901855, 0.0]","[366.3254699707031, 4.5, 0.0]",0.0030314914003160597,8.765823364257812,-0.060480459905486,170.87032245992958,8.745553859423547,-0.0,0.0,-0.0,0.0
51.696091,"[194.00242614746094, 5.367138862609863, 0.0]","[366.4966735839844, 4.5, 0.0]",0.004241178778563694,8.76830291748047,0.060484368912381736,171.04417050156732,8.762791872857497,-0.0,0.0,-0.0,0.0
51.716272,"[194.0023651123047, 5.3671464920043945, 0.0]","[366.67425537109375, 4.5, 0.0]",0.003031553040528716,8.784865379333496,-0.06048128690174892,171.21391340040827,8.764061738701907,-0.0,0.0,-0.0,0.0
51.735176,"[194.00245666503906, 5.367136001586914, 0.0]","[366.8480529785156, 4.5, 0.0]",0.00424117551532645,8.78846549987793,0.060481123739886684,171.39012269213427,8.781833826292967,-0.0,0.0,-0.0,0.0
51.755821,"[194.0023956298828, 5.367143630981445, 0.0]","[367.0279846191406, 4.5, 0.0]",0.003031553786719087,8.805765151977539,-0.060481086430368126,171.56243304760454,8.784224324362603,-0.0,0.0,-0.0,0.0
51.775745,"[194.0024871826172, 5.367133140563965, 0.0]","[367.2008972167969, 4.5, 0.0]",0.004241174863153061,8.80931282043457,0.06048105382169867,171.7409704467634,8.80273359819082,-0.0,0.0,-0.0,0.0
51.796623,"[194.00242614746094, 5.367140769958496, 0.0]","[367.3806457519531, 4.5, 0.0]",0.003031553219407795,8.8266019821167,-0.06048108218726328,171.91240012944968,8.805071645571417,-0.0,0.0,-0.0,0.0
51.815527,"[194.0025177001953, 5.367130279541016, 0.0]","[367.5545959472656, 4.5, 0.0]",0.004241171900025716,8.830545425415039,0.06048093403089602,172.09075869456774,8.823570428897291,-0.0,0.0,-0.0,0.0
51.836908,"[194.00245666503906, 5.367137908935547, 0.0]","[367.7347106933594, 4.5, 0.0]",0.0030315407001982307,8.848701477050781,-0.060481559991374244,172.26321199126593,8.826304253515014,-0.0,0.0,-0.0,0.0
51.856278,"[194.00254821777344, 5.367126941680908, 0.0]","[367.90869140625, 4.5, 0.0]",0.004241129984610523,8.853127479553224,0.06047946422061462,172.44193380381557,8.845669936350584,-0.0,0.0,-0.0,0.0
51.874954,"[194.0024871826172, 5.367135047912598, 0.0]","[368.0855712890625, 4.5, 0.0]",0.0030315126172331176,8.871077537536621,-0.060480868368870275,172.6144201194295,8.848886349568614,-0.0,0.0,-0.0,0.0
51.896929,"[194.00257873535156, 5.367124080657959, 0.0]","[368.2642517089844, 4.5, 0.0]",0.0042410736033654615,8.875804901123047,0.060478049306617196,172.78993601399057,8.868046024919387,-0.0,0.0,-0.0,0.0
51.915431,"[194.0025177001953, 5.367132186889648, 0.0]","[368.4407958984375, 4.5, 0.0]",0.003031483130456194,8.893996238708496,-0.060479523645463364,172.96708415947506,8.871563827519681,-0.0,0.0,-0.0,0.0
51.936141,"[194.0026092529297, 5.367120742797852, 0.0]","[368.622314453125, 4.5, 0.0]",0.0042410127564076,8.899575233459473,0.06047648129757031,173.14226706618823,8.89096475557804,-0.0,0.0,-0.0,0.0
51.956977,"[194.00254821777344, 5.367128849029541, 0.0]","[368.7970275878906, 4.5, 0.0]",0.0030314551945746335,8.918033599853516,-0.06047787809164834,173.32222191734226,8.895334220703065,-0.0,0.0,-0.0,0.0
51.975379,"[194.0026397705078, 5.367117404937744, 0.0]","[368.9756164550781, 4.5, 0.0]",0.00424095509999213,8.92341423034668,0.06047499527087484,173.49558851786023,8.91500214465894,-0.0,0.0,-0.0,0.0
51.995602,"[194.00257873535156, 5.367125511169434, 0.0]","[369.1540222167969, 4.5, 0.0]",0.003031431449094345,8.942120552062988,-0.06047618254488927,173.67264010387768,8.919173275246688,-0.0,0.0,-0.0,0.0
52.015266,"[194.00267028808594, 5.367114067077637, 0.0]","[369.3330993652344, 4.5, 0.0]",0.004240912220048254,8.947745323181152,0.060474038547695466,173.8496695645157,8.939089120613893,-0.0,0.0,-0.0,0.0
52.036705,"[194.0026092529297, 5.367122650146484, 0.0]","[369.5121765136719, 4.5, 0.0]",0.0030314251798795595,8.967018127441406,-0.060474352008434734,174.0272083219619,8.943504410961104,-0.0,0.0,-0.0,0.0
52.056719,"[194.00270080566406, 5.367110729217529, 0.0]","[369.6954345703125, 4.5, 0.0]",0.004240888869813255,8.973252296447754,0.06047318449668478,174.20489527573108,8.963986702261527,-0.0,0.0,-0.0,0.0
52.076328,"[194.0026397705078, 5.367119312286377, 0.0]","[369.8717346191406, 4.5, 0.0]",0.003031430465313373,8.992331504821777,-0.06047292022499412,174.38657546672607,8.969011407577941,-0.0,0.0,-0.0,0.0
52.097221,"[194.0027313232422, 5.367107391357422, 0.0]","[370.0517578125, 4.5, 0.0]",0.004240881096162565,8.998335838317871,0.060472531542459615,174.56151907789706,8.989300074356464,-0.0,0.0,-0.0,0.0
52.118762,"[194.00267028808594, 5.3671159744262695, 0.0]","[370.23211669921875, 4.5, 0.0]",0.003031436461451982,9.017898559570312,-0.06047223173552916,174.73999330902282,8.994094957221709,-0.0,0.0,-0.0,0.0
52.135217,"[194.0027618408203, 5.3671040534973145, 0.0]","[370.4122009277344, 4.5, 0.0]",0.004240876560147355,9.024395942687988,0.060472004934768654,174.91895733061298,9.01486712310886,-0.0,0.0,-0.0,0.0
52.157548,"[194.00270080566406, 5.367112636566162, 0.0]","[370.5925598144531, 4.5, 0.0]",0.0030314423506546504,9.044249534606934,-0.060471710474635225,175.09748635997767,9.020155066127842,-0.0,0.0,-0.0,0.0
52.175155,"[194.00279235839844, 5.367100715637207, 0.0]","[370.777099609375, 4.5, 0.0]",0.0042408805652585655,9.054408073425293,0.060471910730195755,175.27645609004696,9.04121809225628,-0.0,0.0,-0.0,0.0
52.195525,"[194.0027313232422, 5.367109298706055, 0.0]","[370.95843505859375, 4.5, 0.0]",0.0030314488441442917,9.06766414642334,-0.060471586055713684,175.4594104772756,9.050167192860034,-0.0,0.0,-0.0,0.0
52.215726,"[194.00282287597656, 5.3670973777771, 0.0]","[371.1407165527344, 4.5, 0.0]",0.004240868692700317,9.08122730255127,0.060470992427801275,175.63934315994348,9.064632697579196,-0.0,0.0,-0.0,0.0
52.239044,"[194.0027618408203, 5.367105960845947, 0.0]","[371.3185119628906, 4.5, 0.0]",0.0030313926088943177,9.094767570495605,-0.060473804190299976,175.8200516779186,9.076986433858568,-0.0,0.0,-0.0,0.0
52.255672,"[194.0028533935547, 5.367094039916992, 0.0]","[371.50048828125, 4.5, 0.0]",0.004240744984630089,9.10862922668457,0.060467618786788545,175.99647283241796,9.09173617788671,-0.0,0.0,-0.0,0.0
52.275242,"[194.00279235839844, 5.36710262298584, 0.0]","[371.68353271484375, 4.5, 0.0]",0.0030312161382478908,9.122570037841797,-0.0604764423191099,176.17687859457632,9.10438848169994,-0.0,0.0,-0.0,0.0
52.29567,"[194.0028839111328, 5.367090702056885, 0.0]","[371.86602783203125, 4.5, 0.0]",0.004240388850704256,9.136468887329102,0.06045863562281824,176.35851509441534,9.119538821703548,-0.0,0.0,-0.0,0.0
52.315474,"[194.00282287597656, 5.367099285125732, 0.0]","[372.0492858886719, 4.5, 0.0]",0.003030907086167859,9.15069580078125,-0.06047408822681982,176.53943544308524,9.132228498478398,-0.0,0.0,-0.0,0.0
52.335632,"[194.00289916992188, 5.367086887359619, 0.0]","[372.2322082519531, 4.5, 0.0]",0.0035909473860708282,9.165292739868166,0.028002014995148455,176.72128673985398,9.147664893695081,-0.0,0.0,-0.0,0.0
52.357506,"[194.00283813476562, 5.367095947265625, 0.0]","[372.4172668457031, 4.5, 0.0]",0.004207407983438077,9.180059432983398,0.030823029868362453,176.90264593861679,9.161701792482095,-0.0,0.0,-0.0,0.0
52.374971,"[194.00289916992188, 5.367119312286377, 0.0]","[372.59942626953125, 4.5, 0.0]",0.003210880690432909,9.194592475891113,-0.04982636465025842,177.08628333610653,9.17585202499996,-0.0,0.0,-0.0,0.0
52.395072,"[194.00282287597656, 5.36715030670166, 0.0]","[372.78326416015625, 4.5, 0.0]",0.0041523114936781605,9.209261894226074,0.04707154016226258,177.26721263899253,9.19138159520068,-0.0,0.0,-0.0,0.0
52.422393,"[194.0028839111328, 5.367152214050293, 0.0]","[372.9737243652344, 4.5, 0.0]",0.0031644687546927273,9.224780082702637,-0.04939213694927166,177.4499156560708,9.205109582732396,-0.0,0.0,-0.0,0.0
52.435746,"[194.0028076171875, 5.367175102233887, 0.0]","[373.15142822265625, 4.5, 0.0]",0.004155976521714782,9.23967170715332,0.049575388351102735,177.6389524398654,9.221615613947945,-0.0,0.0,-0.0,0.0
52.456542,"[194.00286865234375, 5.367172718048096, 0.0]","[373.33746337890625, 4.5, 0.0]",0.0031431902932486876,9.255258560180664,-0.050639311423304724,177.81548068726528,9.235515730631606,-0.0,0.0,-0.0,0.0
52.480841,"[194.00279235839844, 5.367195129394531, 0.0]","[373.52252197265625, 4.5, 0.0]",0.0041586492378218095,9.270767211914062,0.05077294722865609,178.00003803260714,9.252115369887415,-0.0,0.0,-0.0,0.0
52.495504,"[194.0028533935547, 5.367190837860107, 0.0]","[373.70806884765625, 4.5, 0.0]",0.0031250714940663383,9.286314964294434,-0.05167888718777356,178.18380991467305,9.266608562676241,-0.0,0.0,-0.0,0.0
52.515565,"[194.00277709960938, 5.367212295532227, 0.0]","[373.89495849609375, 4.5, 0.0]",0.004158299848556735,9.302267074584961,0.05166141772451984,178.36782473679165,9.283189892800367,-0.0,0.0,-0.0,0.0
52.536379,"[194.00283813476562, 5.36720609664917, 0.0]","[374.0814514160156, 4.5, 0.0]",0.0031108010151758847,9.318618774414062,-0.052374941669042524,178.55338403613754,9.298108774736404,-0.0,0.0,-0.0,0.0
52.555743,"[194.0027618408203, 5.367226600646973, 0.0]","[374.26654052734375, 4.5, 0.0]",0.004157343426637529,9.334847450256348,0.05232712057308222,178.7383196864408,9.315507973398887,-0.0,0.0,-0.0,0.0
52.57548,"[194.00282287597656, 5.367218017578125, 0.0]","[374.4545593261719, 4.5, 0.0]",0.003101730783108715,9.351333618164062,-0.0527806321764407,178.92206973688673,9.33069010682971,-0.0,0.0,-0.0,0.0
52.597762,"[194.00274658203125, 5.367237567901611, 0.0]","[374.6414489746094, 4.5, 0.0]",0.0041566878879346425,9.371051788330078,0.052747855241296375,179.10849534546614,9.348231887380953,-0.0,0.0,-0.0,0.0
52.615378,"[194.0028076171875, 5.367227077484131, 0.0]","[374.8283386230469, 4.5, 0.0]",0.0030967109385529458,9.380980491638184,-0.052998847469084835,179.29404032452302,9.366895100442143,-0.0,0.0,-0.0,0.0
52.635022,"[194.0027313232422, 5.367245674133301, 0.0]","[375.0166931152344, 4.5, 0.0]",0.004156001088278224,9.404687881469727,0.05296450748626389,179.4793280560014,9.37788378069963,-0.0,0.0,-0.0,0.0
52.656845,"[194.00279235839844, 5.3672332763671875, 0.0]","[375.2063293457031, 4.5, 0.0]",0.0030939675872487422,9.415174484252931,-0.05310167505147407,179.66632618902932,9.400531880381449,-0.0,0.0,-0.0,0.0
52.675124,"[194.00271606445312, 5.367251396179199, 0.0]","[375.3933410644531, 4.5, 0.0]",0.004155006924632692,9.438762664794922,0.05305196686919748,179.85432929724365,9.412080516665682,-0.0,0.0,-0.0,0.0
52.695464,"[194.00277709960938, 5.3672380447387695, 0.0]","[375.5828857421875, 4.5, 0.0]",0.00309224446426603,9.44924259185791,-0.053138123018333074,180.03999562631677,9.43460765787029,-0.0,0.0,-0.0,0.0
52.715439,"[194.00270080566406, 5.367256164550781, 0.0]","[375.77197265625, 4.5, 0.0]",0.00415355252225434,9.473114967346191,0.05306540289941549,180.22790774511273,9.446150347393644,-0.0,0.0,-0.0,0.0
52.735143,"[194.0027618408203, 5.367241859436035, 0.0]","[375.96173095703125, 4.5, 0.0]",0.003090923155124887,9.483861923217773,-0.053131468356472644,180.4156268779156,9.468961414823937,-0.0,0.0,-0.0,0.0
52.75603,"[194.002685546875, 5.367259979248047, 0.0]","[376.1522216796875, 4.5, 0.0]",0.004151814925170839,9.508011817932129,0.053044588502297575,180.6037536728156,9.48077100006265,-0.0,0.0,-0.0,0.0
52.776608,"[194.00274658203125, 5.367245674133301, 0.0]","[376.3418884277344, 4.5, 0.0]",0.003089943559307543,9.51874828338623,-0.05309356829316478,180.7928743864547,9.503860003006958,-0.0,0.0,-0.0,0.0
52.795423,"[194.00267028808594, 5.367264270782471, 0.0]","[376.5326843261719, 4.5, 0.0]",0.004149982397228308,9.542924880981445,0.05300194189603827,180.9809014438604,9.515658339826922,-0.0,0.0,-0.0,0.0
52.81557,"[194.0027313232422, 5.367249488830566, 0.0]","[376.7240295410156, 4.5, 0.0]",0.0030891625823172312,9.553641319274902,-0.05304099074555386,181.1703281234591,9.538774898584217,-0.0,0.0,-0.0,0.0
52.835509,"[194.00265502929688, 5.3672685623168945, 0.0]","[376.9160461425781, 4.5, 0.0]",0.004148285335940352,9.577495574951172,0.05295613768115603,181.3600229736954,9.550552156692586,-0.0,0.0,-0.0,0.0
52.861417,"[194.00271606445312, 5.36725378036499, 0.0]","[377.109619140625, 4.5, 0.0]",0.0030884889104615186,9.588148117065431,-0.052989821273941654,181.55065785662993,9.573347289615231,-0.0,0.0,-0.0,0.0
52.875339,"[194.0026397705078, 5.367273330688477, 0.0]","[377.29888916015625, 4.5, 0.0]",0.004146702228800552,9.611754417419434,0.052910665916951656,181.74255654745104,9.58505962815497,-0.0,0.0,-0.0,0.0
52.89776,"[194.00270080566406, 5.367258548736572, 0.0]","[377.49151611328125, 4.5, 0.0]",0.0030877950666050335,9.62232780456543,-0.052945358109775915,181.9304731953984,9.607607715190634,-0.0,0.0,-0.0,0.0
52.915892,"[194.00262451171875, 5.367278575897217, 0.0]","[377.6847839355469, 4.5, 0.0]",0.004145328449363648,9.645832061767578,0.052876669137930724,182.12143040506257,9.619240009498824,-0.0,0.0,-0.0,0.0
52.934929,"[194.002685546875, 5.3672637939453125, 0.0]","[377.8764343261719, 4.5, 0.0]",0.0030873447667277643,9.65518856048584,-0.05289918413179419,182.31332490061035,9.641686733318215,-0.0,0.0,-0.0,0.0
52.955537,"[194.0026092529297, 5.367284297943115, 0.0]","[378.070556640625, 4.5, 0.0]",0.004144101927105964,9.678089141845703,0.05283785801890998,182.50330139493042,9.652101215719112,-0.0,0.0,-0.0,0.0
52.975554,"[194.00267028808594, 5.367269039154053, 0.0]","[378.2649230957031, 4.5, 0.0]",0.0030869332148001144,9.687672615051271,-0.05285843561529248,182.69604980764598,9.673945039918598,-0.0,0.0,-0.0,0.0
52.998016,"[194.00259399414062, 5.3672895431518555, 0.0]","[378.4616394042969, 4.5, 0.0]",0.004143173387582793,9.71078872680664,0.052812008639133934,182.8887143527556,9.684585681836472,-0.0,0.0,-0.0,0.0
53.015882,"[194.00265502929688, 5.367274284362793, 0.0]","[378.65240478515625, 4.5, 0.0]",0.0030865999008003304,9.719560623168945,-0.05282867433912314,183.0840361590317,9.706645553419058,-0.0,0.0,-0.0,0.0
53.035384,"[194.00257873535156, 5.367295265197754, 0.0]","[378.84716796875, 4.5, 0.0]",0.004142417645300661,9.741232872009277,0.05279088722501652,183.27313749127765,9.716474023268145,-0.0,0.0,-0.0,0.0
53.056033,"[194.0026397705078, 5.367280006408691, 0.0]","[379.04315185546875, 4.5, 0.0]",0.003086375429585029,9.74966049194336,-0.05280211078578158,183.46652224408166,9.737090454363976,-0.0,0.0,-0.0,0.0
53.076779,"[194.0025634765625, 5.367300987243652, 0.0]","[379.23822021484375, 4.5, 0.0]",0.004141830265145317,9.771353721618652,0.0527727417780144,183.66079396967675,9.746574116513774,-0.0,0.0,-0.0,0.0
53.097098,"[194.00262451171875, 5.36728572845459, 0.0]","[379.4371032714844, 4.5, 0.0]",0.00308622778230763,9.783339500427246,-0.05278012414188435,183.85448473540424,9.767211891353506,-0.0,0.0,-0.0,0.0
53.116114,"[194.00254821777344, 5.367306709289551, 0.0]","[379.6296081542969, 4.5, 0.0]",0.0033633417373117786,9.79770565032959,0.013855697750207426,184.05163820722333,9.780253272644938,-0.0,0.0,-0.0,0.0
53.138083,"[194.0026092529297, 5.367291450500488, 0.0]","[379.82440185546875, 4.5, 0.0]",0.00399459206220758,9.811572074890137,0.031562516244790076,184.24278643256218,9.794342308592277,-0.0,0.0,-0.0,0.0
53.156265,"[194.00254821777344, 5.3672685623168945, 0.0]","[380.0208435058594, 4.5, 0.0]",0.0034048727764249935,9.825554847717285,-0.02948596428912933,184.4358833748806,9.807577482827929,-0.0,0.0,-0.0,0.0
53.174928,"[194.00262451171875, 5.36722993850708, 0.0]","[380.2174987792969, 4.5, 0.0]",0.003940616822139154,9.839553833007812,0.02678720228570801,184.63050227401112,9.82214997494086,-0.0,0.0,-0.0,0.0
53.201354,"[194.0025634765625, 5.367233753204346, 0.0]","[380.415283203125, 4.5, 0.0]",0.0033479240571240307,9.853633880615234,-0.02963463825075615,184.82523048135067,9.835613216185674,-0.0,0.0,-0.0,0.0
53.215161,"[194.0026397705078, 5.367203712463379, 0.0]","[380.6109313964844, 4.5, 0.0]",0.0039476422230169264,9.867258071899414,0.029985908294644786,185.0214469413325,9.85028595655811,-0.0,0.0,-0.0,0.0
53.238034,"[194.00257873535156, 5.36721134185791, 0.0]","[380.80950927734375, 4.5, 0.0]",0.003323071196766129,9.880619049072266,-0.031228551312539876,185.2152400189577,9.863310429676398,-0.0,0.0,-0.0,0.0
53.256799,"[194.00265502929688, 5.367183208465576, 0.0]","[381.0070495605469, 4.5, 0.0]",0.003950585804077084,9.893908500671388,0.03137573036554775,185.4122922633098,9.8772959778755,-0.0,0.0,-0.0,0.0
53.275893,"[194.00259399414062, 5.367191791534424, 0.0]","[381.20562744140625, 4.5, 0.0]",0.0033038322430840672,9.907268524169922,-0.032337678049650834,185.60800128965377,9.889957914867312,-0.0,0.0,-0.0,0.0
53.295589,"[194.00267028808594, 5.3671650886535645, 0.0]","[381.40435791015625, 4.5, 0.0]",0.003949646350317257,9.920641899108888,0.0322907053616595,185.8050778612909,9.903964691926838,-0.0,0.0,-0.0,0.0
53.321018,"[194.0026092529297, 5.367175579071045, 0.0]","[381.60302734375, 4.5, 0.0]",0.003289375399622422,9.933918952941895,-0.033013547534741755,186.001988493926,9.91669225275857,-0.0,0.0,-0.0,0.0
53.335919,"[194.002685546875, 5.367150783538818, 0.0]","[381.8057556152344, 4.5, 0.0]",0.003948493497724506,9.947331428527832,0.03295590490510417,186.19918353758507,9.930629577542271,-0.0,0.0,-0.0,0.0
53.356457,"[194.00262451171875, 5.36716365814209, 0.0]","[382.0009765625, 4.5, 0.0]",0.003279508162182528,9.960247039794922,-0.03344926677709889,186.40008098669523,9.943382935030108,-0.0,0.0,-0.0,0.0
53.375295,"[194.00270080566406, 5.367140293121338, 0.0]","[382.201171875, 4.5, 0.0]",0.003947792150037007,9.973490715026857,0.033414199392723935,186.59385876342753,9.95696753163274,-0.0,0.0,-0.0,0.0
53.397569,"[194.0026397705078, 5.367155075073242, 0.0]","[382.3996276855469, 4.5, 0.0]",0.0032735601764300125,9.986621856689453,-0.0337115986803497,186.79223433748146,9.96954292287682,-0.0,0.0,-0.0,0.0
53.416865,"[194.00271606445312, 5.367133140563965, 0.0]","[382.6040954589844, 4.5, 0.0]",0.003947115544184372,10.000320434570312,0.033677768387717986,186.98923655953422,9.983348296513023,-0.0,0.0,-0.0,0.0
53.439276,"[194.00265502929688, 5.367149353027344, 0.0]","[382.80377197265625, 4.5, 0.0]",0.0032696348537019043,10.013937950134277,-0.033874034524123395,187.19186535552197,9.996373319026128,-0.0,0.0,-0.0,0.0
53.455369,"[194.0027313232422, 5.367127895355225, 0.0]","[383.00048828125, 4.5, 0.0]",0.0039454909809429,10.02735424041748,0.03379280636204979,187.39006956928483,10.010668315280576,-0.0,0.0,-0.0,0.0
53.47601,"[194.00267028808594, 5.36714506149292, 0.0]","[383.2018127441406, 4.5, 0.0]",0.003266486188770777,10.041083335876465,-0.03395023960860615,187.58499681496514,10.023408749436538,-0.0,0.0,-0.0,0.0
53.497163,"[194.00274658203125, 5.367124080657959, 0.0]","[383.40679931640625, 4.5, 0.0]",0.003942465958740872,10.055062294006348,0.03379898849850476,187.78484208148302,10.037816849687694,-0.0,0.0,-0.0,0.0
53.516768,"[194.002685546875, 5.367142200469971, 0.0]","[383.6080627441406, 4.5, 0.0]",0.0032631939746321365,10.072539329528809,-0.03396359920543679,187.98796961453058,10.051119828047607,-0.0,0.0,-0.0,0.0
53.535488,"[194.0027618408203, 5.367120742797852, 0.0]","[383.8094482421875, 4.5, 0.0]",0.003937990164312708,10.080595970153809,0.033739809484028584,188.18776691865853,10.069276135554176,-0.0,0.0,-0.0,0.0
53.556011,"[194.00270080566406, 5.3671393394470215, 0.0]","[384.0081787109375, 4.5, 0.0]",0.003259933623245086,10.10179328918457,-0.033902827053381095,188.38731273695552,10.076657979989497,-0.0,0.0,-0.0,0.0
53.576102,"[194.00277709960938, 5.367117404937744, 0.0]","[384.21014404296875, 4.5, 0.0]",0.003933219137247993,10.109892845153809,0.03366427570014535,188.58460079351553,10.098533355561326,-0.0,0.0,-0.0,0.0
53.596367,"[194.00271606445312, 5.367136478424072, 0.0]","[384.4118957519531, 4.5, 0.0]",0.003257011516370553,10.131311416625977,-0.033810381043872025,188.78471826617061,10.10595962601656,-0.0,0.0,-0.0,0.0
53.616549,"[194.00279235839844, 5.3671135902404785, 0.0]","[384.6195983886719, 4.5, 0.0]",0.003928131232223312,10.140413284301758,0.03355598579263797,188.98502512535833,10.128054405109607,-0.0,0.0,-0.0,0.0
53.635441,"[194.0027313232422, 5.367133140563965, 0.0]","[384.8223876953125, 4.5, 0.0]",0.003254213064290137,10.163288116455078,-0.03369590839665875,189.19082391080164,10.136485153069534,-0.0,0.0,-0.0,0.0
53.656474,"[194.0028076171875, 5.367109775543213, 0.0]","[385.02197265625, 4.5, 0.0]",0.003923699781013751,10.172571182250978,0.0334743358361807,189.39214787770598,10.160033903390788,-0.0,0.0,-0.0,0.0
53.675434,"[194.00274658203125, 5.367129802703857, 0.0]","[385.2259826660156, 4.5, 0.0]",0.003251559318200395,10.195540428161621,-0.033607023140667804,189.5898815086642,10.168647482469964,-0.0,0.0,-0.0,0.0
53.696212,"[194.00282287597656, 5.367105484008789, 0.0]","[385.42926025390625, 4.5, 0.0]",0.003919236513070997,10.205117225646973,0.03338385974353008,189.79243835043147,10.19228886884342,-0.0,0.0,-0.0,0.0
53.715365,"[194.0027618408203, 5.367125511169434, 0.0]","[385.6368408203125, 4.5, 0.0]",0.0030627379069408135,10.228976249694824,-0.042824930306509155,189.9938312152141,10.201197989133902,-0.0,0.0,-0.0,0.0
53.736517,"[194.00283813476562, 5.367100715637207, 0.0]","[385.83856201171875, 4.5, 0.0]",0.0033829761925389884,10.239851951599121,0.016011914279908744,190.1999269661676,10.225913511787883,-0.0,0.0,-0.0,0.0
53.756046,"[194.00277709960938, 5.36707067489624, 0.0]","[386.04730224609375, 4.5, 0.0]",0.003988762086459217,10.264674186706543,0.03028929469601144,190.39977861231148,10.236468975406583,-0.0,0.0,-0.0,0.0
53.776281,"[194.00283813476562, 5.367030620574951, 0.0]","[386.2489013671875, 4.5, 0.0]",0.0033009101283285355,10.275540351867676,-0.03439259790653409,190.60651225855474,10.260685424620084,-0.0,0.0,-0.0,0.0
53.794979,"[194.0027618408203, 5.367042064666748, 0.0]","[386.4545593261719, 4.5, 0.0]",0.003934467663413602,10.300093650817871,0.03167787675425334,190.80623625025544,10.272239441739348,-0.0,0.0,-0.0,0.0
53.815937,"[194.00282287597656, 5.367010116577148, 0.0]","[386.66314697265625, 4.5, 0.0]",0.0032968840253637857,10.31202220916748,-0.03187918190249083,191.0104482373628,10.296159183154458,-0.0,0.0,-0.0,0.0
53.837329,"[194.00274658203125, 5.367025852203369, 0.0]","[386.869140625, 4.5, 0.0]",0.003910780601313953,10.337708473205566,0.030694828797508348,191.21712693633737,10.308725325142117,-0.0,0.0,-0.0,0.0
53.860577,"[194.0028076171875, 5.3669962882995605, 0.0]","[387.0762634277344, 4.5, 0.0]",0.0032932126508320157,10.350163459777832,-0.030878397524096848,191.42168842375096,10.333797692604252,-0.0,0.0,-0.0,0.0
53.878264,"[194.0027313232422, 5.367013931274414, 0.0]","[387.2879943847656, 4.5, 0.0]",0.0038973587382936346,10.376378059387207,0.03020730437308095,191.62693287063996,10.346870247127,-0.0,0.0,-0.0,0.0
53.896777,"[194.00279235839844, 5.366986274719238, 0.0]","[387.4934997558594, 4.5, 0.0]",0.003289787110860433,10.388684272766113,-0.030378581371660083,191.83720173478977,10.372480700648913,-0.0,0.0,-0.0,0.0
53.91582,"[194.00271606445312, 5.367005825042725, 0.0]","[387.696533203125, 4.5, 0.0]",0.003889583381102959,10.41425609588623,0.029989813512126297,192.0408511811412,10.385394485655253,-0.0,0.0,-0.0,0.0
53.935699,"[194.00277709960938, 5.36698055267334, 0.0]","[387.910400390625, 4.5, 0.0]",0.0032887061537722312,10.427746772766113,-0.030043861366536383,192.2424964401888,10.410366512505128,-0.0,0.0,-0.0,0.0
53.958004,"[194.00270080566406, 5.367001533508301, 0.0]","[388.1188659667969, 4.5, 0.0]",0.0038857546356641736,10.454061508178711,0.029852424094597117,192.45444981769546,10.424458066612342,-0.0,0.0,-0.0,0.0
53.978914,"[194.0027618408203, 5.366978168487549, 0.0]","[388.32769775390625, 4.5, 0.0]",0.003289851057571281,10.467076301574716,-0.029795178904644632,192.6614808697152,10.450175753543046,-0.0,0.0,-0.0,0.0
53.995809,"[194.002685546875, 5.367000579833984, 0.0]","[388.53778076171875, 4.5, 0.0]",0.0038841772212140175,10.493545532226562,0.029716308182136827,192.86843311136195,10.463786450517144,-0.0,0.0,-0.0,0.0
54.016302,"[194.00274658203125, 5.366979122161865, 0.0]","[388.74853515625, 4.5, 0.0]",0.003292044562032596,10.509858131408691,-0.029606632959071084,193.07706598260611,10.489661355005348,-0.0,0.0,-0.0,0.0
54.036476,"[194.00267028808594, 5.367002487182617, 0.0]","[388.958740234375, 4.5, 0.0]",0.003883584731174956,10.5258207321167,0.029577008457118,193.28592531628567,10.506566086846659,-0.0,0.0,-0.0,0.0
54.059223,"[194.0027313232422, 5.3669819831848145, 0.0]","[389.16748046875, 4.5, 0.0]",0.0032942218321018713,10.551647186279297,-0.02946814495365423,193.49468297245542,10.521937147385524,-0.0,0.0,-0.0,0.0
54.075894,"[194.00265502929688, 5.367005825042725, 0.0]","[389.3771057128906, 4.5, 0.0]",0.0038832988135419715,10.564223289489746,0.02945384907200501,193.70154742208024,10.548352964447195,-0.0,0.0,-0.0,0.0
54.096455,"[194.00271606445312, 5.36698579788208, 0.0]","[389.58819580078125, 4.5, 0.0]",0.00329606711910303,10.590267181396484,-0.029361584721947068,193.90971766571298,10.560339990676205,-0.0,0.0,-0.0,0.0
54.117005,"[194.0026397705078, 5.367010116577148, 0.0]","[389.8009338378906, 4.5, 0.0]",0.00388303202562699,10.603354454040527,0.029348245326197987,194.11891920024448,10.58697111427738,-0.0,0.0,-0.0,0.0
54.135189,"[194.00270080566406, 5.366990566253662, 0.0]","[390.0166931152344, 4.5, 0.0]",0.003297246758318999,10.630389213562012,-0.029289263365399547,194.33017759225615,10.5994714220149,-0.0,0.0,-0.0,0.0
54.156805,"[194.00262451171875, 5.3670148849487305, 0.0]","[390.2294006347656, 4.5, 0.0]",0.00388269203227033,10.643803596496582,0.02927226369756656,194.5440168872642,10.627091966803693,-0.0,0.0,-0.0,0.0
54.175436,"[194.002685546875, 5.366995334625244, 0.0]","[390.4430847167969, 4.5, 0.0]",0.0032983442991668544,10.67064380645752,-0.029217386655173788,194.7552454028842,10.639920904464311,-0.0,0.0,-0.0,0.0
54.197071,"[194.0026092529297, 5.3670196533203125, 0.0]","[390.65606689453125, 4.5, 0.0]",0.003882422553348384,10.684082984924316,0.02920391270907648,194.96701320636757,10.667345462158353,-0.0,0.0,-0.0,0.0
54.218939,"[194.00267028808594, 5.367000102996826, 0.0]","[390.8699951171875, 4.5, 0.0]",0.0032990410688548493,10.711800575256348,-0.029169074224676735,195.178520953033,10.680200562370969,-0.0,0.0,-0.0,0.0
54.236001,"[194.00259399414062, 5.367023944854736, 0.0]","[391.080078125, 4.5, 0.0]",0.003882112454559406,10.726960182189941,0.029153569285227825,195.39053387882774,10.708501534187493,-0.0,0.0,-0.0,0.0
54.255523,"[194.00265502929688, 5.36700439453125, 0.0]","[391.29632568359375, 4.5, 0.0]",0.0032993958087671332,10.756096839904785,-0.02913583228961363,195.59916295293465,10.723078069735381,-0.0,0.0,-0.0,0.0
54.275833,"[194.00257873535156, 5.36702823638916, 0.0]","[391.5113525390625, 4.5, 0.0]",0.003881788918326844,10.771770477294924,0.029119655477985538,195.81348913030365,10.752797444096018,-0.0,0.0,-0.0,0.0
54.296375,"[194.0026397705078, 5.367008686065674, 0.0]","[391.726806640625, 4.5, 0.0]",0.0032996417337365132,10.800822257995605,-0.029107359229516537,196.02702261946686,10.767888688376598,-0.0,0.0,-0.0,0.0
54.3211,"[194.0025634765625, 5.367032527923584, 0.0]","[391.9428405761719, 4.5, 0.0]",0.0038815751743145254,10.817386627197266,0.029096672028900608,196.24055830385905,10.797522616261869,-0.0,0.0,-0.0,0.0
54.335693,"[194.00262451171875, 5.3670125007629395, 0.0]","[392.15838623046875, 4.5, 0.0]",0.003299863613812033,10.848401069641113,-0.029085578025124622,196.4551040650375,10.81350505202295,-0.0,0.0,-0.0,0.0
54.356153,"[194.00254821777344, 5.36703634262085, 0.0]","[392.37738037109375, 4.5, 0.0]",0.0038815640441361853,10.866466522216797,0.029085021516207614,196.6687302986305,10.845101206027302,-0.0,0.0,-0.0,0.0
54.375948,"[194.0026092529297, 5.367016315460205, 0.0]","[392.59619140625, 4.5, 0.0]",0.0033001766777168194,10.897849082946777,-0.029069368320968292,196.88619993578575,10.862584958172661,-0.0,0.0,-0.0,0.0
54.395447,"[194.00253295898438, 5.367040157318115, 0.0]","[392.81268310546875, 4.5, 0.0]",0.003881665798060116,10.915635108947754,0.029074456017164834,197.10306177803204,10.89454890626906,-0.0,0.0,-0.0,0.0
54.415528,"[194.00259399414062, 5.367020130157471, 0.0]","[393.0321350097656, 4.5, 0.0]",0.0033004255110489315,10.947735786437988,-0.029062014350559228,197.31805926721276,10.911753443149694,-0.0,0.0,-0.0,0.0
54.435359,"[194.0025177001953, 5.367043972015381, 0.0]","[393.2553405761719, 4.5, 0.0]",0.0038816541804987353,10.971235275268555,0.02906143347249019,197.53555659264939,10.944435360926938,-0.0,0.0,-0.0,0.0
54.456523,"[194.00257873535156, 5.367023944854736, 0.0]","[393.4715881347656, 4.5, 0.0]",0.0033005274656291127,10.997237205505371,-0.029056335743481133,197.75720780113724,10.967353621088057,-0.0,0.0,-0.0,0.0
54.476778,"[194.00250244140625, 5.3670477867126465, 0.0]","[393.6953125, 4.5, 0.0]",0.0038815599916589305,11.024133682250977,0.02905162630149089,197.97152636773214,10.993936678039741,-0.0,0.0,-0.0,0.0
54.495791,"[194.0025634765625, 5.367027759552002, 0.0]","[393.9122009277344, 4.5, 0.0]",0.0033006338727664952,11.050211906433105,-0.02904630594462176,198.19368936551308,11.020252122259318,-0.0,0.0,-0.0,0.0
54.515887,"[194.0024871826172, 5.367051601409912, 0.0]","[394.13348388671875, 4.5, 0.0]",0.0038814676145398595,11.077220916748047,0.029041687088668215,198.4086499164927,11.046911272560338,-0.0,0.0,-0.0,0.0
54.537626,"[194.00254821777344, 5.367031574249268, 0.0]","[394.35906982421875, 4.5, 0.0]",0.0033008763901308962,11.10536003112793,-0.029029561220448166,198.6283916003213,11.073339449133506,-0.0,0.0,-0.0,0.0
54.556724,"[194.00247192382812, 5.367055416107178, 0.0]","[394.5816955566406, 4.5, 0.0]",0.0038817064543925956,11.13313102722168,0.029041503213084966,198.85196630545968,11.102059154737798,-0.0,0.0,-0.0,0.0
54.576286,"[194.00253295898438, 5.367035388946533, 0.0]","[394.80096435546875, 4.5, 0.0]",0.003301742990048393,11.160482406616211,-0.02899817321721013,199.07304035673937,11.129249320767286,-0.0,0.0,-0.0,0.0
54.595529,"[194.00245666503906, 5.367059230804443, 0.0]","[395.0239562988281, 4.5, 0.0]",0.003882785803902244,11.188301086425781,0.02905214069269255,199.29036165182816,11.157180663626162,-0.0,0.0,-0.0,0.0
54.617345,"[194.0025177001953, 5.367039680480957, 0.0]","[395.2559509277344, 4.5, 0.0]",0.0033034206608841014,11.21737003326416,-0.028968257150907128,199.5117993864347,11.184418300621878,-0.0,0.0,-0.0,0.0
54.636516,"[194.00244140625, 5.367063045501709, 0.0]","[395.4775695800781, 4.5, 0.0]",0.0038845115938178046,11.245315551757812,0.02905454664668516,199.74174382296067,11.214066612603276,-0.0,0.0,-0.0,0.0
54.656841,"[194.00250244140625, 5.367043495178223, 0.0]","[395.70343017578125, 4.5, 0.0]",0.003305248814350756,11.273792266845703,-0.028963138973352436,199.96181970371686,11.241431040163995,-0.0,0.0,-0.0,0.0
54.676035,"[194.00242614746094, 5.367066860198975, 0.0]","[395.93023681640625, 4.5, 0.0]",0.0038862730312857192,11.302389144897461,0.029051210846748166,200.18567930962263,11.270487018031352,-0.0,0.0,-0.0,0.0
54.696412,"[194.0024871826172, 5.367047309875488, 0.0]","[396.15478515625, 4.5, 0.0]",0.003306997258114535,11.330700874328613,-0.02896378865855922,200.41089193614673,11.298502871866175,-0.0,0.0,-0.0,0.0
54.716022,"[194.00241088867188, 5.367070198059082, 0.0]","[396.3819580078125, 4.5, 0.0]",0.003888087892276586,11.358957290649414,0.02905453170810256,200.6334562182473,11.327393877070499,-0.0,0.0,-0.0,0.0
54.73479,"[194.00247192382812, 5.367051124572754, 0.0]","[396.60430908203125, 4.5, 0.0]",0.0033088505749587866,11.386107444763184,-0.02896186586588997,200.85902255286967,11.355069202757138,-0.0,0.0,-0.0,0.0
54.755458,"[194.0023956298828, 5.367074012756348, 0.0]","[396.83258056640625, 4.5, 0.0]",0.003889162938052001,11.413978576660156,0.029015618154660715,201.07940711213976,11.382798594188225,-0.0,0.0,-0.0,0.0
54.776694,"[194.00245666503906, 5.3670549392700195, 0.0]","[397.062744140625, 4.5, 0.0]",0.003310214304492283,11.442078590393066,-0.028947431677985892,201.3060669063614,11.410089413722105,-0.0,0.0,-0.0,0.0
54.795539,"[194.00238037109375, 5.367077350616455, 0.0]","[397.29150390625, 4.5, 0.0]",0.0038908844604201953,11.470008850097656,0.02903350779639561,201.53420080955846,11.438768376088575,-0.0,0.0,-0.0,0.0
54.81655,"[194.00244140625, 5.367058753967285, 0.0]","[397.5207824707031, 4.5, 0.0]",0.003311459871532137,11.497597694396973,-0.02897122944440292,201.76134859425432,11.466117965637237,-0.0,0.0,-0.0,0.0
54.836208,"[194.0023651123047, 5.367081165313721, 0.0]","[397.7508544921875, 4.5, 0.0]",0.0038923892926264686,11.524679183959961,0.029046471054716586,201.9886110996679,11.49428623452544,-0.0,0.0,-0.0,0.0
54.856114,"[194.00242614746094, 5.367062568664551, 0.0]","[397.9825134277344, 4.5, 0.0]",0.0033126634201269883,11.555285453796387,-0.028986293624974017,202.21706429881704,11.520786794667334,-0.0,0.0,-0.0,0.0
54.876579,"[194.00234985351562, 5.367084503173828, 0.0]","[398.2137451171875, 4.5, 0.0]",0.003893759047272478,11.575837135314943,0.029054781357274493,202.44668781119938,11.55197279037626,-0.0,0.0,-0.0,0.0
54.895837,"[194.00241088867188, 5.367066383361816, 0.0]","[398.4449462890625, 4.5, 0.0]",0.003313719468332359,11.609724044799805,-0.02900197894700595,202.6762817086081,11.57194337626767,-0.0,0.0,-0.0,0.0
54.916369,"[194.00233459472656, 5.367088317871094, 0.0]","[398.6797790527344, 4.5, 0.0]",0.0038949605582383026,11.630255699157715,0.029062054495297175,202.905451003752,11.606410325331472,-0.0,0.0,-0.0,0.0
54.935316,"[194.0023956298828, 5.367070198059082, 0.0]","[398.9150390625, 4.5, 0.0]",0.0033146639019645324,11.663532257080078,-0.029014832813688513,203.13861068158133,11.626360738599477,-0.0,0.0,-0.0,0.0
54.956051,"[194.0023193359375, 5.367091655731201, 0.0]","[399.14886474609375, 4.5, 0.0]",0.0038960946176938016,11.683313369750978,0.02907153578646346,203.37181593283475,11.660217593178114,-0.0,0.0,-0.0,0.0
54.975355,"[194.00238037109375, 5.3670735359191895, 0.0]","[399.3825378417969, 4.5, 0.0]",0.0033155496553174315,11.716414451599121,-0.029027248118818506,203.60397027320334,11.679417275133284,-0.0,0.0,-0.0,0.0
54.997674,"[194.00230407714844, 5.367094993591309, 0.0]","[399.61669921875, 4.5, 0.0]",0.0038970019006527882,11.736230850219727,0.029072612266767835,203.83560455844187,11.713098901943804,-0.0,0.0,-0.0,0.0
55.017203,"[194.0023651123047, 5.367076873779297, 0.0]","[399.8526611328125, 4.5, 0.0]",0.0033161264215720463,11.769144058227539,-0.029043773954037094,204.06808554231537,11.732333848319074,-0.0,0.0,-0.0,0.0
55.038847,"[194.00228881835938, 5.367098331451416, 0.0]","[400.0874938964844, 4.5, 0.0]",0.0038975354411631517,11.787992477416992,0.029070450979555268,204.30199338639028,11.765827931805967,-0.0,0.0,-0.0,0.0
55.05611,"[194.00234985351562, 5.3670806884765625, 0.0]","[400.3236389160156, 4.5, 0.0]",0.003316410343688624,11.820316314697266,-0.02905625487372638,204.53514405397442,11.784094941975829,-0.0,0.0,-0.0,0.0
55.076336,"[194.0022735595703, 5.367101669311523, 0.0]","[400.5579528808594, 4.5, 0.0]",0.00389772303824949,11.83910846710205,0.029065634728043296,204.76922669264016,11.816999904353578,-0.0,0.0,-0.0,0.0
55.096477,"[194.00233459472656, 5.36708402633667, 0.0]","[400.7933044433594, 4.5, 0.0]",0.0033165577458471656,11.871349334716797,-0.02905826462011622,205.001863027499,11.8352107440638,-0.0,0.0,-0.0,0.0
55.115381,"[194.00225830078125, 5.367105007171631, 0.0]","[401.0301818847656, 4.5, 0.0]",0.003897833401873934,11.890048027038576,0.029063782801338426,205.2351482908901,11.86803277697095,-0.0,0.0,-0.0,0.0
55.135261,"[194.0023193359375, 5.367087364196777, 0.0]","[401.2733154296875, 4.5, 0.0]",0.0033166419837700857,11.922188758850098,-0.02905957090519242,205.47032103693562,11.886150193636702,-0.0,0.0,-0.0,0.0
55.156987,"[194.0022430419922, 5.367108345031738, 0.0]","[401.51214599609375, 4.5, 0.0]",0.0038978086656738095,11.940544128417969,0.029058334095186187,205.7113388926939,11.918872116866327,-0.0,0.0,-0.0,0.0
55.178598,"[194.00230407714844, 5.367090702056885, 0.0]","[401.74603271484375, 4.5, 0.0]",0.0033165706930581066,11.97171688079834,-0.029061898630785146,205.94844598223807,11.936646319752295,-0.0,0.0,-0.0,0.0
55.196263,"[194.00222778320312, 5.367111682891846, 0.0]","[401.9909362792969, 4.5, 0.0]",0.003897487756862928,11.990708351135254,0.029045853190241073,206.18029129622437,11.968400310105281,-0.0,0.0,-0.0,0.0
55.215474,"[194.00228881835938, 5.367094039916992, 0.0]","[402.2263488769531, 4.5, 0.0]",0.0033160773402784575,12.021753311157227,-0.02907052082922353,206.42342279084627,11.986810863378391,-0.0,0.0,-0.0,0.0
55.235505,"[194.00221252441406, 5.367115020751953, 0.0]","[402.4671936035156, 4.5, 0.0]",0.00389648235670555,12.039596557617188,0.029020250821354614,206.6567815000673,12.018437233816949,-0.0,0.0,-0.0,0.0
55.256452,"[194.0022735595703, 5.3670973777771, 0.0]","[402.7091369628906, 4.5, 0.0]",0.0033153898843028035,12.070887565612793,-0.029054623620137315,206.89589057060022,12.035700075260483,-0.0,0.0,-0.0,0.0
55.279292,"[194.002197265625, 5.367118835449219, 0.0]","[402.95025634765625, 4.5, 0.0]",0.003895805169944012,12.088760375976564,0.029020764282060425,207.1357272532894,12.06757217572849,-0.0,0.0,-0.0,0.0
55.29551,"[194.00225830078125, 5.367100715637207, 0.0]","[403.1921081542969, 4.5, 0.0]",0.0033152080451391134,12.120040893554688,-0.029029856240244928,207.3751091670374,12.084864570806621,-0.0,0.0,-0.0,0.0
55.321525,"[194.00218200683594, 5.367122173309326, 0.0]","[403.4447326660156, 4.5, 0.0]",0.003895477841536081,12.13886547088623,0.029013489819848373,207.6148547835109,12.116725685509548,-0.0,0.0,-0.0,0.0
55.336465,"[194.0022430419922, 5.3671040534973145, 0.0]","[403.6828918457031, 4.5, 0.0]",0.0033151879185070628,12.16928768157959,-0.029014496151450905,207.86565292316675,12.134969993044695,-0.0,0.0,-0.0,0.0
55.362492,"[194.00216674804688, 5.367125511169434, 0.0]","[403.9220275878906, 4.5, 0.0]",0.003277788706039789,12.186468124389648,-0.0018699606233636918,208.10172519520492,12.165972493661084,-0.0,0.0,-0.0,0.0
55.3761,"[194.00222778320312, 5.367107391357422, 0.0]","[404.1691589355469, 4.5, 0.0]",0.003930269186967565,12.217785835266113,0.0326240240463888,208.3391469633748,12.183190335683609,-0.0,0.0,-0.0,0.0
55.397345,"[194.00216674804688, 5.367082595825195, 0.0]","[404.409912109375, 4.5, 0.0]",0.003465151120121857,12.238463401794434,-0.023255903342285392,208.58412235705788,12.213855566079145,-0.0,0.0,-0.0,0.0
55.415377,"[194.00222778320312, 5.367042064666748, 0.0]","[404.6559753417969, 4.5, 0.0]",0.0038690880812030995,12.262882232666016,0.020196848054062126,208.8226299214725,12.234998250674312,-0.0,0.0,-0.0,0.0
55.435757,"[194.0021514892578, 5.367047309875488, 0.0]","[404.9060974121094, 4.5, 0.0]",0.0034061473383278098,12.287518501281738,-0.023147037143764485,209.06636331307257,12.259013144584813,-0.0,0.0,-0.0,0.0
55.455842,"[194.00222778320312, 5.367015361785889, 0.0]","[405.1480712890625, 4.5, 0.0]",0.003874423390173477,12.311352729797363,0.02341380259228336,209.3145568377342,12.28411235394341,-0.0,0.0,-0.0,0.0
55.476594,"[194.00216674804688, 5.3670244216918945, 0.0]","[405.39874267578125, 4.5, 0.0]",0.003379994984341364,12.336042404174805,-0.02472142029160565,209.55428079589254,12.307478306407189,-0.0,0.0,-0.0,0.0
55.495364,"[194.0022430419922, 5.366994380950928, 0.0]","[405.6404724121094, 4.5, 0.0]",0.003876424363530225,12.359852790832521,0.024821468959443045,209.8030561021831,12.332662409190464,-0.0,0.0,-0.0,0.0
55.518018,"[194.00218200683594, 5.367004871368408, 0.0]","[405.89691162109375, 4.5, 0.0]",0.003360267756718636,12.385029792785645,-0.025807830340579454,210.04257541391078,12.35597636646899,-0.0,0.0,-0.0,0.0
55.534811,"[194.00225830078125, 5.366976261138916, 0.0]","[406.1351013183594, 4.5, 0.0]",0.0038748952904066737,12.408307075500488,0.025731376684401897,210.29708608993883,12.381669525028926,-0.0,0.0,-0.0,0.0
55.55661,"[194.002197265625, 5.366988658905029, 0.0]","[406.38397216796875, 4.5, 0.0]",0.003346223072057225,12.432628631591797,-0.026433610917472438,210.5331108173072,12.404432180210081,-0.0,0.0,-0.0,0.0
55.577802,"[194.0022735595703, 5.366962432861328, 0.0]","[406.6346435546875, 4.5, 0.0]",0.003873776030504495,12.457128524780273,0.026377647922363502,210.78014565621294,12.42928240851974,-0.0,0.0,-0.0,0.0
55.599654,"[194.00221252441406, 5.366976737976074, 0.0]","[406.88775634765625, 4.5, 0.0]",0.0033380649582557273,12.481864929199219,-0.02678555361243838,211.02855826150503,12.45325474874977,-0.0,0.0,-0.0,0.0
55.615963,"[194.00228881835938, 5.366952419281006, 0.0]","[407.1378479003906, 4.5, 0.0]",0.0038740854214524994,12.506247520446777,0.026801023159838604,211.27979086962432,12.478526864240964,-0.0,0.0,-0.0,0.0
55.635517,"[194.00222778320312, 5.366968631744385, 0.0]","[407.3885803222656, 4.5, 0.0]",0.003334082814649534,12.53061580657959,-0.02700013034014827,211.52763504843588,12.502373435025325,-0.0,0.0,-0.0,0.0
55.656504,"[194.00230407714844, 5.366945743560791, 0.0]","[407.63677978515625, 4.5, 0.0]",0.0038751419855418455,12.554733276367188,0.027052958544615577,211.7765138529269,12.52728172376494,-0.0,0.0,-0.0,0.0
55.676204,"[194.0022430419922, 5.3669633865356445, 0.0]","[407.8861083984375, 4.5, 0.0]",0.0033323297960597045,12.578963279724121,-0.027140609474107052,212.02247744977535,12.550858134381645,-0.0,0.0,-0.0,0.0
55.695753,"[194.0023193359375, 5.366941452026367, 0.0]","[408.1378479003906, 4.5, 0.0]",0.0038761335402600072,12.60342597961426,0.02719018721001514,212.26996063737198,12.575630949928062,-0.0,0.0,-0.0,0.0
55.715269,"[194.00225830078125, 5.366959571838379, 0.0]","[408.39019775390625, 4.5, 0.0]",0.003331559485375798,12.627852439880371,-0.027228702744210454,212.51944241063956,12.599549846074,-0.0,0.0,-0.0,0.0
55.736496,"[194.00233459472656, 5.36693811416626, 0.0]","[408.64801025390625, 4.5, 0.0]",0.0038767545028469486,12.652660369873047,0.02725975087355752,212.76992623954703,12.624520880394995,-0.0,0.0,-0.0,0.0
55.75614,"[194.0022735595703, 5.36695671081543, 0.0]","[408.8959655761719, 4.5, 0.0]",0.0033311874118260587,12.67651653289795,-0.027278354551044492,213.02543169843904,12.6487836153702,-0.0,0.0,-0.0,0.0
55.776702,"[194.00234985351562, 5.366935729980469, 0.0]","[409.1513366699219, 4.5, 0.0]",0.0038770193316317817,12.701088905334473,0.02729159599028615,213.2715637019305,12.673185345486123,-0.0,0.0,-0.0,0.0
55.795759,"[194.00228881835938, 5.366954326629639, 0.0]","[409.4043273925781, 4.5, 0.0]",0.0033310170406460793,12.725430488586426,-0.02730011454928512,213.52464707715168,12.69721188600284,-0.0,0.0,-0.0,0.0
55.817203,"[194.0023651123047, 5.366933345794678, 0.0]","[409.65972900390625, 4.5, 0.0]",0.0038770674805826376,12.75324821472168,0.027302521996827915,213.77576708384046,12.72209947154578,-0.0,0.0,-0.0,0.0
55.835814,"[194.00230407714844, 5.366951942443848, 0.0]","[409.9195556640625, 4.5, 0.0]",0.0033309844248294953,12.771352767944336,-0.027304152787657115,214.02888382793037,12.749371147241098,-0.0,0.0,-0.0,0.0
55.856422,"[194.00238037109375, 5.366930961608887, 0.0]","[410.1748046875, 4.5, 0.0]",0.003876966811096285,12.802356719970703,0.02729911931333949,214.28679546673962,12.768021783519506,-0.0,0.0,-0.0,0.0
55.87576,"[194.0023193359375, 5.366949558258057, 0.0]","[410.4328308105469, 4.5, 0.0]",0.003331000410303163,12.82028865814209,-0.027298320039656095,214.53975691458055,12.798479753159606,-0.0,0.0,-0.0,0.0
55.896907,"[194.0023956298828, 5.3669281005859375, 0.0]","[410.6882019042969, 4.5, 0.0]",0.0038768870559848915,12.851306915283203,0.027294332284086415,214.7958721615989,12.816957657731786,-0.0,0.0,-0.0,0.0
55.918519,"[194.00233459472656, 5.366946697235107, 0.0]","[410.94171142578125, 4.5, 0.0]",0.0033312008924602393,12.868720054626467,-0.027284308176232612,215.04896482986078,12.847430028227219,-0.0,0.0,-0.0,0.0
55.936181,"[194.00241088867188, 5.366925239562988, 0.0]","[411.1976623535156, 4.5, 0.0]",0.0038771969217996334,12.899577140808105,0.027299801466969708,215.3005930069601,12.865388853734006,-0.0,0.0,-0.0,0.0
55.956738,"[194.00234985351562, 5.366943836212158, 0.0]","[411.45831298828125, 4.5, 0.0]",0.0033318383001767486,12.917540550231934,-0.02726793108114424,215.55426398838327,12.895699943886306,-0.0,0.0,-0.0,0.0
55.97534,"[194.00242614746094, 5.366922378540039, 0.0]","[411.7158203125, 4.5, 0.0]",0.0038777865220473023,12.948543548583984,0.027297411093527686,215.8129759114376,12.914208711931757,-0.0,0.0,-0.0,0.0
55.99596,"[194.0023651123047, 5.366940498352051, 0.0]","[411.9742126464844, 4.5, 0.0]",0.0033326041985161366,12.966294288635254,-0.02725911617655829,216.0681903536012,12.944665762061938,-0.0,0.0,-0.0,0.0
56.015704,"[194.00244140625, 5.366919040679932, 0.0]","[412.23370361328125, 4.5, 0.0]",0.0038785211649102888,12.997397422790527,0.027295848319707612,216.32466588027404,12.962961684436738,-0.0,0.0,-0.0,0.0
56.03492,"[194.00238037109375, 5.366937160491943, 0.0]","[412.4936828613281, 4.5, 0.0]",0.003333533027935128,13.015079498291016,-0.027249406848758047,216.58184402153532,12.993518901625617,-0.0,0.0,-0.0,0.0
56.054991,"[194.00245666503906, 5.366915702819824, 0.0]","[412.7560729980469, 4.5, 0.0]",0.0038796445321675446,13.046324729919434,0.02730557521162084,216.8398831603057,13.011745965263081,-0.0,0.0,-0.0,0.0
56.075397,"[194.0023956298828, 5.366933822631836, 0.0]","[413.0171203613281, 4.5, 0.0]",0.003334938504823816,13.064106941223145,-0.027235301367186434,217.09993668501025,13.042445085387266,-0.0,0.0,-0.0,0.0
56.096022,"[194.00247192382812, 5.366912841796875, 0.0]","[413.2783508300781, 4.5, 0.0]",0.0038813524117667095,13.095242500305176,0.027320695347144677,217.3590390788469,13.06077200271832,-0.0,0.0,-0.0,0.0
56.115519,"[194.00241088867188, 5.3669304847717285, 0.0]","[413.5398254394531, 4.5, 0.0]",0.003336740688777042,13.112976074218752,-0.02723058614948338,217.61794910357102,13.091361147893409,-0.0,0.0,-0.0,0.0
56.135389,"[194.0024871826172, 5.366909503936768, 0.0]","[413.8035583496094, 4.5, 0.0]",0.003883834612170477,13.144125938415527,0.027354696169671764,217.87748260933338,13.109639333529975,-0.0,0.0,-0.0,0.0
56.158527,"[194.00242614746094, 5.366927146911621, 0.0]","[414.0657958984375, 4.5, 0.0]",0.003097621011486562,13.161797523498535,-0.039310680034195744,218.13887452438289,13.140242103803358,-0.0,0.0,-0.0,0.0
56.17606,"[194.00250244140625, 5.366906642913818, 0.0]","[414.3288879394531, 4.5, 0.0]",0.0038414312546362597,13.192886352539062,0.037190512157484874,218.39916503741287,13.158699902487049,-0.0,0.0,-0.0,0.0
56.195565,"[194.00244140625, 5.366878032684326, 0.0]","[414.59332275390625, 4.5, 0.0]",0.003613080757108611,13.210762023925781,-0.011417524876382442,218.6599281387482,13.189044921284426,-0.0,0.0,-0.0,0.0
56.216043,"[194.00250244140625, 5.366837978363037, 0.0]","[414.8593444824219, 4.5, 0.0]",0.00374380714103203,13.242043495178223,0.006536319196170947,218.92185136178307,13.207148943168672,-0.0,0.0,-0.0,0.0
56.239392,"[194.00242614746094, 5.3668413162231445, 0.0]","[415.1253662109375, 4.5, 0.0]",0.003572357642747764,13.259870529174806,-0.0085724749142133,219.18544542847894,13.238299688037191,-0.0,0.0,-0.0,0.0
56.256281,"[194.00250244140625, 5.366811752319336, 0.0]","[415.3880615234375, 4.5, 0.0]",0.003734898376429629,13.290727615356445,0.008127036684093267,219.44943389946792,13.256298171532059,-0.0,0.0,-0.0,0.0
56.27602,"[194.00242614746094, 5.366818428039551, 0.0]","[415.6550598144531, 4.5, 0.0]",0.003563009034086209,13.308645248413086,-0.008594467117171012,219.70976088806748,13.286992716980016,-0.0,0.0,-0.0,0.0
56.297273,"[194.00250244140625, 5.36679220199585, 0.0]","[415.9239196777344, 4.5, 0.0]",0.003727764055256169,13.340069770812988,0.008237751058498012,219.9747365255055,13.305082239378999,-0.0,0.0,-0.0,0.0
56.319317,"[194.00242614746094, 5.366799831390381, 0.0]","[416.18951416015625, 4.5, 0.0]",0.00355596627720932,13.36115837097168,-0.008589888902342458,220.24120724429937,13.336342006757732,-0.0,0.0,-0.0,0.0
56.336045,"[194.00250244140625, 5.366775989532471, 0.0]","[416.457275390625, 4.5, 0.0]",0.0037203449531680814,13.385724067687988,0.008218933797938067,220.50480145323988,13.35760240469447,-0.0,0.0,-0.0,0.0
56.355833,"[194.00242614746094, 5.366785049438477, 0.0]","[416.724609375, 4.5, 0.0]",0.0035511122092516225,13.41025447845459,-0.008461637195822944,220.7702186567402,13.38200372273482,-0.0,0.0,-0.0,0.0
56.377666,"[194.00250244140625, 5.366764545440674, 0.0]","[416.9920959472656, 4.5, 0.0]",0.003715990751761411,13.434795379638672,0.008243927125489431,221.03553134183286,13.406703366245338,-0.0,0.0,-0.0,0.0
56.396617,"[194.00242614746094, 5.366775035858154, 0.0]","[417.2666015625, 4.5, 0.0]",0.0035494244735169893,13.459981918334961,-0.008328313912221089,221.3006944505785,13.43107938888691,-0.0,0.0,-0.0,0.0
56.416477,"[194.00250244140625, 5.366757392883301, 0.0]","[417.53424072265625, 4.5, 0.0]",0.00371493582571798,13.484592437744144,0.008275567610049536,221.57311755394167,13.456432493861444,-0.0,0.0,-0.0,0.0
56.434347,"[194.00242614746094, 5.366768836975098, 0.0]","[417.806396484375, 4.5, 0.0]",0.0035494758435608564,13.509696006774902,-0.00827299910785618,221.83845407264803,13.480877501918426,-0.0,0.0,-0.0,0.0
56.456113,"[194.00250244140625, 5.366753578186035, 0.0]","[418.07196044921875, 4.5, 0.0]",0.0037158523547232165,13.53419017791748,0.008318825558118002,222.1085391956352,13.50614653093134,-0.0,0.0,-0.0,0.0
56.474266,"[194.00242614746094, 5.36676549911499, 0.0]","[418.3434143066406, 4.5, 0.0]",0.003550248774712192,13.559226989746094,-0.008280179000551214,222.371821042007,13.530474325562757,-0.0,0.0,-0.0,0.0
56.497339,"[194.00250244140625, 5.3667521476745605, 0.0]","[418.6197204589844, 4.5, 0.0]",0.003717320328503511,13.584712982177734,0.008353577689565938,222.64119539415856,13.555676740971382,-0.0,0.0,-0.0,0.0
56.516387,"[194.00242614746094, 5.366764545440674, 0.0]","[418.8887939453125, 4.5, 0.0]",0.0035509781572823024,13.60971450805664,-0.008317108561060426,222.91514753119137,13.580995661849231,-0.0,0.0,-0.0,0.0
56.535973,"[194.00250244140625, 5.3667521476745605, 0.0]","[419.1640625, 4.5, 0.0]",0.003718632528573726,13.635552406311035,0.008382718564571177,223.18215715791706,13.606163529899359,-0.0,0.0,-0.0,0.0
56.556152,"[194.00242614746094, 5.366764068603516, 0.0]","[419.43756103515625, 4.5, 0.0]",0.003551445009194914,13.661225318908691,-0.008359375968940607,223.45508373121893,13.63183377378246,-0.0,0.0,-0.0,0.0
56.576246,"[194.00250244140625, 5.366752624511719, 0.0]","[419.70623779296875, 4.5, 0.0]",0.0037195865084861776,13.686445236206055,0.008407074964563192,223.7264827061238,13.657673873899496,-0.0,0.0,-0.0,0.0
56.597298,"[194.00242614746094, 5.366764068603516, 0.0]","[419.98480224609375, 4.5, 0.0]",0.0035517300140517397,13.712594032287598,-0.008392824721721896,223.9928817348981,13.682725649697568,-0.0,0.0,-0.0,0.0
56.616339,"[194.00250244140625, 5.366753101348877, 0.0]","[420.2597351074219, 4.5, 0.0]",0.003720218864462621,13.737898826599121,0.008424442520544055,224.26929837060266,13.709042302273545,-0.0,0.0,-0.0,0.0
56.635415,"[194.00242614746094, 5.366764068603516, 0.0]","[420.5343933105469, 4.5, 0.0]",0.003551852350750445,13.762495040893555,-0.008418325685608788,224.54191781737808,13.734178607734659,-0.0,0.0,-0.0,0.0
56.657486,"[194.00250244140625, 5.366753578186035, 0.0]","[420.80682373046875, 4.5, 0.0]",0.0037206032830673576,13.78689193725586,0.008437546615845627,224.81444858649897,13.758943188542805,-0.0,0.0,-0.0,0.0
56.675746,"[194.00242614746094, 5.366764068603516, 0.0]","[421.0870361328125, 4.5, 0.0]",0.0035519071425018783,13.811987876892093,-0.008434807028273962,225.08458949739168,13.783171333972792,-0.0,0.0,-0.0,0.0
56.696409,"[194.00250244140625, 5.366754055023193, 0.0]","[421.3623962402344, 4.5, 0.0]",0.003720785628978545,13.83664608001709,0.008443924323833328,225.3626221864543,13.808435969749592,-0.0,0.0,-0.0,0.0
56.715295,"[194.00242614746094, 5.366763591766357, 0.0]","[421.6346740722656, 4.5, 0.0]",0.0035519167803721653,13.859804153442383,-0.008443442430318979,225.63567660700244,13.832925294388112,-0.0,0.0,-0.0,0.0
56.735744,"[194.00250244140625, 5.366754055023193, 0.0]","[421.91619873046875, 4.5, 0.0]",0.0037208319775677303,13.885269165039062,0.008445759859778247,225.9058348889319,13.85625223666201,-0.0,0.0,-0.0,0.0
56.756116,"[194.00242614746094, 5.366763114929199, 0.0]","[422.1907958984375, 4.5, 0.0]",0.003551900836424336,13.900185585021976,-0.008446557057169724,226.1850116290482,13.881548333061495,-0.0,0.0,-0.0,0.0
56.778896,"[194.00250244140625, 5.366753578186035, 0.0]","[422.4673767089844, 4.5, 0.0]",0.0037208277278430366,13.928595542907715,0.00844634457093504,226.4574667394147,13.896633684185552,-0.0,0.0,-0.0,0.0
56.795453,"[194.00242614746094, 5.366762638092041, 0.0]","[422.7459716796875, 4.5, 0.0]",0.0035518993548124744,13.943827629089355,-0.00844641865152811,226.73174325059844,13.924874715179872,-0.0,0.0,-0.0,0.0
56.81602,"[194.00250244140625, 5.366753101348877, 0.0]","[423.0260314941406, 4.5, 0.0]",0.0037207824373773997,13.971261978149414,0.008444154128246263,227.0081639044614,13.940275729734543,-0.0,0.0,-0.0,0.0
56.835255,"[194.00242614746094, 5.366761684417725, 0.0]","[423.30535888671875, 4.5, 0.0]",0.0035518469322413314,13.983452796936035,-0.00844677525680341,227.28588386153416,13.967541195712037,-0.0,0.0,-0.0,0.0
56.855893,"[194.00250244140625, 5.366752624511719, 0.0]","[423.5863037109375, 4.5, 0.0]",0.003720690248148382,14.009092330932617,0.008442165795352532,227.56301968145834,13.979900950003794,-0.0,0.0,-0.0,0.0
56.875274,"[194.00242614746094, 5.366761207580566, 0.0]","[423.86578369140625, 4.5, 0.0]",0.003551760439852864,14.021294593811035,-0.008446490414775907,227.84161753625546,14.00537164068447,-0.0,0.0,-0.0,0.0
56.897467,"[194.00250244140625, 5.366752624511719, 0.0]","[424.1492614746094, 4.5, 0.0]",0.0037205580586245103,14.047103881835938,0.008439880938582318,228.1189159482017,14.017742833371182,-0.0,0.0,-0.0,0.0
56.916799,"[194.00242614746094, 5.366760730743408, 0.0]","[424.42828369140625, 4.5, 0.0]",0.0035516520042480257,14.05818557739258,-0.008445302718824228,228.40003768085603,14.043383323777313,-0.0,0.0,-0.0,0.0
56.93495,"[194.00250244140625, 5.3667521476745605, 0.0]","[424.70831298828125, 4.5, 0.0]",0.003720430824686004,14.081073760986328,0.008438941021898924,228.67687440667646,14.054633925388332,-0.0,0.0,-0.0,0.0
56.955845,"[194.00242614746094, 5.36676025390625, 0.0]","[424.99139404296875, 4.5, 0.0]",0.003551542858965929,14.090805053710938,-0.00844439828600375,228.9545792659383,14.077353330161642,-0.0,0.0,-0.0,0.0
56.975428,"[194.00250244140625, 5.3667521476745605, 0.0]","[425.27252197265625, 4.5, 0.0]",0.0037203068439471652,14.11375617980957,0.008438199249061803,229.2354420584917,14.087253510851971,-0.0,0.0,-0.0,0.0
56.998619,"[194.00242614746094, 5.366759777069092, 0.0]","[425.55572509765625, 4.5, 0.0]",0.003551435944273048,14.123494148254395,-0.008443544983705855,229.51423677685676,14.110035872965623,-0.0,0.0,-0.0,0.0
57.015062,"[194.00250244140625, 5.366751670837402, 0.0]","[425.8375244140625, 4.5, 0.0]",0.003720181732938983,14.145673751831055,0.008437289433296736,229.7952091838138,14.119942712310122,-0.0,0.0,-0.0,0.0
57.035093,"[194.00242614746094, 5.366759300231934, 0.0]","[426.12060546875, 4.5, 0.0]",0.003238145960164532,14.153372764587402,-0.02410178863872254,230.07467748475528,14.141953570098115,-0.0,0.0,-0.0,0.0
57.055682,"[194.00250244140625, 5.366751194000244, 0.0]","[426.4050598144531, 4.5, 0.0]",0.004283834936200339,14.174477577209473,0.05228444880179034,230.35552113693234,14.150134618627238,-0.0,0.0,-0.0,0.0
57.0756,"[194.00245666503906, 5.366791248321533, 0.0]","[426.6883850097656, 4.5, 0.0]",0.003159472790794445,14.182188034057617,-0.056218107270294686,230.6376306990962,14.170193742273272,-0.0,0.0,-0.0,0.0
57.097028,"[194.00254821777344, 5.366801738739014, 0.0]","[426.9739685058594, 4.5, 0.0]",0.004213189683152108,14.203350067138672,0.052685844617883136,230.91917070869005,14.179028561266822,-0.0,0.0,-0.0,0.0
57.1156,"[194.0024871826172, 5.366820812225342, 0.0]","[427.2563781738281, 4.5, 0.0]",0.0031189899343359246,14.210487365722656,-0.05470998744080916,231.20266304597916,14.19913687745552,-0.0,0.0,-0.0,0.0
57.13643,"[194.00257873535156, 5.366822242736816, 0.0]","[427.5458679199219, 4.5, 0.0]",0.0042070573510268995,14.230511665344238,0.05440337083454875,231.48305331807063,14.20736837578832,-0.0,0.0,-0.0,0.0
57.157618,"[194.0025177001953, 5.366837501525879, 0.0]","[427.83056640625, 4.5, 0.0]",0.003104988712483752,14.236978530883789,-0.05510343192715737,231.77031347054935,14.226304607993212,-0.0,0.0,-0.0,0.0
57.176268,"[194.0026092529297, 5.366837024688721, 0.0]","[428.1151123046875, 4.5, 0.0]",0.004202866344891005,14.256773948669434,0.05489388162036265,232.0528788078506,14.233873542171306,-0.0,0.0,-0.0,0.0
57.195682,"[194.00254821777344, 5.366850852966309, 0.0]","[428.39501953125, 4.5, 0.0]",0.0030934286727170696,14.263018608093262,-0.05547188360869677,232.33517036853638,14.252571082324543,-0.0,0.0,-0.0,0.0
57.215129,"[194.0026397705078, 5.366848945617676, 0.0]","[428.68145751953125, 4.5, 0.0]",0.004198143606164578,14.282844543457031,0.05523574667237543,232.61293733170555,14.259925179420545,-0.0,0.0,-0.0,0.0
57.235211,"[194.00257873535156, 5.366860866546631, 0.0]","[428.9716491699219, 4.5, 0.0]",0.0030847925519782633,14.292751312255863,-0.05566755270931575,232.89705995628526,14.278646399850867,-0.0,0.0,-0.0,0.0
57.255888,"[194.00265502929688, 5.366857051849365, 0.0]","[429.25299072265625, 4.5, 0.0]",0.004194997580752782,14.302253723144531,0.05551025143872591,233.18500155943306,14.289666519703884,-0.0,0.0,-0.0,0.0
57.27592,"[194.00259399414062, 5.3668670654296875, 0.0]","[429.5453186035156, 4.5, 0.0]",0.0030799800198883297,14.322260856628418,-0.055750878043222596,233.46405708790311,14.298058725563779,-0.0,0.0,-0.0,0.0
57.296383,"[194.00267028808594, 5.366861343383789, 0.0]","[429.831787109375, 4.5, 0.0]",0.0041937570158160735,14.328664779663086,0.05568884979638719,233.75409447893486,14.31918087660853,-0.0,0.0,-0.0,0.0
57.317182,"[194.0026092529297, 5.366869926452637, 0.0]","[430.1188049316406, 4.5, 0.0]",0.0030780100319229547,14.348405838012695,-0.05578734919465594,234.03823561713372,14.32447102264727,-0.0,0.0,-0.0,0.0
57.336196,"[194.002685546875, 5.366862773895264, 0.0]","[430.4002990722656, 4.5, 0.0]",0.00419362883460646,14.354527473449707,0.05578094013417526,234.3229940467128,14.345327827980773,-0.0,0.0,-0.0,0.0
57.35868,"[194.00262451171875, 5.366869926452637, 0.0]","[430.7021484375, 4.5, 0.0]",0.003077426139569529,14.374909400939941,-0.05581013475184655,234.60218544070747,14.3503338446151,-0.0,0.0,-0.0,0.0
57.375375,"[194.00270080566406, 5.366861820220947, 0.0]","[430.9745788574219, 4.5, 0.0]",0.004193843197209372,14.380619049072266,0.05582085288199216,234.90165572005776,14.371831974800372,-0.0,0.0,-0.0,0.0
57.395643,"[194.0026397705078, 5.366868019104004, 0.0]","[431.2621154785156, 4.5, 0.0]",0.0030772850832943475,14.400352478027344,-0.05582790569575123,235.17185647145462,14.376425205875057,-0.0,0.0,-0.0,0.0
57.419621,"[194.00271606445312, 5.366858959197998, 0.0]","[431.54998779296875, 4.5, 0.0]",0.0041940281413835176,14.406820297241214,0.0558371529044585,235.45712926529166,14.397275192944049,-0.0,0.0,-0.0,0.0
57.434869,"[194.00265502929688, 5.366865158081055, 0.0]","[431.83734130859375, 4.5, 0.0]",0.003077213857901534,14.42668342590332,-0.055840714174099165,235.74263191171494,14.40262626909983,-0.0,0.0,-0.0,0.0
57.456968,"[194.0027313232422, 5.366856098175049, 0.0]","[432.12957763671875, 4.5, 0.0]",0.00419411850372252,14.43343448638916,0.05584523229104927,236.02772308068072,14.423606212045419,-0.0,0.0,-0.0,0.0
57.476227,"[194.00267028808594, 5.366861820220947, 0.0]","[432.41619873046875, 4.5, 0.0]",0.0030771552956237653,14.453265190124512,-0.05584816040493771,236.31754685604352,14.429240367885438,-0.0,0.0,-0.0,0.0
57.496855,"[194.00274658203125, 5.366852760314941, 0.0]","[432.71209716796875, 4.5, 0.0]",0.004194223293348639,14.460185050964355,0.055853399886243695,236.60190362473398,14.450188034828887,-0.0,0.0,-0.0,0.0
57.516583,"[194.002685546875, 5.36685848236084, 0.0]","[433.0019836425781, 4.5, 0.0]",0.003077170744207274,14.480351448059082,-0.05585262745706825,236.89537570079,14.455990827671007,-0.0,0.0,-0.0,0.0
57.539346,"[194.0027618408203, 5.366849422454834, 0.0]","[433.28338623046875, 4.5, 0.0]",0.004194415612586066,14.487030982971193,0.0558622434189396,237.18296760092625,14.477274277314875,-0.0,0.0,-0.0,0.0
57.55556,"[194.00270080566406, 5.366855621337891, 0.0]","[433.5728759765625, 4.5, 0.0]",0.003077272007075769,14.50743293762207,-0.055857180275514846,237.46204899266385,14.482836567358607,-0.0,0.0,-0.0,0.0
57.575509,"[194.00277709960938, 5.366846561431885, 0.0]","[433.8662414550781, 4.5, 0.0]",0.004194666636955911,14.514681816101074,0.05586973149400711,237.74923952393792,14.504355665614995,-0.0,0.0,-0.0,0.0
57.597176,"[194.00271606445312, 5.3668532371521, 0.0]","[434.16156005859375, 4.5, 0.0]",0.003077426051394182,14.535358428955078,-0.05586202927808646,238.04019138034664,14.510487149464119,-0.0,0.0,-0.0,0.0
57.617394,"[194.00279235839844, 5.3668437004089355, 0.0]","[434.44793701171875, 4.5, 0.0]",0.004194901039930401,14.542591094970703,0.05587374942681094,238.3331755961153,14.532281002903684,-0.0,0.0,-0.0,0.0
57.634943,"[194.0027313232422, 5.366850852966309, 0.0]","[434.7373352050781, 4.5, 0.0]",0.0030775754886636854,14.563759803771973,-0.05586627756333578,238.61717950388797,14.538396193930772,-0.0,0.0,-0.0,0.0
57.656887,"[194.0028076171875, 5.3668413162231445, 0.0]","[435.0299377441406, 4.5, 0.0]",0.004195032477478813,14.575085639953613,0.05587284944075638,238.90429893394622,14.560682228283309,-0.0,0.0,-0.0,0.0
57.6761,"[194.00274658203125, 5.366848468780518, 0.0]","[435.3221130371094, 4.5, 0.0]",0.0030776597964611205,14.58972454071045,-0.05586863405088462,239.19449014435315,14.570890607476134,-0.0,0.0,-0.0,0.0
57.695473,"[194.00282287597656, 5.366838455200195, 0.0]","[435.61322021484375, 4.5, 0.0]",0.004195061055724491,14.604310989379883,0.055870062963168515,239.48436429283163,14.586646880913989,-0.0,0.0,-0.0,0.0
57.717187,"[194.0027618408203, 5.366846084594727, 0.0]","[435.9100341796875, 4.5, 0.0]",0.0030776833527547745,14.61961841583252,-0.05586888514848582,239.7730642879837,14.600115928324158,-0.0,0.0,-0.0,0.0
57.737154,"[194.00283813476562, 5.366835594177246, 0.0]","[436.1976623535156, 4.5, 0.0]",0.004195053061020724,14.635057449340822,0.05586848541329747,240.0675318416438,14.616540732479764,-0.0,0.0,-0.0,0.0
57.756239,"[194.00277709960938, 5.3668437004089355, 0.0]","[436.49676513671875, 4.5, 0.0]",0.0030776793779474583,14.651111602783203,-0.05586868415366328,240.35278084979583,14.6308623962798,-0.0,0.0,-0.0,0.0
57.778165,"[194.0028533935547, 5.366833209991455, 0.0]","[436.783447265625, 4.5, 0.0]",0.0041950479521802335,14.666500091552734,0.05586842871163875,240.6495307269354,14.648033923405256,-0.0,0.0,-0.0,0.0
57.79984,"[194.00279235839844, 5.3668413162231445, 0.0]","[437.07916259765625, 4.5, 0.0]",0.0030776856542500813,14.682374000549316,-0.05586811489650761,240.93382146083994,14.662305043600554,-0.0,0.0,-0.0,0.0
57.818412,"[194.00286865234375, 5.366830825805664, 0.0]","[437.3855285644531, 4.5, 0.0]",0.0041949988138331885,14.69933032989502,0.05586565797915535,241.2272071802713,14.679296314895065,-0.0,0.0,-0.0,0.0
57.83556,"[194.0028076171875, 5.3668389320373535, 0.0]","[437.66595458984375, 4.5, 0.0]",0.003077673394573985,14.715473175048828,-0.05586627096296017,241.53103107542395,14.695135331081186,-0.0,0.0,-0.0,0.0
57.855675,"[194.0028839111328, 5.366827964782715, 0.0]","[437.9610900878906, 4.5, 0.0]",0.004194949987939345,14.732460975646973,0.05586382966826799,241.80925467870676,14.712395501654255,-0.0,0.0,-0.0,0.0
57.87517,"[194.00282287597656, 5.366836071014404, 0.0]","[438.255615234375, 4.5, 0.0]",0.0030776698075796888,14.749413490295412,-0.0558640090179828,242.101930559813,14.728266025659034,-0.0,0.0,-0.0,0.0
57.89612,"[194.00289916992188, 5.366825103759766, 0.0]","[438.55633544921875, 4.5, 0.0]",0.004194929214056514,14.766724586486816,0.05586297032384125,242.39414765011563,14.746335820487833,-0.0,0.0,-0.0,0.0
57.92061,"[194.00283813476562, 5.366833209991455, 0.0]","[438.8470153808594, 4.5, 0.0]",0.003077678180070657,14.783862113952637,-0.055862551699292835,242.6923632297993,14.76252965727276,-0.0,0.0,-0.0,0.0
57.935308,"[194.00291442871094, 5.366822242736816, 0.0]","[439.14599609375, 4.5, 0.0]",0.004194928473027481,14.802084922790527,0.05586251464784117,242.9807661045373,14.780784435772565,-0.0,0.0,-0.0,0.0
57.955816,"[194.0028533935547, 5.366830348968506, 0.0]","[439.4393005371094, 4.5, 0.0]",0.0030776909258154687,14.819961547851562,-0.055861877360600595,243.27724412699817,14.797889994317499,-0.0,0.0,-0.0,0.0
57.976134,"[194.0029296875, 5.366819381713867, 0.0]","[439.7348327636719, 4.5, 0.0]",0.004194935954135959,14.837974548339844,0.055862251416024515,243.56824633081436,14.816883856925747,-0.0,0.0,-0.0,0.0
57.995825,"[194.00286865234375, 5.366827487945557, 0.0]","[440.0370178222656, 4.5, 0.0]",0.0031456261193596007,14.856393814086914,-0.05246549173881791,243.86130763050556,14.833779612385708,-0.0,0.0,-0.0,0.0
58.020533,"[194.00294494628906, 5.366816520690918, 0.0]","[440.33514404296875, 4.5, 0.0]",0.0044421161339089806,14.874818801879883,0.064824500727469,244.16111482680762,14.853248187967555,-0.0,0.0,-0.0,0.0
58.035823,"[194.0028839111328, 5.366799354553223, 0.0]","[440.6314697265625, 4.5, 0.0]",0.0029240387904797276,14.893483161926273,-0.07590386717146265,244.45675724750203,14.870376685745974,-0.0,0.0,-0.0,0.0
58.056792,"[194.0029754638672, 5.36677360534668, 0.0]","[440.9259033203125, 4.5, 0.0]",0.004403688723738971,14.912027359008793,0.07398249666296217,244.75036058327478,14.890559123135793,-0.0,0.0,-0.0,0.0
58.074327,"[194.00291442871094, 5.366771697998047, 0.0]","[441.224609375, 4.5, 0.0]",0.002903762936422837,14.934176445007324,-0.07499628936580668,245.0419984642004,14.907623670285053,-0.0,0.0,-0.0,0.0
58.097566,"[194.0030059814453, 5.366752624511719, 0.0]","[441.5285949707031, 4.5, 0.0]",0.004398621023327624,14.9466552734375,0.07474290434523934,245.33810905183714,14.931272682070901,-0.0,0.0,-0.0,0.0
58.116693,"[194.00294494628906, 5.366753578186035, 0.0]","[441.8225402832031, 4.5, 0.0]",0.002897485311059644,14.971824645996094,-0.07505678561339899,245.63936744668635,14.942256652414173,-0.0,0.0,-0.0,0.0
58.138496,"[194.00303649902344, 5.366735935211182, 0.0]","[442.1206970214844, 4.5, 0.0]",0.004395139301285536,14.983907699584961,0.07488269951129457,245.9308525012265,14.968927160685034,-0.0,0.0,-0.0,0.0
58.155683,"[194.0029754638672, 5.3667378425598145, 0.0]","[442.4192810058594, 4.5, 0.0]",0.0028919297436262002,15.00935173034668,-0.07516047788296677,246.22640165924645,14.979512560283675,-0.0,0.0,-0.0,0.0
58.177053,"[194.00306701660156, 5.3667216300964355, 0.0]","[442.7267761230469, 4.5, 0.0]",0.004391855100529797,15.022022247314453,0.07499626784517985,246.52255264746645,15.006459800603054,-0.0,0.0,-0.0,0.0
58.197039,"[194.0030059814453, 5.366724967956543, 0.0]","[443.0292663574219, 4.5, 0.0]",0.002887650693293835,15.047712326049805,-0.07521022036179811,246.82741760960005,15.017630392213924,-0.0,0.0,-0.0,0.0
58.215679,"[194.0030975341797, 5.366710186004639, 0.0]","[443.3243713378906, 4.5, 0.0]",0.0043896760043940575,15.059982299804688,0.07510126555501112,247.12747583615362,15.04482467535651,-0.0,0.0,-0.0,0.0
58.235091,"[194.00303649902344, 5.366714954376221, 0.0]","[443.62518310546875, 4.5, 0.0]",0.0028853491098381253,15.086503982543945,-0.0752163447277966,247.42006277999607,15.055592623800294,-0.0,0.0,-0.0,0.0
58.259873,"[194.0031280517578, 5.366701602935791, 0.0]","[443.9271240234375, 4.5, 0.0]",0.004388687064490551,15.099761962890625,0.07516689773262131,247.7184805984042,15.083618633434106,-0.0,0.0,-0.0,0.0
58.275214,"[194.00306701660156, 5.3667073249816895, 0.0]","[444.2285461425781, 4.5, 0.0]",0.002884505465922463,15.126322746276855,-0.07520907992840443,248.01787704570725,15.095373275826134,-0.0,0.0,-0.0,0.0
58.296555,"[194.00315856933594, 5.366694927215576, 0.0]","[444.5386657714844, 4.5, 0.0]",0.0043884070000465925,15.14012336730957,0.07519507670620648,248.31691261298255,15.123438240810932,-0.0,0.0,-0.0,0.0
58.316826,"[194.0030975341797, 5.366701602935791, 0.0]","[444.84228515625, 4.5, 0.0]",0.0028843390189014742,15.167280197143555,-0.07520339905725591,248.62441772248206,15.135734960309524,-0.0,0.0,-0.0,0.0
58.337103,"[194.00318908691406, 5.366690158843994, 0.0]","[445.14617919921875, 4.5, 0.0]",0.004388396505380626,15.181737899780273,0.0752028743239576,248.92564522296618,15.164395858124653,-0.0,0.0,-0.0,0.0
58.357759,"[194.0031280517578, 5.366697311401367, 0.0]","[445.44622802734375, 4.5, 0.0]",0.002884362820065194,15.209261894226074,-0.07520168426577163,249.22698737736516,15.177349503274893,-0.0,0.0,-0.0,0.0
58.37826,"[194.0032196044922, 5.3666863441467285, 0.0]","[445.74884033203125, 4.5, 0.0]",0.004388423060213188,15.223628044128422,0.07520301200739973,249.52466076923255,15.206377531406009,-0.0,0.0,-0.0,0.0
58.395469,"[194.00315856933594, 5.36669397354126, 0.0]","[446.0519104003906, 4.5, 0.0]",0.0028843829197396755,15.251364707946777,-0.07520200702367565,249.82474393830591,15.219239621068208,-0.0,0.0,-0.0,0.0
58.417099,"[194.0032501220703, 5.366683006286621, 0.0]","[446.3564453125, 4.5, 0.0]",0.004388429252633995,15.265993118286133,0.07520231664471595,250.1254224833074,15.248480325027037,-0.0,0.0,-0.0,0.0
58.435784,"[194.00318908691406, 5.366690635681152, 0.0]","[446.6622314453125, 4.5, 0.0]",0.002884372452536847,15.294238090515137,-0.07520284000485737,250.4274044658431,15.261604689033499,-0.0,0.0,-0.0,0.0
58.456233,"[194.00328063964844, 5.366679668426514, 0.0]","[446.96868896484375, 4.5, 0.0]",0.004388419364061482,15.309195518493652,0.07520234557623173,250.73078543013116,15.2913537180626,-0.0,0.0,-0.0,0.0
58.475948,"[194.0032196044922, 5.366687297821045, 0.0]","[447.2760925292969, 4.5, 0.0]",0.0028843521362764317,15.337554931640625,-0.0752033613892525,251.03467034016447,15.30480709912959,-0.0,0.0,-0.0,0.0
58.49663,"[194.00331115722656, 5.366676330566406, 0.0]","[447.58233642578125, 4.5, 0.0]",0.004388408322017929,15.352498054504395,0.07520280928707485,251.33965151783187,15.33467057950435,-0.0,0.0,-0.0,0.0
58.516942,"[194.0032501220703, 5.3666839599609375, 0.0]","[447.8896484375, 4.5, 0.0]",0.0028843376896119594,15.380644798278809,-0.07520353162029847,251.643332823314,15.348109646182376,-0.0,0.0,-0.0,0.0
58.535225,"[194.0033416748047, 5.366672992706299, 0.0]","[448.1981506347656, 4.5, 0.0]",0.004388400644441981,15.39522933959961,0.0752031477415011,251.94822734217203,15.377760460589197,-0.0,0.0,-0.0,0.0
58.556375,"[194.00328063964844, 5.36668062210083, 0.0]","[448.505615234375, 4.5, 0.0]",0.002884332440193897,15.423075675964355,-0.07520341021240422,252.25414873133462,15.390840938955167,-0.0,0.0,-0.0,0.0
58.576025,"[194.0033721923828, 5.366669654846191, 0.0]","[448.81451416015625, 4.5, 0.0]",0.004388392600890259,15.437686920166016,0.07520300803481811,252.5591946071981,15.420191343524161,-0.0,0.0,-0.0,0.0
58.599073,"[194.00331115722656, 5.366677284240723, 0.0]","[449.1235656738281, 4.5, 0.0]",0.002884328890433647,15.465644836425781,-0.07520318552283059,252.86550952457478,15.433298527565125,-0.0,0.0,-0.0,0.0
58.615945,"[194.00340270996094, 5.366666316986084, 0.0]","[449.431884765625, 4.5, 0.0]",0.0043883726830516116,15.483064651489258,0.07520218963089821,253.17212951329478,15.462760507535348,-0.0,0.0,-0.0,0.0
58.634925,"[194.0033416748047, 5.366673946380615, 0.0]","[449.74249267578125, 4.5, 0.0]",0.0028843117299531553,15.503231048583984,-0.0752030476549228,253.47787347102135,15.478676278806207,-0.0,0.0,-0.0,0.0
58.656132,"[194.00343322753906, 5.366662502288818, 0.0]","[450.0545654296875, 4.5, 0.0]",0.0043883189934783495,15.523492813110352,0.07520036317625971,253.78603310422625,15.50034673685403,-0.0,0.0,-0.0,0.0
58.676084,"[194.0033721923828, 5.36667013168335, 0.0]","[450.3641662597656, 4.5, 0.0]",0.0028842692531527974,15.543594360351562,-0.0752024870162776,254.09549197938614,15.519104494116874,-0.0,0.0,-0.0,0.0
58.696451,"[194.0034637451172, 5.366658687591553, 0.0]","[450.67535400390625, 4.5, 0.0]",0.00438821565751095,15.563798904418947,0.07519732021790763,254.4026610608111,15.54071009109841,-0.0,0.0,-0.0,0.0
58.716342,"[194.00340270996094, 5.366666316986084, 0.0]","[450.9872741699219, 4.5, 0.0]",0.0028842088253816654,15.583381652832031,-0.07520034160646423,254.71124205486103,15.559410688761437,-0.0,0.0,-0.0,0.0
58.735643,"[194.0034942626953, 5.366654396057129, 0.0]","[451.29840087890625, 4.5, 0.0]",0.004388091582243949,15.601921081542969,0.07519413784311416,255.02071177324706,15.58049744400665,-0.0,0.0,-0.0,0.0
58.759677,"[194.00343322753906, 5.366662502288818, 0.0]","[451.6109924316406, 4.5, 0.0]",0.002884154230928816,15.620549201965332,-0.07519686756575664,255.32922792504874,15.597532989960724,-0.0,0.0,-0.0,0.0
58.775082,"[194.00352478027344, 5.366650104522705, 0.0]","[451.923828125, 4.5, 0.0]",0.004387976099137405,15.639189720153809,0.07519109341042945,255.63935521242087,15.617665047734404,-0.0,0.0,-0.0,0.0
58.79641,"[194.0034637451172, 5.3666582107543945, 0.0]","[452.23663330078125, 4.5, 0.0]",0.0028841216576815463,15.657829284667969,-0.07519272207279293,255.94956646525654,15.634801744054672,-0.0,0.0,-0.0,0.0
58.816751,"[194.00355529785156, 5.366645812988281, 0.0]","[452.5508117675781, 4.5, 0.0]",0.004387900323771248,15.675830841064453,0.07518893330448508,256.25990987035516,15.654945163010288,-0.0,0.0,-0.0,0.0
58.836098,"[194.0034942626953, 5.366653919219971, 0.0]","[452.8642272949219, 4.5, 0.0]",0.0028841325569187197,15.692719459533693,-0.07518838834262641,256.5714530329797,15.671442940740683,-0.0,0.0,-0.0,0.0
58.857727,"[194.0035858154297, 5.366641521453857, 0.0]","[453.1786804199219, 4.5, 0.0]",0.0043878626454628275,15.709663391113281,0.07518650442720538,256.88241036533947,15.689835326976775,-0.0,0.0,-0.0,0.0
58.878212,"[194.00352478027344, 5.366649627685547, 0.0]","[453.4931335449219, 4.5, 0.0]",0.0028841464259085356,15.726606369018555,-0.0751858109777146,257.19421742884924,15.70527552846782,-0.0,0.0,-0.0,0.0
58.896806,"[194.0036163330078, 5.366637229919434, 0.0]","[453.8074951171875, 4.5, 0.0]",0.004387869395296617,15.743544578552246,0.07518614846940405,257.5061997337992,15.723722222592647,-0.0,0.0,-0.0,0.0
58.915907,"[194.00355529785156, 5.366645336151123, 0.0]","[454.1229553222656, 4.5, 0.0]",0.0028841902680803305,15.759883880615234,-0.0751839563608143,257.81791165379616,15.73915670915695,-0.0,0.0,-0.0,0.0
58.936477,"[194.00364685058594, 5.36663293838501, 0.0]","[454.4373474121094, 4.5, 0.0]",0.004387911976969026,15.775187492370605,0.07518608544443478,258.1308971803868,15.756999690347154,-0.0,0.0,-0.0,0.0
58.956938,"[194.0035858154297, 5.366641044616699, 0.0]","[454.75213623046875, 4.5, 0.0]",0.0028842413937893874,15.790513038635256,-0.07518352915898192,258.4426307395544,15.770799580393636,-0.0,0.0,-0.0,0.0
58.975061,"[194.00367736816406, 5.366628646850586, 0.0]","[455.0694274902344, 4.5, 0.0]",0.0043879674653588795,15.80595970153809,0.0751863035784746,258.75495029018765,15.787628797241466,-0.0,0.0,-0.0,0.0
58.997929,"[194.0036163330078, 5.366636753082275, 0.0]","[455.3855895996094, 4.5, 0.0]",0.002884283533772937,15.821351051330566,-0.07518419657929712,259.0695724069839,15.80157173407273,-0.0,0.0,-0.0,0.0
59.015226,"[194.0037078857422, 5.366624355316162, 0.0]","[455.7015075683594, 4.5, 0.0]",0.004388011951983577,15.836209297180178,0.075186420910532,259.3832498834265,15.818466767796794,-0.0,0.0,-0.0,0.0
59.035865,"[194.00364685058594, 5.366632461547852, 0.0]","[456.01861572265625, 4.5, 0.0]",0.0028842918255562932,15.853667259216309,-0.07518600632136418,259.69649682007656,15.831821285228195,-0.0,0.0,-0.0,0.0
59.056682,"[194.0037384033203, 5.366620063781738, 0.0]","[456.3369445800781, 4.5, 0.0]",0.004388011211906734,15.861178398132328,0.07518596931752204,260.0111083799607,15.850782967390753,-0.0,0.0,-0.0,0.0
59.075534,"[194.00367736816406, 5.366628170013428, 0.0]","[456.6551818847656, 4.5, 0.0]",0.002884267558156687,15.882020950317383,-0.07518718268750237,260.3267638982761,15.856790386920421,-0.0,0.0,-0.0,0.0
59.096372,"[194.00376892089844, 5.3666157722473145, 0.0]","[456.9786071777344, 4.5, 0.0]",0.004388010225334248,15.889759063720703,0.07518713335887806,260.6424911643563,15.879136682759226,-0.0,0.0,-0.0,0.0
59.116341,"[194.0037078857422, 5.366623878479004, 0.0]","[457.2919921875, 4.5, 0.0]",0.0028842662184379955,15.91000747680664,-0.07518720034481263,260.96318465195634,15.88537105349537,-0.0,0.0,-0.0,0.0
59.136126,"[194.00379943847656, 5.366611480712891, 0.0]","[457.61370849609375, 4.5, 0.0]",0.0043880226810725466,15.916729927062988,0.07518782313172755,261.27411603378516,15.907123210588203,-0.0,0.0,-0.0,0.0
59.157196,"[194.0037384033203, 5.36661958694458, 0.0]","[457.927001953125, 4.5, 0.0]",0.002884287776251176,15.93643856048584,-0.07518674524106853,261.59313590316964,15.912341904381917,-0.0,0.0,-0.0,0.0
59.176494,"[194.0038299560547, 5.366607189178467, 0.0]","[458.2510986328125, 4.5, 0.0]",0.004388060283163009,15.943259239196777,0.07518862534559163,261.903959146175,15.93355427270959,-0.0,0.0,-0.0,0.0
59.195952,"[194.00376892089844, 5.366615295410156, 0.0]","[458.5712890625, 4.5, 0.0]",0.0028843244028195813,15.963254928588867,-0.07518679401717138,262.2253357995006,15.938871178913613,-0.0,0.0,-0.0,0.0
59.217266,"[194.0038604736328, 5.366603374481201, 0.0]","[458.89129638671875, 4.5, 0.0]",0.004388108254109493,15.969655036926273,0.07518919256449558,262.5430003424474,15.960370604186048,-0.0,0.0,-0.0,0.0
59.236364,"[194.00379943847656, 5.366611480712891, 0.0]","[459.21014404296875, 4.5, 0.0]",0.0028843589126404633,15.989001274108887,-0.07518746707345149,262.8603162800971,15.965266928672163,-0.0,0.0,-0.0,0.0
59.257308,"[194.00389099121094, 5.3665995597839355, 0.0]","[459.531005859375, 4.5, 0.0]",0.004388153906956361,15.99509048461914,0.0751897497157949,263.17664012009993,15.986116915196247,-0.0,0.0,-0.0,0.0
59.277709,"[194.0038299560547, 5.366607189178467, 0.0]","[459.8502197265625, 4.5, 0.0]",0.0028843907276822466,16.01445198059082,-0.07518815896370573,263.49481231050606,15.990702330712184,-0.0,0.0,-0.0,0.0
59.296659,"[194.00392150878906, 5.366595268249512, 0.0]","[460.1643371582031, 4.5, 0.0]",0.0043881917033789745,16.020275115966797,0.07519004878483639,263.8115167794338,16.011567589863137,-0.0,0.0,-0.0,0.0
59.316233,"[194.0038604736328, 5.366602897644043, 0.0]","[460.4920959472656, 4.5, 0.0]",0.0028844122739691814,16.039825439453125,-0.07518897147048965,264.12299459060046,16.01588692426342,-0.0,0.0,-0.0,0.0
59.338479,"[194.0039520263672, 5.366590976715088, 0.0]","[460.81201171875, 4.5, 0.0]",0.0043882204765121665,16.045522689819336,0.07519041012714925,264.44817504439993,16.036941027179157,-0.0,0.0,-0.0,0.0
59.35679,"[194.00389099121094, 5.366598606109619, 0.0]","[461.125732421875, 4.5, 0.0]",0.0028844269077593363,16.06431770324707,-0.07518967843764152,264.7653955947101,16.041134469342825,-0.0,0.0,-0.0,0.0
59.375903,"[194.0039825439453, 5.366587162017822, 0.0]","[461.449951171875, 4.5, 0.0]",0.004388243211520039,16.07018280029297,0.07519081518803515,265.07664681124544,16.06143327633931,-0.0,0.0,-0.0,0.0
59.395517,"[194.00392150878906, 5.3665947914123535, 0.0]","[461.7727355957031, 4.5, 0.0]",0.0028844386858233,16.089326858520508,-0.07519022628483696,265.39814440475163,16.06579455708145,-0.0,0.0,-0.0,0.0
59.416346,"[194.00401306152344, 5.366583347320557, 0.0]","[462.0924377441406, 4.5, 0.0]",0.00438825875001094,16.094934463500977,0.07519100320938202,265.7183817969377,16.086442419834686,-0.0,0.0,-0.0,0.0
59.435492,"[194.0039520263672, 5.366590976715088, 0.0]","[462.41619873046875, 4.5, 0.0]",0.0028844460432352324,16.11391258239746,-0.0751906353387854,266.03540799510677,16.090546204750964,-0.0,0.0,-0.0,0.0
59.457848,"[194.00404357910156, 5.366579532623291, 0.0]","[462.7371826171875, 4.5, 0.0]",0.004388267752430753,16.119447708129883,0.07519108545977601,266.3566008000362,16.111028136354225,-0.0,0.0,-0.0,0.0
59.475548,"[194.0039825439453, 5.366587162017822, 0.0]","[463.05804443359375, 4.5, 0.0]",0.002884451075795347,16.138315200805664,-0.07519083383177028,266.6748939358826,16.11505944037745,-0.0,0.0,-0.0,0.0
59.495969,"[194.0040740966797, 5.366575717926025, 0.0]","[463.3891296386719, 4.5, 0.0]",0.004388272884966299,16.144235610961914,0.07519109045854762,266.99322859394294,16.135430749729867,-0.0,0.0,-0.0,0.0
59.515901,"[194.00401306152344, 5.366582870483398, 0.0]","[463.7057800292969, 4.5, 0.0]",0.0028844531702067262,16.162899017333984,-0.07519098573797865,267.3215370863683,16.139847338076947,-0.0,0.0,-0.0,0.0
59.535052,"[194.0041046142578, 5.366571426391602, 0.0]","[464.0285339355469, 4.5, 0.0]",0.004388274118923618,16.17172622680664,0.07519104743584457,267.63569421935705,16.160014564163777,-0.0,0.0,-0.0,0.0
59.555975,"[194.00404357910156, 5.366578578948975, 0.0]","[464.3518371582031, 4.5, 0.0]",0.0028844534637622646,16.183908462524414,-0.07519103275806766,267.95575191102176,16.167337952687717,-0.0,0.0,-0.0,0.0
59.577683,"[194.00413513183594, 5.366567611694336, 0.0]","[464.6764831542969, 4.5, 0.0]",0.004388274114184485,16.196142196655273,0.07519103252111102,268.2765082015865,16.181024009060653,-0.0,0.0,-0.0,0.0
59.595357,"[194.0040740966797, 5.366574764251709, 0.0]","[465.00042724609375, 4.5, 0.0]",0.0028844536216619467,16.20834732055664,-0.07519102462612691,268.5984427783318,16.19175392254109,-0.0,0.0,-0.0,0.0
59.616513,"[194.00416564941406, 5.36656379699707, 0.0]","[465.3249816894531, 4.5, 0.0]",0.004388274409898818,16.220550537109375,0.07519103941184357,268.9198347675621,16.20546286693498,-0.0,0.0,-0.0,0.0
59.634942,"[194.0041046142578, 5.366570949554443, 0.0]","[465.649169921875, 4.5, 0.0]",0.0028844531074062162,16.23270034790039,-0.0751910651246301,269.2416785302123,16.216162262699477,-0.0,0.0,-0.0,0.0
59.657565,"[194.0041961669922, 5.366559982299805, 0.0]","[465.97509765625, 4.5, 0.0]",0.004388274557891063,16.244915008544922,0.07519107252424236,269.56331269036286,16.229815894792985,-0.0,0.0,-0.0,0.0
59.682044,"[194.00413513183594, 5.366567134857178, 0.0]","[466.2991943359375, 4.5, 0.0]",0.002884453161462417,16.257062911987305,-0.07519106982143231,269.88651866443934,16.240526733987032,-0.0,0.0,-0.0,0.0
59.697128,"[194.0042266845703, 5.366556167602539, 0.0]","[466.6233215332031, 4.5, 0.0]",0.004388274728410247,16.26921081542969,0.0751910783473915,270.2080620104948,16.25417845882584,-0.0,0.0,-0.0,0.0
59.716531,"[194.00416564941406, 5.366563320159912, 0.0]","[466.9516296386719, 4.5, 0.0]",0.002884452809498189,16.281478881835938,-0.07519109594560291,270.5294819740346,16.26482254070128,-0.0,0.0,-0.0,0.0
59.735811,"[194.00425720214844, 5.366552352905273, 0.0]","[467.28289794921875, 4.5, 0.0]",0.004388274780680392,16.29380226135254,0.07519109855911014,270.85520276846387,16.27859442902644,-0.0,0.0,-0.0,0.0
59.758509,"[194.0041961669922, 5.3665595054626465, 0.0]","[467.60406494140625, 4.5, 0.0]",0.002884452848416694,16.30575180053711,-0.07519109661318489,271.18370623142016,16.28941398657186,-0.0,0.0,-0.0,0.0
59.7755,"[194.00428771972656, 5.366548538208008, 0.0]","[467.9337463378906, 4.5, 0.0]",0.00438827454610245,16.318017959594727,0.07519108488428779,271.502343526433,16.302867347688693,-0.0,0.0,-0.0,0.0
59.797689,"[194.0042266845703, 5.366555690765381, 0.0]","[468.2567138671875, 4.5, 0.0]",0.0028844530992919847,16.330032348632812,-0.07519107234052326,271.82927287840783,16.313629685048625,-0.0,0.0,-0.0,0.0
59.817136,"[194.0043182373047, 5.366544723510742, 0.0]","[468.5882263183594, 4.5, 0.0]",0.004388274397291011,16.342287063598633,0.07519106489995131,272.1496961839572,16.32714789553352,-0.0,0.0,-0.0,0.0
59.835799,"[194.00425720214844, 5.366551876068115, 0.0]","[468.909423828125, 4.5, 0.0]",0.0028844530673663607,16.354055404663086,-0.07519106649623251,272.47844181783375,16.337898789201343,-0.0,0.0,-0.0,0.0
59.85953,"[194.0043487548828, 5.366540908813477, 0.0]","[469.23687744140625, 4.5, 0.0]",0.004388274889274441,16.366052627563477,0.075191091095404,272.7971093842116,16.35117095159572,-0.0,0.0,-0.0,0.0
59.875527,"[194.00428771972656, 5.36654806137085, 0.0]","[469.5638122558594, 4.5, 0.0]",0.002884452705232058,16.378028869628906,-0.07519110920211913,273.1218289265394,16.361664352674204,-0.0,0.0,-0.0,0.0
59.896303,"[194.00437927246094, 5.366537094116211, 0.0]","[469.8914489746094, 4.5, 0.0]",0.004388274599083388,16.390033721923828,0.0751910946925665,273.44618750954237,16.375144416923675,-0.0,0.0,-0.0,0.0
59.916642,"[194.0043182373047, 5.366544246673584, 0.0]","[470.22003173828125, 4.5, 0.0]",0.0028844527066677725,16.40194320678711,-0.07519109462078077,273.7710886800604,16.385645447324745,-0.0,0.0,-0.0,0.0
59.936406,"[194.00440979003906, 5.366533279418945, 0.0]","[470.553466796875, 4.5, 0.0]",0.004388274848634051,16.413835525512695,0.07519110709831393,274.0970819167749,16.399058754080443,-0.0,0.0,-0.0,0.0
59.960913,"[194.0043487548828, 5.366540431976318, 0.0]","[470.8751525878906, 4.5, 0.0]",0.0028844529105559406,16.42864418029785,-0.07519109690390553,274.42773464664816,16.409447250664062,-0.0,0.0,-0.0,0.0
59.975287,"[194.0044403076172, 5.36652946472168, 0.0]","[471.2089538574219, 4.5, 0.0]",0.00438827495321989,16.433879852294922,0.07519110213319749,274.7468865548664,16.425759727387295,-0.0,0.0,-0.0,0.0
59.996419,"[194.00437927246094, 5.366536617279053, 0.0]","[471.5400390625, 4.5, 0.0]",0.002884452723875809,16.45235824584961,-0.07519111146720406,275.07790254112,16.4294915773417,-0.0,0.0,-0.0,0.0
60.015936,"[194.0044708251953, 5.366525650024414, 0.0]","[471.8695373535156, 4.5, 0.0]",0.004388274893557474,16.457262039184574,0.07519110848408324,275.4063780297668,16.449473793125733,-0.0,0.0,-0.0,0.0
60.036486,"[194.00440979003906, 5.366532802581787, 0.0]","[472.19305419921875, 4.5, 0.0]",0.0028844527618940184,16.47504997253418,-0.07519110658317277,275.73312575355146,16.452873764291017,-0.0,0.0,-0.0,0.0
60.058228,"[194.00450134277344, 5.366521835327148, 0.0]","[472.522216796875, 4.5, 0.0]",0.004388275307588991,16.47969627380371,0.07519112728474864,276.0540939436714,16.472165519772286,-0.0,0.0,-0.0,0.0
60.075307,"[194.0044403076172, 5.3665289878845215, 0.0]","[472.85076904296875, 4.5, 0.0]",0.0028844520827409174,16.497657775878906,-0.07519116124240369,276.38050868244073,16.47530799849612,-0.0,0.0,-0.0,0.0
60.098282,"[194.00453186035156, 5.366518020629883, 0.0]","[473.181640625, 4.5, 0.0]",0.00438827553797733,16.502363204956055,0.07519117276182062,276.70647164779024,16.494773323796164,-0.0,0.0,-0.0,0.0
60.120036,"[194.0044708251953, 5.366525173187256, 0.0]","[473.5147399902344, 4.5, 0.0]",0.0028844517290287754,16.52029800415039,-0.07519119044742772,277.03458158300117,16.497974929418078,-0.0,0.0,-0.0,0.0
60.136981,"[194.0045623779297, 5.366514205932617, 0.0]","[473.843505859375, 4.5, 0.0]",0.004388275710445024,16.524486541748047,0.07519119907081241,277.3650549817398,16.517413552421363,-0.0,0.0,-0.0,0.0
60.157125,"[194.00450134277344, 5.36652135848999, 0.0]","[474.1720886230469, 4.5, 0.0]",0.002884452082123438,16.54200553894043,-0.07519118141607929,277.6910761927638,16.520098266037603,-0.0,0.0,-0.0,0.0
60.175603,"[194.0045928955078, 5.366510391235352, 0.0]","[474.5024108886719, 4.5, 0.0]",0.004388275594088963,16.546245574951172,0.07519117559827627,278.0170694294783,16.539121086858305,-0.0,0.0,-0.0,0.0
60.195859,"[194.00453186035156, 5.366517543792725, 0.0]","[474.8348083496094, 4.5, 0.0]",0.0028844518761476216,16.563892364501953,-0.0751911858970671,278.3446344801187,16.541857299357083,-0.0,0.0,-0.0,0.0
60.215408,"[194.00462341308594, 5.366506576538086, 0.0]","[475.16668701171875, 4.5, 0.0]",0.004388276028441056,16.568042755126953,0.07519120761467171,278.6744116374617,16.561007912625804,-0.0,0.0,-0.0,0.0
60.237598,"[194.0045623779297, 5.366513729095459, 0.0]","[475.4979248046875, 4.5, 0.0]",0.002884451618059163,16.58530044555664,-0.07519122051909465,279.0035205277185,16.563654479098513,-0.0,0.0,-0.0,0.0
60.256721,"[194.00465393066406, 5.36650276184082, 0.0]","[475.82904052734375, 4.5, 0.0]",0.004388276203992778,16.589218139648438,0.07519122929668076,279.3321473731904,16.582415993938582,-0.0,0.0,-0.0,0.0
60.275977,"[194.0045928955078, 5.366509914398193, 0.0]","[476.1614074707031, 4.5, 0.0]",0.0028844513776156064,16.60651206970215,-0.0751912413188586,279.6604994793216,16.584829863444444,-0.0,0.0,-0.0,0.0
60.296279,"[194.0046844482422, 5.366498947143555, 0.0]","[476.4945373535156, 4.5, 0.0]",0.004388276127114507,16.61049461364746,0.07519123747494504,279.9902463652995,16.603627618324534,-0.0,0.0,-0.0,0.0
60.320446,"[194.00462341308594, 5.366506099700928, 0.0]","[476.82574462890625, 4.5, 0.0]",0.002884451081087261,16.627700805664062,-0.07519125230136231,280.3205963815224,16.606106337520348,-0.0,0.0,-0.0,0.0
60.335375,"[194.0047149658203, 5.366495132446289, 0.0]","[477.158203125, 4.5, 0.0]",0.004388276725890716,16.63153648376465,0.07519128224017271,280.6491929556293,16.624816354582975,-0.0,0.0,-0.0,0.0
60.357085,"[194.00465393066406, 5.366502285003662, 0.0]","[477.49188232421875, 4.5, 0.0]",0.0028844505634872033,16.648746490478516,-0.07519130812017562,280.9788770018217,16.627148207038758,-0.0,0.0,-0.0,0.0
60.376163,"[194.00474548339844, 5.366491317749023, 0.0]","[477.8242492675781, 4.5, 0.0]",0.004388276861559497,16.652576446533203,0.0751913149036147,281.30992555649584,16.645862039915027,-0.0,0.0,-0.0,0.0
60.396196,"[194.0046844482422, 5.3664984703063965, 0.0]","[478.15863037109375, 4.5, 0.0]",0.002884450739628893,16.669809341430664,-0.07519130609653021,281.6395187885931,16.648188169671645,-0.0,0.0,-0.0,0.0
60.422131,"[194.00477600097656, 5.366487503051758, 0.0]","[478.49169921875, 4.5, 0.0]",0.004388276734594462,16.67376136779785,0.07519129974827843,281.97126358466284,16.666924890691035,-0.0,0.0,-0.0,0.0
60.43542,"[194.0047149658203, 5.366494655609131, 0.0]","[478.8232421875, 4.5, 0.0]",0.002884450911733651,16.691146850585938,-0.07519129114304053,282.3015530581557,16.669373091063257,-0.0,0.0,-0.0,0.0
60.45699,"[194.0048065185547, 5.366483688354492, 0.0]","[479.1593322753906, 4.5, 0.0]",0.004388276881699493,16.69867515563965,0.07519129849829209,282.63048261727795,16.688262399674205,-0.0,0.0,-0.0,0.0
60.47629,"[194.00474548339844, 5.366490840911865, 0.0]","[479.4930725097656, 4.5, 0.0]",0.002884450543511614,16.709463119506836,-0.07519131690939394,282.96376895590856,16.69428687875795,-0.0,0.0,-0.0,0.0
60.495456,"[194.0048370361328, 5.366479873657227, 0.0]","[479.8282165527344, 4.5, 0.0]",0.004388277309736043,16.72029685974121,0.07519133831122143,283.29487805331274,16.706578668963324,-0.0,0.0,-0.0,0.0
60.517122,"[194.00477600097656, 5.3664870262146, 0.0]","[480.1634216308594, 4.5, 0.0]",0.002884450283049245,16.731433868408203,-0.07519135133433989,283.6272259796275,16.715908582431474,-0.0,0.0,-0.0,0.0
60.539375,"[194.00486755371094, 5.366476058959961, 0.0]","[480.4957580566406, 4.5, 0.0]",0.004388277345331002,16.742916107177734,0.07519135311408785,283.95978810255303,16.728549418125155,-0.0,0.0,-0.0,0.0
60.557453,"[194.0048065185547, 5.366483211517334, 0.0]","[480.8299865722656, 4.5, 0.0]",0.002884450178246802,16.754465103149414,-0.07519135835421,284.2893510632852,16.738527829832403,-0.0,0.0,-0.0,0.0
60.575823,"[194.00489807128906, 5.366472244262695, 0.0]","[481.1700744628906, 4.5, 0.0]",0.0043882772658729195,16.766216278076172,0.07519135438130586,284.6209445025299,16.751580652971167,-0.0,0.0,-0.0,0.0
60.595598,"[194.0048370361328, 5.366479396820068, 0.0]","[481.50341796875, 4.5, 0.0]",0.0028844502431652794,16.777734756469727,-0.075191351135382,284.95819638997915,16.7618280008103,-0.0,0.0,-0.0,0.0
60.616969,"[194.0049285888672, 5.36646842956543, 0.0]","[481.83917236328125, 4.5, 0.0]",0.004388277414026314,16.78985404968262,0.07519135854305176,285.28891195963797,16.77485030622656,-0.0,0.0,-0.0,0.0
60.636737,"[194.00486755371094, 5.366475582122803, 0.0]","[482.17706298828125, 4.5, 0.0]",0.0028844500328743176,16.80282974243164,-0.07519136905759984,285.62186531325324,16.785465772268594,-0.0,0.0,-0.0,0.0
60.656821,"[194.0049591064453, 5.366464614868164, 0.0]","[482.5113830566406, 4.5, 0.0]",0.004388277612803247,16.8156681060791,0.07519137899644646,285.95709131630116,16.799945292398768,-0.0,0.0,-0.0,0.0
60.676726,"[194.00489807128906, 5.366471767425537, 0.0]","[482.84869384765625, 4.5, 0.0]",0.002884450252397145,16.828622817993164,-0.07519136802030509,286.28862191576025,16.811279828466297,-0.0,0.0,-0.0,0.0
60.6965,"[194.00498962402344, 5.366460800170898, 0.0]","[483.18505859375, 4.5, 0.0]",0.004388277114200532,16.841541290283203,0.07519134309016935,286.62327276287266,16.825738367740765,-0.0,0.0,-0.0,0.0
60.716418,"[194.0049285888672, 5.3664679527282715, 0.0]","[483.52203369140625, 4.5, 0.0]",0.002884450324346708,16.85453224182129,-0.0751913394926912,286.9568315437885,16.837153013169004,-0.0,0.0,-0.0,0.0
60.735551,"[194.00502014160156, 5.366456985473633, 0.0]","[483.8589172363281, 4.5, 0.0]",0.0043882774408639785,16.867595672607422,0.07519135582586352,287.2911494058856,16.85164779149694,-0.0,0.0,-0.0,0.0
60.760317,"[194.0049591064453, 5.366464138031006, 0.0]","[484.19635009765625, 4.5, 0.0]",0.0028844501275233614,16.880678176879883,-0.07519136566703084,287.62522280000695,16.863207395166558,-0.0,0.0,-0.0,0.0
60.77713,"[194.0050506591797, 5.366453170776367, 0.0]","[484.5406188964844, 4.5, 0.0]",0.004388277587140633,16.894027709960938,0.07519137298086359,287.9599947325795,16.87779372675236,-0.0,0.0,-0.0,0.0
60.797205,"[194.00498962402344, 5.36646032333374, 0.0]","[484.8792724609375, 4.5, 0.0]",0.002884450201955864,16.907161712646484,-0.07519136925923846,288.30139379703746,16.889639432373798,-0.0,0.0,-0.0,0.0
60.817624,"[194.0050811767578, 5.366449356079102, 0.0]","[485.21826171875, 4.5, 0.0]",0.004388278185395109,16.920072555541992,0.07519139917196223,288.6373765842111,16.904277262444527,-0.0,0.0,-0.0,0.0
60.837189,"[194.00502014160156, 5.366456508636475, 0.0]","[485.5479736328125, 4.5, 0.0]",0.0028844494663455927,16.93231773376465,-0.07519143595247581,288.97353870251936,16.915684277356597,-0.0,0.0,-0.0,0.0
60.856756,"[194.00511169433594, 5.366445541381836, 0.0]","[485.8870849609375, 4.5, 0.0]",0.004388278102109556,16.94491195678711,0.07519143178819816,289.30065197973994,16.9294332842983,-0.0,0.0,-0.0,0.0
60.876453,"[194.0050506591797, 5.366452693939209, 0.0]","[486.2343444824219, 4.5, 0.0]",0.0028844494496384114,16.961143493652344,-0.07519143262355722,289.6369351835082,16.940523678685,-0.0,0.0,-0.0,0.0
60.895596,"[194.00514221191406, 5.36644172668457, 0.0]","[486.5677185058594, 4.5, 0.0]",0.004388278483298175,16.96685791015625,0.07519145168298816,289.9814544956197,16.958259044202705,-0.0,0.0,-0.0,0.0
60.919493,"[194.0050811767578, 5.366448879241943, 0.0]","[486.9048156738281, 4.5, 0.0]",0.002884449408415679,16.985858917236328,-0.07519145374412478,290.31204668276285,16.962469631672953,-0.0,0.0,-0.0,0.0
60.936659,"[194.0051727294922, 5.366437911987305, 0.0]","[487.2442626953125, 4.5, 0.0]",0.004388278226771286,16.9913272857666,0.07519144091778032,290.64648563032006,16.982974467827912,-0.0,0.0,-0.0,0.0
60.957566,"[194.00511169433594, 5.366445064544678, 0.0]","[487.593505859375, 4.5, 0.0]",0.0028844494542098306,17.010480880737305,-0.07519143862807275,290.9831018191037,16.98693900753983,-0.0,0.0,-0.0,0.0
60.975814,"[194.0052032470703, 5.366434097290039, 0.0]","[487.9346618652344, 4.5, 0.0]",0.004388277999372334,17.016010284423828,0.07519142725812518,291.3295887699419,17.007596431283094,-0.0,0.0,-0.0,0.0
60.996094,"[194.00514221191406, 5.366441249847412, 0.0]","[488.2742614746094, 4.5, 0.0]",0.0028844493968843065,17.034820556640625,-0.0751914301244014,291.66790015516716,17.011622006424457,-0.0,0.0,-0.0,0.0
61.016918,"[194.00523376464844, 5.366430282592773, 0.0]","[488.61566162109375, 4.5, 0.0]",0.00438827840998268,17.040235519409183,0.0751914506549187,292.0048213546566,17.03193610724374,-0.0,0.0,-0.0,0.0
61.036378,"[194.0051727294922, 5.3664374351501465, 0.0]","[488.9551086425781, 4.5, 0.0]",0.002884449081764664,17.058752059936523,-0.07519146641090083,292.343374910802,17.0358472409992,-0.0,0.0,-0.0,0.0
61.057845,"[194.00526428222656, 5.366426467895508, 0.0]","[489.2967224121094, 4.5, 0.0]",0.004388278521853319,17.064008712768555,0.07519147200443276,292.6801447534664,17.055867610854758,-0.0,0.0,-0.0,0.0
61.075713,"[194.0052032470703, 5.366433620452881, 0.0]","[489.6307678222656, 4.5, 0.0]",0.0028844489231272218,17.082338333129883,-0.07519147993630486,293.018910209167,17.0596204342467,-0.0,0.0,-0.0,0.0
61.097347,"[194.0052947998047, 5.366422653198242, 0.0]","[489.9751892089844, 4.5, 0.0]",0.004388278658932585,17.087692260742188,0.07519148679026819,293.3503220202215,17.079453884206757,-0.0,0.0,-0.0,0.0
61.117018,"[194.00523376464844, 5.366429805755615, 0.0]","[490.3171081542969, 4.5, 0.0]",0.0028844490025341975,17.106245040893555,-0.07519148281991939,293.6918724415046,17.083303982083255,-0.0,0.0,-0.0,0.0
61.14015,"[194.0053253173828, 5.366418838500977, 0.0]","[490.6588134765625, 4.5, 0.0]",0.00438827838444753,17.11137580871582,0.07519146909566662,294.03109426473617,17.103360591891022,-0.0,0.0,-0.0,0.0
61.156394,"[194.00526428222656, 5.36642599105835, 0.0]","[490.9975891113281, 4.5, 0.0]",0.0028844492739238514,17.129743576049805,-0.07519145552618393,294.3699505345319,17.106987530331374,-0.0,0.0,-0.0,0.0
61.176268,"[194.00535583496094, 5.366415023803711, 0.0]","[491.3412170410156, 4.5, 0.0]",0.004388278344638825,17.13494300842285,0.07519145353574869,294.70605440716565,17.12685912677588,-0.0,0.0,-0.0,0.0
61.195447,"[194.0052947998047, 5.366422176361084, 0.0]","[491.6858825683594, 4.5, 0.0]",0.002884449260375634,17.153512954711914,-0.07519145421315955,295.04681777295804,17.130554730078213,-0.0,0.0,-0.0,0.0
61.215894,"[194.00538635253906, 5.366411209106445, 0.0]","[492.0296630859375, 4.5, 0.0]",0.004388278709380884,17.1586971282959,0.07519147245026248,295.3887640190421,17.15062850545154,-0.0,0.0,-0.0,0.0
61.235993,"[194.0053253173828, 5.366418361663818, 0.0]","[492.3720703125, 4.5, 0.0]",0.002884448988735244,17.177135467529297,-0.075191486032282,295.7296787416597,17.154308849586517,-0.0,0.0,-0.0,0.0
61.263675,"[194.0054168701172, 5.36640739440918, 0.0]","[492.714599609375, 4.5, 0.0]",0.004388279121163105,17.1822452545166,0.07519150662139305,296.0693849067317,17.174251018540563,-0.0,0.0,-0.0,0.0
61.275543,"[194.00535583496094, 5.366414546966553, 0.0]","[493.0570983886719, 4.5, 0.0]",0.00288444841103515,17.200687408447266,-0.07519153550639775,296.40905850338316,17.17785697539544,-0.0,0.0,-0.0,0.0
61.295814,"[194.0054473876953, 5.366403579711914, 0.0]","[493.41143798828125, 4.5, 0.0]",0.004388279223098101,17.206201553344727,0.07519154060314755,296.74885548255025,17.19780296003623,-0.0,0.0,-0.0,0.0
61.316489,"[194.00538635253906, 5.366410732269287, 0.0]","[493.75634765625, 4.5, 0.0]",0.0028844483661524035,17.224712371826172,-0.07519154284728487,297.1002440974674,17.20181327412163,-0.0,0.0,-0.0,0.0
61.337175,"[194.00547790527344, 5.366399765014648, 0.0]","[494.100830078125, 4.5, 0.0]",0.004388279613815045,17.229850769042983,0.07519156238313207,297.4424325144717,17.22182792346002,-0.0,0.0,-0.0,0.0
61.360984,"[194.0054168701172, 5.3664069175720215, 0.0]","[494.44525146484375, 4.5, 0.0]",0.002884447755933777,17.248323440551758,-0.0751915928940634,297.7840434784849,17.22546248942917,-0.0,0.0,-0.0,0.0
61.375442,"[194.00550842285156, 5.366395950317383, 0.0]","[494.78790283203125, 4.5, 0.0]",0.00438827995418233,17.25673484802246,0.07519160991242763,298.1257475536487,17.245438992795822,-0.0,0.0,-0.0,0.0
61.395347,"[194.0054473876953, 5.366403102874756, 0.0]","[495.1283264160156, 4.5, 0.0]",0.0028844475776451848,17.26506805419922,-0.07519161882685724,298.46554223576027,17.25234656806828,-0.0,0.0,-0.0,0.0
61.416949,"[194.0055389404297, 5.366392135620117, 0.0]","[495.4801330566406, 4.5, 0.0]",0.004388279689046746,17.283781051635742,0.07519160557007806,298.8032807621055,17.262183606621573,-0.0,0.0,-0.0,0.0
61.436216,"[194.00547790527344, 5.36639928817749, 0.0]","[495.8253479003906, 4.5, 0.0]",0.0028844479078275727,17.28891372680664,-0.07519158906095866,299.1521568537254,17.279392771946696,-0.0,0.0,-0.0,0.0
61.456418,"[194.0055694580078, 5.366388320922852, 0.0]","[496.1717224121094, 4.5, 0.0]",0.0043882799925969995,17.30742073059082,0.07519160423847134,299.49464798437987,17.286029278898813,-0.0,0.0,-0.0,0.0
61.476015,"[194.00550842285156, 5.366395473480225, 0.0]","[496.5181884765625, 4.5, 0.0]",0.002884447571692656,17.312597274780273,-0.07519162104521718,299.8381357730248,17.303032450598224,-0.0,0.0,-0.0,0.0
61.496999,"[194.00559997558594, 5.366384506225586, 0.0]","[496.8660888671875, 4.5, 0.0]",0.004388280066844288,17.331157684326172,0.07519162475758162,300.1818680296455,17.309712827208582,-0.0,0.0,-0.0,0.0
61.517278,"[194.0055389404297, 5.366391658782959, 0.0]","[497.2065124511719, 4.5, 0.0]",0.002884447352370104,17.336124420166016,-0.07519163572370921,300.5268693865418,17.326769404259327,-0.0,0.0,-0.0,0.0
61.535632,"[194.00563049316406, 5.36638069152832, 0.0]","[497.5587463378906, 4.5, 0.0]",0.004388280372320026,17.354825973510742,0.0751916509974961,300.864607912887,17.333239972813647,-0.0,0.0,-0.0,0.0
61.556654,"[194.0055694580078, 5.366387844085693, 0.0]","[497.9060363769531, 4.5, 0.0]",0.0028844472226889043,17.360021591186523,-0.07519165748155608,301.21390780361725,17.35043769313842,-0.0,0.0,-0.0,0.0
61.576562,"[194.0056610107422, 5.366376876831055, 0.0]","[498.2534484863281, 4.5, 0.0]",0.004388280733827684,17.378559112548828,0.07519167555693898,301.55845738709365,17.357137143963836,-0.0,0.0,-0.0,0.0
61.597042,"[194.00559997558594, 5.366384029388428, 0.0]","[498.6022033691406, 4.5, 0.0]",0.0028844469114618415,17.383804321289062,-0.07519169111829213,301.9029744021496,17.374170831815,-0.0,0.0,-0.0,0.0
61.617487,"[194.0056915283203, 5.366373062133789, 0.0]","[498.9507141113281, 4.5, 0.0]",0.004388280346777849,17.40239143371582,0.07519167176580038,302.24897701114725,17.3809198743776,-0.0,0.0,-0.0,0.0
61.63535,"[194.00563049316406, 5.366380214691162, 0.0]","[499.2963562011719, 4.5, 0.0]",0.0028844471486258647,17.40756225585938,-0.07519165990759921,302.59458379534414,17.398003153369043,-0.0,0.0,-0.0,0.0
61.656355,"[194.00572204589844, 5.366369247436523, 0.0]","[499.6450500488281, 4.5, 0.0]",0.004388279854774991,17.42617416381836,0.07519163530745633,302.9374987251091,17.40467780871075,-0.0,0.0,-0.0,0.0
61.676809,"[194.0056610107422, 5.3663763999938965, 0.0]","[499.9945983886719, 4.5, 0.0]",0.0028844476686226265,17.43147850036621,-0.07519160930761824,303.28328713749613,17.421785883963583,-0.0,0.0,-0.0,0.0
61.699814,"[194.00575256347656, 5.366365432739258, 0.0]","[500.33746337890625, 4.5, 0.0]",0.00438827994843724,17.449892044067383,0.0751916139907307,303.63007680198456,17.428594052697587,-0.0,0.0,-0.0,0.0
61.718029,"[194.0056915283203, 5.366372585296631, 0.0]","[500.6932373046875, 4.5, 0.0]",0.0028844477105606915,17.455434799194336,-0.07519161189382743,303.97008338365134,17.445503764118946,-0.0,0.0,-0.0,0.0
61.736584,"[194.0057830810547, 5.366361618041992, 0.0]","[501.0429992675781, 4.5, 0.0]",0.004388280198128439,17.47414207458496,0.07519162437838735,304.32304840660544,17.452550351483776,-0.0,0.0,-0.0,0.0
61.756995,"[194.00572204589844, 5.366368770599365, 0.0]","[501.3910827636719, 4.5, 0.0]",0.0028844473891977917,17.479454040527344,-0.07519164044653234,304.6698963167685,17.469753794386833,-0.0,0.0,-0.0,0.0
61.776702,"[194.0058135986328, 5.366357803344727, 0.0]","[501.73626708984375, 4.5, 0.0]",0.004388280446461377,17.498004913330078,0.07519165286317926,305.0152329557356,17.476569593138144,-0.0,0.0,-0.0,0.0
61.795982,"[194.00575256347656, 5.3663649559021, 0.0]","[502.0859375, 4.5, 0.0]",0.0028844472385709708,17.50670623779297,-0.07519166039452031,305.3575401611444,17.493616632883615,-0.0,0.0,-0.0,0.0
61.817001,"[194.00584411621094, 5.366353988647461, 0.0]","[502.4356994628906, 4.5, 0.0]",0.004388280400815333,17.518766403198242,0.0751916581122181,305.704450911093,17.503821790554397,-0.0,0.0,-0.0,0.0
61.836792,"[194.0057830810547, 5.366361141204834, 0.0]","[502.79205322265625, 4.5, 0.0]",0.0028844471849833893,17.531089782714844,-0.07519166079159717,306.051298821256,17.514378122797428,-0.0,0.0,-0.0,0.0
61.857084,"[194.00587463378906, 5.366350173950195, 0.0]","[503.13677978515625, 4.5, 0.0]",0.0043882800452358815,17.543010711669922,0.07519164301262461,306.4048390001456,17.52820533552986,-0.0,0.0,-0.0,0.0
61.878705,"[194.0058135986328, 5.366357326507568, 0.0]","[503.4936828613281, 4.5, 0.0]",0.0028844476694070797,17.55535316467285,-0.07519161879144008,306.74669213507906,17.538622431624685,-0.0,0.0,-0.0,0.0
61.896264,"[194.0059051513672, 5.36634635925293, 0.0]","[503.8468017578125, 4.5, 0.0]",0.004388280002320424,17.567564010620117,0.0751916166456672,307.10077719853916,17.552468717003446,-0.0,0.0,-0.0,0.0
61.917431,"[194.00584411621094, 5.366353511810303, 0.0]","[504.19866943359375, 4.5, 0.0]",0.002884447207721881,17.57973861694336,-0.07519163972992714,307.4509549588552,17.563175730617797,-0.0,0.0,-0.0,0.0
61.936296,"[194.0059356689453, 5.366342544555664, 0.0]","[504.5427551269531, 4.5, 0.0]",0.004388280284113355,17.591655731201172,0.0751916538195737,307.8000452470858,17.576854169735636,-0.0,0.0,-0.0,0.0
61.95748,"[194.00587463378906, 5.366349697113037, 0.0]","[504.9005432128906, 4.5, 0.0]",0.002884447331656169,17.604047775268555,-0.07519164762285928,308.1412626833536,17.587267450917057,-0.0,0.0,-0.0,0.0
61.977477,"[194.00596618652344, 5.366338729858398, 0.0]","[505.2538757324219, 4.5, 0.0]",0.004388280068503482,17.61628532409668,0.07519163684236564,308.4962256163995,17.6011633279369,-0.0,0.0,-0.0,0.0
61.997929,"[194.0059051513672, 5.3663458824157715, 0.0]","[505.59979248046875, 4.5, 0.0]",0.0028844473647662927,17.628265380859375,-0.07519163518685947,308.84661527627077,17.611897044028176,-0.0,0.0,-0.0,0.0
62.016765,"[194.00599670410156, 5.366334915161133, 0.0]","[505.958984375, 4.5, 0.0]",0.004388280474933704,17.640695571899414,0.07519165550837056,309.18980264832095,17.625380933494608,-0.0,0.0,-0.0,0.0
62.036725,"[194.0059356689453, 5.366342067718506, 0.0]","[506.312255859375, 4.5, 0.0]",0.002884446924217287,17.65290641784668,-0.07519167753582084,309.5460044102774,17.63630729142448,-0.0,0.0,-0.0,0.0
62.056289,"[194.0060272216797, 5.366331100463867, 0.0]","[506.66375732421875, 4.5, 0.0]",0.004388280978940891,17.665056228637695,0.07519170273618017,309.8964871812993,17.650021970922463,-0.0,0.0,-0.0,0.0
62.076209,"[194.00596618652344, 5.36633825302124, 0.0]","[507.0115966796875, 4.5, 0.0]",0.0028844466144654357,17.677080154418945,-0.07519171822377274,310.24506055926884,17.660667947658755,-0.0,0.0,-0.0,0.0
62.096274,"[194.0060577392578, 5.366327285766602, 0.0]","[507.3719482421875, 4.5, 0.0]",0.004388281206789746,17.68953514099121,0.07519172961621551,310.5901550273158,17.67419570780448,-0.0,0.0,-0.0,0.0
62.117417,"[194.00599670410156, 5.366334438323975, 0.0]","[507.7270202636719, 4.5, 0.0]",0.002884446292146965,17.7017822265625,-0.07519174573213903,310.9475071011433,17.68514685978442,-0.0,0.0,-0.0,0.0
62.136756,"[194.00608825683594, 5.366323471069336, 0.0]","[508.0798034667969, 4.5, 0.0]",0.0043882810867342074,17.713911056518555,0.0751917397293621,311.2997758827018,17.698897780270354,-0.0,0.0,-0.0,0.0
62.155591,"[194.0060272216797, 5.366330623626709, 0.0]","[508.4273681640625, 4.5, 0.0]",0.002884446777808062,17.725862503051758,-0.07519171544630728,311.6496206580025,17.70952277543182,-0.0,0.0,-0.0,0.0
62.175165,"[194.00611877441406, 5.36631965637207, 0.0]","[508.7825012207031, 4.5, 0.0]",0.004388280264091022,17.738073348999023,0.075191674314148,311.9944426837642,17.72297805627395,-0.0,0.0,-0.0,0.0
62.196178,"[194.0060577392578, 5.366326808929443, 0.0]","[509.14068603515625, 4.5, 0.0]",0.0028844469897538407,17.750389099121094,-0.07519166371685906,312.346618354172,17.733685068734932,-0.0,0.0,-0.0,0.0
62.215497,"[194.0061492919922, 5.366315841674805, 0.0]","[509.49224853515625, 4.5, 0.0]",0.004388280698396659,17.765785217285156,0.0751916854321409,312.7019748149633,17.74750465213134,-0.0,0.0,-0.0,0.0
62.235248,"[194.00608825683594, 5.366322994232178, 0.0]","[509.8541564941406, 4.5, 0.0]",0.0028844464496817915,17.771493911743164,-0.07519171243574335,313.05060873566293,17.76139693658676,-0.0,0.0,-0.0,0.0
62.256339,"[194.0061798095703, 5.366312026977539, 0.0]","[510.21099853515625, 4.5, 0.0]",0.004388281076164768,17.790367126464844,0.07519173132414883,313.40965830298757,17.768609465293483,-0.0,0.0,-0.0,0.0
62.27556,"[194.00611877441406, 5.366319179534912, 0.0]","[510.5587463378906, 4.5, 0.0]",0.0028844462507969363,17.79559326171875,-0.07519174126839158,313.76352916983694,17.78597884538868,-0.0,0.0,-0.0,0.0
62.29594,"[194.00621032714844, 5.366308212280273, 0.0]","[510.9230041503906, 4.5, 0.0]",0.004388281207039485,17.81471824645996,0.07519174781212745,314.1085328237888,17.792708815467954,-0.0,0.0,-0.0,0.0
62.315655,"[194.0061492919922, 5.3663153648376465, 0.0]","[511.2712097167969, 4.5, 0.0]",0.0028844462773525547,17.819936752319336,-0.07519174648434652,314.4697596323399,17.810329965252922,-0.0,0.0,-0.0,0.0
62.336561,"[194.00624084472656, 5.366304397583008, 0.0]","[511.63623046875, 4.5, 0.0]",0.004388281525080996,17.83902931213379,0.07519176238642207,314.81521735676716,17.817052306041983,-0.0,0.0,-0.0,0.0
62.359796,"[194.0061798095703, 5.366311550140381, 0.0]","[511.9927673339844, 4.5, 0.0]",0.002884446390483527,17.844499588012695,-0.07519175672987344,315.1772009494439,17.834641030608708,-0.0,0.0,-0.0,0.0
62.375168,"[194.0062713623047, 5.366300582885742, 0.0]","[512.3428955078125, 4.5, 0.0]",0.0043882814746943515,17.863086700439453,0.07519175421054121,315.5309227565237,17.841615141622214,-0.0,0.0,-0.0,0.0
62.395688,"[194.00621032714844, 5.366307735443115, 0.0]","[512.707763671875, 4.5, 0.0]",0.00288444574913635,17.868839263916016,-0.07519178627790007,315.878133923067,17.85869841896476,-0.0,0.0,-0.0,0.0
62.415219,"[194.0063018798828, 5.366296768188477, 0.0]","[513.0597534179688, 4.5, 0.0]",0.004388282483415297,17.887441635131836,0.07519183671394734,316.2401198127994,17.86595481816688,-0.0,0.0,-0.0,0.0
62.436467,"[194.00624084472656, 5.36630392074585, 0.0]","[513.4227294921875, 4.5, 0.0]",0.002884444874288842,17.89301109313965,-0.07519188045632273,316.5891775326093,17.88305335264842,-0.0,0.0,-0.0,0.0
62.45614,"[194.00633239746094, 5.366292953491211, 0.0]","[513.7799682617188, 4.5, 0.0]",0.0043882830197497,17.911720275878906,0.07519190727304288,316.94928659770994,17.89012664826536,-0.0,0.0,-0.0,0.0
62.476683,"[194.0062713623047, 5.366300106048584, 0.0]","[514.1383666992188, 4.5, 0.0]",0.0028844446046477233,17.917133331298828,-0.07519192075509883,317.3035509923047,17.907331992859156,-0.0,0.0,-0.0,0.0
62.497249,"[194.00636291503906, 5.366289138793945, 0.0]","[514.4991455078125, 4.5, 0.0]",0.004388283208499186,17.935964584350586,0.07519193019257316,317.6591193526512,17.914248886694182,-0.0,0.0,-0.0,0.0
62.516266,"[194.0063018798828, 5.366296291351318, 0.0]","[514.85791015625, 4.5, 0.0]",0.0028844444032310994,17.941259384155273,-0.07519194026340435,318.0168952255891,17.931576301142087,-0.0,0.0,-0.0,0.0
62.535893,"[194.0063934326172, 5.36628532409668, 0.0]","[515.2083740234375, 4.5, 0.0]",0.004388282996029548,17.95943832397461,0.07519192963992244,318.3728268423159,17.93837493975204,-0.0,0.0,-0.0,0.0
62.556892,"[194.00633239746094, 5.366292476654053, 0.0]","[515.570556640625, 4.5, 0.0]",0.0028844446833158734,17.964670181274414,-0.07519191563568374,318.72037099387455,17.95505004097858,-0.0,0.0,-0.0,0.0
62.575674,"[194.0064239501953, 5.366281509399414, 0.0]","[515.9268798828125, 4.5, 0.0]",0.00438828274557045,17.983041763305664,0.07519190311272884,319.0796930034844,17.961785736591096,-0.0,0.0,-0.0,0.0
62.600199,"[194.00636291503906, 5.366288661956787, 0.0]","[516.2869873046875, 4.5, 0.0]",0.0028844447073689294,17.988204956054688,-0.07519190191007605,319.43304925712835,17.978653480560094,-0.0,0.0,-0.0,0.0
62.616395,"[194.00645446777344, 5.366277694702148, 0.0]","[516.6461181640625, 4.5, 0.0]",0.004388282779500465,18.00642204284668,0.0751919036065768,319.79031281391633,17.985320511347318,-0.0,0.0,-0.0,0.0
62.634862,"[194.0063934326172, 5.3662848472595215, 0.0]","[517.0075073242188, 4.5, 0.0]",0.002884444733702041,18.010997772216797,-0.07519190228992122,320.14645403314285,18.002033760067178,-0.0,0.0,-0.0,0.0
62.657571,"[194.00648498535156, 5.366273880004883, 0.0]","[517.3663330078125, 4.5, 0.0]",0.004388283307806283,18.02882957458496,0.0751919287052121,320.504988987262,18.008113327483095,-0.0,0.0,-0.0,0.0
62.675951,"[194.0064239501953, 5.366281032562256, 0.0]","[517.7280883789062, 4.5, 0.0]",0.0028844444389565663,18.033414840698242,-0.07519194344248582,320.86082749283815,18.024441291277153,-0.0,0.0,-0.0,0.0
62.699673,"[194.0065155029297, 5.366270065307617, 0.0]","[518.0901489257812, 4.5, 0.0]",0.004388283484671454,18.051347732543945,0.07519195228574438,321.21972570333764,18.030530396259287,-0.0,0.0,-0.0,0.0
62.715971,"[194.00645446777344, 5.36627721786499, 0.0]","[518.4515380859375, 4.5, 0.0]",0.0028844443986795814,18.055524826049805,-0.07519195429959362,321.57877297360676,18.046959449059273,-0.0,0.0,-0.0,0.0
62.735444,"[194.0065460205078, 5.366266250610352, 0.0]","[518.8118896484375, 4.5, 0.0]",0.004388282964624901,18.07241439819336,0.07519192829726598,321.93730792772595,18.052640381651123,-0.0,0.0,-0.0,0.0
62.75579,"[194.00648498535156, 5.366273403167725, 0.0]","[519.173583984375, 4.5, 0.0]",0.0028844447189114593,18.07933807373047,-0.07519191228567208,322.2946600015535,18.068026115228733,-0.0,0.0,-0.0,0.0
62.775087,"[194.00657653808594, 5.366262435913086, 0.0]","[519.5343017578125, 4.5, 0.0]",0.004388282797583855,18.089570999145508,0.07519190393361978,322.6534976693229,18.076453629011557,-0.0,0.0,-0.0,0.0
62.796683,"[194.0065155029297, 5.366269588470459, 0.0]","[519.9044799804688, 4.5, 0.0]",0.0028844449718322743,18.10007095336914,-0.07519189128757904,323.01121299953087,18.085182716347923,-0.0,0.0,-0.0,0.0
62.815814,"[194.00660705566406, 5.36625862121582, 0.0]","[520.261474609375, 4.5, 0.0]",0.00438828240880185,18.10965919494629,0.0751918718484788,323.378466106778,18.097186508397307,-0.0,0.0,-0.0,0.0
62.834881,"[194.0065460205078, 5.366265773773193, 0.0]","[520.6212158203125, 4.5, 0.0]",0.0028844451474558676,18.118553161621094,-0.07519186306729914,323.73248833045244,18.105270912537488,-0.0,0.0,-0.0,0.0
62.858317,"[194.0066375732422, 5.366254806518555, 0.0]","[520.9845581054688, 4.5, 0.0]",0.004388282341239278,18.12753486633301,0.0751918596891705,324.0893886308601,18.11566871647364,-0.0,0.0,-0.0,0.0
62.878478,"[194.00657653808594, 5.366261959075928, 0.0]","[521.3475341796875, 4.5, 0.0]",0.0028844451641532693,18.13650894165039,-0.07519185885430041,324.44970729846045,18.123146583991772,-0.0,0.0,-0.0,0.0
62.896158,"[194.0066680908203, 5.366250991821289, 0.0]","[521.710205078125, 4.5, 0.0]",0.004388282996577488,18.14547348022461,0.07519189162121095,324.809816363561,18.133624496486238,-0.0,0.0,-0.0,0.0
62.917435,"[194.00660705566406, 5.366258144378662, 0.0]","[522.0818481445312, 4.5, 0.0]",0.002884444651261994,18.153884887695312,-0.07519191726577472,325.16946906113066,18.141085197228033,-0.0,0.0,-0.0,0.0
62.935753,"[194.00669860839844, 5.366247177124023, 0.0]","[522.435302734375, 4.5, 0.0]",0.00438828252220806,18.160842895507812,0.07519189354730331,325.5381751938991,18.15100044304405,-0.0,0.0,-0.0,0.0
62.95626,"[194.0066375732422, 5.3662543296813965, 0.0]","[522.7974853515625, 4.5, 0.0]",0.0028844449545659266,18.1679744720459,-0.07519187838210667,325.88868593923047,18.156454612985605,-0.0,0.0,-0.0,0.0
62.977217,"[194.00672912597656, 5.366243362426758, 0.0]","[523.1735229492188, 4.5, 0.0]",0.004388283245789359,18.175376892089844,0.07519191456117162,326.2480079488404,18.16509002709133,-0.0,0.0,-0.0,0.0
62.999252,"[194.0066680908203, 5.366250514984131, 0.0]","[523.5261840820312, 4.5, 0.0]",0.0028844443802313966,18.182321548461914,-0.07519194327789812,326.6209195042921,18.170988608844056,-0.0,0.0,-0.0,0.0
63.014991,"[194.0067596435547, 5.366239547729492, 0.0]","[523.8887329101562, 4.5, 0.0]",0.004388283590892974,18.188692092895508,0.07519196053307887,326.9707968480134,18.179437104081682,-0.0,0.0,-0.0,0.0
63.03568,"[194.00669860839844, 5.366246700286865, 0.0]","[524.2520751953125, 4.5, 0.0]",0.0028844438668725564,18.19390869140625,-0.07519198620102088,327.3303284601229,18.184303809304616,-0.0,0.0,-0.0,0.0
63.055417,"[194.0067901611328, 5.366235733032227, 0.0]","[524.6175537109375, 4.5, 0.0]",0.004388283672863743,18.199153900146484,0.07519199029955932,327.69080078160385,18.191024247539378,-0.0,0.0,-0.0,0.0
63.075271,"[194.00672912597656, 5.3662428855896, 0.0]","[524.9822387695312, 4.5, 0.0]",0.0028844436431538886,18.204389572143555,-0.07519200148549271,328.05323844475606,18.19476561647362,-0.0,0.0,-0.0,0.0
63.095466,"[194.00682067871094, 5.366231918334961, 0.0]","[525.3467407226562, 4.5, 0.0]",0.004388283842264218,18.20962142944336,0.07519200995551648,328.4150427062982,18.2015051285004,-0.0,0.0,-0.0,0.0
63.117035,"[194.0067596435547, 5.366239070892334, 0.0]","[525.7118530273438, 4.5, 0.0]",0.0028844437332677234,18.214099884033203,-0.07519200544982474,328.77651168576955,18.205233145601095,-0.0,0.0,-0.0,0.0
63.136385,"[194.00685119628906, 5.366228103637695, 0.0]","[526.0747680664062, 4.5, 0.0]",0.00438828391107676,18.217418670654297,0.07519200889045181,329.13873974642206,18.211215440299934,-0.0,0.0,-0.0,0.0
63.156826,"[194.0067901611328, 5.366235256195068, 0.0]","[526.4407958984375, 4.5, 0.0]",0.0028844436820642597,18.220766067504883,-0.07519201145062501,329.49863461491196,18.21303038674322,-0.0,0.0,-0.0,0.0
63.177831,"[194.0068817138672, 5.36622428894043, 0.0]","[526.8037109375, 4.5, 0.0]",0.004388284182282171,18.227418899536133,0.07519202501089557,329.8617708165153,18.21788162382282,-0.0,0.0,-0.0,0.0
63.195396,"[194.00682067871094, 5.366231441497803, 0.0]","[527.16845703125, 4.5, 0.0]",0.0028844429895226965,18.224088668823242,-0.07519205963797373,330.2216656850052,18.22303061535385,-0.0,0.0,-0.0,0.0
63.215373,"[194.0069122314453, 5.366220474243164, 0.0]","[527.5335083007812, 4.5, 0.0]",0.004388284749215179,18.233409881591797,0.07519208798462411,330.5835304892774,18.22120422583372,-0.0,0.0,-0.0,0.0
63.237934,"[194.00685119628906, 5.366227626800537, 0.0]","[527.9037475585938, 4.5, 0.0]",0.0028844427273720186,18.228391647338867,-0.075192101092158,330.94554435331924,18.229021596842582,-0.0,0.0,-0.0,0.0
63.256195,"[194.00694274902344, 5.366216659545898, 0.0]","[528.2691650390625, 4.5, 0.0]",0.00438828472512727,18.2366886138916,0.07519209988776257,331.31285800329636,18.225507204611496,-0.0,0.0,-0.0,0.0
63.278003,"[194.0068817138672, 5.3662238121032715, 0.0]","[528.6286010742188, 4.5, 0.0]",0.002884442837658576,18.231622695922855,-0.0751920943734347,331.6752351237185,18.232300329166474,-0.0,0.0,-0.0,0.0
63.296056,"[194.00697326660156, 5.366212844848633, 0.0]","[528.9999389648438, 4.5, 0.0]",0.004388284783318673,18.239946365356445,0.07519209728300486,332.0318327104759,18.228738253085197,-0.0,0.0,-0.0,0.0
63.319014,"[194.0069122314453, 5.366219997406006, 0.0]","[529.3580932617188, 4.5, 0.0]",0.0028844427539567643,18.234296798706055,-0.07519210146809543,332.4000824757134,18.235558080573128,-0.0,0.0,-0.0,0.0
63.335566,"[194.0070037841797, 5.366209030151367, 0.0]","[529.72900390625, 4.5, 0.0]",0.004388284505691011,18.24115562438965,0.07519208758671232,332.7554086651396,18.2314123559521,-0.0,0.0,-0.0,0.0
63.35674,"[194.00694274902344, 5.36621618270874, 0.0]","[530.0946655273438, 4.5, 0.0]",0.002884443050407841,18.234676361083984,-0.07519207276415849,333.12323463126677,18.236767339883958,-0.0,0.0,-0.0,0.0
63.375535,"[194.0070343017578, 5.366205215454102, 0.0]","[530.4515380859375, 4.5, 0.0]",0.004388284757735263,18.24152946472168,0.07519208536637108,333.4860075764898,18.231791918033576,-0.0,0.0,-0.0,0.0
63.395387,"[194.00697326660156, 5.366212368011475, 0.0]","[530.8162231445312, 4.5, 0.0]",0.002884442902237545,18.235050201416016,-0.07519209277488588,333.8399087147042,18.237141179963945,-0.0,0.0,-0.0,0.0
63.415494,"[194.00706481933594, 5.366201400756836, 0.0]","[531.18115234375, 4.5, 0.0]",0.004388285121313163,18.24144172668457,0.0751921109537809,334.20171297624637,18.232165758513776,-0.0,0.0,-0.0,0.0
63.434789,"[194.0070037841797, 5.366208553314209, 0.0]","[531.5452880859375, 4.5, 0.0]",0.002884442743041366,18.233797073364258,-0.07519211891358986,334.5636057548281,18.23705344156326,-0.0,0.0,-0.0,0.0
63.455926,"[194.00709533691406, 5.36619758605957, 0.0]","[531.9161987304688, 4.5, 0.0]",0.004388284963322031,18.239469528198242,0.07519211101403324,334.9248651317997,18.230912630621216,-0.0,0.0,-0.0,0.0
63.478337,"[194.0070343017578, 5.366204738616943, 0.0]","[532.2822875976562, 4.5, 0.0]",0.0028844424811632773,18.231819152832035,-0.07519212410793767,335.2926910979268,18.23508124323492,-0.0,0.0,-0.0,0.0
63.497433,"[194.0071258544922, 5.366193771362305, 0.0]","[532.6408081054688, 4.5, 0.0]",0.004388285280593173,18.237525939941406,0.07519213997149479,335.65588784226026,18.22893471035087,-0.0,0.0,-0.0,0.0
63.516021,"[194.00706481933594, 5.366200923919678, 0.0]","[533.0038452148438, 4.5, 0.0]",0.0028844420717994584,18.229507446289062,-0.07519216043968574,336.01142363418614,18.233137654660812,-0.0,0.0,-0.0,0.0
63.53534,"[194.0071563720703, 5.366189956665039, 0.0]","[533.367919921875, 4.5, 0.0]",0.0043882855358805765,18.234249114990234,0.0751921732040559,336.3715932420168,18.226623004217263,-0.0,0.0,-0.0,0.0
63.556142,"[194.00709533691406, 5.366197109222412, 0.0]","[533.734130859375, 4.5, 0.0]",0.0028844418787726195,18.225643157958984,-0.07519218285539785,336.73263842237776,18.229860829454353,-0.0,0.0,-0.0,0.0
63.576181,"[194.00718688964844, 5.366186141967773, 0.0]","[534.0999145507812, 4.5, 0.0]",0.00438828577651584,18.230375289916992,0.07519219488716102,337.0959562521713,18.22275871608021,-0.0,0.0,-0.0,0.0
63.596777,"[194.0071258544922, 5.3661932945251465, 0.0]","[534.4642333984375, 4.5, 0.0]",0.0028844415688124582,18.221778869628906,-0.07519221038516909,337.4586966289737,18.225987004140478,-0.0,0.0,-0.0,0.0
63.616333,"[194.00721740722656, 5.366182327270508, 0.0]","[534.8276977539062, 4.5, 0.0]",0.0043882863624507265,18.226215362548828,0.07519223968191341,337.82013763413556,18.218894428060093,-0.0,0.0,-0.0,0.0
63.634783,"[194.0071563720703, 5.366189479827881, 0.0]","[535.1907958984375, 4.5, 0.0]",0.0028844415405079316,18.21685028076172,-0.07519224109713975,338.18057738719597,18.221827076186376,-0.0,0.0,-0.0,0.0
63.655612,"[194.0072479248047, 5.366178512573242, 0.0]","[535.5555419921875, 4.5, 0.0]",0.0043882861053091745,18.220809936523438,0.07519222824006215,338.5408075377567,18.21396583922121,-0.0,0.0,-0.0,0.0
63.67569,"[194.00718688964844, 5.366185665130615, 0.0]","[535.9203491210938, 4.5, 0.0]",0.0028844414334971576,18.214767456054688,-0.07519223359060084,338.9025186881482,18.216421650418127,-0.0,0.0,-0.0,0.0
63.695844,"[194.0072784423828, 5.366174697875977, 0.0]","[536.28662109375, 4.5, 0.0]",0.004388286276956938,18.21204948425293,0.07519224217298903,339.26444403515046,18.21188301462119,-0.0,0.0,-0.0,0.0
63.715999,"[194.00721740722656, 5.36618185043335, 0.0]","[536.6484985351562, 4.5, 0.0]",0.002884441295082903,18.209115982055664,-0.07519224909370176,339.6276687537934,18.207661197975973,-0.0,0.0,-0.0,0.0
63.735062,"[194.00730895996094, 5.366170883178711, 0.0]","[537.012451171875, 4.5, 0.0]",0.004388286101380915,18.205791473388672,0.07519224031490059,339.986688049753,18.20623154076058,-0.0,0.0,-0.0,0.0
63.757334,"[194.0072479248047, 5.366178035736084, 0.0]","[537.3856811523438, 4.5, 0.0]",0.002884441496721354,18.202383041381836,-0.07519223023297805,340.3476121446538,18.20140318728729,-0.0,0.0,-0.0,0.0
63.775986,"[194.00733947753906, 5.366167068481445, 0.0]","[537.7420043945312, 4.5, 0.0]",0.00438828605551,18.19912910461426,0.07519222793943231,340.71789238840364,18.199498599885114,-0.0,0.0,-0.0,0.0
63.795327,"[194.0072784423828, 5.366174221038818, 0.0]","[538.1073608398438, 4.5, 0.0]",0.0028844413838157936,18.195791244506836,-0.07519223358471033,341.0712486420476,18.194740818558753,-0.0,0.0,-0.0,0.0
63.81741,"[194.0073699951172, 5.36616325378418, 0.0]","[538.4779663085938, 4.5, 0.0]",0.004388286547436233,18.19219970703125,0.07519225818102199,341.43371887362036,18.19290680312302,-0.0,0.0,-0.0,0.0
63.834443,"[194.00730895996094, 5.366170406341553, 0.0]","[538.8410034179688, 4.5, 0.0]",0.002884440457677036,18.18838882446289,-0.07519230448795988,341.8012421260972,18.187811420483815,-0.0,0.0,-0.0,0.0
63.861929,"[194.0074005126953, 5.366159439086914, 0.0]","[539.20654296875, 4.5, 0.0]",0.004388287788046532,18.184553146362305,0.0751923665184748,342.1614117339278,18.185504384005213,-0.0,0.0,-0.0,0.0
63.875858,"[194.00733947753906, 5.366166591644287, 0.0]","[539.55859375, 4.5, 0.0]",0.0028844399986210738,18.18086051940918,-0.07519238947127291,342.5239099398101,18.18016485857426,-0.0,0.0,-0.0,0.0
63.896287,"[194.00743103027344, 5.366155624389648, 0.0]","[539.9332275390625, 4.5, 0.0]",0.004388287563683471,18.176929473876953,0.07519237825311985,342.8731818562308,18.17797607941056,-0.0,0.0,-0.0,0.0
63.916691,"[194.0073699951172, 5.3661627769470215, 0.0]","[540.2976684570312, 4.5, 0.0]",0.0028844402754534025,18.172931671142578,-0.07519236441150341,343.2447009288913,18.17254118631327,-0.0,0.0,-0.0,0.0
63.936133,"[194.00746154785156, 5.366151809692383, 0.0]","[540.6524047851562, 4.5, 0.0]",0.004388288004867324,18.168811798095703,0.07519238647069608,343.6062630195132,18.170047230867123,-0.0,0.0,-0.0,0.0
63.955562,"[194.0074005126953, 5.366158962249756, 0.0]","[541.0147094726562, 4.5, 0.0]",0.002884439800154176,18.16460418701172,-0.07519241023565741,343.9580451621757,18.164423510090835,-0.0,0.0,-0.0,0.0
63.975874,"[194.0074920654297, 5.366147994995117, 0.0]","[541.3865356445312, 4.5, 0.0]",0.0043882884017903455,18.16028594970703,0.07519243008180848,344.3174882572457,18.161719747211563,-0.0,0.0,-0.0,0.0
63.995957,"[194.00743103027344, 5.36615514755249, 0.0]","[541.74951171875, 4.5, 0.0]",0.002884439280265327,18.156070709228516,-0.07519245607625093,344.6862223643236,18.15589766130524,-0.0,0.0,-0.0,0.0
64.0172,"[194.0075225830078, 5.366144180297852, 0.0]","[542.1134643554688, 4.5, 0.0]",0.004388288959153837,18.15169334411621,0.07519248394442549,345.04633142942424,18.15318626994825,-0.0,0.0,-0.0,0.0
64.034762,"[194.00746154785156, 5.366151332855225, 0.0]","[542.4678955078125, 4.5, 0.0]",0.0028844386106709812,18.147226333618168,-0.07519251742414278,345.4072555243251,18.14730505515706,-0.0,0.0,-0.0,0.0
64.057355,"[194.00755310058594, 5.366140365600586, 0.0]","[542.83740234375, 4.5, 0.0]",0.004388288859893044,18.142568588256836,0.07519251246110312,345.75888860721795,18.144341895007496,-0.0,0.0,-0.0,0.0
64.075554,"[194.0074920654297, 5.366147518157959, 0.0]","[543.19677734375, 4.5, 0.0]",0.0028844389833924343,18.13804054260254,-0.07519249382503046,346.12532209055377,18.138180299396943,-0.0,0.0,-0.0,0.0
64.09643,"[194.00758361816406, 5.36613655090332, 0.0]","[543.5584716796875, 4.5, 0.0]",0.004388289124423182,18.136816024780273,0.07519250705153738,346.4818591345811,18.135156103619146,-0.0,0.0,-0.0,0.0
64.117211,"[194.0075225830078, 5.366143703460693, 0.0]","[543.9224853515625, 4.5, 0.0]",0.0028844384641002916,18.12542533874512,-0.07519253301614451,346.8405431484699,18.13242773565585,-0.0,0.0,-0.0,0.0
64.140348,"[194.0076141357422, 5.366132736206055, 0.0]","[544.2881469726562, 4.5, 0.0]",0.004388289507184451,18.12714958190918,0.07519255215420796,347.2016814399815,18.12254090028102,-0.0,0.0,-0.0,0.0
64.156796,"[194.00755310058594, 5.366139888763428, 0.0]","[544.6417236328125, 4.5, 0.0]",0.0028844382278126004,18.11570167541504,-0.07519256396859252,347.5643007313238,18.122761292401997,-0.0,0.0,-0.0,0.0
64.176816,"[194.0076446533203, 5.366128921508789, 0.0]","[545.0145874023438, 4.5, 0.0]",0.004388289296430282,18.117328643798828,0.07519255343088409,347.9150862159959,18.112817237187226,-0.0,0.0,-0.0,0.0
64.195728,"[194.00758361816406, 5.366136074066162, 0.0]","[545.3768310546875, 4.5, 0.0]",0.0028844382845874482,18.105762481689453,-0.07519255059214171,348.2848495494848,18.1129403545024,-0.0,0.0,-0.0,0.0
64.21545,"[194.00767517089844, 5.366125106811523, 0.0]","[545.7324829101562, 4.5, 0.0]",0.004388289361021302,18.107500076293945,0.07519255382169271,348.64423210182474,18.102878043404864,-0.0,0.0,-0.0,0.0
64.241434,"[194.0076141357422, 5.3661322593688965, 0.0]","[546.0924682617188, 4.5, 0.0]",0.002884438223767215,18.095657348632812,-0.07519255686270437,348.99692238543804,18.103111786932924,-0.0,0.0,-0.0,0.0
64.259487,"[194.00770568847656, 5.366121292114258, 0.0]","[546.4533081054688, 4.5, 0.0]",0.004388288756158377,18.097139358520508,0.07519252661955811,349.35406485676594,18.092772910409046,-0.0,0.0,-0.0,0.0
64.275561,"[194.0076446533203, 5.366128444671631, 0.0]","[546.8165893554688, 4.5, 0.0]",0.0028844387188817285,18.08525085449219,-0.07519250186383242,349.711901272434,18.09275106976435,-0.0,0.0,-0.0,0.0
64.29565,"[194.0077362060547, 5.366117477416992, 0.0]","[547.1810302734375, 4.5, 0.0]",0.004388289035176167,18.086681365966797,0.07519251581472192,350.07231305118484,18.082366415773308,-0.0,0.0,-0.0,0.0
64.315839,"[194.00767517089844, 5.366124629974365, 0.0]","[547.549072265625, 4.5, 0.0]",0.0028844384247293246,18.074602127075195,-0.07519253052234211,350.43372148792605,18.08229307693162,-0.0,0.0,-0.0,0.0
64.335673,"[194.0077667236328, 5.366113662719727, 0.0]","[547.90966796875, 4.5, 0.0]",0.004388289092386474,18.075801849365234,0.07519253338285749,350.7988555996213,18.071717688650466,-0.0,0.0,-0.0,0.0
64.356053,"[194.00770568847656, 5.3661208152771, 0.0]","[548.2636108398438, 4.5, 0.0]",0.0028844385443483876,18.063766479492188,-0.07519252740190434,351.1564498443691,18.07141356027285,-0.0,0.0,-0.0,0.0
64.376062,"[194.00779724121094, 5.366109848022461, 0.0]","[548.6259155273438, 4.5, 0.0]",0.004388289307499163,18.064939498901367,0.07519253815753879,351.50759858542153,18.06088204094784,-0.0,0.0,-0.0,0.0
64.395703,"[194.0077362060547, 5.366117000579834, 0.0]","[548.9879760742188, 4.5, 0.0]",0.002884438235171513,18.052780151367188,-0.07519255361638252,351.8668880266108,18.060551209593868,-0.0,0.0,-0.0,0.0
64.416541,"[194.00782775878906, 5.366106033325195, 0.0]","[549.352294921875, 4.5, 0.0]",0.00438829003249778,18.053810119628906,0.07519258986631336,352.2260889507606,18.049895713132017,-0.0,0.0,-0.0,0.0
64.434869,"[194.0077667236328, 5.366113185882568, 0.0]","[549.7080078125, 4.5, 0.0]",0.0028844374162964237,18.041475296020508,-0.07519263081006781,352.5873763020418,18.049421829596408,-0.0,0.0,-0.0,0.0
64.455956,"[194.0078582763672, 5.36610221862793, 0.0]","[550.075439453125, 4.5, 0.0]",0.004388290620396586,18.04228973388672,0.07519266020500812,352.9402807822658,18.038590858604213,-0.0,0.0,-0.0,0.0
64.476134,"[194.00779724121094, 5.366109371185303, 0.0]","[550.42919921875, 4.5, 0.0]",0.002884437143598163,18.029985427856445,-0.07519267383992115,353.30465581277974,18.03790144326632,-0.0,0.0,-0.0,0.0
64.498216,"[194.0078887939453, 5.366098403930664, 0.0]","[550.7996215820312, 4.5, 0.0]",0.004388290619864577,18.030752182006836,0.07519267381332069,353.65562292564204,18.027100990712846,-0.0,0.0,-0.0,0.0
64.516457,"[194.00782775878906, 5.366105556488037, 0.0]","[551.1525268554688, 4.5, 0.0]",0.002884436892526368,18.018346786499023,-0.07519268636691043,354.0229645499287,18.02636389138697,-0.0,0.0,-0.0,0.0
64.536181,"[194.00791931152344, 5.366094589233398, 0.0]","[551.519775390625, 4.5, 0.0]",0.004388290942674877,18.01887321472168,0.07519270250742544,354.3730840645702,18.015462349606498,-0.0,0.0,-0.0,0.0
64.556435,"[194.0078582763672, 5.3661017417907715, 0.0]","[551.8797607421875, 4.5, 0.0]",0.0028844363434348042,18.00618553161621,-0.07519272996200363,354.73727746689394,18.014484923779005,-0.0,0.0,-0.0,0.0
64.575776,"[194.00794982910156, 5.366090774536133, 0.0]","[552.2350463867188, 4.5, 0.0]",0.004388291770916116,18.006912231445312,0.0751927713740656,355.0944199382219,18.003301095272775,-0.0,0.0,-0.0,0.0
64.595404,"[194.0078887939453, 5.366097927093506, 0.0]","[552.5935668945312, 4.5, 0.0]",0.0028844356405960878,17.997579574584964,-0.07519280651600144,355.4467469654549,18.002523939674397,-0.0,0.0,-0.0,0.0
64.615803,"[194.0079803466797, 5.366086959838867, 0.0]","[552.9542846679688, 4.5, 0.0]",0.0043882921180651326,17.988100051879883,0.07519282387345223,355.80243641126145,17.99469513894437,-0.0,0.0,-0.0,0.0
64.636499,"[194.00791931152344, 5.36609411239624, 0.0]","[553.3181762695312, 4.5, 0.0]",0.0028844354578207434,17.988393783569336,-0.07519283301221946,356.16015174146935,17.983711759761817,-0.0,0.0,-0.0,0.0
64.656494,"[194.0080108642578, 5.366083145141602, 0.0]","[553.671630859375, 4.5, 0.0]",0.004388292433558255,17.975534439086914,0.07519284878687556,356.5211689475208,17.985509348111517,-0.0,0.0,-0.0,0.0
64.67546,"[194.00794982910156, 5.366090297698975, 0.0]","[554.0377807617188, 4.5, 0.0]",0.0028844352013860266,17.975788116455078,-0.0751928616086114,356.8716796928521,17.971146146653357,-0.0,0.0,-0.0,0.0
64.696496,"[194.00804138183594, 5.366079330444336, 0.0]","[554.3992309570312, 4.5, 0.0]",0.0043882919598216535,17.96278953552246,0.07519283792178134,357.2349369799156,17.97290368125369,-0.0,0.0,-0.0,0.0
64.716535,"[194.0079803466797, 5.366086483001709, 0.0]","[554.7587890625, 4.5, 0.0]",0.0028844356737556904,17.963041305541992,-0.07519281430329815,357.5933788228842,17.95840124356264,-0.0,0.0,-0.0,0.0
64.737967,"[194.00807189941406, 5.36607551574707, 0.0]","[555.108154296875, 4.5, 0.0]",0.004388291732829792,17.949975967407227,0.0751928029537051,357.95009749510166,17.960156869868236,-0.0,0.0,-0.0,0.0
64.756441,"[194.0080108642578, 5.366082668304443, 0.0]","[555.467041015625, 4.5, 0.0]",0.0028844358689541806,17.950071334838867,-0.07519279319378058,358.2965518775193,17.945587675674396,-0.0,0.0,-0.0,0.0
64.776627,"[194.0081024169922, 5.366071701049805, 0.0]","[555.8277587890625, 4.5, 0.0]",0.004388291846997327,17.93679809570313,0.07519279890215733,358.6526045797062,17.947186898969914,-0.0,0.0,-0.0,0.0
64.795591,"[194.00804138183594, 5.366078853607178, 0.0]","[556.1873779296875, 4.5, 0.0]",0.00288443567592028,17.936880111694336,-0.07519280855385235,359.01031990991413,17.93240980385613,-0.0,0.0,-0.0,0.0
64.819141,"[194.0081329345703, 5.366067886352539, 0.0]","[556.5452270507812, 4.5, 0.0]",0.004388291974554734,17.922889709472656,0.07519281493172268,359.3670991248616,17.933995676018416,-0.0,0.0,-0.0,0.0
64.835026,"[194.00807189941406, 5.366075038909912, 0.0]","[556.903564453125, 4.5, 0.0]",0.0028844359535134334,17.92106056213379,-0.07519280105206501,359.721968946757,17.918501417498103,-0.0,0.0,-0.0,0.0
64.860066,"[194.00816345214844, 5.366064071655273, 0.0]","[557.2645874023438, 4.5, 0.0]",0.004388291944588146,17.905832290649414,0.07519279955373565,360.0774767643734,17.918176126180274,-0.0,0.0,-0.0,0.0
64.875998,"[194.0081024169922, 5.3660712242126465, 0.0]","[557.6279296875, 4.5, 0.0]",0.002884435991045443,17.903884887695312,-0.07519279767713516,360.43549480823157,17.901443998704824,-0.0,0.0,-0.0,0.0
64.897511,"[194.00819396972656, 5.366060256958008, 0.0]","[557.986328125, 4.5, 0.0]",0.00438829192122759,17.888719558715824,0.07519279650910733,360.79596712971244,17.901000451704267,-0.0,0.0,-0.0,0.0
64.917666,"[194.0081329345703, 5.366067409515381, 0.0]","[558.3444213867188, 4.5, 0.0]",0.0028844353378008262,17.886075973510742,-0.07519282917133817,361.15138183617825,17.884331266794597,-0.0,0.0,-0.0,0.0
64.935113,"[194.0082244873047, 5.366056442260742, 0.0]","[558.6979370117188, 4.5, 0.0]",0.004388292565285155,17.869104385375977,0.07519286137421644,361.5066474828745,17.88319153817294,-0.0,0.0,-0.0,0.0
64.957282,"[194.00816345214844, 5.366063594818115, 0.0]","[559.0582275390625, 4.5, 0.0]",0.002884435244893652,17.865270614624023,-0.07519286601957513,361.8572187709359,17.864716092810692,-0.0,0.0,-0.0,0.0
64.978493,"[194.0082550048828, 5.366052627563477, 0.0]","[559.4083862304688, 4.5, 0.0]",0.004388292591427417,17.848398208618164,0.07519286732668823,362.214663955914,17.86238617937913,-0.0,0.0,-0.0,0.0
64.995803,"[194.00819396972656, 5.36605978012085, 0.0]","[559.7667846679688, 4.5, 0.0]",0.0028844347846588565,17.844619750976562,-0.07519289033842802,362.56190539382237,17.844009916026735,-0.0,0.0,-0.0,0.0
65.016466,"[194.00828552246094, 5.366048812866211, 0.0]","[560.1301879882812, 4.5, 0.0]",0.004388292901254015,17.829872131347656,0.07519290582975793,362.91747375416884,17.841735316191905,-0.0,0.0,-0.0,0.0
65.035416,"[194.0082244873047, 5.366055965423584, 0.0]","[560.4855346679688, 4.5, 0.0]",0.0028844346778896,17.81756591796875,-0.07519291116822077,363.2778529644992,17.825483838446402,-0.0,0.0,-0.0,0.0
65.05619,"[194.00831604003906, 5.366044998168945, 0.0]","[560.8408813476562, 4.5, 0.0]",0.004388293091775531,17.805259704589844,0.07519292069429657,363.6303941883429,17.81468148329086,-0.0,0.0,-0.0,0.0
65.075479,"[194.0082550048828, 5.366052150726318, 0.0]","[561.19287109375, 4.5, 0.0]",0.0028844344506005573,17.79306983947754,-0.0751929320587487,363.9827817583059,17.80087141149807,-0.0,0.0,-0.0,0.0
65.095363,"[194.0083465576172, 5.36604118347168, 0.0]","[561.5478515625, 4.5, 0.0]",0.0043882930119362945,17.780776977539062,0.07519292806678686,364.33199313199657,17.79018540502694,-0.0,0.0,-0.0,0.0
65.119751,"[194.00828552246094, 5.366048336029053, 0.0]","[561.9102172851562, 4.5, 0.0]",0.0028844344455186,17.76740074157715,-0.07519292832088473,364.68401744557934,17.776388684527127,-0.0,0.0,-0.0,0.0
65.135364,"[194.0083770751953, 5.366037368774414, 0.0]","[562.2561645507812, 4.5, 0.0]",0.004388293380978194,17.753503799438477,0.0751929467729797,365.0435210833794,17.76451630713163,-0.0,0.0,-0.0,0.0
65.156166,"[194.00831604003906, 5.366044521331787, 0.0]","[562.6121826171875, 4.5, 0.0]",0.0028844341781839224,17.73920249938965,-0.07519296013971358,365.3865850729139,17.7491155060575,-0.0,0.0,-0.0,0.0
65.175826,"[194.00840759277344, 5.366033554077148, 0.0]","[562.9667358398438, 4.5, 0.0]",0.004388293491585391,17.724958419799805,0.07519296567007343,365.7397922667882,17.736318065211464,-0.0,0.0,-0.0,0.0
65.196613,"[194.0083465576172, 5.3660407066345215, 0.0]","[563.3307495117188, 4.5, 0.0]",0.002884433977123554,17.7103328704834,-0.07519297572309185,366.09139278126054,17.720570126308218,-0.0,0.0,-0.0,0.0
65.216607,"[194.00843811035156, 5.366029739379883, 0.0]","[563.6837158203125, 4.5, 0.0]",0.004388294033148611,17.695322036743164,0.07519300280125284,366.4525310727721,17.707448436506276,-0.0,0.0,-0.0,0.0
65.235425,"[194.0083770751953, 5.366036891937256, 0.0]","[564.0298461914062, 4.5, 0.0]",0.002884433470770222,17.679475784301758,-0.07519302811891944,366.80255747626296,17.690933742710016,-0.0,0.0,-0.0,0.0
65.256906,"[194.0084686279297, 5.366025924682617, 0.0]","[564.3887329101562, 4.5, 0.0]",0.004388293834030217,17.663043975830078,0.07519301816299975,367.14595674786835,17.67659135083099,-0.0,0.0,-0.0,0.0
65.275048,"[194.00840759277344, 5.36603307723999, 0.0]","[564.735107421875, 4.5, 0.0]",0.0028844339127158743,17.647186279296875,-0.07519299606571714,367.5018557961746,17.65865568199605,-0.0,0.0,-0.0,0.0
65.296203,"[194.0084991455078, 5.366022109985352, 0.0]","[565.0968627929688, 4.5, 0.0]",0.004388293754757086,17.630624771118164,0.07519299210206061,367.8454972387002,17.64430184538416,-0.0,0.0,-0.0,0.0
65.318699,"[194.00843811035156, 5.366029262542725, 0.0]","[565.446044921875, 4.5, 0.0]",0.0028844334199732394,17.613819122314453,-0.07519301673919235,368.204241795319,17.626236477363406,-0.0,0.0,-0.0,0.0
65.336073,"[194.00852966308594, 5.366018295288086, 0.0]","[565.7916870117188, 4.5, 0.0]",0.004388294037692156,17.59602928161621,0.07519303088594582,368.5506682034271,17.61093468889448,-0.0,0.0,-0.0,0.0
65.356556,"[194.0084686279297, 5.366025447845459, 0.0]","[566.145751953125, 4.5, 0.0]",0.0028844334640410695,17.57780647277832,-0.07519302868255431,368.8934294793114,17.59164098757852,-0.0,0.0,-0.0,0.0
65.376169,"[194.00856018066406, 5.36601448059082, 0.0]","[566.5053100585938, 4.5, 0.0]",0.004388294368036046,17.559301376342773,0.07519304519974883,369.244699305824,17.57492203931428,-0.0,0.0,-0.0,0.0
65.395726,"[194.0084991455078, 5.366021633148193, 0.0]","[566.8553466796875, 4.5, 0.0]",0.002884433388259946,17.54129028320313,-0.07519304898880501,369.6012643241608,17.55491308197474,-0.0,0.0,-0.0,0.0
65.416878,"[194.0085906982422, 5.366010665893555, 0.0]","[567.1981201171875, 4.5, 0.0]",0.004388294789807643,17.522956848144535,0.07519307007738485,369.9485383304897,17.53840584981487,-0.0,0.0,-0.0,0.0
65.436248,"[194.00852966308594, 5.366017818450928, 0.0]","[567.5548095703125, 4.5, 0.0]",0.0028844324230883484,17.506153106689453,-0.07519311833596473,370.2884540980614,17.518568553354726,-0.0,0.0,-0.0,0.0
65.460059,"[194.0086212158203, 5.366006851196289, 0.0]","[567.9038696289062, 4.5, 0.0]",0.004388295431285359,17.479782104492188,0.07519315040985056,370.64232726196633,17.503268674266366,-0.0,0.0,-0.0,0.0
65.474711,"[194.00856018066406, 5.366014003753662, 0.0]","[568.2457275390625, 4.5, 0.0]",0.00288443228201321,17.46714973449707,-0.07519315746360748,370.98847893073366,17.4753938090609,-0.0,0.0,-0.0,0.0
65.496149,"[194.00865173339844, 5.366003036499023, 0.0]","[568.6015014648438, 4.5, 0.0]",0.004388295927074261,17.440399169921875,0.07519318225305253,371.3276402112352,17.464265302215058,-0.0,0.0,-0.0,0.0
65.516069,"[194.0085906982422, 5.3660101890563965, 0.0]","[568.947265625, 4.5, 0.0]",0.002884431766530309,17.426841735839844,-0.07519320802719758,371.6804515803086,17.4360108739948,-0.0,0.0,-0.0,0.0
65.535824,"[194.00868225097656, 5.365999221801758, 0.0]","[569.295166015625, 4.5, 0.0]",0.0043882963550927875,17.398771286010742,0.07519322942812393,372.02348759553365,17.423957304073312,-0.0,0.0,-0.0,0.0
65.556357,"[194.0086212158203, 5.366006374359131, 0.0]","[569.6416625976562, 4.5, 0.0]",0.002884431256551718,17.384122848510742,-0.07519325492705348,372.3684889524299,17.39438298965565,-0.0,0.0,-0.0,0.0
65.576223,"[194.0087127685547, 5.365995407104492, 0.0]","[569.9909057617188, 4.5, 0.0]",0.0043882964802688705,17.35597038269043,0.07519326118585762,372.71225148041566,17.381238417254192,-0.0,0.0,-0.0,0.0
65.5958,"[194.00865173339844, 5.366002559661865, 0.0]","[570.3375244140625, 4.5, 0.0]",0.002884430893356778,17.341310501098633,-0.07519327934560462,373.0585847773732,17.35158208621016,-0.0,0.0,-0.0,0.0
65.617778,"[194.0087432861328, 5.365991592407227, 0.0]","[570.6901245117188, 4.5, 0.0]",0.004388297014359957,17.312210083007812,0.07519330605015893,373.402468390819,17.338426070205276,-0.0,0.0,-0.0,0.0
65.635846,"[194.00868225097656, 5.3659987449646, 0.0]","[571.0296020507812, 4.5, 0.0]",0.0028844306602237766,17.296239852905273,-0.07519331770680902,373.75213153792953,17.307821785993454,-0.0,0.0,-0.0,0.0
65.656614,"[194.00877380371094, 5.365987777709961, 0.0]","[571.3804321289062, 4.5, 0.0]",0.004388297113041649,17.266176223754883,0.07519332264089362,374.0889316519589,17.29335542224505,-0.0,0.0,-0.0,0.0
65.674215,"[194.0087127685547, 5.365994930267334, 0.0]","[571.7181396484375, 4.5, 0.0]",0.0028844303302082023,17.250328063964844,-0.07519333914167234,374.4368390598979,17.26178792664184,-0.0,0.0,-0.0,0.0
65.696715,"[194.00880432128906, 5.365983963012695, 0.0]","[572.0667114257812, 4.5, 0.0]",0.004388296934645885,17.220417022705078,0.07519333022188412,374.77188343475564,17.247443633634635,-0.0,0.0,-0.0,0.0
65.717454,"[194.0087432861328, 5.365991115570068, 0.0]","[572.4120483398438, 4.5, 0.0]",0.0028844306685068214,17.203325271606445,-0.07519331330695317,375.11755076168254,17.216028725770432,-0.0,0.0,-0.0,0.0
65.735281,"[194.0088348388672, 5.36598014831543, 0.0]","[572.7529296875, 4.5, 0.0]",0.004388296596038449,17.172134399414066,0.0751932963765814,375.4601629777972,17.20044084093794,-0.0,0.0,-0.0,0.0
65.756615,"[194.00877380371094, 5.365987300872803, 0.0]","[573.09619140625, 4.5, 0.0]",0.0028844311472376585,17.15410614013672,-0.07519327244003954,375.7982019207372,17.16774610281803,-0.0,0.0,-0.0,0.0
65.775479,"[194.0088653564453, 5.365976333618164, 0.0]","[573.4385986328125, 4.5, 0.0]",0.0043882961286493575,17.122806549072266,0.07519324907058494,376.13875568403,17.151221708989482,-0.0,0.0,-0.0,0.0
65.796725,"[194.00880432128906, 5.365983486175537, 0.0]","[573.7839965820312, 4.5, 0.0]",0.0028844310705227437,17.104623794555664,-0.0751932529063307,376.4783081952213,17.118418252943616,-0.0,0.0,-0.0,0.0
65.815029,"[194.00889587402344, 5.365972518920898, 0.0]","[574.1251220703125, 4.5, 0.0]",0.004388296116884546,17.072677612304688,0.07519325231809013,376.820980954066,17.10173936348514,-0.0,0.0,-0.0,0.0
65.834654,"[194.0088348388672, 5.3659796714782715, 0.0]","[574.4640502929688, 4.5, 0.0]",0.0028844311778431033,17.053138732910156,-0.07519324695207213,377.1592620679262,17.0682893161878,-0.0,0.0,-0.0,0.0
65.855693,"[194.00892639160156, 5.365968704223633, 0.0]","[574.8031616210938, 4.5, 0.0]",0.004388296223123467,17.020254135131836,0.07519325226401816,377.4955172973851,17.050254301732313,-0.0,0.0,-0.0,0.0
65.875172,"[194.0088653564453, 5.365975856781006, 0.0]","[575.1448974609375, 4.5, 0.0]",0.0028844314438524164,17.000499725341797,-0.07519323896355251,377.8318005011534,17.015865838908713,-0.0,0.0,-0.0,0.0
65.895783,"[194.0089569091797, 5.365964889526367, 0.0]","[575.4868774414062, 4.5, 0.0]",0.004388296188736571,16.96739387512207,0.07519323724420775,378.17084069619483,16.997615293897944,-0.0,0.0,-0.0,0.0
65.916464,"[194.00889587402344, 5.36597204208374, 0.0]","[575.8243408203125, 4.5, 0.0]",0.002884431389164886,16.947233200073242,-0.07519323997858428,378.5099694082758,16.963005578933334,-0.0,0.0,-0.0,0.0
65.935274,"[194.0089874267578, 5.365961074829102, 0.0]","[576.1632080078125, 4.5, 0.0]",0.004388295860633313,16.912506103515625,0.07519322357342137,378.8447716122134,16.944348768684076,-0.0,0.0,-0.0,0.0
65.957918,"[194.00892639160156, 5.365968227386475, 0.0]","[576.50048828125, 4.5, 0.0]",0.002884431330894994,16.89124298095703,-0.07519322648691597,379.18081264506145,16.908117807654993,-0.0,0.0,-0.0,0.0
65.976022,"[194.00901794433594, 5.365957260131836, 0.0]","[576.8387451171875, 4.5, 0.0]",0.004388296353316831,16.859899520874023,0.07519325112109188,379.51543322080886,16.888358549626137,-0.0,0.0,-0.0,0.0
65.995974,"[194.0089569091797, 5.365964412689209, 0.0]","[577.1774291992188, 4.5, 0.0]",0.0028844312792464253,16.83185386657715,-0.0751932537035203,379.8508688263565,16.855511224520708,-0.0,0.0,-0.0,0.0
66.016579,"[194.00904846191406, 5.36595344543457, 0.0]","[577.5120849609375, 4.5, 0.0]",0.004388296497711898,16.803394317626953,0.07519326092327362,380.1868818848951,16.828969435297903,-0.0,0.0,-0.0,0.0
66.035156,"[194.0089874267578, 5.365960597991943, 0.0]","[577.8463134765625, 4.5, 0.0]",0.0028844313062925554,16.773836135864258,-0.0751932595709671,380.51874546936943,16.79900602112924,-0.0,0.0,-0.0,0.0
66.055916,"[194.0090789794922, 5.365949630737305, 0.0]","[578.1853637695312, 4.5, 0.0]",0.0043882964341572,16.743850708007812,0.07519325639323221,380.85033890861405,16.770951704557966,-0.0,0.0,-0.0,0.0
66.078153,"[194.00901794433594, 5.365956783294678, 0.0]","[578.5225830078125, 4.5, 0.0]",0.0028844311209730127,16.714025497436527,-0.07519326565920935,381.1865615696524,16.739462411573655,-0.0,0.0,-0.0,0.0
66.096066,"[194.0091094970703, 5.365945816040039, 0.0]","[578.853515625, 4.5, 0.0]",0.004388297122696649,16.684762954711914,0.07519330008618182,381.5211216026697,16.711141066315555,-0.0,0.0,-0.0,0.0
66.117769,"[194.00904846191406, 5.365952968597412, 0.0]","[579.1893310546875, 4.5, 0.0]",0.0028844302984151987,16.654279708862305,-0.07519334121407252,381.8492920806106,16.68037465758922,-0.0,0.0,-0.0,0.0
66.136141,"[194.00914001464844, 5.365942001342773, 0.0]","[579.5182495117188, 4.5, 0.0]",0.004388297705183099,16.623294830322266,0.075193370338395,382.1824596308367,16.65139527856389,-0.0,0.0,-0.0,0.0
66.15567,"[194.0090789794922, 5.3659491539001465, 0.0]","[579.8488159179688, 4.5, 0.0]",0.0028844296992372553,16.592153549194336,-0.07519340029729217,382.50863219868586,16.618906532617082,-0.0,0.0,-0.0,0.0
66.175651,"[194.00917053222656, 5.365938186645508, 0.0]","[580.184326171875, 4.5, 0.0]",0.00438829807737694,16.560543060302734,0.07519341890698421,382.83659307412717,16.5892691194951,-0.0,0.0,-0.0,0.0
66.196568,"[194.0091094970703, 5.365945339202881, 0.0]","[580.5205688476562, 4.5, 0.0]",0.0028844294802837776,16.528867721557617,-0.0751934298546581,383.1693042568223,16.556154762225358,-0.0,0.0,-0.0,0.0
66.216437,"[194.0092010498047, 5.365934371948242, 0.0]","[580.8514404296875, 4.5, 0.0]",0.004388298329889155,16.49586296081543,0.07519344248026885,383.5028956061587,16.525983292077335,-0.0,0.0,-0.0,0.0
66.235875,"[194.00914001464844, 5.365941524505615, 0.0]","[581.1781005859375, 4.5, 0.0]",0.0028844291072682364,16.46074104309082,-0.07519346113104591,383.8310055413696,16.49147466248554,-0.0,0.0,-0.0,0.0
66.261212,"[194.0092315673828, 5.365930557250977, 0.0]","[581.5030517578125, 4.5, 0.0]",0.004388298580980821,16.42580795288086,0.07519347368562924,384.1550916820874,16.45785661398355,-0.0,0.0,-0.0,0.0
66.275484,"[194.00917053222656, 5.36593770980835, 0.0]","[581.8341064453125, 4.5, 0.0]",0.002884428625556378,16.39021873474121,-0.07519349777122217,384.47732897248295,16.42141965429988,-0.0,0.0,-0.0,0.0
66.296907,"[194.00926208496094, 5.365926742553711, 0.0]","[582.1611328125, 4.5, 0.0]",0.0043882988340651526,16.355060577392578,0.07519351042543873,384.8057741897647,16.387334306115655,-0.0,0.0,-0.0,0.0
66.316513,"[194.0092010498047, 5.365933895111084, 0.0]","[582.4864501953125, 4.5, 0.0]",0.0028844286385093128,16.318906784057617,-0.07519350977779199,385.13006993298217,16.350672278558513,-0.0,0.0,-0.0,0.0
66.338292,"[194.00929260253906, 5.365922927856445, 0.0]","[582.811767578125, 4.5, 0.0]",0.0043882987512928705,16.28098297119141,0.07519350563917788,385.4528241336387,16.316022355419108,-0.0,0.0,-0.0,0.0
66.355808,"[194.0092315673828, 5.365930080413818, 0.0]","[583.1353149414062, 4.5, 0.0]",0.002884428558518835,16.243261337280273,-0.07519350963870178,385.77542468041463,16.276594672440115,-0.0,0.0,-0.0,0.0
66.37553,"[194.0093231201172, 5.36591911315918, 0.0]","[583.461181640625, 4.5, 0.0]",0.0043882993974286655,16.205278396606445,0.07519354194549152,386.09642314189955,16.240376908721753,-0.0,0.0,-0.0,0.0
66.396046,"[194.00926208496094, 5.365926265716553, 0.0]","[583.7850952148438, 4.5, 0.0]",0.00288442808076108,16.170852661132812,-0.07519356583337926,386.41956857324595,16.200890097209015,-0.0,0.0,-0.0,0.0
66.421231,"[194.0093536376953, 5.365915298461914, 0.0]","[584.1154174804688, 4.5, 0.0]",0.004388299917489034,16.12397956848145,0.0751935918363977,386.7409302911113,16.16796823305205,-0.0,0.0,-0.0,0.0
66.436534,"[194.00929260253906, 5.365922451019287, 0.0]","[584.4336547851562, 4.5, 0.0]",0.0028844275112292123,16.089567184448242,-0.07519362031299111,387.0684953417517,16.11959126856396,-0.0,0.0,-0.0,0.0
66.457785,"[194.00938415527344, 5.365911483764648, 0.0]","[584.7490234375, 4.5, 0.0]",0.004388300365515321,16.04218864440918,0.07519364271430541,387.3842265857218,16.086682756937012,-0.0,0.0,-0.0,0.0
66.475656,"[194.0093231201172, 5.3659186363220215, 0.0]","[585.076416015625, 4.5, 0.0]",0.002884427129161798,16.006591796875,-0.07519366181767612,387.69695866749873,16.037800344043664,-0.0,0.0,-0.0,0.0
66.495981,"[194.00941467285156, 5.365907669067383, 0.0]","[585.392822265625, 4.5, 0.0]",0.00438830027060657,15.959080696105957,0.07519365707223857,388.0217713209772,16.00370736974584,-0.0,0.0,-0.0,0.0
66.517567,"[194.0093536376953, 5.365914821624756, 0.0]","[585.7179565429688, 4.5, 0.0]",0.0028844273715151222,15.922151565551758,-0.07519364495457237,388.3355326291651,15.95469239583535,-0.0,0.0,-0.0,0.0
66.538775,"[194.0094451904297, 5.365903854370117, 0.0]","[586.029052734375, 4.5, 0.0]",0.0043883000334672545,15.871530532836914,0.07519363309760661,388.65810520163143,15.919267138180242,-0.0,0.0,-0.0,0.0
66.559062,"[194.00938415527344, 5.36591100692749, 0.0]","[586.3416748046875, 4.5, 0.0]",0.0028844272194637885,15.834031105041504,-0.0751936407001733,388.96659929230447,15.867142232803447,-0.0,0.0,-0.0,0.0
66.579772,"[194.0094757080078, 5.365900039672852, 0.0]","[586.6627197265625, 4.5, 0.0]",0.004388300113322319,15.782004356384281,0.07519364469292653,389.2767606051096,15.83114667782204,-0.0,0.0,-0.0,0.0
66.595109,"[194.00941467285156, 5.365907192230225, 0.0]","[586.9796752929688, 4.5, 0.0]",0.002884427249984028,15.743892669677734,-0.07519364316691454,389.5951231607816,15.777616056270958,-0.0,0.0,-0.0,0.0
66.616024,"[194.00950622558594, 5.365896224975586, 0.0]","[587.298828125, 4.5, 0.0]",0.004388300240836922,15.690464973449707,0.0751936495426447,389.90958300742057,15.74100824242775,-0.0,0.0,-0.0,0.0
66.635936,"[194.0094451904297, 5.365903377532959, 0.0]","[587.603271484375, 4.5, 0.0]",0.0028844276464201134,15.650260925292969,-0.07519362972084043,390.2260687384609,15.68607667320887,-0.0,0.0,-0.0,0.0
66.657825,"[194.00953674316406, 5.36589241027832, 0.0]","[587.9182739257812, 4.5, 0.0]",0.004388299933125985,15.595091819763184,0.0751936143352936,390.52811732543864,15.64737649764655,-0.0,0.0,-0.0,0.0
66.677131,"[194.0094757080078, 5.365899562835693, 0.0]","[588.2274169921875, 4.5, 0.0]",0.0028844276314223174,15.554154396057129,-0.0751936150851834,390.8404861508352,15.590703519830058,-0.0,0.0,-0.0,0.0
66.696618,"[194.0095672607422, 5.365888595581055, 0.0]","[588.5401611328125, 4.5, 0.0]",0.004388300030702297,15.4993314743042,0.07519361996399898,391.14719652802717,15.551269968425707,-0.0,0.0,-0.0,0.0
66.716193,"[194.00950622558594, 5.365895748138428, 0.0]","[588.8526611328125, 4.5, 0.0]",0.0028844274755934693,15.45622730255127,-0.07519362775544139,391.45732527241165,15.494943174273496,-0.0,0.0,-0.0,0.0
66.735832,"[194.0095977783203, 5.365884780883789, 0.0]","[589.1632690429688, 4.5, 0.0]",0.004388299760518282,15.397617340087892,0.07519361424624063,391.76736549975664,15.453342875075677,-0.0,0.0,-0.0,0.0
66.760446,"[194.00953674316406, 5.365891933441162, 0.0]","[589.46337890625, 4.5, 0.0]",0.002884428055562197,15.35409927368164,-0.07519358524780426,392.07537524858924,15.393229040327373,-0.0,0.0,-0.0,0.0
66.776482,"[194.00962829589844, 5.365880966186523, 0.0]","[589.7761840820312, 4.5, 0.0]",0.004388299418117639,15.29511833190918,0.07519356812777209,392.37312530173307,15.351214845626078,-0.0,0.0,-0.0,0.0
66.796732,"[194.0095672607422, 5.3658881187438965, 0.0]","[590.0856323242188, 4.5, 0.0]",0.0028844281618468116,15.250035285949707,-0.07519356281354135,392.6833145888476,15.290730032491062,-0.0,0.0,-0.0,0.0
66.816281,"[194.00965881347656, 5.365877151489258, 0.0]","[590.3889770507812, 4.5, 0.0]",0.004388299264846196,15.190874099731445,0.07519355514996923,392.9903276796898,15.24715085778786,-0.0,0.0,-0.0,0.0
66.835731,"[194.0095977783203, 5.365884304046631, 0.0]","[590.6885986328125, 4.5, 0.0]",0.0028844279893415928,15.143275260925293,-0.07519356377523018,393.29113284364587,15.186485800466599,-0.0,0.0,-0.0,0.0
66.855663,"[194.0096893310547, 5.365873336791992, 0.0]","[590.9856567382812, 4.5, 0.0]",0.004388299306643615,15.082812309265137,0.0751935658651011,393.5883985549492,15.140390832935951,-0.0,0.0,-0.0,0.0
66.875979,"[194.00962829589844, 5.365880489349365, 0.0]","[591.2877807617188, 4.5, 0.0]",0.0028844281819538726,15.034756660461426,-0.07519355623448712,393.8829678177095,15.078424009958493,-0.0,0.0,-0.0,0.0
66.897423,"[194.0097198486328, 5.365869522094727, 0.0]","[591.5902099609375, 4.5, 0.0]",0.004388299632106171,14.976643562316895,0.07519357250761494,394.18271578094516,15.031872232279472,-0.0,0.0,-0.0,0.0
66.916591,"[194.00965881347656, 5.3658766746521, 0.0]","[591.8893432617188, 4.5, 0.0]",0.0028844281362371597,14.920731544494629,-0.07519357479345058,394.48261280395036,14.972255262684788,-0.0,0.0,-0.0,0.0
66.9383,"[194.00975036621094, 5.365865707397461, 0.0]","[592.1866455078125, 4.5, 0.0]",0.004388299434806208,14.86254596710205,0.07519356492845243,394.77939417341327,14.917847116358391,-0.0,0.0,-0.0,0.0
66.955981,"[194.0096893310547, 5.365872859954834, 0.0]","[592.4857177734375, 4.5, 0.0]",0.002884428442154903,14.804007530212402,-0.07519354963256526,395.0742056070938,14.858157667667244,-0.0,0.0,-0.0,0.0
66.975131,"[194.00978088378906, 5.365861892700195, 0.0]","[592.7758178710938, 4.5, 0.0]",0.0043882996619406265,14.747230529785156,0.07519356098928617,395.37092643382664,14.801123101770248,-0.0,0.0,-0.0,0.0
66.99626,"[194.0097198486328, 5.365869045257568, 0.0]","[593.0791625976562, 4.5, 0.0]",0.0028844281145500375,14.687858581542969,-0.07519357736952945,395.65859382536075,14.742842230123216,-0.0,0.0,-0.0,0.0
67.016502,"[194.0098114013672, 5.36585807800293, 0.0]","[593.3733520507812, 4.5, 0.0]",0.004388299766317307,14.628396034240723,0.07519358258836349,395.95955264319747,14.684974153428419,-0.0,0.0,-0.0,0.0
67.036498,"[194.00975036621094, 5.365865230560303, 0.0]","[593.6619262695312, 4.5, 0.0]",0.0028844278175560525,14.567473411560059,-0.07519359743806274,396.25127639764514,14.624007734474405,-0.0,0.0,-0.0,0.0
67.055821,"[194.0098419189453, 5.365854263305664, 0.0]","[593.9449462890625, 4.5, 0.0]",0.004388300085760953,14.507712364196781,0.07519361341024504,396.53758387480855,14.564588983742503,-0.0,0.0,-0.0,0.0
67.077767,"[194.00978088378906, 5.365861415863037, 0.0]","[594.2388305664062, 4.5, 0.0]",0.002884427410429338,14.445666313171387,-0.07519363376658078,396.8182283096562,14.50332406411102,-0.0,0.0,-0.0,0.0
67.097546,"[194.00987243652344, 5.365850448608398, 0.0]","[594.5281982421875, 4.5, 0.0]",0.004388300491403213,14.384577751159668,0.07519365404869374,397.10980300433437,14.442781885760958,-0.0,0.0,-0.0,0.0
67.116507,"[194.0098114013672, 5.3658576011657715, 0.0]","[594.8162841796875, 4.5, 0.0]",0.0028844272756325604,14.32187557220459,-0.07519366078853262,397.3967438831077,14.380189450668265,-0.0,0.0,-0.0,0.0
67.135508,"[194.00990295410156, 5.365846633911133, 0.0]","[595.0982055664062, 4.5, 0.0]",0.004388300399450351,14.257752418518066,0.07519365619088952,397.68256701843063,14.318991144928956,-0.0,0.0,-0.0,0.0
67.156166,"[194.0098419189453, 5.365853786468506, 0.0]","[595.3822021484375, 4.5, 0.0]",0.0028844269373955234,14.193151473999023,-0.07519367310274136,397.96212168413734,14.253364118118617,-0.0,0.0,-0.0,0.0
67.176583,"[194.0099334716797, 5.365842819213867, 0.0]","[595.6648559570312, 4.5, 0.0]",0.004388300287133424,14.128862380981445,0.07519366748689503,398.24388845654653,14.190267047061628,-0.0,0.0,-0.0,0.0
67.195626,"[194.00987243652344, 5.36584997177124, 0.0]","[595.9498901367188, 4.5, 0.0]",0.0028844276138138424,14.064029693603516,-0.07519363366597909,398.52416963501383,14.124474080694313,-0.0,0.0,-0.0,0.0
67.216475,"[194.0099639892578, 5.365839004516602, 0.0]","[596.2305297851562, 4.5, 0.0]",0.0043883002077095045,13.998287200927734,0.0751936296947831,398.806965633834,14.061145265989701,-0.0,0.0,-0.0,0.0
67.235774,"[194.00990295410156, 5.365846157073975, 0.0]","[596.5074462890625, 4.5, 0.0]",0.002884427530166015,13.93050479888916,-0.07519363387717447,399.0852489022095,13.993898900720025,-0.0,0.0,-0.0,0.0
67.255752,"[194.00999450683594, 5.365835189819336, 0.0]","[596.78466796875, 4.5, 0.0]",0.0043883003162312854,13.862639427185059,0.07519363930326352,399.35999271793236,13.927620371358994,-0.0,0.0,-0.0,0.0
67.277428,"[194.0099334716797, 5.365842342376709, 0.0]","[597.0640258789062, 4.5, 0.0]",0.0028844273459586356,13.794249534606934,-0.07519364851363249,399.6348855934247,13.858251126868828,-0.0,0.0,-0.0,0.0
67.296786,"[194.01002502441406, 5.36583137512207, 0.0]","[597.340087890625, 4.5, 0.0]",0.004388300310960639,13.726668357849121,0.07519364825010015,399.9120511183498,13.791365107260974,-0.0,0.0,-0.0,0.0
67.316911,"[194.0099639892578, 5.365838527679443, 0.0]","[597.6182250976562, 4.5, 0.0]",0.0028844271037835817,13.660526275634766,-0.07519366035885285,400.1857936819712,13.72228005753816,-0.0,0.0,-0.0,0.0
67.336935,"[194.0100555419922, 5.365827560424805, 0.0]","[597.8853759765625, 4.5, 0.0]",0.004388300026178833,13.585160255432129,0.07519364611976256,400.4617483522951,13.657641848530982,-0.0,0.0,-0.0,0.0
67.356504,"[194.00999450683594, 5.365834712982178, 0.0]","[598.1598510742188, 4.5, 0.0]",0.0028844277126132,13.521240234375,-0.07519361567828164,400.72665167732833,13.58077195540595,-0.0,0.0,-0.0,0.0
67.375184,"[194.0100860595703, 5.365823745727539, 0.0]","[598.425537109375, 4.5, 0.0]",0.004388299555377584,13.446256637573244,0.07519359213821922,400.99897378384895,13.518355806662386,-0.0,0.0,-0.0,0.0
67.396626,"[194.01002502441406, 5.365830898284912, 0.0]","[598.7006225585938, 4.5, 0.0]",0.0028844280461937486,13.382179260253906,-0.07519357545919178,401.262424083361,13.441868338017866,-0.0,0.0,-0.0,0.0
67.422115,"[194.01011657714844, 5.365819931030273, 0.0]","[598.8577270507812, 4.5, 0.0]",0.0043882997739330505,13.335124015808105,0.07519358638696509,401.53535161718213,13.379294832207712,-0.0,0.0,-0.0,0.0
