time[s],position_ego[m],position_pre[m],speed_ego[m/s],speed_pre[m/s],acceleration_ego[m/s2],headway[m],deltav[m/s],engine_throttle,engine_brake,Controller_throttle,Controller_brake
0.018601,"[5.0, 4.5, 0.0]","[13.0, 4.5, 0.0]",0.007272727321833372,0.15600000321865082,0.3636363660916686,,,0.0,-0.0,0.0,-0.0
0.049697,"[5.0, 4.5, 0.0]","[13.0, 4.5, 0.0]",0.00421274034306407,0.15600000321865082,-0.15299934893846512,8.0,0.14872727589681745,0.0,-0.0,0.0,-0.0
0.069586,"[5.000145435333252, 4.5, 0.0]","[13.0, 4.5, 0.0]",0.01148546766489749,0.15600000321865082,0.36363636609167105,8.0,0.15178726287558675,0.0,-0.0,0.0,-0.0
0.095845,"[5.000229835510254, 4.5, 0.0]","[13.0, 4.5, 0.0]",0.018758194521076965,0.15600000321865082,0.3636363428089737,7.999854564666748,0.14451453555375332,0.0,-0.0,0.0,-0.0
0.10818,"[5.000459671020508, 4.5, 0.0]","[13.000572204589844, 4.5, 0.0]",0.026030922308614007,0.1568799465894699,0.3636363893768521,7.999770164489746,0.13724180869757385,0.0,-0.0,0.0,-0.0
0.128441,"[5.000834941864014, 4.5, 0.0]","[13.003954887390137, 4.5, 0.0]",0.03330364823346285,0.16208480298519135,0.3636362962424422,8.000112533569336,0.1308490242808559,0.0,-0.0,0.0,-0.0
0.149937,"[5.0013556480407715, 4.5, 0.0]","[13.007332801818848, 4.5, 0.0]",0.04057636857036524,0.16728082299232483,0.36363601684511954,8.003119945525839,0.1287811547517285,0.0,-0.0,0.0,-0.0
0.16866,"[5.002021789550781, 4.5, 0.0]","[13.010642051696777, 4.5, 0.0]",0.04148080945017343,0.1723722517490387,0.0452220439904092,8.005977153778005,0.1267044544219596,0.0,-0.0,0.0,-0.0
0.189811,"[5.002833366394043, 4.5, 0.0]","[13.0140380859375, 4.5, 0.0]",0.048753529787064036,0.1775970458984375,0.36363601684453045,8.008620262145712,0.13089144229886526,0.0,-0.0,0.0,-0.0
0.209208,"[5.003663063049316, 4.5, 0.0]","[13.017589569091797, 4.5, 0.0]",0.04148080945016562,0.18298545479774475,-0.36363601684492075,8.011204719543386,0.12884351611137346,0.0,-0.0,0.0,-0.0
0.229208,"[5.004638195037842, 4.5, 0.0]","[13.021492004394531, 4.5, 0.0]",0.048753529787091424,0.18855948746204376,0.36363601684629016,8.01392650604248,0.14150464534757912,0.0,-0.0,0.0,-0.0
0.249143,"[5.005467891693115, 4.5, 0.0]","[13.025410652160645, 4.5, 0.0]",0.041480809450165114,0.1941576451063156,-0.36363601684631547,8.01685380935669,0.13980595767495235,0.0,-0.0,0.0,-0.0
0.269183,"[5.006443023681641, 4.5, 0.0]","[13.029346466064453, 4.5, 0.0]",0.03420808911324225,0.19978012144565582,-0.36363601684614305,8.01994276046689,0.1526768356561505,0.0,-0.0,0.0,-0.0
0.289866,"[5.007272720336914, 4.5, 0.0]","[13.033292770385742, 4.5, 0.0]",0.026935363188390564,0.20541846752166748,-0.3636362962425844,8.022903442382812,0.16557203233241358,-0.0,0.0,-0.0,0.0
0.31608,"[5.0079569816589355, 4.5, 0.0]","[13.037320137023926, 4.5, 0.0]",0.019662635400897674,0.21109381318092346,-0.3636363893746445,8.026020050048187,0.1784831043332769,-0.0,0.0,-0.0,0.0
0.329143,"[5.008495807647705, 4.5, 0.0]","[13.041687965393066, 4.5, 0.0]",0.01238990761340503,0.21691705286502838,-0.36363638937463216,8.02936315536492,0.19143117778002577,-0.0,0.0,-0.0,0.0
0.349004,"[5.008889198303223, 4.5, 0.0]","[13.046199798583984, 4.5, 0.0]",0.005117179825913687,0.22293248772621155,-0.36363638937456716,8.03319215774529,0.20452714525162335,-0.0,0.0,-0.0,0.0
0.369715,"[5.009137153625488, 4.5, 0.0]","[13.050751686096191, 4.5, 0.0]",0.0021555474960647564,0.2290022224187851,-0.14808161649244653,8.037310600280762,0.21781530790029785,-0.0,0.0,-0.0,0.0
0.389888,"[5.009239673614502, 4.5, 0.0]","[13.055266380310059, 4.5, 0.0]",0.00942827481778347,0.23502197861671448,0.3636363660859357,8.041614532470632,0.22684667492272034,-0.0,0.0,-0.0,0.0
0.409497,"[5.009196758270264, 4.5, 0.0]","[13.059791564941406, 4.5, 0.0]",0.016701001673937087,0.24098962545394897,0.3636363428076808,8.046026706695272,0.225593703798931,-0.0,0.0,-0.0,0.0
0.430706,"[5.009008407592773, 4.5, 0.0]","[13.064967155456543, 4.5, 0.0]",0.02226289361716397,0.2474595457315445,0.2780945971613442,8.050594806671143,0.22428862378001188,-0.0,0.0,-0.0,0.0
0.450347,"[5.008674621582031, 4.5, 0.0]","[13.070140838623047, 4.5, 0.0]",0.014990165829664025,0.2472594976425171,-0.3636363893749973,8.05595874786377,0.22519665211438053,-0.0,0.0,-0.0,0.0
0.469962,"[5.0082292556762695, 4.5, 0.0]","[13.075140953063965, 4.5, 0.0]",0.019523797556758874,0.2601758539676666,0.22668158635474248,8.061466217041016,0.23226933181285306,-0.0,0.0,-0.0,0.0
0.489687,"[5.00792932510376, 4.5, 0.0]","[13.080388069152832, 4.5, 0.0]",0.01225106976926386,0.2600688934326172,-0.3636363893747507,8.066911697387624,0.24065205641090776,-0.0,0.0,-0.0,0.0
0.509503,"[5.007538795471191, 4.5, 0.0]","[13.085598945617676, 4.5, 0.0]",0.013142740353967083,0.2731757164001465,0.04458352923516111,8.072458744049072,0.24781782366335334,-0.0,0.0,-0.0,0.0
0.529744,"[5.007293701171875, 4.5, 0.0]","[13.091389656066895, 4.5, 0.0]",0.0058700125664687885,0.27332124114036566,-0.3636363893749147,8.078060150146198,0.2600329760461794,-0.0,0.0,-0.0,0.0
0.549622,"[5.007030963897705, 4.5, 0.0]","[13.097173690795898, 4.5, 0.0]",0.013062203302979471,0.28679269552230835,0.3596095368255341,8.084095954894734,0.26745122857389686,-0.0,0.0,-0.0,0.0
0.569133,"[5.006913661956787, 4.5, 0.0]","[13.102978706359863, 4.5, 0.0]",0.005789475515491942,0.28695520758628845,-0.3636363893743764,8.090142726898193,0.2737304922193289,-0.0,0.0,-0.0,0.0
0.590067,"[5.006652355194092, 4.5, 0.0]","[13.108747482299805, 4.5, 0.0]",0.0027528984938136407,0.30040863156318665,-0.15182885108391506,8.096065044403076,0.28116573207079654,-0.0,0.0,-0.0,0.0
0.609375,"[5.006536483764648, 4.5, 0.0]","[13.114624977111816, 4.5, 0.0]",0.004494024440667869,0.30058327317237854,0.08705629734271139,8.102095127105713,0.297655733069373,-0.0,0.0,-0.0,0.0
0.630118,"[5.006481647491455, 4.5, 0.0]","[13.121115684509277, 4.5, 0.0]",0.002778702881224909,0.314461886882782,-0.08576607797214797,8.108088493347095,0.29608924873171066,-0.0,0.0,-0.0,0.0
0.648908,"[5.006392002105713, 4.5, 0.0]","[13.127578735351562, 4.5, 0.0]",0.00449402444064949,0.3183096647262573,0.08576607797122905,8.114634037017174,0.3116831840015571,-0.0,0.0,-0.0,0.0
0.669523,"[5.006447792053223, 4.5, 0.0]","[13.134113311767578, 4.5, 0.0]",0.002778702881278649,0.32557037472724915,-0.08576607796854205,8.12118673324405,0.3138156402856078,-0.0,0.0,-0.0,0.0
0.689439,"[5.0063581466674805, 4.5, 0.0]","[13.140558242797852, 4.5, 0.0]",0.0037542695645549993,0.33273136615753174,0.04877833416381751,8.127665519714283,0.3227916718459705,-0.0,0.0,-0.0,0.0
0.70951,"[5.00641393661499, 4.5, 0.0]","[13.147144317626953, 4.5, 0.0]",0.003518457757369615,0.33997613191604614,-0.011790590359269217,8.134200096129721,0.32897709659297675,-0.0,0.0,-0.0,0.0
0.729885,"[5.006339073181152, 4.5, 0.0]","[13.154411315917969, 4.5, 0.0]",0.00193823245381289,0.34762558341026306,-0.07901126517783624,8.14073038101189,0.3364576741586765,-0.0,0.0,-0.0,0.0
0.749042,"[5.006409645080566, 4.5, 0.0]","[13.161601066589355, 4.5, 0.0]",0.005334495101230151,0.35519412159919744,0.16981313237086304,8.148072242736816,0.34568735095645015,-0.0,0.0,-0.0,0.0
0.769115,"[5.006371021270752, 4.5, 0.0]","[13.168854713439941, 4.5, 0.0]",0.0019382323376413027,0.3628300130367279,-0.1698131381794424,8.155191421508789,0.3498596264979673,-0.0,0.0,-0.0,0.0
0.789865,"[5.0064778327941895, 4.5, 0.0]","[13.176095962524414, 4.5, 0.0]",0.0053344951012887715,0.37045201659202576,0.16981313818237342,8.16248369216919,0.3608917806990866,-0.0,0.0,-0.0,0.0
0.809997,"[5.006439208984375, 4.5, 0.0]","[13.183431625366211, 4.5, 0.0]",0.0019382323372084587,0.3780981600284577,-0.16981313820401564,8.169618129730152,0.365117521490737,-0.0,0.0,-0.0,0.0
0.830321,"[5.0065460205078125, 4.5, 0.0]","[13.191461563110352, 4.5, 0.0]",0.005334495101124983,0.38612833619117737,0.16981313819582622,8.176992416381836,0.37615992769124923,-0.0,0.0,-0.0,0.0
0.849406,"[5.006507396697998, 4.5, 0.0]","[13.199456214904785, 4.5, 0.0]",0.001938232337164525,0.3941232860088349,-0.1698131381980229,8.184915542602539,0.3807938410900524,-0.0,0.0,-0.0,0.0
0.869824,"[5.0066142082214355, 4.5, 0.0]","[13.207459449768066, 4.5, 0.0]",0.005334495101197638,0.4021261930465698,0.1698131382016556,8.192948818206787,0.3921850536716704,-0.0,0.0,-0.0,0.0
0.889835,"[5.006575584411621, 4.5, 0.0]","[13.215452194213867, 4.5, 0.0]",0.0019382323374987115,0.41011896729469305,-0.1698131381849463,8.200845241546558,0.39679169794537217,-0.0,0.0,-0.0,0.0
0.910626,"[5.006682395935059, 4.5, 0.0]","[13.223607063293457, 4.5, 0.0]",0.005334495101366647,0.41819688677787786,0.16981313819339675,8.208876609802173,0.4081807349571943,-0.0,0.0,-0.0,0.0
0.929154,"[5.006643772125244, 4.5, 0.0]","[13.23215389251709, 4.5, 0.0]",0.001938232339067866,0.42633670568466187,-0.16981313811493903,8.216924667358398,0.41286239167651123,-0.0,0.0,-0.0,0.0
0.949039,"[5.006750583648682, 4.5, 0.0]","[13.241164207458496, 4.5, 0.0]",0.005263770000118418,0.4349184632301331,0.1662768830525276,8.225510120391554,0.424398473345594,-0.0,0.0,-0.0,0.0
0.970302,"[5.006711959838867, 4.5, 0.0]","[13.250290870666504, 4.5, 0.0]",0.002008957324649865,0.4436101019382477,-0.16274063377342765,8.234413623809157,0.4296546932300147,-0.0,0.0,-0.0,0.0
0.989759,"[5.00681734085083, 4.5, 0.0]","[13.259060859680176, 4.5, 0.0]",0.003642682685364371,0.45196288824081426,0.08168626803572529,8.243578910827564,0.44160114461359784,-0.0,0.0,-0.0,0.0
1.008793,"[5.006777286529541, 4.5, 0.0]","[13.267597198486328, 4.5, 0.0]",0.0036300446378556483,0.4600277245044709,-0.0006319023754361398,8.252243518829346,0.4483202055554499,-0.0,0.0,-0.0,0.0
1.03016,"[5.006850242614746, 4.5, 0.0]","[13.277486801147461, 4.5, 0.0]",0.0036426826846477425,0.46901836991310136,0.0006319023396047108,8.260819911956128,0.4563976798666152,-0.0,0.0,-0.0,0.0
1.049643,"[5.006777763366699, 4.5, 0.0]","[13.28713607788086, 4.5, 0.0]",0.0036300446372479213,0.47779050469398504,-0.0006319023699910596,8.270636558532054,0.4653756872284536,-0.0,0.0,-0.0,0.0
1.069342,"[5.006850719451904, 4.5, 0.0]","[13.29687213897705, 4.5, 0.0]",0.003642682684585481,0.4899745285511017,0.00063190236687799,8.280358314512986,0.4741604600567371,-0.0,0.0,-0.0,0.0
1.089856,"[5.006778240203857, 4.5, 0.0]","[13.306585311889648, 4.5, 0.0]",0.003630044637248697,0.4921379387378694,-0.0006319023668391972,8.290021419524484,0.4863318458665162,-0.0,0.0,-0.0,0.0
1.109081,"[5.0068511962890625, 4.5, 0.0]","[13.31612491607666, 4.5, 0.0]",0.0036426826847777947,0.5074129104614258,0.0006319023764548778,8.299807071685128,0.4885078941006207,-0.0,0.0,-0.0,0.0
1.129844,"[5.006778717041016, 4.5, 0.0]","[13.326916694641113, 4.5, 0.0]",0.0036300446375831723,0.510130524635315,-0.0006319023597311244,8.309273719786935,0.503770227776648,-0.0,0.0,-0.0,0.0
1.149191,"[5.006851673126221, 4.5, 0.0]","[13.337536811828613, 4.5, 0.0]",0.0036426826848775045,0.5260322093963623,0.0006319023647166112,8.320137977599803,0.5065004799977318,-0.0,0.0,-0.0,0.0
1.172755,"[5.006779193878174, 4.5, 0.0]","[13.348411560058594, 4.5, 0.0]",0.003630044637400376,0.5288215875625614,-0.0006319023738564139,8.330685138702098,0.5223895267114848,-0.0,0.0,-0.0,0.0
1.18949,"[5.006852149963379, 4.5, 0.0]","[13.358732223510742, 4.5, 0.0]",0.003642682685096092,0.5444629788398743,0.0006319023847857789,8.341632366179754,0.525191542925161,-0.0,0.0,-0.0,0.0
1.212432,"[5.006779670715332, 4.5, 0.0]","[13.369368553161621, 4.5, 0.0]",0.0036300446376857885,0.546973466873169,-0.000631902370515163,8.351880073544697,0.5408202961547782,-0.0,0.0,-0.0,0.0
1.231063,"[5.006852626800537, 4.5, 0.0]","[13.381171226501465, 4.5, 0.0]",0.0036426826845866248,0.5634759068489075,0.0006319023450418113,8.362588882445621,0.5433434222354832,-0.0,0.0,-0.0,0.0
1.248802,"[5.00678014755249, 4.5, 0.0]","[13.392172813415527, 4.5, 0.0]",0.0036300446374133905,0.5659772753715515,-0.0006319023586617107,8.37431859969974,0.5598332241643208,-0.0,0.0,-0.0,0.0
1.273296,"[5.006853103637695, 4.5, 0.0]","[13.404277801513672, 4.5, 0.0]",0.0036426826846844376,0.582731306552887,0.0006319023635523516,8.385392665862367,0.5623472307341382,-0.0,0.0,-0.0,0.0
1.28945,"[5.006780624389648, 4.5, 0.0]","[13.41553783416748, 4.5, 0.0]",0.00363004463728029,0.5854478478431702,-0.0006319023702073797,8.397424697874785,0.5790886238682025,-0.0,0.0,-0.0,0.0
1.309259,"[5.0068535804748535, 4.5, 0.0]","[13.42697525024414, 4.5, 0.0]",0.0036426826846661484,0.6015805006027222,0.0006319023692929202,8.408757209777534,0.5818178032058898,-0.0,0.0,-0.0,0.0
1.330278,"[5.006781101226807, 4.5, 0.0]","[13.439674377441406, 4.5, 0.0]",0.0036300446372590413,0.6050726771354675,-0.0006319023703553516,8.420121669768616,0.597937817918056,-0.0,0.0,-0.0,0.0
1.34937,"[5.006854057312012, 4.5, 0.0]","[13.452154159545898, 4.5, 0.0]",0.003642682684585528,0.6217235326766968,0.0006319023663243313,8.432893276213402,0.6014426324982085,-0.0,0.0,-0.0,0.0
1.369565,"[5.006781578063965, 4.5, 0.0]","[13.464760780334473, 4.5, 0.0]",0.003630044637258802,0.6251422762870791,-0.0006319023663363009,8.445300102233212,0.6180808499921112,-0.0,0.0,-0.0,0.0
1.390186,"[5.00685453414917, 4.5, 0.0]","[13.477568626403809, 4.5, 0.0]",0.003642682684632311,0.6420547366142273,0.0006319023686754454,8.457979202270208,0.6215122316498203,-0.0,0.0,-0.0,0.0
1.409566,"[5.006782054901123, 4.5, 0.0]","[13.489822387695312, 4.5, 0.0]",0.0036300446372507854,0.6450532674789429,-0.0006319023690762749,8.470714092253436,0.638412053929595,-0.0,0.0,-0.0,0.0
1.429123,"[5.006855010986328, 4.5, 0.0]","[13.503070831298828, 4.5, 0.0]",0.003642682684600883,0.6615341305732727,0.0006319023675048756,8.48304033279389,0.6414232228416921,-0.0,0.0,-0.0,0.0
1.449235,"[5.006782531738281, 4.5, 0.0]","[13.516823768615723, 4.5, 0.0]",0.0036300446372598194,0.6650548577308655,-0.0006319023670531753,8.496215820311821,0.6578914478886718,-0.0,0.0,-0.0,0.0
1.469432,"[5.006855487823486, 4.5, 0.0]","[13.530412673950195, 4.5, 0.0]",0.0036426826846289824,0.6817868947982788,0.0006319023684581496,8.510041236877365,0.6614248130936057,-0.0,0.0,-0.0,0.0
1.490125,"[5.0067830085754395, 4.5, 0.0]","[13.544270515441895, 4.5, 0.0]",0.003630044637250607,0.6853854060173036,-0.000631902368918762,8.523557186126407,0.6781442121136498,-0.0,0.0,-0.0,0.0
1.508653,"[5.0068559646606445, 4.5, 0.0]","[13.557221412658691, 4.5, 0.0]",0.003642682684586098,0.7015319466590881,0.0006319023667745354,8.537487506866379,0.681755361380053,-0.0,0.0,-0.0,0.0
1.529741,"[5.006783485412598, 4.5, 0.0]","[13.572013854980469, 4.5, 0.0]",0.0036300446372571618,0.7050669193267822,-0.0006319023664468027,8.550365447997745,0.697889263974502,-0.0,0.0,-0.0,0.0
1.550411,"[5.006856441497803, 4.5, 0.0]","[13.586969375610352, 4.5, 0.0]",0.0036426826846449657,0.7220478653907776,0.0006319023693901948,8.565230369567187,0.7014368746895251,-0.0,0.0,-0.0,0.0
1.569746,"[5.006783962249756, 4.5, 0.0]","[13.601073265075684, 4.5, 0.0]",0.003630044637262984,0.7284414768218994,-0.0006319023690990865,8.580112934111863,0.7184051827061326,-0.0,0.0,-0.0,0.0
1.589751,"[5.006856918334961, 4.5, 0.0]","[13.615579605102539, 4.5, 0.0]",0.0036426826846169395,0.738445520401001,0.0006319023676977769,8.594289302825242,0.7248114321846364,-0.0,0.0,-0.0,0.0
1.609562,"[5.006784439086914, 4.5, 0.0]","[13.63019847869873, 4.5, 0.0]",0.0036300446374124616,0.7484075427055359,-0.0006319023602238943,8.60872268676689,0.734802837716384,-0.0,0.0,-0.0,0.0
1.630031,"[5.006857395172119, 4.5, 0.0]","[13.645655632019043, 4.5, 0.0]",0.003642682684646185,0.7583799362182617,0.0006319023616861794,8.623414039611127,0.7447774980681234,-0.0,0.0,-0.0,0.0
1.6493,"[5.006784915924072, 4.5, 0.0]","[13.661194801330566, 4.5, 0.0]",0.0036300446372633426,0.7684051394462585,-0.0006319023691421293,8.638798236846235,0.7547372535336155,-0.0,0.0,-0.0,0.0
1.670099,"[5.006857872009277, 4.5, 0.0]","[13.67719554901123, 4.5, 0.0]",0.0036426826845860844,0.7787286043167115,0.0006319023661370896,8.654409885405803,0.7647750948089952,-0.0,0.0,-0.0,0.0
1.689792,"[5.0067853927612305, 4.5, 0.0]","[13.692564964294434, 4.5, 0.0]",0.0036300446372487835,0.7886438965797424,-0.0006319023668650446,8.67033767700126,0.7750859216321254,-0.0,0.0,-0.0,0.0
1.711137,"[5.0068583488464355, 4.5, 0.0]","[13.70773983001709, 4.5, 0.0]",0.0036426826846107643,0.7983274459838867,0.0006319023680990401,8.68577957153251,0.7850138519424936,-0.0,0.0,-0.0,0.0
1.729683,"[5.006785869598389, 4.5, 0.0]","[13.724230766296387, 4.5, 0.0]",0.003630044637699836,0.8083218932151794,-0.0006319023455464206,8.70088148116996,0.794684763299276,-0.0,0.0,-0.0,0.0
1.749285,"[5.006858825683594, 4.5, 0.0]","[13.740825653076172, 4.5, 0.0]",0.003642682684847282,0.8183789253234863,0.0006319023573723125,8.717444896697302,0.8046918485774797,-0.0,0.0,-0.0,0.0
1.770457,"[5.006786346435547, 4.5, 0.0]","[13.757481575012207, 4.5, 0.0]",0.003630044637296304,0.828473687171936,-0.0006319023775489029,8.733966827391882,0.8147362426386391,-0.0,0.0,-0.0,0.0
1.789719,"[5.006859302520752, 4.5, 0.0]","[13.773940086364746, 4.5, 0.0]",0.0036426826845870315,0.8384488224983215,0.0006319023645363735,8.750695228575962,0.8248436425346397,-0.0,0.0,-0.0,0.0
1.809315,"[5.006786823272705, 4.5, 0.0]","[13.790547370910645, 4.5, 0.0]",0.003630044637275934,0.8484079837799072,-0.000631902365554873,8.767080783843683,0.8348061398137345,-0.0,0.0,-0.0,0.0
1.832633,"[5.00685977935791, 4.5, 0.0]","[13.808084487915039, 4.5, 0.0]",0.0036426826849645824,0.8584293127059937,0.0006319023844324157,8.783760547637238,0.8447779391426313,-0.0,0.0,-0.0,0.0
1.849461,"[5.006787300109863, 4.5, 0.0]","[13.825507164001465, 4.5, 0.0]",0.0036300446376796983,0.8683850765228271,-0.0006319023642442027,8.801224708556818,0.8547866300210291,-0.0,0.0,-0.0,0.0
1.870157,"[5.006860256195068, 4.5, 0.0]","[13.84310531616211, 4.5, 0.0]",0.0036426826847715974,0.8784411549568176,0.0006319023545949551,8.818719863890898,0.8647550318851475,-0.0,0.0,-0.0,0.0
1.889492,"[5.0067877769470215, 4.5, 0.0]","[13.86057186126709, 4.5, 0.0]",0.003630044637251756,0.888421893119812,-0.0006319023759920753,8.836245059966728,0.874798472272046,-0.0,0.0,-0.0,0.0
1.90981,"[5.006860733032227, 4.5, 0.0]","[13.878173828125, 4.5, 0.0]",0.003642682684753282,0.8983822464942932,0.0006319023750762931,8.853784084319361,0.8847918484825602,-0.0,0.0,-0.0,0.0
1.93213,"[5.00678825378418, 4.5, 0.0]","[13.89698600769043, 4.5, 0.0]",0.003630044638205166,0.9085507988929751,-0.0006319023274057884,8.871313095092459,0.8947395638095399,-0.0,0.0,-0.0,0.0
1.949212,"[5.006861209869385, 4.5, 0.0]","[13.915189743041992, 4.5, 0.0]",0.003642682685925576,0.9183908104896545,0.00063190238602049,8.89019775390554,0.9049207542547699,-0.0,0.0,-0.0,0.0
1.969291,"[5.006788730621338, 4.5, 0.0]","[13.933813095092773, 4.5, 0.0]",0.0036300446381014005,0.9284576177597046,-0.0006319023912087661,8.908328533172291,0.9147481278037289,-0.0,0.0,-0.0,0.0
1.99009,"[5.006861686706543, 4.5, 0.0]","[13.952799797058105, 4.5, 0.0]",0.0036426826854116757,0.9420539140701294,0.00063190236551376,8.927024364470723,0.9248275731216032,-0.0,0.0,-0.0,0.0
2.009331,"[5.006789207458496, 4.5, 0.0]","[13.970844268798828, 4.5, 0.0]",0.0036300446374955323,0.9450482726097108,-0.000631902395807171,8.945938110351246,0.9384112313847177,-0.0,0.0,-0.0,0.0
2.029653,"[5.006862163543701, 4.5, 0.0]","[13.99036979675293, 4.5, 0.0]",0.0036426826845937323,0.9617282152175903,0.0006319023549100026,8.964055061339616,0.9414182279722153,-0.0,0.0,-0.0,0.0
2.049486,"[5.006789684295654, 4.5, 0.0]","[14.009920120239258, 4.5, 0.0]",0.0036300446372852417,0.9650872945785524,-0.0006319023654245302,8.98350763320891,0.9580855325329966,-0.0,0.0,-0.0,0.0
2.069895,"[5.006862640380859, 4.5, 0.0]","[14.02993106842041, 4.5, 0.0]",0.003642682684802968,0.98201584815979,0.0006319023758863222,9.003130435942884,0.9614572499412671,-0.0,0.0,-0.0,0.0
2.090683,"[5.0067901611328125, 4.5, 0.0]","[14.049503326416016, 4.5, 0.0]",0.0036300446382397608,0.9853864908218385,-0.0006319023281603714,9.023068428039231,0.9783731654749871,-0.0,0.0,-0.0,0.0
2.10937,"[5.006863117218018, 4.5, 0.0]","[14.068548202514648, 4.5, 0.0]",0.0036426826861885165,1.0017306804656982,0.0006319023974377894,9.042713165282482,0.9817564461835987,-0.0,0.0,-0.0,0.0
2.129822,"[5.006790637969971, 4.5, 0.0]","[14.089067459106445, 4.5, 0.0]",0.0036300446388478217,1.0050734281539917,-0.0006319023670347439,9.06168508529631,0.9980879977795097,-0.0,0.0,-0.0,0.0
2.149103,"[5.006863594055176, 4.5, 0.0]","[14.109517097473145, 4.5, 0.0]",0.003642682685455779,1.021715760231018,0.0006319023303978611,9.08227682113575,1.001443383515144,-0.0,0.0,-0.0,0.0
2.169399,"[5.006791114807129, 4.5, 0.0]","[14.130181312561035, 4.5, 0.0]",0.0036300446374619385,1.0251291990280151,-0.0006319023996920192,9.102653503417647,1.0180730775455622,-0.0,0.0,-0.0,0.0
2.190474,"[5.006864070892334, 4.5, 0.0]","[14.151204109191895, 4.5, 0.0]",0.003642682684658453,1.042050838470459,0.0006319023598257319,9.123390197753178,1.0214991543905532,-0.0,0.0,-0.0,0.0
2.209275,"[5.006791591644287, 4.5, 0.0]","[14.171189308166504, 4.5, 0.0]",0.003630044637339117,1.0450493097305298,-0.0006319023659668048,9.144340038299237,1.0384081557858005,-0.0,0.0,-0.0,0.0
2.229962,"[5.006864547729492, 4.5, 0.0]","[14.193340301513672, 4.5, 0.0]",0.0036426826846712263,1.0620187520980835,0.0006319023666054649,9.164397716521485,1.0414192650931906,-0.0,0.0,-0.0,0.0
2.249877,"[5.006792068481445, 4.5, 0.0]","[14.214926719665527, 4.5, 0.0]",0.0036300446373618957,1.0653924942016602,-0.0006319023654665322,9.186475753783855,1.0583760694134123,-0.0,0.0,-0.0,0.0
2.269683,"[5.00686502456665, 4.5, 0.0]","[14.236227989196777, 4.5, 0.0]",0.003642682684658534,1.0819666385650635,0.0006319023648319053,9.208134651183347,1.0617624495642983,-0.0,0.0,-0.0,0.0
2.289874,"[5.0067925453186035, 4.5, 0.0]","[14.257447242736816, 4.5, 0.0]",0.003630044637333286,1.0851691961288452,-0.00063190236626238,9.2293629646298,1.078323955880405,-0.0,0.0,-0.0,0.0
2.309202,"[5.006865501403809, 4.5, 0.0]","[14.278463363647461, 4.5, 0.0]",0.0036426826846293475,1.101539134979248,0.0006319023648030655,9.250654697417474,1.081539151491512,-0.0,0.0,-0.0,0.0
2.329537,"[5.006793022155762, 4.5, 0.0]","[14.301434516906738, 4.5, 0.0]",0.003630044637278608,1.1050821542739868,-0.000631902367536968,9.271597862243324,1.0978964522946186,-0.0,0.0,-0.0,0.0
2.35004,"[5.006865978240967, 4.5, 0.0]","[14.32460880279541, 4.5, 0.0]",0.0036426826846738367,1.1220486164093018,0.0006319023697614256,9.294641494750234,1.1014521096367083,-0.0,0.0,-0.0,0.0
2.369896,"[5.00679349899292, 4.5, 0.0]","[14.346556663513184, 4.5, 0.0]",0.0036300446372837165,1.125136375427246,-0.0006319023695060093,9.317742824554113,1.118405933724628,-0.0,0.0,-0.0,0.0
2.389778,"[5.006866455078125, 4.5, 0.0]","[14.368596076965332, 4.5, 0.0]",0.0036426826845895955,1.141598105430603,0.0006319023652939489,9.339763164519518,1.1215063307899624,-0.0,0.0,-0.0,0.0
2.409429,"[5.006793975830078, 4.5, 0.0]","[14.391222953796387, 4.5, 0.0]",0.0036300446372589936,1.144917607307434,-0.0006319023665300912,9.361729621886875,1.1379554227460134,-0.0,0.0,-0.0,0.0
2.430982,"[5.006866931915283, 4.5, 0.0]","[14.41519546508789, 4.5, 0.0]",0.0036426826847163044,1.1617851257324219,0.0006319023728655398,9.384428977965559,1.141287562670175,-0.0,0.0,-0.0,0.0
2.449481,"[5.006794452667236, 4.5, 0.0]","[14.438579559326172, 4.5, 0.0]",0.003630044637359002,1.1650694608688354,-0.0006319023678651127,9.408328533172273,1.1581424430477056,-0.0,0.0,-0.0,0.0
2.473191,"[5.006867408752441, 4.5, 0.0]","[14.462212562561035, 4.5, 0.0]",0.0036426826848673525,1.1817926168441772,0.0006319023754175132,9.431785106658182,1.1614394162314765,-0.0,0.0,-0.0,0.0
2.489586,"[5.0067949295043945, 4.5, 0.0]","[14.485695838928223, 4.5, 0.0]",0.0036300446372526268,1.188452243804932,-0.0006319023807362838,9.455345153808258,1.1781499341593098,-0.0,0.0,-0.0,0.0
2.509731,"[5.0068678855896, 4.5, 0.0]","[14.508904457092285, 4.5, 0.0]",0.003642682684593016,1.1949269771575928,0.0006319023670194567,9.478900909423071,1.1848221991676795,-0.0,0.0,-0.0,0.0
2.530595,"[5.006795406341553, 4.5, 0.0]","[14.533501625061035, 4.5, 0.0]",0.003630044637416608,1.2116330862045288,-0.0006319023588203946,9.50203657150235,1.1912842944729998,-0.0,0.0,-0.0,0.0
2.550094,"[5.006868362426758, 4.5, 0.0]","[14.558319091796875, 4.5, 0.0]",0.0036426826846378568,1.2150959968566895,0.0006319023610624379,9.526706218718722,1.2080030415671121,-0.0,0.0,-0.0,0.0
2.569596,"[5.006795883178711, 4.5, 0.0]","[14.582897186279297, 4.5, 0.0]",0.0036300446374209596,1.2317949533462524,-0.0006319023608448602,9.55145072936978,1.2114533141720516,-0.0,0.0,-0.0,0.0
2.58963,"[5.006868839263916, 4.5, 0.0]","[14.60739517211914, 4.5, 0.0]",0.00364268268463955,1.235127329826355,0.0006319023609295147,9.576101303099822,1.2281649087088315,-0.0,0.0,-0.0,0.0
2.609663,"[5.006796360015869, 4.5, 0.0]","[14.631953239440918, 4.5, 0.0]",0.003630044637290385,1.2517462968826294,-0.0006319023674582333,9.600526332854885,1.2314846471417153,-0.0,0.0,-0.0,0.0
2.630014,"[5.006869316101074, 4.5, 0.0]","[14.657516479492188, 4.5, 0.0]",0.0036426826845937185,1.2551045417785645,0.0006319023651666636,9.62515687942428,1.248116252245339,-0.0,0.0,-0.0,0.0
2.649967,"[5.006796836853027, 4.5, 0.0]","[14.682586669921875, 4.5, 0.0]",0.0036300446372703327,1.2716025114059448,-0.0006319023661692904,9.650647163390772,1.2514618590939708,-0.0,0.0,-0.0,0.0
2.669192,"[5.006869792938232, 4.5, 0.0]","[14.708050727844238, 4.5, 0.0]",0.0036426826847272835,1.2749220132827759,0.0006319023728475421,9.675789833068075,1.2679724667686745,-0.0,0.0,-0.0,0.0
2.690082,"[5.0067973136901855, 4.5, 0.0]","[14.733694076538086, 4.5, 0.0]",0.003630044637365827,1.2916449308395386,-0.0006319023680728241,9.701180934905663,1.2712793305980485,-0.0,0.0,-0.0,0.0
2.709754,"[5.006870269775391, 4.5, 0.0]","[14.759601593017578, 4.5, 0.0]",0.003642682684691517,1.295069694519043,0.0006319023662844977,9.726896762847124,1.2880148862021727,-0.0,0.0,-0.0,0.0
2.730038,"[5.006797790527344, 4.5, 0.0]","[14.786194801330566, 4.5, 0.0]",0.0036300446372776324,1.3117715120315552,-0.0006319023706942298,9.752731323241843,1.2914270118343514,-0.0,0.0,-0.0,0.0
2.749457,"[5.006870746612549, 4.5, 0.0]","[14.812629699707031, 4.5, 0.0]",0.0036426826845914685,1.3150804042816162,0.0006319023656918077,9.779397010802443,1.3081414673942775,-0.0,0.0,-0.0,0.0
2.769645,"[5.006798267364502, 4.5, 0.0]","[14.839268684387207, 4.5, 0.0]",0.0036300446373042773,1.3317996263504028,-0.0006319023643595618,9.805758953094134,1.3114377215970248,-0.0,0.0,-0.0,0.0
2.789533,"[5.006871223449707, 4.5, 0.0]","[14.865201950073242, 4.5, 0.0]",0.003642682684639775,1.3349190950393677,0.0006319023667748823,9.83247041702192,1.3281695817130985,-0.0,0.0,-0.0,0.0
2.809062,"[5.00679874420166, 4.5, 0.0]","[14.891736030578613, 4.5, 0.0]",0.0036300446372527734,1.351540207862854,-0.0006319023693500793,9.858330726623185,1.3312764123547278,-0.0,0.0,-0.0,0.0
2.829674,"[5.006871700286865, 4.5, 0.0]","[14.919798851013184, 4.5, 0.0]",0.00364268268458645,1.3550783395767212,0.000631902366683831,9.884937286376164,1.3479101632256012,-0.0,0.0,-0.0,0.0
2.849352,"[5.006799221038818, 4.5, 0.0]","[14.94726276397705, 4.5, 0.0]",0.003630044637276929,1.3717319965362549,-0.0006319023654760515,9.912927150725967,1.3514356568921349,-0.0,0.0,-0.0,0.0
2.869477,"[5.006872177124023, 4.5, 0.0]","[14.97457504272461, 4.5, 0.0]",0.0036426826846500952,1.3749969005584717,0.000631902368658315,9.940463542937438,1.3681019518989779,-0.0,0.0,-0.0,0.0
2.889468,"[5.006799697875977, 4.5, 0.0]","[15.002388000488281, 4.5, 0.0]",0.0036300446372766284,1.3917772769927979,-0.000631902368673342,9.967702865600232,1.3713542178738216,-0.0,0.0,-0.0,0.0
2.910152,"[5.006872653961182, 4.5, 0.0]","[15.030014991760254, 4.5, 0.0]",0.0036426826846171095,1.3984264135360718,0.0006319023670240537,9.995588302611507,1.3881472323555213,-0.0,0.0,-0.0,0.0
2.930006,"[5.006800174713135, 4.5, 0.0]","[15.05799388885498, 4.5, 0.0]",0.0036300446372531394,1.4082436561584473,-0.0006319023681985048,10.023142337798717,1.3947837308514546,-0.0,0.0,-0.0,0.0
2.949612,"[5.00687313079834, 4.5, 0.0]","[15.08702564239502, 4.5, 0.0]",0.0036426826846023704,1.418429970741272,0.0006319023674615509,10.051193714141043,1.404613611521194,-0.0,0.0,-0.0,0.0
2.969589,"[5.006800651550293, 4.5, 0.0]","[15.115626335144043, 4.5, 0.0]",0.003630044637314411,1.428465485572815,-0.0006319023643979642,10.080152511596323,1.4147872880566696,-0.0,0.0,-0.0,0.0
2.989667,"[5.006873607635498, 4.5, 0.0]","[15.144120216369629, 4.5, 0.0]",0.003642682684769302,1.4384633302688599,0.0006319023727445429,10.108825683592944,1.4248354409355006,-0.0,0.0,-0.0,0.0
3.009369,"[5.006801128387451, 4.5, 0.0]","[15.172618865966797, 4.5, 0.0]",0.003630044637519415,1.4484018087387085,-0.0006319023624943437,10.137246608733772,1.4348206475840906,-0.0,0.0,-0.0,0.0
3.030143,"[5.006874084472656, 4.5, 0.0]","[15.202189445495605, 4.5, 0.0]",0.0036426826846601193,1.4584258794784546,0.0006319023570352123,10.165817737578534,1.444771764101189,-0.0,0.0,-0.0,0.0
3.049784,"[5.006801605224609, 4.5, 0.0]","[15.231659889221191, 4.5, 0.0]",0.003630044637302521,1.4684158563613892,-0.0006319023678799229,10.195315361022589,1.4547831967937945,-0.0,0.0,-0.0,0.0
3.069634,"[5.0068745613098145, 4.5, 0.0]","[15.261301040649414, 4.5, 0.0]",0.003642682684587211,1.4784635305404663,0.0006319023642345099,10.224858283995767,1.4647858117240866,-0.0,0.0,-0.0,0.0
3.08934,"[5.006802082061768, 4.5, 0.0]","[15.290186882019043, 4.5, 0.0]",0.0036300446372553377,1.488255500793457,-0.0006319023665936688,10.254426479339237,1.474820847855879,-0.0,0.0,-0.0,0.0
3.109617,"[5.006875038146973, 4.5, 0.0]","[15.319785118103027, 4.5, 0.0]",0.0036426826846868935,1.4982354640960693,0.0006319023715777895,10.283384799956455,1.4846254561562018,-0.0,0.0,-0.0,0.0
3.131521,"[5.006802558898926, 4.5, 0.0]","[15.350435256958008, 4.5, 0.0]",0.003630044637340312,1.5082848072052002,-0.0006319023673290831,10.312910079955689,1.4945927814113824,-0.0,0.0,-0.0,0.0
3.149524,"[5.006875514984131, 4.5, 0.0]","[15.381294250488281, 4.5, 0.0]",0.003642682684666039,1.5184024572372437,0.0006319023662863625,10.343632698058256,1.50465476256786,-0.0,0.0,-0.0,0.0
3.170005,"[5.006803035736084, 4.5, 0.0]","[15.41196346282959, 4.5, 0.0]",0.0036300446372838427,1.5284578800201416,-0.0006319023691098201,10.374418735503783,1.5147597745525776,-0.0,0.0,-0.0,0.0
3.189581,"[5.006875991821289, 4.5, 0.0]","[15.442439079284668, 4.5, 0.0]",0.0036426826845867297,1.538450002670288,0.0006319023651443507,10.405160427092675,1.5248278353828577,-0.0,0.0,-0.0,0.0
3.209991,"[5.006803512573242, 4.5, 0.0]","[15.47265625, 4.5, 0.0]",0.003630044637291646,1.5483037233352661,-0.0006319023647541897,10.43556308746301,1.5348073199857013,-0.0,0.0,-0.0,0.0
3.229124,"[5.006876468658447, 4.5, 0.0]","[15.504430770874023, 4.5, 0.0]",0.003642682684637959,1.558390736579895,0.0006319023673156607,10.465852737425923,1.5446736786979745,-0.0,0.0,-0.0,0.0
3.249428,"[5.0068039894104, 4.5, 0.0]","[15.535951614379883, 4.5, 0.0]",0.0036300446373347547,1.5683972835540771,-0.0006319023651602234,10.497554302215205,1.5547480538952572,-0.0,0.0,-0.0,0.0
3.269778,"[5.0068769454956055, 4.5, 0.0]","[15.567682266235352, 4.5, 0.0]",0.0036426826845890204,1.5784704685211182,0.0006319023627132875,10.529147624968642,1.5647672389167424,-0.0,0.0,-0.0,0.0
3.290856,"[5.006804466247559, 4.5, 0.0]","[15.599451065063477, 4.5, 0.0]",0.003630044637248716,1.5885558128356938,-0.0006319023670152283,10.560805320739371,1.5748277858365292,-0.0,0.0,-0.0,0.0
3.310205,"[5.006877422332764, 4.5, 0.0]","[15.630658149719238, 4.5, 0.0]",0.0036426826846299963,1.5984076261520386,0.0006319023690640234,10.592646598815072,1.584925768198445,-0.0,0.0,-0.0,0.0
3.330058,"[5.006804943084717, 4.5, 0.0]","[15.663338661193848, 4.5, 0.0]",0.003630044637288257,1.6117966175079346,-0.0006319023670869591,10.623780727386098,1.5947649434674085,-0.0,0.0,-0.0,0.0
3.349572,"[5.006877899169922, 4.5, 0.0]","[15.69567584991455, 4.5, 0.0]",0.0036426826846139475,1.6150797605514526,0.0006319023662845194,10.65653371810828,1.6081665728706462,-0.0,0.0,-0.0,0.0
3.369319,"[5.006805419921875, 4.5, 0.0]","[15.727783203125, 4.5, 0.0]",0.003630044637252282,1.6316255331039429,-0.0006319023680832758,10.68879795074425,1.6114370778668388,-0.0,0.0,-0.0,0.0
3.38975,"[5.00687837600708, 4.5, 0.0]","[15.760858535766602, 4.5, 0.0]",0.0036426826845893795,1.6351361274719238,0.0006319023668548748,10.720977783202269,1.6279954884666905,-0.0,0.0,-0.0,0.0
3.409552,"[5.006805896759033, 4.5, 0.0]","[15.793373107910156, 4.5, 0.0]",0.0036300446372505616,1.6517530679702759,-0.0006319023669408954,10.753980159759141,1.6314934447873344,-0.0,0.0,-0.0,0.0
3.429521,"[5.006878852844238, 4.5, 0.0]","[15.826783180236816, 4.5, 0.0]",0.0036426826845876543,1.655059576034546,0.0006319023668546362,10.786567211150262,1.6481230233330253,-0.0,0.0,-0.0,0.0
3.449805,"[5.006806373596191, 4.5, 0.0]","[15.860309600830078, 4.5, 0.0]",0.02556074038147966,1.67173433303833,1.0959028848446002,10.819904327392194,1.6514168933499582,0.3968238830566406,0.0,0.3968238830566406,0.0
3.46983,"[5.0068793296813965, 4.5, 0.0]","[15.894027709960938, 4.5, 0.0]",0.04747879877686586,1.6751326322555542,1.09590291976931,10.85350322723302,1.6461735926568504,0.3968238830566406,0.0,0.3968238830566406,0.0
3.489167,"[5.00739049911499, 4.5, 0.0]","[15.92678451538086, 4.5, 0.0]",0.06942489743233414,1.691577434539795,1.0973049327734141,10.887148380279445,1.6276538334786883,0.397331565618515,0.0,0.397331565618515,0.0
3.510301,"[5.008339881896973, 4.5, 0.0]","[15.96117877960205, 4.5, 0.0]",0.09144759178162225,1.6951243877410889,1.1011347174644053,10.919394016265771,1.6221525371074608,0.3987184539437294,0.0,0.3987184539437294,0.0
3.529091,"[5.00972843170166, 4.5, 0.0]","[15.994978904724121, 4.5, 0.0]",0.11357825994492252,1.7115882635116577,1.1065334081650133,10.95283889770469,1.6036767959594667,0.4006730392575264,0.0,0.4006730392575264,0.0
3.550501,"[5.011557579040527, 4.5, 0.0]","[16.030071258544922, 4.5, 0.0]",0.13585267961026193,1.7150928974151611,1.1137209832669706,10.985250473022072,1.5980100035667353,0.40327560156583786,0.0,0.40327560156583786,0.0
3.569432,"[5.013829231262207, 4.5, 0.0]","[16.064096450805664, 4.5, 0.0]",0.15829072892666773,1.7316220998764038,1.1219024658202903,11.018513679504004,1.5792402178048992,0.4062381014227867,0.0,0.4062381014227867,0.0
3.589177,"[5.016546249389648, 4.5, 0.0]","[16.09845542907715, 4.5, 0.0]",0.18090467154981202,1.7349145412445068,1.1306971311572143,11.050267219543066,1.573331370949736,0.409422405064106,0.0,0.409422405064106,0.0
3.609485,"[5.019711971282959, 4.5, 0.0]","[16.13368797302246, 4.5, 0.0]",0.20370040833951922,1.751742959022522,1.1397868394853599,11.081909179687402,1.554009869694695,0.41271399706602097,0.0,0.41271399706602097,0.0
3.629569,"[5.023330211639404, 4.5, 0.0]","[16.169233322143555, 4.5, 0.0]",0.22555765509607495,1.7550894021987917,1.0928623378277866,11.113976001739502,1.5480425506830027,0.3957226499915123,0.0,0.3957226499915123,0.0
3.650165,"[5.027404308319092, 4.5, 0.0]","[16.20471954345703, 4.5, 0.0]",0.24760255217553986,1.771752119064331,1.1022448539732457,11.145903110503756,1.5295317471027168,0.39911989122629166,0.0,0.39911989122629166,0.0
3.669325,"[5.031915664672852, 4.5, 0.0]","[16.23994255065918, 4.5, 0.0]",0.26982936263086843,1.7750074863433838,1.1113405227664284,11.17731523513784,1.5241495668887912,0.40241483598947525,0.0,0.40241483598947525,0.0
3.689413,"[5.036867618560791, 4.5, 0.0]","[16.275142669677734, 4.5, 0.0]",0.29223093390465715,1.7915894985198975,1.1200785636894361,11.208026885985433,1.5051781237125152,0.4055768623948097,0.0,0.4055768623948097,0.0
3.710226,"[5.042263984680176, 4.5, 0.0]","[16.311420440673828, 4.5, 0.0]",0.31479880213739375,1.7950924634933472,1.12839341163683,11.238275051116545,1.4993585646152403,0.4085894301533699,0.0,0.4085894301533699,0.0
3.729093,"[5.0481085777282715, 4.5, 0.0]","[16.34731101989746, 4.5, 0.0]",0.33611783385279465,1.8115918636322021,1.0659515857700446,11.269156455993253,1.4802936613559534,0.3859793022274971,0.0,0.3859793022274971,0.0
3.750085,"[5.0544047355651855, 4.5, 0.0]","[16.384328842163086, 4.5, 0.0]",0.3575961291790306,1.8150672912597656,1.073914766311798,11.29920244216919,1.4754740297794076,0.38886159658432007,0.0,0.38886159658432007,0.0
3.769834,"[5.061127185821533, 4.5, 0.0]","[16.421369552612305, 4.5, 0.0]",0.3792254626751227,1.831882357597351,1.0814666748046042,11.3299241065979,1.457471162080735,0.39159737527370453,0.0,0.39159737527370453,0.0
3.789988,"[5.068279266357422, 4.5, 0.0]","[16.457548141479492, 4.5, 0.0]",0.400998562574419,1.835127353668213,1.088654994964816,11.360242366790771,1.4526568949222285,0.3941989317536354,0.0,0.3941989317536354,0.0
3.809124,"[5.075863838195801, 4.5, 0.0]","[16.493328094482422, 4.5, 0.0]",0.4229087531566939,1.851554274559021,1.0955095291137444,11.389268875121969,1.4341287910937939,0.3966805711388588,0.0,0.3966805711388588,0.0
3.829243,"[5.083883762359619, 4.5, 0.0]","[16.53155517578125, 4.5, 0.0]",0.44386264681818194,1.8550814390182495,1.0476946830744016,11.417464256286621,1.428645521402327,0.37936706095933914,0.0,0.37936706095933914,0.0
3.849824,"[5.092341899871826, 4.5, 0.0]","[16.56897735595703, 4.5, 0.0]",0.4649442136287714,1.871727466583252,1.054078340529474,11.44767141342163,1.4112187922000676,0.3816784918308258,0.0,0.3816784918308258,0.0
3.869346,"[5.101219177246094, 4.5, 0.0]","[16.60673713684082, 4.5, 0.0]",0.48615023493766796,1.8784632682800293,1.0603010654448268,11.476635456085205,1.4067832529544806,0.3839324414730072,0.0,0.3839324414730072,0.0
3.889542,"[5.110517978668213, 4.5, 0.0]","[16.64421844482422, 4.5, 0.0]",0.5074746608734142,1.888458490371704,1.066221296787312,11.505517959594727,1.3923130333423615,0.3860759735107422,0.0,0.3860759735107422,0.0
3.910372,"[5.120241165161133, 4.5, 0.0]","[16.682926177978516, 4.5, 0.0]",0.5279626846313515,1.8987253904342651,1.0244011878968673,11.533700466156006,1.38098382949829,0.3709312900900841,0.0,0.3709312900900841,0.0
3.930382,"[5.130390644073486, 4.5, 0.0]","[16.72041893005371, 4.5, 0.0]",0.5485703945159931,1.9084635972976685,1.0303854942320778,11.56268501281728,1.3707627058029135,0.3730981796979904,0.0,0.3730981796979904,0.0
3.950254,"[5.140949726104736, 4.5, 0.0]","[16.75812530517578, 4.5, 0.0]",0.5692934989929214,1.918257474899292,1.0361552238464133,11.590028285980122,1.3598932027816755,0.37519078701734543,0.0,0.37519078701734543,0.0
3.969364,"[5.151921272277832, 4.5, 0.0]","[16.797378540039062, 4.5, 0.0]",0.5901255607605058,1.9284532070159919,1.0416030883792227,11.617175579071045,1.3489639759063707,0.3771623596549034,0.0,0.3771623596549034,0.0
3.989434,"[5.163307189941406, 4.5, 0.0]","[16.835866928100586, 4.5, 0.0]",0.6110644340515243,1.93845009803772,1.0469436645509256,11.645457267761127,1.338327646255486,0.3790973871946335,0.0,0.3790973871946335,0.0
4.009564,"[5.17510986328125, 4.5, 0.0]","[16.87438201904297, 4.5, 0.0]",0.6309108734130964,1.9484087228775024,0.9923219680786022,11.67255973815918,1.3273856639861956,0.359315425157547,0.0,0.359315425157547,0.0
4.029526,"[5.187331199645996, 4.5, 0.0]","[16.9140625, 4.5, 0.0]",0.6508691310882664,1.9584544897079468,0.9979128837585005,11.699272155761719,1.317497849464406,0.36134228110313416,0.0,0.36134228110313416,0.0
4.050464,"[5.199949264526367, 4.5, 0.0]","[16.953359603881836, 4.5, 0.0]",0.6709377765655626,1.9684032201766968,1.0034322738648127,11.726731300354004,1.3075853586196804,0.3633391112089157,0.0,0.3633391112089157,0.0
4.069334,"[5.212966442108154, 4.5, 0.0]","[16.99263572692871, 4.5, 0.0]",0.6911118030548203,1.9783465862274172,1.008701324462885,11.753410339355469,1.2974654436111341,0.36524929106235504,0.0,0.36524929106235504,0.0
4.089583,"[5.226385116577148, 4.5, 0.0]","[17.032621383666992, 4.5, 0.0]",0.711390733718877,1.988469481468201,1.0139465332028308,11.779669284820557,1.2872347831725968,0.367148220539093,0.0,0.367148220539093,0.0
4.109994,"[5.240207195281982, 4.5, 0.0]","[17.07233238220215, 4.5, 0.0]",0.730706930160523,1.9984771013259888,0.965809822082303,11.806236267089739,1.277078747749324,0.34971781075000763,0.0,0.34971781075000763,0.0
4.132079,"[5.254435062408447, 4.5, 0.0]","[17.11314582824707, 4.5, 0.0]",0.749919176101685,2.008554220199585,0.9606122970580999,11.832125186920166,1.2677701711654659,0.3478335961699486,0.0,0.3478335961699486,0.0
4.150598,"[5.269049167633057, 4.5, 0.0]","[17.153316497802734, 4.5, 0.0]",0.7692358493804944,2.0184731483459473,0.9658336639404685,11.858710765838623,1.2586350440979,0.34972820430994034,0.0,0.34972820430994034,0.0
4.170015,"[5.284047603607178, 4.5, 0.0]","[17.193117141723633, 4.5, 0.0]",0.7886538505554259,2.0283000469207764,0.9709000587465766,11.884267330169678,1.2492372989654528,0.3515603765845299,0.0,0.3515603765845299,0.0
4.189914,"[5.299432277679443, 4.5, 0.0]","[17.233436584472656, 4.5, 0.0]",0.8081700801849442,2.0382556915283203,0.9758114814759133,11.909069538116455,1.2396461963653505,0.3533380478620529,0.0,0.3533380478620529,0.0
4.209144,"[5.3152055740356445, 4.5, 0.0]","[17.273792266845703, 4.5, 0.0]",0.8277819156646814,2.048182725906372,0.9805917739868608,11.934004306793213,1.2300856113433762,0.35506822168827057,0.0,0.35506822168827057,0.0
4.228904,"[5.331368923187256, 4.5, 0.0]","[17.315317153930664, 4.5, 0.0]",0.84650468826295,2.058188676834107,0.93613862991343,11.958586692810059,1.2204008102416908,0.33897344022989273,0.0,0.33897344022989273,0.0
4.24965,"[5.347924709320068, 4.5, 0.0]","[17.357646942138672, 4.5, 0.0]",0.8653254508972229,2.0683884620666504,0.9410381317136451,11.983948230743408,1.2116839885711568,0.34074805676937103,0.0,0.34074805676937103,0.0
4.269244,"[5.36485481262207, 4.5, 0.0]","[17.39864730834961, 4.5, 0.0]",0.884242296218878,2.0782680511474614,0.9458422660827526,12.009722232818604,1.2030630111694274,0.34248705953359604,0.0,0.34248705953359604,0.0
4.289652,"[5.3821611404418945, 4.5, 0.0]","[17.44011878967285, 4.5, 0.0]",0.9032533168792787,2.091594696044922,0.9505510330200362,12.033792495727539,1.1940257549285835,0.3441932797431946,0.0,0.3441932797431946,0.0
4.309574,"[5.399846076965332, 4.5, 0.0]","[17.48173713684082, 4.5, 0.0]",0.9223535060882767,2.0949180126190186,0.9550094604499015,12.05795764923085,1.1883413791656432,0.345805324614048,0.0,0.345805324614048,0.0
4.330584,"[5.417911052703857, 4.5, 0.0]","[17.525047302246094, 4.5, 0.0]",0.9405968189239907,2.1117758750915527,0.9121656417857005,12.081891059873774,1.1725645065307417,0.33029381185770035,0.0,0.33029381185770035,0.0
4.350174,"[5.4363579750061035, 4.5, 0.0]","[17.567392349243164, 4.5, 0.0]",0.9589312076569192,2.11507248878479,0.9167194366464237,12.10713624954127,1.1711790561675621,0.3319426253437996,0.0,0.3319426253437996,0.0
4.369638,"[5.455169677734375, 4.5, 0.0]","[17.61017417907715, 4.5, 0.0]",0.9773561954498983,2.131805896759033,0.9212493896489538,12.131034374236092,1.1561412811278708,0.3335832431912422,0.0,0.3335832431912422,0.0
4.389645,"[5.474348068237305, 4.5, 0.0]","[17.652734756469727, 4.5, 0.0]",0.9958677291871134,2.135152816772461,0.9255766868607573,12.155004501341049,1.1544497013091348,0.3351503983139992,0.0,0.3351503983139992,0.0
4.409437,"[5.493895053863525, 4.5, 0.0]","[17.69507598876953, 4.5, 0.0]",1.0144624710084253,2.1517417430877686,0.9297370910655967,12.178386688228535,1.1392850875853475,0.33665865659713745,0.0,0.33665865659713745,0.0
4.429405,"[5.51381254196167, 4.5, 0.0]","[17.738643646240234, 4.5, 0.0]",1.032324314117593,2.155090093612671,0.8930921554583859,12.201180934905032,1.1372792720793432,0.3233853727579117,0.0,0.3233853727579117,0.0
4.449611,"[5.534101963043213, 4.5, 0.0]","[17.781131744384766, 4.5, 0.0]",1.0502719879152438,2.1715245246887207,0.897383689882536,12.224831104275856,1.1227657794950778,0.32494373619556427,0.0,0.32494373619556427,0.0
4.469825,"[5.55474853515625, 4.5, 0.0]","[17.825868606567383, 4.5, 0.0]",1.0683031082155732,2.1751418113708496,0.9015560150164692,12.247029781338838,1.121252536773477,0.3264524042606354,0.0,0.3264524042606354,0.0
4.490042,"[5.575754165649414, 4.5, 0.0]","[17.86931800842285, 4.5, 0.0]",1.0864148139956131,2.1917972564697266,0.9055852890019978,12.271120071408413,1.1068387031552764,0.3279123082756996,0.0,0.3279123082756996,0.0
4.51027,"[5.59712028503418, 4.5, 0.0]","[17.912891387939453, 4.5, 0.0]",1.1036190986636403,2.195106029510498,0.8602142334013574,12.293563842769514,1.1053824424741134,0.311480388045311,0.0,0.311480388045311,0.0
4.529118,"[5.61884880065918, 4.5, 0.0]","[17.95663070678711, 4.5, 0.0]",1.12090682983434,2.2116026878356934,0.8643865585349908,12.315771102899923,1.0914869308468578,0.31298868358135223,0.0,0.31298868358135223,0.0
4.549661,"[5.640921115875244, 4.5, 0.0]","[18.001890182495117, 4.5, 0.0]",1.138272285461804,2.2151057720184326,0.8682727813731916,12.337781906123992,1.0906958580013533,0.3144022449851036,0.0,0.3144022449851036,0.0
4.569894,"[5.663339138031006, 4.5, 0.0]","[18.046518325805664, 4.5, 0.0]",1.1557149887088527,2.231801986694336,0.8721351623524387,12.360969066615928,1.0768334865566287,0.31579937785863876,0.0,0.31579937785863876,0.0
4.589892,"[5.686104774475098, 4.5, 0.0]","[18.09096336364746, 4.5, 0.0]",1.1732339859012741,2.2351224422454834,0.8759498596210724,12.383179187770706,1.0760869979854832,0.317176952958107,0.0,0.317176952958107,0.0
4.609487,"[5.709218978881836, 4.5, 0.0]","[18.134735107421875, 4.5, 0.0]",1.190824508667455,2.2515900135040283,0.8795261383090391,12.404858589166974,1.0618884563442093,0.3184780851006508,0.0,0.3184780851006508,0.0
4.629741,"[5.7326836585998535, 4.5, 0.0]","[18.180980682373047, 4.5, 0.0]",1.2078490257269103,2.255086660385132,0.8512258529727701,12.425516128531116,1.0607655048365734,0.3082229383289814,0.0,0.3082229383289814,0.0
4.649444,"[5.756500244140625, 4.5, 0.0]","[18.226409912109375, 4.5, 0.0]",1.2249464988715382,2.271738290786743,0.854873657231392,12.448297023767786,1.0472376346582215,0.30954843387007713,0.0,0.30954843387007713,0.0
4.669669,"[5.7806572914123535, 4.5, 0.0]","[18.272232055664062, 4.5, 0.0]",1.2421174049384398,2.275142192840576,0.8585453033450818,12.469909667959795,1.046791791915205,0.3108745627105236,0.0,0.3108745627105236,0.0
4.6892,"[5.805156230926514, 4.5, 0.0]","[18.316831588745117, 4.5, 0.0]",1.2593579292304387,2.291611433029175,0.8620262145999424,12.491574764244621,1.0330247879021364,0.31214019283652306,0.0,0.31214019283652306,0.0
4.709881,"[5.82999849319458, 4.5, 0.0]","[18.363237380981445, 4.5, 0.0]",1.2760586738593387,2.2951042652130127,0.8350372314450016,12.511675357811503,1.0322535037987361,0.30236735939979553,0.0,0.30236735939979553,0.0
4.729374,"[5.855185508728027, 4.5, 0.0]","[18.409982681274414, 4.5, 0.0]",1.2928280830391243,2.311824083328247,0.8384704589892822,12.533238887779753,1.019045591353674,0.3036114200949669,0.0,0.3036114200949669,0.0
4.749334,"[5.880706787109375, 4.5, 0.0]","[18.456106185913086, 4.5, 0.0]",1.3096642494211144,2.3150761127471924,0.8418083190995018,12.554797172535256,1.0189960002891227,0.30481526628136635,0.0,0.30481526628136635,0.0
4.769229,"[5.9065632820129395, 4.5, 0.0]","[18.50277328491211, 4.5, 0.0]",1.3265647888194083,2.3317792415618896,0.8450269699146973,12.575399398792563,1.005411863326078,0.3059847839176655,0.0,0.3059847839176655,0.0
4.789471,"[5.932756423950195, 4.5, 0.0]","[18.54841423034668, 4.5, 0.0]",1.3435282707224698,2.3382608890533447,0.8481740951530758,12.596210002890125,1.0052144527424813,0.30712487176060677,0.0,0.30712487176060677,0.0
4.809165,"[5.959287643432617, 4.5, 0.0]","[18.594877243041992, 4.5, 0.0]",1.35969972610578,2.348219394683838,0.8085727691655054,12.615657806387425,0.9947326183308749,0.29278548434376717,0.0,0.29278548434376717,0.0
4.834059,"[5.98615837097168, 4.5, 0.0]","[18.64446449279785, 4.5, 0.0]",1.3759436607370794,2.358659029006958,0.8121967315649736,12.635589599600301,0.988519668578058,0.29409565031528473,0.0,0.29409565031528473,0.0
4.8493,"[6.013352394104004, 4.5, 0.0]","[18.690580368041992, 4.5, 0.0]",1.3922538757334018,2.3683674335479736,0.8155107498161174,12.658306121817082,0.9827153682698786,0.2952971123158932,0.0,0.2952971123158932,0.0
4.869499,"[6.0408711433410645, 4.5, 0.0]","[18.73851776123047, 4.5, 0.0]",1.4086046218882529,2.3784594535827637,0.8175373077425552,12.677227973928884,0.9761135578145719,0.2960287220776081,0.0,0.2960287220776081,0.0
4.889726,"[6.068716049194336, 4.5, 0.0]","[18.786001205444336, 4.5, 0.0]",1.4250197410594214,2.388456106185913,0.8207559585584279,12.697646617880286,0.9698548316945108,0.2971929498016834,0.0,0.2971929498016834,0.0
4.909245,"[6.096888065338135, 4.5, 0.0]","[18.832544326782227, 4.5, 0.0]",1.4408917427074246,2.398221969604492,0.7936000824001588,12.717285156240868,0.9634363651264917,0.2873564884066582,0.0,0.2873564884066582,0.0
4.929353,"[6.1253886222839355, 4.5, 0.0]","[18.882091522216797, 4.5, 0.0]",1.4568305015577219,2.408437728881836,0.7969379425148637,12.735656261432801,0.9573302268970676,0.28856657445430756,0.0,0.28856657445430756,0.0
4.949545,"[6.154206275939941, 4.5, 0.0]","[18.930641174316406, 4.5, 0.0]",1.4728345870986517,2.4184482097625737,0.8002042770464901,12.75670289991375,0.9516072273241141,0.289755892008543,0.0,0.289755892008543,0.0
4.969436,"[6.183342933654785, 4.5, 0.0]","[18.9792423248291, 4.5, 0.0]",1.4888997077956931,2.428468942642212,0.8032560348520734,12.77643489836276,0.945613622663922,0.2908592112362385,0.0,0.2908592112362385,0.0
4.989674,"[6.212799549102783, 4.5, 0.0]","[19.027616500854492, 4.5, 0.0]",1.5050220489518153,2.4384429454803467,0.8061170578061105,12.795899391162973,0.9395692348465188,0.29189247637987137,0.0,0.29189247637987137,0.0
5.009022,"[6.24257755279541, 4.5, 0.0]","[19.075180053710938, 4.5, 0.0]",1.52056980133226,2.4482178688049316,0.7773876190222295,12.81481695174035,0.9334208965285313,0.2814869396388531,0.0,0.2814869396388531,0.0
5.029665,"[6.272677898406982, 4.5, 0.0]","[19.125690460205078, 4.5, 0.0]",1.5361785888689308,2.4584219455718994,0.7804393768335416,12.832602500904152,0.9276480674726717,0.28259603306651115,0.0,0.28259603306651115,0.0
5.049381,"[6.303089141845703, 4.5, 0.0]","[19.175167083740234, 4.5, 0.0]",1.5518450737016714,2.4684174060821533,0.783324241637029,12.853012561786702,0.9222433567029686,0.2836356684565544,0.0,0.2836356684565544,0.0
5.070383,"[6.333812713623047, 4.5, 0.0]","[19.22492218017578, 4.5, 0.0]",1.567565917970339,2.478468656539917,0.78604221343338,12.87207794188312,0.916572332380482,0.28462061658501625,0.0,0.28462061658501625,0.0
5.089828,"[6.36484956741333, 4.5, 0.0]","[19.274436950683594, 4.5, 0.0]",1.5833415985122399,2.4884719848632812,0.7887840270950464,12.891109466541307,0.910902738569578,0.285617932677269,0.0,0.285617932677269,0.0
5.110791,"[6.396200656890869, 4.5, 0.0]","[19.323413848876953, 4.5, 0.0]",1.5985679626480296,2.4983327388763428,0.7613182067894853,12.909587383260993,0.9051303863510414,0.2756704203784466,0.0,0.2756704203784466,0.0
5.129568,"[6.427867412567139, 4.5, 0.0]","[19.374549865722656, 4.5, 0.0]",1.6138482093827742,2.508458375930786,0.7640123367372298,12.927213191972218,0.8997647762283132,0.2766478434205055,0.0,0.2766478434205055,0.0
5.149706,"[6.4598388671875, 4.5, 0.0]","[19.424951553344727, 4.5, 0.0]",1.629180431367885,2.5184390544891357,0.766611099255543,12.94668245313612,0.894610166548012,0.2775839529931545,0.0,0.2775839529931545,0.0
5.169721,"[6.4921159744262695, 4.5, 0.0]","[19.475603103637695, 4.5, 0.0]",1.6445627212544358,2.5284688472747803,0.7691144943275385,12.96511268614332,0.8892586231212507,0.27849046513438225,0.0,0.27849046513438225,0.0
5.189587,"[6.524699687957764, 4.5, 0.0]","[19.52602195739746, 4.5, 0.0]",1.6599965095538733,2.5384528636932373,0.7716894149718767,12.9834871291975,0.8839061260203445,0.2794307842850685,0.0,0.2794307842850685,0.0
5.209693,"[6.557590961456299, 4.5, 0.0]","[19.576465606689453, 4.5, 0.0]",1.6748037338274293,2.551740884780884,0.7403612136777982,13.00132226943036,0.878456354139364,0.26808449998497963,0.0,0.26808449998497963,0.0
5.229347,"[6.590790748596191, 4.5, 0.0]","[19.627948760986328, 4.5, 0.0]",1.6896643638627773,2.555070638656616,0.7430315017673994,13.018874645223805,0.8769371509534545,0.26904575526714325,0.0,0.26904575526714325,0.0
5.254143,"[6.624286651611328, 4.5, 0.0]","[19.680330276489258, 4.5, 0.0]",1.7045760154740748,2.571908950805664,0.7455825805648741,13.037158012380775,0.8654062747938389,0.2699757553637028,0.0,0.2699757553637028,0.0
5.26929,"[6.658080101013184, 4.5, 0.0]","[19.730331420898438, 4.5, 0.0]",1.7195343971267834,2.5749506950378422,0.7479190826354287,13.05604362487052,0.8673329353315893,0.27081966400146484,0.0,0.27081966400146484,0.0
5.289895,"[6.692172050476074, 4.5, 0.0]","[19.78192138671875, 4.5, 0.0]",1.734539031983742,2.591635227203369,0.7502317428479288,13.072251319875868,0.8554162979110589,0.2716553211212158,0.0,0.2716553211212158,0.0
5.309533,"[6.7265625, 4.5, 0.0]","[19.83316421508789, 4.5, 0.0]",1.7489991188060814,2.5948879718780518,0.7230043411169729,13.089749336239775,0.8570961952196272,0.2617957629263401,0.0,0.2617957629263401,0.0
5.330318,"[6.761253356933594, 4.5, 0.0]","[19.886852264404297, 4.5, 0.0]",1.7635049819956885,2.611781597137451,0.7252931594803558,13.106601715083707,0.8458888530719704,0.2626258507370949,0.0,0.2626258507370949,0.0
5.34906,"[6.796233177185059, 4.5, 0.0]","[19.938180923461914, 4.5, 0.0]",1.778057098389657,2.614891290664673,0.7276058196984292,13.125598907465001,0.8482766151417627,0.26346130296587944,0.0,0.26346130296587944,0.0
5.368919,"[6.831503391265869, 4.5, 0.0]","[19.990915298461914, 4.5, 0.0]",1.792654991150894,2.6316027641296387,0.7298946380618454,13.141947746271146,0.8368341922750158,0.2642962336540222,0.0,0.2642962336540222,0.0
5.388918,"[6.867064476013184, 4.5, 0.0]","[20.043264389038086, 4.5, 0.0]",1.8072957992563696,2.6349070072174072,0.7320404052737817,13.159411907190329,0.8389477729787447,0.26507116854190826,0.0,0.26507116854190826,0.0
5.41147,"[6.902917385101318, 4.5, 0.0]","[20.096309661865234, 4.5, 0.0]",1.8219766616831186,2.651646614074707,0.7340431213374465,13.176199913017426,0.8276112079610376,0.26579558849334717,0.0,0.26579558849334717,0.0
5.428802,"[6.93906307220459, 4.5, 0.0]","[20.149307250976562, 4.5, 0.0]",1.8363590240488648,2.654885768890381,0.7191181182873096,13.19339227675643,0.8296699523915885,0.2603879012167454,0.0,0.2603879012167454,0.0
5.448814,"[6.9755024909973145, 4.5, 0.0]","[20.202720642089844, 4.5, 0.0]",1.8507857322703314,2.671536445617676,0.7213354110733317,13.210244178764476,0.8185267448415161,0.2611900120973587,0.0,0.2611900120973587,0.0
5.46966,"[7.0122294425964355, 4.5, 0.0]","[20.2576961517334, 4.5, 0.0]",1.86525392532456,2.6751451492309575,0.7234096527114264,13.227218151085024,0.8207507133473444,0.2619420737028122,0.0,0.2619420737028122,0.0
5.489624,"[7.049245357513428, 4.5, 0.0]","[20.31020736694336, 4.5, 0.0]",1.8797612190256872,2.6916275024414062,0.7253646850563622,13.245466709129447,0.8098912239063976,0.2626509591937065,0.0,0.2626509591937065,0.0
5.50957,"[7.086550235748291, 4.5, 0.0]","[20.363656997680664, 4.5, 0.0]",1.8943057060251391,2.6949214935302734,0.7272243499725994,13.260962009422407,0.8118662834157191,0.26332344859838486,0.0,0.26332344859838486,0.0
5.529549,"[7.1241455078125, 4.5, 0.0]","[20.419252395629883, 4.5, 0.0]",1.908289432526657,2.71178936958313,0.6991863250758956,13.27710676192284,0.8006157875051343,0.253171157091856,0.0,0.253171157091856,0.0
5.549482,"[7.162031650543213, 4.5, 0.0]","[20.47366714477539, 4.5, 0.0]",1.9223175048840822,2.715106725692749,0.7014036178712546,13.29510688780312,0.8034999370564728,0.25397395715117455,0.0,0.25397395715117455,0.0
5.569674,"[7.200197219848633, 4.5, 0.0]","[20.528310775756836, 4.5, 0.0]",1.9363875389114846,2.731800079345703,0.7035017013701239,13.311635494212233,0.7927892208086669,0.2547324262559414,0.0,0.2547324262559414,0.0
5.589636,"[7.238643646240234, 4.5, 0.0]","[20.58268928527832, 4.5, 0.0]",1.9504971504230602,2.735110759735108,0.7054805755787763,13.328113555885045,0.7954125404342185,0.2554514445364475,0.0,0.2554514445364475,0.0
5.610228,"[7.277371406555176, 4.5, 0.0]","[20.63667869567871, 4.5, 0.0]",1.9646444320701582,2.7516536712646484,0.7073640823548999,13.344045639023772,0.7846136093120477,0.25613611564040184,0.0,0.25613611564040184,0.0
5.628833,"[7.316381454467773, 4.5, 0.0]","[20.691675186157227, 4.5, 0.0]",1.9785289764429221,2.7548959255218506,0.6942272186381993,13.35930728910352,0.7870092391944903,0.25138093158602715,0.0,0.25138093158602715,0.0
5.648851,"[7.3556742668151855, 4.5, 0.0]","[20.747060775756836, 4.5, 0.0]",1.99245071411399,2.7715423107147217,0.6960868835533929,13.375293731669414,0.7763669490789284,0.25204889476299286,0.0,0.25204889476299286,0.0
5.66906,"[7.39524507522583, 4.5, 0.0]","[20.802902221679688, 4.5, 0.0]",2.0064079761533775,2.77493691444397,0.697863101969376,13.391386508921586,0.7790915966007317,0.25269538164138794,0.0,0.25269538164138794,0.0
5.689987,"[7.435093879699707, 4.5, 0.0]","[20.85944938659668, 4.5, 0.0]",2.020400285723867,2.791792631149292,0.6996154785244846,13.40765714643674,0.7685289382905927,0.25332381948828697,0.0,0.25332381948828697,0.0
5.709889,"[7.475222110748291, 4.5, 0.0]","[20.914031982421875, 4.5, 0.0]",2.0338690280946334,2.798265218734741,0.6734371185383115,13.424355506876859,0.7713923454254248,0.24385571479797363,0.0,0.24385571479797363,0.0
5.733223,"[7.51563024520874, 4.5, 0.0]","[20.972074508666992, 4.5, 0.0]",2.047374963763708,2.8085381984710693,0.6752967834537271,13.438809871653449,0.7643961906401078,0.24452617391943932,0.0,0.24452617391943932,0.0
5.749495,"[7.556307792663574, 4.5, 0.0]","[21.027822494506836, 4.5, 0.0]",2.0609171390566905,2.8184049129486084,0.6771087646491258,13.45644426343809,0.7611632347073614,0.24518389254808426,0.0,0.24518389254808426,0.0
5.769636,"[7.597255229949951, 4.5, 0.0]","[21.084739685058594, 4.5, 0.0]",2.074495553973872,2.8284788131713867,0.6789207458590685,13.471514701819853,0.7574877738919179,0.24583010002970695,0.0,0.24583010002970695,0.0
5.790086,"[7.6384735107421875, 4.5, 0.0]","[21.141124725341797, 4.5, 0.0]",2.088108301166305,2.83845853805542,0.6806373596216497,13.487484455081738,0.7539832591975149,0.24646557867527008,0.0,0.24646557867527008,0.0
5.809768,"[7.6799635887146, 4.5, 0.0]","[21.19752311706543, 4.5, 0.0]",2.101756334308426,2.848409414291382,0.6824016571060465,13.502651214572674,0.7503502368891151,0.2470909059047699,0.0,0.2470909059047699,0.0
5.829421,"[7.721725940704346, 4.5, 0.0]","[21.254985809326172, 4.5, 0.0]",2.115138292316197,2.858403205871582,0.66909790038856,13.517559528330578,0.746653079982956,0.24227069690823555,0.0,0.24227069690823555,0.0
5.849399,"[7.763761043548584, 4.5, 0.0]","[21.312488555908203, 4.5, 0.0]",2.128555536273717,2.868403673171997,0.6708621978759988,13.53325986860155,0.743264913555385,0.24291379377245903,0.0,0.24291379377245903,0.0
5.869502,"[7.806063652038574, 4.5, 0.0]","[21.370359420776367, 4.5, 0.0]",2.1420042514836433,2.878468275070191,0.6724357604963149,13.548727512339319,0.7398481368982801,0.2434827759861946,0.0,0.2434827759861946,0.0
5.88973,"[7.848634719848633, 4.5, 0.0]","[21.427730560302734, 4.5, 0.0]",2.155480623248794,2.8884456157684326,0.6738185882575465,13.56429576871747,0.7364640235865476,0.24399461224675179,0.0,0.24399461224675179,0.0
5.90986,"[7.891474723815918, 4.5, 0.0]","[21.4854736328125, 4.5, 0.0]",2.1689865589176254,2.8984568119049077,0.6752967834415591,13.579095840433757,0.7329649925196384,0.24451857432723045,0.0,0.24451857432723045,0.0
5.92962,"[7.934584140777588, 4.5, 0.0]","[21.54391098022461, 4.5, 0.0]",2.182160615924414,2.9084463119506836,0.658702850339421,13.593998908979227,0.7294702529872823,0.23850688710808754,0.0,0.23850688710808754,0.0
5.949343,"[7.977964401245117, 4.5, 0.0]","[21.602176666259766, 4.5, 0.0]",2.195367097857959,2.9184060096740723,0.6603240966772672,13.609326839429647,0.7262856960262698,0.23909613490104675,0.0,0.23909613490104675,0.0
5.970225,"[8.021607398986816, 4.5, 0.0]","[21.66106605529785, 4.5, 0.0]",2.208606004718242,2.9284725189208984,0.6619453430141364,13.624212264997254,0.7230389118161131,0.23969067260622978,0.0,0.23969067260622978,0.0
5.989839,"[8.06551456451416, 4.5, 0.0]","[21.719018936157227, 4.5, 0.0]",2.2218744754823314,2.938379049301148,0.6634235382044773,13.639458656293622,0.7198665142026566,0.24022411555051804,0.0,0.24022411555051804,0.0
6.010144,"[8.109686851501465, 4.5, 0.0]","[21.778087615966797, 4.5, 0.0]",2.235169649127301,2.9484457969665527,0.6647586822484897,13.653504371625635,0.7165045738188165,0.24071048945188522,0.0,0.24071048945188522,0.0
6.029362,"[8.15412425994873, 4.5, 0.0]","[21.836400985717773, 4.5, 0.0]",2.2481491565735796,2.9582464694976807,0.6489753723139202,13.668400764447883,0.7132761478392515,0.23499248549342155,0.0,0.23499248549342155,0.0
6.049443,"[8.198827743530273, 4.5, 0.0]","[21.896942138671875, 4.5, 0.0]",2.261160135272296,2.968421459197998,0.6505489349358129,13.682276725751576,0.710097312924101,0.23555820807814598,0.0,0.23555820807814598,0.0
6.069496,"[8.243790626525879, 4.5, 0.0]","[21.956823348999023, 4.5, 0.0]",2.274207353595175,2.9784855842590336,0.652360916143957,13.698114395124113,0.7072613239257022,0.23622268810868263,0.0,0.23622268810868263,0.0
6.090188,"[8.289013862609863, 4.5, 0.0]","[22.016082763671875, 4.5, 0.0]",2.2872726917301915,2.9884450435638428,0.6532669067508268,13.713032722449316,0.7042782306638586,0.2365461178123951,0.0,0.2365461178123951,0.0
6.109793,"[8.334498405456543, 4.5, 0.0]","[22.074546813964844, 4.5, 0.0]",2.3003656864205455,2.998244524002075,0.6546497345176983,13.72706890103463,0.7011723518336512,0.23704638704657555,0.0,0.23704638704657555,0.0
6.129433,"[8.380244255065918, 4.5, 0.0]","[22.1364688873291, 4.5, 0.0]",2.3130962848706598,3.011812925338745,0.636529922505713,13.740048408473097,0.6978788375815297,0.23049406707286835,0.0,0.23049406707286835,0.0
6.14947,"[8.426251411437988, 4.5, 0.0]","[22.196664810180664, 4.5, 0.0]",2.325853586201345,3.0150957107543945,0.6378650665342711,13.756224632235744,0.6987166404680853,0.23097030818462372,0.0,0.23097030818462372,0.0
6.169711,"[8.472513198852539, 4.5, 0.0]","[22.257463455200195, 4.5, 0.0]",2.338639497761745,3.0318119525909424,0.6392955780199827,13.770413398715208,0.6892421245530493,0.23147901520133018,0.0,0.23147901520133018,0.0
6.189507,"[8.519030570983887, 4.5, 0.0]","[22.31778335571289, 4.5, 0.0]",2.3514511585285236,3.0351154804229736,0.6405830383389377,13.784950256320158,0.6931724548291975,0.23195067420601845,0.0,0.23195067420601845,0.0
6.209408,"[8.565803527832031, 4.5, 0.0]","[22.378114700317383, 4.5, 0.0]",2.3642876148275476,3.0517258644104004,0.6418228149511984,13.798752784697687,0.68366432189445,0.23239567875862122,0.0,0.23239567875862122,0.0
6.230061,"[8.612833023071289, 4.5, 0.0]","[22.43967056274414, 4.5, 0.0]",2.377149820333002,3.055068016052246,0.6431102752727291,13.812311172454002,0.6874382495828528,0.23287685588002205,0.0,0.23287685588002205,0.0
6.248774,"[8.66011905670166, 4.5, 0.0]","[22.50000762939453, 4.5, 0.0]",2.389675378805082,3.0715458393096924,0.6262779236039906,13.826837539637426,0.6779181957192439,0.22678116336464882,0.0,0.22678116336464882,0.0
6.269119,"[8.707661628723145, 4.5, 0.0]","[22.56185531616211, 4.5, 0.0]",2.4022266864839117,3.0749354362487797,0.6275653839414863,13.839888572648578,0.6818704605046104,0.22724846377968788,0.0,0.22724846377968788,0.0
6.290012,"[8.755455017089844, 4.5, 0.0]","[22.624542236328125, 4.5, 0.0]",2.4148027896948094,3.0917954444885254,0.6288051605448874,13.85419368739917,0.672708749764868,0.2276887558400631,0.0,0.2276887558400631,0.0
6.310544,"[8.803499221801758, 4.5, 0.0]","[22.686235427856445, 4.5, 0.0]",2.4274017810891952,3.095130681991577,0.6299495697192903,13.869087219198443,0.676992654793716,0.22811144590377808,0.0,0.22811144590377808,0.0
6.329296,"[8.851795196533203, 4.5, 0.0]","[22.748592376708984, 4.5, 0.0]",2.439796686179769,3.1117749214172363,0.6197452545286808,13.88273620601481,0.6677289009023819,0.22440634667873383,0.0,0.22440634667873383,0.0
6.350064,"[8.90034294128418, 4.5, 0.0]","[22.810882568359375, 4.5, 0.0]",2.4522144794541387,3.1150741577148438,0.6208896637184935,13.896797180131305,0.6719782352374675,0.22482721135020256,0.0,0.22482721135020256,0.0
6.369464,"[8.949138641357422, 4.5, 0.0]","[22.87373924255371, 4.5, 0.0]",2.464655160911999,3.131798267364502,0.6220340728930074,13.91053962702081,0.662859678260705,0.22523369640111923,0.0,0.22523369640111923,0.0
6.389627,"[8.998183250427246, 4.5, 0.0]","[22.93613052368164, 4.5, 0.0]",2.47711777687937,3.1351137161254883,0.6231307983685541,13.92460060114691,0.6671431064525031,0.22563332691788673,0.0,0.22563332691788673,0.0
6.40952,"[9.047476768493652, 4.5, 0.0]","[22.998502731323242, 4.5, 0.0]",2.4896013736811797,3.1517326831817627,0.6241798400904885,13.93794727320497,0.6579959392461183,0.22602219134569168,0.0,0.22602219134569168,0.0
6.428732,"[9.09701919555664, 4.5, 0.0]","[23.060813903808594, 4.5, 0.0]",2.501991510400054,3.1548783779144287,0.6195068359437172,13.951025962784941,0.662131309500583,0.22431984543800354,0.0,0.22431984543800354,0.0
6.449469,"[9.146811485290527, 4.5, 0.0]","[23.125507354736328, 4.5, 0.0]",2.514402627953815,3.1717333793640137,0.620555877688056,13.963794708207264,0.6528868675143746,0.22471031174063683,0.0,0.22471031174063683,0.0
6.469686,"[9.19685173034668, 4.5, 0.0]","[23.18943214416504, 4.5, 0.0]",2.526835680016927,3.175133228302002,0.6216526031555869,13.978695869401063,0.6573307514101985,0.2250976301729679,0.0,0.2250976301729679,0.0
6.489953,"[9.247139930725098, 4.5, 0.0]","[23.252853393554688, 4.5, 0.0]",2.539289712914923,3.1917879581451416,0.6227016448997924,13.992580413773577,0.648297548285075,0.22547662258148193,0.0,0.22547662258148193,0.0
6.509598,"[9.297677040100098, 4.5, 0.0]","[23.3155460357666, 4.5, 0.0]",2.5515615940183762,3.194967746734619,0.6135940551726726,14.005713462784765,0.6524982452302188,0.22217316552996635,0.0,0.22217316552996635,0.0
6.529248,"[9.34846305847168, 4.5, 0.0]","[23.379772186279297, 4.5, 0.0]",2.563854455957139,3.211592674255371,0.6146430969381278,14.01786899562164,0.6434061527162429,0.22256670519709587,0.0,0.22256670519709587,0.0
6.549585,"[9.399494171142578, 4.5, 0.0]","[23.445497512817383, 4.5, 0.0]",2.5761692524051063,3.2151153087615967,0.6157398223983757,14.03130912776271,0.6477382182982323,0.22295674309134483,0.0,0.22295674309134483,0.0
6.569859,"[9.45077133178711, 4.5, 0.0]","[23.509241104125977, 4.5, 0.0]",2.5885050296879006,3.2316653728485107,0.6167888641397168,14.046003341624996,0.6389460563564904,0.2233378030359745,0.0,0.2233378030359745,0.0
6.590386,"[9.502294540405273, 4.5, 0.0]","[23.574527740478516, 4.5, 0.0]",2.600857973108398,3.2351202964782715,0.6176471710248599,14.058469772289014,0.6431603431606101,0.22365165874361992,0.0,0.22365165874361992,0.0
6.609707,"[9.554064750671387, 4.5, 0.0]","[23.637718200683594, 4.5, 0.0]",2.6129353046514816,3.2515599727630615,0.6038665771541885,14.072233200023339,0.6342623233698736,0.21865932270884514,0.0,0.21865932270884514,0.0
6.629435,"[9.60608196258545, 4.5, 0.0]","[23.70459747314453, 4.5, 0.0]",2.6250326633551593,3.258437156677246,0.6048679351838837,14.083653449962265,0.6386246681115799,0.21901989355683327,0.0,0.21901989355683327,0.0
6.649337,"[9.658340454101562, 4.5, 0.0]","[23.76991844177246, 4.5, 0.0]",2.637150049219518,3.265075922012329,0.605869293217931,14.098515510509086,0.6334044933220868,0.219386275857687,0.0,0.219386275857687,0.0
6.669747,"[9.710841178894043, 4.5, 0.0]","[23.83579444885254, 4.5, 0.0]",2.6492874622443865,3.2818005084991455,0.6068706512434296,14.111577987620857,0.6279258727928112,0.2197517454624176,0.0,0.2197517454624176,0.0
6.689856,"[9.76358413696289, 4.5, 0.0]","[23.901180267333984, 4.5, 0.0]",2.6614420414070117,3.285115957260132,0.6077289581312595,14.124953269908406,0.632513046254759,0.22005686536431313,0.0,0.22005686536431313,0.0
6.710342,"[9.816570281982422, 4.5, 0.0]","[23.96671485900879, 4.5, 0.0]",2.6736137867073486,3.3017616271972656,0.6085872650168467,14.13759613032096,0.6236739158531202,0.2203751914203167,0.0,0.2203751914203167,0.0
6.729899,"[9.86979866027832, 4.5, 0.0]","[24.03321075439453, 4.5, 0.0]",2.6855843067269274,3.305093765258789,0.5985260009789384,14.150144576976189,0.628147840489917,0.21672096103429794,0.0,0.21672096103429794,0.0
6.748864,"[9.923271179199219, 4.5, 0.0]","[24.09831428527832, 4.5, 0.0]",2.697574853907675,3.3215508460998535,0.5995273590373884,14.163412094060837,0.6195094585318617,0.21708261221647263,0.0,0.21708261221647263,0.0
6.772574,"[9.976983070373535, 4.5, 0.0]","[24.16703987121582, 4.5, 0.0]",2.7095854282489515,3.325218677520752,0.6005287170638196,14.175043106006715,0.6239759921921784,0.21744552999734879,0.0,0.21744552999734879,0.0
6.789924,"[10.03093433380127, 4.5, 0.0]","[24.232933044433594, 4.5, 0.0]",2.721612215053448,3.341794490814209,0.6013393402248157,14.190056800781397,0.6156332492718004,0.2177494764328003,0.0,0.2177494764328003,0.0
6.809694,"[10.085125923156738, 4.5, 0.0]","[24.299285888671875, 4.5, 0.0]",2.7336533069726654,3.345078945159912,0.602054595960877,14.201998710576799,0.6201822757607611,0.2180038020014763,0.0,0.2180038020014763,0.0
6.829159,"[10.139557838439941, 4.5, 0.0]","[24.366474151611328, 4.5, 0.0]",2.7453615665551365,3.3616998195648193,0.5854129791235563,14.214159965454146,0.6114256381872467,0.21197374910116196,0.0,0.21197374910116196,0.0
6.848848,"[10.194231033325195, 4.5, 0.0]","[24.432924270629883, 4.5, 0.0]",2.757087945949718,3.3648769855499268,0.5863189697290716,14.226916313115764,0.6163382530096828,0.21231044083833694,0.0,0.21231044083833694,0.0
6.869744,"[10.249137878417969, 4.5, 0.0]","[24.502120971679688, 4.5, 0.0]",2.768830537807768,3.381795644760132,0.5871295929025022,14.23869323724902,0.6077890396002088,0.21260017529129982,0.0,0.21260017529129982,0.0
6.889659,"[10.304279327392578, 4.5, 0.0]","[24.56979751586914, 4.5, 0.0]",2.7805902958033824,3.385154724121094,0.5879878997807175,14.252983093205994,0.6129651069523638,0.21291440352797508,0.0,0.21291440352797508,0.0
6.910994,"[10.35965633392334, 4.5, 0.0]","[24.63675880432129, 4.5, 0.0]",2.792368173611036,3.401716709136963,0.5888938903826801,14.265518188420788,0.6045644283177118,0.21324384957551956,0.0,0.21324384957551956,0.0
6.92946,"[10.415267944335938, 4.5, 0.0]","[24.705690383911133, 4.5, 0.0]",2.804106950771646,3.4051125049591064,0.5869388580304946,14.27710247034213,0.6093485355259269,0.21252920851111412,0.0,0.21252920851111412,0.0
6.949414,"[10.471115112304688, 4.5, 0.0]","[24.773967742919922, 4.5, 0.0]",2.8158590793726788,3.4217472076416016,0.5876064300516459,14.290422439519325,0.6010055541874606,0.21277880296111107,0.0,0.21277880296111107,0.0
6.96914,"[10.527196884155273, 4.5, 0.0]","[24.84153175354004, 4.5, 0.0]",2.827623605739832,3.424943208694458,0.5882263183576653,14.302852630559315,0.6058881282689228,0.2129959501326084,0.0,0.2129959501326084,0.0
6.989761,"[10.583514213562012, 4.5, 0.0]","[24.9097900390625, 4.5, 0.0]",2.839402437221747,3.441575050354004,0.5889415740957471,14.314334869328802,0.5973196029546259,0.21325111389160156,0.0,0.21325111389160156,0.0
7.009095,"[10.640067100524902, 4.5, 0.0]","[24.978099822998047, 4.5, 0.0]",2.851196527492403,3.4448578357696533,0.5897045135327961,14.326275825444478,0.6021726131322569,0.21353358402848244,0.0,0.21353358402848244,0.0
7.028996,"[10.696855545043945, 4.5, 0.0]","[25.047975540161133, 4.5, 0.0]",2.862680673610502,3.4615790843963623,0.5742073059049613,14.338032722417088,0.5936613082772504,0.20791232585906982,0.0,0.20791232585906982,0.0
7.049203,"[10.75387954711914, 4.5, 0.0]","[25.11747932434082, 4.5, 0.0]",2.8741781711690915,3.4682462215423584,0.5748748779294655,14.35111999506108,0.5988984107858601,0.20816775038838387,0.0,0.20816775038838387,0.0
7.069048,"[10.81113338470459, 4.5, 0.0]","[25.186769485473633, 4.5, 0.0]",2.8856918811909384,3.4782159328460693,0.575685501092349,14.363599777165524,0.5940680503732669,0.2084602229297161,0.0,0.2084602229297161,0.0
7.089805,"[10.868617057800293, 4.5, 0.0]","[25.256494522094727, 4.5, 0.0]",2.8972237110248704,3.488248348236084,0.5765914916965986,14.375636100712839,0.5925240516551309,0.20877808332443237,0.0,0.20877808332443237,0.0
7.110225,"[10.92633056640625, 4.5, 0.0]","[25.327531814575195, 4.5, 0.0]",2.9087707996478995,3.498443841934204,0.5773544311514556,14.387877464243411,0.5910246372112136,0.20905667915940285,0.0,0.20905667915940285,0.0
7.129468,"[10.984274864196777, 4.5, 0.0]","[25.398056030273438, 4.5, 0.0]",2.920232057582429,3.5084474086761475,0.5730628967264728,14.401201248117877,0.5896730422863046,0.20750926807522774,0.0,0.20750926807522774,0.0
7.14945,"[11.042449951171875, 4.5, 0.0]","[25.468509674072266, 4.5, 0.0]",2.931705713283021,3.5184407234191895,0.5736827850296056,14.413781166025547,0.5882153510937185,0.20773779600858688,0.0,0.20773779600858688,0.0
7.169755,"[11.100854873657227, 4.5, 0.0]","[25.539257049560547, 4.5, 0.0]",2.943190813075588,3.5284759998321533,0.5742549896283533,14.426059722849233,0.5867350101361684,0.20794307813048363,0.0,0.20794307813048363,0.0
7.189524,"[11.159488677978516, 4.5, 0.0]","[25.6097354888916, 4.5, 0.0]",2.95468640328565,3.538472890853882,0.5747795105030873,14.438402175852119,0.5852851867565652,0.20813018083572388,0.0,0.20813018083572388,0.0
7.209555,"[11.218352317810059, 4.5, 0.0]","[25.679941177368164, 4.5, 0.0]",2.966195344936052,3.5484066009521484,0.5754470825201086,14.450246810861843,0.5837864875682319,0.2083670161664486,0.0,0.2083670161664486,0.0
7.229638,"[11.277445793151855, 4.5, 0.0]","[25.750041961669922, 4.5, 0.0]",2.9775698185078228,3.558211088180543,0.5687236785885341,14.461588859506822,0.5822112560160964,0.20593537017703056,0.0,0.20593537017703056,0.0
7.24932,"[11.336770057678223, 4.5, 0.0]","[25.822877883911133, 4.5, 0.0]",2.988958597194756,3.5683977603912354,0.5694389343466666,14.472596168466744,0.5806412696727201,0.20619774237275124,0.0,0.20619774237275124,0.0
7.270223,"[11.396321296691895, 4.5, 0.0]","[25.893749237060547, 4.5, 0.0]",3.000360727322278,3.5783097743988037,0.5701065063761002,14.486107826170752,0.5794391631964793,0.20643340423703194,0.0,0.20643340423703194,0.0
7.289333,"[11.456100463867188, 4.5, 0.0]","[25.964893341064453, 4.5, 0.0]",3.0117743015413843,3.5882599353790283,0.570678710955308,14.497427940306446,0.5779490470765256,0.2066461183130741,0.0,0.2066461183130741,0.0
7.309888,"[11.516107559204102, 4.5, 0.0]","[26.037837982177734, 4.5, 0.0]",3.02319836617786,3.5984373092651367,0.5712032318237803,14.50879287713501,0.5764856338376441,0.2068398892879486,0.0,0.2068398892879486,0.0
7.329077,"[11.576342582702637, 4.5, 0.0]","[26.108951568603516, 4.5, 0.0]",3.034481287016255,3.608245849609375,0.5641460419197664,14.521730422893167,0.5752389430872769,0.20427696406841278,0.0,0.20427696406841278,0.0
7.349552,"[11.63680648803711, 4.5, 0.0]","[26.182798385620117, 4.5, 0.0]",3.04577469827231,3.6184318065643315,0.5646705628027382,14.532608985813784,0.5737645625931198,0.20446253940463066,0.0,0.20446253940463066,0.0
7.369856,"[11.69749641418457, 4.5, 0.0]","[26.25410270690918, 4.5, 0.0]",3.057077646271548,3.6282668113708496,0.5651473999618961,14.545991897488998,0.5726571082920215,0.2046387642621994,0.0,0.2046387642621994,0.0
7.38926,"[11.75841236114502, 4.5, 0.0]","[26.326581954956055, 4.5, 0.0]",3.0683901310136017,3.638263702392578,0.5656242371026909,14.556606292630532,0.5711891650993017,0.20480811595916748,0.0,0.20480811595916748,0.0
7.409924,"[11.819554328918457, 4.5, 0.0]","[26.39887237548828, 4.5, 0.0]",3.0797150135214943,3.6482138633728027,0.5662441253946326,14.568169593723727,0.5698735713789764,0.2050359547138214,0.0,0.2050359547138214,0.0
7.428834,"[11.880922317504883, 4.5, 0.0]","[26.472412109375, 4.5, 0.0]",3.090914964693824,3.6582190990448,0.5599975586164874,14.579318046482449,0.5684988498513084,0.20278066396713257,0.0,0.20278066396713257,0.0
7.449049,"[11.942516326904297, 4.5, 0.0]","[26.545934677124023, 4.5, 0.0]",3.102130174655178,3.668222188949585,0.5607604980677028,14.591489791782669,0.5673041343509757,0.20304352045059204,0.0,0.20304352045059204,0.0
7.468752,"[12.004334449768066, 4.5, 0.0]","[26.619239807128906, 4.5, 0.0]",3.1133577823825256,3.6815290451049805,0.5613803863673716,14.603418350132207,0.5660920142944068,0.20328231155872345,0.0,0.20328231155872345,0.0
7.490033,"[12.066376686096191, 4.5, 0.0]","[26.69458770751953, 4.5, 0.0]",3.1245977878759272,3.685113430023194,0.5620002746700825,14.614905357273251,0.5681712627224549,0.20349955186247826,0.0,0.20349955186247826,0.0
7.51068,"[12.128643989562988, 4.5, 0.0]","[26.768291473388672, 4.5, 0.0]",3.13584923746108,3.701784133911133,0.5625724792576392,14.628211021335671,0.5605156421472666,0.2036980539560318,0.0,0.2036980539560318,0.0
7.529193,"[12.191136360168457, 4.5, 0.0]","[26.841449737548828, 4.5, 0.0]",3.1470482349586604,3.704936981201172,0.5599498748790177,14.639647483737948,0.5659348964500528,0.20275307819247246,0.0,0.20275307819247246,0.0
7.549546,"[12.253853797912598, 4.5, 0.0]","[26.917198181152344, 4.5, 0.0]",3.1582567691993875,3.721771478652954,0.5604267120363549,14.650313377292571,0.5578887462425115,0.2029307559132576,0.0,0.2029307559132576,0.0
7.569221,"[12.316794395446777, 4.5, 0.0]","[26.990392684936523, 4.5, 0.0]",3.169474840183232,3.7249293327331547,0.5609035491922265,14.663344383151868,0.5635147094535666,0.203098114579916,0.0,0.203098114579916,0.0
7.589637,"[12.379959106445312, 4.5, 0.0]","[27.066190719604492, 4.5, 0.0]",3.1807014942359064,3.7417705059051514,0.5613327026337211,14.673598289401806,0.5554544925499227,0.20325737074017525,0.0,0.20325737074017525,0.0
7.613165,"[12.44334888458252, 4.5, 0.0]","[27.14069938659668, 4.5, 0.0]",3.191936731357604,3.7450811862945557,0.5617618560848747,14.686231613071163,0.5610690116692449,0.20341049879789352,0.0,0.20341049879789352,0.0
7.6292,"[12.506962776184082, 4.5, 0.0]","[27.2164306640625, 4.5, 0.0]",3.2029173374368125,3.7617790699005127,0.5490303039604294,14.697350501926078,0.5531444549369517,0.1988070085644722,0.0,0.1988070085644722,0.0
7.649231,"[12.570801734924316, 4.5, 0.0]","[27.29164695739746, 4.5, 0.0]",3.2139084339334616,3.7650742530822754,0.5495548248324544,14.709467887790263,0.5588617324637002,0.19898515194654465,0.0,0.19898515194654465,0.0
7.669397,"[12.634860038757324, 4.5, 0.0]","[27.367633819580078, 4.5, 0.0]",3.224909067173216,3.781805992126465,0.5500316619877266,14.720845222384922,0.5511658191488138,0.19916018471121788,0.0,0.19916018471121788,0.0
7.689652,"[12.699138641357422, 4.5, 0.0]","[27.44310188293457, 4.5, 0.0]",3.235919237156207,3.7851343154907227,0.550508499149549,14.732773780734458,0.5568969249532487,0.19933272153139114,0.0,0.19933272153139114,0.0
7.709603,"[12.763636589050293, 4.5, 0.0]","[27.51755714416504, 4.5, 0.0]",3.246938943882335,3.8016414642333984,0.5509853363063977,14.743963241488787,0.5492150783345155,0.19950313493609428,0.0,0.19950313493609428,0.0
7.730247,"[12.828354835510254, 4.5, 0.0]","[27.594919204711914, 4.5, 0.0]",3.257997751255498,3.8050870895385747,0.5529403686581391,14.753920555026324,0.5547025203510634,0.20021066069602966,0.0,0.20021066069602966,0.0
7.748869,"[12.893293380737305, 4.5, 0.0]","[27.669897079467773, 4.5, 0.0]",3.2690651416974474,3.8215551376342773,0.5533695220974799,14.766564369113162,0.5470893382830768,0.2003736048936844,0.0,0.2003736048936844,0.0
7.769619,"[12.958453178405762, 4.5, 0.0]","[27.748361587524414, 4.5, 0.0]",3.2801411152082576,3.8251447677612305,0.5537986755405067,14.776603698641912,0.5524899959368299,0.20053470507264137,0.0,0.20053470507264137,0.0
7.790104,"[13.023834228515625, 4.5, 0.0]","[27.82481575012207, 4.5, 0.0]",3.291226625461766,3.841805934906006,0.5542755126754173,14.789908409030016,0.5450036525529729,0.20069388672709465,0.0,0.20069388672709465,0.0
7.8099,"[13.089437484741211, 4.5, 0.0]","[27.900981903076172, 4.5, 0.0]",3.3023207187843133,3.8450722694396973,0.5547046661273702,14.800981521524433,0.5505793094442399,0.20085100084543228,0.0,0.20085100084543228,0.0
7.829293,"[13.155261993408203, 4.5, 0.0]","[27.978591918945312, 4.5, 0.0]",3.3131773472021666,3.8617537021636963,0.5428314208926643,14.811544418259325,0.5427515506553839,0.1965615153312683,0.0,0.1965615153312683,0.0
7.850072,"[13.221308708190918, 4.5, 0.0]","[28.05592918395996, 4.5, 0.0]",3.3240444660375266,3.865065574645996,0.5433559417679978,14.823329925454972,0.5485763549615297,0.19674479961395264,0.0,0.19674479961395264,0.0
7.869108,"[13.287571907043457, 4.5, 0.0]","[28.13216209411621, 4.5, 0.0]",3.334921121615983,3.8815693855285645,0.5438327789228259,14.834620475693288,0.5410211086084695,0.19692495465278625,0.0,0.19692495465278625,0.0
7.889858,"[13.354052543640137, 4.5, 0.0]","[28.21137237548828, 4.5, 0.0]",3.3458082676119645,3.8851227760314946,0.5443572997990698,14.8445901869905,0.5466482639125814,0.1971019245684147,0.0,0.1971019245684147,0.0
7.910104,"[13.420750617980957, 4.5, 0.0]","[28.2890567779541, 4.5, 0.0]",3.3567049503512054,3.9017906188964844,0.5448341369620469,14.857319831772275,0.5393145084195301,0.19727559760212898,0.0,0.19727559760212898,0.0
7.929364,"[13.487667083740234, 4.5, 0.0]","[28.36739158630371, 4.5, 0.0]",3.3676407337375,3.905102491378784,0.5467891693147209,14.868306159890759,0.545085668545279,0.1979970745742321,0.0,0.1979970745742321,0.0
7.94942,"[13.554800987243652, 4.5, 0.0]","[28.4456844329834, 4.5, 0.0]",3.3785793781471933,3.921743154525757,0.5469322204846749,14.879724502481027,0.5374617576412843,0.19804991781711578,0.0,0.19804991781711578,0.0
7.969912,"[13.622154235839844, 4.5, 0.0]","[28.52465057373047, 4.5, 0.0]",3.3895227909279186,3.925135374069214,0.5471706390362652,14.890883445650504,0.5431637763785635,0.19812246784567833,0.0,0.19812246784567833,0.0
7.989539,"[13.689725875854492, 4.5, 0.0]","[28.60297966003418, 4.5, 0.0]",3.400470972080706,3.9417808055877686,0.5474090576393698,14.90249633780805,0.5356125831412952,0.19821379333734512,0.0,0.19821379333734512,0.0
8.010658,"[13.757515907287598, 4.5, 0.0]","[28.679786682128906, 4.5, 0.0]",3.411424875278728,3.948211908340454,0.547695159901096,14.91325378409031,0.5413098335070625,0.19832182675600052,0.0,0.19832182675600052,0.0
8.03309,"[13.825525283813477, 4.5, 0.0]","[28.760019302368164, 4.5, 0.0]",3.422157526035854,3.958303928375244,0.5366325378562964,14.922270774758625,0.5367870330617261,0.19432008266448975,0.0,0.19432008266448975,0.0
8.049247,"[13.893754005432129, 4.5, 0.0]","[28.838966369628906, 4.5, 0.0]",3.4328997135357664,3.9682345390319824,0.5371093749956257,14.934494018465184,0.5361464023393903,0.19448202103376389,0.0,0.19448202103376389,0.0
8.069066,"[13.962197303771973, 4.5, 0.0]","[28.918609619140625, 4.5, 0.0]",3.4436514377793905,3.978252649307251,0.537586212181207,14.945212364113965,0.535334825496216,0.19465165212750435,0.0,0.19465165212750435,0.0
8.089603,"[14.030855178833008, 4.5, 0.0]","[28.99983024597168, 4.5, 0.0]",3.454412698765514,3.988468885421753,0.53806304930617,14.956412315279017,0.5346012115278604,0.19482627511024475,0.0,0.19482627511024475,0.0
8.110939,"[14.09972858428955, 4.5, 0.0]","[29.079875946044922, 4.5, 0.0]",3.465177774449055,3.998514413833618,0.5382537841770452,14.968975067055728,0.534056186656239,0.19489934667944908,0.0,0.19489934667944908,0.0
8.129382,"[14.168816566467285, 4.5, 0.0]","[29.158405303955078, 4.5, 0.0]",3.475952386875823,4.008270263671875,0.5387306213384013,14.980147361672365,0.5333366393845633,0.19507776945829391,0.0,0.19507776945829391,0.0
8.149724,"[14.238120079040527, 4.5, 0.0]","[29.240262985229492, 4.5, 0.0]",3.4867336750222666,4.018438816070557,0.5390644073221873,14.989588737404736,0.5323178767960521,0.19519153982400894,0.0,0.19519153982400894,0.0
8.169413,"[14.307639122009277, 4.5, 0.0]","[29.321014404296875, 4.5, 0.0]",3.497518777866196,4.028470039367676,0.5392551421964598,15.002142906105838,0.53170514104829,0.1952562853693962,0.0,0.1952562853693962,0.0
8.18935,"[14.377373695373535, 4.5, 0.0]","[29.399717330932617, 4.5, 0.0]",3.5083076954075194,4.0382466316223145,0.5394458770661803,15.01337528221093,0.53095126150148,0.1953405886888504,0.0,0.1953405886888504,0.0
8.209242,"[14.4473237991333, 4.5, 0.0]","[29.479921340942383, 4.5, 0.0]",3.5190279483981377,4.0481910705566415,0.5360126495309148,15.02234363548237,0.529938936214795,0.19408157095313072,0.0,0.19408157095313072,0.0
8.22968,"[14.51749038696289, 4.5, 0.0]","[29.5613956451416, 4.5, 0.0]",3.5297548771090694,4.058187961578369,0.5363464355465863,15.032597541732317,0.5291631221585038,0.19420858472585678,0.0,0.19420858472585678,0.0
8.249505,"[14.587870597839355, 4.5, 0.0]","[29.644716262817383, 4.5, 0.0]",3.5404894352145857,4.068411350250244,0.5367279052758134,15.043905258101889,0.5284330844692997,0.1943480223417282,0.0,0.1943480223417282,0.0
8.269461,"[14.658465385437012, 4.5, 0.0]","[29.726642608642578, 4.5, 0.0]",3.551232576388906,4.078463554382324,0.5371570587160202,15.056845664901138,0.5279219150356584,0.19449684768915176,0.0,0.19449684768915176,0.0
8.290318,"[14.72927474975586, 4.5, 0.0]","[29.808088302612305, 4.5, 0.0]",3.5619843006320617,4.088457107543945,0.5375862121577812,15.06817722312862,0.5272309779934181,0.19465230405330658,0.0,0.19465230405330658,0.0
8.310034,"[14.800299644470215, 4.5, 0.0]","[29.889551162719727, 4.5, 0.0]",3.5726625919528656,4.098430633544922,0.5339145660401945,15.078813552779444,0.5264728069118836,0.19332954660058022,0.0,0.19332954660058022,0.0
8.3297,"[14.871539115905762, 4.5, 0.0]","[29.972314834594727, 4.5, 0.0]",3.583330392856194,4.108462810516357,0.5333900451664153,15.089251518172457,0.5257680415920563,0.19313247874379158,0.0,0.19313247874379158,0.0
8.349876,"[14.942992210388184, 4.5, 0.0]","[30.054367065429688, 4.5, 0.0]",3.5940029621309444,4.118408203125,0.5336284637375233,15.100775718611851,0.5251324176601635,0.19321797415614128,0.0,0.19321797415614128,0.0
8.370238,"[15.01465892791748, 4.5, 0.0]","[30.135902404785156, 4.5, 0.0]",3.6046812534516692,4.128291130065918,0.5339145660362421,15.111374854964337,0.5244052409940556,0.19332362338900566,0.0,0.19332362338900566,0.0
8.389255,"[15.086539268493652, 4.5, 0.0]","[30.218198776245117, 4.5, 0.0]",3.6153662204925943,4.138266563415527,0.5342483520462515,15.121243476790458,0.5236098766142487,0.19344612956047058,0.0,0.19344612956047058,0.0
8.409968,"[15.1586332321167, 4.5, 0.0]","[30.30223274230957, 4.5, 0.0]",3.6260588169281265,4.148431301116943,0.534629821776611,15.131659507674193,0.5229003429229331,0.19358215853571892,0.0,0.19358215853571892,0.0
8.428958,"[15.230940818786621, 4.5, 0.0]","[30.384151458740234, 4.5, 0.0]",3.636683702487237,4.161574840545654,0.5312442779555226,15.14359951011554,0.5223724841888169,0.19237028434872627,0.0,0.19237028434872627,0.0
8.449328,"[15.303462028503418, 4.5, 0.0]","[30.46905517578125, 4.5, 0.0]",3.6473143100924106,4.165076732635498,0.5315303802586824,15.153210639876232,0.5248911380584174,0.19246909767389297,0.0,0.19246909767389297,0.0
8.469278,"[15.376195907592773, 4.5, 0.0]","[30.551427841186523, 4.5, 0.0]",3.657947778720518,4.181608200073242,0.5316734314053662,15.165593147200388,0.5177624225430875,0.1925252005457878,0.0,0.1925252005457878,0.0
8.489516,"[15.449142456054688, 4.5, 0.0]","[30.6348876953125, 4.5, 0.0]",3.668586015720189,4.184937000274658,0.5319118499835573,15.175231933516256,0.5236604213527243,0.19260551780462265,0.0,0.19260551780462265,0.0
8.510127,"[15.52230167388916, 4.5, 0.0]","[30.719743728637695, 4.5, 0.0]",3.679108858127557,4.201744556427002,0.5261421203683891,15.185745239180266,0.5163509845544692,0.19051434472203255,0.0,0.19051434472203255,0.0
8.529422,"[15.595674514770508, 4.5, 0.0]","[30.802919387817383, 4.5, 0.0]",3.689639329929491,4.204921722412109,0.5265235900967058,15.197442054670928,0.5226356982994451,0.190648902207613,0.0,0.190648902207613,0.0
8.549815,"[15.669256210327148, 4.5, 0.0]","[30.889028549194336, 4.5, 0.0]",3.7001745701034676,4.221778392791748,0.5267620086988334,15.207244872969218,0.5152823924826184,0.19073361530900002,0.0,0.19073361530900002,0.0
8.570405,"[15.743048667907715, 4.5, 0.0]","[30.97369956970215, 4.5, 0.0]",3.710711717625741,4.225132465362549,0.5268573761136652,15.219772338789467,0.5216038226882804,0.19078174605965614,0.0,0.19078174605965614,0.0
8.589329,"[15.817051887512207, 4.499999523162842, 0.0]","[31.056442260742188, 4.5, 0.0]",3.7212536335195363,4.24159049987793,0.5270957946897692,15.23065090171004,0.5144207477368079,0.1908593438565731,0.0,0.1908593438565731,0.0
8.611493,"[15.891265869140625, 4.499999046325684, 0.0]","[31.142459869384766, 4.5, 0.0]",3.7318804264274044,4.245083332061768,0.5313396453934027,15.239390373143952,0.5203368663583934,0.1924028992652893,0.0,0.1924028992652893,0.0
8.629202,"[15.965691566467285, 4.499998569488525, 0.0]","[31.227060317993164, 4.5, 0.0]",3.7425138950554873,4.26164436340332,0.5316734314041449,15.25119400015646,0.5132029056343632,0.19251680001616478,0.0,0.19251680001616478,0.0
8.649115,"[16.040328979492188, 4.499998092651367, 0.0]","[31.311765670776367, 4.5, 0.0]",3.7531511783807923,4.264885425567627,0.5318641662652501,15.261368751436553,0.519130468347833,0.19258365035057068,0.0,0.19258365035057068,0.0
8.669399,"[16.11517906188965, 4.499997615814209, 0.0]","[31.399381637573242, 4.5, 0.0]",3.7637903690547447,4.281798839569092,0.5319595336976235,15.271436691193212,0.5117342471868347,0.19261592999100685,0.0,0.19261592999100685,0.0
8.689759,"[16.190242767333984, 4.499997138977051, 0.0]","[31.484676361083984, 4.5, 0.0]",3.774432420751604,4.285109043121338,0.5321025848429528,15.284202575590967,0.5180084705143471,0.1926790177822113,0.0,0.1926790177822113,0.0
8.710148,"[16.265518188476562, 4.499996662139893, 0.0]","[31.570499420166016, 4.5, 0.0]",3.7848751545162997,4.301791667938232,0.5221366882347978,15.294433593655729,0.5106766223697341,0.1890673115849495,0.0,0.1890673115849495,0.0
8.730309,"[16.341007232666016, 4.499996185302734, 0.0]","[31.6557559967041, 4.5, 0.0]",3.7954552173826315,4.304981708526611,0.5290031433165865,15.304981231593537,0.5169165134219327,0.19155658781528473,0.0,0.19155658781528473,0.0
8.750373,"[16.416704177856445, 4.499995708465576, 0.0]","[31.742311477661133, 4.5, 0.0]",3.8060429096434705,4.321654319763184,0.52938461304195,15.314748763940528,0.5095264911439799,0.19169244915246964,0.0,0.19169244915246964,0.0
8.769002,"[16.492612838745117, 4.499995231628418, 0.0]","[31.828298568725586, 4.5, 0.0]",3.8166353702758444,4.324929237365723,0.5296230316186978,15.325607299705483,0.5156114101197131,0.1917763240635395,0.0,0.1917763240635395,0.0
8.789025,"[16.56873321533203, 4.49999475479126, 0.0]","[31.9147891998291, 4.5, 0.0]",3.827230691931201,4.341594219207764,0.5297660827678241,15.33568572987962,0.5082938670898782,0.19182099029421806,0.0,0.19182099029421806,0.0
8.809733,"[16.645065307617188, 4.499994277954102, 0.0]","[32.000980377197266, 4.5, 0.0]",3.837829828283846,4.344874858856201,0.52995681763226,15.346055984394576,0.5143635272765628,0.1918923296034336,0.0,0.1918923296034336,0.0
8.828804,"[16.721609115600586, 4.499993801116943, 0.0]","[32.08852767944336, 4.5, 0.0]",3.8482325077272344,4.361546039581299,0.520133972169412,15.355915069475943,0.5070450305723551,0.18834341317415237,0.0,0.18834341317415237,0.0
8.850094,"[16.79836654663086, 4.499993324279785, 0.0]","[32.17661666870117, 4.5, 0.0]",3.8586428165651547,4.364947319030762,0.520515441896019,15.36691856373699,0.5133135318540645,0.18848130479454994,0.0,0.18848130479454994,0.0
8.869399,"[16.87533187866211, 4.499992847442627, 0.0]","[32.265525817871094, 4.5, 0.0]",3.8690578937746967,4.381774425506592,0.5207538604770967,15.378250121962877,0.506304502465607,0.1885693147778511,0.0,0.1885693147778511,0.0
8.889039,"[16.952505111694336, 4.499992370605469, 0.0]","[32.35136795043945, 4.5, 0.0]",3.879475832007171,4.384918689727783,0.5208969116237139,15.390193939099897,0.5127165317318951,0.18862035125494003,0.0,0.18862035125494003,0.0
8.910845,"[17.02988624572754, 4.4999918937683105, 0.0]","[32.440731048583984, 4.5, 0.0]",3.8898985386112597,4.401777744293213,0.5211353302044364,15.398862838634393,0.5054428577206123,0.18870016559958458,0.0,0.18870016559958458,0.0
8.929183,"[17.10747528076172, 4.499991416931152, 0.0]","[32.52802658081055, 4.5, 0.0]",3.900418519995648,4.408308506011963,0.5259990692194183,15.41084480274407,0.5118792056819532,0.19045738503336906,0.0,0.19045738503336906,0.0
8.949433,"[17.185274124145508, 4.499990940093994, 0.0]","[32.617431640625, 4.5, 0.0]",3.9109413624033826,4.418410778045654,0.52614212038673,15.420551299926696,0.5078899860163149,0.19050706177949905,0.0,0.19050706177949905,0.0
8.969883,"[17.263282775878906, 4.499990463256836, 0.0]","[32.70643615722656, 4.5, 0.0]",3.921465158485195,4.428467750549316,0.5261898040906265,15.43215751635564,0.5074694156422717,0.19052594900131226,0.0,0.19052594900131226,0.0
8.989678,"[17.341501235961914, 4.499989986419678, 0.0]","[32.79478454589844, 4.5, 0.0]",3.9319918155904396,4.438450336456299,0.5263328552622237,15.443153381222087,0.5070025920641212,0.19057903438806534,0.0,0.19057903438806534,0.0
9.009659,"[17.419931411743164, 4.4999895095825195, 0.0]","[32.88298416137695, 4.5, 0.0]",3.942522287392657,4.448397159576416,0.5265235901108722,15.453283309791779,0.5064585208658592,0.19066127017140388,0.0,0.19066127017140388,0.0
9.029129,"[17.498571395874023, 4.499989032745361, 0.0]","[32.971065521240234, 4.5, 0.0]",3.9529411792997617,4.458238124847413,0.5209445953552327,15.463052749504799,0.5058748721837589,0.1886320486664772,0.0,0.1886320486664772,0.0
9.049386,"[17.577421188354492, 4.499988555908203, 0.0]","[33.06047058105469, 4.5, 0.0]",3.963363885903991,4.468227863311768,0.521135330211453,15.472494125235514,0.5052969455476513,0.1887076161801815,0.0,0.1887076161801815,0.0
9.06897,"[17.65648078918457, 4.499988079071045, 0.0]","[33.150211334228516, 4.5, 0.0]",3.9737894535311913,4.478254795074463,0.5212783813600241,15.483049392567784,0.5048639774077768,0.1887495256960392,0.0,0.1887495256960392,0.0
9.089842,"[17.735748291015625, 4.499987602233887, 0.0]","[33.241554260253906, 4.5, 0.0]",3.984218835855787,4.488461017608643,0.5214691162297891,15.493730544909818,0.5044653415432716,0.18882257863879204,0.0,0.18882257863879204,0.0
9.109744,"[17.815223693847656, 4.4999871253967285, 0.0]","[33.329288482666016, 4.5, 0.0]",3.9946539402262053,4.498245716094971,0.521755218520914,15.50580596910243,0.5042421817528555,0.18892189487814903,0.0,0.18892189487814903,0.0
9.129244,"[17.894908905029297, 4.49998664855957, 0.0]","[33.41968536376953, 4.5, 0.0]",4.005039691950536,4.508234500885011,0.5192875862165325,15.514064788680807,0.5035917758687654,0.18803058192133904,0.0,0.18803058192133904,0.0
9.149318,"[17.974802017211914, 4.499986171722412, 0.0]","[33.50977325439453, 4.5, 0.0]",4.015427112604937,4.518188953399658,0.5193710327200396,15.524776458600968,0.5031948089344747,0.18806330859661102,0.0,0.18806330859661102,0.0
9.169609,"[18.054903030395508, 4.499985694885254, 0.0]","[33.60292434692383, 4.5, 0.0]",4.025818347956702,4.528481483459473,0.5195617675882502,15.53497123704164,0.5027618407947214,0.18812987953424454,0.0,0.18812987953424454,0.0
9.189498,"[18.135211944580078, 4.499985218048096, 0.0]","[33.69325256347656, 4.5, 0.0]",4.036215305354229,4.5384626388549805,0.5198478698763775,15.548021316385613,0.5026631355027709,0.18822509795427322,0.0,0.18822509795427322,0.0
9.210127,"[18.215728759765625, 4.4999847412109375, 0.0]","[33.78334045410156, 4.5, 0.0]",4.0466141701004315,4.548398494720459,0.5199432373101054,15.558040618752067,0.5022473335007511,0.18827980384230614,0.0,0.18827980384230614,0.0
9.22942,"[18.29645347595215, 4.499984264373779, 0.0]","[33.87483215332031, 4.5, 0.0]",4.056978702571341,4.55839729309082,0.5182266235454591,15.567611694189813,0.5017843246200275,0.1876320317387581,0.0,0.1876320317387581,0.0
9.249725,"[18.37738609313965, 4.499983787536621, 0.0]","[33.96635818481445, 4.5, 0.0]",4.067345142390745,4.568399906158447,0.5183219909702164,15.578378677220321,0.5014185905194797,0.18769767135381699,0.0,0.18769767135381699,0.0
9.269855,"[18.458526611328125, 4.499983310699463, 0.0]","[34.058448791503906, 4.5, 0.0]",4.077717304255981,4.578464508056641,0.5186080932618076,15.58897209152525,0.5010547637677023,0.1877928152680397,0.0,0.1877928152680397,0.0
9.289759,"[18.539873123168945, 4.499982833862305, 0.0]","[34.14992141723633, 4.5, 0.0]",4.088093280818495,4.58846139907837,0.5187988281257105,15.59992218002451,0.5007472038006595,0.18784824758768082,0.0,0.18784824758768082,0.0
9.31079,"[18.621427536010742, 4.4999823570251465, 0.0]","[34.242549896240234, 4.5, 0.0]",4.098471164729738,4.598564147949219,0.5188941955621473,15.6100482939144,0.5003681182598747,0.18787503242492676,0.0,0.18787503242492676,0.0
9.329205,"[18.703189849853516, 4.499981880187988, 0.0]","[34.333892822265625, 4.5, 0.0]",4.108812809016376,4.608438968658447,0.5170822143318876,15.621122360074791,0.5000929832194805,0.18722129985690117,0.0,0.18722129985690117,0.0
9.350435,"[18.785160064697266, 4.49998140335083, 0.0]","[34.42643356323242, 4.5, 0.0]",4.119156360651937,4.621776580810547,0.51717758177805,15.630702972255701,0.49962615964207124,0.18725473433732986,0.0,0.18725473433732986,0.0
9.369512,"[18.86733627319336, 4.499980926513672, 0.0]","[34.51925277709961, 4.5, 0.0]",4.1294980049388705,4.625144958496095,0.5170822143466758,15.641273498377032,0.5026202201586099,0.18721995875239372,0.0,0.18721995875239372,0.0
9.389433,"[18.949718475341797, 4.499980449676514, 0.0]","[34.61152648925781, 4.5, 0.0]",4.139843463923161,4.641786575317383,0.5172729492145312,15.651916503746412,0.4956469535572241,0.18731653690338135,0.0,0.18731653690338135,0.0
9.409837,"[19.03230857849121, 4.4999799728393555, 0.0]","[34.70372009277344, 4.5, 0.0]",4.150194644953343,4.645068645477295,0.5175590515090978,15.661808013754468,0.5019431113942217,0.18740201368927956,0.0,0.18740201368927956,0.0
9.42895,"[19.11510467529297, 4.499979496002197, 0.0]","[34.795654296875, 4.5, 0.0]",4.160442829157258,4.661567687988281,0.5124092101957523,15.67141151411897,0.4948740005239518,0.18554560840129852,0.0,0.18554560840129852,0.0
9.449603,"[19.198108673095703, 4.499979019165039, 0.0]","[34.88924026489258, 4.5, 0.0]",4.170692920709753,4.664910316467285,0.5125045776247283,15.68054962141707,0.5011248588310231,0.18558261916041374,0.0,0.18558261916041374,0.0
9.469062,"[19.28131675720215, 4.499978542327881, 0.0]","[34.98274230957031, 4.5, 0.0]",4.180946826959584,4.681576728820801,0.5126953124915623,15.691131591630198,0.49421739575753243,0.18565693870186806,0.0,0.18565693870186806,0.0
9.490532,"[19.364730834960938, 4.499978065490723, 0.0]","[35.07841873168945, 4.5, 0.0]",4.191204547906876,4.685142993927002,0.5128860473646135,15.701425552199774,0.5006299018612168,0.18569881096482277,0.0,0.18569881096482277,0.0
9.51043,"[19.448348999023438, 4.4999775886535645, 0.0]","[35.17148971557617, 4.5, 0.0]",4.2014336586246515,4.70174503326416,0.5114555358887607,15.713687896558403,0.4939384460201257,0.18518244847655296,0.0,0.18518244847655296,0.0
9.529477,"[19.53217315673828, 4.499977111816406, 0.0]","[35.264461517333984, 4.5, 0.0]",4.211664676691097,4.704916954040528,0.5115509033222665,15.723140716391006,0.5003113746395087,0.18524684011936188,0.0,0.18524684011936188,0.0
9.550049,"[19.616201400756836, 4.499976634979248, 0.0]","[35.36075973510742, 4.5, 0.0]",4.22190141680464,4.721773624420166,0.5118370056771404,15.73228836040102,0.49325227734943144,0.18534529954195023,0.0,0.18534529954195023,0.0
9.569386,"[19.700435638427734, 4.49997615814209, 0.0]","[35.45548629760742, 4.5, 0.0]",4.232141971615696,4.725131034851074,0.5120277405528117,15.744558334131623,0.4998722076155264,0.18540749326348305,0.0,0.18540749326348305,0.0
9.589504,"[19.784873962402344, 4.499975681304932, 0.0]","[35.54984664916992, 4.5, 0.0]",4.242384433776191,4.7417826652526855,0.5121231080247757,15.755050658947042,0.4929890632353784,0.18544336780905724,0.0,0.18544336780905724,0.0
9.610079,"[19.869516372680664, 4.499975204467773, 0.0]","[35.64265823364258, 4.5, 0.0]",4.252748966249028,4.74492073059082,0.5182266236418265,15.76497268650851,0.4993982314764942,0.1876368187367916,0.0,0.1876368187367916,0.0
9.628952,"[19.954364776611328, 4.499974727630615, 0.0]","[35.73751449584961, 4.5, 0.0]",4.263113498722459,4.761519432067871,0.518226623671536,15.773141860688003,0.49217176434179244,0.1876620389521122,0.0,0.1876620389521122,0.0
9.649709,"[20.039419174194336, 4.499974250793457, 0.0]","[35.83523178100586, 4.5, 0.0]",4.273478031195998,4.765085697174072,0.5182266236769539,15.78314971896211,0.4984059333454125,0.1876649633049965,0.0,0.1876649633049965,0.0
9.669866,"[20.12468147277832, 4.499973773956299, 0.0]","[35.93125915527344, 4.5, 0.0]",4.283846378366735,4.7818074226379395,0.5184173585368601,15.795812606506601,0.4916076659780746,0.1877087540924549,0.0,0.1877087540924549,0.0
9.690152,"[20.21015167236328, 4.499973297119141, 0.0]","[36.02663803100586, 4.5, 0.0]",4.2942147255381755,4.785128116607666,0.518417358572032,15.806577682174062,0.4979610442712046,0.18772320821881294,0.0,0.18772320821881294,0.0
9.710668,"[20.295827865600586, 4.499972820281982, 0.0]","[36.125389099121094, 4.5, 0.0]",4.3045430183882525,4.802112579345703,0.5164146425038485,15.816486358290629,0.4909133910694905,0.18700169399380684,0.0,0.18700169399380684,0.0
9.729779,"[20.381711959838867, 4.499972343444824, 0.0]","[36.2183952331543, 4.5, 0.0]",4.314875125936208,4.805084705352783,0.5166053773977719,15.8295612331512,0.49756956095745064,0.18704524263739586,0.0,0.18704524263739586,0.0
9.749637,"[20.467802047729492, 4.499971866607666, 0.0]","[36.31485366821289, 4.5, 0.0]",4.325211048181191,4.821746349334717,0.5167961122491516,15.836683272928425,0.4902095794165753,0.18712477758526802,0.0,0.18712477758526802,0.0
9.769057,"[20.554100036621094, 4.499971389770508, 0.0]","[36.41013717651367, 4.5, 0.0]",4.335548877773935,4.824954509735107,0.5168914796371826,15.847051620093636,0.49653530115352584,0.18716953694820404,0.0,0.18716953694820404,0.0
9.789229,"[20.64060401916504, 4.49997091293335, 0.0]","[36.506446838378906, 4.5, 0.0]",4.345888614714659,4.84160041809082,0.5169868470362271,15.856037139515276,0.4894056319611728,0.1871892437338829,0.0,0.1871892437338829,0.0
9.810026,"[20.72731590270996, 4.499970436096191, 0.0]","[36.604408264160156, 4.5, 0.0]",4.3562302590034365,4.845067977905273,0.5170822144388687,15.865842818833885,0.49571180337616116,0.18724674358963966,0.0,0.18724674358963966,0.0
9.829332,"[20.814233779907227, 4.499969959259033, 0.0]","[36.70206069946289, 4.5, 0.0]",4.366400241914697,4.861749649047852,0.5084991455630128,15.877092361067513,0.4888377189018369,0.18413841724395752,0.0,0.18413841724395752,0.0
9.849596,"[20.901357650756836, 4.499969482421875, 0.0]","[36.79938507080078, 4.5, 0.0]",4.376574039523016,4.868398666381837,0.5086898804159468,15.88782691917029,0.4953494071331548,0.18421005457639694,0.0,0.18421005457639694,0.0
9.870218,"[20.988685607910156, 4.499969005584717, 0.0]","[36.897640228271484, 4.5, 0.0]",4.386751651828159,4.875143051147461,0.5088806152571568,15.898027419655886,0.4918246268588211,0.18425270915031433,0.0,0.18425270915031433,0.0
9.889825,"[21.076217651367188, 4.499968528747559, 0.0]","[36.99491882324219, 4.5, 0.0]",4.39693307883037,4.891786575317383,0.5090713501105792,15.908954619970576,0.4883913993193021,0.18432993441820145,0.0,0.18432993441820145,0.0
9.910235,"[21.163951873779297, 4.4999680519104, 0.0]","[37.09245681762695, 4.5, 0.0]",4.407116413181047,4.895106315612793,0.5091667175338266,15.918701171481569,0.4948534964870124,0.18437230959534645,0.0,0.18437230959534645,0.0
9.929277,"[21.251890182495117, 4.499967575073242, 0.0]","[37.19084930419922, 4.5, 0.0]",4.417280674046377,4.911761283874512,0.5082130432664922,15.928504943435854,0.487989902431746,0.18401168286800385,0.0,0.18401168286800385,0.0
9.94961,"[21.34003257751465, 4.499967098236084, 0.0]","[37.289146423339844, 4.5, 0.0]",4.4274468422618405,4.915074825286865,0.5083084107731839,15.938959121257167,0.4944806098281349,0.18407216295599937,0.0,0.18407216295599937,0.0
9.969516,"[21.42837905883789, 4.499966621398926, 0.0]","[37.38825607299805, 4.5, 0.0]",4.437614917825947,4.931802749633789,0.508403778205313,15.949113845341714,0.48762798302502475,0.18410222604870796,0.0,0.18410222604870796,0.0
9.990679,"[21.51692771911621, 4.499966144561768, 0.0]","[37.48456954956055, 4.5, 0.0]",4.447784900738724,4.9349141120910645,0.5084991456388632,15.959877013656305,0.4941878318078423,0.1841122843325138,0.0,0.1841122843325138,0.0
10.009516,"[21.605680465698242, 4.499965667724609, 0.0]","[37.584747314453125, 4.5, 0.0]",4.457956790998469,4.951733589172363,0.5085945129872371,15.967641829937419,0.48712921135234044,0.184165108948946,0.0,0.184165108948946,0.0
10.02931,"[21.69463539123535, 4.499965190887451, 0.0]","[37.68259048461914, 4.5, 0.0]",4.468250751570653,4.954900741577149,0.5146980286092173,15.97906684829637,0.4937767981738945,0.18635639920830727,0.0,0.18635639920830727,0.0
10.049892,"[21.783794403076172, 4.499964714050293, 0.0]","[37.78400802612305, 4.5, 0.0]",4.478542804794021,4.97175931930542,0.514602661168384,15.9879550929224,0.4866499900064962,0.18634865060448647,0.0,0.18634865060448647,0.0
10.071098,"[21.873159408569336, 4.499964237213135, 0.0]","[37.88471984863281, 4.5, 0.0]",4.488836765366093,4.975214958190918,0.5146980286036218,16.000213622582557,0.49321651451139914,0.18638558685779572,0.0,0.18638558685779572,0.0
10.089819,"[21.962730407714844, 4.499963760375977, 0.0]","[37.98337936401367, 4.5, 0.0]",4.49913263328633,4.991796970367432,0.5147933960118589,16.011560439596238,0.48637819282482475,0.18639624118804932,0.0,0.18639624118804932,0.0
10.109443,"[22.052507400512695, 4.499963283538818, 0.0]","[38.08082962036133, 4.5, 0.0]",4.509428501206371,4.994908809661865,0.5147933960020445,16.02064895582871,0.49266433708110124,0.18638988956809044,0.0,0.18638988956809044,0.0
10.129524,"[22.14249038696289, 4.49996280670166, 0.0]","[38.183223724365234, 4.5, 0.0]",4.5195641518415,5.011763572692871,0.5067825317564445,16.02832221937566,0.48548030845549395,0.18351012840867043,0.0,0.18351012840867043,0.0
10.149851,"[22.23267936706543, 4.499962329864502, 0.0]","[38.28353500366211, 4.5, 0.0]",4.5297017098250105,5.0150785446167,0.5068778991755174,16.04073333692644,0.4921994208513709,0.1835426688194275,0.0,0.1835426688194275,0.0
10.169298,"[22.323070526123047, 4.499961853027344, 0.0]","[38.3846321105957, 4.5, 0.0]",4.539841175157303,5.031804084777832,0.5069732666146187,16.050855636117877,0.4853768347916896,0.1835576631128788,0.0,0.1835576631128788,0.0
10.189299,"[22.413663864135742, 4.4999613761901855, 0.0]","[38.48479461669922, 4.5, 0.0]",4.549982547838078,5.035104274749756,0.5070686340387542,16.061561583990947,0.49196290962052913,0.1836169883608818,0.0,0.1836169883608818,0.0
10.209669,"[22.50446128845215, 4.499960899353027, 0.0]","[38.58504104614258, 4.5, 0.0]",4.560125827867521,5.051728248596191,0.5071640014721712,16.07113075207888,0.4851217269116779,0.18364932388067245,0.0,0.18364932388067245,0.0
10.230061,"[22.595460891723633, 4.499960422515869, 0.0]","[38.68656539916992, 4.5, 0.0]",4.570385456163638,5.055064678192139,0.5129814148058465,16.08057975720295,0.49160242072867,0.1857508160173893,0.0,0.1857508160173893,0.0
10.249411,"[22.686662673950195, 4.499959945678711, 0.0]","[38.78811264038086, 4.5, 0.0]",4.58064699180823,5.07173490524292,0.5130767822295823,16.091104506955904,0.48467922202850033,0.1857948862016201,0.0,0.1857948862016201,0.0
10.270008,"[22.7780704498291, 4.499959468841553, 0.0]","[38.890235900878906, 4.5, 0.0]",4.59091043480131,5.078463554382324,0.5131721496539843,16.10144996593738,0.49108791343468994,0.18581198528409004,0.0,0.18581198528409004,0.0
10.28984,"[22.86968421936035, 4.4999589920043945, 0.0]","[38.9897575378418, 4.5, 0.0]",4.601173877794626,5.088268280029297,0.513172149665797,16.112165450553615,0.48755311958101455,0.18581120297312737,0.0,0.18581120297312737,0.0
10.309981,"[22.961502075195312, 4.499958515167236, 0.0]","[39.09150314331055, 4.5, 0.0]",4.611439228136536,5.098276615142822,0.5132675170955281,16.120073317982396,0.48709440223467126,0.18585450947284698,0.0,0.18585450947284698,0.0
10.329585,"[23.053525924682617, 4.499958038330078, 0.0]","[39.19580841064453, 4.5, 0.0]",4.621614933093693,5.108452796936035,0.5087852478578458,16.130001067613293,0.4868373870062861,0.1842227764427662,0.0,0.1842227764427662,0.0
10.350192,"[23.145753860473633, 4.49995756149292, 0.0]","[39.29781723022461, 4.5, 0.0]",4.631790638052781,5.118404865264893,0.5087852479543908,16.142282485402067,0.48683786384234207,0.18423235043883324,0.0,0.18423235043883324,0.0
10.369421,"[23.23818588256836, 4.499957084655762, 0.0]","[39.40094757080078, 4.5, 0.0]",4.641970157710207,5.128466606140137,0.5089759828713181,16.152063369130257,0.48661422721211167,0.1842856965959072,0.0,0.1842856965959072,0.0
10.389433,"[23.330821990966797, 4.4999566078186035, 0.0]","[39.50334548950195, 4.5, 0.0]",4.652149677367449,5.13845682144165,0.508975982862081,16.162761687588468,0.48649644842992945,0.1843116246163845,0.0,0.1843116246163845,0.0
10.40977,"[23.423662185668945, 4.499956130981445, 0.0]","[39.60544204711914, 4.5, 0.0]",4.662331104373358,5.14840030670166,0.5090713502954536,16.17252349786755,0.4863071440742015,0.18431924283504486,0.0,0.18431924283504486,0.0
10.429644,"[23.516704559326172, 4.499955654144287, 0.0]","[39.70922088623047, 4.5, 0.0]",4.67249345789442,5.158427715301514,0.5081176760531214,16.18177986075852,0.4860692023283022,0.18397578969597816,0.0,0.18397578969597816,0.0
10.449567,"[23.60995101928711, 4.499955177307129, 0.0]","[39.812400817871094, 4.5, 0.0]",4.682655811413754,5.168396472930908,0.5081176759667017,16.192516326250157,0.4859342574070933,0.18400251865386963,0.0,0.18400251865386963,0.0
10.469759,"[23.703401565551758, 4.499954700469971, 0.0]","[39.91673278808594, 4.5, 0.0]",4.692820072278388,5.178476810455322,0.5082130432316756,16.20244979794664,0.4857406615171538,0.18401103094220161,0.0,0.18401103094220161,0.0
10.489475,"[23.797054290771484, 4.4999542236328125, 0.0]","[40.020103454589844, 4.5, 0.0]",4.702986240491987,5.188464164733887,0.5083084106799696,16.21333122185268,0.48565673817693433,0.18406327813863754,0.0,0.18406327813863754,0.0
10.510551,"[23.890911102294922, 4.499953746795654, 0.0]","[40.123802185058594, 4.5, 0.0]",4.7131390572653595,5.1984663009643555,0.5076408386686104,16.223049163174352,0.4854779242418994,0.1838047057390213,0.0,0.1838047057390213,0.0
10.529494,"[23.984970092773438, 4.499953269958496, 0.0]","[40.22835159301758, 4.5, 0.0]",4.72329187403846,5.208470821380615,0.5076408386550213,16.232891082075245,0.48532724369899594,0.18381331115961075,0.0,0.18381331115961075,0.0
10.549895,"[24.079233169555664, 4.499952793121338, 0.0]","[40.33250427246094, 4.5, 0.0]",4.733446598160079,5.218437671661377,0.5077362060809332,16.24338149959348,0.4851789473421553,0.1838657632470131,0.0,0.1838657632470131,0.0
10.568967,"[24.17369842529297, 4.49995231628418, 0.0]","[40.43502426147461, 4.5, 0.0]",4.743603229629991,5.228248119354248,0.5078315734956096,16.2532711022099,0.48499107350129833,0.18389081582427025,0.0,0.18389081582427025,0.0
10.589535,"[24.268367767333984, 4.4999518394470215, 0.0]","[40.541744232177734, 4.5, 0.0]",4.753759861100065,5.238460540771484,0.507831573503692,16.261325835524374,0.48464488972425723,0.1838977076113224,0.0,0.1838977076113224,0.0
10.60994,"[24.363239288330078, 4.499951362609863, 0.0]","[40.643882751464844, 4.5, 0.0]",4.763905048478364,5.248219966888428,0.5072593689149585,16.273376464141435,0.4847006796714197,0.18366726115345955,0.0,0.18366726115345955,0.0
10.62925,"[24.458314895629883, 4.499950885772705, 0.0]","[40.751522064208984, 4.5, 0.0]",4.774050235856452,5.258422374725342,0.5072593689043892,16.280643462470866,0.4843149184100639,0.18369263038039207,0.0,0.18369263038039207,0.0
10.649439,"[24.553592681884766, 4.499950408935547, 0.0]","[40.85682678222656, 4.5, 0.0]",4.784197330582838,5.268404006958009,0.507354736319332,16.293207167869852,0.4843721388688902,0.18369976431131363,0.0,0.18369976431131363,0.0
10.669404,"[24.64907455444336, 4.499949932098389, 0.0]","[40.963050842285156, 4.5, 0.0]",4.794346332657738,5.278472423553467,0.5074501037449775,16.303234099671194,0.48420667637517045,0.18375078216195107,0.0,0.18375078216195107,0.0
10.689542,"[24.74475860595703, 4.4999494552612305, 0.0]","[41.0682487487793, 4.5, 0.0]",4.804497242081119,5.29177713394165,0.5075454711690686,16.313976287125598,0.484126090895729,0.18377447500824928,0.0,0.18377447500824928,0.0
10.710919,"[24.84064483642578, 4.499948978424072, 0.0]","[41.176212310791016, 4.5, 0.0]",4.814630985367015,5.29532527923584,0.5066871642947834,16.32349014214501,0.4872798918605312,0.18348591402173042,0.0,0.18348591402173042,0.0
10.730288,"[24.936735153198242, 4.499948501586914, 0.0]","[41.2802848815918, 4.5, 0.0]",4.824768543349321,5.311763763427734,0.5068778991152989,16.335567473642058,0.480694293868825,0.18353737890720367,0.0,0.18353737890720367,0.0
10.749587,"[25.03302764892578, 4.499948024749756, 0.0]","[41.3865852355957, 4.5, 0.0]",4.834908008679654,5.3150787353515625,0.5069732665166526,16.34354972773056,0.48699522007841356,0.18356146290898323,0.0,0.18356146290898323,0.0
10.769117,"[25.1295223236084, 4.499947547912598, 0.0]","[41.49156951904297, 4.5, 0.0]",4.845047474010792,5.331602573394775,0.5069732665568871,16.353557586003678,0.48017072667190863,0.18356746062636375,0.0,0.18356746062636375,0.0
10.7896,"[25.226221084594727, 4.4999470710754395, 0.0]","[41.60011672973633, 4.5, 0.0]",4.855188846690728,5.3351287841796875,0.5070686339968322,16.362047194765104,0.4865550993839838,0.18361736088991165,0.0,0.18361736088991165,0.0
10.809882,"[25.323122024536133, 4.499946594238281, 0.0]","[41.7061767578125, 4.5, 0.0]",4.86524820337969,5.351737022399902,0.5029678344480981,16.373895644468845,0.47993993748895925,0.18212644383311272,0.0,0.18212644383311272,0.0
10.829327,"[25.420225143432617, 4.499946117401123, 0.0]","[41.81370544433594, 4.5, 0.0]",4.875309467417687,5.355073928833008,0.503063201899856,16.383054732600375,0.4864888190202121,0.18214141950011253,0.0,0.18214141950011253,0.0
10.849783,"[25.51753044128418, 4.499945640563965, 0.0]","[41.921043395996094, 4.5, 0.0]",4.88536882410714,5.371725082397461,0.5029678344726118,16.393480300224066,0.4797644614153205,0.18213659524917603,0.0,0.18213659524917603,0.0
10.86997,"[25.615036010742188, 4.499945163726807, 0.0]","[42.02951431274414, 4.5, 0.0]",4.895428180796675,5.375148773193359,0.5029678344767863,16.40351295402941,0.48635625829032136,0.1821213774383068,0.0,0.1821213774383068,0.0
10.889311,"[25.712743759155273, 4.499944686889648, 0.0]","[42.13661575317383, 4.5, 0.0]",4.9054894448347595,5.391777992248535,0.5030632019042081,16.414478301316176,0.4797205923966841,0.1821572706103325,0.0,0.1821572706103325,0.0
10.910238,"[25.810651779174805, 4.49994421005249, 0.0]","[42.244285583496094, 4.5, 0.0]",4.915543079478405,5.395111083984375,0.5026817321822641,16.423871993329538,0.4862885474137757,0.18200362101197243,0.0,0.18200362101197243,0.0
10.929272,"[25.908761978149414, 4.499943733215332, 0.0]","[42.35284423828125, 4.5, 0.0]",4.925596714121904,5.411782741546631,0.502681732174981,16.433633803629025,0.47956800450597026,0.18200747668743134,0.0,0.18200747668743134,0.0
10.949584,"[26.00707244873047, 4.499943256378174, 0.0]","[42.460845947265625, 4.5, 0.0]",4.935652256114331,5.415070533752441,0.502777099621321,16.44408225943631,0.4861860274247265,0.18205981701612473,0.0,0.18205981701612473,0.0
10.9696,"[26.1055850982666, 4.499942779541016, 0.0]","[42.56974411010742, 4.5, 0.0]",4.945709705455122,5.431773662567139,0.5028724670395501,16.453773497836387,0.4794182776381106,0.18208850175142288,0.0,0.18208850175142288,0.0
10.989276,"[26.20429801940918, 4.499942302703857, 0.0]","[42.678279876708984, 4.5, 0.0]",4.955767154796039,5.435110569000245,0.5028724670458562,16.46415901113879,0.4860639571120169,0.18210174515843391,0.0,0.18210174515843391,0.0
11.009503,"[26.303213119506836, 4.499941825866699, 0.0]","[42.78458023071289, 4.5, 0.0]",4.965824604136843,5.451559543609619,0.5028724670402163,16.473981856594524,0.4793434142042061,0.18209721893072128,0.0,0.18209721893072128,0.0
11.029239,"[26.402328491210938, 4.499941349029541, 0.0]","[42.89439010620117, 4.5, 0.0]",4.976011753184953,5.454922199249268,0.5093574524055011,16.48136711049758,0.4857349394727759,0.18445396795868874,0.0,0.18445396795868874,0.0
11.049473,"[26.501644134521484, 4.499940872192383, 0.0]","[43.003265380859375, 4.5, 0.0]",4.986200809581606,5.471530914306641,0.5094528198326564,16.49206161427849,0.4789104460643143,0.18447581678628922,0.0,0.18447581678628922,0.0
11.070414,"[26.601163864135742, 4.499940395355225, 0.0]","[43.11656951904297, 4.5, 0.0]",4.996389865978465,5.475212097167969,0.5094528198429149,16.501621245644674,0.48533010472503424,0.18447747454047203,0.0,0.18447747454047203,0.0
11.089673,"[26.70088768005371, 4.499939918518066, 0.0]","[43.225242614746094, 4.5, 0.0]",5.006578922375261,5.491803169250488,0.5094528198398063,16.515405654210756,0.47882223118950407,0.18446685746312141,0.0,0.18446685746312141,0.0
11.110707,"[26.80081558227539, 4.499939441680908, 0.0]","[43.334228515625, 4.5, 0.0]",5.016754627331712,5.4950737953186035,0.5087852478225408,16.524354933970837,0.48522424687522747,0.18422963097691536,0.0,0.18422963097691536,0.0
11.128973,"[26.90094757080078, 4.49993896484375, 0.0]","[43.44294738769531, 4.5, 0.0]",5.026930332288053,5.5115790367126465,0.5087852478170785,16.53341293262483,0.4783191679868919,0.18424570560455322,0.0,0.18424570560455322,0.0
11.150054,"[27.00128173828125, 4.499938488006592, 0.0]","[43.555423736572266, 4.5, 0.0]",5.037106037244337,5.515091419219971,0.5087852478141919,16.541999816166527,0.4846487044245933,0.18424604088068008,0.0,0.18424604088068008,0.0
11.169023,"[27.10181999206543, 4.499938011169434, 0.0]","[43.66407775878906, 4.5, 0.0]",5.047285556897871,5.531590461730957,0.5089759826767182,16.554141997559718,0.47798538197563367,0.18429186195135117,0.0,0.18429186195135117,0.0
11.189353,"[27.20256233215332, 4.499937534332275, 0.0]","[43.776649475097656, 4.5, 0.0]",5.057465076551414,5.535111904144287,0.5089759826771179,16.562257765989123,0.48430490483308564,0.18431125208735466,0.0,0.18431125208735466,0.0
11.209798,"[27.303508758544922, 4.499937057495117, 0.0]","[43.88679504394531, 4.5, 0.0]",5.067493915663073,5.551730632781982,0.5014419555829708,16.574087142206537,0.47764682759287336,0.18155856058001518,0.0,0.18155856058001518,0.0
11.229899,"[27.4046573638916, 4.499936580657959, 0.0]","[43.9984016418457, 4.5, 0.0]",5.077524662122197,5.558406829833984,0.5015373229562137,16.583286284659355,0.48423671711890925,0.18160313367843628,0.0,0.18160313367843628,0.0
11.249483,"[27.50600814819336, 4.499936103820801, 0.0]","[44.11005401611328, 4.5, 0.0]",5.08755922328021,5.568420886993408,0.50172805790063,16.593744277254352,0.48088216771178693,0.18165985122323036,0.0,0.18165985122323036,0.0
11.269019,"[27.607559204101562, 4.499935626983643, 0.0]","[44.219669342041016, 4.5, 0.0]",5.097593784437678,5.578251361846924,0.5017280578734074,16.604045867217057,0.48086166371319816,0.18167756497859955,0.0,0.18167756497859955,0.0
11.289761,"[27.70931053161621, 4.499935150146484, 0.0]","[44.33353805541992, 4.5, 0.0]",5.107632160292335,5.588464260101318,0.501918792732825,16.612110137188683,0.48065757740924564,0.18173832446336746,0.0,0.18173832446336746,0.0
11.310254,"[27.811262130737305, 4.499934673309326, 0.0]","[44.44444274902344, 4.5, 0.0]",5.117727756606057,5.598395347595215,0.5047798156861294,16.624227523049647,0.48083209980898367,0.1827728934586048,0.0,0.1827728934586048,0.0
11.329139,"[27.913414001464844, 4.499934196472168, 0.0]","[44.555240631103516, 4.5, 0.0]",5.127823352919577,5.608243942260743,0.5047798156760042,16.63318061752884,0.48066759098915757,0.18277950584888458,0.0,0.18277950584888458,0.0
11.350164,"[28.01576805114746, 4.49993371963501, 0.0]","[44.66970443725586, 4.5, 0.0]",5.137918949233176,5.6184186935424805,0.5047798156799121,16.641826628878153,0.4804205893411657,0.1827659085392952,0.0,0.1827659085392952,0.0
11.370194,"[28.118324279785156, 4.499933242797852, 0.0]","[44.7830696105957, 4.5, 0.0]",5.1480126381981774,5.628495216369629,0.5046844482500923,16.653936385344586,0.48049974430930487,0.18274150788784027,0.0,0.18274150788784027,0.0
11.389148,"[28.22108268737793, 4.499932765960693, 0.0]","[44.89283752441406, 4.5, 0.0]",5.158108234511937,5.638252258300781,0.5047798156879946,16.664745330043466,0.48048257817145146,0.18276803195476532,0.0,0.18276803195476532,0.0
11.409188,"[28.32404327392578, 4.499932289123535, 0.0]","[45.00485610961914, 4.5, 0.0]",5.168203830825715,5.648196220397949,0.5047798156888827,16.67175483626586,0.4801440237888439,0.182773657143116,0.0,0.182773657143116,0.0
11.428904,"[28.42720603942871, 4.499931812286377, 0.0]","[45.118446350097656, 4.5, 0.0]",5.178295612442113,5.658204078674316,0.5045890808199172,16.680812834919852,0.4799923895722342,0.18270134925842285,0.0,0.18270134925842285,0.0
11.448864,"[28.53057098388672, 4.499931335449219, 0.0]","[45.231937408447266, 4.5, 0.0]",5.188389301407011,5.668202877044679,0.5046844482448964,16.691240309892176,0.47990846623220307,0.182743389159441,0.0,0.182743389159441,0.0
11.4701,"[28.634136199951172, 4.4999308586120605, 0.0]","[45.3461799621582, 4.5, 0.0]",5.198482990372274,5.6782684326171875,0.5046844482631485,16.701366423780527,0.47981357563766736,0.18276190385222435,0.0,0.18276190385222435,0.0
11.489134,"[28.737903594970703, 4.499930381774902, 0.0]","[45.459529876708984, 4.5, 0.0]",5.208578586685961,5.688255310058594,0.504779815684353,16.712043761423747,0.47978544224491326,0.18276508897542953,0.0,0.18276508897542953,0.0
11.509762,"[28.841873168945312, 4.499929904937744, 0.0]","[45.57283401489258, 4.5, 0.0]",5.2186722756512065,5.6982245445251465,0.5046844482622603,16.721626280951753,0.47967672337263245,0.1827506721019745,0.0,0.1827506721019745,0.0
11.5293,"[28.946044921875, 4.499929428100586, 0.0]","[45.68760681152344, 4.5, 0.0]",5.228750705827169,5.708248615264893,0.5039215087981219,16.730960845157497,0.47955226887394,0.18246684223413467,0.0,0.18246684223413467,0.0
11.548877,"[29.050418853759766, 4.499928951263428, 0.0]","[45.80189895629883, 4.5, 0.0]",5.238831043351856,5.718230247497559,0.5040168762343367,16.741561888855404,0.47949790943772364,0.18249735236167908,0.0,0.18249735236167908,0.0
11.570008,"[29.154993057250977, 4.4999284744262695, 0.0]","[45.91911697387695, 4.5, 0.0]",5.248911380876839,5.7284674644470215,0.5040168762491692,16.75148010174278,0.4793992041457029,0.18250761553645134,0.0,0.18250761553645134,0.0
11.589139,"[29.259769439697266, 4.499927997589111, 0.0]","[46.03125, 4.5, 0.0]",5.25899171840158,5.738260746002198,0.5040168762370456,16.764123915826385,0.4795560835701824,0.1825055480003357,0.0,0.1825055480003357,0.0
11.609529,"[29.364748001098633, 4.499927520751953, 0.0]","[46.1454963684082, 4.5, 0.0]",5.269073963274808,5.748225212097168,0.5041122436614032,16.77148055949995,0.4792690276006182,0.18255185335874557,0.0,0.18255185335874557,0.0
11.630618,"[29.469928741455078, 4.499927043914795, 0.0]","[46.261051177978516, 4.5, 0.0]",5.279154300799262,5.758229732513429,0.5040168762227015,16.78074836650355,0.47915124882235993,0.18248822540044785,0.0,0.18248822540044785,0.0
11.649313,"[29.57530975341797, 4.499926567077637, 0.0]","[46.37853240966797, 4.5, 0.0]",5.289234638323729,5.771734237670898,0.5040168762233677,16.791122435714154,0.47907543171416656,0.18249539658427238,0.0,0.18249539658427238,0.0
11.669159,"[29.680892944335938, 4.4999260902404785, 0.0]","[46.49249267578125, 4.5, 0.0]",5.299313068499706,5.774934768676759,0.5039215087988325,16.80322265543742,0.482499599347169,0.18248453736305237,0.0,0.18248453736305237,0.0
11.689459,"[29.786678314208984, 4.49992561340332, 0.0]","[46.61000061035156, 4.5, 0.0]",5.309391498675595,5.791775226593018,0.503921508794436,16.811599730629514,0.47562170017705263,0.1824640855193138,0.0,0.1824640855193138,0.0
11.710527,"[29.892663955688477, 4.499925136566162, 0.0]","[46.72552490234375, 4.5, 0.0]",5.319471836200208,5.795095920562744,0.5040168762306507,16.823322295323493,0.4823837279174228,0.18249526619911194,0.0,0.18249526619911194,0.0
11.729594,"[29.998851776123047, 4.499924659729004, 0.0]","[46.8419189453125, 4.5, 0.0]",5.329470157733561,5.811752796173096,0.49991607666766136,16.832860945832945,0.47562408436253634,0.18103541806340218,0.0,0.18103541806340218,0.0
11.749723,"[30.105241775512695, 4.499924182891846, 0.0]","[46.958274841308594, 4.5, 0.0]",5.339470386615483,5.8150739669799805,0.5000114440961045,16.843067168363866,0.48228263843953467,0.18104325979948044,0.0,0.18104325979948044,0.0
11.769209,"[30.21183204650879, 4.4999237060546875, 0.0]","[47.073814392089844, 4.5, 0.0]",5.349472522846276,5.831657886505127,0.5001068115396468,16.853033064967065,0.47560358036449735,0.1810990273952484,0.0,0.1810990273952484,0.0
11.7897,"[30.318620681762695, 4.499923229217529, 0.0]","[47.19192123413086, 4.5, 0.0]",5.3594765664256645,5.835129261016846,0.5002021789694222,16.86198234474899,0.4821853636588509,0.181130301207304,0.0,0.181130301207304,0.0
11.809934,"[30.425609588623047, 4.499922752380371, 0.0]","[47.30788803100586, 4.5, 0.0]",5.369482517353642,5.8517351150512695,0.5002975463988868,16.873300551532818,0.4756526945911812,0.1811455376446247,0.0,0.1811455376446247,0.0
11.829842,"[30.532798767089844, 4.499922275543213, 0.0]","[47.42320251464844, 4.5, 0.0]",5.379623890034658,5.854882717132568,0.5070686340507891,16.882278441544237,0.4822525976976273,0.18359502777457237,0.0,0.18359502777457237,0.0
11.84896,"[30.640188217163086, 4.499921798706055, 0.0]","[47.54064178466797, 4.5, 0.0]",5.389763355367138,5.871543884277344,0.506973266623989,16.890403746741377,0.47525882709791034,0.18356509506702423,0.0,0.18356509506702423,0.0
11.869495,"[30.747779846191406, 4.4999213218688965, 0.0]","[47.661285400390625, 4.5, 0.0]",5.399902820699474,5.875145435333252,0.5069732666167948,16.900453566684487,0.48178052891020595,0.18358681350946426,0.0,0.18358681350946426,0.0
11.889599,"[30.855575561523438, 4.499920845031738, 0.0]","[47.778568267822266, 4.5, 0.0]",5.410042286031804,5.891793251037598,0.5069732666165283,16.913505553375582,0.47524261463377826,0.18358798697590828,0.0,0.18358798697590828,0.0
11.911101,"[30.963573455810547, 4.49992036819458, 0.0]","[47.90070724487305, 4.5, 0.0]",5.4201817513639226,5.895503044128418,0.5069732666059146,16.922992705472023,0.4817509650057934,0.183576550334692,0.0,0.183576550334692,0.0
11.929153,"[31.071773529052734, 4.499919891357422, 0.0]","[48.01433563232422, 4.5, 0.0]",5.430180072897024,5.9117584228515625,0.49991607665509363,16.937133788232433,0.4753212927644954,0.18101900815963745,0.0,0.18101900815963745,0.0
11.94948,"[31.180177688598633, 4.499919414520264, 0.0]","[48.132545471191406, 4.5, 0.0]",5.440180301778892,5.915067672729492,0.5000114440933956,16.94256210241339,0.4815783499545381,0.18104985356330872,0.0,0.18104985356330872,0.0
11.969339,"[31.288782119750977, 4.4999189376831055, 0.0]","[48.2518424987793, 4.5, 0.0]",5.450180530660884,5.9318013191223145,0.5000114440995684,16.952367781731432,0.47488737095059985,0.18106460571289062,0.0,0.18106460571289062,0.0
11.989445,"[31.397584915161133, 4.499918460845947, 0.0]","[48.370147705078125, 4.5, 0.0]",5.460180759542942,5.935118198394776,0.5000114441028991,16.96306037816371,0.48162078846143075,0.18106099218130112,0.0,0.18106099218130112,0.0
12.009545,"[31.506587982177734, 4.499917984008789, 0.0]","[48.48826217651367, 4.5, 0.0]",5.470180988425061,5.951737403869629,0.5000114441059633,16.972562789049142,0.4749374388518346,0.1810476928949356,0.0,0.1810476928949356,0.0
12.030176,"[31.61579132080078, 4.499917507171631, 0.0]","[48.608375549316406, 4.5, 0.0]",5.48031473171133,5.955122470855713,0.5066871643134352,16.98167419346485,0.48155641544456795,0.18346920609474182,0.0,0.18346920609474182,0.0
12.049872,"[31.725194931030273, 4.499917030334473, 0.0]","[48.727760314941406, 4.5, 0.0]",5.490448474997665,5.971778869628906,0.5066871643167659,16.99258422764127,0.47480773914438323,0.18346991389989853,0.0,0.18346991389989853,0.0
12.06934,"[31.834800720214844, 4.4999165534973145, 0.0]","[48.84599685668945, 4.5, 0.0]",5.500582218284045,5.9750075340271,0.5066871643189863,17.002565383033527,0.4813303946312413,0.18345803022384644,0.0,0.18345803022384644,0.0
12.08925,"[31.944610595703125, 4.499916076660156, 0.0]","[48.96445083618164, 4.5, 0.0]",5.510717868919061,5.991585731506348,0.5067825317508046,17.01119613559378,0.4744253157430549,0.18349451944231987,0.0,0.18349451944231987,0.0
12.110824,"[32.054622650146484, 4.499915599822998, 0.0]","[49.08620071411133, 4.5, 0.0]",5.520847797508274,5.995092868804932,0.5064964294606789,17.019840239594462,0.48086786258728687,0.18339814618229866,0.0,0.18339814618229866,0.0
12.129141,"[32.16483688354492, 4.49991512298584, 0.0]","[49.20487594604492, 4.5, 0.0]",5.530977726097402,6.011608123779297,0.5064964294563712,17.0315780630775,0.4742450712966573,0.18339570611715317,0.0,0.18339570611715317,0.0
12.14936,"[32.27525329589844, 4.499914646148682, 0.0]","[49.32717514038086, 4.5, 0.0]",5.54110956203503,6.018424034118652,0.5065917968813949,17.040039061609438,0.4806303976818951,0.1834387518465519,0.0,0.1834387518465519,0.0
12.169623,"[32.38587188720703, 4.499914169311523, 0.0]","[49.44826126098633, 4.5, 0.0]",5.551243305321441,6.028472900390625,0.506687164320585,17.05192184358857,0.47731447208362265,0.18345532938838005,0.0,0.18345532938838005,0.0
12.189427,"[32.4966926574707, 4.499913692474365, 0.0]","[49.56844711303711, 4.5, 0.0]",5.561377048607598,6.038446426391602,0.5066871643078397,17.06238937288218,0.4772295950691836,0.1834542118012905,0.0,0.1834542118012905,0.0
12.209847,"[32.60771942138672, 4.499913215637207, 0.0]","[49.688663482666016, 4.5, 0.0]",5.5715088845453815,6.048408508300781,0.5065917968891664,17.071754454666053,0.4770693777840034,0.18343357369303703,0.0,0.18343357369303703,0.0
12.230062,"[32.71894836425781, 4.499912261962891, 0.0]","[49.807472229003906, 4.5, 0.0]",5.581554889794521,6.058187007904053,0.5023002624569894,17.08094406037571,0.47689962375539974,0.18187005072832108,0.0,0.18187005072832108,0.0
12.249256,"[32.830379486083984, 4.499911308288574, 0.0]","[49.93156814575195, 4.5, 0.0]",5.5916028023920825,6.068400859832764,0.5023956298780607,17.088523863836254,0.47663211810953143,0.18190046772360802,0.0,0.18190046772360802,0.0
12.269294,"[32.94200897216797, 4.499910354614258, 0.0]","[50.05354690551758, 4.5, 0.0]",5.601650714989999,6.078440189361572,0.5023956298958243,17.101188658751774,0.47679805744068116,0.18190965056419373,0.0,0.18190965056419373,0.0
12.289277,"[33.05384063720703, 4.499909400939941, 0.0]","[50.172882080078125, 4.5, 0.0]",5.611698627588041,6.08826208114624,0.502395629902086,17.11153793242711,0.47678947437157326,0.1819058321416378,0.0,0.1819058321416378,0.0
12.312323,"[33.16587448120117, 4.499908447265625, 0.0]","[50.294918060302734, 4.5, 0.0]",5.621748447534341,6.098292827606202,0.5024909973150304,17.119041441942347,0.4765634535581995,0.181950181722641,0.0,0.181950181722641,0.0
12.329277,"[33.278106689453125, 4.499907493591309, 0.0]","[50.417396545410156, 4.5, 0.0]",5.63179063808629,6.108291149139404,0.5021095275974385,17.129043578166513,0.47654438007186073,0.18180591985583305,0.0,0.18180591985583305,0.0
12.349507,"[33.390541076660156, 4.499906539916992, 0.0]","[50.54133987426758, 4.5, 0.0]",5.641832828638436,6.118409156799316,0.5021095276072973,17.139289855015676,0.4765005110531142,0.18181150779128075,0.0,0.18181150779128075,0.0
12.370217,"[33.503177642822266, 4.499905586242676, 0.0]","[50.664913177490234, 4.5, 0.0]",5.651875019190399,6.1284966468811035,0.5021095275981491,17.15079879665974,0.47657632816088036,0.18179915845394135,0.0,0.18179915845394135,0.0
12.389025,"[33.61601257324219, 4.499904632568359, 0.0]","[50.78438949584961, 4.5, 0.0]",5.6619153023941715,6.13824987411499,0.5020141601886241,17.161735533713966,0.4766216276907045,0.1817774958908558,0.0,0.1817774958908558,0.0
12.408968,"[33.72904968261719, 4.499903678894043, 0.0]","[50.90645980834961, 4.5, 0.0]",5.671957492946052,6.148202419281006,0.5021095275940191,17.168376921647187,0.4763345717208187,0.18180761486291885,0.0,0.18180761486291885,0.0
12.431493,"[33.842288970947266, 4.499902725219727, 0.0]","[51.03133010864258, 4.5, 0.0]",5.681995868800636,6.158312797546387,0.5019187927291835,17.177410124765906,0.47624492633495397,0.1817544735968113,0.0,0.1817544735968113,0.0
12.449255,"[33.955726623535156, 4.49990177154541, 0.0]","[51.155845642089844, 4.5, 0.0]",5.692034244655308,6.168395519256592,0.5019187927336244,17.189041136722466,0.47631692874575116,0.1817520521581173,0.0,0.1817520521581173,0.0
12.469035,"[34.069366455078125, 4.499900817871094, 0.0]","[51.2777214050293, 4.5, 0.0]",5.702076435207287,6.178263664245606,0.5021095275989484,17.200119017603086,0.47636127460128375,0.18179787322878838,0.0,0.18179787322878838,0.0
12.48984,"[34.18320846557617, 4.499899864196777, 0.0]","[51.40385055541992, 4.5, 0.0]",5.712118625759279,6.1884765625,0.5021095275996146,17.208354948993442,0.47618722903831934,0.18181972205638885,0.0,0.18181972205638885,0.0
12.511006,"[34.29724884033203, 4.499898910522461, 0.0]","[51.52738952636719, 4.5, 0.0]",5.7221570016139305,6.198465347290039,0.5019187927325586,17.22064208887981,0.4763579367407207,0.18172813579440117,0.0,0.18172813579440117,0.0
12.529689,"[34.41149139404297, 4.4998979568481445, 0.0]","[51.64996337890625, 4.5, 0.0]",5.732193470119982,6.208310604095459,0.5018234253025611,17.23014068506506,0.4763083456761086,0.18171675503253937,0.0,0.18171675503253937,0.0
12.550797,"[34.525936126708984, 4.499897003173828, 0.0]","[51.7763786315918, 4.5, 0.0]",5.742229938625939,6.218464374542236,0.5018234252978537,17.238471983887056,0.4761171339754773,0.1816958747804165,0.0,0.1816958747804165,0.0
12.569723,"[34.64057922363281, 4.499896049499512, 0.0]","[51.90104675292969, 4.5, 0.0]",5.752268314480546,6.231811046600342,0.5019187927303825,17.250442503900384,0.47623443591629755,0.1817266084253788,0.0,0.1817266084253788,0.0
12.589115,"[34.75542449951172, 4.499895095825195, 0.0]","[52.02273941040039, 4.5, 0.0]",5.762306690335159,6.234919548034668,0.501918792730649,17.26046752830828,0.47954273211979537,0.18173661082983017,0.0,0.18173661082983017,0.0
12.609778,"[34.87046813964844, 4.499894142150879, 0.0]","[52.146942138671875, 4.5, 0.0]",5.772345066190126,6.251549243927002,0.5019187927483237,17.267314909893976,0.47261285769950856,0.1817338913679123,0.0,0.1817338913679123,0.0
12.628878,"[34.985713958740234, 4.4998931884765625, 0.0]","[52.272281646728516, 4.5, 0.0]",5.782448291898323,6.254869937896729,0.5051612854098497,17.276473998022592,0.47920417773687607,0.18290473148226738,0.0,0.18290473148226738,0.0
12.648926,"[35.10116195678711, 4.499892234802246, 0.0]","[52.39767837524414, 4.5, 0.0]",5.7925496102578276,6.271528244018555,0.5050659179752337,17.286567686981268,0.4724216459984065,0.18287135288119316,0.0,0.18287135288119316,0.0
12.669022,"[35.21681213378906, 4.49989128112793, 0.0]","[52.523895263671875, 4.5, 0.0]",5.802650928617299,6.274919033050537,0.5050659179735906,17.296516417443858,0.47897863376072713,0.1828916370868683,0.0,0.1828916370868683,0.0
12.689602,"[35.332664489746094, 4.499890327453613, 0.0]","[52.64942932128906, 4.5, 0.0]",5.812752246976892,6.291587829589844,0.5050659179796302,17.30708312886346,0.47226810443323775,0.18289288505911827,0.0,0.18289288505911827,0.0
12.710657,"[35.4487190246582, 4.499889373779297, 0.0]","[52.77787780761719, 4.5, 0.0]",5.822853565336739,6.29514217376709,0.5050659179923311,17.31676483051746,0.4788355826129518,0.18288273364305496,0.0,0.18288273364305496,0.0
12.729697,"[35.56497573852539, 4.4998884201049805, 0.0]","[52.90414810180664, 4.5, 0.0]",5.832806110503113,6.311790466308594,0.49762725831872245,17.329158781927266,0.47228860843035125,0.1802031509578228,0.0,0.1802031509578228,0.0
12.751653,"[35.681434631347656, 4.499887466430664, 0.0]","[53.03007125854492, 4.5, 0.0]",5.842760563018214,6.315078258514404,0.497722625755026,17.339172362213905,0.4789843558054807,0.1802372932434082,0.0,0.1802372932434082,0.0
12.769324,"[35.798091888427734, 4.499886512756348, 0.0]","[53.157318115234375, 4.5, 0.0]",5.852716922881742,6.331803798675537,0.4978179931764082,17.348636626123632,0.47231769549619074,0.18025552853941917,0.0,0.18025552853941917,0.0
12.789599,"[35.914947509765625, 4.499885559082031, 0.0]","[53.28371047973633, 4.5, 0.0]",5.86267328274509,6.335129261016846,0.49781799316739317,17.359226225726694,0.4790868757937954,0.1802554540336132,0.0,0.1802554540336132,0.0
12.810472,"[36.03200149536133, 4.499884605407715, 0.0]","[53.40956115722656, 4.5, 0.0]",5.8726296426085,6.3517303466796875,0.4978179931705018,17.368762968884468,0.4724559782717561,0.18024548888206482,0.0,0.18024548888206482,0.0
12.8292,"[36.149253845214844, 4.499883651733398, 0.0]","[53.537410736083984, 4.5, 0.0]",5.882729053619399,6.355091571807862,0.5049705505449698,17.37755966077272,0.4791007040711879,0.18283482640981674,0.0,0.18283482640981674,0.0
12.849261,"[36.26670455932617, 4.499882698059082, 0.0]","[53.66462326049805, 4.5, 0.0]",5.892828464630223,6.371735095977783,0.504970550541195,17.388156889800452,0.4723625181884632,0.18283728510141373,0.0,0.18283728510141373,0.0
12.871295,"[36.38435745239258, 4.499881744384766, 0.0]","[53.793575286865234, 4.5, 0.0]",5.902925968292481,6.37518310546875,0.504875183112885,17.39791870009703,0.4789066313475603,0.1828269474208355,0.0,0.1828269474208355,0.0
12.890075,"[36.50221252441406, 4.499880790710449, 0.0]","[53.92049026489258, 4.5, 0.0]",5.913023471954609,6.39180326461792,0.5048751831064013,17.40921783339162,0.4722571371762694,0.18280118703842163,0.0,0.18280118703842163,0.0
12.909662,"[36.620269775390625, 4.499879837036133, 0.0]","[54.04722595214844, 4.5, 0.0]",5.923115253571008,6.395063877105713,0.5045890808199616,17.418277739391332,0.4787797926633113,0.18270086497068405,0.0,0.18270086497068405,0.0
12.929196,"[36.738529205322266, 4.499878883361816, 0.0]","[54.1734733581543, 4.5, 0.0]",5.933207035187681,6.411554336547852,0.5045890808336395,17.426956175664493,0.471948623534705,0.18272189423441887,0.0,0.18272189423441887,0.0
12.950647,"[36.856990814208984, 4.4998779296875, 0.0]","[54.30518341064453, 4.5, 0.0]",5.943298816804163,6.415137767791749,0.504589080824136,17.434944151732587,0.4783473013601709,0.18272368237376213,0.0,0.18272368237376213,0.0
12.969493,"[36.97565460205078, 4.499876976013184, 0.0]","[54.433624267578125, 4.5, 0.0]",5.953390598420601,6.431799411773682,0.5045890808218711,17.44819259532987,0.47183895098758555,0.18271386623382568,0.0,0.18271386623382568,0.0
12.98934,"[37.094520568847656, 4.499876022338867, 0.0]","[54.5618782043457, 4.5, 0.0]",5.96348428738564,6.43511438369751,0.5046844482519575,17.45796966441551,0.47840881335308083,0.1827530562877655,0.0,0.1827530562877655,0.0
13.009654,"[37.21358871459961, 4.499875068664551, 0.0]","[54.688629150390625, 4.5, 0.0]",5.973433017854596,6.451631546020508,0.49743652344780287,17.46735763434884,0.4716300963118698,0.18011823296546936,0.0,0.18011823296546936,0.0
13.029462,"[37.33285903930664, 4.499874114990234, 0.0]","[54.817230224609375, 4.5, 0.0]",5.983381748323568,6.454895973205567,0.49743652344860223,17.47504043463556,0.4781985281659118,0.18013669177889824,0.0,0.18013669177889824,0.0
13.049168,"[37.452327728271484, 4.499873161315918, 0.0]","[54.94668197631836, 4.5, 0.0]",5.993330478792625,6.471558570861816,0.4974365234528655,17.48437118414099,0.47151422488199923,0.18013671040534973,0.0,0.18013671040534973,0.0
13.069487,"[37.57199478149414, 4.499872207641602, 0.0]","[55.07689666748047, 4.5, 0.0]",6.003279209261601,6.478280544281006,0.49743652344877987,17.49435424687883,0.47822809206919104,0.18012691289186478,0.0,0.18012691289186478,0.0
13.089664,"[37.69186019897461, 4.499871253967285, 0.0]","[55.20876693725586, 4.5, 0.0]",6.013229847079336,6.488463878631592,0.49753189088677097,17.50490188481197,0.4750013350194049,0.1801683008670807,0.0,0.1801683008670807,0.0
13.112664,"[37.81192398071289, 4.499870300292969, 0.0]","[55.33849334716797, 4.5, 0.0]",6.0233139993011235,6.498466968536377,0.5042076110893579,17.516906737100555,0.4752340315522554,0.1825844682753086,0.0,0.1825844682753086,0.0
13.129014,"[37.93218994140625, 4.499869346618652, 0.0]","[55.46556854248047, 4.5, 0.0]",6.0333981515229524,6.508204460144043,0.5042076110914451,17.52656936530012,0.4751529692352534,0.18257487565279007,0.0,0.18257487565279007,0.0
13.149382,"[38.05265808105469, 4.499868392944336, 0.0]","[55.59596633911133, 4.5, 0.0]",6.04348039639606,6.518197059631348,0.5041122436553636,17.53337859991316,0.4748063086210905,0.1825498417019844,0.0,0.1825498417019844,0.0
13.169614,"[38.17332458496094, 4.4998674392700195, 0.0]","[55.730037689208984, 4.5, 0.0]",6.0535607339205075,6.528470516204834,0.5040168762223907,17.543308256889418,0.47471666323528794,0.1825176551938057,0.0,0.1825176551938057,0.0
13.189052,"[38.294193267822266, 4.499866485595703, 0.0]","[55.857723236083984, 4.5, 0.0]",6.063642978793521,6.538255214691162,0.5041122436506562,17.556713103074593,0.47490978228432645,0.1825389824807644,0.0,0.1825389824807644,0.0
13.209676,"[38.41526412963867, 4.499865531921387, 0.0]","[55.98910140991211, 4.5, 0.0]",6.073652744418805,6.548309803009033,0.5004882812642109,17.563529967082165,0.47461223589764145,0.1812242530286312,0.0,0.1812242530286312,0.0
13.22874,"[38.536537170410156, 4.49986457824707, 0.0]","[56.119346618652344, 4.5, 0.0]",6.08366251004408,6.558214187622072,0.5004882812637668,17.573837279087712,0.47465705859022833,0.18122395500540733,0.0,0.18122395500540733,0.0
13.248945,"[38.65800857543945, 4.499863624572754, 0.0]","[56.250709533691406, 4.5, 0.0]",6.093674183017859,6.568203926086426,0.5005836486889237,17.582809447050316,0.4745516775779919,0.18127242103219032,0.0,0.18127242103219032,0.0
13.269193,"[38.77968215942383, 4.4998626708984375, 0.0]","[56.383018493652344, 4.5, 0.0]",6.103687763340406,6.578265190124513,0.5006790161273589,17.59270095705392,0.4745297430685671,0.18129710108041763,0.0,0.18129710108041763,0.0
13.289073,"[38.901554107666016, 4.499861717224121, 0.0]","[56.51434326171875, 4.5, 0.0]",6.113701343662929,6.588252067565918,0.5006790161261598,17.603336333024306,0.47457742678410675,0.18130606040358543,0.0,0.18130606040358543,0.0
13.309816,"[39.02362823486328, 4.499860763549805, 0.0]","[56.64578628540039, 4.5, 0.0]",6.123711109287955,6.598235607147217,0.5004882812512879,17.61278915284237,0.4745507239029889,0.1812267303466797,0.0,0.1812267303466797,0.0
13.329185,"[39.14590072631836, 4.499859809875488, 0.0]","[56.77833557128906, 4.5, 0.0]",6.133720874913313,6.60823917388916,0.5004882812678968,17.622158049320596,0.474524497859262,0.18122611567378044,0.0,0.18122611567378044,0.0
13.349473,"[39.268375396728516, 4.499858856201172, 0.0]","[56.91307067871094, 4.5, 0.0]",6.143732547887239,6.618408203125001,0.5005836486962956,17.63243484374802,0.4745182989758474,0.1812589168548584,0.0,0.1812589168548584,0.0
13.369563,"[39.391048431396484, 4.4998579025268555, 0.0]","[57.046539306640625, 4.5, 0.0]",6.153744220861012,6.628481388092041,0.5005836486886572,17.644695280753528,0.47467565523776223,0.18127074465155602,0.0,0.18127074465155602,0.0
13.389265,"[39.51392364501953, 4.499856948852539, 0.0]","[57.176151275634766, 4.5, 0.0]",6.163755893834857,6.63826322555542,0.5005836486922544,17.655490874009068,0.4747371672310292,0.1812695898115635,0.0,0.1812695898115635,0.0
13.410041,"[39.63699722290039, 4.499855995178223, 0.0]","[57.30836868286133, 4.5, 0.0]",6.173767566808601,6.648230075836182,0.5005836486871917,17.662227629374062,0.47450733172056303,0.1812528632581234,0.0,0.1812528632581234,0.0
13.429787,"[39.76027297973633, 4.499855041503906, 0.0]","[57.44441223144531, 4.5, 0.0]",6.183781147131183,6.6584205627441415,0.5006790161291352,17.671371458713615,0.4744625090275809,0.1812884770333767,0.0,0.1812884770333767,0.0
13.449389,"[39.88374710083008, 4.49985408782959, 0.0]","[57.57762908935547, 4.5, 0.0]",6.193796634802272,6.668399333953857,0.5007743835544254,17.684139250455445,0.4746394156129581,0.18131732940673828,0.0,0.18131732940673828,0.0
13.469587,"[40.007423400878906, 4.499853134155273, 0.0]","[57.71210479736328, 4.5, 0.0]",6.203812122473208,6.678472518920898,0.500774383546787,17.69388198726569,0.4746026991515855,0.18132677301764488,0.0,0.18132677301764488,0.0
13.489734,"[40.13129806518555, 4.499852180480957, 0.0]","[57.845481872558594, 4.5, 0.0]",6.21382761014429,6.69179630279541,0.5007743835541145,17.704681395218497,0.47466039644769076,0.1813245378434658,0.0,0.1813245378434658,0.0
13.509951,"[40.255374908447266, 4.499851226806641, 0.0]","[57.975730895996094, 4.5, 0.0]",6.223841190466747,6.694875240325928,0.5006790161228736,17.714183806101012,0.4779686926511202,0.18127890303730965,0.0,0.18127890303730965,0.0
13.531323,"[40.3796501159668, 4.499850273132324, 0.0]","[58.11455535888672, 4.5, 0.0]",6.2338528634407595,6.711863040924072,0.5005836487006032,17.720355986270704,0.4710340498591803,0.18125545233488083,0.0,0.18125545233488083,0.0
13.54946,"[40.504127502441406, 4.499849319458008, 0.0]","[58.24799728393555, 4.5, 0.0]",6.243866443763349,6.715117931365967,0.5006790161294905,17.734905241635545,0.47801017748331276,0.1812857761979103,0.0,0.1812857761979103,0.0
13.570178,"[40.62880325317383, 4.499848365783691, 0.0]","[58.38154602050781, 4.5, 0.0]",6.253880024085877,6.73171329498291,0.5006790161263819,17.743869780203624,0.4712514876026175,0.18129684031009674,0.0,0.18129684031009674,0.0
13.588925,"[40.75368118286133, 4.499847412109375, 0.0]","[58.51424789428711, 4.5, 0.0]",6.263893604408144,6.734913349151611,0.5006790161133701,17.752742766037326,0.4778332708970332,0.18129631876945496,0.0,0.18129631876945496,0.0
13.61093,"[40.87875747680664, 4.499846458435059, 0.0]","[58.64924621582031, 4.5, 0.0]",6.273907184730496,6.751605033874512,0.5006790161175889,17.760566710123,0.471019744743467,0.18128104507923126,0.0,0.18128104507923126,0.0
13.629575,"[41.00403594970703, 4.499845504760742, 0.0]","[58.786720275878906, 4.5, 0.0]",6.283983707557687,6.755084514617921,0.5038261413595535,17.770488737704728,0.4776978491440156,0.1824445277452469,0.0,0.1824445277452469,0.0
13.649174,"[41.129512786865234, 4.499844551086426, 0.0]","[58.921993255615234, 4.5, 0.0]",6.29406213773364,6.77173376083374,0.5039215087976334,17.782684324856724,0.4711008070602336,0.18246768042445183,0.0,0.18246768042445183,0.0
13.669787,"[41.255191802978516, 4.499843597412109, 0.0]","[59.05677032470703, 4.5, 0.0]",6.3041405679096965,6.775014400482178,0.5039215088028293,17.79248046742869,0.47767162310010036,0.1824716292321682,0.0,0.1824716292321682,0.0
13.689606,"[41.381072998046875, 4.499842643737793, 0.0]","[59.19364547729492, 4.5, 0.0]",6.314218998085923,6.791781902313232,0.5039215088113114,17.801578520401055,0.4708738325724813,0.1824638620018959,0.0,0.1824638620018959,0.0
13.710374,"[41.50715637207031, 4.499841690063477, 0.0]","[59.326908111572266, 4.5, 0.0]",6.324295520913673,6.794939041137695,0.5038261413875311,17.812572477914404,0.47756290422730974,0.1824413612484932,0.0,0.1824413612484932,0.0
13.729113,"[41.63344192504883, 4.49984073638916, 0.0]","[59.462982177734375, 4.5, 0.0]",6.334225177896317,6.8115739822387695,0.496482849132196,17.8197517381622,0.470643520224022,0.17976002767682076,0.0,0.17976002767682076,0.0
13.749151,"[41.75992965698242, 4.499839782714844, 0.0]","[59.599239349365234, 4.5, 0.0]",6.344158649576288,6.814889907836914,0.49667358399854145,17.829540251339633,0.4773488043424523,0.17985336482524872,0.0,0.17985336482524872,0.0
13.769508,"[41.88661575317383, 4.499838829040527, 0.0]","[59.738990783691406, 4.5, 0.0]",6.354094028604875,6.831794261932373,0.4967689514293383,17.83930969103074,0.470731258260626,0.179875697940588,0.0,0.179875697940588,0.0
13.789649,"[42.01350021362305, 4.499837875366211, 0.0]","[59.875518798828125, 4.5, 0.0]",6.364029407633408,6.835130214691162,0.49676895142667377,17.85237502915928,0.4777002333274982,0.17988596111536026,0.0,0.17988596111536026,0.0
13.809141,"[42.14058303833008, 4.4998369216918945, 0.0]","[60.00873565673828, 4.5, 0.0]",6.37396478666179,6.851544380187988,0.49676895141907984,17.862018583840623,0.4711008070577538,0.17988093197345734,0.0,0.17988093197345734,0.0
13.830042,"[42.26786422729492, 4.499835968017578, 0.0]","[60.14882278442383, 4.5, 0.0]",6.384041309489116,6.855066299438477,0.5038261413663037,17.86815261703766,0.4775795935261984,0.1824195683002472,0.0,0.1824195683002472,0.0
13.84936,"[42.39534378051758, 4.499835014343262, 0.0]","[60.28634262084961, 4.5, 0.0]",6.3941178323163275,6.871734142303467,0.5038261413605749,17.880958555752144,0.4710249899493606,0.18244275823235512,0.0,0.18244275823235512,0.0
13.86959,"[42.52302551269531, 4.499834060668945, 0.0]","[60.42479705810547, 4.5, 0.0]",6.404194355143636,6.8751373291015625,0.5038261413654155,17.890998838949105,0.47761630998713933,0.18244661390781403,0.0,0.18244661390781403,0.0
13.890005,"[42.650909423828125, 4.499833106994629, 0.0]","[60.562583923339844, 4.5, 0.0]",6.41427087797111,6.891824245452881,0.50382614137372,17.90177154402105,0.4709429739579267,0.1824387162923813,0.0,0.1824387162923813,0.0
13.910256,"[42.77899169921875, 4.4998321533203125, 0.0]","[60.69957733154297, 4.5, 0.0]",6.424349308147329,6.895108222961426,0.5039215088109561,17.91167449811645,0.4775533674817707,0.18247932195663452,0.0,0.18247932195663452,0.0
13.928863,"[42.90727615356445, 4.499831199645996, 0.0]","[60.83517837524414, 4.5, 0.0]",6.434290409221784,6.91156530380249,0.4970550537227503,17.920585630922805,0.4707589148140965,0.17997099086642265,0.0,0.17997099086642265,0.0
13.95009,"[43.035762786865234, 4.49983024597168, 0.0]","[60.97605895996094, 4.5, 0.0]",6.444231510296297,6.9150710105896,0.49705505372563685,17.927902220272163,0.47727489458070593,0.1799892820417881,0.0,0.1799892820417881,0.0
13.969452,"[43.16444778442383, 4.499829292297363, 0.0]","[61.11551284790039, 4.5, 0.0]",6.454172611370597,6.9318060874938965,0.4970550537149787,17.940296171681968,0.47083950029330257,0.17998887225985527,0.0,0.17998887225985527,0.0
13.98938,"[43.293331146240234, 4.499828338623047, 0.0]","[61.25369644165039, 4.5, 0.0]",6.464113712444945,6.938449859619141,0.4970550537174212,17.951065062056646,0.47763347612329987,0.17997829243540764,0.0,0.17997829243540764,0.0
14.009674,"[43.42241287231445, 4.4998273849487305, 0.0]","[61.3917121887207, 4.5, 0.0]",6.474056720867768,6.945069313049316,0.49715042114115704,17.96036529398409,0.4743361471741956,0.18001873046159744,0.0,0.18001873046159744,0.0
14.029491,"[43.55169677734375, 4.499826431274414, 0.0]","[61.53156280517578, 4.5, 0.0]",6.484138965740956,6.961760520935059,0.5041122436594048,17.96929931497404,0.47101259218154823,0.1825380139052868,0.0,0.1825380139052868,0.0
14.049373,"[43.68117904663086, 4.499825477600098, 0.0]","[61.67097091674805, 4.5, 0.0]",6.49422121061435,6.965087890625,0.5041122436697076,17.979866026393648,0.4776215551941023,0.182526595890522,0.0,0.182526595890522,0.0
14.069616,"[43.81086349487305, 4.499824523925781, 0.0]","[61.81121063232422, 4.5, 0.0]",6.504301548139034,6.981807231903076,0.504016876234159,17.98979186867264,0.4708666800106496,0.18249962478876114,0.0,0.18249962478876114,0.0
14.089733,"[43.94074630737305, 4.499823570251465, 0.0]","[61.950557708740234, 4.5, 0.0]",6.514379978315106,6.985130310058594,0.5039215088036286,18.00034713600045,0.47750568376404257,0.18246542662382126,0.0,0.18246542662382126,0.0
14.110669,"[44.070831298828125, 4.499822616577148, 0.0]","[62.08964157104492, 4.5, 0.0]",6.524319172040904,7.001753807067871,0.4969596862899106,18.009811399910312,0.47075033174348757,0.179947167634964,0.0,0.179947167634964,0.0
14.129113,"[44.20111846923828, 4.499821662902832, 0.0]","[62.22818374633789, 4.5, 0.0]",6.534258365766758,7.004948139190674,0.49695968629266396,18.018810270753775,0.4774346350269667,0.17996497452259064,0.0,0.17996497452259064,0.0
14.149234,"[44.33160400390625, 4.499820709228516, 0.0]","[62.370487213134766, 4.5, 0.0]",6.544199466841133,7.021742820739746,0.49705505371875347,18.027065275630456,0.47068977342391616,0.1799708791077137,0.0,0.1799708791077137,0.0
14.169347,"[44.46228790283203, 4.499819755554199, 0.0]","[62.51163101196289, 4.5, 0.0]",6.554138660566783,7.02512264251709,0.4969596862824943,18.038883207753162,0.47754335389861335,0.17996195703744888,0.0,0.17996195703744888,0.0
14.189466,"[44.593170166015625, 4.499818801879883, 0.0]","[62.6519660949707, 4.5, 0.0]",6.5640778542923455,7.04177713394165,0.49695968627814224,18.049343107649335,0.4709839819503072,0.1799461804330349,0.0,0.1799461804330349,0.0
14.209254,"[44.7242546081543, 4.499817848205566, 0.0]","[62.79204559326172, 4.5, 0.0]",6.574017048017974,7.045068264007568,0.4969596862814285,18.0587959274674,0.4776992796493049,0.17996454611420631,0.0,0.17996454611420631,0.0
14.230084,"[44.85553741455078, 4.49981689453125, 0.0]","[62.931514739990234, 4.5, 0.0]",6.5839562417437465,7.061591148376465,0.49695968628862275,18.067790983613598,0.4710512159895943,0.17993628978729248,0.0,0.17993628978729248,0.0
14.249231,"[44.98701858520508, 4.499815940856934, 0.0]","[63.074989318847656, 4.5, 0.0]",6.593897342818209,7.065064430236818,0.49705505372310554,18.0759773239395,0.47763490663271835,0.17996568232774734,0.0,0.17996568232774734,0.0
14.269219,"[45.11869812011719, 4.499814987182617, 0.0]","[63.21475601196289, 4.5, 0.0]",6.603838443892775,7.081608295440674,0.4970550537283014,18.087970732136423,0.4711670874186096,0.17997922375798225,0.0,0.17997922375798225,0.0
14.289326,"[45.25057601928711, 4.499814033508301, 0.0]","[63.3559684753418, 4.5, 0.0]",6.6137795449672865,7.084921836853027,0.49705505372559244,18.09605789033342,0.4777698515478992,0.1799837313592434,0.0,0.1799837313592434,0.0
14.309572,"[45.382652282714844, 4.499813079833984, 0.0]","[63.497520446777344, 4.5, 0.0]",6.623720646041662,7.1015801429748535,0.4970550537187979,18.105392454496243,0.47114229188574086,0.1799754984676838,0.0,0.1799754984676838,0.0
14.329225,"[45.51492691040039, 4.499812126159668, 0.0]","[63.64042282104492, 4.5, 0.0]",6.633800983566402,7.104942321777344,0.5040168762369568,18.114868162497764,0.4778594969331911,0.18249768763780594,0.0,0.18249768763780594,0.0
14.350427,"[45.64739990234375, 4.499811172485352, 0.0]","[63.78469467163086, 4.5, 0.0]",6.6438832284398455,7.121732711791992,0.5041122436721945,18.125495909073482,0.4711413382109422,0.18252091482281685,0.0,0.18252091482281685,0.0
14.369388,"[45.78007507324219, 4.499810218811035, 0.0]","[63.92601013183594, 4.5, 0.0]",6.653965473313262,7.124983787536621,0.5041122436708179,18.137294767709726,0.4778494833521467,0.1825256645679474,0.0,0.1825256645679474,0.0
14.389365,"[45.9129524230957, 4.499809265136719, 0.0]","[64.07048034667969, 4.5, 0.0]",6.664045810837877,7.141788005828857,0.5040168762307395,18.145935057010096,0.47101831422335927,0.18251901492476463,0.0,0.18251901492476463,0.0
14.40954,"[46.0460319519043, 4.499808311462402, 0.0]","[64.21240234375, 4.5, 0.0]",6.674126148362469,7.148402214050293,0.5040168762296293,18.157527921993996,0.4777421949909808,0.18249772489070892,0.0,0.18249772489070892,0.0
14.429006,"[46.17931365966797, 4.499807357788086, 0.0]","[64.35340881347656, 4.5, 0.0]",6.684065342088216,7.158228397369386,0.4969596862873349,18.16637039024944,0.47427606568782377,0.17994636669754982,0.0,0.17994636669754982,0.0
14.449601,"[46.31279754638672, 4.4998064041137695, 0.0]","[64.49686431884766, 4.5, 0.0]",6.694006443162602,7.168225288391113,0.4970550537192864,18.174095152247034,0.47416305528116975,0.1799887977540493,0.0,0.1799887977540493,0.0
14.469144,"[46.44647979736328, 4.499805450439453, 0.0]","[64.64078521728516, 4.5, 0.0]",6.703949451585515,7.1782546043396,0.49715042114568675,18.184066770893214,0.47421884522851165,0.18001126125454903,0.0,0.18001126125454903,0.0
14.489589,"[46.580360412597656, 4.499804496765137, 0.0]","[64.78715515136719, 4.5, 0.0]",6.713892460008535,7.188454627990723,0.4971504211509714,18.194305418347984,0.47430515275408425,0.18002115190029144,0.0,0.18002115190029144,0.0
14.51168,"[46.714439392089844, 4.49980354309082, 0.0]","[64.9298095703125, 4.5, 0.0]",6.723835468431582,7.198383808135986,0.4971504211523481,18.206794737189426,0.47456216798218787,0.18001550808548927,0.0,0.18001550808548927,0.0
14.52923,"[46.848716735839844, 4.499802589416504, 0.0]","[65.07246398925781, 4.5, 0.0]",6.733845234056475,7.208256244659424,0.5004882812446709,18.215370176636412,0.4745483397044046,0.18123051151633263,0.0,0.18123051151633263,0.0
14.549945,"[46.983192443847656, 4.4998016357421875, 0.0]","[65.21923828125, 4.5, 0.0]",6.743856907030152,7.218413829803467,0.5005836486838611,18.223747251825593,0.47441101060294866,0.18126165494322777,0.0,0.18126165494322777,0.0
14.569291,"[47.11787033081055, 4.499800682067871, 0.0]","[65.36429595947266, 4.5, 0.0]",6.753868580004057,7.228451728820802,0.5005836486952298,18.23604583580376,0.4745569227733144,0.18127305433154106,0.0,0.18127305433154106,0.0
14.589571,"[47.25274658203125, 4.499799728393555, 0.0]","[65.50882720947266, 4.5, 0.0]",6.763880252978008,7.2384543418884295,0.500583648697539,18.246425627057352,0.4745831488167447,0.1812722161412239,0.0,0.1812722161412239,0.0
14.610279,"[47.38782501220703, 4.499798774719238, 0.0]","[65.65296936035156, 4.5, 0.0]",6.773891925951706,7.248417377471924,0.5005836486849269,18.256080625830492,0.47457408891042174,0.1812562346458435,0.0,0.1812562346458435,0.0
14.629382,"[47.523101806640625, 4.499797821044922, 0.0]","[65.79873657226562, 4.5, 0.0]",6.783907413622808,7.2584357261657715,0.5007743835550915,18.26514434652747,0.4745254515202175,0.18133701756596565,0.0,0.18133701756596565,0.0
14.649929,"[47.6585807800293, 4.4997968673706055, 0.0]","[65.94371795654297, 4.5, 0.0]",6.793924808642643,7.268400192260742,0.5008697509917504,18.275634764001765,0.47452831254296335,0.181366465985775,0.0,0.181366465985775,0.0
14.6701,"[47.79425811767578, 4.499795913696289, 0.0]","[66.08763885498047, 4.5, 0.0]",6.803942203662356,7.278291702270508,0.5008697509856219,18.285137174884284,0.47447538361809904,0.18137643113732338,0.0,0.18137643113732338,0.0
14.689953,"[47.930137634277344, 4.499794960021973, 0.0]","[66.2354736328125, 4.5, 0.0]",6.813959598682352,7.2884521484375,0.5008697509998328,18.293380735669167,0.47434949860815223,0.18137438222765923,0.0,0.18137438222765923,0.0
14.710311,"[48.06621551513672, 4.499794006347656, 0.0]","[66.37850952148438, 4.5, 0.0]",6.823976993702423,7.298271656036378,0.5008697510035187,18.305335996893437,0.47449254975514776,0.18135741353034973,0.0,0.18135741353034973,0.0
14.730881,"[48.20249557495117, 4.49979305267334, 0.0]","[66.52713775634766, 4.5, 0.0]",6.833988666676363,7.308416843414307,0.5005836486970061,18.31229400469983,0.47429466233395523,0.1812460832297802,0.0,0.1812460832297802,0.0
14.75052,"[48.33897399902344, 4.499792098999023, 0.0]","[66.67350769042969, 4.5, 0.0]",6.844000339650121,7.318408012390137,0.5005836486879023,18.324642179742447,0.4744281767379439,0.1812761276960373,0.0,0.1812761276960373,0.0
14.769623,"[48.47565460205078, 4.499791145324707, 0.0]","[66.81802368164062, 4.5, 0.0]",6.854013919972546,7.328272342681885,0.5006790161212749,18.334533689746053,0.47440767274001594,0.18128670752048492,0.0,0.18128670752048492,0.0
14.790171,"[48.61253356933594, 4.499790191650391, 0.0]","[66.96720123291016, 4.5, 0.0]",6.864027500295087,7.338455677032471,0.500679016127048,18.34236907792352,0.4742584227093385,0.18128544092178345,0.0,0.18128544092178345,0.0
14.810122,"[48.74961471557617, 4.499789237976074, 0.0]","[67.11308288574219, 4.5, 0.0]",6.874039173268923,7.3484015464782715,0.5005836486918103,18.35466766190169,0.47442817673738347,0.18126918002963066,0.0,0.18126918002963066,0.0
14.829406,"[48.88689422607422, 4.499788284301758, 0.0]","[67.25787353515625, 4.5, 0.0]",6.8840489388939865,7.361550807952881,0.500488281253153,18.363468168487348,0.47436237320934804,0.18121186643838882,0.0,0.18121186643838882,0.0
14.851115,"[49.024375915527344, 4.499787330627441, 0.0]","[67.40799713134766, 4.5, 0.0]",6.894058704519138,7.365062713623048,0.5004882812575939,18.37097930739725,0.47750186905889436,0.1812422275543213,0.0,0.1812422275543213,0.0
14.869994,"[49.16205596923828, 4.499786376953125, 0.0]","[67.55695343017578, 4.5, 0.0]",6.904070377492966,7.381827354431152,0.5005836486913662,18.383621214129313,0.4710040091039094,0.18125314265489578,0.0,0.18125314265489578,0.0
14.890535,"[49.2999382019043, 4.499785423278809, 0.0]","[67.70406341552734, 4.5, 0.0]",6.914082050466714,7.385134696960449,0.5005836486874138,18.394897459240312,0.47775697693818664,0.18125222995877266,0.0,0.18125222995877266,0.0
14.912461,"[49.438018798828125, 4.499784469604492, 0.0]","[67.85575103759766, 4.5, 0.0]",6.924091816091818,7.402070999145508,0.5004882812551958,18.40412521191971,0.47105264649373524,0.18123624846339226,0.0,0.18123624846339226,0.0
14.929747,"[49.57630157470703, 4.499783515930176, 0.0]","[67.99983215332031, 4.5, 0.0]",6.934174060965061,7.405107021331788,0.5041122436621581,18.41773223705996,0.4779791830536899,0.18252067267894745,0.0,0.18252067267894745,0.0
14.950255,"[49.71478271484375, 4.499782562255859, 0.0]","[68.1476821899414, 4.5, 0.0]",6.944256305838342,7.421729564666748,0.5041122436640677,18.423530576897626,0.47093296036672694,0.1825420744717121,0.0,0.1825420744717121,0.0
14.970421,"[49.85346603393555, 4.499781608581543, 0.0]","[68.29731750488281, 4.5, 0.0]",6.9543385507116575,7.425139904022217,0.5041122436657552,18.432899473375848,0.47747325882840563,0.18254417926073074,0.0,0.18254417926073074,0.0
14.98978,"[49.99235153198242, 4.499780654907227, 0.0]","[68.44239044189453, 4.5, 0.0]",6.964420795585061,7.441575050354004,0.5041122436701961,18.443851469219275,0.4708013533105593,0.18253453075885773,0.0,0.18253453075885773,0.0
15.010331,"[50.131439208984375, 4.49977970123291, 0.0]","[68.59355163574219, 4.5, 0.0]",6.974504947806933,7.445075988769531,0.5042076110935767,18.45003890817803,0.47715425476894247,0.18257353454828262,0.0,0.18257353454828262,0.0
15.030261,"[50.270729064941406, 4.499778747558594, 0.0]","[68.74327850341797, 4.5, 0.0]",6.9844460488814635,7.461757659912109,0.49705505372652503,18.462112425017526,0.4705710409625983,0.17998939380049706,0.0,0.17998939380049706,0.0
15.050594,"[50.41021728515625, 4.499777793884277, 0.0]","[68.89265441894531, 4.5, 0.0]",6.994389057304467,7.465083122253418,0.49715042115017205,18.472549436730105,0.4773116110306459,0.18000662326812744,0.0,0.18000662326812744,0.0
15.07029,"[50.54990768432617, 4.499776840209961, 0.0]","[69.04292297363281, 4.5, 0.0]",7.004332065727388,7.4818010330200195,0.497150421146042,18.48243713203644,0.47069406494895105,0.18000518903136253,0.0,0.18000518903136253,0.0
15.09058,"[50.689796447753906, 4.4997758865356445, 0.0]","[69.19232940673828, 4.5, 0.0]",7.014273166801779,7.485128402709962,0.49705505371955283,18.493015287502555,0.4774689672926318,0.1799936592578888,0.0,0.1799936592578888,0.0
15.11452,"[50.82988357543945, 4.499774932861328, 0.0]","[69.34623718261719, 4.5, 0.0]",7.024216175224739,7.5020751953125,0.497150421147996,18.502532957219426,0.470855235908183,0.1800331100821495,0.0,0.1800331100821495,0.0
15.130121,"[50.97016906738281, 4.499773979187012, 0.0]","[69.49221801757812, 4.5, 0.0]",7.034298420098094,7.5051093101501465,0.5041122436677536,18.516353605406543,0.47785902008776127,0.1825428567826748,0.0,0.1825428567826748,0.0
15.150335,"[51.110652923583984, 4.499773025512695, 0.0]","[69.6422119140625, 4.5, 0.0]",7.044380664971443,7.5217413902282715,0.5041122436674428,18.522048948418043,0.4708108900520527,0.18253054469823837,0.0,0.18253054469823837,0.0
15.170389,"[51.251338958740234, 4.499772071838379, 0.0]","[69.79387664794922, 4.5, 0.0]",7.054461002496012,7.525152683258057,0.5040168762284747,18.531558988695092,0.4773607252568288,0.18250277265906334,0.0,0.18250277265906334,0.0
15.189983,"[51.39222717285156, 4.4997711181640625, 0.0]","[69.94088745117188, 4.5, 0.0]",7.064539432671874,7.541586875915527,0.5039215087931037,18.542537687419376,0.4706916807620445,0.1824677176773548,0.0,0.1824677176773548,0.0
15.209903,"[51.53331756591797, 4.499770164489746, 0.0]","[70.09062194824219, 4.5, 0.0]",7.074619770196486,7.544859886169434,0.5040168762306063,18.548660276524615,0.4770474432436531,0.18248621374368668,0.0,0.18248621374368668,0.0
15.230812,"[51.67461013793945, 4.49976921081543, 0.0]","[70.24531555175781, 4.5, 0.0]",7.084558963922303,7.561737060546875,0.4969596862908432,18.557304380522385,0.47024011597294724,0.17995288595557213,0.0,0.17995288595557213,0.0
15.250512,"[51.81610107421875, 4.499768257141113, 0.0]","[70.39672088623047, 4.5, 0.0]",7.094498157648121,7.5650649070739755,0.4969596862908876,18.570705412010295,0.4771780966245718,0.17995823174715042,0.0,0.17995823174715042,0.0
15.270462,"[51.95779037475586, 4.499767303466797, 0.0]","[70.54951477050781, 4.5, 0.0]",7.104437351373947,7.58181619644165,0.4969596862912873,18.58061981019749,0.4705667494258545,0.17994871363043785,0.0,0.17994871363043785,0.0
15.29066,"[52.09968185424805, 4.4997663497924805, 0.0]","[70.70094299316406, 4.5, 0.0]",7.1143765450996534,7.585144996643066,0.4969596862853365,18.59172439393154,0.47737884506770367,0.1799323596060276,0.0,0.1799323596060276,0.0
15.310686,"[52.24177169799805, 4.499765396118164, 0.0]","[70.85261535644531, 4.5, 0.0]",7.124317646174095,7.601810455322266,0.49705505372208414,18.601261137089445,0.47076845154341296,0.17996955662965775,0.0,0.17996955662965775,0.0
15.330331,"[52.38405990600586, 4.499764442443848, 0.0]","[71.00434112548828, 4.5, 0.0]",7.134397983698713,7.605093955993652,0.5040168762308728,18.610843656614538,0.4774928091481705,0.1824864186346531,0.0,0.1824864186346531,0.0
15.350963,"[52.526546478271484, 4.499763488769531, 0.0]","[71.15643310546875, 4.5, 0.0]",7.144476413874916,7.621733665466309,0.5039215088101567,18.62028121764354,0.47069597229493976,0.18247529864311218,0.0,0.18247529864311218,0.0
15.370123,"[52.66923522949219, 4.499762535095215, 0.0]","[71.30701446533203, 4.5, 0.0]",7.154552936702334,7.628274440765381,0.5038261413709222,18.629886625352228,0.4772572515913929,0.18244966864585876,0.0,0.18244966864585876,0.0
15.390524,"[52.81212615966797, 4.499761581420898, 0.0]","[71.46219635009766, 4.5, 0.0]",7.1646294595298,7.6384501457214355,0.5038261413732759,18.637779233988685,0.4737215040630467,0.1824173517525196,0.0,0.1824173517525196,0.0
15.410558,"[52.95521545410156, 4.499760627746582, 0.0]","[71.61424255371094, 4.5, 0.0]",7.174705982357181,7.648409366607666,0.503826141369057,18.650070188572318,0.47382068619163586,0.18243884667754173,0.0,0.18243884667754173,0.0
15.430459,"[53.098506927490234, 4.499759674072266, 0.0]","[71.76777648925781, 4.5, 0.0]",7.184708118587822,7.658411026000977,0.5001068115320528,18.659027097745863,0.4737033842504852,0.18107445910573006,0.0,0.18107445910573006,0.0
15.450716,"[53.242000579833984, 4.499758720397949, 0.0]","[71.92112731933594, 4.5, 0.0]",7.1947102548184665,7.66840124130249,0.5001068115322305,18.669269559897895,0.4737029074131547,0.18107455223798752,0.0,0.18107455223798752,0.0
15.47162,"[53.38569641113281, 4.499757766723633, 0.0]","[72.07577514648438, 4.5, 0.0]",7.20471048370038,7.678476333618164,0.5000114440956605,18.67912673762611,0.47369098648402375,0.18105968832969666,0.0,0.18105968832969666,0.0
15.49166,"[53.52959060668945, 4.499756813049316, 0.0]","[72.22913360595703, 4.5, 0.0]",7.214710712582376,7.688467025756836,0.5000114440998349,18.690078733469537,0.47376584991778437,0.18103785812854767,0.0,0.18103785812854767,0.0
15.512268,"[53.673683166503906, 4.499755859375, 0.0]","[72.38406372070312, 4.5, 0.0]",7.224710941464289,7.698547840118408,0.500011444095616,18.6995429973794,0.47375631317445954,0.18106931820511818,0.0,0.18106931820511818,0.0
15.531266,"[53.81797790527344, 4.499754905700684, 0.0]","[72.53412628173828, 4.5, 0.0]",7.234713077694751,7.708260536193848,0.5001068115231266,18.71038055230486,0.4738368986541195,0.18109790980815887,0.0,0.18109790980815887,0.0
15.550766,"[53.96247100830078, 4.499753952026367, 0.0]","[72.69148254394531, 4.5, 0.0]",7.244715213925416,7.718445777893066,0.5001068115332519,18.7161483745644,0.4735474584990964,0.1810978725552559,0.0,0.1810978725552559,0.0
15.570164,"[54.1071662902832, 4.499752998352051, 0.0]","[72.8434066772461, 4.5, 0.0]",7.254717350156151,7.728279113769533,0.5001068115367158,18.729011533737868,0.4737305639676501,0.18108274787664413,0.0,0.18108274787664413,0.0
15.590742,"[54.25205993652344, 4.499752044677734, 0.0]","[73.00068664550781, 4.5, 0.0]",7.26471757903825,7.73845911026001,0.5000114441049863,18.736240385050117,0.4735617636133824,0.1810605451464653,0.0,0.1810605451464653,0.0
15.611151,"[54.39715576171875, 4.499751091003418, 0.0]","[73.15480041503906, 4.5, 0.0]",7.274719715268989,7.748422622680664,0.5001068115369378,18.74862670706539,0.47374153122175944,0.1810917817056179,0.0,0.1810917817056179,0.0
15.631936,"[54.542449951171875, 4.499750137329102, 0.0]","[73.31044006347656, 4.5, 0.0]",7.2847180368024675,7.758431434631348,0.499916076673923,18.757644651395182,0.473702907411675,0.18102716654539108,0.0,0.18102716654539108,0.0
15.651957,"[54.68794250488281, 4.499749183654785, 0.0]","[73.46583557128906, 4.5, 0.0]",7.294716358336023,7.768424987792969,0.4999160766777866,18.767990110373386,0.4737133978288801,0.18102742731571198,0.0,0.18102742731571198,0.0
15.671961,"[54.83363723754883, 4.499748229980469, 0.0]","[73.6221694946289, 4.5, 0.0]",7.304714679869499,7.778478145599365,0.4999160766737898,18.77789306446879,0.4737086294569455,0.1810126006603241,0.0,0.1810126006603241,0.0
15.691763,"[54.979530334472656, 4.499747276306152, 0.0]","[73.77729034423828, 4.5, 0.0]",7.314711094054412,7.788454055786133,0.49982070924565747,18.788532255136438,0.47376346572986616,0.18099073320627213,0.0,0.18099073320627213,0.0
15.711676,"[55.12562561035156, 4.499746322631836, 0.0]","[73.93253326416016, 4.5, 0.0]",7.324709415587631,7.798426151275635,0.4999160766609556,18.797760007815835,0.4737429617317206,0.18102223053574562,0.0,0.18102223053574562,0.0
15.732496,"[55.27191925048828, 4.4997453689575195, 0.0]","[74.0890884399414, 4.5, 0.0]",7.334713459166752,7.808429718017578,0.5002021789560551,18.806907651852658,0.47371673568800343,0.18110958859324455,0.0,0.18110958859324455,0.0
15.751509,"[55.41841506958008, 4.499744415283203, 0.0]","[74.24512481689453, 4.5, 0.0]",7.34471750274591,7.818400382995606,0.5002021789578759,18.817169187491018,0.4737162588508257,0.18110906705260277,0.0,0.18110906705260277,0.0
15.770247,"[55.56510925292969, 4.499743461608887, 0.0]","[74.39978790283203, 4.5, 0.0]",7.354719638976475,7.828282833099365,0.5001068115282337,18.826709745346193,0.4736828802496964,0.18109360709786415,0.0,0.18109360709786415,0.0
15.790455,"[55.71200180053711, 4.49974250793457, 0.0]","[74.5593490600586, 4.5, 0.0]",7.364721775207167,7.841811180114746,0.5001068115346285,18.83467864792796,0.4735631941228906,0.18107105046510696,0.0,0.18107105046510696,0.0
15.810785,"[55.85909652709961, 4.499741554260254, 0.0]","[74.71484375, 4.5, 0.0]",7.374723911437904,7.845069885253906,0.500106811536849,18.847347257540882,0.4770894049075789,0.18110191449522972,0.0,0.18110191449522972,0.0
15.831493,"[56.00638961791992, 4.4997406005859375, 0.0]","[74.87252044677734, 4.5, 0.0]",7.384724140319964,7.861747741699219,0.5000114441029879,18.855747220913653,0.47034597381600207,0.18103845417499542,0.0,0.18103845417499542,0.0
15.850939,"[56.15388488769531, 4.499739646911621, 0.0]","[75.02967071533203, 4.5, 0.0]",7.394724369202208,7.865058898925781,0.500011444112225,18.866130826864513,0.4770236013792548,0.18103837966918945,0.0,0.18103837966918945,0.0
15.870584,"[56.301578521728516, 4.499738693237305, 0.0]","[75.1884536743164, 4.5, 0.0]",7.404726505432839,7.88180685043335,0.5001068115315199,18.875785825637653,0.4703345297235728,0.18108680844306946,0.0,0.18108680844306946,0.0
15.891625,"[56.4494743347168, 4.499737739562988, 0.0]","[75.345947265625, 4.5, 0.0]",7.414730549012291,7.885139942169191,0.5002021789726196,18.88687515058264,0.4770803450005108,0.1811111532151699,0.0,0.1811111532151699,0.0
15.913534,"[56.59756851196289, 4.499736785888672, 0.0]","[75.50370788574219, 4.5, 0.0]",7.4246678353894975,7.901811599731445,0.4968643188603128,18.896472928896795,0.4704093931569,0.1799086481332779,0.0,0.1799086481332779,0.0
15.929873,"[56.74586486816406, 4.4997358322143555, 0.0]","[75.65814971923828, 4.5, 0.0]",7.434605121766697,7.904889106750488,0.4968643188599575,18.906139371761732,0.47714376434194783,0.17990689724683762,0.0,0.17990689724683762,0.0
15.951276,"[56.89435958862305, 4.499734878540039, 0.0]","[75.81964874267578, 4.5, 0.0]",7.44454050079515,7.921744346618652,0.49676895142267696,18.912284849050565,0.47028398498379165,0.1798950508236885,0.0,0.1798950508236885,0.0
15.970918,"[57.043052673339844, 4.499733924865723, 0.0]","[75.97918701171875, 4.5, 0.0]",7.454475879823952,7.925143718719482,0.49676895144008526,18.925289152022856,0.47720384582350217,0.17987074330449104,0.0,0.17987074330449104,0.0
15.992285,"[57.19194412231445, 4.499732971191406, 0.0]","[76.13735961914062, 4.5, 0.0]",7.46440935150414,7.941789150238037,0.49667358400942163,18.936134336342846,0.47066783889553054,0.17984213307499886,0.0,0.17984213307499886,0.0
16.01144,"[57.341033935546875, 4.49973201751709, 0.0]","[76.29578399658203, 4.5, 0.0]",7.47434473053259,7.9451069831848145,0.4967689514224993,18.945415494783962,0.4773797987338968,0.17986973747611046,0.0,0.17986973747611046,0.0
16.03131,"[57.49032211303711, 4.499731063842773, 0.0]","[76.45211029052734, 4.5, 0.0]",7.484287738955689,7.961574077606201,0.4971504211549238,18.954750058986797,0.47076225265222416,0.18000509589910507,0.0,0.18000509589910507,0.0
16.052239,"[57.639808654785156, 4.499730110168457, 0.0]","[76.61480712890625, 4.5, 0.0]",7.4942307473786824,7.965108394622803,0.49715042114968355,18.96178817538399,0.4772863386505124,0.18000543117523193,0.0,0.18000543117523193,0.0
16.069992,"[57.789493560791016, 4.499729156494141, 0.0]","[76.77085876464844, 4.5, 0.0]",7.504168033755632,7.981558322906494,0.4968643188474786,18.974998472008483,0.4708776472441203,0.17991015687584877,0.0,0.17991015687584877,0.0
16.090917,"[57.93937683105469, 4.499728202819824, 0.0]","[76.93415069580078, 4.5, 0.0]",7.514109134829864,7.9851303100585955,0.49705505371160363,18.981365201738583,0.4773902891508621,0.1799747720360756,0.0,0.1799747720360756,0.0
16.111817,"[58.08945846557617, 4.499727249145508, 0.0]","[77.09379577636719, 4.5, 0.0]",7.524052143252851,8.00179386138916,0.4971504211493283,18.994773862620885,0.47102117522873144,0.18001139163970947,0.0,0.18001139163970947,0.0
16.132217,"[58.239742279052734, 4.499726295471191, 0.0]","[77.25421905517578, 4.5, 0.0]",7.534134388125966,8.005121231079102,0.5041122436557632,19.00433730865952,0.4777417181363095,0.18254155293107033,0.0,0.18254155293107033,0.0
16.150578,"[58.39022445678711, 4.499725341796875, 0.0]","[77.4142837524414, 4.5, 0.0]",7.544216632999011,8.021761894226074,0.5041122436522549,19.014476773985248,0.47098684295313564,0.18253087997436523,0.0,0.18253087997436523,0.0
16.171812,"[58.54090881347656, 4.499724388122559, 0.0]","[77.57552337646484, 4.5, 0.0]",7.554296970523517,8.025140762329102,0.5040168762252772,19.024059293510206,0.4775452612270632,0.18250588327646255,0.0,0.18250588327646255,0.0
16.191286,"[58.69179153442383, 4.499723434448242, 0.0]","[77.73568725585938, 4.5, 0.0]",7.564375400699744,8.041787147521973,0.5039215088113558,19.034614560837877,0.470843791805585,0.1824743114411831,0.0,0.1824743114411831,0.0
16.211479,"[58.84287643432617, 4.499722480773926, 0.0]","[77.89561462402344, 4.5, 0.0]",7.574455738224577,8.045072555541992,0.5040168762416641,19.04389571927886,0.477411746822229,0.1824963465332985,0.0,0.1824963465332985,0.0
16.23109,"[58.994163513183594, 4.499721527099609, 0.0]","[78.05534362792969, 4.5, 0.0]",7.584400653996251,8.061631202697754,0.49724578858372226,19.052738187534302,0.4706168173174152,0.18005277961492538,0.0,0.18005277961492538,0.0
16.251648,"[59.145652770996094, 4.499720573425293, 0.0]","[78.2184066772461, 4.5, 0.0]",7.594345569768039,8.065059661865234,0.4972457885893622,19.061180112629998,0.4772305487015025,0.18006056547164917,0.0,0.18006056547164917,0.0
16.270816,"[59.297340393066406, 4.499719619750977, 0.0]","[78.38116455078125, 4.5, 0.0]",7.604290485539753,8.081806182861328,0.49724578858572066,19.07275390412771,0.4707140920971957,0.18005304038524628,0.0,0.18005304038524628,0.0
16.292053,"[59.44922637939453, 4.49971866607666, 0.0]","[78.54273986816406, 4.5, 0.0]",7.614235401311568,8.08847713470459,0.49724578859073887,19.083824155586367,0.47751569732157506,0.18003808334469795,0.0,0.18003808334469795,0.0
16.313374,"[59.60131072998047, 4.499717712402344, 0.0]","[78.70144653320312, 4.5, 0.0]",7.624178409734509,8.09829330444336,0.4971504211470634,19.093513486634897,0.474241733393022,0.18002759665250778,0.0,0.18002759665250778,0.0
16.33077,"[59.753597259521484, 4.499716758728027, 0.0]","[78.86616516113281, 4.5, 0.0]",7.634123325506038,8.108429908752441,0.4972457885764392,19.100135801081922,0.47411489470885027,0.1800461858510971,0.0,0.1800461858510971,0.0
16.350949,"[59.90608215332031, 4.499715805053711, 0.0]","[79.02833557128906, 4.5, 0.0]",7.644068241277818,8.118409156799316,0.4972457885890069,19.112567899464384,0.4743065832464035,0.1800525188446045,0.0,0.1800525188446045,0.0
16.374966,"[60.05876541137695, 4.4997148513793945, 0.0]","[79.19197845458984, 4.5, 0.0]",7.654013157049437,8.128479957580566,0.4972457885809689,19.122253415815646,0.4743409155214984,0.18004365265369415,0.0,0.18004365265369415,0.0
16.391648,"[60.211647033691406, 4.499713897705078, 0.0]","[79.3541030883789, 4.5, 0.0]",7.663956165472479,8.138457298278809,0.49715042115208163,19.133213041053605,0.474466800531129,0.18002739176154137,0.0,0.18002739176154137,0.0
16.411747,"[60.36472702026367, 4.499712944030762, 0.0]","[79.51644134521484, 4.5, 0.0]",7.673973560492341,8.148436546325684,0.5008697509930826,19.142456052522064,0.47450113280632955,0.18136091530323029,0.0,0.18136091530323029,0.0
16.430254,"[60.51800537109375, 4.499711990356445, 0.0]","[79.67953491210938, 4.5, 0.0]",7.683989048163363,8.158411026000977,0.5007743835510947,19.151714322779586,0.4744629858333429,0.18132226541638374,0.0,0.18132226541638374,0.0
16.450606,"[60.671485900878906, 4.499711036682129, 0.0]","[79.84276580810547, 4.5, 0.0]",7.694004535834455,8.168395042419434,0.500774383554603,19.16152953883788,0.474421977837614,0.18134111538529396,0.0,0.18134111538529396,0.0
16.471765,"[60.825164794921875, 4.4997100830078125, 0.0]","[80.00423431396484, 4.5, 0.0]",7.704020023505559,8.17827033996582,0.5007743835552247,19.171279905042656,0.47439050658497894,0.18134400248527527,0.0,0.18134400248527527,0.0
16.491889,"[60.97904586791992, 4.499709129333496, 0.0]","[80.17086791992188, 4.5, 0.0]",7.714035511176564,8.188462257385256,0.500774383550251,19.17906951685294,0.47425031646026117,0.18133781850337982,0.0,0.18133781850337982,0.0
16.511402,"[61.13312530517578, 4.49970817565918, 0.0]","[80.33397674560547, 4.5, 0.0]",7.724049091498994,8.198427200317383,0.5006790161214969,19.191822049805708,0.4744267462086915,0.18128499388694763,0.0,0.18128499388694763,0.0
16.530558,"[61.28740692138672, 4.499707221984863, 0.0]","[80.49964141845703, 4.5, 0.0]",7.73406076447293,8.208498001098633,0.5005836486967841,19.200851438227296,0.4743781088183887,0.18126105889678001,0.0,0.18126105889678001,0.0
16.550962,"[61.44188690185547, 4.499706268310547, 0.0]","[80.6598129272461, 4.5, 0.0]",7.7440743447955676,8.21823501586914,0.5006790161318886,19.21223449486173,0.47443723662570303,0.1812916435301304,0.0,0.1812916435301304,0.0
16.570279,"[61.5965690612793, 4.4997053146362305, 0.0]","[80.8282241821289, 4.5, 0.0]",7.754087925118077,8.228472709655762,0.5006790161254937,19.217926023175963,0.47416067107357307,0.18130352720618248,0.0,0.18130352720618248,0.0
16.59149,"[61.75144958496094, 4.499704360961914, 0.0]","[80.99230194091797, 4.5, 0.0]",7.764101505440666,8.238447189331055,0.5006790161294461,19.23165511862871,0.4743847845376843,0.18130388110876083,0.0,0.18130388110876083,0.0
16.610098,"[61.906532287597656, 4.499703407287598, 0.0]","[81.15238189697266, 4.5, 0.0]",7.77411508576306,8.248169898986816,0.5006790161196761,19.240852353729984,0.47434568389038834,0.18128938972949982,0.0,0.18128938972949982,0.0
16.631677,"[62.06181335449219, 4.499702453613281, 0.0]","[81.32194519042969, 4.5, 0.0]",7.784130573434029,8.258415222167969,0.5007743835484746,19.245849607141885,0.47405481322375653,0.181318037211895,0.0,0.181318037211895,0.0
16.650277,"[62.2172966003418, 4.499701499938965, 0.0]","[81.48406219482422, 4.5, 0.0]",7.7941479684536334,8.268210411071777,0.500869750980204,19.260131833698136,0.4742846487339394,0.1813492551445961,0.0,0.1813492551445961,0.0
16.671347,"[62.37297821044922, 4.499700546264648, 0.0]","[81.65397644042969, 4.5, 0.0]",7.804165363473348,8.278477668762207,0.5008697509857107,19.26676559223696,0.4740624426181439,0.18136076629161835,0.0,0.18136076629161835,0.0
16.69451,"[62.52886199951172, 4.499699592590332, 0.0]","[81.8193588256836, 4.5, 0.0]",7.814182758493003,8.288470268249512,0.5008697509827797,19.28099822772876,0.47431230528885937,0.18135994672775269,0.0,0.18135994672775269,0.0
16.711676,"[62.68494415283203, 4.499698638916016, 0.0]","[81.984130859375, 4.5, 0.0]",7.824198246163945,8.301749229431152,0.5007743835470979,19.29049682391401,0.47428750975650846,0.1813439279794693,0.0,0.1813439279794693,0.0
16.731488,"[62.84122848510742, 4.499697685241699, 0.0]","[82.15096282958984, 4.5, 0.0]",7.834211826486299,8.305101394653322,0.5006790161176777,19.299186704278966,0.47755098326720713,0.18129337579011917,0.0,0.18129337579011917,0.0
16.75074,"[62.997711181640625, 4.499696731567383, 0.0]","[82.31671142578125, 4.5, 0.0]",7.844227314157631,8.321724891662598,0.5007743835665934,19.309734342212245,0.4708895681670233,0.18132323399186134,0.0,0.18132323399186134,0.0
16.771302,"[63.154396057128906, 4.499695777893066, 0.0]","[82.48471069335938, 4.5, 0.0]",7.8542428018287325,8.325146675109863,0.5007743835550915,19.3190002418643,0.477497577504967,0.18133344128727913,0.0,0.18133344128727913,0.0
16.791601,"[63.311279296875, 4.49969482421875, 0.0]","[82.65082550048828, 4.5, 0.0]",7.864258289499919,8.341791152954102,0.5007743835593104,19.33031463394795,0.4709038732811308,0.18133142963051796,0.0,0.18133142963051796,0.0
16.81143,"[63.46836471557617, 4.499693870544434, 0.0]","[82.81674194335938, 4.5, 0.0]",7.874275684519811,8.345077514648438,0.5008697509946369,19.339546201324616,0.4775328634541829,0.18137777224183083,0.0,0.18137777224183083,0.0
16.830992,"[63.625648498535156, 4.499692916870117, 0.0]","[82.98123931884766, 4.5, 0.0]",7.884224414988822,8.361566543579102,0.4974365234505118,19.348377225488395,0.4708018301286261,0.18012633547186852,0.0,0.18012633547186852,0.0
16.849881,"[63.78313446044922, 4.499691963195801, 0.0]","[83.14793395996094, 4.5, 0.0]",7.894175052806264,8.364850044250488,0.497531890872116,19.35559081801158,0.4773421285902799,0.18014121800661087,0.0,0.18014121800661087,0.0
16.870593,"[63.940818786621094, 4.499691009521484, 0.0]","[83.31562805175781, 4.5, 0.0]",7.904123783275404,8.381529808044434,0.4974365234569955,19.36479949720465,0.4706749914442243,0.1801374927163124,0.0,0.1801374927163124,0.0
16.890903,"[64.09870147705078, 4.499690055847168, 0.0]","[83.4841079711914, 4.5, 0.0]",7.914072513744651,8.384921073913576,0.497436523462369,19.374809262823486,0.4774060247690297,0.18012363463640213,0.0,0.18012363463640213,0.0
16.910045,"[64.25678253173828, 4.499689102172852, 0.0]","[83.65074157714844, 4.5, 0.0]",7.924015522167781,8.401527404785156,0.4971504211564781,19.385406491821218,0.47084856016892473,0.18001150339841843,0.0,0.18001150339841843,0.0
16.930824,"[64.4150619506836, 4.499688148498535, 0.0]","[83.82025909423828, 4.5, 0.0]",7.933956623242405,8.404919624328613,0.49705505373118797,19.393959043084614,0.4775118826173754,0.1799815520644188,0.0,0.1799815520644188,0.0
16.950808,"[64.57353973388672, 4.499687194824219, 0.0]","[83.98760986328125, 4.5, 0.0]",7.943899631665472,8.421520233154297,0.4971504211533695,19.405197141222956,0.4709630010862087,0.1800079271197319,0.0,0.1800079271197319,0.0
16.971068,"[64.73221588134766, 4.499686241149902, 0.0]","[84.15642547607422, 4.5, 0.0]",7.953842640088552,8.424870491027832,0.4971504211539912,19.414070127056657,0.4776206014888249,0.18001744523644447,0.0,0.18001744523644447,0.0
16.991484,"[64.8910903930664, 4.499685287475586, 0.0]","[84.3292007446289, 4.5, 0.0]",7.9637856485114416,8.441792488098145,0.4971504211444877,19.42420959238252,0.47102785093928023,0.18001744523644447,0.0,0.18001744523644447,0.0
17.011548,"[65.0501708984375, 4.4996843338012695, 0.0]","[84.49378204345703, 4.5, 0.0]",7.973871708081867,8.4448823928833,0.5043029785212649,19.43811034915394,0.478006839586703,0.18260914832353592,0.0,0.18260914832353592,0.0
17.030249,"[65.2094497680664, 4.499683380126953, 0.0]","[84.66361999511719, 4.5, 0.0]",7.983955860303499,8.461570739746094,0.5042076110815863,19.443611142604766,0.47101068480143393,0.18257271498441696,0.0,0.18257271498441696,0.0
17.049876,"[65.36892700195312, 4.499682426452637, 0.0]","[84.8324203491211, 4.5, 0.0]",7.994041919873905,8.464860916137695,0.5043029785203323,19.454170224629703,0.4776148794425952,0.1825913041830063,0.0,0.1825913041830063,0.0
17.071236,"[65.52860260009766, 4.49968147277832, 0.0]","[85.00198364257812, 4.5, 0.0]",8.004127502607115,8.48153305053711,0.5042791366605126,19.463493344740602,0.4708189962637901,0.18259169533848763,0.0,0.18259169533848763,0.0
17.090374,"[65.68848419189453, 4.499680519104004, 0.0]","[85.17235565185547, 4.5, 0.0]",8.014213562177751,8.484916687011719,0.5043029785317898,19.473381040046807,0.4774055479299939,0.182581078261137,0.0,0.182581078261137,0.0
17.111651,"[65.84856414794922, 4.4996795654296875, 0.0]","[85.3431167602539, 4.5, 0.0]",8.024291992353794,8.501648902893066,0.5039215088021187,19.483871457520966,0.4707031248339675,0.18247555941343307,0.0,0.18247555941343307,0.0
17.131712,"[66.00885009765625, 4.499678611755371, 0.0]","[85.5131607055664, 4.5, 0.0]",8.034370422529685,8.50495433807373,0.5039215087945692,19.494552609917488,0.47735691053927276,0.18244465813040733,0.0,0.18244465813040733,0.0
17.150657,"[66.1693344116211, 4.499677658081055, 0.0]","[85.68567657470703, 4.5, 0.0]",8.04444885270546,8.521740913391113,0.5039215087887072,19.504310605516796,0.47058391554404544,0.18246741965413094,0.0,0.18246741965413094,0.0
17.171309,"[66.33002471923828, 4.499676704406738, 0.0]","[85.85491180419922, 4.5, 0.0]",8.05452728288151,8.52499771118164,0.5039215088025628,19.516342160686374,0.4772920606856541,0.18247073516249657,0.0,0.18247073516249657,0.0
17.191342,"[66.49091339111328, 4.499675750732422, 0.0]","[86.02777099609375, 4.5, 0.0]",8.064605713057658,8.541805267333984,0.503921508807359,19.52488708255524,0.4704704283001302,0.18246233463287354,0.0,0.18246233463287354,0.0
17.211229,"[66.6520004272461, 4.4996747970581055, 0.0]","[86.19734954833984, 4.5, 0.0]",8.074684143233714,8.548331260681154,0.5039215088028293,19.536857602508935,0.47719955427632677,0.18250217661261559,0.0,0.18250217661261559,0.0
17.230511,"[66.81329345703125, 4.499673843383789, 0.0]","[86.36865997314453, 4.5, 0.0]",8.084621429610925,8.554558753967285,0.49686431886053484,19.545349118615952,0.4736471174474399,0.179926548153162,0.0,0.179926548153162,0.0
17.251401,"[66.97478485107422, 4.499672889709473, 0.0]","[86.54007720947266, 4.5, 0.0]",8.094558715988095,8.570794105529785,0.496864318858492,19.55536651362918,0.46993732435636026,0.1799442432820797,0.0,0.1799442432820797,0.0
17.27641,"[67.136474609375, 4.499671936035156, 0.0]","[86.7128677368164, 4.5, 0.0]",8.104496002365252,8.573769569396973,0.4968643188578703,19.56529235590804,0.4762353895416904,0.17994306981563568,0.0,0.17994306981563568,0.0
17.291851,"[67.2983627319336, 4.49967098236084, 0.0]","[86.8837661743164, 4.5, 0.0]",8.114433288742418,8.589975357055664,0.4968643188583144,19.576393124944683,0.4692735670317205,0.1799316704273224,0.0,0.1799316704273224,0.0
17.310991,"[67.46044921875, 4.499670028686523, 0.0]","[87.05626678466797, 4.5, 0.0]",8.124359131027784,8.592852592468262,0.496292114268293,19.585403439879812,0.47554206831324564,0.17971733585000038,0.0,0.17971733585000038,0.0
17.335803,"[67.62274169921875, 4.499669075012207, 0.0]","[87.22809600830078, 4.5, 0.0]",8.134407043625535,8.608661651611328,0.5023956298875198,19.59581756340866,0.46849346144047743,0.1819351129233837,0.0,0.1819351129233837,0.0
17.35146,"[67.78523254394531, 4.499668121337891, 0.0]","[87.39913940429688, 4.5, 0.0]",8.144458770920322,8.611092567443848,0.5025863647393436,19.605354306566433,0.47425460798579344,0.18197068944573402,0.0,0.18197068944573402,0.0
17.371209,"[67.94792175292969, 4.499667167663574, 0.0]","[87.57321166992188, 4.5, 0.0]",8.154499054123391,8.627020835876465,0.5020141601534966,19.613906857890406,0.4666337965235261,0.18179766833782196,0.0,0.18179766833782196,0.0
17.39208,"[68.11080932617188, 4.499666213989258, 0.0]","[87.74549865722656, 4.5, 0.0]",8.164543152023993,8.629518508911135,0.5022048950301006,19.62528991452484,0.47252178175307336,0.18183723092079163,0.0,0.18183723092079163,0.0
17.411541,"[68.2739028930664, 4.499665260314941, 0.0]","[87.9170913696289, 4.5, 0.0]",8.174591064621952,8.64523696899414,0.5023956298979115,19.63468932858119,0.4649753568871411,0.18192492425441742,0.0,0.18192492425441742,0.0
17.431101,"[68.43719482421875, 4.499664306640625, 0.0]","[88.09042358398438, 4.5, 0.0]",8.184566497971781,8.647343635559082,0.49877166749148216,19.643188474082866,0.4706459043721889,0.1805976778268814,0.0,0.1805976778268814,0.0
17.451475,"[68.6006851196289, 4.499663352966309, 0.0]","[88.26361083984375, 4.5, 0.0]",8.194545746019047,8.662778854370117,0.4989624023632899,19.653228757279823,0.46277713758730066,0.18064694479107857,0.0,0.18064694479107857,0.0
17.471595,"[68.76437377929688, 4.499662399291992, 0.0]","[88.43822479248047, 4.5, 0.0]",8.204524994066178,8.664950370788574,0.49896240235653977,19.662925717722885,0.46823310835107,0.18067188560962677,0.0,0.18067188560962677,0.0
17.49158,"[68.92826843261719, 4.499661445617676, 0.0]","[88.6112289428711, 4.5, 0.0]",8.214504242113659,8.680376052856445,0.4989624023740369,19.673851010685453,0.46042537672239625,0.18068069592118263,0.0,0.18068069592118263,0.0
17.512931,"[69.09236145019531, 4.499660491943359, 0.0]","[88.78814697265625, 4.5, 0.0]",8.22423553483855,8.68257236480713,0.4865646362445908,19.68296050774962,0.4658718107427866,0.17619851976633072,0.0,0.17619851976633072,0.0
17.531628,"[69.25665283203125, 4.499659538269043, 0.0]","[88.95890045166016, 4.5, 0.0]",8.233970642260564,8.697434425354004,0.4867553711006778,19.69578551995043,0.45833682996858016,0.1762574166059494,0.0,0.1762574166059494,0.0
17.555239,"[69.42113494873047, 4.499658584594727, 0.0]","[89.13526153564453, 4.5, 0.0]",8.24370956437977,8.69922924041748,0.4869461059603175,19.702247617112302,0.46346378309343983,0.17629776149988174,0.0,0.17629776149988174,0.0
17.572081,"[69.5858154296875, 4.49965763092041, 0.0]","[89.3074722290039, 4.5, 0.0]",8.253448486499106,8.714160919189453,0.4869461059668012,19.71412658439126,0.45551967603771004,0.17631782218813896,0.0,0.17631782218813896,0.0
17.591091,"[69.75068664550781, 4.499656677246094, 0.0]","[89.47964477539062, 4.5, 0.0]",8.26318740861856,8.715754508972168,0.4869461059726632,19.721656796725284,0.4607124326903467,0.17632659524679184,0.0,0.17632659524679184,0.0
17.61076,"[69.91575622558594, 4.499655723571777, 0.0]","[89.65467834472656, 4.5, 0.0]",8.272926330738118,8.730731010437012,0.48694610597790344,19.72895812728545,0.45256710035360825,0.17632205039262772,0.0,0.17632205039262772,0.0
17.631542,"[70.08101654052734, 4.499654769897461, 0.0]","[89.83010864257812, 4.5, 0.0]",8.282669067554775,8.735288619995117,0.4871368408328358,19.738922116536962,0.45780467969889393,0.1764202117919922,0.0,0.1764202117919922,0.0
17.651672,"[70.24647521972656, 4.4996538162231445, 0.0]","[90.0050277709961, 4.5, 0.0]",8.292411804371305,8.743158340454102,0.48713684082652975,19.749092099440812,0.4526195524403427,0.1764027401804924,0.0,0.1764027401804924,0.0
17.670582,"[70.4121322631836, 4.499652862548828, 0.0]","[90.18054962158203, 4.5, 0.0]",8.302154541188061,8.751054763793945,0.4871368408378096,19.758552548653277,0.45074653608279647,0.1763853244483471,0.0,0.1763853244483471,0.0
17.691934,"[70.5779800415039, 4.499651908874512, 0.0]","[90.35566711425781, 4.5, 0.0]",8.311897278008784,8.758933067321777,0.48713684103613986,19.768417355649085,0.448900222605884,0.1763644441962242,0.0,0.1763644441962242,0.0
17.712288,"[70.74402618408203, 4.499650955200195, 0.0]","[90.53079223632812, 4.5, 0.0]",8.321430206478468,8.766690254211426,0.47664642348417274,19.777687070061706,0.44703578931299326,0.1726093329489231,0.0,0.1726093329489231,0.0
17.73192,"[70.91026306152344, 4.499650001525879, 0.0]","[90.70585632324219, 4.5, 0.0]",8.330963134945131,8.773892402648926,0.4766464233331824,19.78676604948364,0.44526004773295824,0.17261601984500885,0.0,0.17261601984500885,0.0
17.752076,"[71.07669067382812, 4.4996490478515625, 0.0]","[90.88157653808594, 4.5, 0.0]",8.340496063410049,8.781121253967285,0.4766464232458745,19.795593258949747,0.4429292677037946,0.17262673005461693,0.0,0.17262673005461693,0.0
17.771915,"[71.2433090209961, 4.499648094177246, 0.0]","[91.0581283569336, 4.5, 0.0]",8.35003280657723,8.788384437561035,0.47683715835908913,19.80488586161013,0.4406251905572365,0.17263630405068398,0.0,0.17263630405068398,0.0
17.79203,"[71.41011810302734, 4.49964714050293, 0.0]","[91.23426818847656, 4.5, 0.0]",8.35956954974102,8.79563045501709,0.47683715818944705,19.81481933328352,0.4383516309838047,0.17265023663640022,0.0,0.17265023663640022,0.0
17.811254,"[71.57711791992188, 4.499646186828613, 0.0]","[91.40884399414062, 4.5, 0.0]",8.36910629290303,8.802652359008789,0.4768371581005404,19.824150082788954,0.43606090527607044,0.17266307026147842,0.0,0.17266307026147842,0.0
17.830583,"[71.74430847167969, 4.499645233154297, 0.0]","[91.58536529541016, 4.5, 0.0]",8.37838363664974,8.809001922607422,0.46386718733550936,19.831726071552236,0.43354606610575885,0.16798492521047592,0.0,0.16798492521047592,0.0
17.851798,"[71.91168975830078, 4.4996442794799805, 0.0]","[91.76133728027344, 4.5, 0.0]",8.38766098039573,8.81533145904541,0.4638671872994493,19.84105682112162,0.4306182859576815,0.16798598691821098,0.0,0.16798598691821098,0.0
17.87181,"[72.07925415039062, 4.499643325805664, 0.0]","[91.93916320800781, 4.5, 0.0]",8.39693832414505,8.821727752685547,0.4638671874660716,19.849647519484783,0.4276704786496808,0.16799615696072578,0.0,0.16799615696072578,0.0
17.892102,"[72.24700927734375, 4.499642372131348, 0.0]","[92.1156234741211, 4.5, 0.0]",8.406219482591817,8.828075408935547,0.46405792233832344,19.859909055059898,0.42478942854049606,0.16801977530121803,0.0,0.16801977530121803,0.0
17.911719,"[72.41494750976562, 4.499641418457031, 0.0]","[92.29093933105469, 4.5, 0.0]",8.415279388596813,8.83417797088623,0.4529953002498033,19.868614194150048,0.4218559263437296,0.16404425725340843,0.0,0.16404425725340843,0.0
17.930928,"[72.58306884765625, 4.499640464782715, 0.0]","[92.46514892578125, 4.5, 0.0]",8.424335479907041,8.839295387268066,0.4528045655113999,19.875991818591167,0.4188985822894171,0.1639844849705696,0.0,0.1639844849705696,0.0
17.950021,"[72.75137329101562, 4.499639511108398, 0.0]","[92.64112091064453, 4.5, 0.0]",8.433399200608939,8.844464302062988,0.45318603509487687,19.882080075420884,0.41495990736102506,0.164073146879673,0.0,0.164073146879673,0.0
17.971238,"[72.91986083984375, 4.499638557434082, 0.0]","[92.81904602050781, 4.5, 0.0]",8.442462921311606,8.849691390991211,0.453186035133335,19.889747616983293,0.4110651014540494,0.1641097478568554,0.0,0.1641097478568554,0.0
17.991236,"[73.08853149414062, 4.499637603759766, 0.0]","[92.99602508544922, 4.5, 0.0]",8.45152664201657,8.854889869689941,0.45318603524817647,19.899185177947405,0.40722846967960535,0.16409842297434807,0.0,0.16409842297434807,0.0
18.011631,"[73.25737762451172, 4.499636650085449, 0.0]","[93.17595672607422, 4.5, 0.0]",8.460586548023779,8.859939575195314,0.4529953003604703,19.90749358858567,0.4033632276733723,0.1640482246875763,0.0,0.1640482246875763,0.0
18.031882,"[73.42640686035156, 4.499635696411133, 0.0]","[93.35025024414062, 4.5, 0.0]",8.469223022633964,8.86373233795166,0.43182373050925094,19.918579098963225,0.39935302717153576,0.15639269724488258,0.0,0.15639269724488258,0.0
18.051934,"[73.59561920166016, 4.499634742736816, 0.0]","[93.53108978271484, 4.5, 0.0]",8.47786331194108,8.871002197265625,0.43201446535583443,19.923843381053615,0.3945093153176966,0.15645373612642288,0.0,0.15645373612642288,0.0
18.072022,"[73.76500701904297, 4.4996337890625, 0.0]","[93.70966339111328, 4.5, 0.0]",8.486503601248273,8.868220329284668,0.4320144653596536,19.93547057831291,0.3931388853245448,0.1564258709549904,0.0,0.1564258709549904,0.0
18.091993,"[73.93456268310547, 4.499632835388184, 0.0]","[93.88690185546875, 4.5, 0.0]",8.495147705250824,8.878745079040527,0.4322052001275445,19.94465636932225,0.38171672803639467,0.15646781772375107,0.0,0.15646781772375107,0.0
18.111001,"[74.10429382324219, 4.499631881713867, 0.0]","[94.06361389160156, 4.5, 0.0]",8.503498077562623,8.8756742477417,0.4175186155899624,19.952339169674662,0.38359737378970316,0.1511515025049448,0.0,0.1511515025049448,0.0
18.131102,"[74.27420043945312, 4.499630928039551, 0.0]","[94.24102783203125, 4.5, 0.0]",8.51184463517799,8.884797096252441,0.4173278807683367,19.95932006586001,0.3721761701790758,0.1511379238218069,0.0,0.1511379238218069,0.0
18.150592,"[74.44426727294922, 4.499629974365234, 0.0]","[94.41849517822266, 4.5, 0.0]",8.520191192792106,8.880585670471191,0.41732788070580895,19.966827389942893,0.37295246107445124,0.1511117909103632,0.0,0.1511117909103632,0.0
18.17149,"[74.614501953125, 4.499629020690918, 0.0]","[94.5928955078125, 4.5, 0.0]",8.528533935710097,8.889666557312012,0.41713714589954876,19.974227902762642,0.36039447767908506,0.15107784420251846,0.0,0.15107784420251846,0.0
18.190424,"[74.78490447998047, 4.499628067016602, 0.0]","[94.77494049072266, 4.5, 0.0]",8.53687667863053,8.885518074035645,0.4171371460216733,19.978393551974495,0.3611326216019144,0.1510399766266346,0.0,0.1510399766266346,0.0
18.21008,"[74.95547485351562, 4.499627113342285, 0.0]","[94.9520263671875, 4.5, 0.0]",8.545215606851412,8.894403457641602,0.4169464110440835,19.990036008219946,0.34864139540511374,0.1510013546794653,0.0,0.1510013546794653,0.0
18.231045,"[75.12621307373047, 4.499626159667969, 0.0]","[95.13024139404297, 4.5, 0.0]",8.552894592443867,8.888862609863281,0.3839492796227084,19.9965515110785,0.3491878507901891,0.1390037965029478,0.0,0.1390037965029478,0.0
18.251952,"[75.297119140625, 4.499625205993652, 0.0]","[95.30519104003906, 4.5, 0.0]",8.560573578037543,8.896636009216309,0.3839492796838151,20.00402831771328,0.3359680174194146,0.13905219733715057,0.0,0.13905219733715057,0.0
18.271934,"[75.46817779541016, 4.499624252319336, 0.0]","[95.48682403564453, 4.5, 0.0]",8.568256378331093,8.89111614227295,0.38414001467748093,20.008071896809053,0.33606243117876566,0.1391028705984354,0.0,0.1391028705984354,0.0
18.291274,"[75.63938903808594, 4.4996232986450195, 0.0]","[95.66498565673828, 4.5, 0.0]",8.575942993323421,8.898910522460938,0.384330749616435,20.01864623755728,0.32285976394185667,0.13915603049099445,0.0,0.13915603049099445,0.0
18.311451,"[75.81075286865234, 4.499622344970703, 0.0]","[95.84013366699219, 4.5, 0.0]",8.58363342301214,8.893156051635742,0.38452148443592904,20.025596615969278,0.32296752913751625,0.13921186327934265,0.0,0.13921186327934265,0.0
18.331224,"[75.98226928710938, 4.499621391296387, 0.0]","[96.01676177978516, 4.5, 0.0]",8.59053421036461,8.8997802734375,0.34503936762346754,20.029380795650866,0.30952262862360236,0.12490465305745602,0.0,0.12490465305745602,0.0
18.350325,"[76.15393829345703, 4.49962043762207, 0.0]","[96.19768524169922, 4.5, 0.0]",8.597434997719535,8.893066406250002,0.3450393677463026,20.034492489980867,0.3092460630728908,0.12495409697294235,0.0,0.12495409697294235,0.0
18.371424,"[76.32575225830078, 4.499619483947754, 0.0]","[96.37340545654297, 4.5, 0.0]",8.604339599771317,8.899690628051758,0.34523010258906695,20.043746945474187,0.29563140853046654,0.12502621859312057,0.0,0.12502621859312057,0.0
18.390714,"[76.4977035522461, 4.4996185302734375, 0.0]","[96.55474090576172, 4.5, 0.0]",8.611248016520419,8.892976760864258,0.34542083745510155,20.04765319546814,0.29535102828044124,0.12505611404776573,0.0,0.12505611404776573,0.0
18.411029,"[76.66979217529297, 4.499617576599121, 0.0]","[96.7286605834961, 4.5, 0.0]",8.61815643326724,8.899456024169922,0.34542083734105944,20.057037350869738,0.2817287443438392,0.1250581070780754,0.0,0.1250581070780754,0.0
18.430783,"[76.8420181274414, 4.499616622924805, 0.0]","[96.9068374633789, 4.5, 0.0]",8.624496460122387,8.891817092895508,0.31700134275736147,20.05886840541692,0.2812995909026821,0.1147556584328413,0.0,0.1147556584328413,0.0
18.449934,"[77.0143814086914, 4.499615669250488, 0.0]","[97.08361053466797, 4.5, 0.0]",8.630836486977527,8.89752197265625,0.3170013427570062,20.06481933328004,0.2673206327731208,0.11479171924293041,0.0,0.11479171924293041,0.0
18.471765,"[77.18687438964844, 4.499614715576172, 0.0]","[97.26663208007812, 4.5, 0.0]",8.637176513828704,8.889856338500977,0.3170013425588536,20.06922912331331,0.26668548567872286,0.11481490917503834,0.0,0.11481490917503834,0.0
18.491626,"[77.35948944091797, 4.4996137619018555, 0.0]","[97.44071960449219, 4.5, 0.0]",8.643516540683605,8.895575523376465,0.3170013427450158,20.079757687760534,0.25267982467227235,0.1147719006985426,0.0,0.1147719006985426,0.0
18.511928,"[77.53223419189453, 4.499612808227539, 0.0]","[97.62254333496094, 4.5, 0.0]",8.649257660067725,8.887801170349121,0.2870559692060404,20.08123016103352,0.2520589826928603,0.10392837226390839,0.0,0.10392837226390839,0.0
18.531693,"[77.7051010131836, 4.499611854553223, 0.0]","[97.79983520507812, 4.5, 0.0]",8.654998779453896,8.892865180969238,0.28705596930853616,20.090309140453044,0.23854351028139575,0.10393615812063217,0.0,0.10393615812063217,0.0
18.551143,"[77.87808990478516, 4.499610900878906, 0.0]","[97.97396087646484, 4.5, 0.0]",8.660739898843548,8.884621620178223,0.28705596948261913,20.09473418914007,0.23786640151534222,0.10396437719464302,0.0,0.10396437719464302,0.0
18.570636,"[78.05119323730469, 4.49960994720459, 0.0]","[98.15608215332031, 4.5, 0.0]",8.66648101823339,8.889641761779785,0.2870559694920338,20.095870968782243,0.2238817213346742,0.10395418852567673,0.0,0.10395418852567673,0.0
18.59025,"[78.22441101074219, 4.499608993530273, 0.0]","[98.3333511352539, 4.5, 0.0]",8.672222137621524,8.88470458984375,0.2870559694067687,20.104888913111903,0.22316074354639603,0.10391495190560818,0.0,0.10391495190560818,0.0
18.612174,"[78.39774322509766, 4.499608039855957, 0.0]","[98.51079559326172, 4.5, 0.0]",8.677055359057574,8.88302803039551,0.2416610718024792,20.10894012167082,0.2124824522222255,0.08753329515457153,0.0,0.08753329515457153,0.0
18.630949,"[78.5711898803711, 4.499607086181641, 0.0]","[98.688232421875, 4.5, 0.0]",8.681892395191124,8.881020545959473,0.2418518066774844,20.113052365247984,0.2059726713379355,0.08757385425269604,0.0,0.08757385425269604,0.0
18.651404,"[78.7447280883789, 4.499606132507324, 0.0]","[98.86221313476562, 4.5, 0.0]",8.686729431324745,8.87905216217041,0.24185180668103712,20.117042538650914,0.1991281507683489,0.08760489523410797,0.0,0.08760489523410797,0.0
18.671144,"[78.91836547851562, 4.499605178833008, 0.0]","[99.04461669921875, 4.5, 0.0]",8.691566467454189,8.876988410949707,0.24185180647222637,20.11748504359678,0.19232273084566565,0.0875677540898323,0.0,0.0875677540898323,0.0
18.691716,"[79.09210205078125, 4.499604225158691, 0.0]","[99.22201538085938, 4.5, 0.0]",8.696399688885663,8.874981880187988,0.24166107157368444,20.126251217907182,0.185421943495518,0.087483124807477,0.0,0.087483124807477,0.0
18.711551,"[79.26593017578125, 4.499603271484375, 0.0]","[99.40459442138672, 4.5, 0.0]",8.700447082683974,8.87285327911377,0.20236968991556026,20.12991332734521,0.17858219130232555,0.07327092345803976,0.0,0.07327092345803976,0.0
18.731185,"[79.43985748291016, 4.499602317810059, 0.0]","[99.5766830444336, 4.5, 0.0]",8.704498291181359,8.870615005493164,0.20256042486925807,20.13866424279761,0.1724061964297956,0.07333432789891958,0.0,0.07333432789891958,0.0
18.751284,"[79.6138687133789, 4.499601364135742, 0.0]","[99.7535171508789, 4.5, 0.0]",8.708549499680018,8.868314743041992,0.20256042493294046,20.13682555850003,0.16611671431180497,0.07335654459893703,0.0,0.07335654459893703,0.0
18.771825,"[79.78795623779297, 4.499600410461426, 0.0]","[99.9318618774414, 4.5, 0.0]",8.712600708175488,8.865994453430176,0.20256042477351244,20.139648434470306,0.15976524336197429,0.07335188332945108,0.0,0.07335188332945108,0.0
18.791892,"[79.96212768554688, 4.499599456787109, 0.0]","[100.10924530029297, 4.5, 0.0]",8.716651916673337,8.863686561584473,0.20256042489243953,20.14390563675314,0.15339374525468763,0.07332358043640852,0.0,0.07332358043640852,0.0
18.811075,"[80.13638305664062, 4.499598503112793, 0.0]","[100.28221130371094, 4.5, 0.0]",8.720699310475517,8.861383438110352,0.20236969010900552,20.14711761177446,0.14703464491113571,0.0732840970158577,0.0,0.0732840970158577,0.0
18.831096,"[80.31071472167969, 4.499597549438477, 0.0]","[100.46319580078125, 4.5, 0.0]",8.724082946952336,8.858680725097656,0.16918182384095815,20.145828243950678,0.1406841276348345,0.06126557942479849,0.0,0.06126557942479849,0.0
18.850268,"[80.4851303100586, 4.49959659576416, 0.0]","[100.63968658447266, 4.5, 0.0]",8.727466583428678,8.856043815612793,0.16918182381706615,20.152481076117628,0.13459777814532004,0.06123454309999943,0.0,0.06123454309999943,0.0
18.872009,"[80.65961456298828, 4.499595642089844, 0.0]","[100.81828308105469, 4.5, 0.0]",8.730846405211866,8.853376388549805,0.1689910891593982,20.154556271352938,0.12857723218411543,0.06121666170656681,0.0,0.06121666170656681,0.0
18.891594,"[80.83416748046875, 4.499594688415527, 0.0]","[100.99571228027344, 4.5, 0.0]",8.734226226993066,8.850726127624512,0.16899108906001103,20.158668514927438,0.12252998333793919,0.06120877340435982,0.0,0.06120877340435982,0.0
18.91076,"[81.00878143310547, 4.499593734741211, 0.0]","[101.17073059082031, 4.5, 0.0]",8.737091064646846,8.848040580749512,0.14324188268899363,20.1615447965149,0.116499900631446,0.05184753332287073,0.0,0.05184753332287073,0.0
18.931724,"[81.18346405029297, 4.4995927810668945, 0.0]","[101.348388671875, 4.5, 0.0]",8.739952087600823,8.844966888427734,0.1430511476988805,20.16194915449095,0.11094951610266612,0.05182154942303896,0.0,0.05182154942303896,0.0
18.951091,"[81.35820770263672, 4.499591827392578, 0.0]","[101.52204895019531, 4.5, 0.0]",8.742813110553502,8.84196186065674,0.14305114763395466,20.164924618351595,0.10501480082691117,0.05176857113838196,0.0,0.05176857113838196,0.0
18.970725,"[81.53300476074219, 4.499590873718262, 0.0]","[101.70315551757812, 4.5, 0.0]",8.745670318808166,8.838828086853027,0.14286041273319228,20.163841244321706,0.09914875010323776,0.051697720773518085,0.0,0.051697720773518085,0.0
18.991404,"[81.7078628540039, 4.499589920043945, 0.0]","[101.87971496582031, 4.5, 0.0]",8.74851989766544,8.835772514343263,0.14247894286372187,20.17015075351953,0.0931577680448612,0.051616462878882885,0.0,0.051616462878882885,0.0
19.011312,"[81.88277435302734, 4.499588489532471, 0.0]","[102.05569458007812, 4.5, 0.0]",8.750633239950547,8.835989952087402,0.1056671142553256,20.171852108566384,0.08725261667782291,0.03824854735285044,0.0,0.03824854735285044,0.0
19.031158,"[82.05774688720703, 4.499587059020996, 0.0]","[102.22938537597656, 4.5, 0.0]",8.75274658223582,8.825913429260256,0.10566711426367448,20.172920223791017,0.08535671213685525,0.03825553227216005,0.0,0.03825553227216005,0.0
19.051367,"[82.23275756835938, 4.4995856285095215, 0.0]","[102.40550994873047, 4.5, 0.0]",8.754859924518671,8.82912540435791,0.10566711414252694,20.17163848557313,0.0731668470244351,0.038264249451458454,0.0,0.038264249451458454,0.0
19.070953,"[82.4078140258789, 4.499584197998047, 0.0]","[102.58663177490234, 4.5, 0.0]",8.756973266802271,8.818902969360352,0.10566711418000807,20.172752377165143,0.07426547983923903,0.03827678272500634,0.0,0.03827678272500634,0.0
19.090865,"[82.5829086303711, 4.4995832443237305, 0.0]","[102.75926971435547, 4.5, 0.0]",8.759086609083978,8.822183609008789,0.10566711408532825,20.178817745807827,0.06192970255808028,0.038294296246021986,0.0,0.038294296246021986,0.0
19.112053,"[82.75804901123047, 4.499582290649414, 0.0]","[102.94091033935547, 4.5, 0.0]",8.760810852247857,8.811844825744629,0.08621215819397676,20.176361080835672,0.06309699992481121,0.03123283153399825,0.0,0.03123283153399825,0.0
19.131585,"[82.9332275390625, 4.499581336975098, 0.0]","[103.11536407470703, 4.5, 0.0]",8.762535095413892,8.814532279968262,0.0862121583017128,20.18286132482291,0.05103397349677152,0.031247376464307308,0.0,0.031247376464307308,0.0
19.151327,"[83.10844421386719, 4.499580383300781, 0.0]","[103.29073333740234, 4.5, 0.0]",8.764259338579054,8.803863525390625,0.08621215825810324,20.18213653248326,0.05199718455437008,0.031219753436744213,0.0,0.031219753436744213,0.0
19.171953,"[83.28369140625, 4.499579429626465, 0.0]","[103.46826171875, 4.5, 0.0]",8.765983581743674,8.806480407714844,0.0862121582310138,20.182289120220126,0.039604186811571296,0.031218461226671934,0.0,0.031218461226671934,0.0
19.191496,"[83.45896911621094, 4.499578475952148, 0.0]","[103.64176940917969, 4.5, 0.0]",8.767704010210888,8.795853614807129,0.08602142336071594,20.18457030917844,0.04049682597116977,0.03117851447314024,0.0,0.03117851447314024,0.0
19.213264,"[83.63429260253906, 4.499577522277832, 0.0]","[103.81759643554688, 4.5, 0.0]",8.769424438675726,8.798417091369629,0.08602142324187767,20.182800289640756,0.028149604596240607,0.031113922595977783,0.0,0.031113922595977783,0.0
19.231055,"[83.80964660644531, 4.499576568603516, 0.0]","[103.99529266357422, 4.5, 0.0]",8.770442962842031,8.78712272644043,0.050926208315260624,20.18330382989524,0.028992652693903054,0.01840820536017418,0.0,0.01840820536017418,0.0
19.251273,"[83.98503875732422, 4.499575614929199, 0.0]","[104.17069244384766, 4.5, 0.0]",8.771457672312248,8.789225578308105,0.0507354735108656,20.185646053862353,0.016679763598398623,0.01839896314777434,0.0,0.01839896314777434,0.0
19.271821,"[84.16044616699219, 4.499574661254883, 0.0]","[104.34774017333984, 4.5, 0.0]",8.772472381783201,8.777948379516602,0.05073547354763619,20.18565368332476,0.017767905995857092,0.018378495005890727,0.0,0.018378495005890727,0.0
19.291939,"[84.33587646484375, 4.499573707580566, 0.0]","[104.52354431152344, 4.5, 0.0]",8.773487091254495,8.78003978729248,0.050735473564689215,20.187294003142718,0.005475997733400462,0.018356777727603912,0.0,0.018356777727603912,0.0
19.311746,"[84.5113296508789, 4.49957275390625, 0.0]","[104.69804382324219, 4.5, 0.0]",8.773773193548735,8.768730163574219,0.014305114711987699,20.18766784346852,0.006552696037985584,0.005199117003940046,0.0,0.005199117003940046,0.0
19.332062,"[84.68679809570312, 4.499571800231934, 0.0]","[104.87395477294922, 4.5, 0.0]",8.774059295841061,8.770249366760254,0.014305114616330883,20.186714169294056,-0.005043029974515889,0.00520696397870779,0.0,0.00520696397870779,0.0
19.3512,"[84.86227416992188, 4.499570846557617, 0.0]","[105.04891204833984, 4.5, 0.0]",8.774349212833739,8.758460044860842,0.014495849633888724,20.18715667387266,-0.0038099290808073505,0.005230804090388119,0.0,0.005230804090388119,0.0
19.371603,"[85.03775787353516, 4.499569892883301, 0.0]","[105.22162628173828, 4.5, 0.0]",8.774639129823923,8.760072708129883,0.014495849509188474,20.18663787526266,-0.01588916797289741,0.005266170483082533,0.0,0.005266170483082533,0.0
19.391506,"[85.21324157714844, 4.499568939208984, 0.0]","[105.39984893798828, 4.5, 0.0]",8.774929046812826,8.748187065124512,0.01449584944515081,20.183868405116048,-0.014566421694039988,0.005254514398984611,0.0,0.005254514398984611,0.0
19.41136,"[85.38873291015625, 4.499567985534668, 0.0]","[105.57427978515625, 4.5, 0.0]",8.775215149105799,8.749650001525879,0.014305114648660577,20.186607357672347,-0.026741981688314098,0.005206236965022981,0.0,0.005206236965022981,0.0
19.432131,"[85.5642318725586, 4.499567031860352, 0.0]","[105.74921417236328, 4.5, 0.0]",8.774909973323053,8.737290382385254,-0.015258789137284623,20.185546871900954,-0.025565147579920122,0.0,0.0009435268584638834,0.0,0.0009435268584638834
19.451041,"[85.73973846435547, 4.499566078186035, 0.0]","[105.9205322265625, 4.5, 0.0]",8.774597168141934,8.738383293151855,-0.015640259055960115,20.184982296699683,-0.03761959093779943,0.0,0.0009603446233086288,0.0,0.0009603446233086288
19.47181,"[85.91523742675781, 4.499565124511719, 0.0]","[106.0995864868164, 4.5, 0.0]",8.77427673357036,8.725889205932617,-0.016021728578685668,20.18079375909614,-0.036213874990078665,0.0,0.0009820553241297603,0.0,0.0009820553241297603
19.49125,"[86.09072875976562, 4.499564170837402, 0.0]","[106.27039337158203, 4.5, 0.0]",8.773948669604518,8.726999282836914,-0.016403198292103127,20.184349057090405,-0.04838752763774323,0.0,0.0010062704095616937,0.0,0.0010062704095616937
19.511478,"[86.2662124633789, 4.499563217163086, 0.0]","[106.44403076171875, 4.5, 0.0]",8.773612976246486,8.717926979064941,-0.01678466790160371,20.1796646086936,-0.046949386767604295,0.0,0.0010311977239325643,0.0,0.0010311977239325643
19.531185,"[86.44168090820312, 4.4995622634887695, 0.0]","[106.62263488769531, 4.5, 0.0]",8.771625518975663,8.711525917053223,-0.09937286354118058,20.177818295060437,-0.05568599718154488,0.0,0.006110787857323885,0.0,0.006110787857323885
19.551336,"[86.61715698242188, 4.499561309814453, 0.0]","[106.7925033569336, 4.5, 0.0]",8.769641876398367,8.705438613891602,-0.09918212886477207,20.180953976206492,-0.060099601922440016,0.0,0.006098359357565641,0.0,0.006098359357565641
19.571973,"[86.79258728027344, 4.499560356140137, 0.0]","[106.97130584716797, 4.5, 0.0]",8.767654419123584,8.699029922485352,-0.09937286373915555,20.175346371295685,-0.06420326250676567,0.0,0.006109868176281452,0.0,0.006109868176281452
19.590984,"[86.96797943115234, 4.49955940246582, 0.0]","[107.14180755615234, 4.5, 0.0]",8.765647888362379,8.692919731140137,-0.10032653806026914,20.178718563672334,-0.06862449663823256,0.0,0.006163482088595629,0.0,0.006163482088595629
19.609896,"[87.1433334350586, 4.499558448791504, 0.0]","[107.31439971923828, 4.5, 0.0]",8.76361465472054,8.686646461486816,-0.10166168209195803,20.17382812169579,-0.07272815722224202,0.0,0.006250044330954552,0.0,0.006250044330954552
19.631462,"[87.31864929199219, 4.4995574951171875, 0.0]","[107.4920654296875, 4.5, 0.0]",8.760570526300869,8.679686546325684,-0.152206420983525,20.17106628102124,-0.07696819323372317,0.0,0.009360365569591522,0.0,0.009360365569591522
19.651031,"[87.4939193725586, 4.499556541442871, 0.0]","[107.66513061523438, 4.5, 0.0]",8.757503509698434,8.672906875610352,-0.15335083012173456,20.17341613453085,-0.08088397997518548,0.0,0.00942271575331688,0.0,0.00942271575331688
19.67224,"[87.66912841796875, 4.499555587768555, 0.0]","[107.83997344970703, 4.5, 0.0]",8.754409790215512,8.666057586669924,-0.15468597414614038,20.171211239505393,-0.08459663408808282,0.0,0.00950449239462614,0.0,0.00950449239462614
19.692148,"[87.84427642822266, 4.499554634094238, 0.0]","[108.01317596435547, 4.5, 0.0]",8.751285553154522,8.659272193908691,-0.1562118530494594,20.17084502856193,-0.08835220354558793,0.0,0.009599830023944378,0.0,0.009599830023944378
19.71169,"[88.01936340332031, 4.499553680419922, 0.0]","[108.18622589111328, 4.5, 0.0]",8.748126983818201,8.6524658203125,-0.15792846681605965,20.16889953302647,-0.09201335924583098,0.0,0.009703676216304302,0.0,0.009703676216304302
19.730835,"[88.19438934326172, 4.4995527267456055, 0.0]","[108.35880279541016, 4.5, 0.0]",8.74396896379841,8.645553588867188,-0.2079010009895299,20.16686248460476,-0.0956611635057012,0.0,0.012786061502993107,0.0,0.012786061502993107
19.751881,"[88.36935424804688, 4.499551773071289, 0.0]","[108.52793884277344, 4.5, 0.0]",8.73976516741359,8.638777732849121,-0.21018981924099123,20.164413448877767,-0.0984153749312231,0.0,0.012918811291456223,0.0,0.012918811291456223
19.771319,"[88.54423522949219, 4.499550819396973, 0.0]","[108.70476531982422, 4.5, 0.0]",8.735523224055148,8.631694793701172,-0.21209716792212063,20.15858459144992,-0.10098743456446968,0.0,0.013041245751082897,0.0,0.013041245751082897
19.792929,"[88.71903228759766, 4.499549865722656, 0.0]","[108.88014221191406, 4.5, 0.0]",8.731235504327401,8.624670028686523,-0.2143859863873665,20.160530087202478,-0.10382843035397649,0.0,0.013177311047911644,0.0,0.013177311047911644
19.812102,"[88.89374542236328, 4.49954891204834, 0.0]","[109.04658508300781, 4.5, 0.0]",8.726902008232841,8.617974281311035,-0.21667480472800094,20.161109921257204,-0.1065654756408776,0.0,0.013319896534085274,0.0,0.013319896534085274
19.831186,"[89.06836700439453, 4.499547958374023, 0.0]","[109.21923065185547, 4.5, 0.0]",8.72176742571281,8.610873222351074,-0.2567291260015203,20.152839657426757,-0.10892772692180586,0.0,0.015780404210090637,0.0,0.015780404210090637
19.851987,"[89.24290466308594, 4.499547004699707, 0.0]","[109.3936538696289, 4.5, 0.0]",8.716590881520654,8.60369873046875,-0.258827209607837,20.150863644237234,-0.11089420336173639,0.0,0.015910672023892403,0.0,0.015910672023892403
19.871985,"[89.41734313964844, 4.499546051025391, 0.0]","[109.5667724609375, 4.5, 0.0]",8.71137237565754,8.596577644348145,-0.26092529315571156,20.15074920354303,-0.11289215105190387,0.0,0.016040122136473656,0.0,0.016040122136473656
19.891546,"[89.5916748046875, 4.499545097351074, 0.0]","[109.73883056640625, 4.5, 0.0]",8.706104278731154,8.58950138092041,-0.26340484631930394,20.14942931805345,-0.1147947313093951,0.0,0.01619015447795391,0.0,0.01619015447795391
19.911489,"[89.76589965820312, 4.499544143676758, 0.0]","[109.90727233886719, 4.5, 0.0]",8.70078277604388,8.58254337310791,-0.2660751343636747,20.147155758631225,-0.1166028978107434,0.0,0.016354979947209358,0.0,0.016354979947209358
19.931829,"[89.94002532958984, 4.499543190002441, 0.0]","[110.07763671875, 4.5, 0.0]",8.694873809978164,8.57868480682373,-0.29544830328580574,20.141372677570928,-0.1182394029359699,0.0,0.018168708309531212,0.0,0.018168708309531212
19.95156,"[90.11404418945312, 4.499542236328125, 0.0]","[110.249267578125, 4.5, 0.0]",8.688907623453458,8.56477165222168,-0.29830932623529094,20.137611386061376,-0.11618900315443348,0.0,0.018337098881602287,0.0,0.018337098881602287
19.971955,"[90.2879409790039, 4.499541282653809, 0.0]","[110.42498016357422, 4.5, 0.0]",8.682888031167298,8.564021110534668,-0.3009796143079946,20.13522338556742,-0.12413597123177844,0.0,0.01850726269185543,0.0,0.01850726269185543
19.991508,"[90.46171569824219, 4.499540328979492, 0.0]","[110.59606170654297, 4.5, 0.0]",8.67681121842224,8.550130844116213,-0.3038406372529501,20.137039181460114,-0.11886692063263027,0.0,0.018676381558179855,0.0,0.018676381558179855
20.011502,"[90.6353759765625, 4.499539375305176, 0.0]","[110.76660919189453, 4.5, 0.0]",8.670680999917751,8.549569129943848,-0.3065109252244014,20.13434600510746,-0.12668037430602652,0.0,0.01884222961962223,0.0,0.01884222961962223
20.030873,"[90.80891418457031, 4.499538421630859, 0.0]","[110.9350814819336, 4.5, 0.0]",8.664299011393013,8.535619735717773,-0.3190994262369351,20.131233211976703,-0.12111186997390355,0.0,0.01961217261850834,0.0,0.01961217261850834
20.051825,"[90.98233032226562, 4.499537467956543, 0.0]","[111.10455322265625, 4.5, 0.0]",8.657859802409126,8.534964561462402,-0.3219604491943251,20.126167294158435,-0.12867927567523907,0.0,0.019788945093750954,0.0,0.019788945093750954
20.07159,"[91.1556167602539, 4.499536514282227, 0.0]","[111.27942657470703, 4.5, 0.0]",8.651359558268823,8.520739555358887,-0.32501220701517397,20.12222289718001,-0.12289524094672366,0.0,0.01997835375368595,0.0,0.01997835375368595
20.090489,"[91.32877349853516, 4.49953556060791, 0.0]","[111.44684600830078, 4.5, 0.0]",8.644802093667796,8.520173072814941,-0.3278732300513454,20.123809811236637,-0.1306200029099358,0.0,0.020152484998106956,0.0,0.020152484998106956
20.111554,"[91.50180053710938, 4.499534606933594, 0.0]","[111.62003326416016, 4.5, 0.0]",8.638187408610525,8.506003379821777,-0.3307342528635182,20.118072506543403,-0.12462902085285421,0.0,0.02033727616071701,0.0,0.02033727616071701
20.131692,"[91.67469787597656, 4.499533653259277, 0.0]","[111.79025268554688, 4.5, 0.0]",8.630939483806596,8.505213737487793,-0.3623962401964498,20.118232723900917,-0.1321840287887479,0.0,0.02228391543030739,0.0,0.02228391543030739
20.151682,"[91.84745788574219, 4.499532699584961, 0.0]","[111.95935821533203, 4.5, 0.0]",8.623638153242831,8.49113655090332,-0.36506652818824037,20.115554806257773,-0.1257257463188033,0.0,0.022440342232584953,0.0,0.022440342232584953
20.171513,"[92.02007293701172, 4.4995317459106445, 0.0]","[112.12728881835938, 4.5, 0.0]",8.616283416916225,8.490447044372559,-0.36773681633031075,20.111900326271407,-0.13250160233951114,0.0,0.02260325290262699,0.0,0.02260325290262699
20.19145,"[92.19254302978516, 4.499530792236328, 0.0]","[112.30021667480469, 4.5, 0.0]",8.608875274825321,8.476202964782715,-0.37040710454521175,20.107215878102274,-0.12583637254366664,0.0,0.02276826649904251,0.0,0.02276826649904251
20.210362,"[92.3648681640625, 4.499529838562012, 0.0]","[112.4674072265625, 4.5, 0.0]",8.601413726973053,8.475554466247559,-0.3730773926133857,20.10767364160983,-0.13267231004260616,0.0,0.02293580397963524,0.0,0.02293580397963524
20.230601,"[92.53704833984375, 4.499528884887695, 0.0]","[112.63518524169922, 4.5, 0.0]",8.59412384049835,8.461589813232422,-0.3644943237351761,20.102539059163842,-0.1258592607254947,0.0,0.022412318736314774,0.0,0.022412318736314774
20.251319,"[92.70907592773438, 4.499527931213379, 0.0]","[112.80406951904297, 4.5, 0.0]",8.586772918865375,8.46091365814209,-0.3675460816487508,20.098136898671676,-0.1325340272659279,0.0,0.022601580247282982,0.0,0.022601580247282982
20.271117,"[92.8809585571289, 4.4995269775390625, 0.0]","[112.97352600097656, 4.5, 0.0]",8.57936096207679,8.446876525878906,-0.3705978394292764,20.094993588119145,-0.1258592607232849,0.0,0.02278471738100052,0.0,0.02278471738100052
20.291417,"[93.05269622802734, 4.499526023864746, 0.0]","[113.14342498779297, 4.5, 0.0]",8.571884155432963,8.446155548095703,-0.37384033219129975,20.092567440652534,-0.13248443619788297,0.0,0.02298452891409397,0.0,0.02298452891409397
20.311511,"[93.22428131103516, 4.49952507019043, 0.0]","[113.31184387207031, 4.5, 0.0]",8.56434631363402,8.432209968566895,-0.37689208994713397,20.09072875664379,-0.1257286073372601,0.0,0.023171015083789825,0.0,0.023171015083789825
20.33186,"[93.39572143554688, 4.499524116516113, 0.0]","[113.48001861572266, 4.5, 0.0]",8.556427002111095,8.43186092376709,-0.39596557614629546,20.087562557907788,-0.13213634506712602,0.0,0.024340467527508736,0.0,0.024340467527508736
20.350014,"[93.56700897216797, 4.499523162841797, 0.0]","[113.64849090576172, 4.5, 0.0]",8.548450470130563,8.418164253234863,-0.39882659902659157,20.084297176884096,-0.1245660783440048,0.0,0.02452261373400688,0.0,0.02452261373400688
20.370047,"[93.7381362915039, 4.4995222091674805, 0.0]","[113.81713104248047, 4.5, 0.0]",8.540409088297507,8.41779613494873,-0.40206909165281246,20.081481930296274,-0.13028621689569952,0.0,0.024714531376957893,0.0,0.024714531376957893
20.391223,"[93.90910339355469, 4.499521255493164, 0.0]","[113.9862060546875, 4.5, 0.0]",8.53230285661196,8.404074668884277,-0.4053115842773458,20.07899474751258,-0.12261295334877609,0.0,0.024913037195801735,0.0,0.024913037195801735
20.411068,"[94.07991027832031, 4.499520301818848, 0.0]","[114.15357971191406, 4.5, 0.0]",8.524139404468235,8.40384578704834,-0.40817260718624127,20.077102657662774,-0.1282281877276823,0.0,0.025089628994464874,0.0,0.025089628994464874
20.431634,"[94.25055694580078, 4.499519348144531, 0.0]","[114.32483673095703, 4.5, 0.0]",8.516407013117899,8.393940925598145,-0.3866195675167994,20.073669429873206,-0.12029361741989497,0.0,0.023773102089762688,0.0,0.023773102089762688
20.451695,"[94.4210433959961, 4.499518394470215, 0.0]","[114.49264526367188, 4.5, 0.0]",8.508613586611407,8.387503623962402,-0.38967132532459203,20.07427978126419,-0.1224660875197543,0.0,0.02395036816596985,0.0,0.02395036816596985
20.472162,"[94.59136962890625, 4.499517440795898, 0.0]","[114.66132354736328, 4.5, 0.0]",8.500762939643547,8.38103199005127,-0.3925323483930043,20.071601863859875,-0.12110996264900464,0.0,0.02413352020084858,0.0,0.02413352020084858
20.491571,"[94.76154327392578, 4.499516487121582, 0.0]","[114.82555389404297, 4.5, 0.0]",8.492851257516074,8.374731063842773,-0.3955841063736365,20.069953914717143,-0.11973094959227737,0.0,0.02432049810886383,0.0,0.02432049810886383
20.51128,"[94.93154907226562, 4.499515533447266, 0.0]","[114.99286651611328, 4.5, 0.0]",8.48487854023256,8.368431091308594,-0.3986358641757448,20.064010616370965,-0.11812019367330073,0.0,0.024509480223059654,0.0,0.024509480223059654
20.531014,"[95.10140991210938, 4.499514579772949, 0.0]","[115.1603775024414, 4.5, 0.0]",8.476982116893916,8.362765312194824,-0.39482116693214664,20.061317440095017,-0.11644744892396552,0.0,0.024267949163913727,0.0,0.024267949163913727
20.551231,"[95.27111053466797, 4.499513626098633, 0.0]","[115.32744598388672, 4.5, 0.0]",8.469032287792944,8.3571138381958,-0.3974914550486375,20.05896758657297,-0.11421680469909212,0.0,0.024433724582195282,0.0,0.024433724582195282
20.572075,"[95.4406509399414, 4.499512672424316, 0.0]","[115.49838256835938, 4.5, 0.0]",8.461036682326972,8.351332664489746,-0.3997802732985889,20.05633544545327,-0.11191844959714281,0.0,0.024578601121902466,0.0,0.024578601121902466
20.591328,"[95.61003112792969, 4.49951171875, 0.0]","[115.6651611328125, 4.5, 0.0]",8.452991485795485,8.345690727233888,-0.4022598265743582,20.05773162464598,-0.10970401783722572,0.0,0.024729561060667038,0.0,0.024729561060667038
20.611361,"[95.77925109863281, 4.499510765075684, 0.0]","[115.82756805419922, 4.5, 0.0]",8.4448966981987,8.340322494506836,-0.40473937983920294,20.05513000110441,-0.10730075856159615,0.0,0.02488548494875431,0.0,0.02488548494875431
20.631509,"[95.94831085205078, 4.499509811401367, 0.0]","[115.99834442138672, 4.5, 0.0]",8.437236786090278,8.335395812988283,-0.38299560542114364,20.048316951781686,-0.10457420369186465,0.0,0.023546455428004265,0.0,0.023546455428004265
20.650841,"[96.1172103881836, 4.499508857727051, 0.0]","[116.16149139404297, 4.5, 0.0]",8.429519653522549,8.3306884765625,-0.3858566283864384,20.050033565544698,-0.10184097310199469,0.0,0.023719070479273796,0.0,0.023719070479273796
20.67104,"[96.28595733642578, 4.499507904052734, 0.0]","[116.3291244506836, 4.5, 0.0]",8.421745300495475,8.325852394104004,-0.3887176513536872,20.044281002061794,-0.09883117696004895,0.0,0.023892682045698166,0.0,0.023892682045698166
20.691535,"[96.45454406738281, 4.499506950378418, 0.0]","[116.4989242553711, 4.5, 0.0]",8.413925171103081,8.320953369140625,-0.39100646961971464,20.04316711036995,-0.0958929063914713,0.0,0.024040840566158295,0.0,0.024040840566158295
20.711514,"[96.62297821044922, 4.499505996704102, 0.0]","[116.66214752197266, 4.5, 0.0]",8.406063080037647,8.316365242004395,-0.3931045532716837,20.044380184093786,-0.09297180196245591,0.0,0.024169299751520157,0.0,0.024169299751520157
20.731439,"[96.791259765625, 4.499505043029785, 0.0]","[116.82807159423828, 4.5, 0.0]",8.398826599328734,8.312344551086426,-0.3618240354456681,20.039169307538028,-0.08969783803325271,0.0,0.022240549325942993,0.0,0.022240549325942993
20.751495,"[96.95938110351562, 4.499504089355469, 0.0]","[116.99711608886719, 4.5, 0.0]",8.39154052755603,8.308247566223145,-0.3643035886351953,20.03681182436539,-0.0864820482423081,0.0,0.022396666929125786,0.0,0.022396666929125786
20.770081,"[97.12735748291016, 4.499503135681152, 0.0]","[117.16111755371094, 4.5, 0.0]",8.384208679416858,8.30427360534668,-0.36659240695859907,20.037734981352727,-0.08329296133288544,0.0,0.022532012313604355,0.0,0.022532012313604355
20.791383,"[97.2951889038086, 4.499501705169678, 0.0]","[117.33035278320312, 4.5, 0.0]",8.376838684305278,8.300171852111816,-0.3684997555789771,20.03376006662463,-0.0799350740701783,0.0,0.022651998326182365,0.0,0.022651998326182365
20.811738,"[97.46287536621094, 4.499500274658203, 0.0]","[117.49571228027344, 4.5, 0.0]",8.369426727521864,8.296270370483398,-0.37059783917072764,20.035163875035373,-0.07666683219346204,0.0,0.02278294414281845,0.0,0.02278294414281845
20.831342,"[97.63040924072266, 4.4994988441467285, 0.0]","[117.66138458251953, 4.5, 0.0]",8.36275482200698,8.29286003112793,-0.3335952757441696,20.032836909692552,-0.07315635703846546,0.0,0.02051250822842121,0.0,0.02051250822842121
20.851175,"[97.79779815673828, 4.499497413635254, 0.0]","[117.82347106933594, 4.5, 0.0]",8.356040954824087,8.29285717010498,-0.33569335914469534,20.03097533750292,-0.06989479087905082,0.0,0.020632706582546234,0.0,0.020632706582546234
20.871616,"[97.96504974365234, 4.499495983123779, 0.0]","[117.99449920654297, 4.5, 0.0]",8.349292755366577,8.282669067382812,-0.337409972875502,20.025672907943115,-0.06318378471910613,0.0,0.020741716027259827,0.0,0.020741716027259827
20.892111,"[98.13217163085938, 4.499494552612305, 0.0]","[118.1597671508789, 4.5, 0.0]",8.342510223631908,8.285934448242188,-0.339126586733407,20.029449458488205,-0.06662368798376406,0.0,0.020844057202339172,0.0,0.020844057202339172
20.911357,"[98.29915618896484, 4.49949312210083, 0.0]","[118.32189178466797, 4.5, 0.0]",8.335697174320435,8.275986671447754,-0.34065246557366535,20.02759551551858,-0.05657577538972092,0.0,0.020939499139785767,0.0,0.020939499139785767
20.930929,"[98.46600341796875, 4.4994916915893555, 0.0]","[118.48773193359375, 4.5, 0.0]",8.329502105966883,8.279603958129883,-0.3097534176776051,20.02273559101439,-0.059710502872681204,0.0,0.019042210653424263,0.0,0.019042210653424263
20.951599,"[98.63272094726562, 4.499490261077881, 0.0]","[118.65262603759766, 4.5, 0.0]",8.323272705333371,8.269903182983398,-0.31147003167557585,20.021728511102125,-0.049898147837000195,0.0,0.01914449781179428,0.0,0.01914449781179428
20.970725,"[98.79930877685547, 4.499488830566406, 0.0]","[118.8178939819336, 4.5, 0.0]",8.317020416518705,8.273531913757324,-0.31261444073331646,20.01990508562053,-0.05336952234997305,0.0,0.019220342859625816,0.0,0.019220342859625816
20.991634,"[98.96577453613281, 4.499487400054932, 0.0]","[118.987548828125, 4.5, 0.0]",8.310741424827132,8.26374340057373,-0.3139495845786655,20.0185852001758,-0.04348850276138094,0.0,0.019300442188978195,0.0,0.019300442188978195
21.013131,"[99.13211822509766, 4.499485969543457, 0.0]","[119.15074157714844, 4.5, 0.0]",8.304435730254426,8.267423629760742,-0.3152847286353122,20.021774286896697,-0.04699802425340138,0.0,0.019383151084184647,0.0,0.019383151084184647
21.031381,"[99.29833221435547, 4.499484539031982, 0.0]","[119.3183364868164, 4.5, 0.0]",8.2992362978865,8.257752418518066,-0.2599716183962819,20.0186233470342,-0.03701210049368342,0.0,0.015986906364560127,0.0,0.015986906364560127
21.051824,"[99.46442413330078, 4.499483108520508, 0.0]","[119.48261260986328, 4.5, 0.0]",8.294013977333384,8.26147747039795,-0.26111602765581665,20.02000426752313,-0.04148387936843356,0.0,0.016056250780820847,0.0,0.016056250780820847
21.073261,"[99.63040924072266, 4.499481678009033, 0.0]","[119.6490249633789, 4.5, 0.0]",8.288772583292973,8.25182819366455,-0.2620697020205398,20.018188471612945,-0.03253650693543442,0.0,0.016112562268972397,0.0,0.016112562268972397
21.091514,"[99.7962875366211, 4.499480247497559, 0.0]","[119.81082153320312, 4.5, 0.0]",8.283515930462785,8.255597114562988,-0.2628326415093696,20.01861571778572,-0.03694438962842206,0.0,0.016159486025571823,0.0,0.016159486025571823
21.112809,"[99.96206665039062, 4.499478816986084, 0.0]","[119.97540283203125, 4.5, 0.0]",8.278781891160234,8.245955467224121,-0.23670196512757258,20.014533991700016,-0.027918815899797167,0.0,0.014557202346622944,0.0,0.014557202346622944
21.130653,"[100.12773895263672, 4.499477386474609, 0.0]","[120.14037322998047, 4.5, 0.0]",8.274028778369496,8.249507904052734,-0.2376556395368823,20.013336176472297,-0.0328264239361129,0.0,0.014605216681957245,0.0,0.014605216681957245
21.151693,"[100.2933120727539, 4.499475955963135, 0.0]","[120.3083267211914, 4.5, 0.0]",8.269264221488863,8.239667892456055,-0.23822784403169095,20.012634272070773,-0.024520874316761976,0.0,0.014651082456111908,0.0,0.014651082456111908
21.171692,"[100.45879364013672, 4.49947452545166, 0.0]","[120.47378540039062, 4.5, 0.0]",8.264492035212234,8.243210792541504,-0.23860931383143935,20.01501464324473,-0.029596329032807844,0.0,0.014670752920210361,0.0,0.014670752920210361
21.190345,"[100.62417602539062, 4.4994730949401855, 0.0]","[120.63545227050781, 4.5, 0.0]",8.259719848934505,8.233489990234375,-0.2386093138864176,20.014991755048943,-0.02128124267072984,0.0,0.014672085642814636,0.0,0.014672085642814636
21.211292,"[100.78946685791016, 4.499471664428711, 0.0]","[120.8025894165039, 4.5, 0.0]",8.255084991760508,8.236955642700195,-0.231742858699846,20.01127623990017,-0.026229858700130393,0.0,0.014242428354918957,0.0,0.014242428354918957
21.230269,"[100.95465850830078, 4.499470233917236, 0.0]","[120.9673843383789, 4.5, 0.0]",8.250442505193217,8.226912498474121,-0.2321243283645913,20.01312255327123,-0.01812934906031316,0.0,0.014266906306147575,0.0,0.014266906306147575
21.251637,"[101.11975860595703, 4.499468803405762, 0.0]","[121.13175201416016, 4.5, 0.0]",8.245800018626998,8.230213165283203,-0.23212432831094532,20.01272582474324,-0.023530006719095553,0.0,0.014275126159191132,0.0,0.014275126159191132
21.27229,"[101.2847671508789, 4.499467372894287, 0.0]","[121.29756927490234, 4.5, 0.0]",8.241157532058958,8.220149040222168,-0.2321243284019836,20.01199340276191,-0.015586853343794616,0.0,0.014272806234657764,0.0,0.014272806234657764
21.292105,"[101.4496841430664, 4.4994659423828125, 0.0]","[121.46257781982422, 4.5, 0.0]",8.236511230792543,8.22343635559082,-0.232315063320776,20.0128021184751,-0.0210084918367901,0.0,0.014286373741924763,0.0,0.014286373741924763
21.312368,"[101.61450958251953, 4.499464511871338, 0.0]","[121.62578582763672, 4.5, 0.0]",8.232280731529688,8.213386535644531,-0.2115249631427396,20.01289367100622,-0.013074875201722236,0.0,0.01300035696476698,0.0,0.01300035696476698
21.331001,"[101.77924346923828, 4.499463081359863, 0.0]","[121.78675079345703, 4.5, 0.0]",8.228050232262705,8.216537475585938,-0.21152496334915227,20.011276239352522,-0.018894195885156506,0.0,0.013004704378545284,0.0,0.013004704378545284
21.351704,"[101.94388580322266, 4.499461650848389, 0.0]","[121.95304107666016, 4.5, 0.0]",8.22381973300115,8.206236839294434,-0.21152496307772495,20.00750731863234,-0.01151275667676721,0.0,0.013002060353755951,0.0,0.013002060353755951
21.372202,"[102.10844421386719, 4.499460220336914, 0.0]","[122.11923217773438, 4.5, 0.0]",8.219593048437591,8.209274291992188,-0.21133422817793956,20.009155267453597,-0.017582893706716618,0.0,0.012996564619243145,0.0,0.012996564619243145
21.392052,"[102.27291870117188, 4.4994587898254395, 0.0]","[122.28340911865234, 4.5, 0.0]",8.215366363872045,8.202353477478027,-0.21133422827732673,20.010787957869688,-0.01031875644540392,0.0,0.012987560592591763,0.0,0.012987560592591763
21.411583,"[102.43730926513672, 4.499457359313965, 0.0]","[122.44658660888672, 4.5, 0.0]",8.211143494001984,8.195428848266602,-0.21114349350304096,20.010490411663262,-0.013012886394017542,0.0,0.012978569604456425,0.0,0.012978569604456425
21.430806,"[102.60161590576172, 4.49945592880249, 0.0]","[122.60750579833984, 4.5, 0.0]",8.20744323765643,8.198434829711914,-0.185012817277741,20.0092773379197,-0.015714645735382504,0.0,0.011370533145964146,0.0,0.011370533145964146
21.451686,"[102.76583862304688, 4.499454498291016, 0.0]","[122.77424621582031, 4.5, 0.0]",8.203742981310223,8.187973022460938,-0.18501281731033714,20.005889886734828,-0.009008407944515184,0.0,0.011373082175850868,0.0,0.011373082175850868
21.471439,"[102.92998504638672, 4.499453067779541, 0.0]","[122.93962097167969, 4.5, 0.0]",8.200042724963538,8.190877914428711,-0.18501281733422914,20.00840758691689,-0.015769958849285004,0.0,0.011375299654901028,0.0,0.011375299654901028
21.491466,"[103.09406280517578, 4.499451637268066, 0.0]","[123.1031265258789, 4.5, 0.0]",8.196342468617166,8.180489540100098,-0.1850128173185972,20.009635919423225,-0.009164810534826984,0.0,0.011379697360098362,0.0,0.011379697360098362
21.511797,"[103.25806427001953, 4.499450206756592, 0.0]","[123.26618957519531, 4.5, 0.0]",8.192371368764167,8.183419227600098,-0.19855499264993526,20.009063714722583,-0.01585292851706832,0.0,0.012201905250549316,0.0,0.012201905250549316
21.531502,"[103.42198944091797, 4.499448776245117, 0.0]","[123.42992401123047, 4.5, 0.0]",8.188407898302561,8.17286491394043,-0.19817352308031388,20.008125299279815,-0.008952141164069616,0.0,0.012177585624158382,0.0,0.012177585624158382
21.551037,"[103.5858383178711, 4.499447345733643, 0.0]","[123.59016418457031, 4.5, 0.0]",8.184452057236056,8.175729751586914,-0.19779205332524086,20.007934564403396,-0.015542984362131307,0.0,0.012160209938883781,0.0,0.012160209938883781
21.571577,"[103.74960327148438, 4.499445915222168, 0.0]","[123.75653076171875, 4.5, 0.0]",8.180500030870189,8.16511344909668,-0.19760131829338334,20.004325860777126,-0.008722305649142115,0.0,0.012147331610321999,0.0,0.012147331610321999
21.591211,"[103.91329193115234, 4.499444484710693, 0.0]","[123.92058563232422, 4.5, 0.0]",8.176551819203457,8.167888641357422,-0.1974105833365769,20.006927484299027,-0.015386581773508823,0.0,0.012140669859945774,0.0,0.012140669859945774
21.611533,"[104.076904296875, 4.499443054199219, 0.0]","[124.08038330078125, 4.5, 0.0]",8.172946930292197,8.157425880432129,-0.1802444455630159,20.007293694826735,-0.008663177846035097,0.0,0.011080247350037098,0.0,0.011080247350037098
21.631545,"[104.24043273925781, 4.499441623687744, 0.0]","[124.24653625488281, 4.5, 0.0]",8.169345856076315,8.160141944885254,-0.18005371079405919,20.003478997746782,-0.015521049860067748,0.0,0.011063681915402412,0.0,0.011063681915402412
21.651655,"[104.40389251708984, 4.4994401931762695, 0.0]","[124.40935516357422, 4.5, 0.0]",8.16574859655718,8.1496000289917,-0.17986297595680156,20.00610350945189,-0.009203911191061565,0.0,0.011055597104132175,0.0,0.011055597104132175
21.6715,"[104.56727600097656, 4.499438762664795, 0.0]","[124.57366943359375, 4.5, 0.0]",8.162151337037079,8.152359962463379,-0.17986297600502965,20.00546264029777,-0.01614856756548022,0.0,0.011053070425987244,0.0,0.011053070425987244
21.691732,"[104.7305908203125, 4.49943733215332, 0.0]","[124.73654174804688, 4.5, 0.0]",8.158561706911282,8.141817092895508,-0.17948150628983583,20.006393426417016,-0.00979137457369994,0.0,0.011031866073608398,0.0,0.011031866073608398
21.712234,"[104.89383697509766, 4.499435901641846, 0.0]","[124.90180969238281, 4.5, 0.0]",8.154922485720618,8.144551277160645,-0.18196105953318664,20.005950921520697,-0.016744614015774317,0.0,0.011181289330124855,0.0,0.011181289330124855
21.731225,"[105.0570068359375, 4.499434471130371, 0.0]","[125.06148529052734, 4.5, 0.0]",8.15128707922726,8.134076118469238,-0.1817703246679514,20.007972711057867,-0.010371208559973866,0.0,0.011176245287060738,0.0,0.011176245287060738
21.751265,"[105.22010803222656, 4.4994330406188965, 0.0]","[125.22422790527344, 4.5, 0.0]",8.147659302128485,8.136863708496094,-0.18138885493872436,20.004478448349186,-0.017210960758021088,0.0,0.011153670027852058,0.0,0.011153670027852058
21.77177,"[105.38313293457031, 4.499431610107422, 0.0]","[125.38797760009766, 4.5, 0.0]",8.144035339726557,8.129624366760254,-0.18119812009640412,20.004119866792706,-0.010795593632391132,0.0,0.011136137880384922,0.0,0.011136137880384922
21.791526,"[105.54608917236328, 4.499430179595947, 0.0]","[125.55050659179688, 4.5, 0.0]",8.140411377324218,8.125748634338379,-0.18119812011692105,20.004844659259618,-0.014410972966302893,0.0,0.011138563975691795,0.0,0.011138563975691795
21.811704,"[105.70896911621094, 4.499428749084473, 0.0]","[125.71234130859375, 4.5, 0.0]",8.136795044316234,8.121888160705566,-0.18081665039924033,20.004417413152368,-0.014662742985839472,0.0,0.01111773494631052,0.0,0.01111773494631052
21.831286,"[105.87178039550781, 4.499427318572998, 0.0]","[125.87447357177734, 4.5, 0.0]",8.132965088261304,8.118012428283693,-0.19149780274645423,20.003372186088107,-0.014906883610667165,0.0,0.01177339069545269,0.0,0.01177339069545269
21.850882,"[106.03451538085938, 4.499425888061523, 0.0]","[126.03368377685547, 4.5, 0.0]",8.129142761600955,8.11420726776123,-0.19111633301749364,20.00269316996133,-0.014952659977611304,0.0,0.011748228222131729,0.0,0.011748228222131729
21.87062,"[106.19717407226562, 4.499424457550049, 0.0]","[126.19949340820312, 4.5, 0.0]",8.125324249637716,8.110243797302246,-0.19092559816193955,19.999168389674526,-0.014935493839724145,0.0,0.011733795516192913,0.0,0.011733795516192913
21.891743,"[106.35975646972656, 4.499423027038574, 0.0]","[126.36235046386719, 4.5, 0.0]",8.121509552371787,8.106350898742676,-0.19073486329643785,20.00231932960227,-0.01508045233546973,0.0,0.01173029001802206,0.0,0.01173029001802206
21.911886,"[106.52226257324219, 4.4994215965271, 0.0]","[126.52435302734375, 4.5, 0.0]",8.117691040408436,8.102477073669434,-0.19092559816753507,20.002593987791858,-0.015158653629111285,0.0,0.011733544990420341,0.0,0.011733544990420341
21.930164,"[106.6846923828125, 4.499420166015625, 0.0]","[126.68362426757812, 4.5, 0.0]",8.113845825564516,8.098661422729492,-0.1922607421960265,20.002090447739292,-0.015213966739002771,0.0,0.01181857567280531,0.0,0.01181857567280531
21.951906,"[106.8470458984375, 4.49941873550415, 0.0]","[126.84760284423828, 4.5, 0.0]",8.110004425417477,8.094732284545898,-0.19207000735192992,19.99893187838997,-0.015184402835023647,0.0,0.011812838725745678,0.0,0.011812838725745678
21.971518,"[107.00932312011719, 4.499417304992676, 0.0]","[127.01068878173828, 4.5, 0.0]",8.106163025270526,8.090824127197266,-0.19207000734757784,20.000556939411528,-0.015272140871578799,0.0,0.01181325875222683,0.0,0.01181325875222683
21.991504,"[107.17152404785156, 4.499415874481201, 0.0]","[127.17223358154297, 4.5, 0.0]",8.10232543982102,8.086954116821289,-0.191879272475326,20.001365655218283,-0.015338898073260054,0.0,0.01179519109427929,0.0,0.01179519109427929
22.011536,"[107.33364868164062, 4.499414443969727, 0.0]","[127.3333511352539, 4.5, 0.0]",8.098491669071729,8.083091735839844,-0.1916885374645183,20.0007095272751,-0.015371322999730097,0.0,0.011787128634750843,0.0,0.011787128634750843
22.031559,"[107.49569702148438, 4.499413013458252, 0.0]","[127.49519348144531, 4.5, 0.0]",8.094646454232942,8.079204559326172,-0.19226074193934295,19.999702447080168,-0.015399933231885043,0.0,0.011824102140963078,0.0,0.011824102140963078
22.050817,"[107.65766906738281, 4.499411582946777, 0.0]","[127.65290832519531, 4.5, 0.0]",8.090797424698025,8.075416564941406,-0.1924514767458696,19.99949645320602,-0.01544189490677006,0.0,0.011829364113509655,0.0,0.011829364113509655
22.071586,"[107.81956481933594, 4.499410152435303, 0.0]","[127.81877899169922, 4.5, 0.0]",8.086944580469746,8.071433067321777,-0.19264221141392923,19.995239250728336,-0.015380859756618293,0.0,0.011838173493742943,0.0,0.011838173493742943
22.0919,"[107.98138427734375, 4.499408721923828, 0.0]","[127.98052215576172, 4.5, 0.0]",8.083095550938578,8.067548751831055,-0.19245147655837513,19.99921416526424,-0.015511513147968614,0.0,0.011826038360595703,0.0,0.011826038360595703
22.113369,"[108.14311981201172, 4.4994072914123535, 0.0]","[128.14169311523438, 4.5, 0.0]",8.079246521404508,8.063675880432129,-0.1924514767035035,19.999137871304264,-0.015546799107523768,0.0,0.01182809192687273,0.0,0.01182809192687273
22.131887,"[108.30477905273438, 4.499405860900879, 0.0]","[128.30262756347656, 4.5, 0.0]",8.075397491868793,8.05980110168457,-0.1924514767857488,19.998573296094317,-0.01557064097237948,0.0,0.01182859018445015,0.0,0.01182859018445015
22.151293,"[108.46636199951172, 4.499404430389404, 0.0]","[128.46337890625, 4.5, 0.0]",8.071556091726528,8.055931091308594,-0.19207000711327638,19.997848503599215,-0.015596390184223097,0.0,0.011809504590928555,0.0,0.011809504590928555
22.171607,"[108.62786865234375, 4.49940299987793, 0.0]","[128.62562561035156, 4.5, 0.0]",8.067718506280046,8.052024841308594,-0.1918792723240692,19.99701689958069,-0.015625000417934132,0.0,0.011799748055636883,0.0,0.011799748055636883
22.190992,"[108.78929901123047, 4.499401569366455, 0.0]","[128.7833251953125, 4.5, 0.0]",8.063880920832307,8.04822826385498,-0.19187927238695224,19.997756950835512,-0.015693664971452748,0.0,0.011796128936111927,0.0,0.011796128936111927
22.212426,"[108.95065307617188, 4.4994001388549805, 0.0]","[128.94532775878906, 4.5, 0.0]",8.060043335384016,8.044326782226564,-0.1918792724145746,19.99402617689526,-0.015652656977326984,0.0,0.011799638159573078,0.0,0.011799638159573078
22.231167,"[109.11193084716797, 4.499398708343506, 0.0]","[129.1077423095703, 4.5, 0.0]",8.056186676449128,8.043740272521973,-0.19283294674439233,19.994674675415713,-0.015716553157451685,0.0,0.0118535365909338,0.0,0.0118535365909338
22.251214,"[109.27313232421875, 4.499397277832031, 0.0]","[129.26815795898438, 4.5, 0.0]",8.052333832211454,8.033201217651367,-0.1926422118836868,19.995811455186143,-0.012446403927155458,0.0,0.011839641258120537,0.0,0.011839641258120537
22.271621,"[109.43425750732422, 4.499395847320557, 0.0]","[129.43016052246094, 4.5, 0.0]",8.0484848026708,8.035959243774414,-0.19245147703275123,19.995025627534798,-0.01913261456008719,0.0,0.011829670518636703,0.0,0.011829670518636703
22.290831,"[109.59530639648438, 4.499394416809082, 0.0]","[129.59222412109375, 4.5, 0.0]",8.044635773130045,8.02538013458252,-0.19245147703772503,19.99590300789118,-0.012525558896385292,0.0,0.011833369731903076,0.0,0.011833369731903076
22.315404,"[109.75627899169922, 4.499392986297607, 0.0]","[129.7489776611328, 4.5, 0.0]",8.040615082212046,8.028264045715332,-0.2010345458999474,19.996917717349113,-0.019255638547525322,0.0,0.01235472783446312,0.0,0.01235472783446312
22.331273,"[109.91717529296875, 4.499391555786133, 0.0]","[129.90834045410156, 4.5, 0.0]",8.036594391293908,8.017740249633789,-0.2010345459068752,19.99269866215889,-0.012351036496713874,0.0,0.012359595857560635,0.0,0.012359595857560635
22.351789,"[110.07798767089844, 4.499390125274658, 0.0]","[130.0714874267578, 4.5, 0.0]",8.032577515072651,8.020462036132812,-0.20084381106286742,19.991165153843518,-0.01885414166011934,0.0,0.01234309934079647,0.0,0.01234309934079647
22.371997,"[110.23871612548828, 4.499388694763184, 0.0]","[130.23284912109375, 4.5, 0.0]",8.028564453548839,8.00989055633545,-0.20065307619061556,19.993499748555294,-0.012115478939838553,0.0,0.012334435246884823,0.0,0.012334435246884823
22.391155,"[110.39936828613281, 4.499387264251709, 0.0]","[130.3896484375, 4.5, 0.0]",8.024551392024573,8.012764930725098,-0.20065307621326411,19.994132988286683,-0.018673897213389523,0.0,0.012330492958426476,0.0,0.012330492958426476
22.411205,"[110.5599365234375, 4.499385833740234, 0.0]","[130.54949951171875, 4.5, 0.0]",8.020881653254273,8.002228736877441,-0.18348693851502063,19.99028014403394,-0.011786461299475803,0.0,0.011279919184744358,0.0,0.011279919184744358
22.431231,"[110.72042846679688, 4.49938440322876, 0.0]","[130.712646484375, 4.5, 0.0]",8.01720809978724,8.004940032958984,-0.18367767335165652,19.989562980933375,-0.01865291637683164,0.0,0.011292013339698315,0.0,0.011292013339698315
22.451476,"[110.88084411621094, 4.499382972717285, 0.0]","[130.87245178222656, 4.5, 0.0]",8.013538361017556,7.99439811706543,-0.18348693848420083,19.992218010215442,-0.012268066828255542,0.0,0.011282647959887981,0.0,0.011282647959887981
22.47158,"[111.04119110107422, 4.4993815422058105, 0.0]","[131.033447265625, 4.5, 0.0]",8.009868622247833,7.997159957885742,-0.18348693848615483,19.99160765863831,-0.019140243952126212,0.0,0.01128082349896431,0.0,0.01128082349896431
22.491807,"[111.20146179199219, 4.499380111694336, 0.0]","[131.19020080566406, 4.5, 0.0]",8.006198883477778,7.986692905426025,-0.18348693850276376,19.99225615715876,-0.012708664362090616,0.0,0.011283685453236103,0.0,0.011283685453236103
22.51057,"[111.36165618896484, 4.499378681182861, 0.0]","[131.34976196289062, 4.5, 0.0]",8.00250625652458,7.989487648010254,-0.18463134765989153,19.988739006265373,-0.019505978051752138,0.0,0.01135594304651022,0.0,0.01135594304651022
22.531532,"[111.52178192138672, 4.499377250671387, 0.0]","[131.50970458984375, 4.5, 0.0]",7.9988136295714485,7.978933811187744,-0.18463134765656086,19.988105766504642,-0.013018608514325791,0.0,0.011348184198141098,0.0,0.011348184198141098
22.55148,"[111.68183135986328, 4.499375820159912, 0.0]","[131.67225646972656, 4.5, 0.0]",7.995122909969371,7.9816484451293945,-0.18453598010386152,19.987922660910847,-0.01987981838370434,0.0,0.011346723884344101,0.0,0.011346723884344101
22.570154,"[111.84180450439453, 4.4993743896484375, 0.0]","[131.82884216308594, 4.5, 0.0]",7.991437912411978,7.971175670623779,-0.18424987786964664,19.990425102412686,-0.013474464839976719,0.0,0.011327187530696392,0.0,0.011327187530696392
22.590655,"[112.001708984375, 4.499372959136963, 0.0]","[131.991455078125, 4.5, 0.0]",7.98775672955156,7.973888874053955,-0.18405914302093151,19.987037651226323,-0.02026224178819902,0.0,0.011318407952785492,0.0,0.011318407952785492
22.61224,"[112.16153717041016, 4.499371528625488, 0.0]","[132.15028381347656, 4.5, 0.0]",7.984075546690557,7.963359832763674,-0.18405914305015258,19.989746086270106,-0.013867855497604609,0.0,0.011316868476569653,0.0,0.011316868476569653
22.631703,"[112.3212890625, 4.499370098114014, 0.0]","[132.3096466064453, 4.5, 0.0]",7.980031967589746,7.966142654418945,-0.20217895504051064,19.9887466355719,-0.020715713926882984,0.0,0.01242702268064022,0.0,0.01242702268064022
22.651355,"[112.48097229003906, 4.499368667602539, 0.0]","[132.46873474121094, 4.5, 0.0]",7.975994110534707,7.955599308013916,-0.20189285275198365,19.98835753643616,-0.01388931317080111,0.0,0.012411510571837425,0.0,0.012411510571837425
22.670264,"[112.64057159423828, 4.4993672370910645, 0.0]","[132.6260223388672, 4.5, 0.0]",7.971958160828081,7.958432674407959,-0.20179748533126762,19.987762443648087,-0.020394802520790734,0.0,0.012403695844113827,0.0,0.012403695844113827
22.690813,"[112.80009460449219, 4.49936580657959, 0.0]","[132.78811645507812, 4.5, 0.0]",7.967922211121509,7.947816848754883,-0.2017974853286031,19.98545073709057,-0.013525486420122412,0.0,0.012404188513755798,0.0,0.012404188513755798
22.712728,"[112.95953369140625, 4.499364376068115, 0.0]","[132.95152282714844, 4.5, 0.0]",7.96387863202016,7.950498580932617,-0.20217895506746686,19.9880218430328,-0.020105362366626522,0.0,0.012429128400981426,0.0,0.012429128400981426
22.730199,"[113.11888885498047, 4.499362945556641, 0.0]","[133.10531616210938, 4.5, 0.0]",7.959831238221379,7.943408966064453,-0.20236968993905258,19.991989128174172,-0.01338005108754281,0.0,0.012439306825399399,0.0,0.012439306825399399
22.751916,"[113.27816772460938, 4.499361515045166, 0.0]","[133.26210021972656, 4.5, 0.0]",7.9557800297286025,7.939578533172608,-0.20256042463882018,19.986427299546516,-0.01642227215692582,0.0,0.01245126686990261,0.0,0.01245126686990261
22.771731,"[113.43736267089844, 4.499360084533691, 0.0]","[133.4239501953125, 4.5, 0.0]",7.951732635931482,7.935625076293945,-0.2023696898560079,19.983932487181757,-0.016201496555994233,0.0,0.012440698221325874,0.0,0.012440698221325874
22.791476,"[113.59648132324219, 4.499358654022217, 0.0]","[133.58261108398438, 4.5, 0.0]",7.947687149479078,7.93174934387207,-0.2022743226202106,19.98658751668966,-0.016107559637537072,0.0,0.01243672426789999,0.0,0.01243672426789999
22.8112,"[113.7555160522461, 4.499357223510742, 0.0]","[133.7375946044922, 4.5, 0.0]",7.9436416630276705,7.927961826324463,-0.2022743225703838,19.986129753115815,-0.01593780560700786,0.0,0.012436357326805592,0.0,0.012436357326805592
22.831352,"[113.91446685791016, 4.499355792999268, 0.0]","[133.89588928222656, 4.5, 0.0]",7.9398021702288615,7.92408561706543,-0.19197463994045094,19.982078544605265,-0.015679836703207606,0.0,0.011800126172602177,0.0,0.011800126172602177
22.851281,"[114.0733413696289, 4.499354362487793, 0.0]","[134.0541229248047, 4.5, 0.0]",7.935958862733502,7.920210838317871,-0.192165374767983,19.981422416660944,-0.01571655316343179,0.0,0.011811082251369953,0.0,0.011811082251369953
22.871173,"[114.23213958740234, 4.499352931976318, 0.0]","[134.21253967285156, 4.5, 0.0]",7.932111740540794,7.9163312911987305,-0.1923561096353943,19.980781547505686,-0.015748024415630724,0.0,0.011825239285826683,0.0,0.011825239285826683
22.891143,"[114.39086151123047, 4.499351501464844, 0.0]","[134.3717498779297, 4.5, 0.0]",7.928260803650605,7.912432670593262,-0.1925468445094669,19.980400077764475,-0.015780449342063463,0.0,0.011839753948152065,0.0,0.011839753948152065
22.912439,"[114.54950714111328, 4.499350070953369, 0.0]","[134.53408813476562, 4.5, 0.0]",7.9244117741090365,7.908455371856691,-0.1924514770784036,19.98088835899978,-0.015828133057342875,0.0,0.011830818839371204,0.0,0.011830818839371204
22.930874,"[114.70806884765625, 4.4993486404418945, 0.0]","[134.68881225585938, 4.5, 0.0]",7.920579910705384,7.904657363891603,-0.19159317018262456,19.98458098593805,-0.015956402252345292,0.0,0.011779002845287323,0.0,0.011779002845287323
22.951742,"[114.8665542602539, 4.49934720993042, 0.0]","[134.845458984375, 4.5, 0.0]",7.9167480473015575,7.900811672210693,-0.1915931701913287,19.98074340047436,-0.01592254681378069,0.0,0.011779856868088245,0.0,0.011779856868088245
22.971451,"[115.02496337890625, 4.499345779418945, 0.0]","[135.00587463378906, 4.5, 0.0]",7.912914276549249,7.896873950958252,-0.19168853761541982,19.978904716377762,-0.015936375090864097,0.0,0.011785658076405525,0.0,0.011785658076405525
22.991383,"[115.18329620361328, 4.499344348907471, 0.0]","[135.16571044921875, 4.5, 0.0]",7.909076691099509,7.892950057983398,-0.19187927248700554,19.980911247124705,-0.016040325590997107,0.0,0.011793602257966995,0.0,0.011793602257966995
23.01118,"[115.341552734375, 4.499342918395996, 0.0]","[135.31985473632812, 4.5, 0.0]",7.905244827695661,7.889164447784424,-0.19159317019239452,19.982414237832618,-0.01612663311611051,0.0,0.011779747903347015,0.0,0.011779747903347015
23.031051,"[115.4997329711914, 4.4993414878845215, 0.0]","[135.4786834716797, 4.5, 0.0]",7.9014015202002135,7.885256290435791,-0.1921653747723795,19.97830199416582,-0.01608037991123723,0.0,0.011812318116426468,0.0,0.011812318116426468
23.052164,"[115.6578369140625, 4.499340057373047, 0.0]","[135.63839721679688, 4.5, 0.0]",7.8975601200564585,7.881326198577881,-0.19207000718775014,19.978950492686277,-0.016145229764422453,0.0,0.011810475029051304,0.0,0.011810475029051304
23.072568,"[115.81586456298828, 4.499338626861572, 0.0]","[135.79644775390625, 4.5, 0.0]",7.893724441957548,7.877436637878418,-0.19178390494554165,19.980560294917616,-0.016233921478577606,0.0,0.01178929302841425,0.0,0.01178929302841425
23.091443,"[115.97381591796875, 4.499337196350098, 0.0]","[135.95431518554688, 4.5, 0.0]",7.889892578555268,7.873551845550538,-0.19159317011396837,19.98058318297102,-0.016287804079129664,0.0,0.011777905747294426,0.0,0.011777905747294426
23.111314,"[116.1316909790039, 4.499335765838623, 0.0]","[136.1086883544922, 4.5, 0.0]",7.88606262250134,7.8697509765625,-0.19149780269640537,19.980499259732035,-0.016340733004730268,0.0,0.011773137375712395,0.0,0.011773137375712395
23.131388,"[116.28948974609375, 4.499334335327148, 0.0]","[136.26547241210938, 4.5, 0.0]",7.88221931500353,7.8658833503723145,-0.19216537489050722,19.97699736751181,-0.016311645938840158,0.0,0.011812984012067318,0.0,0.011812984012067318
23.151098,"[116.44721221923828, 4.499332904815674, 0.0]","[136.42567443847656, 4.5, 0.0]",7.878374100158299,7.865264415740967,-0.19226074226152967,19.975982658024353,-0.01633596463121556,0.0,0.011819751933217049,0.0,0.011819751933217049
23.171398,"[116.6048583984375, 4.499331474304199, 0.0]","[136.58395385742188, 4.5, 0.0]",7.874532700010693,7.854693412780762,-0.19207000738030722,19.978462211348297,-0.013109684417332623,0.0,0.011806287802755833,0.0,0.011806287802755833
23.191371,"[116.7624282836914, 4.499330043792725, 0.0]","[136.7409210205078, 4.5, 0.0]",7.870693207212124,7.857487201690674,-0.19197463992846053,19.979095451079694,-0.019839287229931557,0.0,0.011801467277109623,0.0,0.011801467277109623
23.211543,"[116.919921875, 4.49932861328125, 0.0]","[136.89747619628906, 4.5, 0.0]",7.866853714413908,7.846957206726074,-0.19197463991078578,19.978492728897088,-0.013206005521450237,0.0,0.011802064254879951,0.0,0.011802064254879951
23.230604,"[117.07733917236328, 4.499327182769775, 0.0]","[137.05140686035156, 4.5, 0.0]",7.862838745541085,7.849816799163818,-0.2007484436411744,19.977554313355128,-0.01989650768783413,0.0,0.01233991514891386,0.0,0.01233991514891386
23.251878,"[117.23467254638672, 4.499325752258301, 0.0]","[137.21133422851562, 4.5, 0.0]",7.85882186932297,7.839195728302004,-0.20084381090574865,19.97406768003986,-0.013021946377266502,0.0,0.012346300296485424,0.0,0.012346300296485424
23.271422,"[117.39192962646484, 4.499324321746826, 0.0]","[137.36912536621094, 4.5, 0.0]",7.854810715149824,7.841959476470947,-0.2005577086572785,19.97666167381292,-0.01962614102096616,0.0,0.012331513687968254,0.0,0.012331513687968254
23.291361,"[117.54910278320312, 4.499322891235352, 0.0]","[137.52279663085938, 4.5, 0.0]",7.8508014683243665,7.831492900848389,-0.20046234127288898,19.97719573165075,-0.012851238678877053,0.0,0.012324600480496883,0.0,0.012324600480496883
23.311694,"[117.7061996459961, 4.499321460723877, 0.0]","[137.67906188964844, 4.5, 0.0]",7.84680366559065,7.834292888641357,-0.199890136685843,19.97369383966385,-0.019308567475977867,0.0,0.012290527112782001,0.0,0.012290527112782001
23.331163,"[117.86321258544922, 4.499320030212402, 0.0]","[137.8356475830078, 4.5, 0.0]",7.842803955504837,7.823744773864746,-0.199985504290634,19.97286223552752,-0.012510776949292257,0.0,0.012294575572013855,0.0,0.012294575572013855
23.351551,"[118.02014923095703, 4.499318599700928, 0.0]","[137.99183654785156, 4.5, 0.0]",7.838802338071626,7.826539039611816,-0.20008087166054622,19.97243498953692,-0.019059181640090905,0.0,0.012301349081099033,0.0,0.012301349081099033
23.371879,"[118.177001953125, 4.499317169189453, 0.0]","[138.152587890625, 4.5, 0.0]",7.834796905941535,7.815887451171875,-0.200271606504554,19.97168730885823,-0.012263298459809668,0.0,0.012312103994190693,0.0,0.012312103994190693
23.391818,"[118.33377838134766, 4.4993157386779785, 0.0]","[138.3090057373047, 4.5, 0.0]",7.830787659114693,7.818675994873047,-0.20046234134207808,19.97558592944883,-0.018909454769659995,0.0,0.012323707342147827,0.0,0.012323707342147827
23.412124,"[118.49047088623047, 4.499314308166504, 0.0]","[138.46481323242188, 4.5, 0.0]",7.827140808528427,7.808145046234131,-0.1823425293133063,19.97522734789121,-0.012111664241646558,0.0,0.011207841336727142,0.0,0.011207841336727142
23.430621,"[118.64708709716797, 4.499312877655029, 0.0]","[138.61985778808594, 4.5, 0.0]",7.823493957942166,7.810957908630371,-0.18234252931308426,19.974342338110965,-0.018995762294296448,0.0,0.011210431344807148,0.0,0.011210431344807148
23.45286,"[118.80362701416016, 4.499311447143555, 0.0]","[138.7763671875, 4.5, 0.0]",7.8198452000069105,7.8004021644592285,-0.1824378967627549,19.97277068282294,-0.012536049311794528,0.0,0.011216424405574799,0.0,0.011216424405574799
23.476196,"[118.96009826660156, 4.49931001663208, 0.0]","[138.93321228027344, 4.5, 0.0]",7.816192627374387,7.8031697273254395,-0.18262863162616938,19.972740165230153,-0.019443035547682008,0.0,0.011227361857891083,0.0,0.011227361857891083
23.492748,"[119.11649322509766, 4.4993085861206055, 0.0]","[139.08653259277344, 4.5, 0.0]",7.812536240044409,7.792693614959717,-0.18281936649890973,19.973114005547497,-0.013022900048947683,0.0,0.01124028954654932,0.0,0.01124028954654932
23.512489,"[119.27281951904297, 4.499307155609131, 0.0]","[139.24542236328125, 4.5, 0.0]",7.80884552044274,7.795408725738525,-0.18453598008343342,19.970039359536898,-0.019842625084692145,0.0,0.011345233768224716,0.0,0.011345233768224716
23.532701,"[119.42906951904297, 4.499305725097656, 0.0]","[139.4013214111328, 4.5, 0.0]",7.805164337585914,7.784858703613281,-0.18405914284129743,19.972602836084597,-0.013436794704214883,0.0,0.011317444033920765,0.0,0.011317444033920765
23.552362,"[119.58524322509766, 4.499304294586182, 0.0]","[139.5570068359375, 4.5, 0.0]",7.801486969427922,7.7876458168029785,-0.18386840789963443,19.972251883318503,-0.020305633972633075,0.0,0.01130099967122078,0.0,0.01130099967122078
23.571248,"[119.74134826660156, 4.499302864074707, 0.0]","[139.71060180664062, 4.5, 0.0]",7.797813415965079,7.777152538299562,-0.18367767314213523,19.971763602295557,-0.01384115262494312,0.0,0.011292845010757446,0.0,0.011292845010757446
23.591619,"[119.89736938476562, 4.499301433563232, 0.0]","[139.86866760253906, 4.5, 0.0]",7.794147491895695,7.779880523681641,-0.1832962034692187,19.96925353147968,-0.020660877665516608,0.0,0.011268516071140766,0.0,0.011268516071140766
23.611932,"[120.05332946777344, 4.499300003051758, 0.0]","[140.02394104003906, 4.5, 0.0]",7.790485382523024,7.769343852996826,-0.1831054686335154,19.971298209198697,-0.014266968214053932,0.0,0.011256633326411247,0.0,0.011256633326411247
23.631382,"[120.20921325683594, 4.499298572540283, 0.0]","[140.17872619628906, 4.5, 0.0]",7.786453247514556,7.772144317626953,-0.20160675042339982,19.970611563675686,-0.021141529526198077,0.0,0.01239523384720087,0.0,0.01239523384720087
23.651244,"[120.36502075195312, 4.499297142028809, 0.0]","[140.33087158203125, 4.5, 0.0]",7.782428741900487,7.765010833740234,-0.20122528070345425,19.96951293096956,-0.014308929887603128,0.0,0.012368145398795605,0.0,0.012368145398795605
23.671217,"[120.520751953125, 4.499295711517334, 0.0]","[140.4872589111328, 4.5, 0.0]",7.778409958332267,7.761104583740234,-0.20093917841101927,19.965850821579714,-0.017417908160252793,0.0,0.012353434227406979,0.0,0.012353434227406979
23.6917,"[120.67639923095703, 4.499294281005859, 0.0]","[140.6455535888672, 4.5, 0.0]",7.77439308211219,7.757151126861572,-0.20084381100384796,19.966506949494317,-0.017305374592032408,0.0,0.012347175739705563,0.0,0.012347175739705563
23.712678,"[120.83197021484375, 4.499292850494385, 0.0]","[140.8015594482422, 4.5, 0.0]",7.770534515828328,7.753252506256104,-0.19292831419308598,19.96915434938147,-0.017241955250617558,0.0,0.011863370425999165,0.0,0.011863370425999165
23.731586,"[120.98745727539062, 4.49929141998291, 0.0]","[140.952392578125, 4.5, 0.0]",7.76667213484693,7.749475955963135,-0.19311904906991195,19.969589224732363,-0.0172820095722237,0.0,0.01187429390847683,0.0,0.01187429390847683
23.7523,"[121.14286804199219, 4.4992899894714355, 0.0]","[141.10972595214844, 4.5, 0.0]",7.762804031819881,7.745535850524902,-0.19340515135244374,19.964935294053326,-0.0171961788837951,0.0,0.011890608817338943,0.0,0.011890608817338943
23.772896,"[121.29820251464844, 4.499288558959961, 0.0]","[141.2657928466797, 4.5, 0.0]",7.758930206747072,7.741628170013428,-0.19369125364043782,19.966857901459854,-0.017268181294978646,0.0,0.01190870814025402,0.0,0.01190870814025402
23.79016,"[121.45346069335938, 4.499287128448486, 0.0]","[141.4176788330078, 4.5, 0.0]",7.755058289023215,7.7378249168396,-0.1935958861928544,19.967590323319573,-0.0173020367336445,0.0,0.011904207989573479,0.0,0.011904207989573479
23.811584,"[121.608642578125, 4.499285697937012, 0.0]","[141.57472229003906, 4.5, 0.0]",7.751190185999189,7.733891010284424,-0.19340515120132018,19.96421813055039,-0.017233372183615536,0.0,0.011888699606060982,0.0,0.011888699606060982
23.831111,"[121.76374053955078, 4.499283790588379, 0.0]","[141.72938537597656, 4.5, 0.0]",7.747320175621474,7.730008125305177,-0.19350051888573638,19.96607970292441,-0.017299175714764914,0.0,0.011894133873283863,0.0,0.011894133873283863
23.851833,"[121.91876220703125, 4.499281883239746, 0.0]","[141.88356018066406, 4.5, 0.0]",7.743448257898287,7.726138114929201,-0.19359588615937007,19.965644827663418,-0.017312050316297345,0.0,0.011904275044798851,0.0,0.011904275044798851
23.872426,"[122.0737075805664, 4.499279975891113, 0.0]","[142.0393829345703, 4.5, 0.0]",7.739572525473853,7.722226619720459,-0.1937866212216921,19.964797964601587,-0.017310142969085618,0.0,0.011916123330593109,0.0,0.011916123330593109
23.89138,"[122.22857666015625, 4.4992780685424805, 0.0]","[142.19375610351562, 4.5, 0.0]",7.735698700401864,7.718351364135744,-0.1936912535994484,19.965675345200907,-0.017345905753393787,0.0,0.011905645951628685,0.0,0.011905645951628685
23.912196,"[122.38336944580078, 4.499276638031006, 0.0]","[142.34608459472656, 4.5, 0.0]",7.731826782674754,7.7145256996154785,-0.19359588635547986,19.965179434286473,-0.01734733626611984,0.0,0.01190218422561884,0.0,0.01190218422561884
23.930849,"[122.5380859375, 4.499274730682373, 0.0]","[142.49827575683594, 4.5, 0.0]",7.727952957603272,7.710695743560791,-0.1936912535740909,19.96271514008739,-0.01730108305927569,0.0,0.011909425258636475,0.0,0.011909425258636475
23.951633,"[122.6927261352539, 4.499273300170898, 0.0]","[142.65576171875, 4.5, 0.0]",7.7240772251794105,7.706732273101807,-0.19378662119309276,19.960189810226886,-0.017257214042481372,0.0,0.011915636248886585,0.0,0.011915636248886585
23.972171,"[122.84728240966797, 4.499271869659424, 0.0]","[142.81094360351562, 4.5, 0.0]",7.72019767806211,7.702826976776124,-0.19397735586501597,19.96303557462213,-0.017344952077603892,0.0,0.01192435622215271,0.0,0.01192435622215271
23.990949,"[123.00176239013672, 4.499270439147949, 0.0]","[142.96177673339844, 4.5, 0.0]",7.716321945638221,7.699031352996826,-0.19378662119446943,19.96366118470716,-0.01737070128598628,0.0,0.011911533772945404,0.0,0.011911533772945404
24.011803,"[123.15616607666016, 4.499269008636475, 0.0]","[143.11830139160156, 4.5, 0.0]",7.712448120567231,7.695090293884277,-0.19369125354948835,19.960014334357446,-0.017290592641394653,0.0,0.01190642174333334,0.0,0.01190642174333334
24.031311,"[123.31049346923828, 4.499267578125, 0.0]","[143.2693634033203, 4.5, 0.0]",7.708574295491948,7.69127893447876,-0.19369125376416108,19.96213530576976,-0.017357826682953714,0.0,0.011909767054021358,0.0,0.011909767054021358
24.051425,"[123.4647445678711, 4.499266147613525, 0.0]","[143.42291259765625, 4.5, 0.0]",7.704698563071552,7.6874051094055185,-0.19378662101980915,19.95886992514735,-0.01729536101318807,0.0,0.011915397830307484,0.0,0.011915397830307484
24.071799,"[123.6189193725586, 4.499264717102051, 0.0]","[143.58079528808594, 4.5, 0.0]",7.700819015950003,7.686755180358887,-0.19397735607742383,19.95816802058251,-0.017293453666033187,0.0,0.011923921294510365,0.0,0.011923921294510365
24.091399,"[123.77301025390625, 4.499263286590576, 0.0]","[143.73391723632812, 4.5, 0.0]",7.69694328352962,7.676225185394287,-0.193786621019143,19.96187590656201,-0.014063835591116458,0.0,0.01191120594739914,0.0,0.01191120594739914
24.113316,"[123.9270248413086, 4.499261856079102, 0.0]","[143.88497924804688, 4.5, 0.0]",7.693069458453969,7.679079055786133,-0.19369125378254637,19.960906973187825,-0.020718098135333207,0.0,0.011906348168849945,0.0,0.011906348168849945
24.131859,"[124.08096313476562, 4.499260425567627, 0.0]","[144.04078674316406, 4.5, 0.0]",7.689357758019279,7.668471813201904,-0.18558502173453562,19.957954397742693,-0.013990402667836577,0.0,0.011412092484533787,0.0,0.011412092484533787
24.151842,"[124.23482513427734, 4.499258995056152, 0.0]","[144.1939697265625, 4.5, 0.0]",7.685649872283221,7.671263694763184,-0.18539428680286463,19.959823599005535,-0.02088594481737438,0.0,0.011396223679184914,0.0,0.011396223679184914
24.170987,"[124.38861083984375, 4.499257564544678, 0.0]","[144.3453369140625, 4.5, 0.0]",7.681943893894078,7.660768508911133,-0.18529891945715526,19.959144582876483,-0.01438617752003779,0.0,0.011390019208192825,0.0,0.011390019208192825
24.191118,"[124.54232025146484, 4.499255657196045, 0.0]","[144.50137329101562, 4.5, 0.0]",7.678237915504133,7.663488388061523,-0.18529891949725652,19.956726064794413,-0.021175384982945467,0.0,0.011390230618417263,0.0,0.011390230618417263
24.211096,"[124.69596099853516, 4.499253749847412, 0.0]","[144.65380859375, 4.5, 0.0]",7.674530029764082,7.652965068817139,-0.18539428700257155,19.959053030105224,-0.014749527442609711,0.0,0.011397842317819595,0.0,0.011397842317819595
24.231326,"[124.84952545166016, 4.499251842498779, 0.0]","[144.8036346435547, 4.5, 0.0]",7.670473099226595,7.655831813812256,-0.20284652687432292,19.95784758549009,-0.021564960946943046,0.0,0.012472352012991905,0.0,0.012472352012991905
24.251597,"[125.00301361083984, 4.4992499351501465, 0.0]","[144.95986938476562, 4.5, 0.0]",7.666419983384777,7.645203590393068,-0.20265579209093332,19.95410918227795,-0.0146412854143394,0.0,0.012456056661903858,0.0,0.012456056661903858
24.272416,"[125.15642547607422, 4.499248027801514, 0.0]","[145.11404418945312, 4.5, 0.0]",7.6623706822389765,7.647960662841797,-0.2024650572900022,19.956855764287692,-0.02121639299170841,0.0,0.012448261491954327,0.0,0.012448261491954327
24.292161,"[125.30975341796875, 4.499246120452881, 0.0]","[145.26708984375, 4.5, 0.0]",7.658321381092763,7.637413501739502,-0.20246505731069675,19.957618703719437,-0.014410019397179674,0.0,0.01244581863284111,0.0,0.01244581863284111
24.313578,"[125.46299743652344, 4.499244213104248, 0.0]","[145.4176788330078, 4.5, 0.0]",7.654268265252226,7.640259265899658,-0.20265579202685124,19.957336416100464,-0.02090787935326066,0.0,0.012455884367227554,0.0,0.012455884367227554
24.331122,"[125.61616516113281, 4.499242305755615, 0.0]","[145.56893920898438, 4.5, 0.0]",7.6502132420623425,7.6297478675842285,-0.20275115949415223,19.954681386520992,-0.014008999352567386,0.0,0.012462782673537731,0.0,0.012462782673537731
24.352365,"[125.76924896240234, 4.499240398406982, 0.0]","[145.7242431640625, 4.5, 0.0]",7.646163940913468,7.632465839385986,-0.20246505744374588,19.952774037997607,-0.02046537447811403,0.0,0.012448425404727459,0.0,0.012448425404727459
24.370848,"[125.92225646972656, 4.49923849105835, 0.0]","[145.8748779296875, 4.5, 0.0]",7.642116547113633,7.6219706535339355,-0.20236968999172156,19.954994191784472,-0.013698101527481299,0.0,0.01244185771793127,0.0,0.01244185771793127
24.392105,"[126.07518005371094, 4.499236583709717, 0.0]","[146.03028869628906, 4.5, 0.0]",7.638069153314596,7.624685764312744,-0.20236968995184235,19.95262145019511,-0.02014589357969765,0.0,0.01244001928716898,0.0,0.01244001928716898
24.411284,"[126.22801971435547, 4.499234676361084, 0.0]","[146.18214416503906, 4.5, 0.0]",7.634019852166636,7.614157199859619,-0.2024650573980047,19.955108632790807,-0.013383389001852208,0.0,0.012444128282368183,0.0,0.012444128282368183
24.432113,"[126.38078308105469, 4.499232769012451, 0.0]","[146.3310089111328, 4.5, 0.0]",7.630022049431715,7.617029666900635,-0.1998901367460615,19.954124440875002,-0.019862652307017115,0.0,0.012290923856198788,0.0,0.012290923856198788
24.452689,"[126.53346252441406, 4.499230861663818, 0.0]","[146.48655700683594, 4.5, 0.0]",7.626020431999771,7.606399059295654,-0.2000808715972191,19.950225820248445,-0.01299238253108026,0.0,0.012302795425057411,0.0,0.012302795425057411
24.470517,"[126.68606567382812, 4.4992289543151855, 0.0]","[146.6399688720703, 4.5, 0.0]",7.622013092521581,7.609155178070068,-0.20036697390946046,19.953094472570683,-0.019621372704116347,0.0,0.012315517291426659,0.0,0.012315517291426659
24.492336,"[126.83858489990234, 4.499227046966553, 0.0]","[146.79225158691406, 4.5, 0.0]",7.6180019383460245,7.598608016967773,-0.20055770877784873,19.95390318836961,-0.012857914451513075,0.0,0.012330559082329273,0.0,0.012330559082329273
24.512723,"[126.99102783203125, 4.49922513961792, 0.0]","[146.94345092773438, 4.5, 0.0]",7.614011765005695,7.601418495178223,-0.19950866701647918,19.95366667711782,-0.019393921378251022,0.0,0.012266391888260841,0.0,0.012266391888260841
24.531539,"[127.14338684082031, 4.499223232269287, 0.0]","[147.09561157226562, 4.5, 0.0]",7.610015869619542,7.590864181518555,-0.1997947693076263,19.95242308578797,-0.01259326982747222,0.0,0.012282687239348888,0.0,0.012282687239348888
24.55108,"[127.29566955566406, 4.499221324920654, 0.0]","[147.24417114257812, 4.5, 0.0]",7.606014252187558,7.5937347412109375,-0.2000808715992175,19.952224721508838,-0.019151688100987663,0.0,0.012297604233026505,0.0,0.012297604233026505
24.571368,"[127.44786834716797, 4.4992194175720215, 0.0]","[147.39981079101562, 4.5, 0.0]",7.602016449452681,7.586424827575684,-0.19989013674384104,19.94850157695648,-0.0122795109766205,0.0,0.012287694960832596,0.0,0.012287694960832596
24.592064,"[127.59999084472656, 4.499217510223389, 0.0]","[147.55128479003906, 4.5, 0.0]",7.598020554066576,7.579221248626709,-0.19979476930527262,19.951942433868528,-0.015591621876997586,0.0,0.012282822281122208,0.0,0.012282822281122208
24.611231,"[127.75202941894531, 4.499215602874756, 0.0]","[147.69964599609375, 4.5, 0.0]",7.594383240223455,7.582094669342041,-0.18186569215603576,19.951293935312076,-0.018799305439866743,0.0,0.011179374530911446,0.0,0.011179374530911446
24.631274,"[127.90399169921875, 4.499213695526123, 0.0]","[147.85374450683594, 4.5, 0.0]",7.5907440190319875,7.571481227874756,-0.18196105957337672,19.94761656712691,-0.012288570881413996,0.0,0.011189410462975502,0.0,0.011189410462975502
24.651254,"[128.05587768554688, 4.49921178817749, 0.0]","[148.00244140625, 4.5, 0.0]",7.587099075794366,7.574337959289551,-0.18224716188108836,19.94975279757419,-0.019262791157231618,0.0,0.011201182380318642,0.0,0.011201182380318642
24.671556,"[128.2076873779297, 4.499209880828857, 0.0]","[148.15768432617188, 4.5, 0.0]",7.583457947253938,7.563694953918457,-0.18205642702140423,19.946563710638998,-0.012761116504814929,0.0,0.01119095366448164,0.0,0.01119095366448164
24.692676,"[128.35943603515625, 4.499207973480225, 0.0]","[148.30894470214844, 4.5, 0.0]",7.579818726065191,7.566486358642578,-0.1819610594373522,19.94999693815651,-0.019762993335480594,0.0,0.011188183911144733,0.0,0.011188183911144733
24.712202,"[128.5111083984375, 4.499206066131592, 0.0]","[148.45730590820312, 4.5, 0.0]",7.5758132939409855,7.556017875671387,-0.20027160621025608,19.949508656885207,-0.013332367422612457,0.0,0.012312665581703186,0.0,0.012312665581703186
24.730646,"[128.66270446777344, 4.499204158782959, 0.0]","[148.6077423095703, 4.5, 0.0]",7.571815491212938,7.5588202476501465,-0.19989013640238085,19.94619749909298,-0.01979541826959874,0.0,0.012287543155252934,0.0,0.012287543155252934
24.751548,"[128.81422424316406, 4.499202251434326, 0.0]","[148.76165771484375, 4.5, 0.0]",7.567823410528533,7.548201084136963,-0.19960403422025763,19.94503783137544,-0.012995243562791359,0.0,0.012272441759705544,0.0,0.012272441759705544
24.772266,"[128.96566772460938, 4.499200344085693, 0.0]","[148.91375732421875, 4.5, 0.0]",7.563833237191635,7.550961017608643,-0.1995086668448831,19.947433461236255,-0.0196223263915698,0.0,0.012264208868145943,0.0,0.012264208868145943
24.791353,"[129.1170196533203, 4.4991984367370605, 0.0]","[149.06488037109375, 4.5, 0.0]",7.559843063854091,7.5404133796691895,-0.1995086668772128,19.948089589144057,-0.01287221958299245,0.0,0.012263841927051544,0.0,0.012263841927051544
24.811729,"[129.26829528808594, 4.499196529388428, 0.0]","[149.2158660888672, 4.5, 0.0]",7.5558528905153794,7.5432000160217285,-0.19950866693556613,19.947860707286292,-0.01942968418490132,0.0,0.0122678829357028,0.0,0.0122678829357028
24.831992,"[129.41949462890625, 4.499194622039795, 0.0]","[149.3658447265625, 4.5, 0.0]",7.552202225233224,7.532671928405762,-0.18253326410775372,19.947570790272284,-0.012652874493650934,0.0,0.011221922002732754,0.0,0.011221922002732754
24.851227,"[129.57061767578125, 4.499192714691162, 0.0]","[149.51312255859375, 4.5, 0.0]",7.548551559950864,7.535545825958252,-0.18253326411801218,19.94635008712552,-0.019530296827462656,0.0,0.011221879161894321,0.0,0.011221879161894321
24.87235,"[129.72166442871094, 4.499190807342529, 0.0]","[149.66796875, 4.5, 0.0]",7.544898987319478,7.524892807006837,-0.18262863156932596,19.94250487226018,-0.013005733992612178,0.0,0.0112272584810853,0.0,0.0112272584810853
24.891724,"[129.8726348876953, 4.4991888999938965, 0.0]","[149.81887817382812, 4.5, 0.0]",7.541242599991395,7.52767276763916,-0.1828193664041411,19.946304310714652,-0.020006180312640787,0.0,0.011239012703299522,0.0,0.011239012703299522
24.91154,"[130.02352905273438, 4.499186992645264, 0.0]","[149.968505859375, 4.5, 0.0]",7.537574768571078,7.517152309417725,-0.18339157101583403,19.946243275536563,-0.013569832352234634,0.0,0.011273840442299843,0.0,0.011273840442299843
24.931494,"[130.17434692382812, 4.499185085296631, 0.0]","[150.1189422607422, 4.5, 0.0]",7.533908844499025,7.519935131072998,-0.18329620360266752,19.944976796022612,-0.0204224591533535,0.0,0.01126721128821373,0.0,0.01126721128821373
24.951848,"[130.32510375976562, 4.499183177947998, 0.0]","[150.2691192626953, 4.5, 0.0]",7.530250549821729,7.509391784667969,-0.18291473386478074,19.944595326274232,-0.013973713426026713,0.0,0.011242934502661228,0.0,0.011242934502661228
24.972176,"[130.4757843017578, 4.499181270599365, 0.0]","[150.42007446289062, 4.5, 0.0]",7.526597977189888,7.5121612548828125,-0.18262863159206333,19.944015492268054,-0.020858765153760395,0.0,0.01123010739684105,0.0,0.01123010739684105
24.991213,"[130.6263885498047, 4.499179363250732, 0.0]","[150.56996154785156, 4.5, 0.0]",7.52294540455767,7.504958152770996,-0.1826286316108927,19.94429015044932,-0.014436722307075378,0.0,0.011225447058677673,0.0,0.011225447058677673
25.011072,"[130.77691650390625, 4.4991774559021, 0.0]","[150.71681213378906, 4.5, 0.0]",7.518917084244793,7.501165866851807,-0.20141601564382938,19.943572987341586,-0.01798725178667393,0.0,0.012382373213768005,0.0,0.012382373213768005
25.030772,"[130.9273681640625, 4.499175548553467, 0.0]","[150.86630249023438, 4.5, 0.0]",7.514894485977353,7.4972968101501465,-0.20112991337200015,19.939895619155923,-0.017751217392986796,0.0,0.012365271337330341,0.0,0.012365271337330341
25.051943,"[131.07774353027344, 4.499173641204834, 0.0]","[151.01950073242188, 4.5, 0.0]",7.510873795058432,7.49333143234253,-0.20103454594608827,19.938934315423207,-0.01759767582720695,0.0,0.01235682051628828,0.0,0.01235682051628828
25.071633,"[131.22804260253906, 4.499171733856201, 0.0]","[151.17037963867188, 4.5, 0.0]",7.506853104140104,7.489426136016846,-0.2010345459163787,19.941757191377743,-0.017542362715901483,0.0,0.01235748641192913,0.0,0.01235748641192913
25.090635,"[131.37826538085938, 4.499169826507568, 0.0]","[151.31858825683594, 4.5, 0.0]",7.502830505873186,7.48559045791626,-0.2011299133458877,19.942337025340237,-0.01742696812325839,0.0,0.01236338447779417,0.0,0.01236338447779417
25.112465,"[131.5283966064453, 4.4991679191589355, 0.0]","[151.46682739257812, 4.5, 0.0]",7.498804092912434,7.481751918792725,-0.2013206480376173,19.940322865162276,-0.017240047956926574,0.0,0.012375074438750744,0.0,0.012375074438750744
25.132176,"[131.67845153808594, 4.499166011810303, 0.0]","[151.61529541015625, 4.5, 0.0]",7.494939804587946,7.477899074554443,-0.1932144162243965,19.938430775155428,-0.017052174119709385,0.0,0.011876020580530167,0.0,0.011876020580530167
25.151471,"[131.82843017578125, 4.49916410446167, 0.0]","[151.76852416992188, 4.5, 0.0]",7.491077423613461,7.4739227294921875,-0.1931190487242329,19.93684386078662,-0.017040730033502705,0.0,0.0118712168186903,0.0,0.0118712168186903
25.17156,"[131.97833251953125, 4.499162197113037, 0.0]","[151.91867065429688, 4.5, 0.0]",7.4872150426400275,7.47002649307251,-0.19311904867169716,19.940093982547847,-0.017154694121273906,0.0,0.011873116716742516,0.0,0.011873116716742516
25.191425,"[132.12815856933594, 4.499160289764404, 0.0]","[152.06809997558594, 4.5, 0.0]",7.483350754314795,7.466148853302003,-0.19321441626161118,19.940338123293277,-0.017188549567517697,0.0,0.011878631077706814,0.0,0.011878631077706814
25.210888,"[132.2779083251953, 4.4991583824157715, 0.0]","[152.21383666992188, 4.5, 0.0]",7.479482651290966,7.462365627288818,-0.1934051511914614,19.939941394754822,-0.017201901012792398,0.0,0.011889098212122917,0.0,0.011889098212122917
25.230278,"[132.42758178710938, 4.499156475067139, 0.0]","[152.3656768798828, 4.5, 0.0]",7.475622177660189,7.4584150314331055,-0.19302368153883975,19.935928333208814,-0.01711702400214765,0.0,0.011865729466080666,0.0,0.011865729466080666
25.253563,"[132.57717895507812, 4.499154567718506, 0.0]","[152.51473999023438, 4.5, 0.0]",7.471765518726665,7.4545369148254395,-0.19283294667622464,19.938095081232678,-0.017207146227083747,0.0,0.011856059543788433,0.0,0.011856059543788433
25.27143,"[132.7266845703125, 4.499152660369873, 0.0]","[152.6619415283203, 4.5, 0.0]",7.467908859792542,7.45070743560791,-0.19283294670615625,19.937561023592668,-0.01722860390122527,0.0,0.01185346394777298,0.0,0.01185346394777298
25.292767,"[132.87611389160156, 4.49915075302124, 0.0]","[152.8111114501953, 4.5, 0.0]",7.464052200857669,7.446825981140137,-0.19283294674363738,19.93525694642154,-0.017201424184631442,0.0,0.01185507234185934,0.0,0.01185507234185934
25.311629,"[133.0254669189453, 4.499148845672607, 0.0]","[152.96231079101562, 4.5, 0.0]",7.460191727225567,7.442890644073486,-0.19302368160509786,19.934997546984636,-0.017226219717532132,0.0,0.011868217028677464,0.0,0.011868217028677464
25.332011,"[133.17474365234375, 4.499146938323975, 0.0]","[153.1116180419922, 4.5, 0.0]",7.456327438895646,7.438995838165284,-0.19321441649604587,19.93684386043821,-0.017301083152080565,0.0,0.011877826415002346,0.0,0.011877826415002346
25.351904,"[133.32394409179688, 4.499145030975342, 0.0]","[153.26004028320312, 4.5, 0.0]",7.4524669652630235,7.435124397277832,-0.1930236816311215,19.936874377993473,-0.017331600730361885,0.0,0.011865902692079544,0.0,0.011865902692079544
25.371807,"[133.4730682373047, 4.499143123626709, 0.0]","[153.40933227539062, 4.5, 0.0]",7.448608398978899,7.431230068206787,-0.19292831420623102,19.936096179728484,-0.017342567985191515,0.0,0.011861620470881462,0.0,0.011861620470881462
25.391196,"[133.6221160888672, 4.499141216278076, 0.0]","[153.5579071044922, 4.5, 0.0]",7.444749832694729,7.427354335784912,-0.19292831420849588,19.936264026385302,-0.017378330772111816,0.0,0.011862073093652725,0.0,0.011862073093652725
25.411622,"[133.77108764648438, 4.499139308929443, 0.0]","[153.7058868408203, 4.5, 0.0]",7.440889359061677,7.426826000213623,-0.1930236816526154,19.93579100390154,-0.0173954969098169,0.0,0.011868501082062721,0.0,0.011868501082062721
25.431302,"[133.91998291015625, 4.4991374015808105, 0.0]","[153.85447692871094, 4.5, 0.0]",7.43701744133969,7.416273593902588,-0.1935958860993292,19.93479918258969,-0.014063358848053653,0.0,0.011900162324309349,0.0,0.011900162324309349
25.451572,"[134.0688018798828, 4.499135494232178, 0.0]","[154.00279235839844, 4.5, 0.0]",7.433149338313766,7.419060707092285,-0.19340515129622204,19.934494006785602,-0.020743847437102225,0.0,0.011887985281646252,0.0,0.011887985281646252
25.471641,"[134.21754455566406, 4.499133586883545, 0.0]","[154.15182495117188, 4.5, 0.0]",7.429283142635738,7.408496856689454,-0.19330978390139641,19.933990466576617,-0.014088631221480519,0.0,0.01188367884606123,0.0,0.01188367884606123
25.490831,"[134.3662109375, 4.499131679534912, 0.0]","[154.2972869873047, 4.5, 0.0]",7.425416946957319,7.411358833312988,-0.19330978392093634,19.93428038369303,-0.020786285946283733,0.0,0.011884206905961037,0.0,0.011884206905961037
25.513032,"[134.51480102539062, 4.499129772186279, 0.0]","[154.4485626220703, 4.5, 0.0]",7.421390533993797,7.4007344245910645,-0.2013206481760843,19.93107603781967,-0.014058113644330739,0.0,0.012376592494547367,0.0,0.012376592494547367
25.531236,"[134.66331481933594, 4.4991278648376465, 0.0]","[154.59292602539062, 4.5, 0.0]",7.41736793572746,7.4036149978637695,-0.20112991331688868,19.933761584819223,-0.02065610940273288,0.0,0.012363946996629238,0.0,0.012363946996629238
25.552032,"[134.81173706054688, 4.499125957489014, 0.0]","[154.74346923828125, 4.5, 0.0]",7.413347244809446,7.393001079559326,-0.20103454590065795,19.92961119402355,-0.013752937863690029,0.0,0.012357820756733418,0.0,0.012357820756733418
25.571532,"[134.9600830078125, 4.499124050140381, 0.0]","[154.89254760742188, 4.5, 0.0]",7.409326553891494,7.395758628845215,-0.20103454589763814,19.93173216582834,-0.02034616525012023,0.0,0.01235919538885355,0.0,0.01235919538885355
25.591949,"[135.1083526611328, 4.499122142791748, 0.0]","[155.04026794433594, 4.5, 0.0]",7.405303955621525,7.385218620300293,-0.20112991349843234,19.932464587531804,-0.013567925046278795,0.0,0.01236461941152811,0.0,0.01236461941152811
25.612507,"[135.2565460205078, 4.499120235443115, 0.0]","[155.18783569335938, 4.5, 0.0]",7.401277542655432,7.3880133628845215,-0.20132064830464813,19.93191527125136,-0.020085335321232023,0.0,0.01237507164478302,0.0,0.01237507164478302
25.633017,"[135.40464782714844, 4.499118328094482, 0.0]","[155.33518981933594, 4.5, 0.0]",7.397598267141428,7.3774733543396,-0.18396377570017997,19.931289660876985,-0.013264179770910545,0.0,0.011308262124657631,0.0,0.011308262124657631
25.654327,"[135.55267333984375, 4.49911642074585, 0.0]","[155.4827117919922, 4.5, 0.0]",7.393911362233529,7.380260944366455,-0.1843452453949901,19.930541980190117,-0.02012491280182882,0.0,0.011330785229802132,0.0,0.011330785229802132
25.673799,"[135.70062255859375, 4.499114513397217, 0.0]","[155.6278076171875, 4.5, 0.0]",7.3902187352797535,7.36978006362915,-0.18463134768875733,19.930038440128232,-0.01365041786707355,0.0,0.011353075504302979,0.0,0.011353075504302979
25.690818,"[135.84849548339844, 4.499112606048584, 0.0]","[155.7786865234375, 4.5, 0.0]",7.386526108325853,7.372479438781738,-0.184631347695019,19.927185046550893,-0.02043867165060309,0.0,0.011351288296282291,0.0,0.011351288296282291
25.712276,"[135.99630737304688, 4.499110698699951, 0.0]","[155.92694091796875, 4.5, 0.0]",7.382827759326062,7.361913681030274,-0.18491744998954118,19.93019102797313,-0.01404666954411482,0.0,0.011367298662662506,0.0,0.011367298662662506
25.731302,"[136.14404296875, 4.499108791351318, 0.0]","[156.0727996826172, 4.5, 0.0]",7.379127502980602,7.364735126495361,-0.18501281727303365,19.930633532833053,-0.020914078295787952,0.0,0.011373707093298435,0.0,0.011373707093298435
25.751243,"[136.2917022705078, 4.4991068840026855, 0.0]","[156.2196502685547, 4.5, 0.0]",7.375432968680009,7.354197978973389,-0.18472671502962612,19.928756701755642,-0.014392376485240277,0.0,0.011359144002199173,0.0,0.011359144002199173
25.772178,"[136.4392852783203, 4.499104976654053, 0.0]","[156.36788940429688, 4.5, 0.0]",7.371740341724235,7.356956481933594,-0.1846313477887218,19.927947985761623,-0.02123498970662041,0.0,0.011353072710335255,0.0,0.011353072710335255
25.791696,"[136.5867919921875, 4.49910306930542, 0.0]","[156.51480102539062, 4.5, 0.0]",7.368047714769748,7.346417427062988,-0.18463134772432888,19.928604113668154,-0.014783859790640896,0.0,0.011352594010531902,0.0,0.011352594010531902
25.811349,"[136.73422241210938, 4.499101161956787, 0.0]","[156.66134643554688, 4.5, 0.0]",7.364360809862169,7.349218845367432,-0.18434524537895847,19.92800902102306,-0.021630287706759788,0.0,0.011333546601235867,0.0,0.011333546601235867
25.830994,"[136.88157653808594, 4.499099254608154, 0.0]","[156.80799865722656, 4.5, 0.0]",7.36062049919255,7.338676929473877,-0.1870155334809276,19.92712401123464,-0.015141964494737259,0.0,0.011494394391775131,0.0,0.011494394391775131
25.851146,"[137.02886962890625, 4.4990973472595215, 0.0]","[156.9545440673828, 4.5, 0.0]",7.356882095871117,7.341469764709473,-0.18692016607166906,19.926422106914956,-0.021943569718673395,0.0,0.011491809971630573,0.0,0.011491809971630573
25.871423,"[137.17608642578125, 4.499095439910889, 0.0]","[157.10255432128906, 4.5, 0.0]",7.353149414595577,7.330891609191895,-0.18663406377701364,19.925674426228092,-0.01541233116164431,0.0,0.011471917852759361,0.0,0.011471917852759361
25.892139,"[137.32322692871094, 4.499093532562256, 0.0]","[157.2491455078125, 4.5, 0.0]",7.349420548017889,7.333683490753174,-0.1864433288843781,19.926467883236427,-0.022257805403681274,0.0,0.011463363654911518,0.0,0.011463363654911518
25.911572,"[137.4702911376953, 4.499091625213623, 0.0]","[157.3953399658203, 4.5, 0.0]",7.345691681440397,7.3230743408203125,-0.18644332887460813,19.925918566807358,-0.015737057264715304,0.0,0.011462518014013767,0.0,0.011462518014013767
25.931505,"[137.61727905273438, 4.49908971786499, 0.0]","[157.5419921875, 4.5, 0.0]",7.341604233320104,7.325412273406982,-0.20437240601465234,19.925048815807997,-0.02261734062008447,0.0,0.01256184745579958,0.0,0.01256184745579958
25.952462,"[137.76419067382812, 4.499087810516357, 0.0]","[157.68795776367188, 4.5, 0.0]",7.337524414594255,7.317770481109619,-0.20399093629244192,19.92471312242579,-0.0161919599131215,0.0,0.012540253810584545,0.0,0.012540253810584545
25.972204,"[137.91102600097656, 4.499085903167725, 0.0]","[157.8351593017578, 4.5, 0.0]",7.333444595868348,7.3134264945983904,-0.2039909362953729,19.923767077481124,-0.019753933484635944,0.0,0.012541444972157478,0.0,0.012541444972157478
25.991562,"[138.05776977539062, 4.499083995819092, 0.0]","[157.98135375976562, 4.5, 0.0]",7.329372406536964,7.30911111831665,-0.20360946656916568,19.92413328839574,-0.020018101269957178,0.0,0.012518156319856644,0.0,0.012518156319856644
26.011585,"[138.20443725585938, 4.499082088470459, 0.0]","[158.1273193359375, 4.5, 0.0]",7.32530403190594,7.304540157318115,-0.20341873155120815,19.92358397196667,-0.020261288220313922,0.0,0.012506247498095036,0.0,0.012506247498095036
26.031274,"[138.3510284423828, 4.499080181121826, 0.0]","[158.27059936523438, 4.5, 0.0]",7.3213462834942815,7.2988505363464355,-0.19788742058293174,19.92288206733824,-0.020763874587824915,0.0,0.012167184613645077,0.0,0.012167184613645077
26.053044,"[138.49752807617188, 4.499078273773193, 0.0]","[158.4189453125, 4.5, 0.0]",7.317386627729974,7.292959690093994,-0.1979827882153895,19.919570910243362,-0.022495747147845968,0.0,0.012173378840088844,0.0,0.012173378840088844
26.072422,"[138.64395141601562, 4.4990763664245605, 0.0]","[158.56552124023438, 4.5, 0.0]",7.313423157270007,7.28713846206665,-0.19817352299833502,19.921417223696672,-0.024426937635979584,0.0,0.012183824554085732,0.0,0.012183824554085732
26.091211,"[138.79029846191406, 4.499074459075928, 0.0]","[158.7084197998047, 4.5, 0.0]",7.309453964764553,7.281463146209718,-0.19845962527269556,19.921569811719134,-0.026284695203356634,0.0,0.012199249118566513,0.0,0.012199249118566513
26.112993,"[138.9365692138672, 4.499072551727295, 0.0]","[158.85630798339844, 4.5, 0.0]",7.305265427166419,7.275314807891846,-0.2094268799067045,19.918121325368396,-0.027990818554835428,0.0,0.012877476401627064,0.0,0.012877476401627064
26.131492,"[139.082763671875, 4.499070644378662, 0.0]","[159.00189208984375, 4.5, 0.0]",7.301071167522286,7.267942905426025,-0.20971298220664458,19.91973875698605,-0.02995061927457332,0.0,0.01289230678230524,0.0,0.01289230678230524
26.15227,"[139.22886657714844, 4.499068737030029, 0.0]","[159.14710998535156, 4.5, 0.0]",7.296873093180898,7.260590076446533,-0.20990371706939293,19.919128405400734,-0.03312826209626074,0.0,0.012906759046018124,0.0,0.012906759046018124
26.171352,"[139.37489318847656, 4.4990668296813965, 0.0]","[159.29010009765625, 4.5, 0.0]",7.292669296793868,7.253349781036377,-0.21018981935152503,19.918243395612315,-0.03628301673436507,0.0,0.012922250665724277,0.0,0.012922250665724277
26.191267,"[139.5208282470703, 4.499064922332764, 0.0]","[159.4356231689453, 4.5, 0.0]",7.2884616857096365,7.245981216430664,-0.21038055421156443,19.915206896566236,-0.03931951575749082,0.0,0.012936180457472801,0.0,0.012936180457472801
26.213248,"[139.66668701171875, 4.499063014984131, 0.0]","[159.58245849609375, 4.5, 0.0]",7.283670425940228,7.2382965087890625,-0.239562988470432,19.91479490923872,-0.04248046927897242,0.0,0.014728800393640995,0.0,0.014728800393640995
26.230915,"[139.8124542236328, 4.499061107635498, 0.0]","[159.72418212890625, 4.5, 0.0]",7.278879166172123,7.229723930358887,-0.2395629884052397,19.915771471715793,-0.045373917151165344,0.0,0.014728487469255924,0.0,0.014728487469255924
26.252215,"[139.9581298828125, 4.499059200286865, 0.0]","[159.87106323242188, 4.5, 0.0]",7.274087906404896,7.22083854675293,-0.2395629883613637,19.91172789259166,-0.04915523581323633,0.0,0.014728437177836895,0.0,0.014728437177836895
26.271629,"[140.1037139892578, 4.499057292938232, 0.0]","[160.01649475097656, 4.5, 0.0]",7.269289017246582,7.21204137802124,-0.2399444579157084,19.912933337061528,-0.05324935965196609,0.0,0.014751847833395004,0.0,0.014751847833395004
26.296024,"[140.2491912841797, 4.4990553855896, 0.0]","[160.1610565185547, 4.5, 0.0]",7.264484406047502,7.203296184539796,-0.24023055995399112,19.9127807488337,-0.057247639225341374,0.0,0.014768706634640694,0.0,0.014768706634640694
26.3111,"[140.3945770263672, 4.499053478240967, 0.0]","[160.30116271972656, 4.5, 0.0]",7.25865173393621,7.194655418395996,-0.2916336055645896,19.91186522099158,-0.061188221507705975,0.0,0.01792609505355358,0.0,0.01792609505355358
26.331803,"[140.5398712158203, 4.499051570892334, 0.0]","[160.4490509033203, 4.5, 0.0]",7.252832413259577,7.184593677520752,-0.29096603383163,19.906585680111537,-0.0639963155402139,0.0,0.017885614186525345,0.0,0.017885614186525345
26.351725,"[140.68504333496094, 4.499049663543701, 0.0]","[160.59161376953125, 4.5, 0.0]",7.2470016484874415,7.174894332885742,-0.2915382386067922,19.90917967454588,-0.06823873573882544,0.0,0.01792086660861969,0.0,0.01792086660861969
26.372367,"[140.83009338378906, 4.499047756195068, 0.0]","[160.73411560058594, 4.5, 0.0]",7.241155624926979,7.168532371520996,-0.2923011780231466,19.906570421751763,-0.07210731560169936,0.0,0.01796821318566799,0.0,0.01796821318566799
26.391785,"[140.97503662109375, 4.4990458488464355, 0.0]","[160.87896728515625, 4.5, 0.0]",7.235292435229174,7.1520118713378915,-0.29315948489023747,19.90402220379691,-0.07262325340598252,0.0,0.018023531883955002,0.0,0.018023531883955002
26.411679,"[141.11985778808594, 4.499043941497803, 0.0]","[161.0216064453125, 4.5, 0.0]",7.229410172044729,7.148855686187744,-0.29411315922223125,19.903930651039428,-0.08328056389128236,0.0,0.018083374947309494,0.0,0.018083374947309494
26.431562,"[141.26455688476562, 4.49904203414917, 0.0]","[161.1641082763672, 4.5, 0.0]",7.222759247361248,7.131816387176514,-0.33254623417406926,19.90174864418054,-0.0805544858569851,0.0,0.020443232730031013,0.0,0.020443232730031013
26.451293,"[141.40914916992188, 4.499040126800537, 0.0]","[161.3064727783203, 4.5, 0.0]",7.216093063892123,7.128119945526123,-0.3333091734562643,19.899551378692085,-0.09094286018473419,0.0,0.020488588139414787,0.0,0.020488588139414787
26.471487,"[141.55360412597656, 4.499038219451904, 0.0]","[161.44874572753906, 4.5, 0.0]",7.209405899587162,7.111098289489746,-0.33435821524800957,19.897323595146418,-0.08797311836599953,0.0,0.020557774230837822,0.0,0.020557774230837822
26.492903,"[141.6979217529297, 4.4990363121032715, 0.0]","[161.5925750732422, 4.5, 0.0]",7.202690125055115,7.10729455947876,-0.3357887266023596,19.895141588126577,-0.09830761009741629,0.0,0.020642956718802452,0.0,0.020642956718802452
26.511718,"[141.8421173095703, 4.499034404754639, 0.0]","[161.7385711669922, 4.5, 0.0]",7.195941925594707,7.089935779571534,-0.3374099730204083,19.894653307013947,-0.09539556557635542,0.0,0.020741192623972893,0.0,0.020741192623972893
26.532137,"[141.98617553710938, 4.499032497406006, 0.0]","[161.8748321533203, 4.5, 0.0]",7.187911987852099,7.0863752365112305,-0.40149688713038145,19.896453843938612,-0.10600614602317293,0.0,0.024684948846697807,0.0,0.024684948846697807
26.552828,"[142.13009643554688, 4.499030590057373, 0.0]","[162.01707458496094, 4.5, 0.0]",7.179862976629594,7.069033145904541,-0.4024505611252671,19.888656602380696,-0.10153675134086892,0.0,0.024742433801293373,0.0,0.024742433801293373
26.571631,"[142.2738494873047, 4.49902868270874, 0.0]","[162.15914916992188, 4.5, 0.0]",7.171792984572992,7.065035820007324,-0.4034996028301041,19.886978135233953,-0.11082983072505304,0.0,0.024806899949908257,0.0,0.024806899949908257
26.591938,"[142.41744995117188, 4.499026775360107, 0.0]","[162.30038452148438, 4.5, 0.0]",7.1636924749317465,7.047770023345947,-0.4050254820622712,19.885299668901613,-0.10675716456566775,0.0,0.02489926666021347,0.0,0.02489926666021347
26.612015,"[142.56088256835938, 4.499024868011475, 0.0]","[162.4386444091797, 4.5, 0.0]",7.155555725662315,7.044045925140381,-0.40683746347158767,19.882934556573236,-0.11592245158579928,0.0,0.02501295506954193,0.0,0.02501295506954193
26.636665,"[142.70416259765625, 4.499022960662842, 0.0]","[162.5855255126953, 4.5, 0.0]",7.146965027419516,7.026273727416992,-0.42953491213992834,19.87776182705758,-0.11150980052193393,0.0,0.026404831558465958,0.0,0.026404831558465958
26.650718,"[142.84727478027344, 4.499021053314209, 0.0]","[162.71810913085938, 4.5, 0.0]",7.138332367506516,7.022913932800293,-0.4316329956500109,19.88136290141524,-0.12069130000252404,0.0,0.026534780859947205,0.0,0.026534780859947205
26.672249,"[142.99021911621094, 4.499019145965576, 0.0]","[162.8629608154297, 4.5, 0.0]",7.129680634106855,7.0052947998046875,-0.4325866699830705,19.8708343369393,-0.11541843470622304,0.0,0.026594005525112152,0.0,0.026594005525112152
26.691074,"[143.1329803466797, 4.499017238616943, 0.0]","[163.00042724609375, 4.5, 0.0]",7.120979309639605,7.001566410064697,-0.43506622336249023,19.87274168554835,-0.1243858343021671,0.0,0.026744792237877846,0.0,0.026744792237877846
26.712051,"[143.27557373046875, 4.4990153312683105, 0.0]","[163.14466857910156, 4.5, 0.0]",7.112230301457171,6.984001636505128,-0.43745040912170907,19.867446885556646,-0.11941289957490753,0.0,0.02689451538026333,0.0,0.02689451538026333
26.731171,"[143.41799926757812, 4.499013423919678, 0.0]","[163.28192138671875, 4.5, 0.0]",7.1025772100238065,6.980330944061279,-0.48265457166820624,19.86909483491545,-0.12822866495204277,0.0,0.029675306752324104,0.0,0.029675306752324104
26.751519,"[143.56024169921875, 4.499011516571045, 0.0]","[163.42124938964844, 4.5, 0.0]",7.092874527529836,6.963172435760498,-0.48513412469852746,19.863922105400036,-0.12224626596252719,0.0,0.02982226200401783,0.0,0.02982226200401783
26.772209,"[143.70228576660156, 4.499009609222412, 0.0]","[163.56153869628906, 4.5, 0.0]",7.083120346621821,6.959272861480713,-0.48770904540074156,19.861007676501153,-0.1297020917693379,0.0,0.02998104877769947,0.0,0.02998104877769947
26.792617,"[143.84414672851562, 4.499007701873779, 0.0]","[163.7008056640625, 4.5, 0.0]",7.073312759954982,6.942119121551514,-0.4903793333419504,19.85925291573523,-0.12384748514110822,0.0,0.030148809775710106,0.0,0.030148809775710106
26.811814,"[143.98580932617188, 4.4990057945251465, 0.0]","[163.83963012695312, 4.5, 0.0]",7.063449860176238,6.938344955444336,-0.4931449889371997,19.856658921570933,-0.13119363840346843,0.0,0.030319122597575188,0.0,0.030319122597575188
26.831608,"[144.1272735595703, 4.499003887176514, 0.0]","[163.97767639160156, 4.5, 0.0]",7.053556442818754,6.921361923217774,-0.4946708678742251,19.853820786616005,-0.12510490473190217,0.0,0.030410287901759148,0.0,0.030410287901759148
26.85153,"[144.26853942871094, 4.499001979827881, 0.0]","[164.1158905029297, 4.5, 0.0]",7.043607712350253,6.917699337005615,-0.4974365234250211,19.85040281800805,-0.13219451960097928,0.0,0.030579054728150368,0.0,0.030579054728150368
26.871525,"[144.40960693359375, 4.499000072479248, 0.0]","[164.25479125976562, 4.5, 0.0]",7.033605576120086,6.903985500335693,-0.5001068115083385,19.847351060171913,-0.12590837534463795,0.0,0.03074471652507782,0.0,0.03074471652507782
26.892148,"[144.55047607421875, 4.498998165130615, 0.0]","[164.3930206298828, 4.5, 0.0]",7.02355194147297,6.893656253814697,-0.5026817323558141,19.845184311934933,-0.12962007578439305,0.0,0.030903860926628113,0.0,0.030903860926628113
26.913564,"[144.69114685058594, 4.498996257781982, 0.0]","[164.53271484375, 4.5, 0.0]",7.013347626288805,6.883232116699219,-0.5102157592082435,19.842544541569854,-0.12989568765827286,0.0,0.03136713430285454,0.0,0.03136713430285454
26.931123,"[144.8316192626953, 4.49899435043335, 0.0]","[164.6677703857422, 4.5, 0.0]",7.003087997997366,6.873220443725586,-0.5129814145719447,19.841567978879155,-0.1301155095895865,0.0,0.031537070870399475,0.0,0.031537070870399475
26.951701,"[144.97189331054688, 4.498992443084717, 0.0]","[164.8050537109375, 4.5, 0.0]",6.992776871297631,6.863043785095215,-0.5155563349867887,19.836151108234723,-0.12986755427178043,0.0,0.03169502690434456,0.0,0.03169502690434456
26.971507,"[145.11195373535156, 4.498990535736084, 0.0]","[164.94296264648438, 4.5, 0.0]",6.982418060874866,6.85282039642334,-0.5179405211382271,19.833160386058136,-0.12973308620241575,0.0,0.03184352070093155,0.0,0.03184352070093155
26.992481,"[145.25181579589844, 4.498988628387451, 0.0]","[165.08021545410156, 4.5, 0.0]",6.972005844690046,6.842645168304443,-0.5206108092409956,19.831008896776368,-0.1295976644515262,0.0,0.03200653940439224,0.0,0.03200653940439224
27.011466,"[145.39146423339844, 4.498986721038818, 0.0]","[165.217041015625, 4.5, 0.0]",6.961364746668346,6.832517623901369,-0.5320549010849884,19.828399643654514,-0.12936067638560278,0.0,0.03270841762423515,0.0,0.03270841762423515
27.030842,"[145.53089904785156, 4.4989848136901855, 0.0]","[165.35032653808594, 4.5, 0.0]",6.9506797796244815,6.822716236114502,-0.5342483521932451,19.825576767653796,-0.1288471227669774,0.0,0.03284190595149994,0.0,0.03284190595149994
27.051583,"[145.6701202392578, 4.498982906341553, 0.0]","[165.4882049560547, 4.5, 0.0]",6.93994712885898,6.8125786781311035,-0.5366325382750947,19.819427475974862,-0.12796354350997952,0.0,0.03298897668719292,0.0,0.03298897668719292
27.071663,"[145.8091278076172, 4.49898099899292, 0.0]","[165.62278747558594, 4.5, 0.0]",6.929162979679616,6.802682876586914,-0.5392074589681606,19.818084702849823,-0.12736845072787606,0.0,0.03314656764268875,0.0,0.03314656764268875
27.09347,"[145.9479217529297, 4.498979091644287, 0.0]","[165.75962829589844, 4.5, 0.0]",6.918325424741516,6.792621612548828,-0.5418777469050173,19.813659653998663,-0.1264801030927023,0.0,0.03331165388226509,0.0,0.03331165388226509
27.112619,"[146.0865020751953, 4.498977184295654, 0.0]","[165.89712524414062, 4.5, 0.0]",6.907541275566406,6.782526016235352,-0.5392074587554863,19.811706528807004,-0.1257038121926879,0.0,0.033147092908620834,0.0,0.033147092908620834
27.131608,"[146.22486877441406, 4.4989752769470215, 0.0]","[166.03341674804688, 4.5, 0.0]",6.896709442676666,6.772586822509766,-0.5415916444869939,19.810623154760034,-0.12501525933105473,0.0,0.0332961268723011,0.0,0.0332961268723011
27.152166,"[146.36302185058594, 4.498973369598389, 0.0]","[166.1681671142578, 4.5, 0.0]",6.8858356481174,6.762760162353516,-0.5436897279633257,19.808547959424068,-0.12412262016690079,0.0,0.033426739275455475,0.0,0.033426739275455475
27.172187,"[146.50096130371094, 4.498971462249756, 0.0]","[166.30435180664062, 4.5, 0.0]",6.874916077194547,6.7528300285339355,-0.5459785461426669,19.805145249439775,-0.12307548576388427,0.0,0.033565063029527664,0.0,0.033565063029527664
27.192511,"[146.638671875, 4.498969554901123, 0.0]","[166.43927001953125, 4.5, 0.0]",6.863948822555286,6.742990970611572,-0.5483627319630369,19.803390488334173,-0.12208604866061101,0.0,0.03370939940214157,0.0,0.03370939940214157
27.211404,"[146.7761688232422, 4.49896764755249, 0.0]","[166.57186889648438, 4.5, 0.0]",6.853143692546624,6.733336448669434,-0.5402565004331006,19.800598130082218,-0.12095785194371356,0.0,0.03321411833167076,0.0,0.03321411833167076
27.231911,"[146.9134521484375, 4.498965740203857, 0.0]","[166.7082061767578, 4.5, 0.0]",6.842287064125992,6.723482131958008,-0.5428314210315754,19.795700059109883,-0.11980724387719022,0.0,0.03336990624666214,0.0,0.03336990624666214
27.251216,"[147.05052185058594, 4.498963832855225, 0.0]","[166.84214782714844, 4.5, 0.0]",6.831380844648373,6.713801860809326,-0.5453109738809747,19.79475401382399,-0.11880493216798449,0.0,0.03352672979235649,0.0,0.03352672979235649
27.271496,"[147.18736267089844, 4.498961925506592, 0.0]","[166.97462463378906, 4.5, 0.0]",6.82042312675502,6.704227447509766,-0.5478858946676546,19.79162596204255,-0.11757898383904664,0.0,0.03368329629302025,0.0,0.03368329629302025
27.292402,"[147.32398986816406, 4.498960018157959, 0.0]","[167.1090545654297, 4.5, 0.0]",6.8094139104477485,6.697844982147217,-0.5504608153635626,19.787261948347144,-0.11619567924525409,0.0,0.03383851423859596,0.0,0.03383851423859596
27.313225,"[147.4604034423828, 4.498958110809326, 0.0]","[167.24427795410156, 4.5, 0.0]",6.7986907964349905,6.68142032623291,-0.536155700637897,19.78506468269844,-0.11156892830053167,0.0,0.03295954316854477,0.0,0.03295954316854477
27.330669,"[147.59658813476562, 4.498956203460693, 0.0]","[167.3762664794922, 4.5, 0.0]",6.7879161840090285,6.678633689880371,-0.5387306212981002,19.783874497127787,-0.11727047020208037,0.0,0.0331169068813324,0.0,0.0331169068813324
27.351454,"[147.73255920410156, 4.4989542961120605, 0.0]","[167.51145935058594, 4.5, 0.0]",6.777101517261258,6.66228485107422,-0.5407333373885326,19.779678330112052,-0.10928249412865743,0.0,0.03324548155069351,0.0,0.03324548155069351
27.370895,"[147.86831665039062, 4.498952388763428, 0.0]","[167.64291381835938, 4.5, 0.0]",6.766250610889829,6.659536838531494,-0.5425453185714524,19.77890013184605,-0.11481666618703823,0.0,0.03335178270936012,0.0,0.03335178270936012
27.391792,"[148.0038604736328, 4.498950481414795, 0.0]","[167.7789306640625, 4.5, 0.0]",6.755363464893643,6.643129348754883,-0.544357299809306,19.77459715330689,-0.10671377235833468,0.0,0.03346346691250801,0.0,0.03346346691250801
27.412242,"[148.13919067382812, 4.498948574066162, 0.0]","[167.91131591796875, 4.5, 0.0]",6.744438171924433,6.640323638916016,-0.5462646484605038,19.775070175743917,-0.11223411613875989,0.0,0.033580124378204346,0.0,0.033580124378204346
27.431058,"[148.2742919921875, 4.498946666717529, 0.0]","[168.04376220703125, 4.5, 0.0]",6.733936310352048,6.624224662780762,-0.525093078619232,19.77212522943121,-0.104114533008417,0.0,0.03228370472788811,0.0,0.03228370472788811
27.451148,"[148.4091796875, 4.4989447593688965, 0.0]","[168.17601013183594, 4.5, 0.0]",6.723390579761071,6.62147331237793,-0.5272865295488316,19.769470200110668,-0.10971164757128626,0.0,0.032417647540569305,0.0,0.032417647540569305
27.471903,"[148.54385375976562, 4.498942852020264, 0.0]","[168.30673217773438, 4.5, 0.0]",6.712800980147965,6.605498790740967,-0.5294799806553119,19.766830429579187,-0.10191726738314166,0.0,0.03255368024110794,0.0,0.03255368024110794
27.492055,"[148.67831420898438, 4.498940944671631, 0.0]","[168.441650390625, 4.5, 0.0]",6.702165604168417,6.6025567054748535,-0.5317687989774278,19.762878403188438,-0.10730218940699832,0.0,0.03269071504473686,0.0,0.03269071504473686
27.512658,"[148.8125762939453, 4.498939037322998, 0.0]","[168.57749938964844, 4.5, 0.0]",6.691493988565102,6.5862040519714355,-0.5335807801657211,19.763336167183624,-0.09960889869356304,0.0,0.03280250355601311,0.0,0.03280250355601311
27.532965,"[148.94662475585938, 4.498937129974365, 0.0]","[168.7049102783203, 4.5, 0.0]",6.680763245154762,6.583737850189209,-0.5365371705170041,19.76492308104895,-0.10528993659366659,0.0,0.03298294544219971,0.0,0.03298294544219971
27.551342,"[149.08045959472656, 4.498935222625732, 0.0]","[168.83590698242188, 4.5, 0.0]",6.670000076815119,6.567683696746826,-0.5381584169821707,19.75828550760936,-0.09702539496555307,0.0,0.033082619309425354,0.0,0.033082619309425354
27.571497,"[149.21408081054688, 4.4989333152771, 0.0]","[168.96824645996094, 4.5, 0.0]",6.659202576201819,6.5648651123046875,-0.5398750306649713,19.75544737316881,-0.10231638006829247,0.0,0.03318913280963898,0.0,0.03318913280963898
27.591503,"[149.3474884033203, 4.498931884765625, 0.0]","[169.09666442871094, 4.5, 0.0]",6.648368835964824,6.548994541168213,-0.5416870118497563,19.75416563468985,-0.09433746389713171,0.0,0.03330126777291298,0.0,0.03330126777291298
27.613019,"[149.4806671142578, 4.49893045425415, 0.0]","[169.22854614257812, 4.5, 0.0]",6.637496948755522,6.5461626052856445,-0.5435943604651161,19.74917601064908,-0.0993742947966112,0.0,0.03341764584183693,0.0,0.03341764584183693
27.631863,"[149.61363220214844, 4.498929023742676, 0.0]","[169.3607177734375, 4.5, 0.0]",6.6272163396227395,6.5297346115112305,-0.5140304566391141,19.747879013561153,-0.09133434346987723,0.0,0.031599011272192,0.0,0.031599011272192
27.651929,"[149.7463836669922, 4.498927593231201, 0.0]","[169.49085998535156, 4.5, 0.0]",6.616891861471382,6.526788234710693,-0.5162239075678698,19.74708555651225,-0.09748172811150901,0.0,0.03173327445983887,0.0,0.03173327445983887
27.671841,"[149.87892150878906, 4.498926162719727, 0.0]","[169.61962890625, 4.5, 0.0]",6.606533051045181,6.510611057281495,-0.5179405213100452,19.744476303565044,-0.09010362676068873,0.0,0.031842317432165146,0.0,0.031842317432165146
27.694773,"[150.01126098632812, 4.498924732208252, 0.0]","[169.7526092529297, 4.5, 0.0]",6.596145630390338,6.507455348968506,-0.5193710327421552,19.740707382649184,-0.09592199376368615,0.0,0.03193201869726181,0.0,0.03193201869726181
27.711511,"[150.1433868408203, 4.498923301696777, 0.0]","[169.88246154785156, 4.5, 0.0]",6.585725784807995,6.491093635559082,-0.5209922791171717,19.741348251772045,-0.08869028142183222,0.0,0.032029345631599426,0.0,0.032029345631599426
27.730818,"[150.2753143310547, 4.498921871185303, 0.0]","[170.00889587402344, 4.5, 0.0]",6.575202942399661,6.4878435134887695,-0.5261421204166616,19.73907469218419,-0.09463214924891261,0.0,0.032344769686460495,0.0,0.032344769686460495
27.751383,"[150.4070281982422, 4.498920440673828, 0.0]","[170.14111328125, 4.5, 0.0]",6.5646591191565085,6.470806121826173,-0.5271911621576475,19.733581528104395,-0.08735942891089188,0.0,0.032408494502305984,0.0,0.032408494502305984
27.771872,"[150.5385284423828, 4.4989190101623535, 0.0]","[170.27157592773438, 4.5, 0.0]",6.554090500381159,6.467240333557129,-0.5284309387674657,19.734085068125705,-0.0938529973303357,0.0,0.03248544782400131,0.0,0.03248544782400131
27.792265,"[150.66981506347656, 4.498917579650879, 0.0]","[170.39834594726562, 4.5, 0.0]",6.543493271376386,6.453963756561279,-0.5298614502386556,19.73304747045182,-0.08685016682403024,0.0,0.03257392346858978,0.0,0.03257392346858978
27.812772,"[150.8009033203125, 4.498916149139404, 0.0]","[170.52882385253906, 4.5, 0.0]",6.53286361744506,6.443680286407471,-0.5314826965662878,19.72853086887195,-0.08952951481510674,0.0,0.032671816647052765,0.0,0.032671816647052765
27.831327,"[150.93177795410156, 4.49891471862793, 0.0]","[170.65557861328125, 4.5, 0.0]",6.522649765516005,6.433453559875488,-0.5106925964527775,19.727920517291786,-0.08918333103758957,0.0,0.031395576894283295,0.0,0.031395576894283295
27.850843,"[151.06243896484375, 4.498913288116455, 0.0]","[170.78358459472656, 4.5, 0.0]",6.5124111180545,6.423125267028809,-0.5119323730752523,19.723800644227506,-0.08919620564051645,0.0,0.03147127851843834,0.0,0.03147127851843834
27.871738,"[151.19288635253906, 4.4989118576049805, 0.0]","[170.9130096435547, 4.5, 0.0]",6.502143860363045,6.412682056427002,-0.5133628845727323,19.721145614913123,-0.08928585102569109,0.0,0.03155919164419174,0.0,0.03155919164419174
27.896837,"[151.32313537597656, 4.498910427093506, 0.0]","[171.04139709472656, 4.5, 0.0]",6.491844177745084,6.402322769165039,-0.5149841308980552,19.7201232760283,-0.08946180393604308,0.0,0.03165721148252487,0.0,0.03165721148252487
27.911624,"[151.4531707763672, 4.498908996582031, 0.0]","[171.17129516601562, 4.5, 0.0]",6.481391907233401,6.391669273376465,-0.5226135255841591,19.718261703922526,-0.08952140858004487,0.0,0.032129477709531784,0.0,0.032129477709531784
27.931985,"[151.5830078125, 4.498907566070557, 0.0]","[171.29916381835938, 4.5, 0.0]",6.470951080817665,6.380344867706299,-0.5220413207867924,19.71812437480345,-0.08972263385693591,0.0,0.032092832028865814,0.0,0.032092832028865814
27.951307,"[151.71263122558594, 4.498906135559082, 0.0]","[171.42645263671875, 4.5, 0.0]",6.4604797368202895,6.369073390960693,-0.5235671998687685,19.716155990819207,-0.09060621311136607,0.0,0.032188840210437775,0.0,0.032188840210437775
27.971244,"[151.84205627441406, 4.498904705047607, 0.0]","[171.5543670654297, 4.5, 0.0]",6.4499816899459645,6.3577446937561035,-0.5249023437162492,19.7138213962531,-0.09140634585959617,0.0,0.03227025270462036,0.0,0.03227025270462036
27.992305,"[151.9712677001953, 4.498903274536133, 0.0]","[171.6815948486328, 4.5, 0.0]",6.439460754884098,6.346478462219238,-0.5260467530933344,19.71231077594032,-0.09223699618986103,0.0,0.03234041482210159,0.0,0.03234041482210159
28.010658,"[152.1002655029297, 4.498901844024658, 0.0]","[171.8082275390625, 4.5, 0.0]",6.428913116945232,6.334996700286865,-0.527381896943302,19.710327133523002,-0.09298229266485958,0.0,0.03242402523756027,0.0,0.03242402523756027
28.037145,"[152.2290496826172, 4.498900413513184, 0.0]","[171.93460083007812, 4.5, 0.0]",6.418199539671537,6.322262763977051,-0.5356788636847298,19.70796202102241,-0.09391641665836659,0.0,0.03293301537632942,0.0,0.03293301537632942
28.051597,"[152.35763549804688, 4.498898983001709, 0.0]","[172.0599365234375, 4.5, 0.0]",6.40745353747198,6.309634685516357,-0.5373001099778563,19.705551132333007,-0.09593677569448644,0.0,0.03303198143839836,0.0,0.03303198143839836
28.071733,"[152.48599243164062, 4.498897552490234, 0.0]","[172.18507385253906, 4.5, 0.0]",6.396707535270178,6.297026634216309,-0.537300110090122,19.70230101042415,-0.09781885195562268,0.0,0.0330345593392849,0.0,0.0330345593392849
28.095424,"[152.6141357421875, 4.49889612197876, 0.0]","[172.3148956298828, 4.5, 0.0]",6.385934830188953,6.283946514129639,-0.5386352540612371,19.699081406271855,-0.09968090105386906,0.0,0.03311125561594963,0.0,0.03311125561594963
28.112033,"[152.7420654296875, 4.498894691467285, 0.0]","[172.44056701660156, 4.5, 0.0]",6.374862671373085,6.27094030380249,-0.5536079407933769,19.700759872872858,-0.10198831605931424,0.0,0.03403545916080475,0.0,0.03403545916080475
28.131949,"[152.86978149414062, 4.4988932609558105, 0.0]","[172.5609588623047, 4.5, 0.0]",6.363761902331465,6.257040977478027,-0.5550384520810248,19.69850157207444,-0.10392236757059514,0.0,0.0341239869594574,0.0,0.0341239869594574
28.151869,"[152.99728393554688, 4.498891830444336, 0.0]","[172.6883544921875, 4.5, 0.0]",6.352630615710504,6.242334842681885,-0.5565643310480262,19.691177353307644,-0.10672092485343754,0.0,0.034217577427625656,0.0,0.034217577427625656
28.176658,"[153.1245574951172, 4.498890399932861, 0.0]","[172.81410217285156, 4.5, 0.0]",6.341466904162611,6.227817535400391,-0.5581855773946653,19.691070541407516,-0.11029577302861959,0.0,0.03431400656700134,0.0,0.03431400656700134
28.190985,"[153.25161743164062, 4.498888969421387, 0.0]","[172.93821716308594, 4.5, 0.0]",6.330272675033171,6.213489055633545,-0.5597114564720229,19.689544662663714,-0.11364936876222043,0.0,0.03441140428185463,0.0,0.03441140428185463
28.21144,"[153.37844848632812, 4.498887538909912, 0.0]","[173.0625762939453, 4.5, 0.0]",6.318470001685143,6.202141761779785,-0.5901336674013713,19.686599717074778,-0.11678361939962567,0.0,0.03627835959196091,0.0,0.03627835959196091
28.23217,"[153.5050506591797, 4.4988861083984375, 0.0]","[173.18618774414062, 4.5, 0.0]",6.30663490340988,6.179324626922607,-0.5917549137631539,19.68412779358706,-0.11632823990535801,0.0,0.03637893497943878,0.0,0.03637893497943878
28.251011,"[153.6314239501953, 4.498884677886963, 0.0]","[173.3092803955078, 4.5, 0.0]",6.294767380213892,6.169909477233887,-0.5933761597994192,19.681137070557252,-0.12731027648727267,0.0,0.036477506160736084,0.0,0.036477506160736084
28.27145,"[153.75755310058594, 4.498883247375488, 0.0]","[173.43345642089844, 4.5, 0.0]",6.282861710048092,6.147019386291504,-0.5952835082899899,19.677856430533147,-0.12485790298000499,0.0,0.036597829312086105,0.0,0.036597829312086105
28.29596,"[153.88345336914062, 4.498881816864014, 0.0]","[173.5556640625, 4.5, 0.0]",6.270912170863214,6.137721061706543,-0.5974769592438811,19.67590330587565,-0.135842323756588,0.0,0.036732032895088196,0.0,0.036732032895088196
28.313274,"[154.0091094970703, 4.498880386352539, 0.0]","[173.6773223876953, 4.5, 0.0]",6.257677078699268,6.114887237548828,-0.6617546081973291,19.672210678365676,-0.13319110915667132,0.0,0.040683843195438385,0.0,0.040683843195438385
28.331211,"[154.134521484375, 4.4988789558410645, 0.0]","[173.7987518310547, 4.5, 0.0]",6.2444152836543285,6.104002952575684,-0.6630897522469592,19.66821287579491,-0.14278984115043958,0.0,0.04076283797621727,0.0,0.04076283797621727
28.351067,"[154.25967407226562, 4.49887752532959, 0.0]","[173.92001342773438, 4.5, 0.0]",6.231124878377222,6.079808235168458,-0.6645202638553283,19.66423033201322,-0.14041233107864493,0.0,0.04085463657975197,0.0,0.04085463657975197
28.37174,"[154.3845672607422, 4.498876094818115, 0.0]","[174.04208374023438, 4.5, 0.0]",6.217781067333335,6.068831920623779,-0.6671905521943522,19.66033934114589,-0.15131664320876403,0.0,0.04101830720901489,0.0,0.04101830720901489
28.392672,"[154.50918579101562, 4.498874664306641, 0.0]","[174.16351318359375, 4.5, 0.0]",6.204401016668571,6.044614791870117,-0.6690025332381833,19.657516464792284,-0.1489491467095556,0.0,0.04112902283668518,0.0,0.04112902283668518
28.41226,"[154.633544921875, 4.498873233795166, 0.0]","[174.28436279296875, 4.5, 0.0]",6.190965652894916,6.033674240112305,-0.6717681886827531,19.654327378222526,-0.15978622479845406,0.0,0.041297003626823425,0.0,0.041297003626823425
28.430802,"[154.75762939453125, 4.498871803283691, 0.0]","[174.40377807617188, 4.5, 0.0]",6.176843643616805,6.008855819702148,-0.7061004639055568,19.650817856541284,-0.1572914127826115,0.0,0.043410588055849075,0.0,0.043410588055849075
28.452116,"[154.88145446777344, 4.498870372772217, 0.0]","[174.5261688232422, 4.5, 0.0]",6.162679672668546,5.996915340423584,-0.7081985474129304,19.646148667071717,-0.1679878239146566,0.0,0.04353936389088631,0.0,0.04353936389088631
28.471142,"[155.00498962402344, 4.498868942260742, 0.0]","[174.64447021484375, 4.5, 0.0]",6.1484699253558945,5.972264289855958,-0.710487365632595,19.64471434088318,-0.16576433224496245,0.0,0.043679673224687576,0.0,0.043679673224687576
28.494048,"[155.1282501220703, 4.498867511749268, 0.0]","[174.7641143798828, 4.5, 0.0]",6.1342124943291045,5.960741996765137,-0.7128715513395001,19.639480576218336,-0.17620563549993662,0.0,0.04382767155766487,0.0,0.04382767155766487
28.511587,"[155.251220703125, 4.498866081237793, 0.0]","[174.8832550048828, 4.5, 0.0]",6.119075775578306,5.936051368713379,-0.7568359375399236,19.6358642430124,-0.17347049756396782,0.0,0.0465276800096035,0.0,0.0465276800096035
28.531536,"[155.3739013671875, 4.498864650726318, 0.0]","[175.00125122070312, 4.5, 0.0]",6.103879929017467,5.925343990325928,-0.7597923280419749,19.63203428694103,-0.18302440686492716,0.0,0.04670800641179085,0.0,0.04670800641179085
28.551467,"[155.49627685546875, 4.498863220214844, 0.0]","[175.12159729003906, 4.5, 0.0]",6.088628769344405,5.900958538055421,-0.7625579836530783,19.627349839045827,-0.17853593869153883,0.0,0.04687881097197533,0.0,0.04687881097197533
28.571012,"[155.61834716796875, 4.498861789703369, 0.0]","[175.23788452148438, 4.5, 0.0]",6.073318481862922,5.890503406524658,-0.7655143740741721,19.625320420265552,-0.1876702312889842,0.0,0.04706417769193649,0.0,0.04706417769193649
28.592108,"[155.7401123046875, 4.4988603591918945, 0.0]","[175.3586883544922, 4.5, 0.0]",6.057945251877724,5.866050720214844,-0.7686614992598706,19.61953733901321,-0.18281507533826336,0.0,0.04725690186023712,0.0,0.04725690186023712
28.614027,"[155.861572265625, 4.49885892868042, 0.0]","[175.47567749023438, 4.5, 0.0]",6.04143905680314,5.855677127838135,-0.8253097537291865,19.618576035467605,-0.1918945316628804,0.0,0.05074077099561691,0.0,0.05074077099561691
28.631099,"[155.98272705078125, 4.498857498168945, 0.0]","[175.59164428710938, 4.5, 0.0]",6.024875641271218,5.832992076873779,-0.8281707765961155,19.614105210256206,-0.18576192896500565,0.0,0.05091547966003418,0.0,0.05091547966003418
28.651671,"[156.1035614013672, 4.498856067657471, 0.0]","[175.70794677734375, 4.5, 0.0]",6.0082550052816694,5.823592185974121,-0.831031799477433,19.608917221958915,-0.1918835643974388,0.0,0.05108967795968056,0.0,0.05108967795968056
28.671842,"[156.22406005859375, 4.498854637145996, 0.0]","[175.82522583007812, 4.5, 0.0]",5.9915714267851286,5.800724506378174,-0.8341789248270448,19.604385361591266,-0.18466281930754835,0.0,0.05128459259867668,0.0,0.05128459259867668
28.694113,"[156.34422302246094, 4.4988532066345215, 0.0]","[175.93899536132812, 4.5, 0.0]",5.974819183736335,5.791675090789795,-0.8376121524396929,19.60116575744702,-0.19084692040695472,0.0,0.05149419978260994,0.0,0.05149419978260994
28.713169,"[156.46405029296875, 4.498851776123047, 0.0]","[176.05697631835938, 4.5, 0.0]",5.958143234634217,5.772247314453125,-0.8337974551059002,19.594772324814233,-0.18314409294653977,0.0,0.05126204714179039,0.0,0.05126204714179039
28.732009,"[156.5835418701172, 4.498850345611572, 0.0]","[176.1719512939453, 4.5, 0.0]",5.941392898937318,5.754203319549561,-0.8375167848449383,19.592926011321783,-0.1858959201810917,0.0,0.05148887634277344,0.0,0.05148887634277344
28.751473,"[156.70269775390625, 4.498848915100098, 0.0]","[176.28648376464844, 4.5, 0.0]",5.92456817664149,5.746212482452393,-0.8412361147914105,19.588409409743566,-0.1871895793877565,0.0,0.05171651765704155,0.0,0.05171651765704155
28.771563,"[156.821533203125, 4.498847484588623, 0.0]","[176.40206909179688, 4.5, 0.0]",5.9076709751020875,5.724757194519043,-0.8448600769701109,19.583785996276337,-0.17835569418909714,0.0,0.051942065358161926,0.0,0.051942065358161926
28.792254,"[156.9400177001953, 4.498846054077148, 0.0]","[176.51686096191406, 4.5, 0.0]",5.890701294317029,5.716734886169434,-0.8484840392529058,19.580535874555807,-0.18291378058304453,0.0,0.052163273096084595,0.0,0.052163273096084595
28.812166,"[157.05816650390625, 4.498844623565674, 0.0]","[176.6306915283203, 4.5, 0.0]",5.873661041631406,5.695670127868653,-0.8520126342811629,19.576843247403925,-0.17396640814759579,0.0,0.05237863212823868,0.0,0.05237863212823868
28.830912,"[157.1759796142578, 4.498843193054199, 0.0]","[176.7442169189453, 4.5, 0.0]",5.85663795508324,5.688776969909668,-0.8511543274082989,19.57252501008332,-0.1779909137627529,0.0,0.05232580006122589,0.0,0.05232580006122589
28.851938,"[157.29345703125, 4.498841762542725, 0.0]","[176.8575439453125, 4.5, 0.0]",5.839550018678979,5.668576717376709,-0.8543968202130436,19.568237290340846,-0.16786098517357217,0.0,0.052528977394104004,0.0,0.052528977394104004
28.875184,"[157.41058349609375, 4.49884033203125, 0.0]","[176.9728546142578, 4.5, 0.0]",5.822389603024968,5.661470413208008,-0.8580207827005637,19.56408689988346,-0.1709733013022703,0.0,0.052750155329704285,0.0,0.052750155329704285
28.89176,"[157.52737426757812, 4.498838901519775, 0.0]","[177.0839080810547, 4.5, 0.0]",5.805152893424683,5.641541481018066,-0.8618354800142392,19.56227110451824,-0.16091918981696018,0.0,0.05298275873064995,0.0,0.05298275873064995
28.912487,"[157.64382934570312, 4.498837471008301, 0.0]","[177.1996612548828, 4.5, 0.0]",5.78842926060553,5.634499549865723,-0.8361816409576672,19.556533799815643,-0.1636114124066168,0.0,0.05140828341245651,0.0,0.05140828341245651
28.931606,"[157.7599334716797, 4.498836040496826, 0.0]","[177.31008911132812, 4.5, 0.0]",5.771635055888946,5.615246772766113,-0.8397102358292052,19.555831895503378,-0.1539297107398072,0.0,0.05162223428487778,0.0,0.05162223428487778
28.952372,"[157.87570190429688, 4.498834609985352, 0.0]","[177.42193603515625, 4.5, 0.0]",5.754776001320115,5.609163284301758,-0.8429527284415261,19.55015562595703,-0.15638828312283248,0.0,0.05182216316461563,0.0,0.05182216316461563
28.971584,"[157.9911346435547, 4.498833179473877, 0.0]","[177.53465270996094, 4.5, 0.0]",5.737855911598242,5.589647769927979,-0.8460044860936655,19.546234117152764,-0.14561271701835743,0.0,0.052009694278240204,0.0,0.052009694278240204
28.992507,"[158.10623168945312, 4.498831748962402, 0.0]","[177.646484375, 4.5, 0.0]",5.720878601414324,5.5835652351379395,-0.8488655091959174,19.543518052500755,-0.14820814167026253,0.0,0.052186548709869385,0.0,0.052186548709869385
29.018079,"[158.2209930419922, 4.498830318450928, 0.0]","[177.7567596435547, 4.5, 0.0]",5.705083847383565,5.5643720626831055,-0.7897377015379181,19.540252671809757,-0.13731336627638413,0.0,0.0485503189265728,0.0,0.0485503189265728
29.031844,"[158.3354034423828, 4.498828887939453, 0.0]","[177.8673095703125, 4.5, 0.0]",5.6892280581996575,5.558696269989014,-0.7927894591953866,19.535766587810215,-0.14071178470045975,0.0,0.04873719811439514,0.0,0.04873719811439514
29.052125,"[158.4495086669922, 4.4988274574279785, 0.0]","[177.97950744628906, 4.5, 0.0]",5.673362732274089,5.53950309753418,-0.7932662962784054,19.531906113978028,-0.13053178821064382,0.0,0.0487651601433754,0.0,0.0487651601433754
29.071136,"[158.56329345703125, 4.498826026916504, 0.0]","[178.08889770507812, 4.5, 0.0]",5.65743255649648,5.5339555740356445,-0.7965087888804678,19.529998765145006,-0.1338596347399097,0.0,0.04896734654903412,0.0,0.04896734654903412
29.092975,"[158.6767578125, 4.498824596405029, 0.0]","[178.20181274414062, 4.5, 0.0]",5.641437530863523,5.514683723449707,-0.7997512816478647,19.525604233508655,-0.1234769824608355,0.0,0.049165207892656326,0.0,0.049165207892656326
29.112764,"[158.78990173339844, 4.498823165893555, 0.0]","[178.3134002685547, 4.5, 0.0]",5.626468658799359,5.508895397186279,-0.748443603208182,19.525054916900135,-0.1267538074138157,0.0,0.046012017875909805,0.0,0.046012017875909805
29.131194,"[158.90272521972656, 4.49882173538208, 0.0]","[178.42164611816406, 4.5, 0.0]",5.611446380973169,5.490161895751954,-0.751113891309485,19.523498520399478,-0.1175732616130798,0.0,0.046177901327610016,0.0,0.046177901327610016
29.150771,"[159.0152587890625, 4.4988203048706055, 0.0]","[178.52899169921875, 4.5, 0.0]",5.596376419428848,5.484861850738525,-0.7534980772160527,19.51892088366465,-0.12128448522121538,0.0,0.04632102698087692,0.0,0.04632102698087692
29.172557,"[159.1274871826172, 4.498818874359131, 0.0]","[178.6414794921875, 4.5, 0.0]",5.581266403562094,5.468989372253418,-0.7555007933377045,19.513732895367355,-0.11151456869032295,0.0,0.046447865664958954,0.0,0.046447865664958954
29.191953,"[159.23941040039062, 4.498817443847656, 0.0]","[178.75082397460938, 4.5, 0.0]",5.566120148070876,5.456799983978272,-0.7573127745609032,19.51399229476502,-0.11227703130867628,0.0,0.046560171991586685,0.0,0.046560171991586685
29.211253,"[159.3510284423828, 4.498816013336182, 0.0]","[178.8596649169922, 4.5, 0.0]",5.550939560306342,5.444648742675781,-0.7590293882266952,19.511413559209853,-0.10932016409260381,0.0,0.04666362702846527,0.0,0.04666362702846527
29.231815,"[159.4623565673828, 4.498814582824707, 0.0]","[178.96829223632812, 4.5, 0.0]",5.536272049320085,5.432438373565674,-0.7333755493128535,19.508636459771672,-0.10629081763056103,0.0,0.0450848788022995,0.0,0.0450848788022995
29.251086,"[159.57337951660156, 4.498813152313232, 0.0]","[179.07643127441406, 4.5, 0.0]",5.521572113409329,5.420283317565918,-0.7349967955378123,19.505935653903638,-0.10383367575441138,0.0,0.0451882965862751,0.0,0.0451882965862751
29.271488,"[159.68411254882812, 4.498811721801758, 0.0]","[179.18556213378906, 4.5, 0.0]",5.5068397525760355,5.408015727996826,-0.7366180416646717,19.503051742377508,-0.101288795843411,0.0,0.045287683606147766,0.0,0.045287683606147766
29.292578,"[159.79454040527344, 4.498810291290283, 0.0]","[179.29405212402344, 4.5, 0.0]",5.49208259621011,5.3958210945129395,-0.7378578182962947,19.501449568940536,-0.09882402457920936,0.0,0.04536116123199463,0.0,0.04536116123199463
29.311811,"[159.90467834472656, 4.498808860778809, 0.0]","[179.3995819091797, 4.5, 0.0]",5.477836609275455,5.383937358856201,-0.7122993467327365,19.499511702712223,-0.09626150169717018,0.0,0.043791450560092926,0.0,0.043791450560092926
29.330946,"[160.0145263671875, 4.498807430267334, 0.0]","[179.50680541992188, 4.5, 0.0]",5.463560104761277,5.371745586395264,-0.7138252257088862,19.4949035487783,-0.09389925041925373,0.0,0.043884843587875366,0.0,0.043884843587875366
29.351227,"[160.12408447265625, 4.498805999755859, 0.0]","[179.61463928222656, 4.5, 0.0]",5.449258804716364,5.359485149383545,-0.7150650022456517,19.49227903647132,-0.09181451836601351,0.0,0.0439581498503685,0.0,0.0439581498503685
29.371402,"[160.2333526611328, 4.498804569244385, 0.0]","[179.72366333007812, 4.5, 0.0]",5.4349403385323365,5.3470892906188965,-0.7159233092013828,19.490554793671247,-0.08977365533281922,0.0,0.04401560500264168,0.0,0.04401560500264168
29.392095,"[160.3423309326172, 4.49880313873291, 0.0]","[179.83059692382812, 4.5, 0.0]",5.4206066135577915,5.334930896759033,-0.7166862487272496,19.490310653028928,-0.08785104791344,0.0,0.04406105726957321,0.0,0.04406105726957321
29.411814,"[160.45103454589844, 4.4988017082214355, 0.0]","[179.93710327148438, 4.5, 0.0]",5.406822204988752,5.322793006896973,-0.6892204284519643,19.488265975468014,-0.0856757167987583,0.0,0.042370717972517014,0.0,0.042370717972517014
29.431186,"[160.5594482421875, 4.498800277709961, 0.0]","[180.0432891845703, 4.5, 0.0]",5.3930149082358545,5.310550212860107,-0.6903648376448857,19.48606870944402,-0.08402919809177956,0.0,0.042439453303813934,0.0,0.042439453303813934
29.452325,"[160.66758728027344, 4.498798847198486, 0.0]","[180.14923095703125, 4.5, 0.0]",5.379180908604066,5.298336505889894,-0.6916999815894442,19.483840926031828,-0.08246469537574708,0.0,0.04252324625849724,0.0,0.04252324625849724
29.471369,"[160.77545166015625, 4.498797416687012, 0.0]","[180.255615234375, 4.5, 0.0]",5.365324020785272,5.286072254180908,-0.692844390939662,19.48164366077273,-0.08084440271417126,0.0,0.042596157640218735,0.0,0.042596157640218735
29.492048,"[160.88304138183594, 4.498795986175537, 0.0]","[180.36154174804688, 4.5, 0.0]",5.351453781526427,5.273860454559326,-0.6935119629422726,19.48016355840784,-0.07925176660436417,0.0,0.042634516954422,0.0,0.042634516954422
29.512567,"[160.99034118652344, 4.4987945556640625, 0.0]","[180.46607971191406, 4.5, 0.0]",5.33801460306091,5.261765480041504,-0.6719589232758505,19.478500350382998,-0.07759332696710075,0.0,0.04130750522017479,0.0,0.04130750522017479
29.531497,"[161.0973663330078, 4.498793125152588, 0.0]","[180.56961059570312, 4.5, 0.0]",5.3246459964962005,5.249579429626465,-0.6684303282354698,19.4757385087766,-0.076249123019406,0.0,0.041094519197940826,0.0,0.041094519197940826
29.551729,"[161.20413208007812, 4.498791694641113, 0.0]","[180.67613220214844, 4.5, 0.0]",5.311267853186679,5.2370405197143555,-0.6689071654760959,19.472244246256647,-0.07506656686973567,0.0,0.041125498712062836,0.0,0.041125498712062836
29.572385,"[161.3106231689453, 4.498790264129639, 0.0]","[180.78158569335938, 4.5, 0.0]",5.297876358436226,5.224627494812012,-0.6695747375226269,19.472000105613947,-0.07422733347232313,0.0,0.04116109013557434,0.0,0.04116109013557434
29.592144,"[161.41685485839844, 4.498788833618164, 0.0]","[180.8861541748047, 4.5, 0.0]",5.28447341959632,5.2156524658203125,-0.6701469419953199,19.470962507746695,-0.07324886362421434,0.0,0.04120125621557236,0.0,0.04120125621557236
29.613284,"[161.52281188964844, 4.4987874031066895, 0.0]","[180.99014282226562, 4.5, 0.0]",5.271055221965706,5.196671009063721,-0.6709098815306902,19.46929929952721,-0.06882095377600717,0.0,0.041245631873607635,0.0,0.041245631873607635
29.632019,"[161.6284942626953, 4.498785972595215, 0.0]","[181.09361267089844, 4.5, 0.0]",5.257913589886059,5.190731525421143,-0.6570816039823235,19.467330915914292,-0.07438421290198516,0.0,0.04039629548788071,0.0,0.04039629548788071
29.652065,"[161.73391723632812, 4.49878454208374, 0.0]","[181.197021484375, 4.5, 0.0]",5.244762421060547,5.171465873718263,-0.6575584412756186,19.4651183914825,-0.06718206446491681,0.0,0.04042794555425644,0.0,0.04042794555425644
29.672041,"[161.83908081054688, 4.498783111572266, 0.0]","[181.3012237548828, 4.5, 0.0]",5.231605530191895,5.165435791015625,-0.6578445434326063,19.4631042313085,-0.07329654734228441,0.0,0.040443066507577896,0.0,0.040443066507577896
29.692016,"[161.9439697265625, 4.498781681060791, 0.0]","[181.404541015625, 4.5, 0.0]",5.218441009927994,5.146181106567383,-0.6582260131950513,19.46214292777404,-0.06616973917626989,0.0,0.040468666702508926,0.0,0.040468666702508926
29.711824,"[162.04859924316406, 4.498780250549316, 0.0]","[181.50820922851562, 4.5, 0.0]",5.205265045574709,5.140089988708496,-0.658798217664236,19.460571272288515,-0.07225990336061106,0.0,0.04050369933247566,0.0,0.04050369933247566
29.730719,"[162.15296936035156, 4.498778820037842, 0.0]","[181.60780334472656, 4.5, 0.0]",5.192426681928271,5.120608329772949,-0.6419181823218878,19.45960996855975,-0.06517505686621305,0.0,0.039463236927986145,0.0,0.039463236927986145
29.75143,"[162.257080078125, 4.498777389526367, 0.0]","[181.71205139160156, 4.5, 0.0]",5.179584503583681,5.113863468170166,-0.6421089172295336,19.454833967565655,-0.07181835215532217,0.0,0.0394761748611927,0.0,0.0394761748611927
29.775849,"[162.36093139648438, 4.498775959014893, 0.0]","[181.8163604736328, 4.5, 0.0]",5.166732788496219,5.093776702880859,-0.6425857543730817,19.4549712966493,-0.0657210354135147,0.0,0.0395030751824379,0.0,0.0395030751824379
29.792636,"[162.4645233154297, 4.498774528503418, 0.0]","[181.91458129882812, 4.5, 0.0]",5.153877258711332,5.087804794311523,-0.6427764892443566,19.455429060303235,-0.07295608561535971,0.0,0.03951673582196236,0.0,0.03951673582196236
29.812085,"[162.56785583496094, 4.498773097991943, 0.0]","[182.01805114746094, 4.5, 0.0]",5.141019821579608,5.067648410797119,-0.6428718565862024,19.45005796653575,-0.06607246439980852,0.0,0.03952176496386528,0.0,0.03952176496386528
29.83173,"[162.67092895507812, 4.498771667480469, 0.0]","[182.11729431152344, 4.5, 0.0]",5.127824783739144,5.0605316162109375,-0.659751892023186,19.450195295619395,-0.07337141078248877,0.0,0.040558166801929474,0.0,0.040558166801929474
29.851296,"[162.77374267578125, 4.498770236968994, 0.0]","[182.21974182128906, 4.5, 0.0]",5.1146297458978545,5.039639949798584,-0.6597518920644863,19.446365339350955,-0.06729316752820669,0.0,0.040562231093645096,0.0,0.040562231093645096
29.872131,"[162.8762969970703, 4.4987688064575195, 0.0]","[182.32113647460938, 4.5, 0.0]",5.101444244799268,5.032225131988525,-0.6592750549293314,19.445999128591726,-0.07498979609927048,0.0,0.040532175451517105,0.0,0.040532175451517105
29.894539,"[162.9785919189453, 4.498767375946045, 0.0]","[182.42178344726562, 4.5, 0.0]",5.088243484911191,5.011582374572754,-0.6600379944038615,19.444839460408637,-0.06921911281074244,0.0,0.04057524725794792,0.0,0.04057524725794792
29.912006,"[163.08062744140625, 4.49876594543457, 0.0]","[182.5224151611328, 4.5, 0.0]",5.075040817674471,5.004032611846924,-0.6601333618359906,19.443191511368635,-0.0766611103384367,0.0,0.04058091342449188,0.0,0.04058091342449188
29.933994,"[163.18238830566406, 4.498764514923096, 0.0]","[182.6216278076172, 4.5, 0.0]",5.06202125590407,4.982236862182617,-0.6509780885200378,19.441787702560188,-0.07100820582754697,0.0,0.04002171754837036,0.0,0.04002171754837036
29.95218,"[163.2838897705078, 4.498763084411621, 0.0]","[182.72027587890625, 4.5, 0.0]",5.048994064739291,4.973859786987305,-0.651359558238962,19.439239484965945,-0.07978439372145285,0.0,0.040043409913778305,0.0,0.040043409913778305
29.971266,"[163.3851318359375, 4.4987616539001465, 0.0]","[182.8207244873047, 4.5, 0.0]",5.035995483804437,4.951874256134033,-0.649929046742681,19.436386091393576,-0.07513427775198611,0.0,0.03995338827371597,0.0,0.03995338827371597
29.991666,"[163.48611450195312, 4.498760223388672, 0.0]","[182.91995239257812, 4.5, 0.0]",5.022983551429182,4.943408489227295,-0.6505966187627443,19.43559263434448,-0.08412122767040398,0.0,0.03999970108270645,0.0,0.03999970108270645
30.01388,"[163.5868377685547, 4.498758792877197, 0.0]","[183.02024841308594, 4.5, 0.0]",5.009958267613745,4.921146869659424,-0.651264190771883,19.433837873584526,-0.07957506220188737,0.0,0.0400364026427269,0.0,0.0400364026427269
30.03183,"[163.6873016357422, 4.498757362365723, 0.0]","[183.11480712890625, 4.5, 0.0]",4.996192932528509,4.911876678466797,-0.6882667542617682,19.433410627472902,-0.0888113979543208,0.0,0.04231458529829979,0.0,0.04231458529829979
30.051833,"[163.78750610351562, 4.498755931854248, 0.0]","[183.21424865722656, 4.5, 0.0]",4.982419968049218,4.888452053070068,-0.6886482239645719,19.42750547608827,-0.08431625406171239,0.0,0.04233464598655701,0.0,0.04233464598655701
30.070823,"[163.88743591308594, 4.498754501342773, 0.0]","[183.3104248046875, 4.5, 0.0]",4.968645096221584,4.878907680511475,-0.6887435913816908,19.4267425366173,-0.09396791497914947,0.0,0.04234328120946884,0.0,0.04234328120946884
30.091649,"[163.98709106445312, 4.498753070831299, 0.0]","[183.41017150878906, 4.5, 0.0]",4.954862594997337,4.858764171600342,-0.6891250612123478,19.422988874490315,-0.0897374157101094,0.0,0.04236539453268051,0.0,0.04236539453268051
30.111955,"[164.0864715576172, 4.498751640319824, 0.0]","[183.5058135986328, 4.5, 0.0]",4.941068649679671,4.842396259307861,-0.6896972658832823,19.42308042720678,-0.09609842339699526,0.0,0.04239822179079056,0.0,0.04239822179079056
30.131204,"[164.18556213378906, 4.49875020980835, 0.0]","[183.60353088378906, 4.5, 0.0]",4.926988602065938,4.824342250823975,-0.7040023806866635,19.419342023868854,-0.09867239037181008,0.0,0.043278567492961884,0.0,0.043278567492961884
30.151775,"[164.2843780517578, 4.498748779296875, 0.0]","[183.69940185546875, 4.5, 0.0]",4.912895203013698,4.806626796722412,-0.7046699526120026,19.417968733034044,-0.10264635124196353,0.0,0.04331930726766586,0.0,0.04331930726766586
30.171746,"[164.38291931152344, 4.4987473487854, 0.0]","[183.79603576660156, 4.5, 0.0]",4.898788452522303,4.788771152496338,-0.7053375245697602,19.415023786925946,-0.10626840629128598,0.0,0.043363697826862335,0.0,0.043363697826862335
30.191925,"[164.48117065429688, 4.498745918273926, 0.0]","[183.8920135498047, 4.5, 0.0]",4.884666443244642,4.7710371017456055,-0.7061004638830415,19.41311643827575,-0.11001730002596499,0.0,0.043409962207078934,0.0,0.043409962207078934
30.211325,"[164.5791473388672, 4.498744487762451, 0.0]","[183.9872589111328, 4.5, 0.0]",4.870529175174585,4.753211498260498,-0.7068634035028332,19.410842878688083,-0.11362934149903658,0.0,0.043456725776195526,0.0,0.043456725776195526
30.232045,"[164.6768341064453, 4.498743057250977, 0.0]","[184.0816650390625, 4.5, 0.0]",4.8553829196788865,4.734458923339844,-0.7573127747849462,19.408111555825574,-0.11731767691408734,0.0,0.04655962809920311,0.0,0.04655962809920311
30.25206,"[164.7742462158203, 4.498741626739502, 0.0]","[184.17587280273438, 4.5, 0.0]",4.840213776002749,4.715744972229004,-0.7584571838068932,19.404830915563664,-0.12092399633904272,0.0,0.0466274619102478,0.0,0.0466274619102478
30.271213,"[164.87135314941406, 4.498740196228027, 0.0]","[184.27064514160156, 4.5, 0.0]",4.825025558839321,4.696918964385987,-0.7594108581713943,19.40162656984307,-0.1244688037737447,0.0,0.04668467864394188,0.0,0.04668467864394188
30.292106,"[164.96815490722656, 4.498738765716553, 0.0]","[184.3649139404297, 4.5, 0.0]",4.809814453492461,4.678194522857666,-0.7605552673429994,19.39929197509897,-0.1281065944533335,0.0,0.04675677791237831,0.0,0.04675677791237831
30.312482,"[165.0646514892578, 4.498737812042236, 0.0]","[184.4586944580078, 4.5, 0.0]",4.794576645264918,4.659297466278076,-0.7618904113771308,19.396759016097075,-0.1316199306347947,0.0,0.046837665140628815,0.0,0.046837665140628815
30.331861,"[165.1608428955078, 4.49873685836792, 0.0]","[184.54931640625, 4.5, 0.0]",4.778438568482308,4.639829635620117,-0.8069038391305128,19.394042951432123,-0.13527917898684194,0.0,0.04960455372929573,0.0,0.04960455372929573
30.352085,"[165.25672912597656, 4.4987359046936035, 0.0]","[184.64297485351562, 4.5, 0.0]",4.762283325566044,4.619709014892578,-0.8077621458131734,19.38847349321213,-0.13860893286219067,0.0,0.049657996743917465,0.0,0.049657996743917465
30.371847,"[165.352294921875, 4.498734951019287, 0.0]","[184.7358856201172, 4.5, 0.0]",4.746101379767047,4.599750995635986,-0.8090972899498894,19.386245710197922,-0.14257431067346626,0.0,0.049741752445697784,0.0,0.049741752445697784
30.391409,"[165.44754028320312, 4.498733997344971, 0.0]","[184.8280487060547, 4.5, 0.0]",4.729885101691474,4.579953670501709,-0.8108139037786177,19.38359068088932,-0.14635038413106027,0.0,0.0498490184545517,0.0,0.0498490184545517
30.411408,"[165.54246520996094, 4.498733043670654, 0.0]","[184.91949462890625, 4.5, 0.0]",4.713636398688731,4.560213565826416,-0.8124351501371585,19.380508405487,-0.14993143118976526,0.0,0.049947988241910934,0.0,0.049947988241910934
30.431922,"[165.63706970214844, 4.498732089996338, 0.0]","[185.0099639892578, 4.5, 0.0]",4.696470260993253,4.540233135223389,-0.8583068847738851,19.377029401569082,-0.15342283286231506,0.0,0.05276675149798393,0.0,0.05276675149798393
30.45219,"[165.73133850097656, 4.4987311363220215, 0.0]","[185.1002655029297, 4.5, 0.0]",4.679275513067551,4.520290374755859,-0.8597373962851318,19.372894269721534,-0.1562371257698647,0.0,0.05285531282424927,0.0,0.05285531282424927
30.471517,"[165.8252716064453, 4.498730182647705, 0.0]","[185.19126892089844, 4.5, 0.0]",4.662048340212756,4.5001912117004395,-0.8613586427397291,19.368926984553656,-0.15898513831169137,0.0,0.05295555293560028,0.0,0.05295555293560028
30.492076,"[165.91885375976562, 4.498729228973389, 0.0]","[185.28138732910156, 4.5, 0.0]",4.644784927732615,4.48029088973999,-0.8631706240070702,19.365997297243144,-0.1618571285123167,0.0,0.053063489496707916,0.0,0.053063489496707916
30.512929,"[166.01210021972656, 4.498728275299072, 0.0]","[185.37171936035156, 4.5, 0.0]",4.6274776462328795,4.463727951049805,-0.865364074986763,19.36253355231538,-0.16449403799262452,0.0,0.05320113152265549,0.0,0.05320113152265549
30.531777,"[166.10499572753906, 4.498727321624756, 0.0]","[185.4578399658203, 4.5, 0.0]",4.60936546360886,4.438337326049805,-0.9056091312009684,19.359619123994136,-0.1637496951830748,0.0,0.05567678064107895,0.0,0.05567678064107895
30.553068,"[166.19754028320312, 4.4987263679504395, 0.0]","[185.54776000976562, 4.5, 0.0]",4.591209411968339,4.425453186035156,-0.9078025820260738,19.35284422183962,-0.17102813755905544,0.0,0.05580872669816017,0.0,0.05580872669816017
30.57377,"[166.28973388671875, 4.498725414276123, 0.0]","[185.63673400878906, 4.5, 0.0]",4.573005676615196,4.399445056915283,-0.9101867676571285,19.350219709909453,-0.1657562259331824,0.0,0.05595536157488823,0.0,0.05595536157488823
30.591154,"[166.38156127929688, 4.498724460601807, 0.0]","[185.7230682373047, 4.5, 0.0]",4.554752350201588,4.387339115142822,-0.9126663206803887,19.34700010480274,-0.17356061969991288,0.0,0.05610957369208336,0.0,0.05610957369208336
30.611781,"[166.4730224609375, 4.49872350692749, 0.0]","[185.8108673095703, 4.5, 0.0]",4.536447525373037,4.361725807189942,-0.9152412414275446,19.341506940526934,-0.16741323505876604,0.0,0.056269366294145584,0.0,0.056269366294145584
30.631681,"[166.56411743164062, 4.498722553253174, 0.0]","[185.8975067138672, 4.5, 0.0]",4.517520904887493,4.3504719734191895,-0.9463310242772138,19.33784483134232,-0.17472171818309512,0.0,0.05817856267094612,0.0,0.05817856267094612
30.651276,"[166.65484619140625, 4.498721599578857, 0.0]","[185.9857635498047, 4.5, 0.0]",4.498546600686831,4.325549602508545,-0.948715210033102,19.33338926472245,-0.16704893146830369,0.0,0.058325834572315216,0.0,0.058325834572315216
30.672134,"[166.7451934814453, 4.498720645904541, 0.0]","[186.0727081298828, 4.5, 0.0]",4.479516983373727,4.314231872558594,-0.9514808656552187,19.330917341084856,-0.17299699817828618,0.0,0.0584942065179348,0.0,0.0584942065179348
30.692361,"[166.8351593017578, 4.498719692230225, 0.0]","[186.15902709960938, 4.5, 0.0]",4.460428238251844,4.2897114753723145,-0.9544372560941206,19.327514631516138,-0.16528511081513297,0.0,0.05867770314216614,0.0,0.05867770314216614
30.711346,"[166.92474365234375, 4.498718738555908, 0.0]","[186.24342346191406, 4.5, 0.0]",4.441284180020522,4.279112815856934,-0.9572029115661351,19.3238677805149,-0.17071676287952986,0.0,0.0588456355035305,0.0,0.0588456355035305
30.731329,"[167.01394653320312, 4.498717784881592, 0.0]","[186.330078125, 4.5, 0.0]",4.422492981287164,4.255773544311523,-0.9395599366678997,19.318679792626487,-0.16217136416358802,0.0,0.05776326358318329,0.0,0.05776326358318329
30.751699,"[167.10276794433594, 4.498716831207275, 0.0]","[186.4145965576172, 4.5, 0.0]",4.403644562097442,4.2461748123168945,-0.9424209594860677,19.316131574841677,-0.16671943697564018,0.0,0.057937026023864746,0.0,0.057937026023864746
30.772387,"[167.19122314453125, 4.498715877532959, 0.0]","[186.4999237060547, 4.5, 0.0]",4.384737015099732,4.223089694976807,-0.9453773498855345,19.31182859611262,-0.15746974978054773,0.0,0.05811791121959686,0.0,0.05811791121959686
30.79243,"[167.279296875, 4.498714923858643, 0.0]","[186.5846710205078, 4.5, 0.0]",4.365770340294021,4.213449001312256,-0.9483337402855341,19.308700543937697,-0.16164732012292493,0.0,0.0583028681576252,0.0,0.0583028681576252
30.811519,"[167.3669891357422, 4.498713970184326, 0.0]","[186.66697692871094, 4.5, 0.0]",4.346750259726221,4.191133499145508,-0.9510040283899901,19.305374128316302,-0.15232133898176503,0.0,0.0584639348089695,0.0,0.0584639348089695
30.831559,"[167.4542999267578, 4.49871301651001, 0.0]","[186.7501678466797, 4.5, 0.0]",4.327861786214163,4.183008670806885,-0.9444236756029234,19.29998777576596,-0.15561676058071328,0.0,0.05806203559041023,0.0,0.05806203559041023
30.851941,"[167.54122924804688, 4.498712062835693, 0.0]","[186.8352813720703, 4.5, 0.0]",4.308923721637678,4.1612091064453125,-0.9469032288242474,19.295867902707712,-0.14485311540727785,0.0,0.058214545249938965,0.0,0.058214545249938965
30.87124,"[167.62779235839844, 4.498711109161377, 0.0]","[186.9190673828125, 4.5, 0.0]",4.28993415864825,4.152979373931885,-0.9494781494713944,19.294052106797725,-0.14771461519236517,0.0,0.05837226286530495,0.0,0.05837226286530495
30.892207,"[167.71397399902344, 4.4987101554870605, 0.0]","[187.0021514892578, 4.5, 0.0]",4.270891189896928,4.131540775299072,-0.9521484375660805,19.29127500717688,-0.13695478471636502,0.0,0.05853348970413208,0.0,0.05853348970413208
30.913282,"[167.79977416992188, 4.498709201812744, 0.0]","[187.08628845214844, 4.5, 0.0]",4.251796722732447,4.1234331130981445,-0.9547233582240633,19.288177472985737,-0.1393504145978559,0.0,0.0586966872215271,0.0,0.0586966872215271
30.931684,"[167.88519287109375, 4.498708248138428, 0.0]","[187.16519165039062, 4.5, 0.0]",4.23385620149116,4.103663444519043,-0.8970260620643433,19.286514264966367,-0.12836360963430238,0.0,0.05514412373304367,0.0,0.05514412373304367
30.951345,"[167.97023010253906, 4.498707294464111, 0.0]","[187.24697875976562, 4.5, 0.0]",4.21586990388462,4.0967488288879395,-0.8993148803269957,19.279998762025485,-0.13019275697211707,0.0,0.055288705974817276,0.0,0.055288705974817276
30.971024,"[168.05490112304688, 4.498706340789795, 0.0]","[187.32907104492188, 4.5, 0.0]",4.197834015212532,4.076449394226074,-0.9017944336044081,19.276748639535892,-0.11912107499668068,0.0,0.055440302938222885,0.0,0.055440302938222885
30.996273,"[168.13922119140625, 4.4987053871154785, 0.0]","[187.4127197265625, 4.5, 0.0]",4.179754257523935,4.069227695465088,-0.9039878844298688,19.27416990417259,-0.12138462098645775,0.0,0.05557231232523918,0.0,0.05557231232523918
31.011623,"[168.22317504882812, 4.498704433441162, 0.0]","[187.4937286376953, 4.5, 0.0]",4.16163635286109,4.052542209625244,-0.9058952331422176,19.2734985176463,-0.1105265620588467,0.0,0.05569017305970192,0.0,0.05569017305970192
31.032581,"[168.3067626953125, 4.498703479766846, 0.0]","[187.57301330566406, 4.5, 0.0]",4.144290924396166,4.039945602416992,-0.8672714232462297,19.27055357114119,-0.1090941432358461,0.0,0.053315192461013794,0.0,0.053315192461013794
31.05228,"[168.38999938964844, 4.498702526092529, 0.0]","[187.65513610839844, 4.5, 0.0]",4.126901626911269,4.0268988609313965,-0.8694648742448408,19.266250592613964,-0.10434532197917346,0.0,0.05345506593585014,0.0,0.05345506593585014
31.07231,"[168.47288513183594, 4.498701572418213, 0.0]","[187.73583984375, 4.5, 0.0]",4.10946846040918,4.014075756072998,-0.8716583251044518,19.265136701000554,-0.10000276597987234,0.0,0.053586870431900024,0.0,0.053586870431900024
31.091884,"[168.555419921875, 4.4987006187438965, 0.0]","[187.81617736816406, 4.5, 0.0]",4.092002868979848,4.001312732696533,-0.8732795714665897,19.262954693742163,-0.09539270433618174,0.0,0.05368771031498909,0.0,0.05368771031498909
31.112575,"[168.63760375976562, 4.49869966506958, 0.0]","[187.89649963378906, 4.5, 0.0]",4.074504852622772,3.9885902404785156,-0.8749008178538187,19.26075742831079,-0.09069013628331479,0.0,0.05378812178969383,0.0,0.05378812178969383
31.132179,"[168.7194366455078, 4.498698711395264, 0.0]","[187.97447204589844, 4.5, 0.0]",4.0582389834820844,3.9764139652252197,-0.8132934570343586,19.25889585603325,-0.085914612144256,0.0,0.05000130832195282,0.0,0.05000130832195282
31.15159,"[168.80093383789062, 4.498697757720947, 0.0]","[188.0531463623047, 4.5, 0.0]",4.041940689412174,3.964128017425537,-0.8149147034955284,19.25503538259422,-0.08182501825686472,0.0,0.05010160803794861,0.0,0.05010160803794861
31.172301,"[168.88209533691406, 4.498696804046631, 0.0]","[188.1328582763672, 4.5, 0.0]",4.025615692462129,3.9516820907592773,-0.8162498475022595,19.252212506605943,-0.07781267198663677,0.0,0.050181180238723755,0.0,0.050181180238723755
31.192649,"[168.9629364013672, 4.4986958503723145, 0.0]","[188.2135009765625, 4.5, 0.0]",4.009269714675769,3.9390869140625004,-0.8172988893179856,19.25076292183863,-0.07393360170285135,0.0,0.05024465546011925,0.0,0.05024465546011925
31.211986,"[169.04344177246094, 4.498694896697998, 0.0]","[188.2921905517578, 4.5, 0.0]",3.992907047589576,3.926795244216919,-0.818133354309647,19.250564557363447,-0.07018280061326854,0.0,0.05029618740081787,0.0,0.05029618740081787
31.230604,"[169.12362670898438, 4.498693943023682, 0.0]","[188.3688201904297, 4.5, 0.0]",3.9775738719281066,3.914794445037842,-0.7666587830734706,19.248748761453214,-0.0661118033726571,0.0,0.047131795436143875,0.0,0.047131795436143875
31.251244,"[169.2034912109375, 4.498692989349365, 0.0]","[188.4483184814453, 4.5, 0.0]",3.9622216227826517,3.9023449420928955,-0.7676124572727483,19.24519346358999,-0.06277942689026483,0.0,0.047191910445690155,0.0,0.047191910445690155
31.271184,"[169.2830352783203, 4.498692035675049, 0.0]","[188.52523803710938, 4.5, 0.0]",3.94685888321691,3.8902997970581055,-0.7681369782870817,19.244827252434302,-0.05987668068975616,0.0,0.0472232811152935,0.0,0.0472232811152935
31.291549,"[169.36227416992188, 4.498691082000732, 0.0]","[188.60333251953125, 4.5, 0.0]",3.931492328952907,3.8780694007873535,-0.7683277132001454,19.242202741116174,-0.05655908615880456,0.0,0.047234565019607544,0.0,0.047234565019607544
31.311797,"[169.4412078857422, 4.498690128326416, 0.0]","[188.68080139160156, 4.5, 0.0]",3.9168133738735667,3.8659145832061768,-0.7339477539670236,19.241058332336124,-0.05342292816555361,0.0,0.04512086510658264,0.0,0.04512086510658264
31.33233,"[169.51983642578125, 4.4986891746521, 0.0]","[188.7576904296875, 4.5, 0.0]",3.9021344187962503,3.85371470451355,-0.7339477538658157,19.239593488163063,-0.05089879066738989,0.0,0.04512125253677368,0.0,0.04512125253677368
31.351008,"[169.59817504882812, 4.498688220977783, 0.0]","[188.83453369140625, 4.5, 0.0]",3.887457371068264,3.841524124145508,-0.733852386399314,19.23785398578504,-0.04841971428270053,0.0,0.045114245265722275,0.0,0.045114245265722275
31.371432,"[169.6762237548828, 4.498687267303467, 0.0]","[188.91302490234375, 4.5, 0.0]",3.8727917674310257,3.829071521759033,-0.7332801818619172,19.236358624237724,-0.04593324692275624,0.0,0.045079998672008514,0.0,0.045079998672008514
31.392512,"[169.75396728515625, 4.49868631362915, 0.0]","[188.98985290527344, 4.5, 0.0]",3.8581357005378134,3.8168818950653076,-0.7328033446606153,19.236801129522718,-0.04372024567199251,0.0,0.04505109041929245,0.0,0.04505109041929245
31.412122,"[169.8314208984375, 4.498685359954834, 0.0]","[189.06607055664062, 4.5, 0.0]",3.843487263042571,3.8047573566436768,-0.7324218747621236,19.235885601127897,-0.04125380547250579,0.0,0.04502705857157707,0.0,0.04502705857157707
31.431928,"[169.90858459472656, 4.498684406280518, 0.0]","[189.1416778564453, 4.5, 0.0]",3.829638004623935,3.7958998680114746,-0.6924629209317912,19.23464963878305,-0.038729906398894176,0.0,0.0425705723464489,0.0,0.0425705723464489
31.451328,"[169.98545837402344, 4.498683452606201, 0.0]","[189.2172088623047, 4.5, 0.0]",3.8158011439693826,3.777053117752075,-0.6918430327276237,19.23309324270456,-0.0337381366124605,0.0,0.04253310710191727,0.0,0.04253310710191727
31.471515,"[170.0620574951172, 4.498682498931885, 0.0]","[189.29336547851562, 4.5, 0.0]",3.801979542105063,3.771440267562866,-0.69108009321599,19.23175046862586,-0.03874802621730744,0.0,0.04248686507344246,0.0,0.04248686507344246
31.492162,"[170.13836669921875, 4.498681545257568, 0.0]","[189.36749267578125, 4.5, 0.0]",3.788174152703476,3.752819061279297,-0.6902694700793521,19.23130796414989,-0.030539274542196626,0.0,0.0424354188144207,0.0,0.0424354188144207
31.511554,"[170.2144012451172, 4.498680591583252, 0.0]","[189.4439239501953, 4.5, 0.0]",3.774388790461889,3.747126579284668,-0.6892681120793442,19.229125957510938,-0.03535509142417892,0.0,0.04237556457519531,0.0,0.04237556457519531
31.532845,"[170.2901611328125, 4.4986796379089355, 0.0]","[189.51710510253906, 4.5, 0.0]",3.7608599666125198,3.7284605503082275,-0.6764411924684577,19.229522685594382,-0.02726221117722094,0.0,0.04158719629049301,0.0,0.04158719629049301
31.55163,"[170.3656463623047, 4.498678684234619, 0.0]","[189.59280395507812, 4.5, 0.0]",3.7473464015492373,3.7227189540863037,-0.6756782531641248,19.226943950650046,-0.03239941630429222,0.0,0.0415399894118309,0.0,0.0415399894118309
31.574077,"[170.44085693359375, 4.498677730560303, 0.0]","[189.66748046875, 4.5, 0.0]",3.7338471416023213,3.7038087844848633,-0.674962997345796,19.227157573264254,-0.02462744746293355,0.0,0.041495319455862045,0.0,0.041495319455862045
31.591968,"[170.51580810546875, 4.498676776885986, 0.0]","[189.7402801513672, 4.5, 0.0]",3.7203612330965687,3.6985409259796143,-0.6742954252876299,19.226623515423622,-0.03003835711745806,0.0,0.04145381972193718,0.0,0.04145381972193718
31.612685,"[170.59048461914062, 4.49867582321167, 0.0]","[189.815673828125, 4.5, 0.0]",3.7075772288840447,3.679477691650391,-0.6392002106262007,19.224472026574304,-0.021820307116954485,0.0,0.03929771110415459,0.0,0.03929771110415459
31.631583,"[170.66488647460938, 4.4986748695373535, 0.0]","[189.88890075683594, 4.5, 0.0]",3.694798946717509,3.673936605453491,-0.6389141083267935,19.225189189436897,-0.02809953723365366,0.0,0.03927792236208916,0.0,0.03927792236208916
31.652164,"[170.73904418945312, 4.498673915863037, 0.0]","[189.96177673339844, 4.5, 0.0]",3.682034969667666,3.6551198959350586,-0.6381988524921445,19.224014262666362,-0.020862341264017648,0.0,0.03923580050468445,0.0,0.03923580050468445
31.672245,"[170.8129425048828, 4.498672962188721, 0.0]","[190.03561401367188, 4.5, 0.0]",3.6692891124269744,3.6494784355163574,-0.6372928620345775,19.222732524372404,-0.026915073732607375,0.0,0.039177823811769485,0.0,0.039177823811769485
31.692065,"[170.88658142089844, 4.498672008514404, 0.0]","[190.10716247558594, 4.5, 0.0]",3.656567097044041,3.63088321685791,-0.6361007691466636,19.22267148899203,-0.019810676910616998,0.0,0.03910603001713753,0.0,0.03910603001713753
31.714532,"[170.9599609375, 4.498671054840088, 0.0]","[190.18185424804688, 4.5, 0.0]",3.6437592509731127,3.6250574588775635,-0.6403923035464221,19.220581035089133,-0.025683880186130992,0.0,0.039369579404592514,0.0,0.039369579404592514
31.731128,"[171.03309631347656, 4.4986701011657715, 0.0]","[190.25299072265625, 4.5, 0.0]",3.630972385735273,3.606324195861817,-0.6393432618919892,19.22189329156818,-0.01870179209554923,0.0,0.03930635377764702,0.0,0.03930635377764702
31.750866,"[171.10597229003906, 4.498669147491455, 0.0]","[190.32369995117188, 4.5, 0.0]",3.618208408681922,3.6009957790374756,-0.6381988526675375,19.219894389344052,-0.024648189873456072,0.0,0.0392347015440464,0.0,0.0392347015440464
31.771041,"[171.1785888671875, 4.498668193817139, 0.0]","[190.39559936523438, 4.5, 0.0]",3.6054692271611746,3.582132339477539,-0.63695907603738,19.217727641707686,-0.017212629644446586,0.0,0.03915910795331001,0.0,0.03915910795331001
31.791634,"[171.25094604492188, 4.498667240142822, 0.0]","[190.46922302246094, 4.5, 0.0]",3.5927557948469833,3.5763096809387207,-0.6356716157095654,19.21701047860911,-0.02333688768363551,0.0,0.039079420268535614,0.0,0.039079420268535614
31.811668,"[171.32305908203125, 4.498666286468506, 0.0]","[190.54051208496094, 4.5, 0.0]",3.5802426341396263,3.557511806488037,-0.6256580353678487,19.218276957876775,-0.01644611390826256,0.0,0.03846278041601181,0.0,0.03846278041601181
31.83093,"[171.39491271972656, 4.4986653327941895, 0.0]","[190.6099090576172, 4.5, 0.0]",3.567746639570391,3.552201747894287,-0.6247997284617668,19.21745298325465,-0.02273082765158918,0.0,0.038410961627960205,0.0,0.038410961627960205
31.851231,"[171.46652221679688, 4.498664379119873, 0.0]","[190.68202209472656, 4.5, 0.0]",3.555268764811486,3.533087730407715,-0.6238937379452469,19.214996318626564,-0.015544891676103845,0.0,0.03835444897413254,0.0,0.03835444897413254
31.87352,"[171.53787231445312, 4.498663425445557, 0.0]","[190.7531280517578, 4.5, 0.0]",3.5428099635393218,3.527482032775879,-0.6229400636082127,19.215499858653015,-0.02218103440377117,0.0,0.03829624131321907,0.0,0.03829624131321907
31.891956,"[171.60897827148438, 4.49866247177124, 0.0]","[190.82379150390625, 4.5, 0.0]",3.5303711894281493,3.5086190700531006,-0.6219387055586223,19.215255718015463,-0.015327930763442854,0.0,0.03823499009013176,0.0,0.03823499009013176
31.912122,"[171.67984008789062, 4.498661518096924, 0.0]","[190.89480590820312, 4.5, 0.0]",3.5179524424782507,3.5030016899108887,-0.620937347494932,19.214813213120117,-0.02175211937504873,0.0,0.03817363455891609,0.0,0.03817363455891609
31.93111,"[171.7504425048828, 4.498660564422607, 0.0]","[190.9623565673828, 4.5, 0.0]",3.452056408231373,3.4878745079040527,-3.2948017123438866,19.214965800998158,-0.014950752567362002,0.0,0.20255699753761292,0.0,0.20255699753761292
31.951509,"[171.82080078125, 4.498659610748291, 0.0]","[191.0330352783203, 4.5, 0.0]",3.386550426779915,3.4721999168395996,-3.2752990725728903,19.21191404317335,0.03581809967267979,0.0,0.20135733485221863,0.0,0.20135733485221863
31.972146,"[171.8898468017578, 4.498658657073975, 0.0]","[191.1029052734375, 4.5, 0.0]",3.3212704661414416,3.466668128967285,-3.263998031923676,19.2122344779431,0.08564949005968447,0.0,0.20066210627555847,0.0,0.20066210627555847
31.991818,"[171.95758056640625, 4.498657703399658, 0.0]","[191.17221069335938, 4.5, 0.0]",3.255937099741851,3.4478993415832524,-3.2666683199795266,19.21305845253996,0.14539766282584354,0.0,0.20082634687423706,0.0,0.20082634687423706
32.011375,"[172.0240020751953, 4.498656749725342, 0.0]","[191.24119567871094, 4.5, 0.0]",3.1903281214659893,3.4425392150878906,-3.280448913793088,19.214630107162908,0.19196224184140132,0.0,0.20167304575443268,0.0,0.20167304575443268
32.031878,"[172.08912658691406, 4.498655796051025, 0.0]","[191.3084716796875, 4.5, 0.0]",3.1242756846325848,3.424222707748413,-3.302621841670228,19.217193584138226,0.2522110936219013,0.0,0.2030370533466339,0.0,0.2030370533466339
32.052417,"[172.15293884277344, 4.498654842376709, 0.0]","[191.37791442871094, 4.5, 0.0]",3.057661533627435,3.4188642501831055,-3.3307075502574834,19.219345072743565,0.2999470231158283,0.0,0.20476427674293518,0.0,0.20476427674293518
32.071442,"[172.21542358398438, 4.498653888702393, 0.0]","[191.4449920654297, 4.5, 0.0]",2.9904093745061107,3.400581121444702,-3.3626079560662214,19.22497556589415,0.3612027165556704,0.0,0.2067253589630127,0.0,0.2067253589630127
32.091735,"[172.27658081054688, 4.498652935028076, 0.0]","[191.5147247314453, 4.5, 0.0]",2.922470569877272,3.3951714038848877,-3.396940231441925,19.229568461388588,0.4101717469385915,0.0,0.20883427560329437,0.0,0.20883427560329437
32.112273,"[172.33639526367188, 4.49865198135376, 0.0]","[191.58282470703125, 4.5, 0.0]",2.8538279536023192,3.3768131732940674,-3.432130813747647,19.238143900613633,0.47270083400761553,0.0,0.21099990606307983,0.0,0.21099990606307983
32.130773,"[172.3948516845703, 4.498651027679443, 0.0]","[191.6485137939453, 4.5, 0.0]",2.788333416243328,3.3726654052734375,-3.2747268679495622,19.24642942327519,0.5229852196917482,0.0,0.20132198929786682,0.0,0.20132198929786682
32.150996,"[172.45193481445312, 4.498650074005127, 0.0]","[191.71560668945312, 4.5, 0.0]",2.7221102717080385,3.3549535274505615,-3.3111572267644718,19.253662089277196,0.5843319890301095,0.0,0.20356252789497375,0.0,0.20356252789497375
32.170955,"[172.50770568847656, 4.4986491203308105, 0.0]","[191.78297424316406, 4.5, 0.0]",2.6551947596182752,3.3505303859710693,-3.345775604488166,19.263671854673554,0.632843255742523,0.0,0.2056886851787567,0.0,0.2056886851787567
32.191641,"[172.56214904785156, 4.498648166656494, 0.0]","[191.8499755859375, 4.5, 0.0]",2.5876383783878367,3.3328311443328857,-3.377819061521925,19.275268534346882,0.6953356263527941,0.0,0.20766061544418335,0.0,0.20766061544418335
32.211405,"[172.61524963378906, 4.498647212982178, 0.0]","[191.91806030273438, 4.5, 0.0]",2.519484043360767,3.3285157680511475,-3.4077167513534956,19.287826517731062,0.745192765945049,0.0,0.20949923992156982,0.0,0.20949923992156982
32.231398,"[172.66700744628906, 4.4986467361450195, 0.0]","[191.9829559326172, 4.5, 0.0]",2.4507737162043446,3.312437772750855,-3.435516357821111,19.302810648791162,0.8090317246903806,0.0,0.21120643615722656,0.0,0.21120643615722656
32.25177,"[172.71739196777344, 4.498646259307861, 0.0]","[192.05029296875, 4.5, 0.0]",2.3815398218491945,3.309340476989746,-3.461694717757502,19.31594846595098,0.8616640565465103,0.0,0.21281541883945465,0.0,0.21281541883945465
32.272167,"[172.7664031982422, 4.498645782470703, 0.0]","[192.116943359375, 4.5, 0.0]",2.31180524847666,3.2930078506469727,-3.4867286686267374,19.33290098123645,0.9278006551405515,0.0,0.2143564075231552,0.0,0.2143564075231552
32.291557,"[172.8140411376953, 4.498645305633545, 0.0]","[192.18304443359375, 4.5, 0.0]",2.2415900232490578,3.290090560913086,-3.510761261380102,19.35054014116998,0.9812026021703129,0.0,0.21583382785320282,0.0,0.21583382785320282
32.313373,"[172.8602752685547, 4.498644828796387, 0.0]","[192.2479705810547, 4.5, 0.0]",2.1709122659781137,3.274364471435547,-3.5338878635472026,19.369003275927522,1.0485005376640282,0.0,0.2172531634569168,0.0,0.2172531634569168
32.33145,"[172.9051055908203, 4.4986443519592285, 0.0]","[192.3140106201172, 4.5, 0.0]",2.182528019153026,3.2736473083496094,0.5807876587456073,19.38769529208995,1.1034522054574332,0.21030927076935768,0.0,0.21030927076935768,0.0
32.352063,"[172.94851684570312, 4.49864387512207, 0.0]","[192.37918090820312, 4.5, 0.0]",2.1936726572149516,3.263025999069214,0.5572319030962891,19.408905009094077,1.0911192891965835,0.20177029073238373,0.0,0.20177029073238373,0.0
32.371361,"[172.99217224121094, 4.498643398284912, 0.0]","[192.44491577148438, 4.5, 0.0]",2.2044587137339815,3.255674362182617,0.5393028259514931,19.43066404250427,1.0693533418542622,0.19527800381183624,0.0,0.19527800381183624,0.0
32.391462,"[173.03604125976562, 4.498642921447754, 0.0]","[192.50999450683594, 4.5, 0.0]",2.2150731088756546,3.2483978271484375,0.530719757083653,19.452743510484602,1.0512156484486357,0.19216472283005714,0.0,0.19216472283005714,0.0
32.412794,"[173.0801239013672, 4.498642444610596, 0.0]","[192.57493591308594, 4.5, 0.0]",2.2256646158336384,3.2416622638702393,0.5295753478991916,19.47395322705784,1.033324718272783,0.19175132736563683,0.0,0.19175132736563683,0.0
32.430799,"[173.12442016601562, 4.4986419677734375, 0.0]","[192.63841247558594, 4.5, 0.0]",2.2377877237442756,3.237518787384033,0.6061553955318599,19.494811991265927,1.0159976480366009,0.2194887399673462,0.0,0.2194887399673462,0.0
32.451221,"[173.16893005371094, 4.498641490936279, 0.0]","[192.7042236328125, 4.5, 0.0]",2.250066280567209,3.233222484588624,0.6139278411466664,19.513992289325444,0.9997310636397576,0.22229941561818123,0.0,0.22229941561818123,0.0
32.472297,"[173.21368408203125, 4.498641014099121, 0.0]","[192.76919555664062, 4.5, 0.0]",2.2625575067640846,3.2289810180664062,0.6245613098437852,19.535293559064307,0.983156204021415,0.22615566849708557,0.0,0.22615566849708557,0.0
32.491881,"[173.25868225097656, 4.498640537261963, 0.0]","[192.8340301513672, 4.5, 0.0]",2.275295734608472,3.224748134613038,0.6369113922193748,19.555511454779683,0.9664235113023216,0.23061836138367653,0.0,0.23061836138367653,0.0
32.513047,"[173.30393981933594, 4.498640060424805, 0.0]","[192.89862060546875, 4.5, 0.0]",2.2865386011267597,3.2210769653320317,0.5621433259143771,19.575347880336917,0.9494524000045659,0.2035488374531269,0.0,0.2035488374531269,0.0
32.531485,"[173.3494415283203, 4.4986395835876465, 0.0]","[192.96316528320312, 4.5, 0.0]",2.298054218501638,3.219923973083496,0.5757808687439248,19.594680765637893,0.934538364205272,0.20849298685789108,0.0,0.20849298685789108,0.0
32.55211,"[173.39517211914062, 4.498639106750488, 0.0]","[193.0274200439453, 4.5, 0.0]",2.3098292352881815,3.218775749206543,0.5887508393271679,19.613723734596363,0.9218697545818579,0.21318037062883377,0.0,0.21318037062883377,0.0
32.571546,"[173.44113159179688, 4.49863862991333, 0.0]","[193.0920867919922, 4.5, 0.0]",2.32184267065557,3.2176203727722172,0.6006717683694207,19.632247904293155,0.9089465139183615,0.21749792620539665,0.0,0.21749792620539665,0.0
32.592436,"[173.48733520507812, 4.498638153076172, 0.0]","[193.1563262939453, 4.5, 0.0]",2.3340744974409544,3.2164726257324223,0.611591339269224,19.650955179892474,0.8957777021166473,0.2214493416249752,0.0,0.2214493416249752,0.0
32.611941,"[173.5337677001953, 4.498637676239014, 0.0]","[193.2205810546875, 4.5, 0.0]",2.3465018274604827,3.2158923149108896,0.6213665009764169,19.66899106833912,0.8823981282914679,0.22499948740005493,0.0,0.22499948740005493,0.0
32.631569,"[173.5804443359375, 4.4986371994018555, 0.0]","[193.28390502929688, 4.5, 0.0]",2.3576416971523493,3.217946767807007,0.5569934845933266,19.686813333955904,0.8693904874504068,0.20169196650385857,0.0,0.20169196650385857,0.0
32.651089,"[173.62738037109375, 4.498636722564697, 0.0]","[193.34829711914062, 4.5, 0.0]",2.3689427378031245,3.2200357913970947,0.5650520325387598,19.703460672814984,0.8603050706546576,0.2046063356101513,0.0,0.2046063356101513,0.0
32.671469,"[173.67453002929688, 4.498636245727539, 0.0]","[193.4144744873047, 4.5, 0.0]",2.3803868296011976,3.222182989120484,0.5722045899036576,19.720916727494306,0.8510930535939703,0.20718837156891823,0.0,0.20718837156891823,0.0
32.693908,"[173.72190856933594, 4.498635768890381, 0.0]","[193.4788360595703, 4.5, 0.0]",2.3919539453858967,3.224271059036255,0.5783557892349522,19.739944437664384,0.8417961595192862,0.2094241976737976,0.0,0.2094241976737976,0.0
32.713108,"[173.76951599121094, 4.498635292053223, 0.0]","[193.54315185546875, 4.5, 0.0]",2.4036288263681973,3.226927757263184,0.5837440491150314,19.75692746966534,0.8323171136503582,0.2113720029592514,0.0,0.2113720029592514,0.0
32.733083,"[173.81735229492188, 4.4986348152160645, 0.0]","[193.60800170898438, 4.5, 0.0]",2.418596744768198,3.2322630882263184,0.7483959200000445,19.773635843244293,0.8232989308949867,0.2710007131099701,0.0,0.2710007131099701,0.0
32.752962,"[173.86541748046875, 4.498634338378906, 0.0]","[193.6727294921875, 4.5, 0.0]",2.4336276056720583,3.2375881671905518,0.7515430451930039,19.79064939304065,0.8136663434581202,0.2721385098993778,0.0,0.2721385098993778,0.0
32.771495,"[173.91378784179688, 4.498633861541748, 0.0]","[193.73800659179688, 4.5, 0.0]",2.4487214090799014,3.246291160583496,0.7546901703921582,19.807311990907152,0.8039605615184935,0.2732793241739273,0.0,0.2732793241739273,0.0
32.791757,"[173.96246337890625, 4.49863338470459, 0.0]","[193.80279541015625, 4.5, 0.0]",2.463882923363955,3.244954586029053,0.7580757142026773,19.82421872918018,0.7975697515035947,0.27449170127511024,0.0,0.27449170127511024,0.0
32.811777,"[174.01144409179688, 4.498632907867432, 0.0]","[193.86734008789062, 4.5, 0.0]",2.479115009548256,3.257455825805664,0.7616043092150582,19.84033201064042,0.7810716626650982,0.27577828615903854,0.0,0.27577828615903854,0.0
32.831946,"[174.0607147216797, 4.498632431030273, 0.0]","[193.93295288085938, 4.5, 0.0]",2.494421482328955,3.2592060565948486,0.7653236390349427,19.855895975257685,0.7783408162574079,0.2771255001425743,0.0,0.2771255001425743,0.0
32.851272,"[174.11029052734375, 4.498631954193115, 0.0]","[193.99842834472656, 4.5, 0.0]",2.509802341705211,3.27427339553833,0.7690429688127942,19.872238138554025,0.7647845742658936,0.27846384793519974,0.0,0.27846384793519974,0.0
32.871363,"[174.16017150878906, 4.498631477355957, 0.0]","[194.06439208984375, 4.5, 0.0]",2.525259495025588,3.2760689258575444,0.7728576660188669,19.888137796749113,0.7644710538331192,0.27985531836748123,0.0,0.27985531836748123,0.0
32.893051,"[174.2103729248047, 4.498631000518799, 0.0]","[194.12985229492188, 4.5, 0.0]",2.540799618009856,3.291135311126709,0.7770061492133884,19.904220560631344,0.7508094308319562,0.28134435415267944,0.0,0.28134435415267944,0.0
32.912458,"[174.26087951660156, 4.498630523681641, 0.0]","[194.19496154785156, 4.5, 0.0]",2.5564217569855634,3.293273687362671,0.7811069487853706,19.919479349685957,0.750335693116853,0.2828424423933029,0.0,0.2828424423933029,0.0
32.932855,"[174.3116912841797, 4.498630046844482, 0.0]","[194.2619171142578, 4.5, 0.0]",2.557130336999195,3.3112075328826904,0.035429000681586054,19.934082010810947,0.7368519303771075,0.012833473738282919,0.0,0.012833473738282919,0.0
32.951302,"[174.36282348632812, 4.498629570007324, 0.0]","[194.32681274414062, 4.5, 0.0]",2.558024883504769,3.315461397171021,0.04472732527869283,19.950225809631107,0.7540771958834953,0.016198131488636136,0.0,0.016198131488636136,0.0
32.97037,"[174.41397094726562, 4.498629093170166, 0.0]","[194.39529418945312, 4.5, 0.0]",2.5590844156680848,3.333653211593628,0.052976608165788974,19.96398923779421,0.757436513666252,0.019191177561879158,0.0,0.019191177561879158,0.0
32.991495,"[174.4651336669922, 4.498628616333008, 0.0]","[194.461669921875, 4.5, 0.0]",2.560275554886511,3.338156938552857,0.05955696092130314,19.981323221943168,0.7745687959255432,0.021569360978901386,0.0,0.021569360978901386,0.0
33.012284,"[174.5163116455078, 4.49862813949585, 0.0]","[194.52810668945312, 4.5, 0.0]",2.5615668299077465,3.3563954830169678,0.0645637510617858,19.996536235718366,0.7778813836663461,0.023385866079479456,0.0,0.023385866079479456,0.0
33.031792,"[174.56752014160156, 4.498627662658691, 0.0]","[194.59461975097656, 4.5, 0.0]",2.562938213572849,3.363120794296265,0.0685691832551294,20.01179502433934,0.7948286531092212,0.024823585990816355,0.0,0.024823585990816355,0.0
33.050932,"[174.61874389648438, 4.498627185821533, 0.0]","[194.66209411621094, 4.5, 0.0]",2.5643725397417967,3.383375883102417,0.0717163084473782,20.027099589978857,0.800182580723416,0.025975913740694523,0.0,0.025975913740694523,0.0
33.072531,"[174.6699981689453, 4.498626708984375, 0.0]","[194.73193359375, 4.5, 0.0]",2.565860271672127,3.3907713890075684,0.07438659651650692,20.043350200540004,0.8190033433606203,0.026934018824249506,0.0,0.026934018824249506,0.0
33.091766,"[174.72128295898438, 4.498626232147217, 0.0]","[194.79808044433594, 4.5, 0.0]",2.567393779970867,3.4107582569122314,0.0766754149370108,20.06193540604383,0.8249111173354415,0.02776398090645671,0.0,0.02776398090645671,0.0
33.112314,"[174.77259826660156, 4.498625755310059, 0.0]","[194.8661346435547, 4.5, 0.0]",2.587274074770304,3.4180867671966553,0.9940147399718491,20.076797466367005,0.8433644769413644,0.35993650555610657,0.0,0.35993650555610657,0.0
33.132217,"[174.82394409179688, 4.4986252784729, 0.0]","[194.936767578125, 4.5, 0.0]",2.6070675852076337,3.4408481121063232,0.9896755218664843,20.09353635774418,0.8308126924263513,0.3583642840385437,0.0,0.3583642840385437,0.0
33.15151,"[174.8756866455078, 4.498624801635742, 0.0]","[195.0056610107422, 4.5, 0.0]",2.6267981531398745,3.449880838394165,0.9865283966120408,20.112823467111507,0.8337805268986895,0.3572268784046173,0.0,0.3572268784046173,0.0
33.17209,"[174.92782592773438, 4.498624324798584, 0.0]","[195.07530212402344, 4.5, 0.0]",2.646513462283721,3.472416877746582,0.9857654571923335,20.129974346444314,0.8230826852542905,0.35694364458322525,0.0,0.35694364458322525,0.0
33.191058,"[174.98036193847656, 4.498623847961426, 0.0]","[195.14308166503906, 4.5, 0.0]",2.666251659611465,3.4811954498291016,0.9869098663871867,20.14747617749166,0.8259034154628608,0.3573586791753769,0.0,0.3573586791753769,0.0
33.211468,"[175.03329467773438, 4.498623371124268, 0.0]","[195.21351623535156, 4.5, 0.0]",2.686039448003624,3.5041723251342773,0.9893894196079556,20.162719707105776,0.8149437902176366,0.35826288163661957,0.0,0.35826288163661957,0.0
33.23202,"[175.0866241455078, 4.498622894287109, 0.0]","[195.2845001220703, 4.5, 0.0]",2.7058978082954135,3.515177488327027,0.9929180145894723,20.180221538588164,0.8181328771306533,0.35952556878328323,0.0,0.35952556878328323,0.0
33.252062,"[175.14035034179688, 4.498622417449951, 0.0]","[195.3555145263672, 4.5, 0.0]",2.7258391382513834,3.5395219326019287,0.9970664977984933,20.19787595752603,0.8092796800316133,0.3610308840870857,0.0,0.3610308840870857,0.0
33.272123,"[175.19447326660156, 4.498621940612793, 0.0]","[195.42677307128906, 4.5, 0.0]",2.7458710672679563,3.5505971908569336,1.0015964508286457,20.215164165526428,0.8136827943505454,0.36268044263124466,0.0,0.36268044263124466,0.0
33.291862,"[175.24899291992188, 4.498621463775635, 0.0]","[195.4976806640625, 4.5, 0.0]",2.7659983637166414,3.5749154090881348,1.006364822434258,20.23229978628734,0.8047261235889773,0.36439433693885803,0.0,0.36439433693885803,0.0
33.313006,"[175.3039093017578, 4.498620986938477, 0.0]","[195.56869506835938, 4.5, 0.0]",2.7862238886198547,3.5894813537597656,1.0112762451606638,20.248687725081993,0.8089170453714933,0.3661743178963661,0.0,0.3661743178963661,0.0
33.331269,"[175.35922241210938, 4.498620510101318, 0.0]","[195.6400146484375, 4.5, 0.0]",2.7982249262179026,3.608458995819092,0.6000518799023968,20.264785747753194,0.8032574651399109,0.2172817848622799,0.0,0.2172817848622799,0.0
33.351354,"[175.41494750976562, 4.49862003326416, 0.0]","[195.71400451660156, 4.5, 0.0]",2.810376644358253,3.6281416416168213,0.6075859070175271,20.280792217472534,0.8102340696011892,0.2200116403400898,0.0,0.2200116403400898,0.0
33.371483,"[175.47091674804688, 4.498619556427002, 0.0]","[195.78646850585938, 4.5, 0.0]",2.822661876901963,3.6474204063415527,0.6142616271854973,20.299056987537053,0.8177649972585681,0.2224164456129074,0.0,0.2224164456129074,0.0
33.392477,"[175.52713012695312, 4.498619079589844, 0.0]","[195.85986328125, 4.5, 0.0]",2.835056781992591,3.6669487953186035,0.6197452545313897,20.315551738942247,0.8247585294395896,0.22441407665610313,0.0,0.22441407665610313,0.0
33.412567,"[175.58358764648438, 4.4986186027526855, 0.0]","[195.93272399902344, 4.5, 0.0]",2.847543239817714,3.6865227222442627,0.6243228912561571,20.33273313585413,0.8318920133260126,0.22605836391448975,0.0,0.22605836391448975,0.0
33.43154,"[175.64028930664062, 4.498618125915527, 0.0]","[196.00747680664062, 4.5, 0.0]",2.860517978892835,3.707493782043457,0.6487369537560461,20.349136333436203,0.8389794824265486,0.23490279912948608,0.0,0.23490279912948608,0.0
33.45163,"[175.69723510742188, 4.498617649078369, 0.0]","[196.08204650878906, 4.5, 0.0]",2.873551845774671,3.7284138202667236,0.6516933440918082,20.367187481325573,0.846975803150622,0.23597890511155128,0.0,0.23597890511155128,0.0
33.471582,"[175.7544403076172, 4.498616695404053, 0.0]","[196.1574249267578, 4.5, 0.0]",2.8866362573943296,3.7495646476745605,0.6542205809829227,20.38481138312015,0.8548619744920525,0.23688647896051407,0.0,0.23688647896051407,0.0
33.491622,"[175.81190490722656, 4.498615741729736, 0.0]","[196.23208618164062, 4.5, 0.0]",2.89976358435772,3.7705078125,0.6563663481695237,20.402984600445738,0.8629283902802309,0.23766884580254555,0.0,0.23766884580254555,0.0
33.512898,"[175.86964416503906, 4.49861478805542, 0.0]","[196.30943298339844, 4.5, 0.0]",2.9155087473222125,3.7924129962921143,0.7872581482246233,20.420181255923865,0.8707442281422799,0.28506457805633545,0.0,0.28506457805633545,0.0
33.531998,"[175.92764282226562, 4.4986138343811035, 0.0]","[196.38417053222656, 4.5, 0.0]",2.931275844794254,3.814335346221924,0.7883548736020707,20.439788800724298,0.8769042489699017,0.28545526787638664,0.0,0.28545526787638664,0.0
33.551308,"[175.98594665527344, 4.498612880706787, 0.0]","[196.4608917236328, 4.5, 0.0]",2.947069645148127,3.8368380069732675,0.789690017693645,20.456527691662412,0.8830595014276699,0.28594203293323517,0.0,0.28594203293323517,0.0
33.572171,"[176.04457092285156, 4.498611927032471, 0.0]","[196.53773498535156, 4.5, 0.0]",2.9628949167548555,3.859375,0.7912635803364321,20.4749450504827,0.8897683618251406,0.2865145727992058,0.0,0.2865145727992058,0.0
33.592253,"[176.103515625, 4.498610973358154, 0.0]","[196.61502075195312, 4.5, 0.0]",2.978756427987187,3.8820457458496094,0.7930755616165852,20.49316404395759,0.8964800832451445,0.2871686592698097,0.0,0.2871686592698097,0.0
33.612412,"[176.16278076171875, 4.498610019683838, 0.0]","[196.6905059814453, 4.5, 0.0]",2.9946608545618574,3.904329299926758,0.7952213287335086,20.51150510796009,0.9032893178624222,0.28794948011636734,0.0,0.28794948011636734,0.0
33.631125,"[176.22235107421875, 4.4986090660095215, 0.0]","[196.77027893066406, 4.5, 0.0]",3.0106110575032523,3.9286410808563232,0.7975101470697465,20.527725201594613,0.9096684453649004,0.2887680009007454,0.0,0.2887680009007454,0.0
33.651421,"[176.28224182128906, 4.498608112335205, 0.0]","[196.85049438476562, 4.5, 0.0]",3.026607990488302,3.953085422515869,0.7998466492524781,20.547927838300485,0.9180300233530709,0.2896156907081604,0.0,0.2896156907081604,0.0
33.671522,"[176.3424530029297, 4.498607158660889, 0.0]","[196.9304962158203, 4.5, 0.0]",3.0426554682117897,3.977471351623535,0.8023738861743901,20.568252544881787,0.9264774320275673,0.29053807258605957,0.0,0.29053807258605957,0.0
33.692227,"[176.40298461914062, 4.498606204986572, 0.0]","[197.00949096679688, 4.5, 0.0]",3.0587563516968186,4.001543998718262,0.8050441742514458,20.588043193843845,0.9348158834117455,0.29151301831007004,0.0,0.29151301831007004,0.0
33.714227,"[176.46383666992188, 4.498605251312256, 0.0]","[197.08763122558594, 4.5, 0.0]",3.0749096872691917,4.0252580642700195,0.8076667786186542,20.60650632947293,0.9427876470214431,0.2924569882452488,0.0,0.2924569882452488,0.0
33.731306,"[176.52500915527344, 4.4986042976379395, 0.0]","[197.16944885253906, 4.5, 0.0]",3.0940957071694615,4.052882671356201,0.9593009950134901,20.623794537249253,0.9503483770008279,0.3473692014813423,0.0,0.3473692014813423,0.0
33.751903,"[176.5865020751953, 4.498603343963623, 0.0]","[197.250732421875, 4.5, 0.0]",3.1133131983231412,4.070348262786865,0.9608745576839883,20.644439678178614,0.9587869641867397,0.3479320928454399,0.0,0.3479320928454399,0.0
33.771219,"[176.64837646484375, 4.498602390289307, 0.0]","[197.33428955078125, 4.5, 0.0]",3.1325659754244644,4.101819038391113,0.9626388550661558,20.664230328019297,0.957035064463724,0.3485775366425514,0.0,0.3485775366425514,0.0
33.79269,"[176.7106475830078, 4.49860143661499, 0.0]","[197.41610717773438, 4.5, 0.0]",3.151861667869949,4.119441032409668,0.9647846222742285,20.685913067043767,0.9692530629666489,0.349341444671154,0.0,0.349341444671154,0.0
33.812214,"[176.77330017089844, 4.498600482940674, 0.0]","[197.4977569580078, 4.5, 0.0]",3.171204090358828,4.1502861976623535,0.9671211244439482,20.70545957581952,0.967579364539719,0.3501921519637108,0.0,0.3501921519637108,0.0
33.831222,"[176.83633422851562, 4.498599529266357, 0.0]","[197.58065795898438, 4.5, 0.0]",3.19059705758558,4.167871475219727,0.9696483613376161,20.724456768189064,0.9790821073035256,0.3511010482907295,0.0,0.3511010482907295,0.0
33.851927,"[176.89976501464844, 4.498598575592041, 0.0]","[197.66604614257812, 4.5, 0.0]",3.2100415232237745,4.199520587921143,0.9722232819097121,20.74432371153511,0.9772744176341464,0.35204317420721054,0.0,0.35204317420721054,0.0
33.871354,"[176.9635772705078, 4.498597621917725, 0.0]","[197.74932861328125, 4.5, 0.0]",3.229538440947369,4.217217445373535,0.9748458861797316,20.766281109643458,0.9894790646973681,0.35299796611070633,0.0,0.35299796611070633,0.0
33.892022,"[177.02777099609375, 4.498596668243408, 0.0]","[197.8348388671875, 4.5, 0.0]",3.2490887644322934,4.248900890350342,0.977516174246218,20.78575132425429,0.9876790044261661,0.35394906997680664,0.0,0.35394906997680664,0.0
33.913188,"[177.0923614501953, 4.498595714569092, 0.0]","[197.91976928710938, 4.5, 0.0]",3.2718815805944095,4.267090320587158,1.1396408081058018,20.80706785300162,0.9998121259180484,0.41265297681093216,0.0,0.41265297681093216,0.0
33.931249,"[177.1573486328125, 4.498594760894775, 0.0]","[198.0057373046875, 4.5, 0.0]",3.2947020533119766,4.298962593078613,1.1410236358783576,20.8274078188092,0.9952087399927487,0.41316118091344833,0.0,0.41316118091344833,0.0
33.951777,"[177.22279357910156, 4.498593807220459, 0.0]","[198.09239196777344, 4.5, 0.0]",3.3175530436094487,4.317706108093262,1.1425495148736031,20.84838865309564,1.0042605397666367,0.4137107729911804,0.0,0.4137107729911804,0.0
33.972168,"[177.28868103027344, 4.498592853546143, 0.0]","[198.1795196533203, 4.5, 0.0]",3.340439319856192,4.349920272827148,1.144313812337172,20.869598370321082,1.000153064483813,0.4143451899290085,0.0,0.4143451899290085,0.0
33.99171,"[177.3550262451172, 4.498591899871826, 0.0]","[198.26417541503906, 4.5, 0.0]",3.36336374307564,4.368077754974365,1.1462211609723827,20.890838604903653,1.0094809529709563,0.4150402173399925,0.0,0.4150402173399925,0.0
34.012249,"[177.4218292236328, 4.49859094619751, 0.0]","[198.3526611328125, 4.5, 0.0]",3.38633203531369,4.400775909423828,1.1484146119025151,20.90914915132433,1.0047140118987254,0.41583795100450516,0.0,0.41583795100450516,0.0
34.031632,"[177.4890899658203, 4.498589992523193, 0.0]","[198.44053649902344, 4.5, 0.0]",3.409348011267609,4.42038106918335,1.150798797695951,20.930831890568996,1.014443874110138,0.4167028144001961,0.0,0.4167028144001961,0.0
34.050932,"[177.55682373046875, 4.498589038848877, 0.0]","[198.52957153320312, 4.5, 0.0]",3.432410717261523,4.453664779663086,1.1531352996956956,20.951446514579363,1.0110330579157405,0.41755035519599915,0.0,0.41755035519599915,0.0
34.071128,"[177.62501525878906, 4.4985880851745605, 0.0]","[198.6193084716797, 4.5, 0.0]",3.4555191996234504,4.473822593688965,1.155424118096371,20.972747784540193,1.021254062401563,0.41836977005004883,0.0,0.41836977005004883,0.0
34.091439,"[177.69366455078125, 4.498587131500244, 0.0]","[198.710205078125, 4.5, 0.0]",3.478674412027035,4.507660388946533,1.1577606201792268,20.994293194462305,1.0183033940655144,0.4192178323864937,0.0,0.4192178323864937,0.0
34.112511,"[177.7627716064453, 4.498586177825928, 0.0]","[198.79803466796875, 4.5, 0.0]",3.501876354472166,4.527387619018555,1.1600971222565537,21.016540508902402,1.0289859769194982,0.4200741648674011,0.0,0.4200741648674011,0.0
34.132581,"[177.8323516845703, 4.498585224151611, 0.0]","[198.8916778564453, 4.5, 0.0]",3.529308796185648,4.562939167022705,1.3716220856740957,21.035263043069317,1.0255112645463886,0.49666885286569595,0.0,0.49666885286569595,0.0
34.151819,"[177.9023895263672, 4.498584270477295, 0.0]","[198.98350524902344, 4.5, 0.0]",3.5567564966880028,4.584596633911133,1.3723850251177394,21.05932615340772,1.033630370837057,0.4969426989555359,0.0,0.4969426989555359,0.0
34.171092,"[177.9729766845703, 4.4985833168029785, 0.0]","[199.07435607910156, 4.5, 0.0]",3.58422708537593,4.619289875030518,1.37352943439637,21.081115703953635,1.02784013722313,0.4973452538251877,0.0,0.4973452538251877,0.0
34.191331,"[178.0441131591797, 4.498582363128662, 0.0]","[199.16790771484375, 4.5, 0.0]",3.611724376945684,4.641477108001709,1.3748645784877,21.10137937581559,1.0350627896545874,0.4978422075510025,0.0,0.4978422075510025,0.0
34.211831,"[178.1157989501953, 4.498581409454346, 0.0]","[199.2599639892578, 4.5, 0.0]",3.6392531397684276,4.6767191886901855,1.3764381411371707,21.12379453648874,1.0297527310560248,0.49841199070215225,0.0,0.49841199070215225,0.0
34.231111,"[178.1880340576172, 4.498580455780029, 0.0]","[199.3550567626953, 4.5, 0.0]",3.6668200495606245,4.703756332397461,1.3783454896098446,21.14416501987381,1.037466048921758,0.4990885779261589,0.0,0.4990885779261589,0.0
34.252382,"[178.2608184814453, 4.498579502105713, 0.0]","[199.44985961914062, 4.5, 0.0]",3.694427967350073,4.734033584594727,1.38039588947243,21.167022686545966,1.0369362828368365,0.4998398572206497,0.0,0.4998398572206497,0.0
34.27166,"[178.3341522216797, 4.4985785484313965, 0.0]","[199.54554748535156, 4.5, 0.0]",3.722079754158058,4.764591693878174,1.382589340399254,21.189041118703464,1.0396056172446535,0.5006377026438713,0.0,0.5006377026438713,0.0
34.291093,"[178.4080352783203, 4.49857759475708, 0.0]","[199.63848876953125, 4.5, 0.0]",3.7497773173327706,4.794271945953369,1.3848781587356251,21.211395244666665,1.0425119397201157,0.5014585703611374,0.0,0.5014585703611374,0.0
34.313508,"[178.48248291015625, 4.498576641082764, 0.0]","[199.73593139648438, 4.5, 0.0]",3.77752065687273,4.825560569763184,1.3871669769979666,21.230453472192618,1.0444946286205985,0.5022835358977318,0.0,0.5022835358977318,0.0
34.33204,"[178.55747985839844, 4.498575687408447, 0.0]","[199.8334503173828, 4.5, 0.0]",3.8063721659671295,4.85762357711792,1.4425754547199743,21.253448467296394,1.0480399128904536,0.5223562568426132,0.0,0.5223562568426132,0.0
34.35122,"[178.63302612304688, 4.498574733734131, 0.0]","[199.9313507080078, 4.5, 0.0]",3.835259914685827,4.8898138999938965,1.4443874359348685,21.275970440610667,1.0512514111507905,0.5230169743299484,0.0,0.5230169743299484,0.0
34.371305,"[178.7091522216797, 4.4985737800598145, 0.0]","[200.0304412841797, 4.5, 0.0]",3.8641829493544795,4.92239236831665,1.4461517334326324,21.298324566350775,1.0545539853080697,0.5236529558897018,0.0,0.5236529558897018,0.0
34.392059,"[178.78585815429688, 4.498572826385498, 0.0]","[200.12791442871094, 4.5, 0.0]",3.893143177324222,4.954441070556641,1.4480113984871368,21.321289043652634,1.058209418962171,0.5243236199021339,0.0,0.5243236199021339,0.0
34.415734,"[178.86314392089844, 4.498571872711182, 0.0]","[200.22520446777344, 4.5, 0.0]",3.922141552266357,4.986518383026123,1.4499187471067376,21.342056255553615,1.0612978932324184,0.5250104144215584,0.0,0.5250104144215584,0.0
34.43253,"[178.94100952148438, 4.498570919036865, 0.0]","[200.32635498046875, 4.5, 0.0]",3.95117807418035,5.0203046798706055,1.4518260956996487,21.36206052732592,1.064376830759766,0.5257075652480125,0.0,0.5257075652480125,0.0
34.452439,"[179.0194549560547, 4.498569965362549, 0.0]","[200.42735290527344, 4.5, 0.0]",3.98025274306708,5.054043292999268,1.4537334443365024,21.385345439872648,1.0691266056902555,0.5264004692435265,0.0,0.5264004692435265,0.0
34.471726,"[179.09848022460938, 4.498569011688232, 0.0]","[200.52830505371094, 4.5, 0.0]",4.009362697903764,5.0877628326416025,1.4554977418342219,21.40789793009365,1.0737905499321876,0.527024008333683,0.0,0.527024008333683,0.0
34.492993,"[179.17808532714844, 4.498568058013916, 0.0]","[200.6323699951172, 4.5, 0.0]",4.038506985017073,5.122524738311768,1.4572143556654371,21.429824809963133,1.078400134737838,0.5276479944586754,0.0,0.5276479944586754,0.0
34.512913,"[179.25827026367188, 4.4985671043396, 0.0]","[200.7325897216797, 4.5, 0.0]",4.067685604405628,5.155982017517091,1.4589309694277297,21.454284648816802,1.0840177532946944,0.5282633379101753,0.0,0.5282633379101753,0.0
34.531378,"[179.3390350341797, 4.498566150665283, 0.0]","[200.83749389648438, 4.5, 0.0]",4.092513561561873,5.190930366516113,1.2413978578122542,21.474319438616657,1.088296413111463,0.44952429831027985,0.0,0.44952429831027985,0.0
34.551275,"[179.42039489746094, 4.498565196990967, 0.0]","[200.94338989257812, 4.5, 0.0]",4.117406368569291,5.226202011108398,1.2446403503709291,21.49845884289987,1.0984168049542404,0.45067228376865387,0.0,0.45067228376865387,0.0
34.572559,"[179.5022430419922, 4.49856424331665, 0.0]","[201.0492706298828, 4.5, 0.0]",4.142354488687487,5.261473655700684,1.2474060059097791,21.52299497569868,1.108795642539107,0.45167241245508194,0.0,0.45167241245508194,0.0
34.591762,"[179.5845947265625, 4.498563289642334, 0.0]","[201.15162658691406, 4.5, 0.0]",4.167346477822221,5.29556703567505,1.2495994567367052,21.547027568911126,1.1191191670131966,0.4524892196059227,0.0,0.4524892196059227,0.0
34.612154,"[179.6674346923828, 4.498562335968018, 0.0]","[201.25872802734375, 4.5, 0.0]",4.1923766139290075,5.331093788146973,1.2515068053393197,21.567031841584956,1.1282205578528286,0.4531567171216011,0.0,0.4531567171216011,0.0
34.631327,"[179.7507781982422, 4.498561382293701, 0.0]","[201.3671112060547, 4.5, 0.0]",4.21743726761272,5.36632776260376,1.2530326841856176,21.59129331640686,1.1387171742179651,0.4537076875567436,0.0,0.4537076875567436,0.0
34.651222,"[179.83462524414062, 4.498560428619385, 0.0]","[201.4751434326172, 4.5, 0.0]",4.242522716827655,5.404783725738525,1.2542724607467637,21.61633298924536,1.14889049499104,0.454171784222126,0.0,0.454171784222126,0.0
34.671152,"[179.91897583007812, 4.498559474945068, 0.0]","[201.58197021484375, 4.5, 0.0]",4.2676310542301845,5.4328484535217285,1.255416870126469,21.64051817034734,1.1622610089108703,0.45457489788532257,0.0,0.45457489788532257,0.0
34.69124,"[180.0038299560547, 4.498558521270752, 0.0]","[201.6908721923828, 4.5, 0.0]",4.292758465119399,5.474918842315674,1.2563705444607276,21.66299436684889,1.165217399291544,0.4549383372068405,0.0,0.4549383372068405,0.0
34.712157,"[180.0891876220703, 4.4985575675964355, 0.0]","[201.799072265625, 4.5, 0.0]",4.3179049494973905,5.503167152404785,1.2573242188995692,21.687042217495755,1.1821603771962748,0.45527927577495575,0.0,0.45527927577495575,0.0
34.73154,"[180.175048828125, 4.498556613922119, 0.0]","[201.91305541992188, 4.5, 0.0]",4.345456600504952,5.545200347900391,1.3775825503780759,21.709884624027367,1.1852622029073947,0.4988143965601921,0.0,0.4988143965601921,0.0
34.755999,"[180.26141357421875, 4.498555660247803, 0.0]","[202.02279663085938, 4.5, 0.0]",4.373010158861908,5.572582721710205,1.3776779178478193,21.73800657179873,1.1997437473954387,0.49884453415870667,0.0,0.49884453415870667,0.0
34.777131,"[180.34832763671875, 4.498554706573486, 0.0]","[202.13522338867188, 4.5, 0.0]",4.400569439264695,5.614128112792969,1.3779640201393217,21.76138303685733,1.1995725628482967,0.49894973635673523,0.0,0.49894973635673523,0.0
34.791398,"[180.435791015625, 4.49855375289917, 0.0]","[202.24818420410156, 4.5, 0.0]",4.428140163758303,5.642510414123535,1.3785362246804045,21.786895732155898,1.213558673528274,0.4991798847913742,0.0,0.4991798847913742,0.0
34.81262,"[180.5238037109375, 4.4985527992248535, 0.0]","[202.3606414794922, 4.5, 0.0]",4.455695629461712,5.683656215667725,1.377773285170436,21.812393168665402,1.2143702503652323,0.4988785833120346,0.0,0.4988785833120346,0.0
34.831472,"[180.61236572265625, 4.498551845550537, 0.0]","[202.47604370117188, 4.5, 0.0]",4.48327970539596,5.7104573249816895,1.3792037967124138,21.836837748270696,1.227960586206013,0.4994066432118416,0.0,0.4994066432118416,0.0
34.851375,"[180.70147705078125, 4.498550891876221, 0.0]","[202.59072875976562, 4.5, 0.0]",4.510896206255901,5.750380516052246,1.380825042997058,21.863677958676572,1.2271776195857296,0.4999948665499687,0.0,0.4999948665499687,0.0
34.872113,"[180.7911376953125, 4.498549938201904, 0.0]","[202.70680236816406, 4.5, 0.0]",4.538554668787343,5.7773709297180185,1.382923126572111,21.88925168913138,1.239484309796345,0.5007681623101234,0.0,0.5007681623101234,0.0
34.892047,"[180.88136291503906, 4.498548984527588, 0.0]","[202.82188415527344, 4.5, 0.0]",4.566239834200588,5.817409038543701,1.384258270662242,21.915664652754757,1.2388162609306752,0.501251257956028,0.0,0.501251257956028,0.0
34.913243,"[180.97213745117188, 4.4985480308532715, 0.0]","[202.93775939941406, 4.5, 0.0]",4.593961239240694,5.843847274780273,1.3860702520053003,21.94052121966239,1.251169204343113,0.5018815770745277,0.0,0.5018815770745277,0.0
34.931157,"[181.06346130371094, 4.498547077178955, 0.0]","[203.05599975585938, 4.5, 0.0]",4.618257046133216,5.88204288482666,1.2147903446261044,21.965621927192775,1.2498860355395793,0.43986983597278595,0.0,0.43986983597278595,0.0
34.952468,"[181.15533447265625, 4.498546123504639, 0.0]","[203.17393493652344, 4.5, 0.0]",4.642610073485445,5.906824111938477,1.2176513676114276,21.992538431084114,1.263785838693444,0.44089626520872116,0.0,0.44089626520872116,0.0
34.973117,"[181.24769592285156, 4.498544692993164, 0.0]","[203.29327392578125, 4.5, 0.0]",4.6670126918972565,5.945313930511475,1.2201309205905897,22.01860044325174,1.2642140384530318,0.44182177633047104,0.0,0.44182177633047104,0.0
34.992173,"[181.34054565429688, 4.4985432624816895, 0.0]","[203.41160583496094, 4.5, 0.0]",4.6914553646280055,5.970200061798096,1.222133636537448,22.045577982061612,1.278301238614218,0.4425346478819847,0.0,0.4425346478819847,0.0
35.01262,"[181.4338836669922, 4.498541831970215, 0.0]","[203.53009033203125, 4.5, 0.0]",4.715928554934935,6.008064270019531,1.2236595153464869,22.07106016000728,1.2787446971700902,0.44307488948106766,0.0,0.44307488948106766,0.0
35.031378,"[181.5277099609375, 4.49854040145874, 0.0]","[203.65182495117188, 4.5, 0.0]",4.7412447933403445,6.031590938568115,1.2658119202704654,22.096206644593682,1.292135715084596,0.4583423584699631,0.0,0.4583423584699631,0.0
35.052724,"[181.6220245361328, 4.498538970947266, 0.0]","[203.77337646484375, 4.5, 0.0]",4.766578197883791,6.068402290344238,1.2666702271723285,22.124114969303612,1.2903461452277707,0.4586416110396385,0.0,0.4586416110396385,0.0
35.072121,"[181.7168426513672, 4.498537540435791, 0.0]","[203.89578247070312, 4.5, 0.0]",4.791924953862776,6.092096328735352,1.267337798949253,22.15135190799203,1.3018240924604472,0.4589029401540756,0.0,0.4589029401540756,0.0
35.092557,"[181.8121795654297, 4.498536109924316, 0.0]","[204.0171356201172, 4.5, 0.0]",4.817285061283641,6.1288580894470215,1.268005371043257,22.178939799293133,1.3001713748725754,0.4591411352157593,0.0,0.4591411352157593,0.0
35.112883,"[181.90802001953125, 4.498534679412842, 0.0]","[204.1388397216797, 4.5, 0.0]",4.856828213142639,6.152033805847168,1.9771575929498741,22.204956034392616,1.3115730281633802,0.7159118354320526,0.0,0.7159118354320526,0.0
35.131586,"[182.00436401367188, 4.498533248901367, 0.0]","[204.26373291015625, 4.5, 0.0]",4.896283626964172,6.187747478485107,1.9727706910766418,22.230819681833392,1.2952055927045292,0.714348554611206,0.0,0.714348554611206,0.0
35.152623,"[182.10150146484375, 4.498531818389893, 0.0]","[204.38751220703125, 4.5, 0.0]",4.935672283582953,6.213201999664307,1.9694328309390663,22.259368875915946,1.2914638515209358,0.7131408900022507,0.0,0.7131408900022507,0.0
35.181609,"[182.19943237304688, 4.498530387878418, 0.0]","[204.51023864746094, 4.5, 0.0]",4.975030422625986,6.241744995117188,1.9679069521516546,22.286010721364974,1.2775297160813537,0.7125873863697052,0.0,0.7125873863697052,0.0
35.196833,"[182.2981414794922, 4.498528957366943, 0.0]","[204.64723205566406, 4.5, 0.0]",5.014387131161509,6.273606777191163,1.9678354267761655,22.310806253102076,1.2667145724912023,0.7125572860240936,0.0,0.7125572860240936,0.0
35.21263,"[182.39764404296875, 4.498527526855469, 0.0]","[204.75833129882812, 4.5, 0.0]",5.053712845280153,6.299225807189941,1.9662857059322025,22.349090554130584,1.2592196460296536,0.7119826227426529,0.0,0.7119826227426529,0.0
35.232186,"[182.4979248046875, 4.498526096343994, 0.0]","[204.8889923095703, 4.5, 0.0]",5.093029022654391,6.328106880187988,1.9658088687118713,22.36068723474046,1.245512961909788,0.7118112593889236,0.0,0.7118112593889236,0.0
35.253312,"[182.5989990234375, 4.4985246658325195, 0.0]","[205.0169219970703, 4.5, 0.0]",5.132402420486789,6.356384754180908,1.968669891619923,22.391067483742646,1.2350778575335974,0.7128462195396423,0.0,0.7128462195396423,0.0
35.272863,"[182.70086669921875, 4.498523235321045, 0.0]","[205.1449432373047, 4.5, 0.0]",5.171836853475279,6.384682655334473,1.9717216494244738,22.417922951763682,1.223982333694119,0.7139594107866287,0.0,0.7139594107866287,0.0
35.291446,"[182.8035125732422, 4.49852180480957, 0.0]","[205.26968383789062, 4.5, 0.0]",5.2113361363171204,6.412255764007568,1.9749641420920838,22.44407651666808,1.2128458018591939,0.7151415944099426,0.0,0.7151415944099426,0.0
35.31257,"[182.90695190429688, 4.498520374298096, 0.0]","[205.39706420898438, 4.5, 0.0]",5.23560714767601,6.4402546882629395,1.213550567944477,22.466171242973335,1.200919627690448,0.439409501850605,0.0,0.439409501850605,0.0
35.333925,"[183.0111846923828, 4.498518943786621, 0.0]","[205.5302276611328, 4.5, 0.0]",5.260044098367334,6.46868371963501,1.2218475345662227,22.490112282278723,1.2046475405869295,0.44241536408662796,0.0,0.44241536408662796,0.0
35.35336,"[183.1158905029297, 4.4985175132751465, 0.0]","[205.65875244140625, 4.5, 0.0]",5.284620285506792,6.496123790740968,1.2288093569728709,22.519042947032112,1.2086396212676753,0.44494204223155975,0.0,0.44494204223155975,0.0
35.371637,"[183.22108459472656, 4.498516082763672, 0.0]","[205.78762817382812, 4.5, 0.0]",5.309265137195869,6.5236382484436035,1.2322425844538465,22.542861916499934,1.2115035052341758,0.44618070125579834,0.0,0.44618070125579834,0.0
35.392825,"[183.3267822265625, 4.498514652252197, 0.0]","[205.92034912109375, 4.5, 0.0]",5.333978653437801,6.551975250244141,1.2356758120966038,22.56654355662674,1.2143731112477347,0.4474314674735069,0.0,0.4474314674735069,0.0
35.413932,"[183.43296813964844, 4.498513221740723, 0.0]","[206.05136108398438, 4.5, 0.0]",5.358472824583463,6.579840183258057,1.224708557283094,22.593566872034266,1.2179965968063398,0.44347889721393585,0.0,0.44347889721393585,0.0
35.43086,"[183.53964233398438, 4.498511791229248, 0.0]","[206.18057250976562, 4.5, 0.0]",5.382989883909586,6.606872081756592,1.2258529663061513,22.618392922294763,1.221367358674594,0.4438917711377144,0.0,0.4438917711377144,0.0
35.451534,"[183.6468048095703, 4.498510360717773, 0.0]","[206.3133087158203, 4.5, 0.0]",5.407516479980137,6.634640216827393,1.2263298035275483,22.640930154195424,1.223882197847006,0.44405482709407806,0.0,0.44405482709407806,0.0
