time[s],position_ego[m],position_pre[m],speed_ego[m/s],speed_pre[m/s],acceleration_ego[m/s2],headway[m],deltav[m/s],engine_throttle,engine_brake,Controller_throttle,Controller_brake
0.036794,"[5.0, 4.5, 0.0]","[13.0, 4.5, 0.0]",0.007272727321833372,0.0,0.3636363660916686,,,0.0,-0.0,0.0,-0.0
0.076625,"[5.0, 4.5, 0.0]","[13.0, 4.5, 0.0]",0.00421274034306407,0.0,-0.15299934893846512,8.0,-0.007272727321833372,0.0,-0.0,0.0,-0.0
0.096122,"[5.000145435333252, 4.5, 0.0]","[13.0, 4.5, 0.0]",0.01148546766489749,0.0,0.36363636609167105,8.0,-0.00421274034306407,0.0,-0.0,0.0,-0.0
0.119227,"[5.000229835510254, 4.5, 0.0]","[13.000036239624023, 4.5, 0.0]",0.018758194521076965,0.0007162734982557595,0.3636363428089737,7.999854564666748,-0.01148546766489749,0.0,-0.0,0.0,-0.0
0.137828,"[5.000459671020508, 4.5, 0.0]","[13.000533103942871, 4.5, 0.0]",0.026030922308614007,0.010653877630829811,0.3636363893768521,7.9998064041137695,-0.018041921022821206,0.0,-0.0,0.0,-0.0
0.155165,"[5.000834941864014, 4.5, 0.0]","[13.001033782958984, 4.5, 0.0]",0.03330364823346285,0.020679740235209465,0.3636362962424422,8.000073432922363,-0.015377044677784196,0.0,-0.0,0.0,-0.0
0.178571,"[5.0013556480407715, 4.5, 0.0]","[13.001535415649414, 4.5, 0.0]",0.04057636857036524,0.030715035274624825,0.36363601684511954,8.000198841094686,-0.012623907998253386,0.0,-0.0,0.0,-0.0
0.186581,"[5.002021789550781, 4.5, 0.0]","[13.002033233642578, 4.5, 0.0]",0.04148080945017343,0.04066802188754082,0.0452220439904092,8.000179767608572,-0.009861333295740418,0.0,-0.0,0.0,-0.0
0.207154,"[5.002833366394043, 4.5, 0.0]","[13.002610206604004, 4.5, 0.0]",0.048753529787064036,0.05073748901486397,0.36363601684453045,8.000011444091513,-0.0008127875626326095,0.0,-0.0,0.0,-0.0
0.227174,"[5.003663063049316, 4.5, 0.0]","[13.004111289978027, 4.5, 0.0]",0.04148080945016562,0.060740578919649124,-0.36363601684492075,7.99977684020989,0.001983959227799932,0.0,-0.0,0.0,-0.0
0.246908,"[5.004638195037842, 4.5, 0.0]","[13.00560188293457, 4.5, 0.0]",0.048753529787091424,0.07067990303039551,0.36363601684629016,8.000448226928711,0.019259769469483504,0.0,-0.0,0.0,-0.0
0.267111,"[5.005467891693115, 4.5, 0.0]","[13.00710391998291, 4.5, 0.0]",0.041480809450165114,0.08069242537021637,-0.36363601684631547,8.000963687896729,0.021926373243304084,0.0,-0.0,0.0,-0.0
0.28986,"[5.006443023681641, 4.5, 0.0]","[13.008634567260742, 4.5, 0.0]",0.03420808911324225,0.09089910984039307,-0.36363601684614305,8.001636028289155,0.039211615920051256,0.0,-0.0,0.0,-0.0
0.307266,"[5.007272720336914, 4.5, 0.0]","[13.010186195373535, 4.5, 0.0]",0.026935363188390564,0.10074339061975479,-0.3636362962425844,8.002191543579102,0.056691020727150813,0.0,-0.0,0.0,-0.0
0.326907,"[5.0079569816589355, 4.5, 0.0]","[13.012678146362305, 4.5, 0.0]",0.019662635400897674,0.11071386188268661,-0.3636363893746445,8.002913475035982,0.07380802743136422,0.0,-0.0,0.0,-0.0
0.347928,"[5.008495807647705, 4.5, 0.0]","[13.015186309814453, 4.5, 0.0]",0.01238990761340503,0.12074654549360275,-0.36363638937463216,8.004721164703298,0.09105122648178894,0.0,-0.0,0.0,-0.0
0.367302,"[5.008889198303223, 4.5, 0.0]","[13.017679214477539, 4.5, 0.0]",0.005117179825913687,0.13071611523628235,-0.36363638937456716,8.006690502166677,0.10835663788019773,0.0,-0.0,0.0,-0.0
0.386798,"[5.009137153625488, 4.5, 0.0]","[13.020173072814941, 4.5, 0.0]",0.0021555474960647564,0.14069165289402008,-0.14808161649244653,8.008790016174316,0.12559893541036865,0.0,-0.0,0.0,-0.0
0.407765,"[5.009239673614502, 4.5, 0.0]","[13.022830963134766, 4.5, 0.0]",0.00942827481778347,0.15094691514968872,0.3636363660859357,8.011035919189382,0.13853610539795533,0.0,-0.0,0.0,-0.0
0.428282,"[5.009196758270264, 4.5, 0.0]","[13.026297569274902, 4.5, 0.0]",0.016701001673937087,0.1608499437570572,0.3636363428076808,8.01359128951998,0.14151864033190525,-0.0,0.0,-0.0,0.0
0.448651,"[5.009008407592773, 4.5, 0.0]","[13.029768943786621, 4.5, 0.0]",0.02226289361716397,0.17076927423477173,0.2780945971613442,8.017100811004639,0.1441489420831201,-0.0,0.0,-0.0,0.0
0.477379,"[5.008674621582031, 4.5, 0.0]","[13.033285140991211, 4.5, 0.0]",0.014990165829664025,0.1741468608379364,-0.3636363893749973,8.020760536193848,0.14850638061760776,-0.0,0.0,-0.0,0.0
0.488997,"[5.0082292556762695, 4.5, 0.0]","[13.036739349365234, 4.5, 0.0]",0.019523797556758874,0.19068466126918793,0.22668158635474248,8.02461051940918,0.15915669500827237,-0.0,0.0,-0.0,0.0
0.508035,"[5.00792932510376, 4.5, 0.0]","[13.040361404418945, 4.5, 0.0]",0.01225106976926386,0.1941366344690323,-0.3636363893747507,8.028510093688894,0.17116086371242906,-0.0,0.0,-0.0,0.0
0.52852,"[5.007538795471191, 4.5, 0.0]","[13.044864654541016, 4.5, 0.0]",0.013142740353967083,0.2108113318681717,0.04458352923516111,8.032432079315186,0.18188556469976844,-0.0,0.0,-0.0,0.0
0.549113,"[5.007293701171875, 4.5, 0.0]","[13.049347877502441, 4.5, 0.0]",0.0058700125664687885,0.21410554647445681,-0.3636363893749147,8.03732585906954,0.1976685915142046,-0.0,0.0,-0.0,0.0
0.568021,"[5.007030963897705, 4.5, 0.0]","[13.053851127624512, 4.5, 0.0]",0.013062203302979471,0.2307807058095932,0.3596095368255341,8.042054176330282,0.20823553390798802,-0.0,0.0,-0.0,0.0
0.587464,"[5.006913661956787, 4.5, 0.0]","[13.058354377746582, 4.5, 0.0]",0.005789475515491942,0.23412008583545685,-0.3636363893743764,8.046820163726807,0.21771850250661373,-0.0,0.0,-0.0,0.0
0.607762,"[5.006652355194092, 4.5, 0.0]","[13.062931060791016, 4.5, 0.0]",0.0027528984938136407,0.2507839500904083,-0.15182885108391506,8.051440715789795,0.2283306103199649,-0.0,0.0,-0.0,0.0
0.627685,"[5.006536483764648, 4.5, 0.0]","[13.06851863861084, 4.5, 0.0]",0.004494024440667869,0.2542767822742462,0.08705629734271139,8.056278705596924,0.2480310515965947,-0.0,0.0,-0.0,0.0
0.648528,"[5.006481647491455, 4.5, 0.0]","[13.073915481567383, 4.5, 0.0]",0.002778702881224909,0.27075543999671936,-0.08576607797214797,8.06198215484612,0.24978275783357834,-0.0,0.0,-0.0,0.0
0.66761,"[5.006392002105713, 4.5, 0.0]","[13.079411506652832, 4.5, 0.0]",0.00449402444064949,0.2774156630039215,0.08576607797122905,8.067433834075283,0.26797673711549447,-0.0,0.0,-0.0,0.0
0.687565,"[5.006447792053223, 4.5, 0.0]","[13.084907531738281, 4.5, 0.0]",0.002778702881278649,0.2874082326889038,-0.08576607796854205,8.07301950454533,0.272921638563272,-0.0,0.0,-0.0,0.0
0.708032,"[5.0063581466674805, 4.5, 0.0]","[13.090630531311035, 4.5, 0.0]",0.0037542695645549993,0.2976371645927429,0.04877833416381751,8.078459739684988,0.2846295298076252,-0.0,0.0,-0.0,0.0
0.726928,"[5.00641393661499, 4.5, 0.0]","[13.09697437286377, 4.5, 0.0]",0.003518457757369615,0.3073958456516266,-0.011790590359269217,8.08427238464291,0.29388289502818793,-0.0,0.0,-0.0,0.0
0.748259,"[5.006339073181152, 4.5, 0.0]","[13.103487014770508, 4.5, 0.0]",0.00193823245381289,0.317415326833725,-0.07901126517783624,8.090560436248708,0.30387738789425695,-0.0,0.0,-0.0,0.0
0.768005,"[5.006409645080566, 4.5, 0.0]","[13.11011028289795, 4.5, 0.0]",0.005334495101230151,0.3276062309741975,0.16981313237086304,8.097147941589355,0.31547709437991206,-0.0,0.0,-0.0,0.0
0.787176,"[5.006371021270752, 4.5, 0.0]","[13.116594314575195, 4.5, 0.0]",0.0019382323376413027,0.33758053183555603,-0.1698131381794424,8.103700637817383,0.32227173587296737,-0.0,0.0,-0.0,0.0
0.807652,"[5.0064778327941895, 4.5, 0.0]","[13.123082160949707, 4.5, 0.0]",0.0053344951012887715,0.3474423885345459,0.16981313818237342,8.110223293304443,0.33564229949791474,-0.0,0.0,-0.0,0.0
0.828173,"[5.006439208984375, 4.5, 0.0]","[13.130611419677734, 4.5, 0.0]",0.0019382323372084587,0.357482522726059,-0.16981313820401564,8.116604328155445,0.34210789343325715,-0.0,0.0,-0.0,0.0
0.84785,"[5.0065460205078125, 4.5, 0.0]","[13.13819694519043, 4.5, 0.0]",0.005334495101124983,0.367595911026001,0.16981313819582622,8.12417221069336,0.35554429038885055,-0.0,0.0,-0.0,0.0
0.867998,"[5.006507396697998, 4.5, 0.0]","[13.145687103271484, 4.5, 0.0]",0.001938232337164525,0.37758290767669683,-0.1698131381980229,8.131650924682617,0.362261415924876,-0.0,0.0,-0.0,0.0
0.887745,"[5.0066142082214355, 4.5, 0.0]","[13.153218269348145, 4.5, 0.0]",0.005334495101197638,0.3876245319843293,0.1698131382016556,8.139179706573486,0.37564467533953233,-0.0,0.0,-0.0,0.0
0.908102,"[5.006575584411621, 4.5, 0.0]","[13.160837173461914, 4.5, 0.0]",0.0019382323374987115,0.39765134453773504,-0.1698131381849463,8.146604061126636,0.3822900368831316,-0.0,0.0,-0.0,0.0
0.928016,"[5.006682395935059, 4.5, 0.0]","[13.16911506652832, 4.5, 0.0]",0.005334495101366647,0.40739056468009954,0.16981313819339675,8.15426158905022,0.3957131122002363,-0.0,0.0,-0.0,0.0
0.947916,"[5.006643772125244, 4.5, 0.0]","[13.177661895751953, 4.5, 0.0]",0.001938232339067866,0.41744568943977356,-0.16981313811493903,8.162432670593262,0.4020560695787329,-0.0,0.0,-0.0,0.0
0.967869,"[5.006750583648682, 4.5, 0.0]","[13.186312675476074, 4.5, 0.0]",0.005263770000118418,0.427622675895691,0.1662768830525276,8.17101812362642,0.4155074571007057,-0.0,0.0,-0.0,0.0
0.988023,"[5.006711959838867, 4.5, 0.0]","[13.194835662841797, 4.5, 0.0]",0.002008957324649865,0.43764951825141907,-0.16274063377342765,8.179562091826739,0.42235890589557257,-0.0,0.0,-0.0,0.0
1.008297,"[5.00681734085083, 4.5, 0.0]","[13.203459739685059, 4.5, 0.0]",0.003642682685364371,0.4476772248744965,0.08168626803572529,8.188123703002857,0.4356405609267692,-0.0,0.0,-0.0,0.0
1.028574,"[5.006777286529541, 4.5, 0.0]","[13.212945938110352, 4.5, 0.0]",0.0036300446378556483,0.4576628208160401,-0.0006319023754361398,8.196642398834229,0.44403454218913213,-0.0,0.0,-0.0,0.0
1.048555,"[5.006850242614746, 4.5, 0.0]","[13.222432136535645, 4.5, 0.0]",0.0036426826846477425,0.46764805912971513,0.0006319023396047108,8.206168651580155,0.45403277617818444,-0.0,0.0,-0.0,0.0
1.068116,"[5.006777763366699, 4.5, 0.0]","[13.231766700744629, 4.5, 0.0]",0.0036300446372479213,0.47747370600700384,-0.0006319023699910596,8.215581893920243,0.4640053764450674,-0.0,0.0,-0.0,0.0
1.08773,"[5.006850719451904, 4.5, 0.0]","[13.241373062133789, 4.5, 0.0]",0.003642682684585481,0.4909193515777588,0.00063190236687799,8.224988937376763,0.4738436613697559,-0.0,0.0,-0.0,0.0
1.108077,"[5.006778240203857, 4.5, 0.0]","[13.251029014587402, 4.5, 0.0]",0.003630044637248697,0.4943135380744935,-0.0006319023668391972,8.234522342681228,0.4872766688931733,-0.0,0.0,-0.0,0.0
1.127232,"[5.0068511962890625, 4.5, 0.0]","[13.261239051818848, 4.5, 0.0]",0.0036426826847777947,0.5107035040855408,0.0006319023764548778,8.244250774382888,0.4906834934372448,-0.0,0.0,-0.0,0.0
1.147526,"[5.006778717041016, 4.5, 0.0]","[13.271716117858887, 4.5, 0.0]",0.0036300446375831723,0.5140152573585511,-0.0006319023597311244,8.254387855529126,0.507060821400763,-0.0,0.0,-0.0,0.0
1.167899,"[5.006851673126221, 4.5, 0.0]","[13.2822904586792, 4.5, 0.0]",0.0036426826848775045,0.5307532548904419,0.0006319023647166112,8.264937400817578,0.5103852127209679,-0.0,0.0,-0.0,0.0
1.187867,"[5.006779193878174, 4.5, 0.0]","[13.292779922485352, 4.5, 0.0]",0.003630044637400376,0.5340762138366703,-0.0006319023738564139,8.275438785552685,0.5271105722055643,-0.0,0.0,-0.0,0.0
1.207702,"[5.006852149963379, 4.5, 0.0]","[13.3034086227417, 4.5, 0.0]",0.003642682685096092,0.5507903695106506,0.0006319023847857789,8.286000728606517,0.5304461691992699,-0.0,0.0,-0.0,0.0
1.245759,"[5.006779670715332, 4.5, 0.0]","[13.314903259277344, 4.5, 0.0]",0.0036300446376857885,0.5541176795959473,-0.000631902370515163,8.296556472775672,0.5471476868255546,-0.0,0.0,-0.0,0.0
1.252018,"[5.006852626800537, 4.5, 0.0]","[13.329197883605957, 4.5, 0.0]",0.0036426826845866248,0.5732151865959167,0.0006319023450418113,8.30812358856135,0.5504876349582615,-0.0,0.0,-0.0,0.0
1.26757,"[5.00678014755249, 4.5, 0.0]","[13.337834358215332, 4.5, 0.0]",0.0036300446374133905,0.5740585327148438,-0.0006319023586617107,8.322345256804239,0.5695725039113301,-0.0,0.0,-0.0,0.0
1.298508,"[5.006853103637695, 4.5, 0.0]","[13.349306106567383, 4.5, 0.0]",0.0036426826846844376,0.5907008051872253,0.0006319023635523516,8.331054210662177,0.5704284880774304,-0.0,0.0,-0.0,0.0
1.307889,"[5.006780624389648, 4.5, 0.0]","[13.361124992370605, 4.5, 0.0]",0.00363004463728029,0.5942335724830627,-0.0006319023702073797,8.342453002928504,0.5870581225025409,-0.0,0.0,-0.0,0.0
1.332506,"[5.0068535804748535, 4.5, 0.0]","[13.373414039611816, 4.5, 0.0]",0.0036426826846661484,0.6107311248779297,0.0006319023692929202,8.35434436798066,0.5906035278457824,-0.0,0.0,-0.0,0.0
1.347675,"[5.006781101226807, 4.5, 0.0]","[13.385916709899902, 4.5, 0.0]",0.0036300446372590413,0.6140665411949158,-0.0006319023703553516,8.366560459136295,0.6070884421932635,-0.0,0.0,-0.0,0.0
1.382181,"[5.006854057312012, 4.5, 0.0]","[13.398446083068848, 4.5, 0.0]",0.003642682684585528,0.630756676197052,0.0006319023663243313,8.379135608671907,0.6104364965576567,-0.0,0.0,-0.0,0.0
1.388727,"[5.006781578063965, 4.5, 0.0]","[13.411768913269043, 4.5, 0.0]",0.003630044637258802,0.6347482204437258,-0.0006319023663363009,8.391592025756166,0.6271139935124664,-0.0,0.0,-0.0,0.0
1.416237,"[5.00685453414917, 4.5, 0.0]","[13.423614501953125, 4.5, 0.0]",0.003642682684632311,0.6508256196975708,0.0006319023686754454,8.40498733520478,0.631118175806467,-0.0,0.0,-0.0,0.0
1.431497,"[5.006782054901123, 4.5, 0.0]","[13.43700122833252, 4.5, 0.0]",0.0036300446372507854,0.6540749669075012,-0.0006319023690762749,8.416759967802761,0.6471829370129385,-0.0,0.0,-0.0,0.0
1.447974,"[5.006855010986328, 4.5, 0.0]","[13.45053768157959, 4.5, 0.0]",0.003642682684600883,0.6707684993743896,0.0006319023675048756,8.430219173431098,0.6504449222702504,-0.0,0.0,-0.0,0.0
1.468295,"[5.006782531738281, 4.5, 0.0]","[13.463979721069336, 4.5, 0.0]",0.0036300446372598194,0.674058735370636,-0.0006319023670531753,8.443682670592588,0.6671258166897888,-0.0,0.0,-0.0,0.0
1.487352,"[5.006855487823486, 4.5, 0.0]","[13.477441787719727, 4.5, 0.0]",0.0036426826846289824,0.6906976699829102,0.0006319023684581496,8.45719718933098,0.6704286907333762,-0.0,0.0,-0.0,0.0
1.508891,"[5.0067830085754395, 4.5, 0.0]","[13.491134643554688, 4.5, 0.0]",0.003630044637250607,0.6941156387329104,-0.000631902368918762,8.47058629989594,0.6870549872982812,-0.0,0.0,-0.0,0.0
1.526981,"[5.0068559646606445, 4.5, 0.0]","[13.505541801452637, 4.5, 0.0]",0.003642682684586098,0.7107182145118713,0.0006319023667745354,8.484351634979173,0.6904855940956598,-0.0,0.0,-0.0,0.0
1.547323,"[5.006783485412598, 4.5, 0.0]","[13.520023345947266, 4.5, 0.0]",0.0036300446372571618,0.7140388488769531,-0.0006319023664468027,8.498685836791692,0.7070755318272852,-0.0,0.0,-0.0,0.0
1.567931,"[5.006856441497803, 4.5, 0.0]","[13.534584045410156, 4.5, 0.0]",0.0036426826846449657,0.7307474613189697,0.0006319023693901948,8.513239860533988,0.710408804239696,-0.0,0.0,-0.0,0.0
1.589717,"[5.006783962249756, 4.5, 0.0]","[13.549256324768066, 4.5, 0.0]",0.003630044637262984,0.7375328540802002,-0.0006319023690990865,8.527727603911673,0.7271047786343248,-0.0,0.0,-0.0,0.0
1.608856,"[5.006856918334961, 4.5, 0.0]","[13.563711166381836, 4.5, 0.0]",0.0036426826846169395,0.747448205947876,0.0006319023676977769,8.542472362517628,0.7339028094429372,-0.0,0.0,-0.0,0.0
1.627619,"[5.006784439086914, 4.5, 0.0]","[13.579459190368652, 4.5, 0.0]",0.0036300446374124616,0.7576079964637756,-0.0006319023602238943,8.556854248046191,0.743805523263259,-0.0,0.0,-0.0,0.0
1.648004,"[5.006857395172119, 4.5, 0.0]","[13.59498119354248, 4.5, 0.0]",0.003642682684646185,0.767622172832489,0.0006319023616861794,8.572674751281054,0.7539779518263632,-0.0,0.0,-0.0,0.0
1.667744,"[5.006784915924072, 4.5, 0.0]","[13.610091209411621, 4.5, 0.0]",0.0036300446372633426,0.7773706912994385,-0.0006319023691421293,8.588123798369676,0.7639794901478428,-0.0,0.0,-0.0,0.0
1.687392,"[5.006857872009277, 4.5, 0.0]","[13.625682830810547, 4.5, 0.0]",0.0036426826845860844,0.7874296307563783,0.0006319023661370896,8.603306293486861,0.7737406466621751,-0.0,0.0,-0.0,0.0
1.708002,"[5.0067853927612305, 4.5, 0.0]","[13.641633987426758, 4.5, 0.0]",0.0036300446372487835,0.7976570725440979,-0.0006319023668650446,8.618824958800582,0.7837869480717922,-0.0,0.0,-0.0,0.0
1.727465,"[5.0068583488464355, 4.5, 0.0]","[13.658008575439453, 4.5, 0.0]",0.0036426826846107643,0.807580828666687,0.0006319023680990401,8.634848594664838,0.7940270279068491,-0.0,0.0,-0.0,0.0
1.747762,"[5.006785869598389, 4.5, 0.0]","[13.674529075622559, 4.5, 0.0]",0.003630044637699836,0.8175931572914124,-0.0006319023455464206,8.651150226592327,0.8039381459820762,-0.0,0.0,-0.0,0.0
1.768293,"[5.006858825683594, 4.5, 0.0]","[13.691006660461426, 4.5, 0.0]",0.003642682684847282,0.8275794982910156,0.0006319023573723125,8.667743206023477,0.8139631126537126,-0.0,0.0,-0.0,0.0
1.787065,"[5.006786346435547, 4.5, 0.0]","[13.707209587097168, 4.5, 0.0]",0.003630044637296304,0.8373996615409851,-0.0006319023775489029,8.68414783477714,0.8239368156061684,-0.0,0.0,-0.0,0.0
1.808716,"[5.006859302520752, 4.5, 0.0]","[13.723871231079102, 4.5, 0.0]",0.0036426826845870315,0.8474501967430115,0.0006319023645363735,8.700423240660927,0.8337696169036888,-0.0,0.0,-0.0,0.0
1.827456,"[5.006786823272705, 4.5, 0.0]","[13.741201400756836, 4.5, 0.0]",0.003630044637275934,0.8573533296585083,-0.000631902365554873,8.71701192855804,0.8438075140584245,-0.0,0.0,-0.0,0.0
1.848043,"[5.00685977935791, 4.5, 0.0]","[13.759167671203613, 4.5, 0.0]",0.0036426826849645824,0.8676195740699768,0.0006319023844324157,8.734414577483433,0.8537232850212324,-0.0,0.0,-0.0,0.0
1.868456,"[5.006787300109863, 4.5, 0.0]","[13.776607513427734, 4.5, 0.0]",0.0036300446376796983,0.877585232257843,-0.0006319023642442027,8.752307891845394,0.8639768913850122,-0.0,0.0,-0.0,0.0
1.887666,"[5.006860256195068, 4.5, 0.0]","[13.79412841796875, 4.5, 0.0]",0.0036426826847715974,0.8875970244407654,0.0006319023545949551,8.769820213317171,0.8739551876201633,-0.0,0.0,-0.0,0.0
1.908144,"[5.0067877769470215, 4.5, 0.0]","[13.811848640441895, 4.5, 0.0]",0.003630044637251756,0.8976659178733826,-0.0006319023759920753,8.78726816177337,0.8839543417559937,-0.0,0.0,-0.0,0.0
1.928191,"[5.006860733032227, 4.5, 0.0]","[13.830248832702637, 4.5, 0.0]",0.003642682684753282,0.9076120853424072,0.0006319023750762931,8.80506086349417,0.8940358732361308,-0.0,0.0,-0.0,0.0
1.947366,"[5.00678825378418, 4.5, 0.0]","[13.848299026489258, 4.5, 0.0]",0.003630044638205166,0.9173687100410464,-0.0006319023274057884,8.823388099670098,0.9039694026576539,-0.0,0.0,-0.0,0.0
1.967578,"[5.006861209869385, 4.5, 0.0]","[13.86679744720459, 4.5, 0.0]",0.003642682685925576,0.9273677468299866,0.00063190238602049,8.841510772704373,0.9137386654028412,-0.0,0.0,-0.0,0.0
1.987137,"[5.006788730621338, 4.5, 0.0]","[13.885367393493652, 4.5, 0.0]",0.0036300446381014005,0.937406063079834,-0.0006319023912087661,8.85993623733489,0.923725064144061,-0.0,0.0,-0.0,0.0
2.007864,"[5.006861686706543, 4.5, 0.0]","[13.904031753540039, 4.5, 0.0]",0.0036426826854116757,0.9507855772972107,0.00063190236551376,8.878578662871606,0.9337760184417326,-0.0,0.0,-0.0,0.0
2.027028,"[5.006789207458496, 4.5, 0.0]","[13.923405647277832, 4.5, 0.0]",0.0036300446374955323,0.9540542364120485,-0.000631902395807171,8.897170066833182,0.947142894611799,-0.0,0.0,-0.0,0.0
2.049565,"[5.006862163543701, 4.5, 0.0]","[13.94316577911377, 4.5, 0.0]",0.0036426826845937323,0.9708541035652161,0.0006319023549100026,8.916616439818624,0.950424191774553,-0.0,0.0,-0.0,0.0
2.067789,"[5.006789684295654, 4.5, 0.0]","[13.962786674499512, 4.5, 0.0]",0.0036300446372852417,0.974249839782715,-0.0006319023654245302,8.936303615569752,0.9672114208806223,-0.0,0.0,-0.0,0.0
2.087755,"[5.006862640380859, 4.5, 0.0]","[13.982048988342285, 4.5, 0.0]",0.003642682684802968,0.9907945394515991,0.0006319023758863222,8.955996990203143,0.9706197951454297,-0.0,0.0,-0.0,0.0
2.107938,"[5.0067901611328125, 4.5, 0.0]","[14.002019882202148, 4.5, 0.0]",0.0036300446382397608,0.9943184852600099,-0.0006319023281603714,8.975186347961108,0.9871518567667962,-0.0,0.0,-0.0,0.0
2.127162,"[5.006863117218018, 4.5, 0.0]","[14.022260665893555, 4.5, 0.0]",0.0036426826861885165,1.0108587741851807,0.0006319023974377894,8.995229721068618,0.9906884406217701,-0.0,0.0,-0.0,0.0
2.148319,"[5.006790637969971, 4.5, 0.0]","[14.042875289916992, 4.5, 0.0]",0.0036300446388478217,1.014248251914978,-0.0006319023670347439,9.015397548675217,1.007216091498992,-0.0,0.0,-0.0,0.0
2.168079,"[5.006863594055176, 4.5, 0.0]","[14.063410758972168, 4.5, 0.0]",0.003642682685455779,1.0309321880340576,0.0006319023303978611,9.0360846519463,1.0106182072761303,-0.0,0.0,-0.0,0.0
2.188044,"[5.006791114807129, 4.5, 0.0]","[14.083845138549805, 4.5, 0.0]",0.0036300446374619385,1.0342333316802979,-0.0006319023996920192,9.05654716491667,1.0272895053486018,-0.0,0.0,-0.0,0.0
2.207594,"[5.006864070892334, 4.5, 0.0]","[14.104168891906738, 4.5, 0.0]",0.003642682684658453,1.0507761240005493,0.0006319023598257319,9.077054023741951,1.0306032870428359,-0.0,0.0,-0.0,0.0
2.227056,"[5.006791591644287, 4.5, 0.0]","[14.125553131103516, 4.5, 0.0]",0.003630044637339117,1.0540556907653809,-0.0006319023659668048,9.097304821014083,1.0471334413158908,-0.0,0.0,-0.0,0.0
2.248803,"[5.006864547729492, 4.5, 0.0]","[14.147256851196289, 4.5, 0.0]",0.0036426826846712263,1.070816993713379,0.0006319023666054649,9.1187615394585,1.0504256461280417,-0.0,0.0,-0.0,0.0
2.267405,"[5.006792068481445, 4.5, 0.0]","[14.168585777282715, 4.5, 0.0]",0.0036300446373618957,1.0740708112716675,-0.0006319023654665322,9.140392303466474,1.0671743110287077,-0.0,0.0,-0.0,0.0
2.298179,"[5.00686502456665, 4.5, 0.0]","[14.18998908996582, 4.5, 0.0]",0.003642682684658534,1.0906927585601807,0.0006319023648319053,9.161793708800538,1.0704407666343057,-0.0,0.0,-0.0,0.0
2.307612,"[5.0067925453186035, 4.5, 0.0]","[14.211771011352539, 4.5, 0.0]",0.003630044637333286,1.0941206216812134,-0.00063190236626238,9.183124065398845,1.0870500758755222,-0.0,0.0,-0.0,0.0
2.327555,"[5.006865501403809, 4.5, 0.0]","[14.234536170959473, 4.5, 0.0]",0.0036426826846293475,1.1109050512313843,0.0006319023648030655,9.2049784660332,1.0904905770438802,-0.0,0.0,-0.0,0.0
2.348669,"[5.006793022155762, 4.5, 0.0]","[14.256818771362305, 4.5, 0.0]",0.003630044637278608,1.114141583442688,-0.000631902367536968,9.227670669555337,1.1072623685467549,-0.0,0.0,-0.0,0.0
2.367885,"[5.006865978240967, 4.5, 0.0]","[14.279144287109375, 4.5, 0.0]",0.0036426826846738367,1.1307308673858643,0.0006319023697614256,9.250025749205804,1.1105115388054094,-0.0,0.0,-0.0,0.0
2.387706,"[5.00679349899292, 4.5, 0.0]","[14.301644325256348, 4.5, 0.0]",0.0036300446372837165,1.1340643167495728,-0.0006319023695060093,9.27227830886808,1.1270881847011904,-0.0,0.0,-0.0,0.0
2.407449,"[5.006866455078125, 4.5, 0.0]","[14.324348449707031, 4.5, 0.0]",0.0036426826845895955,1.1507865190505981,0.0006319023652939489,9.294850826262685,1.130434272112289,-0.0,0.0,-0.0,0.0
2.427483,"[5.006793975830078, 4.5, 0.0]","[14.347734451293945, 4.5, 0.0]",0.0036300446372589936,1.15407133102417,-0.0006319023665300912,9.317481994628576,1.1471438363660085,-0.0,0.0,-0.0,0.0
2.447628,"[5.006866931915283, 4.5, 0.0]","[14.371139526367188, 4.5, 0.0]",0.0036426826847163044,1.1706976890563965,0.0006319023728655398,9.340940475463121,1.150441286386911,-0.0,0.0,-0.0,0.0
2.468316,"[5.006794452667236, 4.5, 0.0]","[14.39470100402832, 4.5, 0.0]",0.003630044637359002,1.1740572452545166,-0.0006319023678651127,9.364272594451572,1.1670550063716802,-0.0,0.0,-0.0,0.0
2.487092,"[5.006867408752441, 4.5, 0.0]","[14.418211936950684, 4.5, 0.0]",0.0036426826848673525,1.1907284259796143,0.0006319023754175132,9.387906551360334,1.1704272006171577,-0.0,0.0,-0.0,0.0
2.508189,"[5.0067949295043945, 4.5, 0.0]","[14.442362785339355, 4.5, 0.0]",0.0036300446372526268,1.197630882263184,-0.0006319023807362838,9.411344528197908,1.1870857432947468,-0.0,0.0,-0.0,0.0
2.527537,"[5.0068678855896, 4.5, 0.0]","[14.466773986816406, 4.5, 0.0]",0.003642682684593016,1.2042615413665771,0.0006319023670194567,9.435567855834208,1.1940008376259315,-0.0,0.0,-0.0,0.0
2.548275,"[5.006795406341553, 4.5, 0.0]","[14.491342544555664, 4.5, 0.0]",0.003630044637416608,1.2209559679031372,-0.0006319023588203946,9.459906101226471,1.2006188586819841,-0.0,0.0,-0.0,0.0
2.567981,"[5.006868362426758, 4.5, 0.0]","[14.515294075012207, 4.5, 0.0]",0.0036426826846378568,1.2240657806396484,0.0006319023610624379,9.484547138213355,1.2173259232657205,-0.0,0.0,-0.0,0.0
2.587051,"[5.006795883178711, 4.5, 0.0]","[14.539813041687012, 4.5, 0.0]",0.0036300446374209596,1.240740180015564,-0.0006319023608448602,9.508425712585112,1.2204230979550106,-0.0,0.0,-0.0,0.0
2.608184,"[5.006868839263916, 4.5, 0.0]","[14.565027236938477, 4.5, 0.0]",0.00364268268463955,1.2443244457244873,0.0006319023609295147,9.53301715850754,1.237110135378143,-0.0,0.0,-0.0,0.0
2.628327,"[5.006796360015869, 4.5, 0.0]","[14.590396881103516, 4.5, 0.0]",0.003630044637290385,1.2609398365020752,-0.0006319023674582333,9.558158397674221,1.2406817630398477,-0.0,0.0,-0.0,0.0
2.648679,"[5.006869316101074, 4.5, 0.0]","[14.615470886230469, 4.5, 0.0]",0.0036426826845937185,1.2641061544418335,0.0006319023651666636,9.58360052108688,1.2573097918647849,-0.0,0.0,-0.0,0.0
2.679186,"[5.006796836853027, 4.5, 0.0]","[14.641100883483887, 4.5, 0.0]",0.0036300446372703327,1.2808237075805664,-0.0006319023661692904,9.608601570129053,1.2604634717572398,-0.0,0.0,-0.0,0.0
2.690991,"[5.006869792938232, 4.5, 0.0]","[14.666963577270508, 4.5, 0.0]",0.0036426826847272835,1.284299612045288,0.0006319023728475421,9.63430404663009,1.277193662943296,-0.0,0.0,-0.0,0.0
2.708044,"[5.0067973136901855, 4.5, 0.0]","[14.692599296569824, 4.5, 0.0]",0.003630044637365827,1.3009806871414185,-0.0006319023680728241,9.660093784331933,1.2806569293605607,-0.0,0.0,-0.0,0.0
2.727667,"[5.006870269775391, 4.5, 0.0]","[14.718928337097168, 4.5, 0.0]",0.003642682684691517,1.3042497634887695,0.0006319023662844977,9.685801982878866,1.2973506425040526,-0.0,0.0,-0.0,0.0
2.748957,"[5.006797790527344, 4.5, 0.0]","[14.745638847351074, 4.5, 0.0]",0.0036300446372776324,1.320995807647705,-0.0006319023706942298,9.712058067321433,1.300607080804078,-0.0,0.0,-0.0,0.0
2.768121,"[5.006870746612549, 4.5, 0.0]","[14.772013664245605, 4.5, 0.0]",0.0036426826845914685,1.3242818117141724,0.0006319023656918077,9.738841056822952,1.3173657630104274,-0.0,0.0,-0.0,0.0
2.798728,"[5.006798267364502, 4.5, 0.0]","[14.798463821411133, 4.5, 0.0]",0.0036300446373042773,1.340929627418518,-0.0006319023643595618,9.76514291763271,1.320639129029581,-0.0,0.0,-0.0,0.0
2.808871,"[5.006871223449707, 4.5, 0.0]","[14.825441360473633, 4.5, 0.0]",0.003642682684639775,1.34440279006958,0.0006319023667748823,9.79166555404585,1.3372995827812137,-0.0,0.0,-0.0,0.0
2.832049,"[5.00679874420166, 4.5, 0.0]","[14.852466583251953, 4.5, 0.0]",0.0036300446372527734,1.3608968257904053,-0.0006319023693500793,9.818570137023578,1.3407601073849402,-0.0,0.0,-0.0,0.0
2.848239,"[5.006871700286865, 4.5, 0.0]","[14.880115509033203, 4.5, 0.0]",0.00364268268458645,1.3642843961715698,0.000631902366683831,9.845667839049508,1.3572667811531525,-0.0,0.0,-0.0,0.0
2.86802,"[5.006799221038818, 4.5, 0.0]","[14.907661437988281, 4.5, 0.0]",0.003630044637276929,1.3809678554534912,-0.0006319023654760515,9.873243808745988,1.3606417134869835,-0.0,0.0,-0.0,0.0
2.900266,"[5.006872177124023, 4.5, 0.0]","[14.934501647949219, 4.5, 0.0]",0.0036426826846500952,1.384061336517334,0.000631902368658315,9.900862216948672,1.3773378108162142,-0.0,0.0,-0.0,0.0
2.909898,"[5.006799697875977, 4.5, 0.0]","[14.965375900268555, 4.5, 0.0]",0.0036300446372766284,1.401886224746704,-0.000631902368673342,9.927629470824844,1.380418653832684,-0.0,0.0,-0.0,0.0
2.932334,"[5.006872653961182, 4.5, 0.0]","[14.991382598876953, 4.5, 0.0]",0.0036426826846171095,1.4076781272888184,0.0006319023670240537,9.958576202391782,1.3982561801094275,-0.0,0.0,-0.0,0.0
2.948501,"[5.006800174713135, 4.5, 0.0]","[15.019686698913574, 4.5, 0.0]",0.0036300446372531394,1.4176093339920044,-0.0006319023681985048,9.984509944915418,1.4040354446042012,-0.0,0.0,-0.0,0.0
2.967879,"[5.00687313079834, 4.5, 0.0]","[15.048246383666992, 4.5, 0.0]",0.0036426826846023704,1.4276304244995117,0.0006319023674615509,10.01288652419964,1.4139792893547511,-0.0,0.0,-0.0,0.0
2.999143,"[5.006800651550293, 4.5, 0.0]","[15.076979637145996, 4.5, 0.0]",0.003630044637314411,1.43771231174469,-0.0006319023643979642,10.041373252868297,1.4239877418149094,-0.0,0.0,-0.0,0.0
3.008665,"[5.006873607635498, 4.5, 0.0]","[15.106293678283691, 4.5, 0.0]",0.003642682684769302,1.4479526281356812,0.0006319023727445429,10.070178985594898,1.4340822671073756,-0.0,0.0,-0.0,0.0
3.027667,"[5.006801128387451, 4.5, 0.0]","[15.13480281829834, 4.5, 0.0]",0.003630044637519415,1.4576168060302734,-0.0006319023624943437,10.099420070647836,1.4443099454509118,-0.0,0.0,-0.0,0.0
3.04768,"[5.006874084472656, 4.5, 0.0]","[15.163549423217773, 4.5, 0.0]",0.0036426826846601193,1.4673614501953125,0.0006319023570352123,10.12800168991008,1.453986761392754,-0.0,0.0,-0.0,0.0
3.067818,"[5.006801605224609, 4.5, 0.0]","[15.193707466125488, 4.5, 0.0]",0.003630044637302521,1.4775844812393188,-0.0006319023678799229,10.156675338744758,1.4637187675106524,-0.0,0.0,-0.0,0.0
3.087798,"[5.0068745613098145, 4.5, 0.0]","[15.222922325134277, 4.5, 0.0]",0.003642682684587211,1.48748779296875,0.0006319023642345099,10.186905860900065,1.4739544366020163,-0.0,0.0,-0.0,0.0
3.10921,"[5.006802082061768, 4.5, 0.0]","[15.252762794494629, 4.5, 0.0]",0.0036300446372553377,1.497572660446167,-0.0006319023665936688,10.2160477638241,1.4838451102841628,-0.0,0.0,-0.0,0.0
3.127564,"[5.006875038146973, 4.5, 0.0]","[15.283285140991211, 4.5, 0.0]",0.0036426826846868935,1.5075798034667969,0.0006319023715777895,10.245960712432044,1.4939426158089117,-0.0,0.0,-0.0,0.0
3.148082,"[5.006802558898926, 4.5, 0.0]","[15.313920974731445, 4.5, 0.0]",0.003630044637340312,1.5176242589950562,-0.0006319023673290831,10.276410102843874,1.50393712078211,-0.0,0.0,-0.0,0.0
3.167978,"[5.006875514984131, 4.5, 0.0]","[15.344291687011719, 4.5, 0.0]",0.003642682684666039,1.5275819301605225,0.0006319023662863625,10.307118415831697,1.5139942143577159,-0.0,0.0,-0.0,0.0
3.187735,"[5.006803035736084, 4.5, 0.0]","[15.374756813049316, 4.5, 0.0]",0.0036300446372838427,1.537570595741272,-0.0006319023691098201,10.337416172027222,1.5239392474758564,-0.0,0.0,-0.0,0.0
3.20802,"[5.006875991821289, 4.5, 0.0]","[15.4055757522583, 4.5, 0.0]",0.0036426826845867297,1.5476431846618652,0.0006319023651443507,10.367953777312405,1.533940551103988,-0.0,0.0,-0.0,0.0
3.227595,"[5.006803512573242, 4.5, 0.0]","[15.436934471130371, 4.5, 0.0]",0.003630044637291646,1.557598352432251,-0.0006319023647541897,10.398699760436644,1.5440005019772785,-0.0,0.0,-0.0,0.0
3.248632,"[5.006876468658447, 4.5, 0.0]","[15.468481063842773, 4.5, 0.0]",0.003642682684637959,1.567613124847412,0.0006319023673156607,10.430130958556296,1.5539683077949593,-0.0,0.0,-0.0,0.0
3.267755,"[5.0068039894104, 4.5, 0.0]","[15.499922752380371, 4.5, 0.0]",0.0036300446373347547,1.577594518661499,-0.0006319023651602234,10.461604595183955,1.5639704421627743,-0.0,0.0,-0.0,0.0
3.288151,"[5.0068769454956055, 4.5, 0.0]","[15.531559944152832, 4.5, 0.0]",0.0036426826845890204,1.5876381397247314,0.0006319023627132875,10.493118762969132,1.5739644740241643,-0.0,0.0,-0.0,0.0
3.308422,"[5.006804466247559, 4.5, 0.0]","[15.562524795532227, 4.5, 0.0]",0.003630044637248716,1.5974435806274419,-0.0006319023670152283,10.524682998656854,1.5839954570401424,-0.0,0.0,-0.0,0.0
3.327508,"[5.006877422332764, 4.5, 0.0]","[15.595457077026367, 4.5, 0.0]",0.0036426826846299963,1.6075764894485474,0.0006319023690640234,10.555720329283826,1.593813535990193,-0.0,0.0,-0.0,0.0
3.3491,"[5.006804943084717, 4.5, 0.0]","[15.628022193908691, 4.5, 0.0]",0.003630044637288257,1.6209298372268677,-0.0006319023670869591,10.588579654693229,1.6039338067639173,-0.0,0.0,-0.0,0.0
3.367993,"[5.006877899169922, 4.5, 0.0]","[15.660561561584473, 4.5, 0.0]",0.0036426826846139475,1.6242754459381104,0.0006319023662845194,10.621217250823127,1.6172997925895793,-0.0,0.0,-0.0,0.0
3.387657,"[5.006805419921875, 4.5, 0.0]","[15.69312858581543, 4.5, 0.0]",0.003630044637252282,1.6409626007080078,-0.0006319023680832758,10.653683662414174,1.6206327632534965,-0.0,0.0,-0.0,0.0
3.407815,"[5.00687837600708, 4.5, 0.0]","[15.72507095336914, 4.5, 0.0]",0.0036426826845893795,1.6441009044647217,0.0006319023668548748,10.686323165892702,1.6373325560707555,-0.0,0.0,-0.0,0.0
3.42854,"[5.006805896759033, 4.5, 0.0]","[15.758685111999512, 4.5, 0.0]",0.0036300446372505616,1.6608015298843384,-0.0006319023669408954,10.71819257736168,1.6404582217801322,-0.0,0.0,-0.0,0.0
3.448302,"[5.006878852844238, 4.5, 0.0]","[15.792726516723633, 4.5, 0.0]",0.0036426826845876543,1.6642963886260986,0.0006319023668546362,10.75187921523962,1.6571714852470878,-0.0,0.0,-0.0,0.0
3.469234,"[5.006806373596191, 4.5, 0.0]","[15.826189994812012, 4.5, 0.0]",0.0036300446372601342,1.6809521913528442,-0.0006319023663760043,10.785847663879013,1.660653705941511,-0.0,0.0,-0.0,0.0
3.499615,"[5.0068793296813965, 4.5, 0.0]","[15.85883617401123, 4.5, 0.0]",0.0036426826845975657,1.6840307712554932,0.0006319023668715715,10.819383621214957,1.677322146715584,-0.0,0.0,-0.0,0.0
3.508934,"[5.00680685043335, 4.5, 0.0]","[15.895193099975586, 4.5, 0.0]",0.0036300446372616577,1.7015053033828735,-0.0006319023667953954,10.85195684432945,1.6803880885708955,-0.0,0.0,-0.0,0.0
3.527657,"[5.006879806518555, 4.5, 0.0]","[15.927690505981445, 4.5, 0.0]",0.0036426826846057774,1.7042580842971802,0.0006319023672059828,10.888386249541368,1.6978752587456118,-0.0,0.0,-0.0,0.0
3.548235,"[5.006807327270508, 4.5, 0.0]","[15.962201118469238, 4.5, 0.0]",0.0036300446372519325,1.7209278345108032,-0.0006319023676922475,10.920810699462503,1.7006154016125743,-0.0,0.0,-0.0,0.0
3.567626,"[5.006880283355713, 4.5, 0.0]","[15.996074676513672, 4.5, 0.0]",0.003642682684651878,1.7240793704986572,0.000631902369997283,10.955393791197857,1.7172977898735513,-0.0,0.0,-0.0,0.0
3.589672,"[5.006807804107666, 4.5, 0.0]","[16.031103134155273, 4.5, 0.0]",0.0036300446373019658,1.7408995628356934,-0.0006319023674956166,10.98919439315757,1.7204366878140054,-0.0,0.0,-0.0,0.0
3.608554,"[5.006880760192871, 4.5, 0.0]","[16.065216064453125, 4.5, 0.0]",0.0036426826845860063,1.74409818649292,0.0006319023642020272,11.024295330046728,1.7372695181983915,-0.0,0.0,-0.0,0.0
3.626876,"[5.006808280944824, 4.5, 0.0]","[16.10054588317871, 4.5, 0.0]",0.0036300446372631565,1.7607172727584839,-0.0006319023661424889,11.058335304259863,1.740455503808334,-0.0,0.0,-0.0,0.0
3.647573,"[5.006881237030029, 4.5, 0.0]","[16.136199951171875, 4.5, 0.0]",0.00364268268458858,1.76409387588501,0.000631902366271162,11.093737602233,1.7570872281212206,-0.0,0.0,-0.0,0.0
3.667683,"[5.006808757781982, 4.5, 0.0]","[16.171634674072266, 4.5, 0.0]",0.003630044637248315,1.7807419300079346,-0.0006319023670132333,11.129318714141451,1.7604511932004214,-0.0,0.0,-0.0,0.0
3.687708,"[5.0068817138671875, 4.5, 0.0]","[16.2071475982666, 4.5, 0.0]",0.0036426826845854534,1.7840793132781982,0.0006319023668569131,11.164825916289391,1.7771118853706862,-0.0,0.0,-0.0,0.0
3.707476,"[5.006809234619141, 4.5, 0.0]","[16.24281883239746, 4.5, 0.0]",0.0036300446372565915,1.8007724285125732,-0.0006319023664430948,11.200265884399018,1.7804366305936128,-0.0,0.0,-0.0,0.0
3.727178,"[5.006882190704346, 4.5, 0.0]","[16.27913475036621, 4.5, 0.0]",0.003642682684591101,1.804055094718933,0.0006319023667254861,11.236009597777423,1.7971423838753167,-0.0,0.0,-0.0,0.0
3.747735,"[5.006809711456299, 4.5, 0.0]","[16.315689086914062, 4.5, 0.0]",0.003630044637264745,1.8207367658615112,-0.0006319023663178044,11.272252559661466,1.800412412034342,-0.0,0.0,-0.0,0.0
3.767715,"[5.006882667541504, 4.5, 0.0]","[16.352855682373047, 4.5, 0.0]",0.0036426826845948677,1.8242528438568115,0.0006319023665061303,11.308879375456861,1.8171067212242464,-0.0,0.0,-0.0,0.0
3.78698,"[5.006810188293457, 4.5, 0.0]","[16.388460159301758, 4.5, 0.0]",0.0036300446372596585,1.8406740427017212,-0.0006319023667604624,11.345973014831142,1.8206101611722167,-0.0,0.0,-0.0,0.0
3.80859,"[5.006883144378662, 4.5, 0.0]","[16.425416946411133, 4.5, 0.0]",0.003642682684604108,1.8441110849380493,0.0006319023672224843,11.381649971007393,1.8370439980644615,-0.0,0.0,-0.0,0.0
3.828825,"[5.006810665130615, 4.5, 0.0]","[16.463891983032227, 4.5, 0.0]",0.0036300446372534672,1.8610378503799438,-0.0006319023675320458,11.418533802032066,1.8404684022534452,-0.0,0.0,-0.0,0.0
3.847714,"[5.00688362121582, 4.5, 0.0]","[16.500328063964844, 4.5, 0.0]",0.0036426826845924196,1.8640873432159424,0.0006319023669476174,11.457081317900697,1.8574078057426904,-0.0,0.0,-0.0,0.0
3.867476,"[5.006811141967773, 4.5, 0.0]","[16.537822723388672, 4.5, 0.0]",0.0036300446372484105,1.8807529211044312,-0.0006319023672004534,11.493444442748617,1.86044466053135,-0.0,0.0,-0.0,0.0
3.887499,"[5.0068840980529785, 4.5, 0.0]","[16.575300216674805, 4.5, 0.0]",0.003642682684631766,1.8874136209487915,0.0006319023691677816,11.531011581419978,1.8771228764671828,-0.0,0.0,-0.0,0.0
3.908319,"[5.006811618804932, 4.5, 0.0]","[16.61298179626465, 4.5, 0.0]",0.003630044637289402,1.8974411487579346,-0.0006319023671182058,11.568416118621416,1.8837709382641596,-0.0,0.0,-0.0,0.0
3.927645,"[5.006884574890137, 4.5, 0.0]","[16.651447296142578, 4.5, 0.0]",0.0036426826846258638,1.9074320793151855,0.000631902366823086,11.60617017745879,1.8938111041206451,-0.0,0.0,-0.0,0.0
3.947897,"[5.00681209564209, 4.5, 0.0]","[16.68997573852539, 4.5, 0.0]",0.0036300446372585404,1.917439341545105,-0.0006319023683661659,11.64456272125203,1.9037893966305597,-0.0,0.0,-0.0,0.0
3.967365,"[5.006885051727295, 4.5, 0.0]","[16.728376388549805, 4.5, 0.0]",0.0036426826845931365,1.9274139404296875,0.0006319023667298012,11.683163642882368,1.9138092969078464,-0.0,0.0,-0.0,0.0
3.987249,"[5.006812572479248, 4.5, 0.0]","[16.767484664916992, 4.5, 0.0]",0.0036300446372482926,1.9375718832015998,-0.0006319023672421951,11.721491336822094,1.9237712577450943,-0.0,0.0,-0.0,0.0
4.010585,"[5.006885528564453, 4.5, 0.0]","[16.806167602539062, 4.5, 0.0]",0.003642682684620354,1.947595000267029,0.000631902368603064,11.760672092436806,1.9339418385643514,-0.0,0.0,-0.0,0.0
4.027055,"[5.006813049316406, 4.5, 0.0]","[16.8448429107666, 4.5, 0.0]",0.003630044637276565,1.9573861360549927,-0.0006319023671894379,11.799282073974192,1.9439523175824087,-0.0,0.0,-0.0,0.0
4.047336,"[5.006886005401611, 4.5, 0.0]","[16.884273529052734, 4.5, 0.0]",0.00364268268461705,1.9673689603805542,0.0006319023670242488,11.83802986144925,1.9537560914177161,-0.0,0.0,-0.0,0.0
4.067465,"[5.0068135261535645, 4.5, 0.0]","[16.92400360107422, 4.5, 0.0]",0.003630044637253119,1.9774272441864014,-0.0006319023681965533,11.877387523650702,1.9637262776959372,-0.0,0.0,-0.0,0.0
4.088688,"[5.0068864822387695, 4.5, 0.0]","[16.9638614654541, 4.5, 0.0]",0.0036426826845899116,1.987517595291138,0.0006319023668396309,11.917190074919702,1.9737971995491483,-0.0,0.0,-0.0,0.0
4.1077,"[5.006814002990723, 4.5, 0.0]","[17.0031681060791, 4.5, 0.0]",0.0036300446372490385,1.9974491596221926,-0.000631902367043656,11.95697498321491,1.983874912606548,-0.0,0.0,-0.0,0.0
4.12726,"[5.006886959075928, 4.5, 0.0]","[17.04341697692871, 4.5, 0.0]",0.02280803024768951,2.0073864459991455,0.9588992805220237,11.996354103087421,1.9938191149849436,0.4786582663655281,0.0,0.4786582663655281,0.0
4.147714,"[5.006814479827881, 4.5, 0.0]","[17.084012985229492, 4.5, 0.0]",0.04924610257148766,2.0174102783203125,1.3219036161899076,12.036530017852357,1.984578415751456,0.4786582663655281,0.0,0.4786582663655281,0.0
4.168654,"[5.007270812988281, 4.5, 0.0]","[17.124515533447266, 4.5, 0.0]",0.07573106884956476,2.0274112224578857,1.324248313903855,12.077198505400647,1.9681641757488249,0.47950729727745056,0.0,0.47950729727745056,0.0
4.187332,"[5.008255958557129, 4.5, 0.0]","[17.165491104125977, 4.5, 0.0]",0.10232105851173419,2.0375282764434814,1.3294994831084712,12.117244720458876,1.951680153608321,0.4814087972044945,0.0,0.4814087972044945,0.0
4.207674,"[5.009770393371582, 4.5, 0.0]","[17.20574378967285, 4.5, 0.0]",0.12907898426057393,2.047447919845581,1.337896287441987,12.157235145566153,1.9352072179317472,0.48444919288158417,0.0,0.48444919288158417,0.0
4.227587,"[5.01181697845459, 4.5, 0.0]","[17.247819900512695, 4.5, 0.0]",0.1561114788055662,2.057586908340454,1.3516247272496131,12.195973396298568,1.918368935585007,0.4894198849797249,0.0,0.4894198849797249,0.0
4.248068,"[5.014398574829102, 4.5, 0.0]","[17.28937530517578, 4.5, 0.0]",0.18333339691166,2.067600011825562,1.3610959053046905,12.23600292205637,1.901475429534888,0.49284957349300385,0.0,0.49284957349300385,0.0
4.267332,"[5.017520904541016, 4.5, 0.0]","[17.329883575439453, 4.5, 0.0]",0.21076130867008463,2.0773613452911377,1.3713955879212314,12.274976730344939,1.884266614913902,0.4965793713927269,0.0,0.4965793713927269,0.0
4.288163,"[5.021187782287598, 4.5, 0.0]","[17.372398376464844, 4.5, 0.0]",0.23666661977769726,2.087605714797974,1.2952655553806314,12.312362670898002,1.8666000366210531,0.46901267021894455,0.0,0.46901267021894455,0.0
4.307557,"[5.025403022766113, 4.5, 0.0]","[17.413394927978516, 4.5, 0.0]",0.262802213430418,2.1007988452911377,1.306779682636036,12.351210594177136,1.8509390950202769,0.473182313144207,0.0,0.473182313144207,0.0
4.327223,"[5.030136585235596, 4.5, 0.0]","[17.455549240112305, 4.5, 0.0]",0.28915962576866894,2.104050397872925,1.3178706169125476,12.387991905212402,1.8379966318607197,0.4771972820162773,0.0,0.4771972820162773,0.0
4.347391,"[5.035392761230469, 4.5, 0.0]","[17.498023986816406, 4.5, 0.0]",0.3156356513500327,2.1207115650177,1.3238012790681875,12.425412654875718,1.8148907721042558,0.479346327483654,0.0,0.479346327483654,0.0
4.367866,"[5.041175842285156, 4.5, 0.0]","[17.540624618530273, 4.5, 0.0]",0.342415660619753,2.124068260192871,1.3390004634860146,12.462631225583175,1.8050759136676675,0.48484794795513153,0.0,0.48484794795513153,0.0
4.387737,"[5.047488689422607, 4.5, 0.0]","[17.583940505981445, 4.5, 0.0]",0.3677537143230782,2.1409270763397217,1.2669026851662601,12.499448776243344,1.781652599573118,0.4587418958544731,0.0,0.4587418958544731,0.0
4.408203,"[5.054337024688721, 4.5, 0.0]","[17.625843048095703, 4.5, 0.0]",0.3932875096798407,2.14410138130188,1.2766897678381266,12.53645181655606,1.7731733620166434,0.4622868075966835,0.0,0.4622868075966835,0.0
4.427734,"[5.061692237854004, 4.5, 0.0]","[17.66995620727539, 4.5, 0.0]",0.4190389811993219,2.160909414291382,1.2875735759740603,12.571506023406537,1.7508138716220392,0.4662274941802025,0.0,0.4662274941802025,0.0
4.448443,"[5.069558143615723, 4.5, 0.0]","[17.71302032470703, 4.5, 0.0]",0.44496163725859644,2.16414213180542,1.2961328029637258,12.60826396942038,1.74187043309206,0.46932607889175415,0.0,0.46932607889175415,0.0
4.467301,"[5.077939033508301, 4.5, 0.0]","[17.75627899169922, 4.5, 0.0]",0.4710436761379839,2.180753469467163,1.304101943969374,12.6434621810903,1.7191804945468234,0.4722132906317711,0.0,0.4722132906317711,0.0
4.487257,"[5.086838245391846, 4.5, 0.0]","[17.799707412719727, 4.5, 0.0]",0.49549636244779866,2.184070348739624,1.2226343154907364,12.678339958189905,1.7097097933291792,0.44271327555179596,0.0,0.44271327555179596,0.0
4.508,"[5.096259117126465, 4.5, 0.0]","[17.84432029724121, 4.5, 0.0]",0.5201099514961841,2.2009708881378174,1.2306794524192726,12.712869167326867,1.6885739862918254,0.4456259310245514,0.0,0.4456259310245514,0.0
4.528096,"[5.1061692237854, 4.5, 0.0]","[17.888648986816406, 4.5, 0.0]",0.5448699593544745,2.2042653560638428,1.2380003929145178,12.748061180113728,1.6808609366416332,0.4482751339673996,0.0,0.4482751339673996,0.0
4.548049,"[5.116571426391602, 4.5, 0.0]","[17.93325424194336, 4.5, 0.0]",0.5697708725929904,2.2209560871124268,1.2450456619257977,12.782479763030553,1.6593953967093684,0.4508301615715027,0.0,0.4508301615715027,0.0
4.567982,"[5.127469062805176, 4.5, 0.0]","[17.977664947509766, 4.5, 0.0]",0.5948091149330685,2.224268674850464,1.251912117003906,12.816682815551303,1.6511852145194363,0.45331258326768875,0.0,0.45331258326768875,0.0
4.586885,"[5.138864517211914, 4.5, 0.0]","[18.0212459564209, 4.5, 0.0]",0.6199813485145989,2.240729570388794,1.2586116790765156,12.850195884704135,1.6294595599173953,0.4557392746210098,0.0,0.4557392746210098,0.0
4.608461,"[5.150760650634766, 4.5, 0.0]","[18.06743049621582, 4.5, 0.0]",0.6438816189766314,2.2444167137145996,1.195013523101629,12.882381439208984,1.620748221874195,0.4327135533094406,0.0,0.4327135533094406,0.0
4.626991,"[5.16316032409668, 4.5, 0.0]","[18.111339569091797, 4.5, 0.0]",0.6679213643074238,2.2607338428497314,1.201987266539617,12.916669845581055,1.6005350947379682,0.4352378472685814,0.0,0.4352378472685814,0.0
4.649178,"[5.176037788391113, 4.5, 0.0]","[18.15689468383789, 4.5, 0.0]",0.6920986771583688,2.2640788555145264,1.2088656425472522,12.948179244995117,1.5928124785423077,0.43772920966148376,0.0,0.43772920966148376,0.0
4.667536,"[5.189396381378174, 4.5, 0.0]","[18.2023868560791, 4.5, 0.0]",0.7164054512977732,2.2807443141937256,1.2153387069702204,12.980856895446317,1.5719801783561576,0.4400692880153656,0.0,0.4400692880153656,0.0
4.687611,"[5.203238487243652, 4.5, 0.0]","[18.248369216918945, 4.5, 0.0]",0.7392004132271047,2.2841830253601074,1.1397480964665752,13.012990474700812,1.5643388628959523,0.41270148009061813,0.0,0.41270148009061813,0.0
4.707792,"[5.21756649017334, 4.5, 0.0]","[18.293725967407227, 4.5, 0.0]",0.7621353268623621,2.3008012771606445,1.1467456817628674,13.045130729675178,1.5449826121330026,0.4152357205748558,0.0,0.4152357205748558,0.0
4.727645,"[5.2323503494262695, 4.5, 0.0]","[18.3408145904541, 4.5, 0.0]",0.7852028012276092,2.3042609691619873,1.1533737182623571,13.076159477232032,1.5386659502982825,0.41763514280319214,0.0,0.41763514280319214,0.0
4.748364,"[5.247592926025391, 4.5, 0.0]","[18.38736915588379, 4.5, 0.0]",0.808396399021214,2.320939779281616,1.1596798896802374,13.108464241027368,1.5190581679343782,0.41991855949163437,0.0,0.41991855949163437,0.0
4.767874,"[5.263297080993652, 4.5, 0.0]","[18.432985305786133, 4.5, 0.0]",0.8317175507546267,2.324082612991333,1.166057586670638,13.13977622985735,1.5125433802604022,0.422225184738636,0.0,0.422225184738636,0.0
4.787532,"[5.279465198516846, 4.5, 0.0]","[18.480283737182617, 4.5, 0.0]",0.8539572358132345,2.34092116355896,1.111984252930387,13.169688224790612,1.4923650622367064,0.4026459529995918,0.0,0.4026459529995918,0.0
4.807771,"[5.296099662780762, 4.5, 0.0]","[18.52643585205078, 4.5, 0.0]",0.8763170838357311,2.3474948406219482,1.1179924011248343,13.2008185386639,1.4869639277457254,0.4048216715455055,0.0,0.4048216715455055,0.0
4.827129,"[5.313179016113281, 4.5, 0.0]","[18.573511123657227, 4.5, 0.0]",0.8987925648691057,2.357405662536621,1.12377405166873,13.230336189267089,1.4711777567862172,0.4069168120622635,0.0,0.4069168120622635,0.0
4.847438,"[5.330705165863037, 4.5, 0.0]","[18.62103843688965, 4.5, 0.0]",0.9213803410532339,2.3674113750457764,1.1293888092064053,13.260332107538185,1.4586130976675153,0.40894903242588043,0.0,0.40894903242588043,0.0
4.867407,"[5.3486809730529785, 4.5, 0.0]","[18.668495178222656, 4.5, 0.0]",0.9440844655039662,2.3774023056030273,1.1352062225366166,13.29033327102237,1.4460310339925426,0.4110536351799965,0.0,0.4110536351799965,0.0
4.887665,"[5.367108345031738, 4.5, 0.0]","[18.71607780456543, 4.5, 0.0]",0.9655237793925053,2.3874197006225586,1.0719656944269573,13.319814205165427,1.4333178400990612,0.3881547600030899,0.0,0.3881547600030899,0.0
4.908041,"[5.385990142822266, 4.5, 0.0]","[18.76383399963379, 4.5, 0.0]",0.9870825409891938,2.3974568843841553,1.077938079834423,13.34896945952943,1.4218959212300533,0.3903181478381157,0.0,0.3903181478381157,0.0
4.927877,"[5.405300617218018, 4.5, 0.0]","[18.81302261352539, 4.5, 0.0]",1.0087579488757035,2.4075989723205566,1.083770394325484,13.377843856807253,1.4103743433949614,0.39243094623088837,0.0,0.39243094623088837,0.0
4.947877,"[5.425042152404785, 4.5, 0.0]","[18.860952377319336, 4.5, 0.0]",1.0305408239367548,2.4174814224243164,1.0891437530525683,13.407721996303094,1.3988410234448532,0.3943771868944168,0.0,0.3943771868944168,0.0
4.967838,"[5.445217132568359, 4.5, 0.0]","[18.910158157348633, 4.5, 0.0]",1.05243003368411,2.4276268482208256,1.0944604873677544,13.435910224910263,1.3869405984875616,0.3963052108883858,0.0,0.3963052108883858,0.0
4.987691,"[5.465827941894531, 4.5, 0.0]","[18.95868492126465, 4.5, 0.0]",1.0744251012805734,2.4376325607299805,1.0997533798231762,13.464941024775976,1.3751968145367157,0.39821792393922806,0.0,0.39821792393922806,0.0
5.007692,"[5.486876487731934, 4.5, 0.0]","[19.0064640045166, 4.5, 0.0]",1.0953053236011665,2.44746732711792,1.0440111160296528,13.492856979365811,1.363207459449407,0.3780345991253853,0.0,0.3780345991253853,0.0
5.028304,"[5.508365154266357, 4.5, 0.0]","[19.056474685668945, 4.5, 0.0]",1.1162980794910329,2.4575705528259277,1.0496377944933188,13.519587516780353,1.3521620035167534,0.380069836974144,0.0,0.380069836974144,0.0
5.048114,"[5.530271053314209, 4.5, 0.0]","[19.106172561645508, 4.5, 0.0]",1.1373952627185662,2.4676105976104736,1.0548591613766645,13.548109531398264,1.3412724733348949,0.3819633647799492,0.0,0.3819633647799492,0.0
5.06756,"[5.5525970458984375, 4.5, 0.0]","[19.154808044433594, 4.5, 0.0]",1.1585968732837595,2.47743558883667,1.060080528259666,13.575901508326966,1.3302153348919075,0.38385696709156036,0.0,0.38385696709156036,0.0
5.087227,"[5.575345039367676, 4.5, 0.0]","[19.204191207885742, 4.5, 0.0]",1.178721308708619,2.4874119758605957,1.0062217712429766,13.602210998532142,1.3188387155529104,0.36435458809137344,0.0,0.36435458809137344,0.0
5.108059,"[5.598516941070557, 4.5, 0.0]","[19.254980087280273, 4.5, 0.0]",1.198952555656927,2.497652769088745,1.0115623474153956,13.628846168513716,1.3086906671519767,0.366288460791111,0.0,0.366288460791111,0.0
5.127729,"[5.622091293334961, 4.5, 0.0]","[19.305208206176758, 4.5, 0.0]",1.2192844152456173,2.507598638534546,1.0165929794345163,13.656463146203784,1.2987002134318182,0.36810923367738724,0.0,0.36810923367738724,0.0
5.15137,"[5.64607048034668, 4.5, 0.0]","[19.354637145996094, 4.5, 0.0]",1.2397183179861535,2.5173866748809814,1.0216951370268124,13.683116912834032,1.2883142232889286,0.3699548542499542,0.0,0.3699548542499542,0.0
5.167816,"[5.6704559326171875, 4.5, 0.0]","[19.406269073486328, 4.5, 0.0]",1.260248541832588,2.5276107788085938,1.0265111923217218,13.708566665641635,1.277668356894828,0.371696874499321,0.0,0.371696874499321,0.0
5.187183,"[5.695250511169434, 4.5, 0.0]","[19.455821990966797, 4.5, 0.0]",1.279781699181283,2.5374233722686768,0.9766578674347492,13.735813140861346,1.2673622369760058,0.3536447510123253,0.0,0.3536447510123253,0.0
5.207904,"[5.720455646514893, 4.5, 0.0]","[19.50752067565918, 4.5, 0.0]",1.2994164228446832,2.5476412773132324,0.9817361831700122,13.760571479787481,1.2576416730873938,0.35548120737075806,0.0,0.35548120737075806,0.0
5.227404,"[5.74605131149292, 4.5, 0.0]","[19.55876922607422, 4.5, 0.0]",1.3191474676139976,2.5609261989593506,0.986552238465721,13.787065029134387,1.2482248544685492,0.3572295978665352,0.0,0.3572295978665352,0.0
5.247966,"[5.772039413452148, 4.5, 0.0]","[19.61036491394043, 4.5, 0.0]",1.3389710187918868,2.5642776489257812,0.9911775588944627,13.812717914575298,1.241778731345353,0.35890139639377594,0.0,0.35890139639377594,0.0
5.267753,"[5.798422336578369, 4.5, 0.0]","[19.66090965270996, 4.5, 0.0]",1.3588832616812119,2.580759286880493,0.9956121444662513,13.838325500486318,1.2253066301338944,0.36050744354724884,0.0,0.36050744354724884,0.0
5.287709,"[5.825201988220215, 4.5, 0.0]","[19.713340759277344, 4.5, 0.0]",1.3777965307241127,2.5842726230621342,0.9456634521450402,13.86248731612852,1.2218760251992813,0.34242212772369385,0.0,0.34242212772369385,0.0
5.308156,"[5.85237979888916, 4.5, 0.0]","[19.765159606933594, 4.5, 0.0]",1.39680039882708,2.600982904434204,0.9501934051483696,13.888138771052695,1.2064760923380216,0.3440621495246887,0.0,0.3440621495246887,0.0
5.327165,"[5.8799357414245605, 4.5, 0.0]","[19.81637191772461, 4.5, 0.0]",1.4158924818043828,2.6040704250335693,0.9546041488651347,13.912779808038389,1.204182505607124,0.34565970301628113,0.0,0.34565970301628113,0.0
5.347711,"[5.907871723175049, 4.5, 0.0]","[19.869094848632812, 4.5, 0.0]",1.4350951910023806,2.6207799911499023,0.9601354598998912,13.93643617629696,1.1881779432291866,0.3476649895310402,0.0,0.3476649895310402,0.0
5.367412,"[5.936189651489258, 4.5, 0.0]","[19.921417236328125, 4.5, 0.0]",1.454378008843081,2.6240789890289307,0.9641408920350258,13.9612231254517,1.1856848001475218,0.34911446273326874,0.0,0.34911446273326874,0.0
5.387197,"[5.96489143371582, 4.5, 0.0]","[19.973844528198242, 4.5, 0.0]",1.4729188680657073,2.6407320499420166,0.927042961131308,13.985227584826468,1.1697009801858496,0.3356769308447838,0.0,0.3356769308447838,0.0
5.408107,"[5.993978977203369, 4.5, 0.0]","[20.02667236328125, 4.5, 0.0]",1.4915636777887635,2.6441125869750977,0.9322404861528133,14.008953094472362,1.1678131818763093,0.3375605121254921,0.0,0.3375605121254921,0.0
5.427181,"[6.0234375, 4.5, 0.0]","[20.079984664916992, 4.5, 0.0]",1.5102800130855734,2.6607449054718018,0.9358167648404914,14.032693386065441,1.1525489091863341,0.33885519951581955,0.0,0.33885519951581955,0.0
5.45236,"[6.053268909454346, 4.5, 0.0]","[20.135143280029297, 4.5, 0.0]",1.5290683507932108,2.6643877029418945,0.9394168853818718,14.056547164899047,1.1504648923862284,0.34015681594610214,0.0,0.34015681594610214,0.0
5.467381,"[6.083474636077881, 4.5, 0.0]","[20.186935424804688, 4.5, 0.0]",1.5479291677488691,2.6807355880737305,0.9430408477829166,14.081874370559845,1.1353193521486837,0.3414706513285637,0.0,0.3414706513285637,0.0
5.487599,"[6.11405611038208, 4.5, 0.0]","[20.240522384643555, 4.5, 0.0]",1.5658134222044495,2.6840848922729497,0.8942127227790198,14.103460788714303,1.1328064203248613,0.3237895667552948,0.0,0.3237895667552948,0.0
5.507888,"[6.145014762878418, 4.5, 0.0]","[20.294328689575195, 4.5, 0.0]",1.5837734937681778,2.700794219970703,0.8980035781864126,14.126466274248951,1.1182714700685001,0.3251618891954422,0.0,0.3251618891954422,0.0
5.529048,"[6.176331043243408, 4.5, 0.0]","[20.34844207763672, 4.5, 0.0]",1.601810812951512,2.7040560245513916,0.9018659591667144,14.149313926684234,1.1170207262025253,0.3265625983476639,0.0,0.3265625983476639,0.0
5.547737,"[6.208006381988525, 4.5, 0.0]","[20.40304946899414, 4.5, 0.0]",1.6199201345457774,2.72074294090271,0.9054660797132685,14.172111034380746,1.1022452115998795,0.32786421477794647,0.0,0.32786421477794647,0.0
5.567525,"[6.240042686462402, 4.5, 0.0]","[20.457622528076172, 4.5, 0.0]",1.6381033658996718,2.7240893840789795,0.9091615676947162,14.195043086995422,1.1008228063569325,0.3292035683989525,0.0,0.3292035683989525,0.0
5.586995,"[6.2724409103393555, 4.5, 0.0]","[20.51178741455078, 4.5, 0.0]",1.6556409597414068,2.740694999694824,0.8768796920867516,14.217579841598518,1.0859860181793077,0.31751494854688644,0.0,0.31751494854688644,0.0
5.608222,"[6.305202960968018, 4.5, 0.0]","[20.567296981811523, 4.5, 0.0]",1.6732548475285043,2.7441971302032475,0.8806943893548747,14.239346504186683,1.0850540399534174,0.3188958019018173,0.0,0.3188958019018173,0.0
5.628389,"[6.338315963745117, 4.5, 0.0]","[20.623023986816406, 4.5, 0.0]",1.6909397840521097,2.7609052658081055,0.8842468261802683,14.262094020825298,1.0709422826747432,0.3201870247721672,0.0,0.3201870247721672,0.0
5.648896,"[6.371780872344971, 4.5, 0.0]","[20.67735481262207, 4.5, 0.0]",1.7086919546150208,2.7640273571014404,0.8876085281455559,14.284708023053053,1.0699654817559958,0.32140102237463,0.0,0.32140102237463,0.0
5.668598,"[6.405599594116211, 4.5, 0.0]","[20.733619689941406, 4.5, 0.0]",1.7265142202401078,2.780832529067993,0.8911132812543521,14.305573940258837,1.0553354024864197,0.3226712718605995,0.0,0.3226712718605995,0.0
5.687625,"[6.4397735595703125, 4.5, 0.0]","[20.78877830505371, 4.5, 0.0]",1.7434605360054505,2.784103870391846,0.8473157882671334,14.328020095806904,1.0543183088278854,0.30680714175105095,0.0,0.30680714175105095,0.0
5.707542,"[6.474303722381592, 4.5, 0.0]","[20.84441566467285, 4.5, 0.0]",1.7604821920417983,2.800781488418579,0.8510828018173933,14.34900474546508,1.0406433343863957,0.30817463994026184,0.0,0.30817463994026184,0.0
5.727263,"[6.5091729164123535, 4.5, 0.0]","[20.900693893432617, 4.5, 0.0]",1.7775748968148228,2.8074088096618652,0.8546352386512246,14.370111942272914,1.0402992963767808,0.3094607777893543,0.0,0.3094607777893543,0.0
5.747759,"[6.544382572174072, 4.5, 0.0]","[20.95745849609375, 4.5, 0.0]",1.794734835627203,2.817455530166626,0.8579969406190102,14.391520976998702,1.0298339128470424,0.31067533418536186,0.0,0.31067533418536186,0.0
5.768132,"[6.579934120178223, 4.5, 0.0]","[21.013900756835938, 4.5, 0.0]",1.8119581937818379,2.8274452686309814,0.8611679077317413,14.413075923886966,1.022720694539423,0.3118283115327358,0.0,0.3118283115327358,0.0
5.787186,"[6.615828990936279, 4.5, 0.0]","[21.07019805908203, 4.5, 0.0]",1.8285669088393577,2.837409496307373,0.8304357528759909,14.43396663663609,1.0154870748491436,0.30069880187511444,0.0,0.30069880187511444,0.0
5.808397,"[6.652068138122559, 4.5, 0.0]","[21.126916885375977, 4.5, 0.0]",1.8452385664017887,2.8474345207214355,0.8335828781215526,14.454369068120636,1.0088425874680154,0.30184172093868256,0.0,0.30184172093868256,0.0
5.827286,"[6.6886396408081055, 4.5, 0.0]","[21.184133529663086, 4.5, 0.0]",1.8619712591203983,2.8573851585388184,0.8366346359304777,14.474848747228267,1.0021959543196468,0.30294736847281456,0.0,0.30294736847281456,0.0
5.847665,"[6.725544452667236, 4.5, 0.0]","[21.241544723510742, 4.5, 0.0]",1.8787635564839458,2.8673696517944336,0.8396148681773741,14.495493888829794,0.9954138994184201,0.3040221519768238,0.0,0.3040221519768238,0.0
5.867446,"[6.762784004211426, 4.5, 0.0]","[21.299053192138672, 4.5, 0.0]",1.8956135511436674,2.877371311187744,0.8424997329860795,14.51600027081056,0.9886060953104878,0.30507123097777367,0.0,0.30507123097777367,0.0
5.887537,"[6.80035924911499, 4.5, 0.0]","[21.35686492919922, 4.5, 0.0]",1.9118140935936088,2.8874256610870366,0.8100271224970701,14.536269187894254,0.9817577600440768,0.2933057025074959,0.0,0.2933057025074959,0.0
5.908718,"[6.838271617889404, 4.5, 0.0]","[21.415266036987305, 4.5, 0.0]",1.92807519436253,2.897566556930542,0.8130550384460644,14.556505680055192,0.9756115674934278,0.2944035828113556,0.0,0.2944035828113556,0.0
5.928103,"[6.876507759094238, 4.5, 0.0]","[21.472898483276367, 4.5, 0.0]",1.9443958997763129,2.907418251037598,0.8160352706891416,14.576994419068823,0.9694913625680119,0.2954830601811409,0.0,0.2954830601811409,0.0
5.947922,"[6.915069103240967, 4.5, 0.0]","[21.531492233276367, 4.5, 0.0]",1.9607752561606648,2.9174344539642334,0.8189678192175975,14.596390724156766,0.9630223512612852,0.29654553160071373,0.0,0.29654553160071373,0.0
5.96738,"[6.9539570808410645, 4.5, 0.0]","[21.58988380432129, 4.5, 0.0]",1.9772123098413592,2.9274158477783203,0.8218526840347185,14.616423129997951,0.9566591978035686,0.2975917235016823,0.0,0.2975917235016823,0.0
5.986977,"[6.993172645568848, 4.5, 0.0]","[21.648277282714844, 4.5, 0.0]",1.9930447340053945,2.9373977184295654,0.7916212082017648,14.635926723447007,0.9502035379369611,0.2866419032216072,0.0,0.2866419032216072,0.0
6.00803,"[7.032716751098633, 4.5, 0.0]","[21.707204818725586, 4.5, 0.0]",2.008937597279122,2.947457075119019,0.7946431636863815,14.655104637112734,0.9443529844241709,0.28773974627256393,0.0,0.28773974627256393,0.0
6.027502,"[7.072577476501465, 4.5, 0.0]","[21.767385482788086, 4.5, 0.0]",2.024883031849385,2.957571506500244,0.7972717285131381,14.674488067593648,0.9385194778398969,0.28869856148958206,0.0,0.28869856148958206,0.0
6.047883,"[7.112756252288818, 4.5, 0.0]","[21.827152252197266, 4.5, 0.0]",2.0408818721813313,2.967616319656372,0.7999420165973214,14.694808006264605,0.9326884746508592,0.28966231271624565,0.0,0.28966231271624565,0.0
6.068014,"[7.15325403213501, 4.5, 0.0]","[21.88672637939453, 4.5, 0.0]",2.0569341182751555,2.977628707885742,0.8026123046912081,14.714395999886401,0.9267344474750407,0.2906304970383644,0.0,0.2906304970383644,0.0
6.088083,"[7.1940717697143555, 4.5, 0.0]","[21.94647979736328, 4.5, 0.0]",2.072420835499517,2.9876713752746586,0.7743358612180673,14.733472347230132,0.9206945896105867,0.28037941083312035,0.0,0.28037941083312035,0.0
6.108323,"[7.235210418701172, 4.5, 0.0]","[22.00632095336914, 4.5, 0.0]",2.0879580974625407,2.997711181640625,0.7768630981511926,14.752408027611127,0.9152505397751418,0.2813069149851799,0.0,0.2813069149851799,0.0
6.127733,"[7.27665901184082, 4.5, 0.0]","[22.066184997558594, 4.5, 0.0]",2.1035478115129855,3.007606267929077,0.7794857025222424,14.771110534630123,0.9097530841780843,0.2822527289390564,0.0,0.2822527289390564,0.0
6.147997,"[7.318418025970459, 4.5, 0.0]","[22.12668800354004, 4.5, 0.0]",2.119190931325074,3.020940065383911,0.7821559906044273,14.78952598567988,0.9040584564160916,0.2832135371863842,0.0,0.2832135371863842,0.0
6.167903,"[7.3604888916015625, 4.5, 0.0]","[22.187267303466797, 4.5, 0.0]",2.134880781178631,3.0242862701416016,0.7844924926778463,14.808269977535971,0.901749134058837,0.2840636111795902,0.0,0.2840636111795902,0.0
6.187778,"[7.402872562408447, 4.5, 0.0]","[22.2478084564209, 4.5, 0.0]",2.1506192684225365,3.0409600734710693,0.7869243621952737,14.826778411831583,0.8894054889629706,0.2849421836435795,0.0,0.2849421836435795,0.0
6.207982,"[7.44556999206543, 4.5, 0.0]","[22.308469772338867, 4.5, 0.0]",2.1658914089258032,3.0443036556243896,0.7636070251633376,14.844935893974416,0.8903408050485329,0.27650732547044754,0.0,0.27650732547044754,0.0
6.227606,"[7.488582611083984, 4.5, 0.0]","[22.369766235351562, 4.5, 0.0]",2.1812112331449494,3.0609376430511475,0.7659912109573064,14.862899780220731,0.8784122466985864,0.2773694507777691,0.0,0.2773694507777691,0.0
6.249246,"[7.531900405883789, 4.5, 0.0]","[22.43180274963379, 4.5, 0.0]",2.1965806484282773,3.0643577575683594,0.7684707641663957,14.881183624219952,0.8797264099061981,0.2782635949552059,0.0,0.2782635949552059,0.0
6.267909,"[7.575524806976318, 4.5, 0.0]","[22.492938995361328, 4.5, 0.0]",2.2119939327301736,3.080965757369995,0.7706642150948184,14.899902343702314,0.8677771091400821,0.27906181290745735,0.0,0.27906181290745735,0.0
6.288215,"[7.6194562911987305, 4.5, 0.0]","[22.554553985595703, 4.5, 0.0]",2.2274539470733727,3.0843174457550053,0.7730007171599551,14.917414188346788,0.8689718246398215,0.2799009531736374,0.0,0.2799009531736374,0.0
6.309587,"[7.6636962890625, 4.5, 0.0]","[22.61526107788086, 4.5, 0.0]",2.2422540187894224,3.100841760635376,0.7400035858024845,14.935097694358706,0.8568634986816326,0.26795705780386925,0.0,0.26795705780386925,0.0
6.328967,"[7.708245277404785, 4.5, 0.0]","[22.677309036254883, 4.5, 0.0]",2.2571036815702765,3.104102373123169,0.7424831390427045,14.951564788788534,0.8585877418459535,0.2688434161245823,0.0,0.2688434161245823,0.0
6.347507,"[7.7530903816223145, 4.5, 0.0]","[22.739755630493164, 4.5, 0.0]",2.2719972133696804,3.120760917663574,0.7446765899701946,14.969063758816123,0.8469986915528924,0.2696452662348747,0.0,0.2696452662348747,0.0
6.36831,"[7.798232555389404, 4.5, 0.0]","[22.803442001342773, 4.5, 0.0]",2.2869374752105363,3.1242835521698,0.747013092042792,14.986665248832452,0.8487637042938938,0.270497128367424,0.0,0.270497128367424,0.0
6.387761,"[7.843672275543213, 4.5, 0.0]","[22.865989685058594, 4.5, 0.0]",2.3019206523956046,3.140958309173584,0.7491588592534182,15.005209445914923,0.8373460769592636,0.27126772329211235,0.0,0.27126772329211235,0.0
6.408208,"[7.889410972595215, 4.5, 0.0]","[22.928760528564453, 4.5, 0.0]",2.3165500164095008,3.1443188190460205,0.731468200694807,15.02231740947689,0.8390376567779794,0.2648642845451832,0.0,0.2648642845451832,0.0
6.427254,"[7.935449600219727, 4.5, 0.0]","[22.991825103759766, 4.5, 0.0]",2.331224203116195,3.160917282104492,0.7337093353347202,15.039349555930706,0.8277688026365198,0.26567956432700157,0.0,0.26567956432700157,0.0
6.448855,"[7.981780529022217, 4.5, 0.0]","[23.054702758789062, 4.5, 0.0]",2.345940351492725,3.1641523838043213,0.735807418826484,15.056375503501462,0.829693078988297,0.26642562821507454,0.0,0.26642562821507454,0.0
6.468198,"[8.02840518951416, 4.5, 0.0]","[23.118221282958984, 4.5, 0.0]",2.3606936931675992,3.1808221340179443,0.7376670837437205,15.072922229728226,0.8182120323115964,0.26711298152804375,0.0,0.26711298152804375,0.0
6.487529,"[8.075324058532715, 4.5, 0.0]","[23.181398391723633, 4.5, 0.0]",2.3754889965123165,3.1841044425964355,0.7397651672358618,15.089816093406162,0.8201284408503451,0.2678731456398964,0.0,0.2678731456398964,0.0
6.507675,"[8.122537612915039, 4.5, 0.0]","[23.24552345275879, 4.5, 0.0]",2.389693021781002,3.2008562088012695,0.7102012634342847,15.106074333152213,0.8086154460841191,0.25715475901961327,0.0,0.25715475901961327,0.0
6.527659,"[8.170047760009766, 4.5, 0.0]","[23.309385299682617, 4.5, 0.0]",2.4039371013710666,3.204090118408203,0.7122039795032231,15.122985839805002,0.8111631870202674,0.2578790672123432,0.0,0.2578790672123432,0.0
6.54772,"[8.217841148376465, 4.5, 0.0]","[23.3737735748291, 4.5, 0.0]",2.418218374259642,3.2207400798797607,0.714063644428764,15.139337539629365,0.8001530170371365,0.2585575543344021,0.0,0.2585575543344021,0.0
6.567738,"[8.26591968536377, 4.5, 0.0]","[23.43829917907715, 4.5, 0.0]",2.432534933098103,3.224076986312866,0.715827941923064,15.155932426398891,0.8025217056201188,0.25919845327734947,0.0,0.25919845327734947,0.0
6.589524,"[8.314284324645996, 4.5, 0.0]","[23.503437042236328, 4.5, 0.0]",2.4468915462576297,3.240842819213867,0.7178306579763261,15.172379493659575,0.791542053214763,0.2599305845797062,0.0,0.2599305845797062,0.0
6.60837,"[8.362935066223145, 4.5, 0.0]","[23.56790542602539, 4.5, 0.0]",2.4609801769343584,3.2441582679748535,0.704431533836436,15.189152717530948,0.7939512729562375,0.25507012382149696,0.0,0.25507012382149696,0.0
6.627176,"[8.411872863769531, 4.5, 0.0]","[23.632884979248047, 4.5, 0.0]",2.475103139886484,3.2607457637786865,0.7061481476062781,15.204970359730936,0.7831780910404951,0.2556982450187206,0.0,0.2556982450187206,0.0
6.647864,"[8.461091995239258, 4.5, 0.0]","[23.699228286743164, 4.5, 0.0]",2.489247083673779,3.26754093170166,0.7071971893647389,15.22101211542454,0.7856426238922025,0.25608086958527565,0.0,0.25608086958527565,0.0
6.667717,"[8.510594367980957, 4.5, 0.0]","[23.76406478881836, 4.5, 0.0]",2.503433942805119,3.274106025695801,0.7093429565670162,15.23813629143852,0.7782938480278814,0.2568546310067177,0.0,0.2568546310067177,0.0
6.687727,"[8.560379028320312, 4.5, 0.0]","[23.829347610473633, 4.5, 0.0]",2.5171496868240757,3.2907400131225586,0.6857872009478294,15.25347042077195,0.7706720828906817,0.24831416085362434,0.0,0.24831416085362434,0.0
6.708156,"[8.610447883605957, 4.5, 0.0]","[23.895240783691406, 4.5, 0.0]",2.530915021907367,3.294121026992798,0.6882667541645571,15.268968582093624,0.7735903262984829,0.24922585114836693,0.0,0.24922585114836693,0.0
6.72792,"[8.66079044342041, 4.5, 0.0]","[23.961475372314453, 4.5, 0.0]",2.544709920894435,3.3107481002807617,0.6897449493534102,15.28479290002569,0.763206005085431,0.24975255131721497,0.0,0.24975255131721497,0.0
6.748327,"[8.711408615112305, 4.5, 0.0]","[24.02944564819336, 4.5, 0.0]",2.5585334301108658,3.3143019676208496,0.6911754608215359,15.300684928828389,0.7660381793863267,0.2502712234854698,0.0,0.2502712234854698,0.0
6.767901,"[8.76230239868164, 4.5, 0.0]","[24.095722198486328, 4.5, 0.0]",2.5723855495566808,3.330935478210449,0.6926059722907496,15.318037033015326,0.7557685375099839,0.2507873624563217,0.0,0.2507873624563217,0.0
6.787949,"[8.813472747802734, 4.5, 0.0]","[24.16233253479004, 4.5, 0.0]",2.585799932491379,3.334285020828247,0.6707191467349105,15.333419799738893,0.7585499286537685,0.24285735562443733,0.0,0.24285735562443733,0.0
6.808567,"[8.864920616149902, 4.5, 0.0]","[24.227779388427734, 4.5, 0.0]",2.5992457866788596,3.3507821559906006,0.6722927093740338,15.348859786902256,0.7484850883368681,0.24343563243746758,0.0,0.24343563243746758,0.0
6.827586,"[8.91663646697998, 4.5, 0.0]","[24.295822143554688, 4.5, 0.0]",2.6127240657928525,3.3541953563690186,0.6739139556996454,15.362858772192705,0.751536369311741,0.2440156228840351,0.0,0.2440156228840351,0.0
6.848714,"[8.968621253967285, 4.5, 0.0]","[24.3626651763916, 4.5, 0.0]",2.6262338161592846,3.370765209197998,0.6754875183216047,15.37918567650258,0.741471290576166,0.24459676817059517,0.0,0.24459676817059517,0.0
6.867661,"[9.020875930786133, 4.5, 0.0]","[24.43017578125, 4.5, 0.0]",2.639775991452441,3.3740997314453125,0.6771087646578078,15.39404392235212,0.7445313930387134,0.24517791345715523,0.0,0.24517791345715523,0.0
6.887127,"[9.073400497436523, 4.5, 0.0]","[24.497207641601562, 4.5, 0.0]",2.6531102657446324,3.390697479248047,0.6667137146095792,15.4092998503916,0.7343237399928717,0.24142231792211533,0.0,0.24142231792211533,0.0
6.907631,"[9.126195907592773, 4.5, 0.0]","[24.565366744995117, 4.5, 0.0]",2.6664731502661003,3.3941161632537846,0.6681442260733972,15.423807144092702,0.7375872135034145,0.24192975834012032,0.0,0.24192975834012032,0.0
6.927493,"[9.179258346557617, 4.5, 0.0]","[24.633567810058594, 4.5, 0.0]",2.679864645017155,3.4107398986816406,0.6695747375527361,15.439170837329936,0.7276430129876843,0.2424544282257557,0.0,0.2424544282257557,0.0
6.947817,"[9.232587814331055, 4.5, 0.0]","[24.701927185058594, 4.5, 0.0]",2.693285703671727,3.4140520095825195,0.6710529327285997,15.454309463428498,0.7308752536644856,0.2429933100938797,0.0,0.2429933100938797,0.0
6.967741,"[9.286185264587402, 4.5, 0.0]","[24.770849227905273, 4.5, 0.0]",2.706737279904554,3.4307808876037598,0.6725788116413556,15.469339370654989,0.7207663059107925,0.2435426041483879,0.0,0.2435426041483879,0.0
6.987604,"[9.34005069732666, 4.5, 0.0]","[24.84042739868164, 4.5, 0.0]",2.7197272777682064,3.4342710971832275,0.6494998931826146,15.48466396324525,0.7240436076992056,0.23518649861216545,0.0,0.23518649861216545,0.0
7.007576,"[9.394185066223145, 4.5, 0.0]","[24.908058166503906, 4.5, 0.0]",2.7327449321871975,3.4507997035980225,0.6508827209495527,15.50037670128847,0.7145438194150211,0.23568572476506233,0.0,0.23568572476506233,0.0
7.027203,"[9.448579788208008, 4.5, 0.0]","[24.977306365966797, 4.5, 0.0]",2.7457911968355404,3.454096555709839,0.6523132324171454,15.513873100214193,0.718054771410825,0.2362057939171791,0.0,0.2362057939171791,0.0
7.048018,"[9.50323486328125, 4.5, 0.0]","[25.046829223632812, 4.5, 0.0]",2.7588670253880134,3.47076678276062,0.6537914276236512,15.528726577692156,0.7083053588742985,0.23674335330724716,0.0,0.23674335330724716,0.0
7.067784,"[9.558150291442871, 4.5, 0.0]","[25.116199493408203, 4.5, 0.0]",2.7719666957987537,3.477414608001709,0.6549835205370114,15.543594360272188,0.7118997573726067,0.23717304691672325,0.0,0.23717304691672325,0.0
7.087759,"[9.613327980041504, 4.5, 0.0]","[25.185680389404297, 4.5, 0.0]",2.7849261760855684,3.4874117374420166,0.6479740143407353,15.558049201872091,0.7054479122029553,0.23462697863578796,0.0,0.23462697863578796,0.0
7.10762,"[9.668766975402832, 4.5, 0.0]","[25.255510330200195, 4.5, 0.0]",2.7979104519046376,3.497447967529297,0.6492137909534623,15.572352409254556,0.7024855613564482,0.23508213460445404,0.0,0.23508213460445404,0.0
7.128092,"[9.724465370178223, 4.5, 0.0]","[25.325645446777344, 4.5, 0.0]",2.810921430604552,3.5073962211608887,0.6505489349957205,15.58674335468115,0.6995375156246593,0.23555822670459747,0.0,0.23555822670459747,0.0
7.149302,"[9.780423164367676, 4.5, 0.0]","[25.396818161010742, 4.5, 0.0]",2.823952436464788,3.5174918174743652,0.6515502930118044,15.601180076505623,0.6964747905563367,0.23593172430992126,0.0,0.23593172430992126,0.0
7.168736,"[9.836641311645508, 4.5, 0.0]","[25.468189239501953, 4.5, 0.0]",2.8370063305084527,3.5276153087615967,0.6526947021832319,15.616394996549475,0.6935393810095771,0.23634331300854683,0.0,0.23634331300854683,0.0
7.188046,"[9.893120765686035, 4.5, 0.0]","[25.538728713989258, 4.5, 0.0]",2.8497045040318967,3.537620782852173,0.6349086761721967,15.63154792775542,0.6906089782531439,0.22990364581346512,0.0,0.22990364581346512,0.0
7.208763,"[9.949860572814941, 4.5, 0.0]","[25.60961151123047, 4.5, 0.0]",2.86244273187643,3.547661066055298,0.6369113922266578,15.645607948202105,0.6879162788202762,0.23062121123075485,0.0,0.23062121123075485,0.0
7.228104,"[10.006855010986328, 4.5, 0.0]","[25.679750442504883, 4.5, 0.0]",2.875201940556029,3.5574707984924316,0.6379604339799672,15.65975093831432,0.685218334178868,0.23100825026631355,0.0,0.23100825026631355,0.0
7.247775,"[10.064104080200195, 4.5, 0.0]","[25.7510986328125, 4.5, 0.0]",2.8879783153731484,3.5674495697021493,0.638818740855962,15.672895431417261,0.6822688579364025,0.2313106320798397,0.0,0.2313106320798397,0.0
7.267656,"[10.121607780456543, 4.5, 0.0]","[25.822023391723633, 4.5, 0.0]",2.9007737636773654,3.577368974685669,0.6397724152108486,15.686994552503272,0.6794712543290009,0.23166855797171593,0.0,0.23166855797171593,0.0
7.288089,"[10.179367065429688, 4.5, 0.0]","[25.893985748291016, 4.5, 0.0]",2.913301229498437,3.5874335765838623,0.6263732910535724,15.700415611133327,0.6765952110083036,0.2268005907535553,0.0,0.2268005907535553,0.0
7.307669,"[10.237382888793945, 4.5, 0.0]","[25.96572494506836, 4.5, 0.0]",2.9258487224797602,3.597456216812134,0.6273746490661702,15.714618682744161,0.6741323470854255,0.2271655760705471,0.0,0.2271655760705471,0.0
7.327398,"[10.295648574829102, 4.5, 0.0]","[26.037622451782227, 4.5, 0.0]",2.938419103645016,3.607372999191284,0.6285190582627775,15.728342056148918,0.6716074943323735,0.22758593782782555,0.0,0.22758593782782555,0.0
7.349256,"[10.354165077209473, 4.5, 0.0]","[26.110462188720703, 4.5, 0.0]",2.951008558296046,3.617419719696045,0.629472732551517,15.74197387682752,0.6689538955462684,0.22793134674429893,0.0,0.22793134674429893,0.0
7.367651,"[10.412933349609375, 4.5, 0.0]","[26.183021545410156, 4.5, 0.0]",2.963619947456276,3.6274280548095708,0.6305694580114984,15.756297111393753,0.6664111613999988,0.22833609953522682,0.0,0.22833609953522682,0.0
7.387875,"[10.471953392028809, 4.5, 0.0]","[26.256845474243164, 4.5, 0.0]",2.9759795665979154,3.637610673904419,0.617980957081965,15.770088195674953,0.6638081073532947,0.22377124056220055,0.0,0.22377124056220055,0.0
7.407708,"[10.53122615814209, 4.5, 0.0]","[26.328285217285156, 4.5, 0.0]",2.988363027597835,3.647453546524048,0.6191730499959691,15.784892082052583,0.6616311073065035,0.2241993322968483,0.0,0.2241993322968483,0.0
7.428265,"[10.59074592590332, 4.5, 0.0]","[26.402807235717773, 4.5, 0.0]",3.0007665157581425,3.657592535018921,0.6201744080153837,15.79705905898117,0.6590905189262131,0.22455574944615364,0.0,0.22455574944615364,0.0
7.447889,"[10.650513648986816, 4.499999523162842, 0.0]","[26.4746036529541, 4.5, 0.0]",3.013192892102028,3.66736102104187,0.6213188171942718,15.812061309679738,0.6568260192607784,0.2249733917415142,0.0,0.2249733917415142,0.0
7.46757,"[10.710529327392578, 4.499999046325684, 0.0]","[26.548643112182617, 4.5, 0.0]",3.025638341931887,3.677434206008911,0.6222724914929589,15.824090003812413,0.6541681289398422,0.22531963884830475,0.0,0.22531963884830475,0.0
7.487491,"[10.770792961120605, 4.499998569488525, 0.0]","[26.622058868408203, 4.5, 0.0]",3.0381200313854904,3.69075608253479,0.6240844726801642,15.838113784632938,0.6517958640770241,0.2259807102382183,0.0,0.2259807102382183,0.0
7.507447,"[10.831305503845215, 4.499998092651367, 0.0]","[26.69576644897461, 4.5, 0.0]",3.050316572218423,3.694106817245484,0.6098270416466267,15.851265907128273,0.6526360511492997,0.22080909460783005,0.0,0.22080909460783005,0.0
7.529584,"[10.892067909240723, 4.499997615814209, 0.0]","[26.770401000976562, 4.5, 0.0]",3.062534093886251,3.710792064666748,0.6108760833914095,15.864460944977246,0.643790245027061,0.22119717672467232,0.0,0.22119717672467232,0.0
7.547618,"[10.95307445526123, 4.499997138977051, 0.0]","[26.844697952270508, 4.5, 0.0]",3.0747687816917924,3.714097499847412,0.6117343902770633,15.878333091581533,0.648257970780497,0.22151490673422813,0.0,0.22151490673422813,0.0
7.567748,"[11.014325141906738, 4.499996662139893, 0.0]","[26.918739318847656, 4.5, 0.0]",3.087025404006527,3.730703115463257,0.6128311157367339,15.891623496852818,0.6393287181556198,0.22189659997820854,0.0,0.22189659997820854,0.0
7.587638,"[11.075820922851562, 4.499996185302734, 0.0]","[26.993534088134766, 4.5, 0.0]",3.0992991924588935,3.734075784683228,0.6136894226183243,15.9044141767727,0.6436777114567298,0.2222105674445629,0.0,0.2222105674445629,0.0
7.607695,"[11.137561798095703, 4.499995708465576, 0.0]","[27.06848907470703, 4.5, 0.0]",3.1114194393461316,3.750793218612671,0.6060123443619059,15.91771316511276,0.6347765922243345,0.21943477913737297,0.0,0.21943477913737297,0.0
7.627323,"[11.19954776763916, 4.499995231628418, 0.0]","[27.143526077270508, 4.5, 0.0]",3.123559713394197,3.7540645599365234,0.6070137024032585,15.930927276438663,0.6393737792665393,0.21979022771120071,0.0,0.21979022771120071,0.0
7.6478,"[11.261775970458984, 4.49999475479126, 0.0]","[27.219099044799805, 4.5, 0.0]",3.1357161999056737,3.7707417011260986,0.6078243255738469,15.94397830945646,0.6305048465423266,0.2200883813202381,0.0,0.2200883813202381,0.0
7.668427,"[11.324247360229492, 4.499994277954102, 0.0]","[27.29478645324707, 4.5, 0.0]",3.1478860378576194,3.774099349975586,0.6084918975972853,15.95732307416371,0.6350255012204249,0.22033881396055222,0.0,0.22033881396055222,0.0
7.687704,"[11.386961936950684, 4.499993801116943, 0.0]","[27.370174407958984, 4.5, 0.0]",3.159895658524204,3.7907514572143555,0.6004810333292365,15.970539092838244,0.6262133121179665,0.21742785349488258,0.0,0.21742785349488258,0.0
7.709145,"[11.449919700622559, 4.499993324279785, 0.0]","[27.448354721069336, 4.5, 0.0]",3.171921491654025,3.7944250106811523,0.601291656491032,15.98321247082675,0.6308557986901513,0.21773191168904305,0.0,0.21773191168904305,0.0
7.727629,"[11.513117790222168, 4.499992847442627, 0.0]","[27.52269172668457, 4.5, 0.0]",3.183968305618922,3.810809373855591,0.602340698244852,15.998435020262985,0.6225035190271275,0.2181127853691578,0.0,0.2181127853691578,0.0
7.747797,"[11.576556205749512, 4.499992370605469, 0.0]","[27.598669052124023, 4.5, 0.0]",3.1960332393969333,3.81407380104065,0.6032466889005716,16.009573936255197,0.626841068236669,0.21843457594513893,0.0,0.21843457594513893,0.0
7.767535,"[11.640235900878906, 4.4999918937683105, 0.0]","[27.675390243530273, 4.5, 0.0]",3.208113431964176,3.8307700157165527,0.6040096283621343,16.02211284616495,0.6180405616437166,0.21870536729693413,0.0,0.21870536729693413,0.0
7.788125,"[11.704156875610352, 4.499991416931152, 0.0]","[27.751571655273438, 4.5, 0.0]",3.219860792194581,3.8340611457824707,0.5873680115202617,16.03515434243944,0.6226565837523768,0.21268578246235847,0.0,0.21268578246235847,0.0
7.807828,"[11.768319129943848, 4.499990940093994, 0.0]","[27.828508377075195, 4.5, 0.0]",3.231627225911244,3.8507752418518066,0.5883216858331375,16.047414779448808,0.6142003535878895,0.21302316337823868,0.0,0.21302316337823868,0.0
7.827597,"[11.83271598815918, 4.499990463256836, 0.0]","[27.9053897857666, 4.5, 0.0]",3.2434051037194296,3.8540284633636475,0.5888938904092811,16.060189246914707,0.6191480159405627,0.21323900669813156,0.0,0.21323900669813156,0.0
7.847991,"[11.897348403930664, 4.499989986419678, 0.0]","[27.98325538635254, 4.5, 0.0]",3.255201101339562,3.8707427978515625,0.5897998810066252,16.07267379738842,0.6106233596442179,0.21355817094445229,0.0,0.21355817094445229,0.0
7.867568,"[11.9622163772583, 4.4999895095825195, 0.0]","[28.060758590698242, 4.5, 0.0]",3.2670152187716504,3.8740758895874023,0.5907058716044133,16.08590698220051,0.6155416965120004,0.21389398723840714,0.0,0.21389398723840714,0.0
7.887322,"[12.027320861816406, 4.499989032745361, 0.0]","[28.13824462890625, 4.5, 0.0]",3.2787930965790357,3.8907411098480225,0.5888938903692686,16.098542213216213,0.607060670815752,0.21324500441551208,0.0,0.21324500441551208,0.0
7.907757,"[12.092660903930664, 4.499988555908203, 0.0]","[28.216156005859375, 4.5, 0.0]",3.290585279500632,3.894117116928101,0.589609146079817,16.11092376687508,0.6119480132689867,0.21349886432290077,0.0,0.21349886432290077,0.0
7.92861,"[12.158236503601074, 4.499988079071045, 0.0]","[28.294157028198242, 4.5, 0.0]",3.3023898601886295,3.9107208251953125,0.5902290343998695,16.123495101711654,0.603531837427469,0.21371908485889435,0.0,0.21371908485889435,0.0
7.948191,"[12.224048614501953, 4.499987602233887, 0.0]","[28.373119354248047, 4.5, 0.0]",3.3142116070145193,3.9141123294830322,0.5910873412944939,16.135920524377827,0.608330965006683,0.21403392776846886,0.0,0.21403392776846886,0.0
7.967546,"[12.290096282958984, 4.4999871253967285, 0.0]","[28.451509475708008, 4.5, 0.0]",3.3260486126296396,3.9307656288146973,0.5918502807560122,16.149070739524458,0.5999007224685129,0.2143055573105812,0.0,0.2143055573105812,0.0
7.987363,"[12.356380462646484, 4.49998664855957, 0.0]","[28.52998924255371, 4.5, 0.0]",3.3375747204175896,3.934095859527588,0.5763053893975023,16.161413192525103,0.6047170161850577,0.20867440849542618,0.0,0.20867440849542618,0.0
8.007855,"[12.422901153564453, 4.499986171722412, 0.0]","[28.608789443969727, 4.5, 0.0]",3.34911417964597,3.950791120529175,0.5769729614190089,16.173608779681025,0.5965211391099983,0.2089182659983635,0.0,0.2089182659983635,0.0
8.02733,"[12.489652633666992, 4.499985694885254, 0.0]","[28.687986373901367, 4.5, 0.0]",3.3606727123600377,3.9574193954467773,0.5779266357033963,16.185888290188238,0.601676940883205,0.20925752818584442,0.0,0.20925752818584442,0.0
8.048409,"[12.556634902954102, 4.499985218048096, 0.0]","[28.767236709594727, 4.5, 0.0]",3.3722474575378882,3.9673879146575928,0.5787372588925255,16.19833374001513,0.5967466830867396,0.20955368876457214,0.0,0.20955368876457214,0.0
8.067809,"[12.623847961425781, 4.4999847412109375, 0.0]","[28.846925735473633, 4.5, 0.0]",3.383836507831049,3.9774117469787598,0.5794525146580298,16.210601806419163,0.5951404571197045,0.20981205627322197,0.0,0.20981205627322197,0.0
8.087546,"[12.691292762756348, 4.499984264373779, 0.0]","[28.92668342590332, 4.5, 0.0]",3.395338773761542,3.9874441623687744,0.5751132965246653,16.223077773824173,0.5935752391477109,0.20825333893299103,0.0,0.20825333893299103,0.0
8.107459,"[12.7589693069458, 4.499983787536621, 0.0]","[29.00640296936035, 4.5, 0.0]",3.4068667888985265,3.9974617958068848,0.5764007568492158,16.23539066290934,0.5921053886072323,0.20871998742222786,0.0,0.20871998742222786,0.0
8.12709,"[12.826875686645508, 4.499983310699463, 0.0]","[29.086332321166992, 4.5, 0.0]",3.418403387104322,4.007391452789307,0.5768299102897778,16.24743366217464,0.5905950069083583,0.20886650308966637,0.0,0.20886650308966637,0.0
8.147754,"[12.895012855529785, 4.499982833862305, 0.0]","[29.167110443115234, 4.5, 0.0]",3.429946661030373,4.017426013946533,0.5771636963025406,16.25945663427929,0.5889880656849846,0.2089970000088215,0.0,0.2089970000088215,0.0
8.167704,"[12.963380813598633, 4.4999823570251465, 0.0]","[29.247764587402344, 4.5, 0.0]",3.441504240071238,4.027445316314697,0.5778789520432648,16.272097587340966,0.5874793529161604,0.20924001932144165,0.0,0.20924001932144165,0.0
8.187879,"[13.03197956085205, 4.499981880187988, 0.0]","[29.32817268371582, 4.5, 0.0]",3.45307326320376,4.037433624267578,0.5784511566260919,16.284383773556943,0.5859410762434591,0.2094566635787487,0.0,0.2094566635787487,0.0
8.207666,"[13.100810050964355, 4.49998140335083, 0.0]","[29.408872604370117, 4.5, 0.0]",3.4644954204920735,4.047448635101318,0.5711078644156764,16.29619312261472,0.5843603610638182,0.20678827539086342,0.0,0.20678827539086342,0.0
8.22721,"[13.16987133026123, 4.499980926513672, 0.0]","[29.489959716796875, 4.5, 0.0]",3.475928068197691,4.057398319244386,0.5716323852808847,16.308062553154436,0.5829532146092449,0.20698444917798042,0.0,0.20698444917798042,0.0
8.247336,"[13.239161491394043, 4.499980449676514, 0.0]","[29.571508407592773, 4.5, 0.0]",3.487370252646597,4.067404270172119,0.5721092224452828,16.320088386282034,0.5814702510466945,0.2071659080684185,0.0,0.2071659080684185,0.0
8.267583,"[13.308679580688477, 4.4999799728393555, 0.0]","[29.653059005737305, 4.5, 0.0]",3.498821973838344,4.0774102210998535,0.5725860595873655,16.332346915942836,0.5800340175255223,0.20733604207634926,0.0,0.20733604207634926,0.0
8.28786,"[13.378426551818848, 4.499979496002197, 0.0]","[29.734874725341797, 4.5, 0.0]",3.510128736534077,4.087449073791504,0.5653381347866526,16.344379424790652,0.5785882472615094,0.20470580086112022,0.0,0.20470580086112022,0.0
8.308531,"[13.448403358459473, 4.499979019165039, 0.0]","[29.8165283203125, 4.5, 0.0]",3.5214517116930635,4.097458362579346,0.5661487579493141,16.35644817326249,0.5773203372574267,0.20500225946307182,0.0,0.20500225946307182,0.0
8.327544,"[13.518606185913086, 4.499978542327881, 0.0]","[29.898822784423828, 4.5, 0.0]",3.5327899456409724,4.107433319091797,0.5669116973954447,16.36812496159029,0.5760066508862822,0.20527122542262077,0.0,0.20527122542262077,0.0
8.347481,"[13.589035034179688, 4.499978065490723, 0.0]","[29.98111915588379, 4.5, 0.0]",3.5441415310305318,4.117408752441406,0.5675792694779691,16.380216598206218,0.5746433734508245,0.20551439374685287,0.0,0.20551439374685287,0.0
8.367416,"[13.659690856933594, 4.4999775886535645, 0.0]","[30.06357192993164, 4.5, 0.0]",3.5555045605119555,4.1274027824401855,0.5681514740711879,16.39208412136915,0.5732672214108745,0.2057342790067196,0.0,0.2057342790067196,0.0
8.387186,"[13.730573654174805, 4.499977111816406, 0.0]","[30.145801544189453, 4.5, 0.0]",3.5668771267367476,4.1373701095581055,0.5686283112396051,16.403881072660464,0.57189822192823,0.20590264350175858,0.0,0.20590264350175858,0.0
8.407919,"[13.80168342590332, 4.499976634979248, 0.0]","[30.22901725769043, 4.5, 0.0]",3.578136205716796,4.147447109222412,0.5629539490024094,16.415227889674433,0.5704929828213579,0.20385045558214188,0.0,0.20385045558214188,0.0
8.428469,"[13.873021125793457, 4.49997615814209, 0.0]","[30.313953399658203, 4.5, 0.0]",3.58940291409192,4.157619476318359,0.5633354187562167,16.427333831472616,0.5693109035056163,0.2039908617734909,0.0,0.2039908617734909,0.0
8.448356,"[13.944583892822266, 4.499975681304932, 0.0]","[30.397611618041992, 4.5, 0.0]",3.6006772518605055,4.170971393585205,0.5637168884292665,16.440932273519234,0.5682165622264392,0.20411962643265724,0.0,0.20411962643265724,0.0
8.467757,"[14.016371726989746, 4.499975204467773, 0.0]","[30.479467391967773, 4.5, 0.0]",3.6119582653501707,4.174108505249023,0.564050674483263,16.45302772490022,0.5702941417246996,0.20424215123057365,0.0,0.20424215123057365,0.0
8.487008,"[14.088385581970215, 4.499974727630615, 0.0]","[30.562593460083008, 4.5, 0.0]",3.6231982708432673,4.19072961807251,0.562000274654828,16.463095664627264,0.5621502398988527,0.2035052515566349,0.0,0.2035052515566349,0.0
8.507777,"[14.160624504089355, 4.499974250793457, 0.0]","[30.64634895324707, 4.5, 0.0]",3.634444952056796,4.194085121154785,0.5623340606764282,16.474207877759405,0.5675313472292425,0.2036130614578724,0.0,0.2036130614578724,0.0
8.527464,"[14.233088493347168, 4.499973773956299, 0.0]","[30.7308406829834, 4.5, 0.0]",3.6456944942934135,4.210750579833984,0.5624771118308836,16.485724448830766,0.5596401690979893,0.20367326214909554,0.0,0.20367326214909554,0.0
8.54745,"[14.305777549743652, 4.499973297119141, 0.0]","[30.815013885498047, 4.5, 0.0]",3.656948804901488,4.214045524597168,0.5627155304037235,16.497752189306787,0.5650560855405709,0.20376399159431458,0.0,0.20376399159431458,0.0
8.567594,"[14.378691673278809, 4.499972820281982, 0.0]","[30.899892807006836, 4.5, 0.0]",3.66820883755559,4.230756759643555,0.5630016327051068,16.50923633542246,0.55709671969568,0.20386265590786934,0.0,0.20386265590786934,0.0
8.587628,"[14.451830863952637, 4.499972343444824, 0.0]","[30.98448371887207, 4.5, 0.0]",3.6792085171213134,4.234101295471191,0.5499839782861615,16.5212011333936,0.5625479220879646,0.19914230331778526,0.0,0.19914230331778526,0.0
8.607702,"[14.525195121765137, 4.499971866607666, 0.0]","[31.069435119628906, 4.5, 0.0]",3.690221548126537,4.2508111000061035,0.550651550261172,16.532652854582516,0.554892778349878,0.19939124584197998,0.0,0.19939124584197998,0.0
8.627035,"[14.598779678344727, 4.499971389770508, 0.0]","[31.154312133789062, 4.5, 0.0]",3.7012479305725896,4.254072189331055,0.5513191223026404,16.54423999753882,0.5605895518795667,0.19962474703788757,0.0,0.19962474703788757,0.0
8.647567,"[14.672584533691406, 4.49997091293335, 0.0]","[31.239898681640625, 4.5, 0.0]",3.7122790813901716,4.270748615264893,0.5515575408790996,16.555532455131196,0.5528242587584651,0.19972192123532295,0.0,0.19972192123532295,0.0
8.667963,"[14.746609687805176, 4.499970436096191, 0.0]","[31.32533073425293, 4.5, 0.0]",3.7233159542530103,4.274074554443359,0.551843643141936,16.56731414763373,0.558469533874721,0.19982792437076569,0.0,0.19982792437076569,0.0
8.689038,"[14.820855140686035, 4.499969959259033, 0.0]","[31.411264419555664, 4.5, 0.0]",3.7343881130658803,4.290791034698486,0.5536079406434968,16.578721046129917,0.5507586001903491,0.20045865327119827,0.0,0.20045865327119827,0.0
8.707997,"[14.8953218460083, 4.499969482421875, 0.0]","[31.49852752685547, 4.5, 0.0]",3.7454669475991174,4.2943196296691895,0.5539417266618551,16.590409278549448,0.5564029216326061,0.2005809172987938,0.0,0.2005809172987938,0.0
8.727636,"[14.970009803771973, 4.499969005584717, 0.0]","[31.58328628540039, 4.5, 0.0]",3.75655341152702,4.310784339904785,0.5543231963951234,16.603205680524624,0.5488526820700721,0.20071234554052353,0.0,0.20071234554052353,0.0
8.748104,"[15.04491901397705, 4.499968528747559, 0.0]","[31.669729232788086, 4.5, 0.0]",3.7676475048495,4.314111709594727,0.5547046661240174,16.613276481303544,0.5542309283777653,0.20085155963897705,0.0,0.20085155963897705,0.0
8.767263,"[15.120050430297852, 4.4999680519104, 0.0]","[31.755859375, 4.5, 0.0]",3.7787492275665495,4.330735206604004,0.5550861358524672,16.624810218483812,0.5464642047452264,0.2009970135986805,0.0,0.2009970135986805,0.0
8.787528,"[15.195403099060059, 4.499967575073242, 0.0]","[31.842653274536133, 4.5, 0.0]",3.7896106243560346,4.334103107452393,0.5430698394742528,16.635808944387012,0.5519859790374544,0.19664499908685684,0.0,0.19664499908685684,0.0
8.808614,"[15.270977973937988, 4.499967098236084, 0.0]","[31.92930030822754, 4.5, 0.0]",3.8004825115631227,4.3507771492004395,0.5435943603544047,16.647250175158664,0.544492483096358,0.1968291588127613,0.0,0.1968291588127613,0.0
8.827174,"[15.346770286560059, 4.499966621398926, 0.0]","[32.016361236572266, 4.5, 0.0]",3.8113639355134885,4.354060649871826,0.5440711975182921,16.658322333969867,0.5502946376373168,0.19701404497027397,0.0,0.19701404497027397,0.0
8.848347,"[15.42278003692627, 4.499966144561768, 0.0]","[32.10457992553711, 4.5, 0.0]",3.822255849881301,4.370809078216553,0.544595718390628,16.66959094969025,0.5426967143583377,0.1971982605755329,0.0,0.1971982605755329,0.0
8.867925,"[15.499007225036621, 4.499965667724609, 0.0]","[32.1933479309082, 4.5, 0.0]",3.8331582546666447,4.374288082122803,0.5451202392671828,16.6817998882866,0.5485532283352517,0.19738081842660904,0.0,0.19738081842660904,0.0
8.887859,"[15.57545280456543, 4.499965190887451, 0.0]","[32.28072738647461, 4.5, 0.0]",3.8441131115386433,4.390940189361572,0.5477428435999299,16.694340705545056,0.541129827456158,0.19834410399198532,0.0,0.19834410399198532,0.0
8.908238,"[15.652115821838379, 4.499964714050293, 0.0]","[32.36875534057617, 4.5, 0.0]",3.8550775051535973,4.394323348999023,0.5482196807476969,16.70527458158038,0.5468270778229289,0.19851531833410263,0.0,0.19851531833410263,0.0
8.927242,"[15.728998184204102, 4.499964237213135, 0.0]","[32.454986572265625, 4.5, 0.0]",3.866051435512719,4.410733222961426,0.5486965179560821,16.716639518421346,0.5392458438454262,0.19868291914463043,0.0,0.19868291914463043,0.0
8.951693,"[15.806099891662598, 4.499963760375977, 0.0]","[32.544281005859375, 4.5, 0.0]",3.877034902614197,4.417489528656006,0.5491733550738953,16.725988387728194,0.5446817874487069,0.19884664565324783,0.0,0.19884664565324783,0.0
8.967806,"[15.883420944213867, 4.499963283538818, 0.0]","[32.632354736328125, 4.5, 0.0]",3.888026952785431,4.427441596984863,0.5496025085617084,16.73818111387593,0.540454626041809,0.19900629296898842,0.0,0.19900629296898842,0.0
8.987735,"[15.960960388183594, 4.49996280670166, 0.0]","[32.72085189819336, 4.5, 0.0]",3.8988597393451028,4.437440872192383,0.5416393279835896,16.748933791776377,0.5394146441994323,0.19612492993474007,0.0,0.19612492993474007,0.0
9.007533,"[16.038721084594727, 4.499962329864502, 0.0]","[32.80946350097656, 4.5, 0.0]",3.909702062648751,4.447444915771484,0.5421161651824047,16.75989150968452,0.53858113284728,0.19629767164587975,0.0,0.19629767164587975,0.0
9.027489,"[16.11669921875, 4.499961853027344, 0.0]","[32.89868927001953, 4.5, 0.0]",3.9205539226947335,4.457414150238037,0.5425930022991299,16.77074241603941,0.5377428531227335,0.1964661106467247,0.0,0.1964661106467247,0.0
9.048081,"[16.19489288330078, 4.4999613761901855, 0.0]","[32.988258361816406, 4.5, 0.0]",3.931407690090259,4.467422008514405,0.5426883697762674,16.78199005093988,0.5368602275433036,0.19650913774967194,0.0,0.19650913774967194,0.0
9.06739,"[16.273303985595703, 4.499960899353027, 0.0]","[33.077598571777344, 4.5, 0.0]",3.9422652721819533,4.4774041175842285,0.5428791045847259,16.793365478168653,0.5360143184241464,0.19657108932733536,0.0,0.19657108932733536,0.0
9.087425,"[16.351932525634766, 4.499960422515869, 0.0]","[33.16699981689453, 4.5, 0.0]",3.9530351162375217,4.487393379211426,0.5384922027784178,16.804294585847586,0.5351388454022752,0.19498683512210846,0.0,0.19498683512210846,0.0
9.107742,"[16.43077850341797, 4.499959945678711, 0.0]","[33.25742721557617, 4.5, 0.0]",3.9637925625254913,4.497487545013428,0.5378723143984798,16.815067290908253,0.5343582629739041,0.19476963207125664,0.0,0.19476963207125664,0.0
9.127982,"[16.50984001159668, 4.499959468841553, 0.0]","[33.34925079345703, 4.5, 0.0]",3.974557638207662,4.507633686065674,0.5382537841085444,16.826648711849504,0.5336949824879365,0.1948968693614006,0.0,0.1948968693614006,0.0
9.148039,"[16.589115142822266, 4.4999589920043945, 0.0]","[33.43943405151367, 4.5, 0.0]",3.985330343284064,4.517599105834962,0.5386352538200967,16.839410781549578,0.5330760478580117,0.19503645598888397,0.0,0.19503645598888397,0.0
9.168535,"[16.66860580444336, 4.499958515167236, 0.0]","[33.5299186706543, 4.5, 0.0]",3.996111631429997,4.527596950531006,0.5390644072966522,16.85031890837857,0.5322687625508977,0.19518548622727394,0.0,0.19518548622727394,0.0
9.188748,"[16.74831199645996, 4.499958038330078, 0.0]","[33.619049072265625, 4.5, 0.0]",4.006901264226794,4.537445545196533,0.5394816398398561,16.86131286589604,0.5314853191010087,0.19534120336174965,0.0,0.19534120336174965,0.0
9.208065,"[16.82823371887207, 4.49995756149292, 0.0]","[33.709693908691406, 4.5, 0.0]",4.017624378239609,4.5474534034729,0.5361557006407391,16.870737075488716,0.5305442809697389,0.1941310055553913,0.0,0.1941310055553913,0.0
9.228194,"[16.908370971679688, 4.499957084655762, 0.0]","[33.80121612548828, 4.5, 0.0]",4.02834939960118,4.557455539703369,0.5362510680785526,16.88146018950033,0.5298290252332913,0.19418099895119667,0.0,0.19418099895119667,0.0
9.248163,"[16.988723754882812, 4.4999566078186035, 0.0]","[33.892826080322266, 4.5, 0.0]",4.0390782356601616,4.56746768951416,0.5364418029490725,16.89284515350237,0.529106140102189,0.19425379112362862,0.0,0.19425379112362862,0.0
9.267824,"[17.069290161132812, 4.499956130981445, 0.0]","[33.98385238647461, 4.5, 0.0]",4.049812793765426,4.577415943145752,0.5367279052632234,16.904102325131234,0.5283894538539986,0.1943475566804409,0.0,0.1943475566804409,0.0
9.288721,"[17.15007209777832, 4.499955654144287, 0.0]","[34.076229095458984, 4.5, 0.0]",4.060553073916764,4.587512016296387,0.5370140075668939,16.91456222503159,0.5276031493803259,0.1944594830274582,0.0,0.1944594830274582,0.0
9.307672,"[17.231067657470703, 4.499955177307129, 0.0]","[34.16740798950195, 4.5, 0.0]",4.071251392398191,4.597467899322511,0.534915924071333,16.926156997368462,0.5269589423796228,0.1936834678053856,0.0,0.1936834678053856,0.0
9.327421,"[17.312278747558594, 4.499954700469971, 0.0]","[34.260921478271484, 4.5, 0.0]",4.081955432925471,4.607577323913574,0.5352020263640345,16.93634033171706,0.5262165069243201,0.19378455355763435,0.0,0.19378455355763435,0.0
9.347221,"[17.39370346069336, 4.4999542236328125, 0.0]","[34.351844787597656, 4.5, 0.0]",4.092665195498448,4.617406845092773,0.5354881286488311,16.948642730396696,0.525621890988103,0.19389361143112183,0.0,0.19389361143112183,0.0
9.367631,"[17.475341796875, 4.499953746795654, 0.0]","[34.444915771484375, 4.5, 0.0]",4.103380680117501,4.630801677703857,0.5357742309526348,16.958141326586123,0.5247416495943256,0.19401051104068756,0.0,0.19401051104068756,0.0
9.387592,"[17.55719566345215, 4.499953269958496, 0.0]","[34.5372200012207, 4.5, 0.0]",4.114096164736637,4.634114265441895,0.5357742309568092,16.969573974289204,0.5274209975863569,0.19401321187615395,0.0,0.19401321187615395,0.0
9.408394,"[17.639263153076172, 4.499952793121338, 0.0]","[34.629886627197266, 4.5, 0.0]",4.124752521548283,4.650790214538574,0.5328178405823003,16.980024337446398,0.5200181007052587,0.1929355040192604,0.0,0.1929355040192604,0.0
9.42738,"[17.72154426574707, 4.49995231628418, 0.0]","[34.72440719604492, 4.5, 0.0]",4.135410785708551,4.654232978820801,0.532913208013408,16.990623473796948,0.5260376929902915,0.19295820966362953,0.0,0.19295820966362953,0.0
9.447984,"[17.804039001464844, 4.4999518394470215, 0.0]","[34.81869125366211, 4.5, 0.0]",4.146070957217584,4.670982837677002,0.5330085754516656,17.002862929971702,0.5188221931122499,0.1930048130452633,0.0,0.1930048130452633,0.0
9.467611,"[17.886747360229492, 4.499951362609863, 0.0]","[34.91017150878906, 4.5, 0.0]",4.156734943423938,4.674100875854492,0.5331993103177002,17.014652251869116,0.5249118804594177,0.19307434558868408,0.0,0.19307434558868408,0.0
9.487776,"[17.969669342041016, 4.499950885772705, 0.0]","[35.005550384521484, 4.5, 0.0]",4.167408466373235,4.690968036651611,0.5336761474648455,17.02342414822945,0.517365932430554,0.1932285539805889,0.0,0.1932285539805889,0.0
9.508775,"[18.052804946899414, 4.499950408935547, 0.0]","[35.099327087402344, 4.5, 0.0]",4.178080081973923,4.6943206787109375,0.5335807800344039,17.035881042148343,0.5235595702783762,0.19321493804454803,0.0,0.19321493804454803,0.0
9.528091,"[18.136152267456055, 4.499949932098389, 0.0]","[35.19172286987305, 4.5, 0.0]",4.188753604923235,4.710763931274414,0.5336761474656004,17.046522140168815,0.5162405967370143,0.19323864951729774,0.0,0.19323864951729774,0.0
9.547857,"[18.21971321105957, 4.4999494552612305, 0.0]","[35.28636169433594, 4.5, 0.0]",4.1994309425700145,4.7141127586364755,0.5338668823389625,17.0555706020809,0.5220103263511788,0.19329601898789406,0.0,0.19329601898789406,0.0
9.568461,"[18.30348777770996, 4.499948978424072, 0.0]","[35.38080978393555, 4.5, 0.0]",4.21011209491382,4.73077392578125,0.5340576171902978,17.066648482938277,0.514681816066461,0.193382129073143,0.0,0.193382129073143,0.0
9.587565,"[18.387475967407227, 4.499948501586914, 0.0]","[35.4766845703125, 4.5, 0.0]",4.220587253605228,4.734252452850342,0.5237579345703569,17.077322005885506,0.5206618308674296,0.18965533003211021,0.0,0.18965533003211021,0.0
9.608171,"[18.471677780151367, 4.499948024749756, 0.0]","[35.56996154785156, 4.5, 0.0]",4.231071949039774,4.750781536102295,0.5242347717273166,17.089208602563197,0.5136651992451142,0.18980957567691803,0.0,0.18980957567691803,0.0
9.62761,"[18.556089401245117, 4.499947547912598, 0.0]","[35.66511535644531, 4.5, 0.0]",4.241558551823084,4.7540788650512695,0.5243301391654853,17.09828376735614,0.519709587062521,0.18985485658049583,0.0,0.18985485658049583,0.0
9.648151,"[18.640710830688477, 4.4999470710754395, 0.0]","[35.7603759765625, 4.5, 0.0]",4.25204896930433,4.7707200050354,0.5245208740623397,17.10902595485415,0.5125203132281859,0.1899310015141964,0.0,0.1899310015141964,0.0
9.668271,"[18.725542068481445, 4.499946594238281, 0.0]","[35.85646057128906, 4.5, 0.0]",4.262545108831285,4.774115085601807,0.5248069763477137,17.11966514552599,0.51867103573107,0.1900336891412735,0.0,0.1900336891412735,0.0
9.687935,"[18.810583114624023, 4.499946117401123, 0.0]","[35.95185089111328, 4.5, 0.0]",4.273003101385473,4.790769577026367,0.5228996277093945,17.13091850244121,0.511569976770522,0.18935047090053558,0.0,0.18935047090053558,0.0
9.707911,"[18.89583396911621, 4.499945640563965, 0.0]","[36.0474853515625, 4.5, 0.0]",4.283470630682733,4.79410982131958,0.5233764648630235,17.1412677761208,0.5177664756408946,0.18949756398797035,0.0,0.18949756398797035,0.0
9.727523,"[18.981294631958008, 4.499945163726807, 0.0]","[36.14387893676758, 4.5, 0.0]",4.293940067328543,4.810764789581299,0.5234718322904897,17.151651382075773,0.510639190636847,0.18953552469611168,0.0,0.18953552469611168,0.0
9.747695,"[19.06696319580078, 4.499944686889648, 0.0]","[36.23981475830078, 4.5, 0.0]",4.304413318671438,4.814040184020996,0.5236625671447559,17.162584304436994,0.516824722252756,0.18960434943437576,0.0,0.18960434943437576,0.0
9.767587,"[19.152841567993164, 4.49994421005249, 0.0]","[36.33622741699219, 4.5, 0.0]",4.314892292060909,4.830697059631348,0.5239486694735618,17.172851562108406,0.5096268653495581,0.18971534445881844,0.0,0.18971534445881844,0.0
9.788392,"[19.238929748535156, 4.499943733215332, 0.0]","[36.43394470214844, 4.5, 0.0]",4.325476169625591,4.8341569900512695,0.529193878234091,17.183385848605305,0.5158047675704385,0.19161686301231384,0.0,0.19161686301231384,0.0
9.807887,"[19.325227737426758, 4.499943256378174, 0.0]","[36.530357360839844, 4.5, 0.0]",4.336058139841968,4.850805759429932,0.5290985108188373,17.195014953182316,0.5086808204256785,0.1915857009589672,0.0,0.1915857009589672,0.0
9.826993,"[19.4117374420166, 4.499942779541016, 0.0]","[36.62666702270508, 4.5, 0.0]",4.34664011005791,4.854017734527588,0.5290985107971213,17.205129622979857,0.5147476195879639,0.19159028306603432,0.0,0.19159028306603432,0.0
9.847918,"[19.498458862304688, 4.499942302703857, 0.0]","[36.725303649902344, 4.5, 0.0]",4.357223987622259,4.870800495147705,0.5291938782174377,17.214929580252992,0.5073776244696777,0.19162826240062714,0.0,0.19162826240062714,0.0
9.867706,"[19.585391998291016, 4.499941825866699, 0.0]","[36.82252883911133, 4.5, 0.0]",4.367811679883805,4.87743902206421,0.5293846130772994,17.226844787159887,0.5135765075254461,0.19169576466083527,0.0,0.19169576466083527,0.0
9.888129,"[19.672536849975586, 4.499941349029541, 0.0]","[36.92015838623047, 4.5, 0.0]",4.378338336988919,4.884119510650635,0.5263328552556956,17.23713684038028,0.509627342180405,0.19057417288422585,0.0,0.19057417288422585,0.0
9.908701,"[19.7598934173584, 4.499940872192383, 0.0]","[37.019744873046875, 4.5, 0.0]",4.388864994094657,4.900989532470703,0.5263328552869151,17.247621535794224,0.5057811736617159,0.19057335332036018,0.0,0.19057335332036018,0.0
9.927598,"[19.84745979309082, 4.499940395355225, 0.0]","[37.11640930175781, 4.5, 0.0]",4.3993935585486525,4.904136657714844,0.5264282226997707,17.259851455243894,0.512124538376046,0.19061008468270302,0.0,0.19061008468270302,0.0
9.948395,"[19.935237884521484, 4.499939918518066, 0.0]","[37.21626663208008, 4.5, 0.0]",4.409927845048294,4.92094087600708,0.5267143249820805,17.268949508220157,0.5047430991661912,0.19070729613304138,0.0,0.19070729613304138,0.0
9.967327,"[20.023225784301758, 4.499939441680908, 0.0]","[37.3128662109375, 4.5, 0.0]",4.420465946245052,4.924081802368164,0.526905059837901,17.281028747109477,0.5110130309587859,0.19077636301517487,0.0,0.19077636301517487,0.0
9.987493,"[20.11142349243164, 4.49993896484375, 0.0]","[37.41160583496094, 4.5, 0.0]",4.431009769487788,4.94077205657959,0.5271911621367753,17.289640426184377,0.5036158561231119,0.19089454784989357,0.0,0.19089454784989357,0.0
10.008582,"[20.199832916259766, 4.499938488006592, 0.0]","[37.51069259643555, 4.5, 0.0]",4.441502094317117,4.944157123565674,0.5246162414664468,17.300182342075665,0.5097622870918022,0.1899493858218193,0.0,0.1899493858218193,0.0
10.026778,"[20.288454055786133, 4.499938011169434, 0.0]","[37.608909606933594, 4.5, 0.0]",4.451996326495048,4.960694313049316,0.5247116088965775,17.310859679719883,0.5026550292485572,0.19000248983502388,0.0,0.19000248983502388,0.0
10.047962,"[20.37728500366211, 4.499937534332275, 0.0]","[37.70933532714844, 4.5, 0.0]",4.462496280718815,4.964121341705323,0.5249977111883464,17.320455550689303,0.5086979865542682,0.1900845393538475,0.0,0.1900845393538475,0.0
10.067437,"[20.466325759887695, 4.499937057495117, 0.0]","[37.80864715576172, 4.5, 0.0]",4.473001956988425,4.980768203735352,0.5252838134805149,17.332050323025893,0.501625060986508,0.1901901699602604,0.0,0.1901901699602604,0.0
10.087715,"[20.55557632446289, 4.499936580657959, 0.0]","[37.909889221191406, 4.5, 0.0]",4.483507633258102,4.984277248382568,0.5252838134838456,17.342321395411325,0.5077662467469262,0.19019288942217827,0.0,0.19019288942217827,0.0
10.107974,"[20.645036697387695, 4.499936103820801, 0.0]","[38.00790023803711, 4.5, 0.0]",4.493820667315822,5.000785827636719,0.5156517028859664,17.354312896263536,0.500769615124466,0.18672358244657516,0.0,0.18672358244657516,0.0
10.128411,"[20.73470687866211, 4.499935626983643, 0.0]","[38.11015701293945, 4.5, 0.0]",4.504139423419425,5.0042948722839355,0.5159378051801777,17.362863540182186,0.5069651603208971,0.18681811168789864,0.0,0.18681811168789864,0.0
10.147694,"[20.824583053588867, 4.499935150146484, 0.0]","[38.208683013916016, 4.5, 0.0]",4.514463901568844,5.020764350891113,0.5162239074709252,17.37545013380783,0.5001554488645104,0.18693804740905762,0.0,0.18693804740905762,0.0
10.167378,"[20.91466522216797, 4.499934673309326, 0.0]","[38.30900955200195, 4.5, 0.0]",4.524790287067039,5.024080753326417,0.51631927490976,17.384099959855387,0.5063004493222696,0.1869564689695835,0.0,0.1869564689695835,0.0
10.187396,"[21.004955291748047, 4.499934196472168, 0.0]","[38.41128158569336, 4.5, 0.0]",4.5351204872631685,5.040923595428467,0.5165100098064812,17.394344329359956,0.499290466259378,0.1870121993124485,0.0,0.1870121993124485,0.0
10.207755,"[21.09545135498047, 4.49993371963501, 0.0]","[38.510501861572266, 4.5, 0.0]",4.5455517769365175,5.044122219085693,0.5215644836674471,17.40632629340985,0.5058031081652983,0.18884725868701935,0.0,0.18884725868701935,0.0
10.227236,"[21.186153411865234, 4.499933242797852, 0.0]","[38.611454010009766, 4.5, 0.0]",4.5559887886555765,5.060734272003174,0.5218505859529543,17.415050506093763,0.4985704421491759,0.18894942477345467,0.0,0.18894942477345467,0.0
10.248135,"[21.27706527709961, 4.499932765960693, 0.0]","[38.71487045288086, 4.5, 0.0]",4.566425800374586,5.06425666809082,0.5218505859504674,17.42530059764416,0.5047454833475973,0.18895111978054047,0.0,0.18895111978054047,0.0
10.267616,"[21.36818504333496, 4.499932289123535, 0.0]","[38.81492614746094, 4.5, 0.0]",4.576864719441429,5.080780982971191,0.52194595334214,17.437805175278523,0.4978308677162344,0.18899083137512207,0.0,0.18899083137512207,0.0
10.287701,"[21.45951271057129, 4.499931812286377, 0.0]","[38.916385650634766, 4.5, 0.0]",4.587131977131639,5.087443828582764,0.5133628845105154,17.44674110364062,0.5039162635297627,0.185887161642313,0.0,0.185887161642313,0.0
10.308106,"[21.551050186157227, 4.499931335449219, 0.0]","[39.02001953125, 4.5, 0.0]",4.597406864216537,5.097644329071045,0.5137443542448938,17.45687293957586,0.5003118514511247,0.1860085129737854,0.0,0.1860085129737854,0.0
10.327525,"[21.642793655395508, 4.4999308586120605, 0.0]","[39.120140075683594, 4.5, 0.0]",4.607681751301442,5.107412338256836,0.5137443542452491,17.468969344602872,0.500237464854508,0.18602890893816948,0.0,0.18602890893816948,0.0
10.347977,"[21.7347412109375, 4.499930381774902, 0.0]","[39.22339630126953, 4.5, 0.0]",4.617960453083704,5.117486000061035,0.5139350891131045,17.47734641979594,0.4997305869553941,0.18608685582876205,0.0,0.18608685582876205,0.0
10.367804,"[21.826894760131836, 4.499929904937744, 0.0]","[39.32510757446289, 4.5, 0.0]",4.62824296956328,5.127408981323242,0.5141258239787838,17.48865508983761,0.4995255469773312,0.18617704510688782,0.0,0.18617704510688782,0.0
10.387807,"[21.919254302978516, 4.499929428100586, 0.0]","[39.42987060546875, 4.5, 0.0]",4.6385617256669125,5.137629985809326,0.5159378051816432,17.498212813834378,0.49916601175996256,0.18680771812796593,0.0,0.18680771812796593,0.0
10.407591,"[22.01181983947754, 4.499928951263428, 0.0]","[39.53075408935547, 4.5, 0.0]",4.6488823891192,5.147464752197266,0.5160331726143941,17.51061630199127,0.4990682601424137,0.18684165552258492,0.0,0.18684165552258492,0.0
10.427612,"[22.104591369628906, 4.4999284744262695, 0.0]","[39.635597229003906, 4.5, 0.0]",4.659206867270464,5.157594203948975,0.5162239075631625,17.518934249315258,0.49858236307806525,0.18691297620534897,0.0,0.18691297620534897,0.0
10.447944,"[22.197568893432617, 4.499927997589111, 0.0]","[39.737239837646484, 4.5, 0.0]",4.669537067467952,5.167414665222168,0.5165100098744269,17.531005858767163,0.498387336678511,0.18701491877436638,0.0,0.18701491877436638,0.0
10.469108,"[22.290752410888672, 4.499927520751953, 0.0]","[39.84109115600586, 4.5, 0.0]",4.679867267666209,5.177448749542236,0.5165100099128406,17.539670943581562,0.4978775977542158,0.187019445002079,0.0,0.187019445002079,0.0
10.487803,"[22.384143829345703, 4.499927043914795, 0.0]","[39.94486999511719, 4.5, 0.0]",4.6901650429377195,5.187475681304932,0.5148887635755273,17.55033874445994,0.49758148187602735,0.1864464394748211,0.0,0.1864464394748211,0.0
10.508549,"[22.477741241455078, 4.499926567077637, 0.0]","[40.05028533935547, 4.5, 0.0]",4.700468540255221,5.197650909423828,0.5151748658750677,17.56072616506589,0.4973106383672121,0.18653007224202156,0.0,0.18653007224202156,0.0
10.527733,"[22.571544647216797, 4.4999260902404785, 0.0]","[40.15288543701172, 4.5, 0.0]",4.710770130225283,5.207469463348389,0.5150794985031126,17.572544097191873,0.49718236916860725,0.18652014434337616,0.0,0.18652014434337616,0.0
10.547741,"[22.66555404663086, 4.49992561340332, 0.0]","[40.256839752197266, 4.5, 0.0]",4.7210736275438085,5.217417240142822,0.5151748659262712,17.581340789036414,0.49669933312310555,0.18655428662896156,0.0,0.18655428662896156,0.0
10.567597,"[22.759769439697266, 4.499925136566162, 0.0]","[40.36179733276367, 4.5, 0.0]",4.731396198349771,5.227460861206055,0.5161285402981441,17.591285704780766,0.4963436125990137,0.18688002601265907,0.0,0.18688002601265907,0.0
10.587168,"[22.854190826416016, 4.499924659729004, 0.0]","[40.46567916870117, 4.5, 0.0]",4.741720676503574,5.237401962280273,0.5162239076901276,17.602027892228367,0.49606466285628326,0.18693720921874046,0.0,0.18693720921874046,0.0
10.607645,"[22.94881820678711, 4.499924182891846, 0.0]","[40.57081985473633, 4.5, 0.0]",4.7520127297307,5.247455596923828,0.5146026613563226,17.6114883414187,0.49568128577669945,0.1863233931362629,0.0,0.1863233931362629,0.0
10.631025,"[23.04365348815918, 4.4999237060546875, 0.0]","[40.67950439453125, 4.5, 0.0]",4.762304782956876,5.257757663726807,0.5146026613087606,17.62200164715424,0.4954428671931277,0.18632955849170685,0.0,0.18632955849170685,0.0
10.648086,"[23.13869285583496, 4.499923229217529, 0.0]","[40.78167724609375, 4.5, 0.0]",4.772598743530611,5.267442226409912,0.5146980286867553,17.63585090554921,0.495452880769931,0.18637420609593391,0.0,0.18637420609593391,0.0
10.667951,"[23.233938217163086, 4.499922752380371, 0.0]","[40.889041900634766, 4.5, 0.0]",4.7828907967551695,5.277618885040284,0.5146026612279364,17.642984389432804,0.49484348287930136,0.18633035942912102,0.0,0.18633035942912102,0.0
10.687946,"[23.329389572143555, 4.499922275543213, 0.0]","[40.9944953918457, 4.5, 0.0]",4.793152332401031,5.287614345550537,0.5130767822930871,17.655103682642473,0.4947280882851146,0.18577376380562782,0.0,0.18577376380562782,0.0
10.708357,"[23.425046920776367, 4.499921798706055, 0.0]","[41.100502014160156, 4.5, 0.0]",4.803415775395356,5.300986289978027,0.5131721497162456,17.665105818869762,0.4944620131495059,0.18582692369818687,0.0,0.18582692369818687,0.0
10.7278,"[23.520910263061523, 4.4999213218688965, 0.0]","[41.20627975463867, 4.5, 0.0]",4.813684940435341,5.3042521476745605,0.5134582519992215,17.675455092548216,0.4975705145826712,0.18591595813632011,0.0,0.18591595813632011,0.0
10.748185,"[23.61697769165039, 4.499920845031738, 0.0]","[41.31305694580078, 4.5, 0.0]",4.823954105475014,5.320944309234619,0.5134582519836783,17.685369490763456,0.49056720723922,0.1859121210873127,0.0,0.1859121210873127,0.0
10.767611,"[23.7132511138916, 4.49992036819458, 0.0]","[41.41811752319336, 4.5, 0.0]",4.834225177865402,5.324142932891846,0.5135536195194135,17.696079253231172,0.496990203759605,0.18595218658447266,0.0,0.18595218658447266,0.0
10.787429,"[23.809730529785156, 4.499919891357422, 0.0]","[41.52421569824219, 4.5, 0.0]",4.844543933971825,5.340771198272705,0.5159378053211316,17.704866408352714,0.4899177550264433,0.18683446571230888,0.0,0.18683446571230888,0.0
10.807592,"[23.906415939331055, 4.499919414520264, 0.0]","[41.6309700012207, 4.5, 0.0]",4.854862690079449,5.344121932983398,0.5159378053812169,17.714485167477683,0.49622726430088004,0.18681466579437256,0.0,0.18681466579437256,0.0
10.827121,"[24.003307342529297, 4.4999189376831055, 0.0]","[41.73770523071289, 4.5, 0.0]",4.8651833535355165,5.360716819763184,0.516033172803354,17.724554060851986,0.48925924290394907,0.18684051930904388,0.0,0.18684051930904388,0.0
10.848517,"[24.100404739379883, 4.499918460845947, 0.0]","[41.845218658447266, 4.5, 0.0]",4.875505924341769,5.364051818847656,0.5161285403126215,17.734397887114312,0.49553346622766714,0.1869051530957222,0.0,0.1869051530957222,0.0
10.867456,"[24.197708129882812, 4.499917984008789, 0.0]","[41.95283889770508, 4.5, 0.0]",4.885828495147814,5.3807291984558105,0.5161285403022742,17.74481391796601,0.48854589450588737,0.1868799701333046,0.0,0.1868799701333046,0.0
10.888296,"[24.295217514038086, 4.499917507171631, 0.0]","[42.0621337890625, 4.5, 0.0]",4.895977497228154,5.384230136871338,0.5074501040169821,17.755130766659317,0.4949007033079962,0.18373511731624603,0.0,0.18373511731624603,0.0
10.907591,"[24.392934799194336, 4.499917030334473, 0.0]","[42.16852951049805, 4.5, 0.0]",4.906130314007305,5.400786399841309,0.5076408389575349,17.766916273828024,0.4882526396431839,0.1838187873363495,0.0,0.1838187873363495,0.0
10.927099,"[24.490854263305664, 4.4999165534973145, 0.0]","[42.276344299316406, 4.5, 0.0]",4.91628885283188,5.404056549072266,0.5079269412287868,17.775594710073502,0.4946560858340039,0.18393434584140778,0.0,0.18393434584140778,0.0
10.948141,"[24.588977813720703, 4.499915599822998, 0.0]","[42.38533020019531, 4.5, 0.0]",4.926449299006257,5.420767784118652,0.5080223087188251,17.785490034746218,0.4877676962403852,0.18395289778709412,0.0,0.18395289778709412,0.0
10.967575,"[24.68730354309082, 4.499914646148682, 0.0]","[42.49421310424805, 4.5, 0.0]",4.936613559877317,5.424136638641357,0.5082130435530186,17.796352385140374,0.4943184851123954,0.18401168286800385,0.0,0.18401168286800385,0.0
10.98782,"[24.78583335876465, 4.499913692474365, 0.0]","[42.60454559326172, 4.5, 0.0]",4.946901798410894,5.440972328186035,0.5144119266788483,17.806909559783204,0.4875230787640401,0.18626900389790535,0.0,0.18626900389790535,0.0
11.008099,"[24.884565353393555, 4.499912738800049, 0.0]","[42.711219787597656, 4.5, 0.0]",4.957190036943456,5.444129943847657,0.5144119266280889,17.81871223308262,0.4940705297751409,0.1862521655857563,0.0,0.1862521655857563,0.0
11.027481,"[24.983503341674805, 4.499911785125732, 0.0]","[42.821983337402344, 4.5, 0.0]",4.967478275475946,5.460911750793457,0.5144119266244918,17.826654432716136,0.4869399069042011,0.18627895042300224,0.0,0.18627895042300224,0.0
11.04817,"[25.0826473236084, 4.499910831451416, 0.0]","[42.92995071411133, 4.5, 0.0]",4.977770328703345,5.464105606079102,0.5146026613699561,17.838479994230596,0.49343347531751114,0.1863427832722664,0.0,0.1863427832722664,0.0
11.067566,"[25.181997299194336, 4.4999098777771, 0.0]","[43.03977966308594, 4.5, 0.0]",4.988060474581251,5.480802059173584,0.5145072938952833,17.847303389094932,0.48633527737575655,0.18631558865308762,0.0,0.18631558865308762,0.0
11.115248,"[25.281553268432617, 4.499908924102783, 0.0]","[43.14925765991211, 4.5, 0.0]",4.998186588475533,5.484133720397949,0.5063056947141042,17.857782362409935,0.4927415845923333,0.18334079533815384,0.0,0.18334079533815384,0.0
11.181777,"[25.381315231323242, 4.499907970428467, 0.0]","[43.35393142700195, 4.5, 0.0]",5.008310795023642,5.509405612945557,0.5062103274054763,17.867704389955865,0.48594713192241645,0.1832842081785202,0.0,0.1832842081785202,0.0
11.188363,"[25.481279373168945, 4.49990701675415, 0.0]","[43.706085205078125, 4.5, 0.0]",5.018295765121927,5.534608364105225,0.49924850491422923,17.972616194074547,0.5010948179219143,0.18077759072184563,0.0,0.18077759072184563,0.0
11.194927,"[25.581445693969727, 4.499906063079834, 0.0]","[43.7413444519043, 4.5, 0.0]",5.028280735220036,5.5444655418396,0.49924850490543626,18.22480583025077,0.5163125989832977,0.18077759072184563,0.0,0.18077759072184563,0.0
11.204674,"[25.681812286376953, 4.499905109405518, 0.0]","[43.793697357177734, 4.5, 0.0]",5.038233280391485,5.542537212371826,0.49762725857247503,18.159898756339544,0.516184806619564,0.1801939308643341,0.0,0.1801939308643341,0.0
11.210895,"[25.782377243041992, 4.499904155731201, 0.0]","[43.83224105834961, 4.5, 0.0]",5.0481801035151355,5.552667617797852,0.49734115618251806,18.11188506919909,0.5043039319803411,0.18007636070251465,0.0,0.18007636070251465,0.0
11.220224,"[25.883142471313477, 4.499903202056885, 0.0]","[43.881813049316406, 4.5, 0.0]",5.058126926637954,5.5504469871521,0.4973411561409069,18.049863813665148,0.5044875142827161,0.18007053062319756,0.0,0.18007053062319756,0.0
11.227003,"[25.984106063842773, 4.499902248382568, 0.0]","[43.92172622680664, 4.5, 0.0]",5.068081379154304,5.56069278717041,0.49772262581750937,17.998670576353856,0.492320060514146,0.18022950738668442,0.0,0.18022950738668442,0.0
11.247876,"[26.085268020629883, 4.499901294708252, 0.0]","[44.03400802612305, 4.5, 0.0]",5.078083515386309,5.567430019378662,0.5001068116002649,17.937620161308608,0.49261140801610637,0.18108658492565155,0.0,0.18108658492565155,0.0
11.270454,"[26.186630249023438, 4.4999003410339355, 0.0]","[44.14646530151367, 4.5, 0.0]",5.08813142798514,5.577516078948975,0.5023956299415655,17.948740003828675,0.489346503992353,0.18190059810876846,0.0,0.18190059810876846,0.0
11.288364,"[26.288192749023438, 4.499899387359619, 0.0]","[44.257102966308594, 4.5, 0.0]",5.098282337409947,5.587438583374023,0.5075454712403449,17.959835050816512,0.4893846509638342,0.18379626795649529,0.0,0.18379626795649529,0.0
11.309265,"[26.389955520629883, 4.499898433685303, 0.0]","[44.36941146850586, 4.5, 0.0]",5.108463764412648,5.597503662109375,0.5090713501350486,17.96891021560229,0.48915624596407614,0.18434321507811546,0.0,0.18434321507811546,0.0
11.327939,"[26.491920471191406, 4.499897480010986, 0.0]","[44.48320007324219, 4.5, 0.0]",5.118666172250237,5.60761833190918,0.5101203918794539,17.979455946183904,0.48903989769672673,0.18469735980033875,0.0,0.18469735980033875,0.0
11.348302,"[26.59408950805664, 4.49989652633667, 0.0]","[44.59598922729492, 4.5, 0.0]",5.128883838876719,5.617643356323243,0.5108833313240968,17.991279600349447,0.48895215965894234,0.18500247970223427,0.0,0.18500247970223427,0.0
11.367915,"[26.696462631225586, 4.4998955726623535, 0.0]","[44.706390380859375, 4.5, 0.0]",5.13911676429233,5.627457141876221,0.5116462707805525,18.001899717527735,0.4887595174465238,0.18526224419474602,0.0,0.18526224419474602,0.0
11.387299,"[26.799039840698242, 4.499894618988037, 0.0]","[44.81818389892578, 4.5, 0.0]",5.149342060313284,5.637394428253174,0.5112648010476839,18.009927747914144,0.4883403775838904,0.18514033406972885,0.0,0.18514033406972885,0.0
11.407914,"[26.901823043823242, 4.499893665313721, 0.0]","[44.931396484375, 4.5, 0.0]",5.159573078379774,5.647450923919678,0.5115509033244869,18.019144056498742,0.4880523679398898,0.18522877246141434,0.0,0.18522877246141434,0.0
11.427414,"[27.004810333251953, 4.499892711639404, 0.0]","[45.04466247558594, 4.5, 0.0]",5.169807911143586,5.657430171966553,0.5117416381906104,18.02957343881376,0.487877845539904,0.18531166017055511,0.0,0.18531166017055511,0.0
11.447685,"[27.108001708984375, 4.499891757965088, 0.0]","[45.15801239013672, 4.5, 0.0]",5.180040836558718,5.667417049407959,0.5116462707566161,18.03985214058679,0.4876222608229668,0.1852722465991974,0.0,0.1852722465991974,0.0
11.468146,"[27.211397171020508, 4.4998908042907715, 0.0]","[45.271732330322266, 4.5, 0.0]",5.190273761974,5.677436351776124,0.5116462707640768,18.050010679395957,0.4873762128492407,0.18525760620832443,0.0,0.18525760620832443,0.0
11.487675,"[27.314998626708984, 4.499889850616455, 0.0]","[45.38535690307617, 4.5, 0.0]",5.200478077159696,5.6874470710754395,0.5102157592848044,18.060335157536173,0.4871625898021241,0.18475059419870377,0.0,0.18475059419870377,0.0
11.508459,"[27.418804168701172, 4.499888896942139, 0.0]","[45.499237060546875, 4.5, 0.0]",5.210691929086557,5.697473526000977,0.5106925963430431,18.070358274592415,0.48696899391574355,0.18492430448532104,0.0,0.18492430448532104,0.0
11.527071,"[27.52281379699707, 4.499887943267822, 0.0]","[45.613067626953125, 4.5, 0.0]",5.220901966320845,5.7074151039123535,0.5105018617144186,18.08043289002467,0.4867815969144198,0.18484506756067276,0.0,0.18484506756067276,0.0
11.547909,"[27.62702751159668, 4.499886989593506, 0.0]","[45.72782516479492, 4.5, 0.0]",5.231110096207794,5.717437744140625,0.5104064943474373,18.09025382801214,0.4865131375915084,0.18480869010090828,0.0,0.18480869010090828,0.0
11.568616,"[27.7314453125, 4.4998860359191895, 0.0]","[45.84268569946289, 4.5, 0.0]",5.241318226097134,5.727468967437744,0.5104064944669862,18.100797651205923,0.4863276479328311,0.1848127506673336,0.0,0.1848127506673336,0.0
11.587117,"[27.83606719970703, 4.499885082244873, 0.0]","[45.95629119873047, 4.5, 0.0]",5.251499653105515,5.737390995025635,0.509071350419088,18.11124038492156,0.48615074134061054,0.18433855846524239,0.0,0.18433855846524239,0.0
11.609563,"[27.940893173217773, 4.499884128570557, 0.0]","[46.07264709472656, 4.5, 0.0]",5.261679172765742,5.747545242309571,0.5089759830113394,18.120223996892697,0.4858913419201194,0.18431402742862701,0.0,0.18431402742862701,0.0
11.629095,"[28.045923233032227, 4.49988317489624, 0.0]","[46.187400817871094, 4.5, 0.0]",5.271860599776947,5.757480621337891,0.509071350560264,18.131753919367668,0.48586606954382905,0.18433712422847748,0.0,0.18433712422847748,0.0
11.648561,"[28.15115737915039, 4.499882221221924, 0.0]","[46.3044319152832, 4.5, 0.0]",5.282038212089932,5.767613410949708,0.5088806156492431,18.141477582606164,0.4856200215609432,0.18427908420562744,0.0,0.18427908420562744,0.0
11.668033,"[28.256593704223633, 4.499881267547607, 0.0]","[46.41757583618164, 4.5, 0.0]",5.292215824404795,5.780742645263672,0.5088806157431236,18.15327453384815,0.4855751988597756,0.1842762902379036,0.0,0.1842762902379036,0.0
11.68707,"[28.362234115600586, 4.499880313873291, 0.0]","[46.53254318237305, 4.5, 0.0]",5.302380085278349,5.784030437469483,0.5082130436777188,18.160982129621015,0.4885268208588771,0.18403857946395874,0.0,0.18403857946395874,0.0
11.707703,"[28.46807861328125, 4.499879360198975, 0.0]","[46.64930725097656, 4.5, 0.0]",5.312542438802503,5.8007988929748535,0.5081176762077089,18.17030906433993,0.48165035219113417,0.1840023696422577,0.0,0.1840023696422577,0.0
11.727618,"[28.574125289916992, 4.499878406524658, 0.0]","[46.765663146972656, 4.5, 0.0]",5.322706699670937,5.8041205406188965,0.5082130434217014,18.18122863525157,0.4882564541723502,0.18401887267827988,0.0,0.18401887267827988,0.0
11.748665,"[28.680376052856445, 4.499877452850342, 0.0]","[46.88223648071289, 4.5, 0.0]",5.332874775233813,5.8207926750183105,0.5084037781437623,18.19153785477003,0.48141384094795914,0.1840798184275627,0.0,0.1840798184275627,0.0
11.768717,"[28.78683090209961, 4.499876499176025, 0.0]","[46.99799728393555, 4.5, 0.0]",5.343040943448522,5.824063301086426,0.5083084107354807,18.201860425560206,0.48791789978449795,0.18405504524707794,0.0,0.18405504524707794,0.0
11.78788,"[28.89348793029785, 4.499875545501709, 0.0]","[47.114166259765625, 4.5, 0.0]",5.353256702727276,5.840700626373291,0.5107879639377089,18.21116637952915,0.4810223576379036,0.18495872616767883,0.0,0.18495872616767883,0.0
11.80821,"[29.000349044799805, 4.499874591827393, 0.0]","[47.23248291015625, 4.5, 0.0]",5.36346864730836,5.844183444976807,0.5105972290541771,18.22067832715043,0.48744392364601463,0.18489820882678032,0.0,0.18489820882678032,0.0
11.827333,"[29.10741424560547, 4.499873638153076, 0.0]","[47.34850311279297, 4.5, 0.0]",5.3736844065862135,5.860723495483398,0.5107879638926782,18.232133863028437,0.4807147976684467,0.18495580181479454,0.0,0.18495580181479454,0.0
11.847802,"[29.214683532714844, 4.49987268447876, 0.0]","[47.466453552246094, 4.5, 0.0]",5.383898258515692,5.864095687866211,0.5106925964739162,18.24108886484896,0.48703908889718495,0.18493765965104103,0.0,0.18493765965104103,0.0
11.867234,"[29.32215690612793, 4.499871730804443, 0.0]","[47.58371353149414, 4.5, 0.0]",5.394117832490719,5.880741596221924,0.5109786987513409,18.25177001718209,0.4801974293505191,0.18502000719308853,0.0,0.18502000719308853,0.0
11.887425,"[29.429834365844727, 4.499870777130127, 0.0]","[47.701175689697266, 4.5, 0.0]",5.404177189180839,5.884072303771973,0.5029678345060073,18.261556623006477,0.4866237637312052,0.18211575224995613,0.0,0.18211575224995613,0.0
11.90793,"[29.537715911865234, 4.4998698234558105, 0.0]","[47.81957244873047, 4.5, 0.0]",5.414238453219325,5.900807857513428,0.5030632019243253,18.271341321482232,0.4798951145911339,0.18217116594314575,0.0,0.18217116594314575,0.0
11.927465,"[29.64579963684082, 4.499868869781494, 0.0]","[47.93739700317383, 4.5, 0.0]",5.42430543930342,5.9040846824646,0.5033493042047255,18.281856534484316,0.48656940429410245,0.18226301297545433,0.0,0.18226301297545433,0.0
11.947626,"[29.75408363342285, 4.499867916107178, 0.0]","[48.055870056152344, 4.5, 0.0]",5.434372425386974,5.920748233795166,0.5033493041777248,18.291597363941516,0.4797792431611798,0.18226219341158867,0.0,0.18226219341158867,0.0
11.96746,"[29.86256980895996, 4.499866962432861, 0.0]","[48.17483139038086, 4.5, 0.0]",5.444441318819484,5.924121379852295,0.5034446716254859,18.301786420327403,0.4863758084081917,0.18230535089969635,0.0,0.18230535089969635,0.0
11.988239,"[29.97125816345215, 4.499866008758545, 0.0]","[48.292686462402344, 4.5, 0.0]",5.454636097264434,5.940732955932617,0.5097389222474824,18.312261579008197,0.4796800610328109,0.1845812425017357,0.0,0.1845812425017357,0.0
12.008694,"[30.08014678955078, 4.4998650550842285, 0.0]","[48.41218185424805, 4.5, 0.0]",5.464844227151229,5.944143772125245,0.5104064943397546,18.321428296526957,0.48609685866818353,0.18483057618141174,0.0,0.18483057618141174,0.0
12.027888,"[30.189239501953125, 4.499864101409912, 0.0]","[48.53339385986328, 4.5, 0.0]",5.475052357036217,5.960953712463379,0.5104064942494269,18.33203506217546,0.4792995449740163,0.1848258636891842,0.0,0.1848258636891842,0.0
12.048066,"[30.29853630065918, 4.499863147735596, 0.0]","[48.653099060058594, 4.5, 0.0]",5.485256672223629,5.964304447174072,0.5102157593706025,18.34415435537736,0.4859013554271616,0.18473682925105095,0.0,0.18473682925105095,0.0
12.067677,"[30.408037185668945, 4.499862194061279, 0.0]","[48.77023696899414, 4.5, 0.0]",5.495459080062309,5.980772972106934,0.5101203919339881,18.354562756855728,0.47904777495044293,0.1847023144364357,0.0,0.1847023144364357,0.0
12.087177,"[30.517742156982422, 4.499861240386963, 0.0]","[48.88929748535156, 4.5, 0.0]",5.505510807356516,5.98406982421875,0.5025863647103446,18.362199780770776,0.4853138920446245,0.1819681003689766,0.0,0.1819681003689766,0.0
12.107798,"[30.62765121459961, 4.4998602867126465, 0.0]","[49.00948715209961, 4.5, 0.0]",5.515572071391994,6.000787258148193,0.5030632017739123,18.371555325803893,0.478559016862234,0.1821744255721569,0.0,0.1821744255721569,0.0
12.128528,"[30.737760543823242, 4.49985933303833, 0.0]","[49.1292839050293, 4.5, 0.0]",5.525631428080192,6.004063129425049,0.5029678344099064,18.381835935013225,0.4852151867561991,0.18213680014014244,0.0,0.18213680014014244,0.0
12.147984,"[30.848072052001953, 4.499858379364014, 0.0]","[49.25099182128906, 4.5, 0.0]",5.535692692119759,6.020829200744629,0.5030632019783265,18.391523358708714,0.47843170134485646,0.18214643001556396,0.0,0.18214643001556396,0.0
12.167407,"[30.95858383178711, 4.499857425689697, 0.0]","[49.3707389831543, 4.5, 0.0]",5.545750141464329,6.0274338722229,0.5028724672285101,18.402919766779103,0.48513650862487,0.18207598477602005,0.0,0.18207598477602005,0.0
12.187098,"[31.069297790527344, 4.499856472015381, 0.0]","[49.49049758911133, 4.5, 0.0]",5.555931568468651,6.03737211227417,0.5090713502160948,18.412155148758433,0.4816837307585713,0.18434613943099976,0.0,0.18434613943099976,0.0
12.208012,"[31.180212020874023, 4.499855041503906, 0.0]","[49.6145133972168, 4.5, 0.0]",5.566107273426366,6.0476555824279785,0.5087852478857346,18.42119979596442,0.48144054380551893,0.18424583598971367,0.0,0.18424583598971367,0.0
12.227479,"[31.291330337524414, 4.499853610992432, 0.0]","[49.733097076416016, 4.5, 0.0]",5.576281071035078,6.05741548538208,0.5086898804356199,18.434301373707015,0.48154830900161283,0.1842101663351059,0.0,0.1842101663351059,0.0
12.247407,"[31.402652740478516, 4.499852180480957, 0.0]","[49.854393005371094, 4.5, 0.0]",5.586456775992536,6.067398548126221,0.5087852478729005,18.44176673623998,0.481134414347002,0.18423030152916908,0.0,0.18423030152916908,0.0
12.269248,"[31.514179229736328, 4.499850749969482, 0.0]","[49.977359771728516, 4.5, 0.0]",5.596628666252666,6.077519416809082,0.5085945130065106,18.45174026222495,0.4809417721336846,0.18417496234178543,0.0,0.18417496234178543,0.0
12.287689,"[31.62590789794922, 4.499849319458008, 0.0]","[50.098060607910156, 4.5, 0.0]",5.606714725823851,6.087453842163086,0.5043029785592346,18.463180539308464,0.4808907505564157,0.1826053485274315,0.0,0.1826053485274315,0.0
12.307663,"[31.73784065246582, 4.499847888946533, 0.0]","[50.21980667114258, 4.5, 0.0]",5.616804600092141,6.097467422485352,0.5044937134145222,18.472152707261262,0.48073911633923494,0.18266882747411728,0.0,0.18266882747411728,0.0
12.327431,"[31.8499755859375, 4.499846458435059, 0.0]","[50.34174346923828, 4.5, 0.0]",5.626892567011748,6.107421398162843,0.5043983459803059,18.48196601596108,0.4806628223932101,0.18264992162585258,0.0,0.18264992162585258,0.0
12.348708,"[31.962310791015625, 4.499845027923584, 0.0]","[50.46456527709961, 4.5, 0.0]",5.636982441279852,6.117447853088379,0.5044937134052407,18.491767880569107,0.4805288311510951,0.18268313258886337,0.0,0.18268313258886337,0.0
12.367235,"[32.07484817504883, 4.499843597412109, 0.0]","[50.586578369140625, 4.5, 0.0]",5.647076130245623,6.127408027648926,0.5046844482885504,18.50225448333627,0.48046541180852653,0.18275944516062737,0.0,0.18275944516062737,0.0
12.387667,"[32.18758773803711, 4.499842166900635, 0.0]","[50.70896530151367, 4.5, 0.0]",5.657169819211568,6.137398719787598,0.5046844482972102,18.511730191328102,0.4803318974033024,0.18274838104844093,0.0,0.18274838104844093,0.0
12.407928,"[32.30052947998047, 4.49984073638916, 0.0]","[50.832427978515625, 4.5, 0.0]",5.6672558787823535,6.147470474243164,0.504302978539295,18.521377560696877,0.48022890057603007,0.18260739743709564,0.0,0.18260739743709564,0.0
12.427256,"[32.413673400878906, 4.4998393058776855, 0.0]","[50.95508575439453, 4.5, 0.0]",5.677345753050795,6.157402515411377,0.5044937134220717,18.531898495739426,0.4802145954608106,0.1826855167746544,0.0,0.1826855167746544,0.0
12.448151,"[32.52701950073242, 4.499837875366211, 0.0]","[51.078880310058594, 4.5, 0.0]",5.687435627319332,6.167426109313965,0.5044937134268679,18.541412350703915,0.48005676236058203,0.18267380073666573,0.0,0.18267380073666573,0.0
12.468381,"[32.640567779541016, 4.499836444854736, 0.0]","[51.202484130859375, 4.5, 0.0]",5.697527408936132,6.177434921264648,0.50458908083999,18.551860806498425,0.47999048199463257,0.1827085204422474,0.0,0.1827085204422474,0.0
12.487743,"[32.75431823730469, 4.499835014343262, 0.0]","[51.32550811767578, 4.5, 0.0]",5.707617283203949,6.187396526336671,0.5044937133908522,18.561916348474597,0.47990751232851636,0.1826607994735241,0.0,0.1826607994735241,0.0
12.507947,"[32.86826705932617, 4.499833583831787, 0.0]","[51.449790954589844, 4.5, 0.0]",5.7176976207290675,6.197453498840332,0.5040168762559194,18.571189877511365,0.4797792431327217,0.18248939886689186,0.0,0.18248939886689186,0.0
12.52689,"[32.982418060302734, 4.4998321533203125, 0.0]","[51.57320785522461, 4.5, 0.0]",5.7277798656029795,6.207366466522217,0.504112243695598,18.581523892387914,0.4797558781112645,0.18254267051815987,0.0,0.18254267051815987,0.0
12.547856,"[33.096771240234375, 4.499830722808838, 0.0]","[51.69844436645508, 4.5, 0.0]",5.737860203127567,6.217425346374512,0.5040168762293629,18.590789792030147,0.4795866009192373,0.18251199275255203,0.0,0.18251199275255203,0.0
12.567248,"[33.211326599121094, 4.499829292297363, 0.0]","[51.82213592529297, 4.5, 0.0]",5.747944355349206,6.227360248565674,0.5042076110819416,18.601673123312914,0.479565143246945,0.1825827732682228,0.0,0.1825827732682228,0.0
12.58738,"[33.32608413696289, 4.499827861785889, 0.0]","[51.94734573364258, 4.5, 0.0]",5.758030414919907,6.240750789642334,0.5043029785350761,18.610809323248127,0.47941589321646827,0.18259773030877113,0.0,0.18259773030877113,0.0
12.60751,"[33.441043853759766, 4.499826431274414, 0.0]","[52.07233428955078, 4.5, 0.0]",5.768105030398597,6.244117259979248,0.5037307739344854,18.6212615937399,0.4827203747224269,0.18241697922348976,0.0,0.18241697922348976,0.0
12.627475,"[33.55620574951172, 4.4998250007629395, 0.0]","[52.197025299072266, 4.5, 0.0]",5.778181553226084,6.260719299316406,0.5038261413743417,18.631290432835215,0.47601222958065126,0.18244564533233643,0.0,0.18244564533233643,0.0
12.648701,"[33.671566009521484, 4.499823570251465, 0.0]","[52.323604583740234, 4.5, 0.0]",5.7882618907507215,6.264138698577882,0.5040168762318942,18.640819546588762,0.48253774609032263,0.18251564353704453,0.0,0.18251564353704453,0.0
12.667672,"[33.78712844848633, 4.49982213973999, 0.0]","[52.44825744628906, 4.5, 0.0]",5.798342228275802,6.28073787689209,0.5040168762540098,18.652038571230882,0.47587680782716024,0.18249733373522758,0.0,0.18249733373522758,0.0
12.687187,"[33.90289306640625, 4.499820709228516, 0.0]","[52.57332229614258, 4.5, 0.0]",5.808485508306108,6.284036636352539,0.5071640015153367,18.66112899479891,0.48239564861628814,0.18363766372203827,0.0,0.18363766372203827,0.0
12.707883,"[34.01885986328125, 4.499819278717041, 0.0]","[52.7003059387207, 4.5, 0.0]",5.818638325079545,6.300814628601074,0.5076408386718079,18.670429226716532,0.4755511280464306,0.18383217975497246,0.0,0.18383217975497246,0.0
12.727707,"[34.13502883911133, 4.499817848205566, 0.0]","[52.82610321044922, 4.5, 0.0]",5.828789234504129,6.304092884063721,0.5075454712291982,18.68144607240359,0.4821763035215296,0.18378233537077904,0.0,0.18378233537077904,0.0
12.749301,"[34.251399993896484, 4.499816417694092, 0.0]","[52.95280456542969, 4.5, 0.0]",5.838940143928787,6.320775032043457,0.5075454712329286,18.691074368286035,0.47530364955959215,0.18377931788563728,0.0,0.18377931788563728,0.0
12.767246,"[34.367977142333984, 4.499814987182617, 0.0]","[53.07872772216797, 4.5, 0.0]",5.84908723865602,6.324063301086426,0.5073547363616537,18.701404568465318,0.4818348881146699,0.18369587138295174,0.0,0.18369587138295174,0.0
12.787558,"[34.48475646972656, 4.499813556671143, 0.0]","[53.20596694946289, 4.5, 0.0]",5.859230518685782,6.340787887573242,0.5071640014880696,18.710750576750126,0.4749760624304056,0.1836596429347992,0.0,0.1836596429347992,0.0
12.807536,"[34.60173797607422, 4.499812126159668, 0.0]","[53.33245086669922, 4.5, 0.0]",5.86937379871602,6.344114303588867,0.5071640015119172,18.721210476636433,0.4815573688874606,0.18363909795880318,0.0,0.18363909795880318,0.0
12.827341,"[34.71892166137695, 4.499810695648193, 0.0]","[53.45951843261719, 4.5, 0.0]",5.87951135670025,6.36074686050415,0.5068778992114886,18.730712887509124,0.47474050487284725,0.1835382729768753,0.0,0.1835382729768753,0.0
12.847906,"[34.836307525634766, 4.499809265136719, 0.0]","[53.587459564208984, 4.5, 0.0]",5.889647007333599,6.364115238189698,0.506782531667449,18.740596768108357,0.4812355038039007,0.18349556252360344,0.0,0.18349556252360344,0.0
12.869145,"[34.95389938354492, 4.499807834625244, 0.0]","[53.71451950073242, 4.5, 0.0]",5.899782657964919,6.380746841430664,0.506782531566019,18.751152035426298,0.47446823085609946,0.18350450322031975,0.0,0.18350450322031975,0.0
12.888229,"[35.071693420410156, 4.4998064041137695, 0.0]","[53.84254455566406, 4.5, 0.0]",5.909761906009624,6.384121417999268,0.498962402235259,18.760620114128,0.480964183465745,0.18067313358187675,0.0,0.18067313358187675,0.0
12.907836,"[35.18968963623047, 4.499804973602295, 0.0]","[53.970279693603516, 4.5, 0.0]",5.9197411540553135,6.4008002281188965,0.4989624022844641,18.77085113217879,0.4743595119896433,0.1806815341114998,0.0,0.1806815341114998,0.0
12.92771,"[35.307884216308594, 4.49980354309082, 0.0]","[54.09831237792969, 4.5, 0.0]",5.929724216800964,6.404097080230713,0.4991531372825264,18.780590054282342,0.48105907406358295,0.18073894083499908,0.0,0.18073894083499908,0.0
12.949543,"[35.42627716064453, 4.499802112579346, 0.0]","[54.22760772705078, 4.5, 0.0]",5.939705372199583,6.420825481414795,0.4990577699309551,18.7904281585148,0.4743728634297488,0.1807148940861225,0.0,0.1807148940861225,0.0
12.967806,"[35.54487228393555, 4.499800682067871, 0.0]","[54.35742950439453, 4.5, 0.0]",5.949688434945815,6.424262046813966,0.49915313731156985,18.80133056317826,0.48112010921521176,0.18074437975883484,0.0,0.18074437975883484,0.0
12.989739,"[35.663665771484375, 4.4997992515563965, 0.0]","[54.48531723022461, 4.5, 0.0]",5.959669590342872,6.44088077545166,0.4990577698528842,18.812557217214913,0.47457361186815117,0.18069736659526825,0.0,0.18069736659526825,0.0
13.008663,"[35.78266143798828, 4.499797821044922, 0.0]","[54.61507797241211, 4.5, 0.0]",5.969788074838708,6.444304943084717,0.5059242247917872,18.821651455480207,0.4812111851087879,0.18319468945264816,0.0,0.18319468945264816,0.0
13.030971,"[35.90185546875, 4.499796390533447, 0.0]","[54.74574661254883, 4.5, 0.0]",5.9799027446380775,6.461061477661133,0.505733489968474,18.832416531147743,0.4745168682460088,0.18311718478798866,0.0,0.18311718478798866,0.0
13.049096,"[36.0212516784668, 4.499794960021973, 0.0]","[54.87332534790039, 4.5, 0.0]",5.990015507089727,6.464247226715089,0.5056381225824857,18.84389114056066,0.48115873302305534,0.1831028051674366,0.0,0.1831028051674366,0.0
13.067726,"[36.14085006713867, 4.499793529510498, 0.0]","[55.00095748901367, 4.5, 0.0]",6.00013017688985,6.480769157409668,0.5057334900061328,18.85207366617972,0.4742317196253616,0.1831418089568615,0.0,0.1831418089568615,0.0
13.087618,"[36.260650634765625, 4.499792098999023, 0.0]","[55.13014221191406, 4.5, 0.0]",6.010101795542394,6.4874114990234375,0.4985809326272239,18.860107418605434,0.4806389805198181,0.1805194467306137,0.0,0.1805194467306137,0.0
13.107992,"[36.380653381347656, 4.499790668487549, 0.0]","[55.26271057128906, 4.5, 0.0]",6.020075321543984,6.497641086578369,0.4986763000794703,18.8694915738631,0.4773097034810432,0.18055416643619537,0.0,0.18055416643619537,0.0
13.128062,"[36.5008544921875, 4.499789237976074, 0.0]","[55.389949798583984, 4.5, 0.0]",6.030052662242618,6.507390975952148,0.4988670349316937,18.882057186640115,0.4775657650343854,0.18063481897115707,0.0,0.18063481897115707,0.0
13.147832,"[36.62125778198242, 4.4997878074646, 0.0]","[55.519813537597656, 4.5, 0.0]",6.040033817638451,6.5173420906066895,0.4990577697916887,18.889095303079557,0.47733831370953084,0.18069211393594742,0.0,0.18069211393594742,0.0
13.167402,"[36.741859436035156, 4.499786376953125, 0.0]","[55.65133285522461, 4.5, 0.0]",6.050013065685872,6.527420520782471,0.4989624023710171,18.89855575228253,0.4773082729682381,0.18067581579089165,0.0,0.18067581579089165,0.0
13.187481,"[36.8626594543457, 4.49978494644165, 0.0]","[55.78394317626953, 4.5, 0.0]",6.060053348889638,6.537581920623779,0.5020141601883132,18.90947341584089,0.477407455096599,0.18179476261138916,0.0,0.18179476261138916,0.0
13.208026,"[36.98365783691406, 4.499783515930176, 0.0]","[55.915435791015625, 4.5, 0.0]",6.070108890882656,6.5476508140563965,0.5027770996508973,18.921283718559355,0.4775285717341413,0.1820611022412777,0.0,0.1820611022412777,0.0
13.227664,"[37.1048583984375, 4.499782085418701, 0.0]","[56.04409408569336, 4.5, 0.0]",6.080166340224114,6.557434558868408,0.5028724670729012,18.93177795072126,0.47754192317374056,0.1820746250450611,0.0,0.1820746250450611,0.0
13.248433,"[37.226261138916016, 4.499780654907227, 0.0]","[56.17768478393555, 4.5, 0.0]",6.090219974868079,6.567593574523928,0.5026817321982513,18.93923568385989,0.47726821864429425,0.18200427293777466,0.0,0.18200427293777466,0.0
13.267929,"[37.34786605834961, 4.499779224395752, 0.0]","[56.30738830566406, 4.5, 0.0]",6.100271702163674,6.577456951141357,0.5025863647797557,18.951423641607633,0.4773735996558486,0.18198799341917038,0.0,0.18198799341917038,0.0
13.287516,"[37.469669342041016, 4.499777793884277, 0.0]","[56.43849563598633, 4.5, 0.0]",6.110319614761944,6.5874271392822275,0.5023956299134991,18.95952224388686,0.47718524897768333,0.18192244693636894,0.0,0.18192244693636894,0.0
13.307969,"[37.5916748046875, 4.499776363372803, 0.0]","[56.5728645324707, 4.5, 0.0]",6.120365620011738,6.59763765335083,0.5023002624896744,18.968826290501948,0.4771075245202834,0.18189486116170883,0.0,0.18189486116170883,0.0
13.328351,"[37.71388244628906, 4.499774932861328, 0.0]","[56.70562744140625, 4.5, 0.0]",6.130413532610392,6.607657432556152,0.5023956299327281,18.9811897243239,0.4772720333390925,0.1819215528666973,0.0,0.1819215528666973,0.0
13.348059,"[37.83628845214844, 4.4997735023498535, 0.0]","[56.83448791503906, 4.5, 0.0]",6.14045953786007,6.617383003234863,0.5023002624839012,18.991744991642047,0.4772438999457602,0.18187187612056732,0.0,0.18187187612056732,0.0
13.368334,"[37.95889663696289, 4.499772071838379, 0.0]","[56.970367431640625, 4.5, 0.0]",6.15050554311,6.627637863159181,0.5023002624965134,18.998199459399878,0.47692346537479313,0.18188048154115677,0.0,0.18188048154115677,0.0
13.387725,"[38.08170700073242, 4.499770641326904, 0.0]","[57.10032653808594, 4.5, 0.0]",6.160545826313523,6.637446403503418,0.5020141601761452,19.011470791170996,0.47713232004918016,0.18176916986703873,0.0,0.18176916986703873,0.0
13.407596,"[38.204715728759766, 4.49976921081543, 0.0]","[57.2331657409668, 4.5, 0.0]",6.1705880168654605,6.64746618270874,0.5021095275968612,19.018619533831135,0.47690057718989465,0.18181649968028069,0.0,0.18181649968028069,0.0
13.433941,"[38.32792663574219, 4.499767780303955, 0.0]","[57.36551284790039, 4.5, 0.0]",6.180639744160759,6.657379627227783,0.5025863647649231,19.028450008668855,0.4768781658432797,0.18198277801275253,0.0,0.18198277801275253,0.0
13.447535,"[38.45133972167969, 4.4997663497924805, 0.0]","[57.498878479003906, 4.5, 0.0]",6.190685749412793,6.66736936569214,0.5023002626017181,19.037586208604267,0.4767398830670242,0.18188823014497757,0.0,0.18188823014497757,0.0
13.467879,"[38.574951171875, 4.499764919281006, 0.0]","[57.63328170776367, 4.5, 0.0]",6.2007298473156816,6.6774373054504395,0.5022048951444091,19.04753875375448,0.4766836162793462,0.1818535290658474,0.0,0.1818535290658474,0.0
13.488094,"[38.69876480102539, 4.499763488769531, 0.0]","[57.768009185791016, 4.5, 0.0]",6.210770130521013,6.68752908706665,0.5020141602665618,19.058330532244575,0.4767074581347579,0.18178170546889305,0.0,0.18178170546889305,0.0
13.508661,"[38.82278060913086, 4.499762058258057, 0.0]","[57.90361022949219, 4.5, 0.0]",6.220821857817229,6.701012134552002,0.5025863648107975,19.069244381105467,0.4767589565456376,0.18197733908891678,0.0,0.18197733908891678,0.0
13.535788,"[38.94699478149414, 4.499760627746582, 0.0]","[58.034156799316406, 4.5, 0.0]",6.230875492461935,6.704051971435547,0.5026817322353327,19.080829616685065,0.4801902767347732,0.1820143684744835,0.0,0.1820143684744835,0.0
13.597721,"[39.0714111328125, 4.499759197235107, 0.0]","[58.168792724609375, 4.5, 0.0]",6.2409176830145245,6.720727920532227,0.5021095276294574,19.087162014130204,0.4731764789736115,0.18181456252932549,0.0,0.18181456252932549,0.0
13.608072,"[39.19602966308594, 4.499757766723633, 0.0]","[58.57080078125, 4.5, 0.0]",6.250837803254641,6.743946552276611,0.49600601200583405,19.09738158808879,0.479810237517702,0.1795990951359272,0.0,0.1795990951359272,0.0
13.614521,"[39.32084655761719, 4.499756336212158, 0.0]","[58.62183380126953, 4.5, 0.0]",6.260757923492137,6.754378795623779,0.4960060118747833,19.374771114424416,0.4931087490219701,0.1795990951359272,0.0,0.1795990951359272,0.0
13.631837,"[39.44586181640625, 4.499754905700684, 0.0]","[58.68475341796875, 4.5, 0.0]",6.270639896757775,6.752356052398682,0.49409866328189445,19.30098723990156,0.4936208721316424,0.17889641225337982,0.0,0.17889641225337982,0.0
13.638763,"[39.571075439453125, 4.499753475189209, 0.0]","[58.782989501953125, 4.5, 0.0]",6.280514240629015,6.766272068023682,0.4937171935619933,19.238891597859993,0.48171615564090686,0.17877159640192986,0.0,0.17877159640192986,0.0
13.649439,"[39.69648742675781, 4.499752044677734, 0.0]","[58.84528732299805, 4.5, 0.0]",6.290384769803359,6.764203548431397,0.49352645871723055,19.211914058783787,0.485757827394667,0.17869118601083755,0.0,0.17869118601083755,0.0
13.682136,"[39.82209777832031, 4.49975061416626, 0.0]","[58.9798583984375, 4.5, 0.0]",6.300278187161548,6.780801296234131,0.49467086790944137,19.148799892512365,0.4738187786280381,0.17910655587911606,0.0,0.17910655587911606,0.0
13.688769,"[39.947906494140625, 4.499749183654785, 0.0]","[59.12379837036133, 4.5, 0.0]",6.3102078441441405,6.7847580909729,0.49648284912962026,19.15776061637357,0.4805231090725828,0.1797792874276638,0.0,0.1797792874276638,0.0
13.707692,"[40.07391357421875, 4.4997477531433105, 0.0]","[59.25067901611328, 4.5, 0.0]",6.320145130521074,6.800782203674316,0.49686431884667925,19.175891872460817,0.4745502468287599,0.17990846186876297,0.0,0.17990846186876297,0.0
13.732979,"[40.20011901855469, 4.499746322631836, 0.0]","[59.38631820678711, 4.5, 0.0]",6.330101490384736,6.80405330657959,0.4978179931831139,19.176765438119357,0.48063707315324233,0.18024645745754242,0.0,0.18024645745754242,0.0
13.748377,"[40.32652282714844, 4.499744892120361, 0.0]","[59.524131774902344, 4.5, 0.0]",6.340069294340508,6.820815563201904,0.4983901977885896,19.186199184441474,0.4739518161948535,0.18045255914330482,0.0,0.18045255914330482,0.0
13.81379,"[40.453125, 4.499743461608887, 0.0]","[59.66306686401367, 4.5, 0.0]",6.350048542388206,6.8243279457092285,0.49896240238487266,19.19760894394707,0.48074626886139615,0.1806621439754963,0.0,0.1806621439754963,0.0
13.821235,"[40.579925537109375, 4.499742031097412, 0.0]","[60.02261734008789, 4.5, 0.0]",6.3601346019591825,6.85728120803833,0.5043029785488429,19.2099418601909,0.4742794033210229,0.18259916454553604,0.0,0.18259916454553604,0.0
13.830863,"[40.70692825317383, 4.4997406005859375, 0.0]","[60.09170150756836, 4.5, 0.0]",6.370195865997837,6.855639457702637,0.5030632019327186,19.442691799127296,0.4971466060791476,0.182168111205101,0.0,0.182168111205101,0.0
13.837192,"[40.834129333496094, 4.499739170074463, 0.0]","[60.1394157409668, 4.5, 0.0]",6.380243778596064,6.8657755851745605,0.5023956299113674,19.38477325053136,0.4854435917047999,0.18191803246736526,0.0,0.18191803246736526,0.0
13.848498,"[40.96153259277344, 4.499737739562988, 0.0]","[60.208675384521484, 4.5, 0.0]",6.39028787649682,6.864146709442139,0.5022048950377833,19.305286403596806,0.48553180657849637,0.1818370632827282,0.0,0.1818370632827282,0.0
13.869217,"[41.08913803100586, 4.499736309051514, 0.0]","[60.34585952758789, 4.5, 0.0]",6.40035295523276,6.880789756774902,0.5032539367970212,19.247142787862206,0.47385883294531883,0.18223904073238373,0.0,0.18223904073238373,0.0
13.888619,"[41.21694564819336, 4.499734878540039, 0.0]","[60.48340606689453, 4.5, 0.0]",6.4102978710050165,6.884127140045166,0.4972457886128101,19.25672149268041,0.4804368015421421,0.1800621673464775,0.0,0.1800621673464775,0.0
13.908319,"[41.34495162963867, 4.4997334480285645, 0.0]","[60.62384796142578, 4.5, 0.0]",6.420259952914862,6.901000022888184,0.49810409549229107,19.26646041478376,0.47382926904014955,0.1803499087691307,0.0,0.1803499087691307,0.0
13.927757,"[41.4731559753418, 4.49973201751709, 0.0]","[60.759376525878906, 4.5, 0.0]",6.430237293613506,6.90411901473999,0.4988670349321822,19.27889632785375,0.4807400699733213,0.1806328445672989,0.0,0.1806328445672989,0.0
13.948427,"[41.6015625, 4.499730587005615, 0.0]","[60.897911071777344, 4.5, 0.0]",6.440222263706902,6.920787811279297,0.49924850466980253,19.286220546588098,0.4738817211264843,0.1807820051908493,0.0,0.1807820051908493,0.0
13.967967,"[41.730167388916016, 4.499729156494141, 0.0]","[61.03702163696289, 4.5, 0.0]",6.4502167705435305,6.924165725708008,0.49972534183142514,19.29634856781252,0.4805655475723949,0.1809367910027504,0.0,0.1809367910027504,0.0
13.988066,"[41.858970642089844, 4.499727725982666, 0.0]","[61.17568588256836, 4.5, 0.0]",6.460352421178458,6.94084358215332,0.5067825317463637,19.30685424406622,0.4739489551644773,0.18348809331655502,0.0,0.18348809331655502,0.0
14.007635,"[41.98797607421875, 4.499726295471191, 0.0]","[61.313663482666016, 4.5, 0.0]",6.470489979162656,6.94746732711792,0.5068778992098899,19.316715236482057,0.48049116097486255,0.18353022634983063,0.0,0.18353022634983063,0.0
14.027988,"[42.117183685302734, 4.499724864959717, 0.0]","[61.45230484008789, 4.5, 0.0]",6.480631351843909,6.95407247543335,0.5070686340626906,19.32568740443506,0.47697734795526436,0.1835939846932888,0.0,0.1835939846932888,0.0
14.048618,"[42.2465934753418, 4.499723434448242, 0.0]","[61.59503173828125, 4.5, 0.0]",6.490768909828077,6.970970153808594,0.50687789920838,19.33512115075718,0.47344112358944024,0.18355507403612137,0.0,0.18355507403612137,0.0
14.067763,"[42.37620544433594, 4.499722003936768, 0.0]","[61.731624603271484, 4.5, 0.0]",6.5009064678147706,6.974095344543457,0.506877899334679,19.34843825889548,0.4802012439805168,0.18355442211031914,0.0,0.18355442211031914,0.0
14.08821,"[42.506019592285156, 4.499720573425293, 0.0]","[61.87094497680664, 4.5, 0.0]",6.511038303754461,6.990748882293701,0.5065917969845124,19.35541915487594,0.4731888767286865,0.18345152959227562,0.0,0.18345152959227562,0.0
14.107969,"[42.63603591918945, 4.499719142913818, 0.0]","[62.011383056640625, 4.5, 0.0]",6.521181583785239,6.994143962860107,0.5071640015389178,19.36492538038125,0.4797105785392404,0.18364835530519485,0.0,0.18364835530519485,0.0
14.127376,"[42.766258239746094, 4.499717712402344, 0.0]","[62.151058197021484, 4.5, 0.0]",6.5313229564671555,7.010751247406006,0.5070686340958197,19.375347133294902,0.47296237907486827,0.18359282985329628,0.0,0.18359282985329628,0.0
14.148368,"[42.89668273925781, 4.499716281890869, 0.0]","[62.29228973388672, 4.5, 0.0]",6.541462421800229,7.014137268066406,0.5069732666536542,19.38479995310314,0.4794282909388503,0.18357833847403526,0.0,0.18357833847403526,0.0
14.167876,"[43.02730941772461, 4.4997148513793945, 0.0]","[62.43467712402344, 4.5, 0.0]",6.551596165085154,7.030938148498535,0.5066871642462889,19.395606990440598,0.4726748462661776,0.18347976729273796,0.0,0.18347976729273796,0.0
14.187108,"[43.158138275146484, 4.49971342086792, 0.0]","[62.57218551635742, 4.5, 0.0]",6.561728001019291,7.034058570861816,0.5065917967068234,19.407367702094408,0.47934198341338075,0.18343620002269745,0.0,0.18343620002269745,0.0
14.208037,"[43.28916931152344, 4.499711990356445, 0.0]","[62.71644973754883, 4.5, 0.0]",6.571714878459177,7.050985813140869,0.4993438719942844,19.414047237122098,0.4723305698425255,0.18081942573189735,0.0,0.18081942573189735,0.0
14.227924,"[43.42040252685547, 4.499710559844971, 0.0]","[62.85676574707031, 4.5, 0.0]",6.581697941202099,7.054235935211182,0.4991531371461022,19.42728042192077,0.4792709346816926,0.1807304099202156,0.0,0.1807304099202156,0.0
14.247788,"[43.55183792114258, 4.499709129333496, 0.0]","[62.99861145019531, 4.5, 0.0]",6.591679096596951,7.070926666259766,0.49905776974261684,19.436363216094673,0.47253799400908303,0.18069738522171974,0.0,0.18069738522171974,0.0
14.267923,"[43.6834716796875, 4.4997076988220215, 0.0]","[63.14009475708008, 4.5, 0.0]",6.601654529948796,7.074259281158448,0.498771667592246,19.44677352491694,0.4792475696628147,0.18059318885207176,0.0,0.18059318885207176,0.0
14.289521,"[43.815303802490234, 4.499706268310547, 0.0]","[63.28117752075195, 4.5, 0.0]",6.611628055953777,7.090895652770996,0.49867630024906795,19.45662307324119,0.4726047512096523,0.1805545762181282,0.0,0.1805545762181282,0.0
14.307566,"[43.94733810424805, 4.499704837799072, 0.0]","[63.421058654785156, 4.5, 0.0]",6.621748447801825,7.094110012054443,0.5060195924023958,19.46587371396132,0.47926759681721887,0.18321983516216278,0.0,0.18321983516216278,0.0
14.327172,"[44.07957077026367, 4.499703407287598, 0.0]","[63.563209533691406, 4.5, 0.0]",6.631863117603524,7.110751628875732,0.5057334900849586,19.473720546220825,0.4723615642526182,0.18311381340026855,0.0,0.18311381340026855,0.0
14.3477,"[44.212005615234375, 4.499701976776123, 0.0]","[63.70534133911133, 4.5, 0.0]",6.641985416799853,7.1140594482421875,0.5061149598164505,19.48363875909544,0.4788885112722081,0.18325919285416603,0.0,0.18325919285416603,0.0
14.381294,"[44.344642639160156, 4.499700546264648, 0.0]","[63.85085678100586, 4.5, 0.0]",6.652100086598557,7.130937099456787,0.5057334899351673,19.493335719528666,0.4720740314423342,0.18311209976673126,0.0,0.18311209976673126,0.0
14.38741,"[44.477481842041016, 4.499699115753174, 0.0]","[63.99393844604492, 4.5, 0.0]",6.6622090343522276,7.134312152862549,0.5054473876835441,19.50621413748124,0.47883701285823044,0.18303239718079567,0.0,0.18303239718079567,0.0
14.407767,"[44.61052322387695, 4.499697685241699, 0.0]","[64.13648223876953, 4.5, 0.0]",6.672155857472283,7.150974750518799,0.49734115600275075,19.51645659969134,0.4721031185103213,0.18010085448622704,0.0,0.18010085448622704,0.0
14.427501,"[44.74376678466797, 4.499696254730225, 0.0]","[64.27920532226562, 4.5, 0.0]",6.682102680592279,7.157587051391602,0.49734115599981976,19.525959010564232,0.47881889304651626,0.18007591366767883,0.0,0.18007591366767883,0.0
14.447738,"[44.8772087097168, 4.49969482421875, 0.0]","[64.42022705078125, 4.5, 0.0]",6.6920514110609925,7.167414665222169,0.49743652343567923,19.535438533253537,0.4754843707993226,0.1801137812435627,0.0,0.1801137812435627,0.0
14.467987,"[45.01084899902344, 4.499693393707275, 0.0]","[64.5669174194336, 4.5, 0.0]",6.702003956227252,7.177636623382568,0.4976272583129937,19.543018336704666,0.4753632541611763,0.18020238727331161,0.0,0.18020238727331161,0.0
14.487512,"[45.144691467285156, 4.499691963195801, 0.0]","[64.70983123779297, 4.5, 0.0]",6.712027073293065,7.187595844268799,0.5011558532906246,19.55606841603439,0.47563266715531594,0.18148306757211685,0.0,0.18148306757211685,0.0
14.508167,"[45.27873229980469, 4.499690532684326, 0.0]","[64.85411071777344, 4.5, 0.0]",6.722054005056011,7.197643280029297,0.5013465881472889,19.565139766116292,0.4755687709757339,0.18153132870793343,0.0,0.18153132870793343,0.0
14.52775,"[45.41297149658203, 4.499689102172852, 0.0]","[64.99561309814453, 4.5, 0.0]",6.7320790294705555,7.2074360847473145,0.501251220727239,19.57537841356141,0.4755892749732862,0.18149949610233307,0.0,0.18149949610233307,0.0
14.547812,"[45.54741287231445, 4.499687671661377, 0.0]","[65.14029693603516, 4.5, 0.0]",6.742105961233749,7.217448711395264,0.501346588159679,19.58264159713951,0.475357055276759,0.1815219782292843,0.0,0.1815219782292843,0.0
14.567752,"[45.68205261230469, 4.499686241149902, 0.0]","[65.28459167480469, 4.5, 0.0]",6.75213670769429,7.2274346351623535,0.5015373230270459,19.592884059281893,0.4753427501615146,0.18158962950110435,0.0,0.18158962950110435,0.0
14.587361,"[45.81689453125, 4.499684810638428, 0.0]","[65.42910766601562, 4.5, 0.0]",6.7621636394577305,7.2374353408813485,0.5013465881720247,19.6025390580454,0.47529792746806354,0.1815241202712059,0.0,0.1815241202712059,0.0
14.607887,"[45.95193862915039, 4.499683380126953, 0.0]","[65.57402801513672, 4.5, 0.0]",6.772192478569514,7.247458934783937,0.501441955589188,19.612213130295242,0.4752717014236181,0.1815560646355152,0.0,0.1815560646355152,0.0
14.627377,"[46.087181091308594, 4.4996819496154785, 0.0]","[65.71873474121094, 4.5, 0.0]",6.7822175029840155,7.257404804229736,0.501251220725063,19.622089381500142,0.4752664562144231,0.18150780349969864,0.0,0.18150780349969864,0.0
14.647466,"[46.222625732421875, 4.499680519104004, 0.0]","[65.8642807006836, 4.5, 0.0]",6.792242527398631,7.267407417297363,0.5012512207307918,19.631553645400384,0.47518730124572084,0.18151499330997467,0.0,0.18151499330997467,0.0
14.667581,"[46.35826873779297, 4.499679088592529, 0.0]","[66.01007843017578, 4.5, 0.0]",6.802271366510506,7.27742862701416,0.5014419555937177,19.64165496374395,0.47516488989873196,0.18156889826059341,0.0,0.18156889826059341,0.0
14.687515,"[46.49411392211914, 4.499677658081055, 0.0]","[66.15584564208984, 4.5, 0.0]",6.81229448357688,7.28744649887085,0.5011558533187355,19.651809687849223,0.4751572605036545,0.1814674772322178,0.0,0.1814674772322178,0.0
14.707586,"[46.630157470703125, 4.49967622756958, 0.0]","[66.30159759521484, 4.5, 0.0]",6.822319507991533,7.297458648681641,0.5012512207326125,19.661731715421315,0.4751520152939692,0.18149014562368393,0.0,0.18149014562368393,0.0
14.727435,"[46.76640319824219, 4.4996747970581055, 0.0]","[66.44751739501953, 4.5, 0.0]",6.83234071770872,7.307418823242188,0.5010604858593837,19.671440119946542,0.475139140690108,0.18143486231565475,0.0,0.18143486231565475,0.0
14.748086,"[46.90285110473633, 4.499673366546631, 0.0]","[66.59500122070312, 4.5, 0.0]",6.842361927425622,7.31748628616333,0.501060485845084,19.681114192196375,0.4750781055334681,0.18143683671951294,0.0,0.18143683671951294,0.0
14.768423,"[47.03949737548828, 4.499671936035156, 0.0]","[66.74364471435547, 4.5, 0.0]",6.852386951840372,7.327632427215576,0.5012512207374975,19.692150111369966,0.4751243587377081,0.18148744478821754,0.0,0.18148744478821754,0.0
14.78829,"[47.17634582519531, 4.499670505523682, 0.0]","[66.89002990722656, 4.5, 0.0]",6.862408161558167,7.337624549865723,0.5010604858897594,19.70414733425444,0.47524547537520423,0.1814408041536808,0.0,0.1814408041536808,0.0
14.808078,"[47.313392639160156, 4.499669075012207, 0.0]","[67.03704071044922, 4.5, 0.0]",6.872431278624306,7.347652912139893,0.5011558533069227,19.713684077402718,0.4752163883075555,0.1814623735845089,0.0,0.1814623735845089,0.0
14.827473,"[47.45064163208008, 4.499667644500732, 0.0]","[67.18341064453125, 4.5, 0.0]",6.882450580993039,7.357576370239258,0.5009651184366692,19.723648066644728,0.475221633515587,0.18140694126486778,0.0,0.18140694126486778,0.0
14.849861,"[47.58808898925781, 4.499666213989258, 0.0]","[67.3298568725586, 4.5, 0.0]",6.892469883361762,7.370837688446045,0.5009651184361363,19.73276900779108,0.47512578924621884,0.18140945583581924,0.0,0.18140945583581924,0.0
14.86859,"[47.725738525390625, 4.499664783477783, 0.0]","[67.47737121582031, 4.5, 0.0]",6.902493000427908,7.37417221069336,0.5011558533073224,19.74176787862494,0.4783678050842832,0.18146105110645294,0.0,0.18146105110645294,0.0
14.88887,"[47.86358642578125, 4.499663352966309, 0.0]","[67.6268081665039, 4.5, 0.0]",6.912580967347806,7.390969753265381,0.504398345994872,19.75163268573805,0.4716792102654521,0.18264716491103172,0.0,0.18264716491103172,0.0
14.909176,"[48.00163650512695, 4.499661922454834, 0.0]","[67.7745590209961, 4.5, 0.0]",6.922670841616022,7.394313812255859,0.5044937134108363,19.763221736015122,0.4783887859175753,0.18266158178448677,0.0,0.18266158178448677,0.0
14.928522,"[48.139888763427734, 4.499660491943359, 0.0]","[67.92257690429688, 4.5, 0.0]",6.932762623232937,7.410947799682617,0.5045890808457187,19.772922511145815,0.47164297063983707,0.18272042274475098,0.0,0.18272042274475098,0.0
14.948573,"[48.278343200683594, 4.499659061431885, 0.0]","[68.06865692138672, 4.5, 0.0]",6.942852497500832,7.414118766784669,0.5044937133947602,19.782688136130023,0.4781851764496805,0.18269317224621773,0.0,0.18269317224621773,0.0
14.969751,"[48.41699981689453, 4.49965763092041, 0.0]","[68.21927642822266, 4.5, 0.0]",6.952944279117585,7.430927753448486,0.5045890808376363,19.790313715948336,0.47126626928383697,0.1827152632176876,0.0,0.1827152632176876,0.0
14.989161,"[48.55585861206055, 4.4996562004089355, 0.0]","[68.36833953857422, 4.5, 0.0]",6.962885380195488,7.434299468994141,0.4970550538951901,19.802276606557417,0.4779834743309017,0.17999403178691864,0.0,0.17999403178691864,0.0
15.008016,"[48.694915771484375, 4.499654769897461, 0.0]","[68.51441955566406, 4.5, 0.0]",6.9728417400608995,7.4507975578308105,0.4978179932705551,19.812480921727147,0.4714140887986522,0.18026383593678474,0.0,0.18026383593678474,0.0
15.028253,"[48.83417510986328, 4.499653339385986, 0.0]","[68.66266632080078, 4.5, 0.0]",6.982800007274545,7.454047203063965,0.4979133606822561,19.819503779303265,0.47795581776991103,0.1802808977663517,0.0,0.1802808977663517,0.0
15.049385,"[48.9736328125, 4.499651908874512, 0.0]","[68.81311798095703, 4.5, 0.0]",6.9927678112278056,7.4707770347595215,0.4983901976630456,19.828491206045125,0.4712471957894202,0.18046798184514046,0.0,0.18046798184514046,0.0
15.068302,"[49.11328887939453, 4.499650478363037, 0.0]","[68.96248626708984, 4.5, 0.0]",7.002731800485093,7.474102020263672,0.4981994628643793,19.839485163548588,0.47800922353171593,0.1804099977016449,0.0,0.1804099977016449,0.0
15.087851,"[49.253143310546875, 4.4996490478515625, 0.0]","[69.11131286621094, 4.5, 0.0]",7.012829304146903,7.490723609924316,0.5048751830905029,19.84919738284575,0.47137021977857874,0.18280694261193275,0.0,0.18280694261193275,0.0
15.108707,"[49.39319610595703, 4.499647617340088, 0.0]","[69.26476287841797, 4.5, 0.0]",7.022921085763502,7.494314670562745,0.5045890808299536,19.858169550798756,0.4778943057774132,0.18272323533892632,0.0,0.18272323533892632,0.0
15.130387,"[49.533451080322266, 4.499646186828613, 0.0]","[69.4146499633789, 4.5, 0.0]",7.033012867380331,7.5109405517578125,0.5045890808414555,19.87156676757963,0.47139358479924276,0.18269892781972885,0.0,0.18269892781972885,0.0
15.149555,"[49.67390823364258, 4.499644756317139, 0.0]","[69.56267547607422, 4.5, 0.0]",7.043098926951235,7.5141096115112305,0.5043029785452013,19.881198878159548,0.4779276843774811,0.18260443583130836,0.0,0.18260443583130836,0.0
15.168189,"[49.81456756591797, 4.499643325805664, 0.0]","[69.71326446533203, 4.5, 0.0]",7.053183079173281,7.5307817459106445,0.5042076111022809,19.88876723751888,0.47101068455999506,0.18257470801472664,0.0,0.18257470801472664,0.0
15.188595,"[49.95542907714844, 4.4996418952941895, 0.0]","[69.86355590820312, 4.5, 0.0]",7.063124180247621,7.534101486206055,0.4970550537169771,19.8986968944855,0.4775986667373635,0.17997583374381065,0.0,0.17997583374381065,0.0
15.208826,"[50.096492767333984, 4.499640464782715, 0.0]","[70.0145263671875, 4.5, 0.0]",7.073063373973307,7.550793647766113,0.4969596862843151,19.90812682611035,0.4709773059584341,0.17994336783885956,0.0,0.17994336783885956,0.0
15.228331,"[50.237754821777344, 4.49963903427124, 0.0]","[70.16539001464844, 4.5, 0.0]",7.08300447504768,7.5540852546691895,0.49705505371866465,19.91803359489338,0.4777302737928064,0.17996838316321373,0.0,0.17996838316321373,0.0
15.249717,"[50.379215240478516, 4.499637603759766, 0.0]","[70.31962585449219, 4.5, 0.0]",7.092941761424839,7.570932388305664,0.4968643188579591,19.92763518789517,0.4710807796215093,0.17991967499256134,0.0,0.17991967499256134,0.0
15.269334,"[50.5208740234375, 4.499636173248291, 0.0]","[70.46861267089844, 4.5, 0.0]",7.102880955150362,7.574100017547608,0.49695968627614384,19.940410609021786,0.4779906268808247,0.1799316518008709,0.0,0.1799316518008709,0.0
15.288746,"[50.6627311706543, 4.499634742736816, 0.0]","[70.62054443359375, 4.5, 0.0]",7.112816334179143,7.590794563293457,0.49676895143901945,19.9477386424534,0.4712190623972461,0.1798730343580246,0.0,0.1798730343580246,0.0
15.309112,"[50.80479049682617, 4.499633312225342, 0.0]","[70.7719497680664, 4.5, 0.0]",7.122896671704366,7.594117641448975,0.5040168762611597,19.9578132579161,0.4779782291143144,0.18248623237013817,0.0,0.18248623237013817,0.0
15.328462,"[50.94704818725586, 4.499631881713867, 0.0]","[70.92391967773438, 4.5, 0.0]",7.132978916578287,7.610749244689941,0.5041122436960421,19.967159266201115,0.4712209697446088,0.1825263723731041,0.0,0.1825263723731041,0.0
15.34922,"[51.08950424194336, 4.499630451202393, 0.0]","[71.07755279541016, 4.5, 0.0]",7.143059254103564,7.614157199859619,0.5040168762638686,19.976871485423608,0.47777032811165476,0.18248820677399635,0.0,0.18248820677399635,0.0
15.368703,"[51.23216247558594, 4.499629020690918, 0.0]","[71.22929382324219, 4.5, 0.0]",7.153139591628445,7.630773544311523,0.5040168762440622,19.988048548396012,0.4710979457560551,0.18250571563839912,0.0,0.18250571563839912,0.0
15.389691,"[51.375022888183594, 4.499627590179443, 0.0]","[71.3838882446289, 4.5, 0.0]",7.163223743850684,7.637578010559082,0.5042076111119176,19.997131342569713,0.4776339526830782,0.18256913870573044,0.0,0.18256913870573044,0.0
15.408713,"[51.51808547973633, 4.499626159667969, 0.0]","[71.53573608398438, 4.5, 0.0]",7.1731648449253225,7.647529602050781,0.4970550537319429,20.008865351342873,0.4743542667083984,0.1799715869128704,0.0,0.1799715869128704,0.0
15.431436,"[51.66135025024414, 4.499624729156494, 0.0]","[71.69276428222656, 4.5, 0.0]",7.183107853348933,7.657758712768555,0.49715042118054775,20.01765059912987,0.4743647571254588,0.18001725897192955,0.0,0.18001725897192955,0.0
15.448958,"[51.804813385009766, 4.4996232986450195, 0.0]","[71.8413314819336, 4.5, 0.0]",7.193048954423601,7.667437553405762,0.497055053733364,20.031414026848225,0.47465085941962126,0.17998218536376953,0.0,0.17998218536376953,0.0
15.46881,"[51.9484748840332, 4.499621868133545, 0.0]","[71.99470520019531, 4.5, 0.0]",7.2029919628472046,7.677429676055908,0.4971504211801925,20.036518091774102,0.474388598982161,0.18000192940235138,0.0,0.18000192940235138,0.0
15.488666,"[52.09233474731445, 4.49962043762207, 0.0]","[72.14752960205078, 4.5, 0.0]",7.2129998211245745,7.687385559082031,0.500392913868497,20.04623031099659,0.47443771320870365,0.1811804436147213,0.0,0.1811804436147213,0.0
15.510434,"[52.236392974853516, 4.499619007110596, 0.0]","[72.30233001708984, 4.5, 0.0]",7.223007679401501,7.697464942932129,0.500392913846337,20.055194849555065,0.47438573795745675,0.18117643892765045,0.0,0.18117643892765045,0.0
15.529547,"[52.380653381347656, 4.499617576599121, 0.0]","[72.45649719238281, 4.5, 0.0]",7.233017445027039,7.7074432373046875,0.5004882812768674,20.06593703703922,0.47445726353062767,0.18122335895895958,0.0,0.18122335895895958,0.0
15.548928,"[52.52511215209961, 4.4996161460876465, 0.0]","[72.61396789550781, 4.5, 0.0]",7.243025303304247,7.717635631561279,0.5003929138604146,20.07584380582224,0.4744257922776489,0.18119029700756073,0.0,0.18119029700756073,0.0
15.568648,"[52.66977310180664, 4.499614715576172, 0.0]","[72.76560974121094, 4.5, 0.0]",7.253035068929808,7.727450847625732,0.5004882812780664,20.088855738179316,0.4746103282570324,0.18121173605322838,0.0,0.18121173605322838,0.0
15.588301,"[52.814632415771484, 4.499613285064697, 0.0]","[72.91998291015625, 4.5, 0.0]",7.263044834555306,7.7374424934387225,0.500488281274869,20.095836634159774,0.4744157786959242,0.1812404952943325,0.0,0.1812404952943325,0.0
15.609619,"[52.959693908691406, 4.499611854553223, 0.0]","[73.07442474365234, 4.5, 0.0]",7.273056507529433,7.747433662414551,0.5005836487063764,20.105350489124465,0.4743976588834169,0.1812443882226944,0.0,0.1812443882226944,0.0
15.628555,"[53.10495376586914, 4.499610424041748, 0.0]","[73.22942352294922, 4.5, 0.0]",7.2830700878523595,7.757401466369629,0.5006790161463215,20.114730829684863,0.47437715488511767,0.1812979020178318,0.0,0.1812979020178318,0.0
15.650227,"[53.25041580200195, 4.499608993530273, 0.0]","[73.38861846923828, 4.5, 0.0]",7.293081760826333,7.76763916015625,0.5005836486986937,20.124469751788215,0.47433137851726936,0.18126996234059334,0.0,0.18126996234059334,0.0
15.669477,"[53.39607620239258, 4.499607563018799, 0.0]","[73.53988647460938, 4.5, 0.0]",7.303095341149086,7.777366638183594,0.5006790161376173,20.138202661928446,0.4745573993299166,0.18129518255591393,0.0,0.18129518255591393,0.0
15.688818,"[53.54193878173828, 4.499606132507324, 0.0]","[73.69918060302734, 4.5, 0.0]",7.313110828820612,7.78761100769043,0.500774383576319,20.143810266893357,0.474271297034508,0.18134474754333496,0.0,0.18134474754333496,0.0
15.709102,"[53.6879997253418, 4.49960470199585, 0.0]","[73.85533905029297, 4.5, 0.0]",7.3231263164922735,7.797646999359131,0.5007743835830691,20.15724181594962,0.47450017886981755,0.1813279464840889,0.0,0.1813279464840889,0.0
15.72922,"[53.83426284790039, 4.499603271484375, 0.0]","[74.011474609375, 4.5, 0.0]",7.3331437115125775,7.807623863220215,0.5008697510151983,20.16733931959592,0.47452068286685734,0.1813601702451706,0.0,0.1813601702451706,0.0
15.749507,"[53.9807243347168, 4.4996018409729, 0.0]","[74.16532135009766, 4.5, 0.0]",7.343157291835357,7.8174543380737305,0.500679016138994,20.177211756103556,0.47448015170763735,0.1813117414712906,0.0,0.1813117414712906,0.0
15.768607,"[54.12738800048828, 4.499600410461426, 0.0]","[74.32096862792969, 4.5, 0.0]",7.3531727795065684,7.827399730682374,0.5007743835605538,20.18459700999415,0.4742970462383731,0.18131837248802185,0.0,0.18131837248802185,0.0
15.788399,"[54.27425003051758, 4.499598979949951, 0.0]","[74.47743225097656, 4.5, 0.0]",7.363184452480474,7.83739709854126,0.5005836486952742,20.19358062203895,0.4742269511758055,0.18127407878637314,0.0,0.18127407878637314,0.0
15.808637,"[54.42131423950195, 4.499597549438477, 0.0]","[74.63506317138672, 4.5, 0.0]",7.373196125454464,7.850797653198242,0.500583648699493,20.203182215040744,0.47421264606078584,0.18124446272850037,0.0,0.18124446272850037,0.0
15.829099,"[54.56857681274414, 4.499596118927002, 0.0]","[74.79496765136719, 4.5, 0.0]",7.383207798428483,7.854284286499023,0.5005836487009585,20.213748926450688,0.4776015277437784,0.18126660957932472,0.0,0.18126660957932472,0.0
15.850167,"[54.716041564941406, 4.499594688415527, 0.0]","[74.94972229003906, 4.5, 0.0]",7.393217564053875,7.870776176452637,0.5004882812695843,20.226390833173014,0.4710764880705405,0.18121082335710526,0.0,0.18121082335710526,0.0
15.86934,"[54.863704681396484, 4.499593257904053, 0.0]","[75.10772705078125, 4.5, 0.0]",7.403227329679562,7.874142169952393,0.5004882812843725,20.23368071963197,0.4775586123987621,0.1812124252319336,0.0,0.1812124252319336,0.0
15.888839,"[55.01156997680664, 4.499591827392578, 0.0]","[75.2643814086914, 4.5, 0.0]",7.413305759856026,7.890754222869873,0.503921508823213,20.24402236390325,0.4709148402728305,0.18248576670885086,0.0,0.18248576670885086,0.0
15.918985,"[55.15963363647461, 4.4995903968811035, 0.0]","[75.422607421875, 4.5, 0.0]",7.423397541472902,7.8941292762756365,0.5045890808437647,20.252811426387517,0.4774484630138467,0.18269946798682213,0.0,0.18269946798682213,0.0
15.929394,"[55.307899475097656, 4.499588966369629, 0.0]","[75.57964324951172, 4.5, 0.0]",7.433487415741131,7.910702705383301,0.504493713411458,20.262973779887325,0.4707317348027349,0.18266694620251656,0.0,0.18266694620251656,0.0
15.950189,"[55.45636749267578, 4.499587535858154, 0.0]","[75.73963165283203, 4.5, 0.0]",7.4435715679636605,7.914130687713623,0.5042076111264837,20.271743768885262,0.47721528964216997,0.1825573854148388,0.0,0.1825573854148388,0.0
15.968681,"[55.605037689208984, 4.49958610534668, 0.0]","[75.8973617553711, 4.5, 0.0]",7.453651905488935,7.930748462677002,0.5040168762637354,20.283264154611558,0.47055911974996256,0.18250871449708939,0.0,0.18250871449708939,0.0
15.991292,"[55.753910064697266, 4.499584674835205, 0.0]","[76.05673217773438, 4.5, 0.0]",7.463587284520847,7.934136867523193,0.4967689515956053,20.29232406060166,0.47709655718806676,0.1798889972269535,0.0,0.1798889972269535,0.0
16.016123,"[55.902984619140625, 4.4995832443237305, 0.0]","[76.21501922607422, 4.5, 0.0]",7.473534107643339,7.950784683227539,0.4973411561245644,20.302822107460827,0.47054958300234606,0.18009023740887642,0.0,0.18009023740887642,0.0
16.029749,"[56.0522575378418, 4.499581813812256, 0.0]","[76.37411499023438, 4.5, 0.0]",7.483479023413368,7.9540934562683105,0.49724578850147694,20.31203460125706,0.4772505755842005,0.18005097284913063,0.0,0.18005097284913063,0.0
16.050322,"[56.20172882080078, 4.499580383300781, 0.0]","[76.53636932373047, 4.5, 0.0]",7.493418217138825,7.9709320068359375,0.4969596862728576,20.321857446700047,0.4706144328549424,0.17994016408920288,0.0,0.17994016408920288,0.0
16.068717,"[56.35139846801758, 4.499578952789307, 0.0]","[76.69348907470703, 4.5, 0.0]",7.503353596167451,7.974117279052734,0.4967689514312923,20.334640497305884,0.4775137896971122,0.17989523708820343,0.0,0.17989523708820343,0.0
16.088569,"[56.50126647949219, 4.499577522277832, 0.0]","[76.8530502319336, 4.5, 0.0]",7.513433933692433,7.990787029266357,0.5040168762490804,20.34209060104999,0.47076368288528325,0.18251636996865273,0.0,0.18251636996865273,0.0
16.109304,"[56.65133285522461, 4.499576091766357, 0.0]","[77.01612091064453, 4.5, 0.0]",7.5235104565199995,7.994338035583498,0.5038261413783385,20.35178374678615,0.4773530955739247,0.18243899568915367,0.0,0.18243899568915367,0.0
16.130866,"[56.80160140991211, 4.499574661254883, 0.0]","[77.17280578613281, 4.5, 0.0]",7.533586979347257,8.010766983032227,0.5038261413628842,20.364788049748693,0.47082757906349837,0.18242403864860535,0.0,0.18242403864860535,0.0
16.148881,"[56.95207214355469, 4.499573230743408, 0.0]","[77.33334350585938, 4.5, 0.0]",7.543657780128783,8.014101028442383,0.5035400390763112,20.37120437053387,0.4771800036849694,0.18234051764011383,0.0,0.18234051764011383,0.0
16.168412,"[57.102745056152344, 4.499571800231934, 0.0]","[77.49378967285156, 4.5, 0.0]",7.553728580910172,8.030765533447266,0.5035400390694278,20.381271356602046,0.4704432483135994,0.18232235684990883,0.0,0.18232235684990883,0.0
16.189652,"[57.25361633300781, 4.499570369720459, 0.0]","[77.6570053100586, 4.5, 0.0]",7.563654423195837,8.03426742553711,0.4962921142832588,20.39104461098078,0.47703695253709366,0.1797078177332878,0.0,0.1797078177332878,0.0
16.210059,"[57.40468978881836, 4.499568939208984, 0.0]","[77.81816864013672, 4.5, 0.0]",7.573593616922036,8.050970077514648,0.49695968630993903,20.403388971316406,0.47061300234127224,0.1799401268362999,0.0,0.1799401268362999,0.0
16.229934,"[57.55596160888672, 4.49956750869751, 0.0]","[77.97880554199219, 4.5, 0.0]",7.5835309032994775,8.054248809814453,0.49686431887208116,20.413478845568175,0.4773764605926125,0.17992930486798286,0.0,0.17992930486798286,0.0
16.24873,"[57.70743179321289, 4.499566078186035, 0.0]","[78.13787841796875, 4.5, 0.0]",7.593464374979485,8.07076644897461,0.4966735840003622,20.422843927339514,0.4707179065149756,0.17984338104724884,0.0,0.17984338104724884,0.0
16.26957,"[57.85910415649414, 4.4995646476745605, 0.0]","[78.29926300048828, 4.5, 0.0]",7.603395939310788,8.074090957641602,0.4965782165651689,20.430446618974234,0.4773020739951246,0.17981939017772675,0.0,0.17981939017772675,0.0
16.288414,"[58.0109748840332, 4.499563217163086, 0.0]","[78.46025848388672, 4.5, 0.0]",7.613472462138395,8.090727806091309,0.5038261413803369,20.440158838196727,0.4706950183308134,0.18242141231894493,0.0,0.18242141231894493,0.0
16.308494,"[58.16304397583008, 4.499561786651611, 0.0]","[78.62289428710938, 4.5, 0.0]",7.623545170268817,8.09745979309082,0.5036354065210968,20.44928359404034,0.4772553439529137,0.18235713243484497,0.0,0.18235713243484497,0.0
16.328935,"[58.31531524658203, 4.499560356140137, 0.0]","[78.78407287597656, 4.5, 0.0]",7.633617878399433,8.107378005981445,0.5036354065308224,20.459850305450285,0.4739146228220035,0.1823517493903637,0.0,0.1823517493903637,0.0
16.349158,"[58.4677848815918, 4.499558925628662, 0.0]","[78.94666290283203, 4.5, 0.0]",7.643684864484101,8.11738395690918,0.5033493042333692,20.468757623549777,0.473760127582012,0.18227474763989449,0.0,0.18227474763989449,0.0
16.369502,"[58.62045669555664, 4.4995574951171875, 0.0]","[79.10906219482422, 4.5, 0.0]",7.653751850568527,8.1273775100708,0.5033493042213344,20.478878015379667,0.473699092425079,0.18226059153676033,0.0,0.18226059153676033,0.0
16.387698,"[58.77333068847656, 4.499556064605713, 0.0]","[79.27156829833984, 4.5, 0.0]",7.663746357405031,8.137377738952637,0.4997253418251635,20.48860549339122,0.4736256595022734,0.18094833940267563,0.0,0.18094833940267563,0.0
