time[s],position_ego[m],position_pre[m],speed_ego[m/s],speed_pre[m/s],acceleration_ego[m/s2],headway[m],deltav[m/s],engine_throttle,engine_brake,Controller_throttle,Controller_brake
0.017779,"[5.0, 4.5, 0.0]","[13.0, 4.5, 0.0]",0.007272727321833372,0.0,0.3636363660916686,,,0.0,-0.0,0.0,-0.0
0.049287,"[5.0, 4.5, 0.0]","[13.0, 4.5, 0.0]",0.00421274034306407,0.0,-0.15299934893846512,8.0,-0.007272727321833372,0.0,-0.0,0.0,-0.0
0.068744,"[5.000145435333252, 4.5, 0.0]","[13.0, 4.5, 0.0]",0.01148546766489749,0.0,0.36363636609167105,8.0,-0.00421274034306407,0.0,-0.0,0.0,-0.0
0.08776,"[5.000229835510254, 4.5, 0.0]","[13.0, 4.5, 0.0]",0.018758194521076965,0.0,0.3636363428089737,7.999854564666748,-0.01148546766489749,0.0,-0.0,0.0,-0.0
0.108296,"[5.000459671020508, 4.5, 0.0]","[13.000064849853516, 4.5, 0.0]",0.026030922308614007,0.001291541033424437,0.3636363893768521,7.999770164489746,-0.018758194521076965,0.0,-0.0,0.0,-0.0
0.127972,"[5.000834941864014, 4.5, 0.0]","[13.00056266784668, 4.5, 0.0]",0.03330364823346285,0.011257092468440533,0.3636362962424422,7.999605178833008,-0.02473938127518957,0.0,-0.0,0.0,-0.0
0.150628,"[5.0013556480407715, 4.5, 0.0]","[13.001063346862793, 4.5, 0.0]",0.04057636857036524,0.021266348659992218,0.36363601684511954,7.999727725982383,-0.02204655576502232,0.0,-0.0,0.0,-0.0
0.167119,"[5.002021789550781, 4.5, 0.0]","[13.00155258178711, 4.5, 0.0]",0.04148080945017343,0.031051071360707283,0.0452220439904092,7.99970769882195,-0.019310019910373025,0.0,-0.0,0.0,-0.0
0.187708,"[5.002833366394043, 4.5, 0.0]","[13.002057075500488, 4.5, 0.0]",0.048753529787064036,0.04115017130970955,0.36363601684453045,7.999530792236045,-0.010429738089466144,0.0,-0.0,0.0,-0.0
0.208323,"[5.003663063049316, 4.5, 0.0]","[13.00269603729248, 4.5, 0.0]",0.04148080945016562,0.05130772292613983,-0.36363601684492075,7.999223709106374,-0.007603358477354487,0.0,-0.0,0.0,-0.0
0.229708,"[5.004638195037842, 4.5, 0.0]","[13.004218101501465, 4.5, 0.0]",0.048753529787091424,0.06145354360342026,0.36363601684629016,7.999032974243164,0.009826913475974211,0.0,-0.0,0.0,-0.0
0.24828,"[5.005467891693115, 4.5, 0.0]","[13.005695343017578, 4.5, 0.0]",0.041480809450165114,0.0712994933128357,-0.36363601684631547,7.999579906463623,0.012700013816328834,0.0,-0.0,0.0,-0.0
0.268218,"[5.006443023681641, 4.5, 0.0]","[13.007194519042969, 4.5, 0.0]",0.03420808911324225,0.08129923790693283,-0.36363601684614305,8.000227451323823,0.02981868386267058,0.0,-0.0,0.0,-0.0
0.288894,"[5.007272720336914, 4.5, 0.0]","[13.008678436279297, 4.5, 0.0]",0.026935363188390564,0.09118644148111343,-0.3636362962425844,8.000751495361328,0.04709114879369058,0.0,-0.0,0.0,-0.0
0.309172,"[5.0079569816589355, 4.5, 0.0]","[13.010259628295898, 4.5, 0.0]",0.019662635400897674,0.10103704035282135,-0.3636363893746445,8.001405715941743,0.06425107829272286,0.0,-0.0,0.0,-0.0
0.327408,"[5.008495807647705, 4.5, 0.0]","[13.01276969909668, 4.5, 0.0]",0.01238990761340503,0.11107750982046127,-0.36363638937463216,8.002302646636892,0.08137440495192368,0.0,-0.0,0.0,-0.0
0.348002,"[5.008889198303223, 4.5, 0.0]","[13.015281677246094, 4.5, 0.0]",0.005117179825913687,0.12112655490636826,-0.36363638937456716,8.004273891448904,0.09868760220705625,0.0,-0.0,0.0,-0.0
0.369397,"[5.009137153625488, 4.5, 0.0]","[13.017827987670898, 4.5, 0.0]",0.0021555474960647564,0.13131268322467804,-0.14808161649244653,8.006392478942871,0.11600937508045457,-0.0,0.0,-0.0,0.0
0.388925,"[5.009239673614502, 4.5, 0.0]","[13.020297050476074, 4.5, 0.0]",0.00942827481778347,0.14118917286396027,0.3636363660859357,8.008690834045339,0.1291571357286133,-0.0,0.0,-0.0,0.0
0.407983,"[5.009196758270264, 4.5, 0.0]","[13.022891998291016, 4.5, 0.0]",0.016701001673937087,0.15111975371837616,0.3636363428076808,8.011057376861288,0.1317608980461768,-0.0,0.0,-0.0,0.0
0.427598,"[5.009008407592773, 4.5, 0.0]","[13.026387214660645, 4.5, 0.0]",0.02226289361716397,0.16110540926456451,0.2780945971613442,8.013695240020752,0.13441875204443907,-0.0,0.0,-0.0,0.0
0.452234,"[5.008674621582031, 4.5, 0.0]","[13.029924392700195, 4.5, 0.0]",0.014990165829664025,0.16454504430294037,-0.3636363893749973,8.017378807067871,0.13884251564740055,-0.0,0.0,-0.0,0.0
0.469491,"[5.0082292556762695, 4.5, 0.0]","[13.033390998840332, 4.5, 0.0]",0.019523797556758874,0.18111677467823029,0.22668158635474248,8.021249771118164,0.14955487847327634,-0.0,0.0,-0.0,0.0
0.488724,"[5.00792932510376, 4.5, 0.0]","[13.036911964416504, 4.5, 0.0]",0.01225106976926386,0.18451137840747833,-0.3636363893747507,8.025161743163991,0.16159297712147142,-0.0,0.0,-0.0,0.0
0.508538,"[5.007538795471191, 4.5, 0.0]","[13.040523529052734, 4.5, 0.0]",0.013142740353967083,0.20116320252418518,0.04458352923516111,8.028982639312744,0.17226030863821448,-0.0,0.0,-0.0,0.0
0.528417,"[5.007293701171875, 4.5, 0.0]","[13.04504108428955, 4.5, 0.0]",0.0058700125664687885,0.20453538000583651,-0.3636363893749147,8.032984733581259,0.1880204621702181,-0.0,0.0,-0.0,0.0
0.549314,"[5.007030963897705, 4.5, 0.0]","[13.049566268920898, 4.5, 0.0]",0.013062203302979471,0.2212580442428589,0.3596095368255341,8.037747383117392,0.19866536743936772,-0.0,0.0,-0.0,0.0
0.567445,"[5.006913661956787, 4.5, 0.0]","[13.053980827331543, 4.5, 0.0]",0.005789475515491942,0.2244010865688324,-0.3636363893743764,8.042535305023193,0.20819584093987942,-0.0,0.0,-0.0,0.0
0.590424,"[5.006652355194092, 4.5, 0.0]","[13.058524131774902, 4.5, 0.0]",0.0027528984938136407,0.2411649376153946,-0.15182885108391506,8.047067165374756,0.21861161105334045,-0.0,0.0,-0.0,0.0
0.608742,"[5.006536483764648, 4.5, 0.0]","[13.063227653503418, 4.5, 0.0]",0.004494024440667869,0.24465680122375488,0.08705629734271139,8.05187177658081,0.23841203912158096,-0.0,0.0,-0.0,0.0
0.628109,"[5.006481647491455, 4.5, 0.0]","[13.068592071533203, 4.5, 0.0]",0.002778702881224909,0.2610762417316437,-0.08576607797214797,8.056691169738698,0.240162776783087,-0.0,0.0,-0.0,0.0
0.648529,"[5.006392002105713, 4.5, 0.0]","[13.074254989624023, 4.5, 0.0]",0.00449402444064949,0.2680400311946869,0.08576607797122905,8.062110424041105,0.2582975388504188,-0.0,0.0,-0.0,0.0
0.667985,"[5.006447792053223, 4.5, 0.0]","[13.079605102539062, 4.5, 0.0]",0.002778702881278649,0.2777664363384247,-0.08576607796854205,8.067862987516524,0.2635460067540374,-0.0,0.0,-0.0,0.0
0.688889,"[5.0063581466674805, 4.5, 0.0]","[13.085125923156738, 4.5, 0.0]",0.0037542695645549993,0.28780534863471985,0.04877833416381751,8.073157310485769,0.27498773345714606,-0.0,0.0,-0.0,0.0
0.707792,"[5.00641393661499, 4.5, 0.0]","[13.09072494506836, 4.5, 0.0]",0.003518457757369615,0.2977812588214874,-0.011790590359269217,8.078767776488613,0.28405107907016486,-0.0,0.0,-0.0,0.0
0.728875,"[5.006339073181152, 4.5, 0.0]","[13.097214698791504, 4.5, 0.0]",0.00193823245381289,0.3077657222747803,-0.07901126517783624,8.084311008453298,0.2942628010641178,-0.0,0.0,-0.0,0.0
0.750433,"[5.006409645080566, 4.5, 0.0]","[13.103757858276367, 4.5, 0.0]",0.005334495101230151,0.31783199310302745,0.16981313237086304,8.090875625610352,0.30582748982096736,-0.0,0.0,-0.0,0.0
0.767876,"[5.006371021270752, 4.5, 0.0]","[13.11021900177002, 4.5, 0.0]",0.0019382323376413027,0.3277733325958252,-0.1698131381794424,8.0973482131958,0.3124974980017973,-0.0,0.0,-0.0,0.0
0.789455,"[5.0064778327941895, 4.5, 0.0]","[13.116771697998047, 4.5, 0.0]",0.0053344951012887715,0.3378536105155945,0.16981313818237342,8.103847980499268,0.3258351002581839,-0.0,0.0,-0.0,0.0
0.808855,"[5.006439208984375, 4.5, 0.0]","[13.12333869934082, 4.5, 0.0]",0.0019382323372084587,0.347784698009491,-0.16981313820401564,8.110293865203785,0.33251911541430573,-0.0,0.0,-0.0,0.0
0.82759,"[5.0065460205078125, 4.5, 0.0]","[13.130813598632812, 4.5, 0.0]",0.005334495101124983,0.3577515482902527,0.16981313819582622,8.116899490356445,0.34584646567228255,-0.0,0.0,-0.0,0.0
0.848001,"[5.006507396697998, 4.5, 0.0]","[13.138373374938965, 4.5, 0.0]",0.001938232337164525,0.3678309619426728,-0.1698131381980229,8.124267578125,0.3524170531891277,-0.0,0.0,-0.0,0.0
0.867818,"[5.0066142082214355, 4.5, 0.0]","[13.145820617675781, 4.5, 0.0]",0.005334495101197638,0.37776085734367376,0.1698131382016556,8.131865978240967,0.3658927296055083,-0.0,0.0,-0.0,0.0
0.889634,"[5.006575584411621, 4.5, 0.0]","[13.153377532958984, 4.5, 0.0]",0.0019382323374987115,0.38783672451972967,-0.1698131381849463,8.139206409454273,0.3724263622424761,-0.0,0.0,-0.0,0.0
0.908868,"[5.006682395935059, 4.5, 0.0]","[13.161001205444336, 4.5, 0.0]",0.005334495101366647,0.3978440463542939,0.16981313819339675,8.14680194854729,0.38589849218223093,-0.0,0.0,-0.0,0.0
0.92857,"[5.006643772125244, 4.5, 0.0]","[13.169445991516113, 4.5, 0.0]",0.001938232339067866,0.40777963399887085,-0.16981313811493903,8.154318809509277,0.39250955125292725,-0.0,0.0,-0.0,0.0
0.948527,"[5.006750583648682, 4.5, 0.0]","[13.178003311157227, 4.5, 0.0]",0.005263770000118418,0.4178473353385926,0.1662768830525276,8.16280221939058,0.405841401659803,-0.0,0.0,-0.0,0.0
0.968172,"[5.006711959838867, 4.5, 0.0]","[13.186458587646484, 4.5, 0.0]",0.002008957324649865,0.42779403924942017,-0.16274063377342765,8.171252727507893,0.4125835653384742,-0.0,0.0,-0.0,0.0
0.988963,"[5.00681734085083, 4.5, 0.0]","[13.194989204406738, 4.5, 0.0]",0.003642682685364371,0.43783065676689154,0.08168626803572529,8.179746627807544,0.4257850819247703,-0.0,0.0,-0.0,0.0
1.008701,"[5.006777286529541, 4.5, 0.0]","[13.203579902648926, 4.5, 0.0]",0.0036300446378556483,0.44780313968658453,-0.0006319023754361398,8.188171863555908,0.43418797408152715,-0.0,0.0,-0.0,0.0
1.02884,"[5.006850242614746, 4.5, 0.0]","[13.213204383850098, 4.5, 0.0]",0.0036426826846477425,0.4579341411590578,0.0006319023396047108,8.196802616118731,0.44417309504872887,-0.0,0.0,-0.0,0.0
1.04909,"[5.006777763366699, 4.5, 0.0]","[13.222650527954102, 4.5, 0.0]",0.0036300446372479213,0.4678778946399689,-0.0006319023699910596,8.206354141234696,0.45429145847441005,-0.0,0.0,-0.0,0.0
1.070287,"[5.006850719451904, 4.5, 0.0]","[13.232390403747559, 4.5, 0.0]",0.003642682684585481,0.48146405816078186,0.00063190236687799,8.215872764586237,0.464247850002721,-0.0,0.0,-0.0,0.0
1.089,"[5.006778240203857, 4.5, 0.0]","[13.241803169250488, 4.5, 0.0]",0.003630044637248697,0.4847055971622468,-0.0006319023668391972,8.225539684294997,0.47782137547619635,-0.0,0.0,-0.0,0.0
1.109319,"[5.0068511962890625, 4.5, 0.0]","[13.251652717590332, 4.5, 0.0]",0.0036426826847777947,0.5015741586685181,0.0006319023764548778,8.235024929045974,0.4810755525249981,-0.0,0.0,-0.0,0.0
1.128295,"[5.006778717041016, 4.5, 0.0]","[13.261797904968262, 4.5, 0.0]",0.0036300446375831723,0.5045698881149292,-0.0006319023597311244,8.24480152130061,0.49793147598374027,-0.0,0.0,-0.0,0.0
1.149177,"[5.006851673126221, 4.5, 0.0]","[13.272497177124023, 4.5, 0.0]",0.0036426826848775045,0.5214262008666992,0.0006319023647166112,8.255019187926953,0.500939843477346,-0.0,0.0,-0.0,0.0
1.168784,"[5.006779193878174, 4.5, 0.0]","[13.283162117004395, 4.5, 0.0]",0.003630044637400376,0.5249164104461673,-0.0006319023738564139,8.26564550399751,0.5177835181818217,-0.0,0.0,-0.0,0.0
1.190768,"[5.006852149963379, 4.5, 0.0]","[13.293314933776855, 4.5, 0.0]",0.003642682685096092,0.5412523746490479,0.0006319023847857789,8.27638292312556,0.521286365808767,-0.0,0.0,-0.0,0.0
1.209517,"[5.006779670715332, 4.5, 0.0]","[13.304109573364258, 4.5, 0.0]",0.0036300446376857885,0.5447331070899963,-0.000631902370515163,8.286462783810832,0.5376096919639518,-0.0,0.0,-0.0,0.0
1.22805,"[5.006852626800537, 4.5, 0.0]","[13.315346717834473, 4.5, 0.0]",0.0036426826845866248,0.5611712336540222,0.0006319023450418113,8.297329902648263,0.5411030624523105,-0.0,0.0,-0.0,0.0
1.248486,"[5.00678014755249, 4.5, 0.0]","[13.3268404006958, 4.5, 0.0]",0.0036300446374133905,0.5644990801811218,-0.0006319023586617107,8.308494091032756,0.5575285509694355,-0.0,0.0,-0.0,0.0
1.271312,"[5.006853103637695, 4.5, 0.0]","[13.338448524475098, 4.5, 0.0]",0.0036426826846844376,0.5812596082687378,0.0006319023635523516,8.320060253142646,0.5608690355437085,-0.0,0.0,-0.0,0.0
1.289526,"[5.006780624389648, 4.5, 0.0]","[13.350072860717773, 4.5, 0.0]",0.00363004463728029,0.584701418876648,-0.0006319023702073797,8.331595420836221,0.5776169255840533,-0.0,0.0,-0.0,0.0
1.310606,"[5.0068535804748535, 4.5, 0.0]","[13.362093925476074, 4.5, 0.0]",0.0036426826846661484,0.6016754508018494,0.0006319023692929202,8.34329223632783,0.5810713742393676,-0.0,0.0,-0.0,0.0
1.329902,"[5.006781101226807, 4.5, 0.0]","[13.374494552612305, 4.5, 0.0]",0.0036300446372590413,0.6049292683601379,-0.0006319023703553516,8.355240345000555,0.5980327681171832,-0.0,0.0,-0.0,0.0
1.348735,"[5.006854057312012, 4.5, 0.0]","[13.386367797851562, 4.5, 0.0]",0.003642682684585528,0.6210944056510925,0.0006319023663243313,8.367713451384311,0.6012992237228789,-0.0,0.0,-0.0,0.0
1.368126,"[5.006781578063965, 4.5, 0.0]","[13.399023056030273, 4.5, 0.0]",0.003630044637258802,0.6245514750480654,-0.0006319023663363009,8.379513740538881,0.617451722966507,-0.0,0.0,-0.0,0.0
1.388969,"[5.00685453414917, 4.5, 0.0]","[13.411701202392578, 4.5, 0.0]",0.003642682684632311,0.6413607597351074,0.0006319023686754454,8.392241477966012,0.6209214304108066,-0.0,0.0,-0.0,0.0
1.40888,"[5.006782054901123, 4.5, 0.0]","[13.424264907836914, 4.5, 0.0]",0.0036300446372507854,0.6446406245231628,-0.0006319023690762749,8.404846668242216,0.6377180770504751,-0.0,0.0,-0.0,0.0
1.428557,"[5.006855010986328, 4.5, 0.0]","[13.438029289245605, 4.5, 0.0]",0.003642682684600883,0.6615028977394104,0.0006319023675048756,8.417482852935493,0.641010579885912,-0.0,0.0,-0.0,0.0
1.449424,"[5.006782531738281, 4.5, 0.0]","[13.451212882995605, 4.5, 0.0]",0.0036300446372598194,0.6646019816398621,-0.0006319023670531753,8.431174278258604,0.6578602150548095,-0.0,0.0,-0.0,0.0
1.468071,"[5.006855487823486, 4.5, 0.0]","[13.464776992797852, 4.5, 0.0]",0.0036426826846289824,0.6813164353370667,0.0006319023684581496,8.44443035125725,0.6609719370026023,-0.0,0.0,-0.0,0.0
1.489191,"[5.0067830085754395, 4.5, 0.0]","[13.478181838989258, 4.5, 0.0]",0.003630044637250607,0.6845794320106507,-0.000631902368918762,8.457921504974065,0.6776737526524377,-0.0,0.0,-0.0,0.0
1.510772,"[5.0068559646606445, 4.5, 0.0]","[13.492148399353027, 4.5, 0.0]",0.003642682684586098,0.7014815807342529,0.0006319023667745354,8.471398830413744,0.6809493873734002,-0.0,0.0,-0.0,0.0
1.528256,"[5.006783485412598, 4.5, 0.0]","[13.506402969360352, 4.5, 0.0]",0.0036300446372571618,0.7046459913253784,-0.0006319023664468027,8.485292434692083,0.6978388980496668,-0.0,0.0,-0.0,0.0
1.54942,"[5.006856441497803, 4.5, 0.0]","[13.52099323272705, 4.5, 0.0]",0.0036426826846449657,0.7213749289512634,0.0006319023693901948,8.499619483947075,0.7010159466881213,-0.0,0.0,-0.0,0.0
1.568514,"[5.006783962249756, 4.5, 0.0]","[13.535096168518066, 4.5, 0.0]",0.003630044637262984,0.7277677059173584,-0.0006319023690990865,8.514136791228568,0.7177322462666185,-0.0,0.0,-0.0,0.0
1.589335,"[5.006856918334961, 4.5, 0.0]","[13.550036430358887, 4.5, 0.0]",0.0036426826846169395,0.7380713820457458,0.0006319023676977769,8.52831220626763,0.7241376612800954,-0.0,0.0,-0.0,0.0
1.612226,"[5.006784439086914, 4.5, 0.0]","[13.564934730529785, 4.5, 0.0]",0.0036300446374124616,0.7482373714447021,-0.0006319023602238943,8.543179512023244,0.7344286993611289,-0.0,0.0,-0.0,0.0
1.628451,"[5.006857395172119, 4.5, 0.0]","[13.580025672912598, 4.5, 0.0]",0.003642682684646185,0.7579737305641174,0.0006319023616861794,8.558150291442187,0.7446073268072897,-0.0,0.0,-0.0,0.0
1.649328,"[5.006784915924072, 4.5, 0.0]","[13.595612525939941, 4.5, 0.0]",0.0036300446372633426,0.7680293321609497,-0.0006319023691421293,8.573168277739795,0.7543310478794713,-0.0,0.0,-0.0,0.0
1.672421,"[5.006857872009277, 4.5, 0.0]","[13.611345291137695, 4.5, 0.0]",0.0036426826845860844,0.7781798839569093,0.0006319023661370896,8.588827610015183,0.7643992875236864,-0.0,0.0,-0.0,0.0
1.689257,"[5.0067853927612305, 4.5, 0.0]","[13.626643180847168, 4.5, 0.0]",0.0036300446372487835,0.788049042224884,-0.0006319023668650446,8.60448741912773,0.7745372012723232,-0.0,0.0,-0.0,0.0
1.709002,"[5.0068583488464355, 4.5, 0.0]","[13.642208099365234, 4.5, 0.0]",0.0036426826846107643,0.7980049848556519,0.0006319023680990401,8.61985778808525,0.7844189975876352,-0.0,0.0,-0.0,0.0
1.727906,"[5.006785869598389, 4.5, 0.0]","[13.658273696899414, 4.5, 0.0]",0.003630044637699836,0.8077415823936462,-0.0006319023455464206,8.63534975051811,0.7943623021710411,-0.0,0.0,-0.0,0.0
1.748589,"[5.006858825683594, 4.5, 0.0]","[13.67509937286377, 4.5, 0.0]",0.003642682684847282,0.8179388046264648,0.0006319023573723125,8.651487827300334,0.8041115377559465,-0.0,0.0,-0.0,0.0
1.768153,"[5.006786346435547, 4.5, 0.0]","[13.691534996032715, 4.5, 0.0]",0.003630044637296304,0.827900230884552,-0.0006319023775489029,8.668240547179483,0.8142961219416176,-0.0,0.0,-0.0,0.0
1.78873,"[5.006859302520752, 4.5, 0.0]","[13.707903861999512, 4.5, 0.0]",0.0036426826845870315,0.8378202319145203,0.0006319023645363735,8.684748649596475,0.8242701862472557,-0.0,0.0,-0.0,0.0
1.808796,"[5.006786823272705, 4.5, 0.0]","[13.72447395324707, 4.5, 0.0]",0.003630044637275934,0.8477946519851685,-0.000631902365554873,8.701044559478452,0.8341775492299333,-0.0,0.0,-0.0,0.0
1.827696,"[5.00685977935791, 4.5, 0.0]","[13.741926193237305, 4.5, 0.0]",0.0036426826849645824,0.8577674031257629,0.0006319023844324157,8.717687129973669,0.8441646073478926,-0.0,0.0,-0.0,0.0
1.848782,"[5.006787300109863, 4.5, 0.0]","[13.759523391723633, 4.5, 0.0]",0.0036300446376796983,0.8678231239318848,-0.0006319023642442027,8.735066413879085,0.8541247204407983,-0.0,0.0,-0.0,0.0
1.86827,"[5.006860256195068, 4.5, 0.0]","[13.7770357131958, 4.5, 0.0]",0.0036426826847715974,0.8778301477432251,0.0006319023545949551,8.752736091613071,0.8641930792942051,-0.0,0.0,-0.0,0.0
1.889869,"[5.0067877769470215, 4.5, 0.0]","[13.794904708862305, 4.5, 0.0]",0.003630044637251756,0.8880405426025391,-0.0006319023759920753,8.770175457000422,0.8741874650584535,-0.0,0.0,-0.0,0.0
1.909328,"[5.006860733032227, 4.5, 0.0]","[13.812759399414062, 4.5, 0.0]",0.003642682684753282,0.8981581926345825,0.0006319023750762931,8.788116931914582,0.8844104979652873,-0.0,0.0,-0.0,0.0
1.928142,"[5.00678825378418, 4.5, 0.0]","[13.830885887145996, 4.5, 0.0]",0.003630044638205166,0.9079563617706302,-0.0006319023274057884,8.805898666381523,0.8945155099498292,-0.0,0.0,-0.0,0.0
1.949417,"[5.006861209869385, 4.5, 0.0]","[13.850061416625977, 4.5, 0.0]",0.003642682685925576,0.9183213710784912,0.00063190238602049,8.824097633361111,0.9043263171324251,-0.0,0.0,-0.0,0.0
1.968712,"[5.006788730621338, 4.5, 0.0]","[13.8683443069458, 4.5, 0.0]",0.0036300446381014005,0.928204357624054,-0.0006319023912087661,8.84320020675628,0.9146786883925656,-0.0,0.0,-0.0,0.0
1.988768,"[5.006861686706543, 4.5, 0.0]","[13.886478424072266, 4.5, 0.0]",0.0036426826854116757,0.9413398504257202,0.00063190236551376,8.861555576323756,0.9245743129859526,-0.0,0.0,-0.0,0.0
2.010513,"[5.006789207458496, 4.5, 0.0]","[13.905588150024414, 4.5, 0.0]",0.0036300446374955323,0.9449170827865602,-0.000631902395807171,8.879616737365408,0.9376971677403085,-0.0,0.0,-0.0,0.0
2.031404,"[5.006862163543701, 4.5, 0.0]","[13.924972534179688, 4.5, 0.0]",0.0036426826845937323,0.9615245461463928,0.0006319023549100026,8.898798942565207,0.9412870381490647,-0.0,0.0,-0.0,0.0
2.048995,"[5.006789684295654, 4.5, 0.0]","[13.944490432739258, 4.5, 0.0]",0.0036300446372852417,0.9648669362068177,-0.0006319023654245302,8.91811037063567,0.957881863461799,-0.0,0.0,-0.0,0.0
2.068188,"[5.006862640380859, 4.5, 0.0]","[13.963537216186523, 4.5, 0.0]",0.003642682684802968,0.9813010692596436,0.0006319023758863222,8.93770074844289,0.9612368915695325,-0.0,0.0,-0.0,0.0
2.089679,"[5.0067901611328125, 4.5, 0.0]","[13.983464241027832, 4.5, 0.0]",0.0036300446382397608,0.9848532676696778,-0.0006319023281603714,8.956674575805346,0.9776583865748406,-0.0,0.0,-0.0,0.0
2.109027,"[5.006863117218018, 4.5, 0.0]","[14.0026273727417, 4.5, 0.0]",0.0036426826861885165,1.001281499862671,0.0006319023974377894,8.976674079894304,0.981223223031438,-0.0,0.0,-0.0,0.0
2.129664,"[5.006790637969971, 4.5, 0.0]","[14.023709297180176, 4.5, 0.0]",0.0036300446388478217,1.0048989057540894,-0.0006319023670347439,8.995764255523364,0.9976388171764824,-0.0,0.0,-0.0,0.0
2.148743,"[5.006863594055176, 4.5, 0.0]","[14.043356895446777, 4.5, 0.0]",0.003642682685455779,1.0211496353149414,0.0006319023303978611,9.016918659209486,1.0012688611152416,-0.0,0.0,-0.0,0.0
2.168649,"[5.006791114807129, 4.5, 0.0]","[14.064197540283203, 4.5, 0.0]",0.0036300446374619385,1.0246490240097046,-0.0006319023996920192,9.036493301391282,1.0175069526294855,-0.0,0.0,-0.0,0.0
2.189289,"[5.006864070892334, 4.5, 0.0]","[14.084370613098145, 4.5, 0.0]",0.003642682684658453,1.04115629196167,0.0006319023598257319,9.057406425475351,1.0210189793722426,-0.0,0.0,-0.0,0.0
2.208917,"[5.006791591644287, 4.5, 0.0]","[14.104886054992676, 4.5, 0.0]",0.003630044637339117,1.044442892074585,-0.0006319023659668048,9.077506542205489,1.0375136092770114,-0.0,0.0,-0.0,0.0
2.227998,"[5.006864547729492, 4.5, 0.0]","[14.126446723937988, 4.5, 0.0]",0.0036426826846712263,1.0611380338668823,0.0006319023666054649,9.098094463347662,1.0408128474372458,-0.0,0.0,-0.0,0.0
2.248458,"[5.006792068481445, 4.5, 0.0]","[14.147987365722656, 4.5, 0.0]",0.0036300446373618957,1.0644904375076294,-0.0006319023654665322,9.119582176208173,1.0574953511822112,-0.0,0.0,-0.0,0.0
2.268466,"[5.00686502456665, 4.5, 0.0]","[14.170226097106934, 4.5, 0.0]",0.003642682684658534,1.0815004110336304,0.0006319023648319053,9.14119529724048,1.0608603928702676,-0.0,0.0,-0.0,0.0
2.289524,"[5.0067925453186035, 4.5, 0.0]","[14.191145896911621, 4.5, 0.0]",0.003630044637333286,1.0845637321472168,-0.00063190236626238,9.163361072539958,1.0778577283489719,-0.0,0.0,-0.0,0.0
2.308011,"[5.006865501403809, 4.5, 0.0]","[14.212483406066895, 4.5, 0.0]",0.0036426826846293475,1.101103663444519,0.0006319023648030655,9.184353351592284,1.0809336875098836,-0.0,0.0,-0.0,0.0
2.328339,"[5.006793022155762, 4.5, 0.0]","[14.235222816467285, 4.5, 0.0]",0.003630044637278608,1.1045433282852173,-0.000631902367536968,9.205617904662759,1.0974609807598896,-0.0,0.0,-0.0,0.0
2.348255,"[5.006865978240967, 4.5, 0.0]","[14.25769329071045, 4.5, 0.0]",0.0036426826846738367,1.12119722366333,0.0006319023697614256,9.228429794310786,1.1009132836479387,-0.0,0.0,-0.0,0.0
2.368531,"[5.00679349899292, 4.5, 0.0]","[14.2803955078125, 4.5, 0.0]",0.0036300446372837165,1.1246203184127808,-0.0006319023695060093,9.250827312469156,1.1175545409786563,-0.0,0.0,-0.0,0.0
2.389,"[5.006866455078125, 4.5, 0.0]","[14.302987098693848, 4.5, 0.0]",0.0036426826845895955,1.1413275003433228,0.0006319023652939489,9.27360200881884,1.120990273775497,-0.0,0.0,-0.0,0.0
2.408841,"[5.006793975830078, 4.5, 0.0]","[14.325397491455078, 4.5, 0.0]",0.0036300446372589936,1.1445661783218384,-0.0006319023665300912,9.296120643615394,1.137684817658733,-0.0,0.0,-0.0,0.0
2.427832,"[5.006866931915283, 4.5, 0.0]","[14.348933219909668, 4.5, 0.0]",0.0036426826847163044,1.1612482070922852,0.0006319023728655398,9.318603515624256,1.1409361336845794,-0.0,0.0,-0.0,0.0
2.448868,"[5.006794452667236, 4.5, 0.0]","[14.372732162475586, 4.5, 0.0]",0.003630044637359002,1.1647088527679443,-0.0006319023678651127,9.342066287994054,1.157605524407569,-0.0,0.0,-0.0,0.0
2.467681,"[5.006867408752441, 4.5, 0.0]","[14.395820617675781, 4.5, 0.0]",0.0036426826848673525,1.1812001466751099,0.0006319023754175132,9.365937709807602,1.1610788081305854,-0.0,0.0,-0.0,0.0
2.488653,"[5.0067949295043945, 4.5, 0.0]","[14.419475555419922, 4.5, 0.0]",0.0036300446372526268,1.1879327297210698,-0.0006319023807362838,9.388953208923008,1.1775574639902424,-0.0,0.0,-0.0,0.0
2.508755,"[5.0068678855896, 4.5, 0.0]","[14.442770957946777, 4.5, 0.0]",0.003642682684593016,1.1944643259048462,0.0006319023670194567,9.412680625914776,1.1843026850838172,-0.0,0.0,-0.0,0.0
2.527887,"[5.006795406341553, 4.5, 0.0]","[14.467216491699219, 4.5, 0.0]",0.003630044637416608,1.2111088037490845,-0.0006319023588203946,9.435903072356844,1.1908216432202532,-0.0,0.0,-0.0,0.0
2.548374,"[5.006868362426758, 4.5, 0.0]","[14.491838455200195, 4.5, 0.0]",0.0036426826846378568,1.2144919633865356,0.0006319023610624379,9.460421085356911,1.2074787591116678,-0.0,0.0,-0.0,0.0
2.569147,"[5.006795883178711, 4.5, 0.0]","[14.516359329223633, 4.5, 0.0]",0.0036300446374209596,1.2311670780181885,-0.0006319023608448602,9.484970092773102,1.2108492807018978,-0.0,0.0,-0.0,0.0
2.588908,"[5.006868839263916, 4.5, 0.0]","[14.540816307067871, 4.5, 0.0]",0.00364268268463955,1.2344828844070435,0.0006319023609295147,9.509563446044163,1.2275370333807676,-0.0,0.0,-0.0,0.0
2.608895,"[5.006796360015869, 4.5, 0.0]","[14.56540298461914, 4.5, 0.0]",0.003630044637290385,1.2511383295059204,-0.0006319023674582333,9.533947467803618,1.2308402017224038,-0.0,0.0,-0.0,0.0
2.629391,"[5.006869316101074, 4.5, 0.0]","[14.590825080871582, 4.5, 0.0]",0.0036426826845937185,1.2544411420822144,0.0006319023651666636,9.558606624602508,1.24750828486863,-0.0,0.0,-0.0,0.0
2.648435,"[5.006796836853027, 4.5, 0.0]","[14.616546630859375, 4.5, 0.0]",0.0036300446372703327,1.2711948156356812,-0.0006319023661692904,9.583955764770169,1.2507984593976207,-0.0,0.0,-0.0,0.0
2.66842,"[5.006869792938232, 4.5, 0.0]","[14.642023086547852, 4.5, 0.0]",0.0036426826847272835,1.2745188474655151,0.0006319023728475421,9.60974979400558,1.2675647709984108,-0.0,0.0,-0.0,0.0
2.690478,"[5.0067973136901855, 4.5, 0.0]","[14.66769790649414, 4.5, 0.0]",0.003630044637365827,1.2912541627883911,-0.0006319023680728241,9.635153293609278,1.2708761647807878,-0.0,0.0,-0.0,0.0
2.708217,"[5.006870269775391, 4.5, 0.0]","[14.693024635314941, 4.5, 0.0]",0.003642682684691517,1.2944746017456055,0.0006319023662844977,9.660900592803184,1.2876241181510253,-0.0,0.0,-0.0,0.0
2.728479,"[5.006797790527344, 4.5, 0.0]","[14.719508171081543, 4.5, 0.0]",0.0036300446372776324,1.311135172843933,-0.0006319023706942298,9.686154365539208,1.2908319190609139,-0.0,0.0,-0.0,0.0
2.748549,"[5.006870746612549, 4.5, 0.0]","[14.746082305908203, 4.5, 0.0]",0.0036426826845914685,1.3144965171813965,0.0006319023656918077,9.712710380553425,1.3075051282066554,-0.0,0.0,-0.0,0.0
2.77037,"[5.006798267364502, 4.5, 0.0]","[14.773945808410645, 4.5, 0.0]",0.0036300446373042773,1.3316776752471924,-0.0006319023643595618,9.73921155929531,1.310853834496805,-0.0,0.0,-0.0,0.0
2.788845,"[5.006871223449707, 4.5, 0.0]","[14.799105644226074, 4.5, 0.0]",0.003642682684639775,1.3345054388046265,0.0006319023667748823,9.767147541045363,1.328047630609888,-0.0,0.0,-0.0,0.0
2.808897,"[5.00679874420166, 4.5, 0.0]","[14.825636863708496, 4.5, 0.0]",0.0036300446372527734,1.3511407375335693,-0.0006319023693500793,9.79223442077602,1.3308627561199866,-0.0,0.0,-0.0,0.0
2.829237,"[5.006871700286865, 4.5, 0.0]","[14.853117942810059, 4.5, 0.0]",0.00364268268458645,1.3544670343399048,0.000631902366683831,9.818838119506053,1.3475106928963165,-0.0,0.0,-0.0,0.0
2.849254,"[5.006799221038818, 4.5, 0.0]","[14.880805015563965, 4.5, 0.0]",0.003630044637276929,1.371201753616333,-0.0006319023654760515,9.846246242522845,1.3508243516553184,-0.0,0.0,-0.0,0.0
2.868373,"[5.006872177124023, 4.5, 0.0]","[14.908284187316895, 4.5, 0.0]",0.0036426826846500952,1.3745276927947998,0.000631902368658315,9.874005794524358,1.367571708979056,-0.0,0.0,-0.0,0.0
2.888749,"[5.006799697875977, 4.5, 0.0]","[14.935765266418457, 4.5, 0.0]",0.0036300446372766284,1.3911871910095215,-0.000631902368673342,9.901412010192521,1.3708850101101497,-0.0,0.0,-0.0,0.0
2.909484,"[5.006872653961182, 4.5, 0.0]","[14.963308334350586, 4.5, 0.0]",0.0036426826846171095,1.3978275060653687,0.0006319023670240537,9.928965568541688,1.387557146372245,-0.0,0.0,-0.0,0.0
2.927951,"[5.006800174713135, 4.5, 0.0]","[14.991750717163086, 4.5, 0.0]",0.0036300446372531394,1.4078072309494019,-0.0006319023681985048,9.95643568038905,1.3941848233807514,-0.0,0.0,-0.0,0.0
2.948722,"[5.00687313079834, 4.5, 0.0]","[15.020339012145996, 4.5, 0.0]",0.0036426826846023704,1.417838215827942,0.0006319023674615509,9.984950542449154,1.4041771863121486,-0.0,0.0,-0.0,0.0
2.968168,"[5.006800651550293, 4.5, 0.0]","[15.048702239990234, 4.5, 0.0]",0.003630044637314411,1.4277902841567993,-0.0006319023643979642,10.013465881347301,1.4141955331433396,-0.0,0.0,-0.0,0.0
2.990125,"[5.006873607635498, 4.5, 0.0]","[15.077470779418945, 4.5, 0.0]",0.003642682684769302,1.4378845691680908,0.0006319023727445429,10.04190158843914,1.424160239519485,-0.0,0.0,-0.0,0.0
3.009624,"[5.006801128387451, 4.5, 0.0]","[15.106451988220215, 4.5, 0.0]",0.003630044637519415,1.4480063915252686,-0.0006319023624943437,10.07059717178309,1.4342418864833215,-0.0,0.0,-0.0,0.0
3.028822,"[5.006874084472656, 4.5, 0.0]","[15.136003494262695, 4.5, 0.0]",0.0036426826846601193,1.4580239057540894,0.0006319023570352123,10.099650859831957,1.444376346887749,-0.0,0.0,-0.0,0.0
3.048924,"[5.006801605224609, 4.5, 0.0]","[15.165191650390625, 4.5, 0.0]",0.003630044637302521,1.467918038368225,-0.0006319023678799229,10.12912940978968,1.4543812230694293,-0.0,0.0,-0.0,0.0
3.068546,"[5.0068745613098145, 4.5, 0.0]","[15.194413185119629, 4.5, 0.0]",0.003642682684587211,1.4778237342834473,0.0006319023642345099,10.158390045165206,1.4642879937309226,-0.0,0.0,-0.0,0.0
3.088916,"[5.006802082061768, 4.5, 0.0]","[15.2239351272583, 4.5, 0.0]",0.0036300446372553377,1.4878311157226562,-0.0006319023665936688,10.187538623809454,1.47418105159886,-0.0,0.0,-0.0,0.0
3.108305,"[5.006875038146973, 4.5, 0.0]","[15.253478050231934, 4.5, 0.0]",0.0036426826846868935,1.4978070259094238,0.0006319023715777895,10.217133045195718,1.484201071085401,-0.0,0.0,-0.0,0.0
3.128246,"[5.006802558898926, 4.5, 0.0]","[15.283954620361328, 4.5, 0.0]",0.003630044637340312,1.5077993869781494,-0.0006319023673290831,10.246603012084599,1.494164343224737,-0.0,0.0,-0.0,0.0
3.148312,"[5.006875514984131, 4.5, 0.0]","[15.314574241638184, 4.5, 0.0]",0.003642682684666039,1.517838478088379,0.0006319023662863625,10.277152061461582,1.5041693423408091,-0.0,0.0,-0.0,0.0
3.167844,"[5.006803035736084, 4.5, 0.0]","[15.344915390014648, 4.5, 0.0]",0.0036300446372838427,1.5277864933013916,-0.0006319023691098201,10.307698726653687,1.5141957954037129,-0.0,0.0,-0.0,0.0
3.189619,"[5.006875991821289, 4.5, 0.0]","[15.375783920288086, 4.5, 0.0]",0.0036426826845867297,1.5379072427749634,0.0006319023651443507,10.338112354277738,1.5241564486641077,-0.0,0.0,-0.0,0.0
3.208784,"[5.006803512573242, 4.5, 0.0]","[15.406036376953125, 4.5, 0.0]",0.003630044637291646,1.547789454460144,-0.0006319023647541897,10.36890792846643,1.5342645600903766,-0.0,0.0,-0.0,0.0
3.228369,"[5.006876468658447, 4.5, 0.0]","[15.437799453735352, 4.5, 0.0]",0.003642682684637959,1.5578728914260864,0.0006319023673156607,10.399232864379053,1.5441594098228524,-0.0,0.0,-0.0,0.0
3.248611,"[5.0068039894104, 4.5, 0.0]","[15.469042778015137, 4.5, 0.0]",0.0036300446373347547,1.5677913427352905,-0.0006319023651602234,10.430922985076535,1.5542302087414486,-0.0,0.0,-0.0,0.0
3.268921,"[5.0068769454956055, 4.5, 0.0]","[15.50057601928711, 4.5, 0.0]",0.0036426826845890204,1.577802062034607,0.0006319023627132875,10.462238788603901,1.5641612980979558,-0.0,0.0,-0.0,0.0
3.294994,"[5.006804466247559, 4.5, 0.0]","[15.532185554504395, 4.5, 0.0]",0.003630044637248716,1.587836623191834,-0.0006319023670152283,10.493699073791133,1.574159379350018,-0.0,0.0,-0.0,0.0
3.308123,"[5.006877422332764, 4.5, 0.0]","[15.563718795776367, 4.5, 0.0]",0.0036426826846299963,1.597810983657837,0.0006319023690640234,10.525381088255996,1.5842065785545851,-0.0,0.0,-0.0,0.0
3.328527,"[5.006804943084717, 4.5, 0.0]","[15.596330642700195, 4.5, 0.0]",0.003630044637288257,1.6111785173416138,-0.0006319023670869591,10.55684137344323,1.5941683009732068,-0.0,0.0,-0.0,0.0
3.349212,"[5.006877899169922, 4.5, 0.0]","[15.629058837890625, 4.5, 0.0]",0.0036426826846139475,1.6145821809768677,0.0006319023662845194,10.589525699614633,1.6075484727043254,-0.0,0.0,-0.0,0.0
3.368124,"[5.006805419921875, 4.5, 0.0]","[15.661161422729492, 4.5, 0.0]",0.003630044637252282,1.6311266422271729,-0.0006319023680832758,10.622180938720327,1.6109394982922538,-0.0,0.0,-0.0,0.0
3.389002,"[5.00687837600708, 4.5, 0.0]","[15.693801879882812, 4.5, 0.0]",0.0036426826845893795,1.6345031261444092,0.0006319023668548748,10.654356002806766,1.6274965975899205,-0.0,0.0,-0.0,0.0
3.408881,"[5.006805896759033, 4.5, 0.0]","[15.726383209228516, 4.5, 0.0]",0.0036300446372505616,1.6511592864990234,-0.0006319023669408954,10.686923503875354,1.6308604434598197,-0.0,0.0,-0.0,0.0
3.428483,"[5.006878852844238, 4.5, 0.0]","[15.759748458862305, 4.5, 0.0]",0.0036426826845876543,1.6544523239135742,0.0006319023668546362,10.719577312468626,1.6475292418617729,-0.0,0.0,-0.0,0.0
3.4484,"[5.006806373596191, 4.5, 0.0]","[15.793484687805176, 4.5, 0.0]",0.0036300446372601342,1.671189546585083,-0.0006319023663760043,10.752869606017686,1.6508096412289865,-0.0,0.0,-0.0,0.0
3.468421,"[5.0068793296813965, 4.5, 0.0]","[15.82692813873291, 4.5, 0.0]",0.0036426826845975657,1.6745058298110962,0.0006319023668715715,10.786678314208123,1.6675595019478229,-0.0,0.0,-0.0,0.0
3.488768,"[5.00680685043335, 4.5, 0.0]","[15.860496520996094, 4.5, 0.0]",0.0036300446372616577,1.6911929845809937,-0.0006319023667953954,10.82004880905113,1.6708631471264985,-0.0,0.0,-0.0,0.0
3.508657,"[5.006879806518555, 4.5, 0.0]","[15.893898010253906, 4.5, 0.0]",0.0036426826846057774,1.6944632530212402,0.0006319023672059828,10.853689670561877,1.687562939943732,-0.0,0.0,-0.0,0.0
3.530472,"[5.006807327270508, 4.5, 0.0]","[15.928305625915527, 4.5, 0.0]",0.0036300446372519325,1.7111029624938965,-0.0006319023676922475,10.887018203734966,1.6908205703366344,-0.0,0.0,-0.0,0.0
3.548389,"[5.006880283355713, 4.5, 0.0]","[15.962904930114746, 4.5, 0.0]",0.003642682684651878,1.7144651412963867,0.000631902369997283,10.921498298644147,1.7074729178566446,-0.0,0.0,-0.0,0.0
3.568354,"[5.006807804107666, 4.5, 0.0]","[15.9981107711792, 4.5, 0.0]",0.0036300446373019658,1.7313365936279297,-0.0006319023674956166,10.956024646758646,1.7108224586117349,-0.0,0.0,-0.0,0.0
3.589995,"[5.006880760192871, 4.5, 0.0]","[16.03199577331543, 4.5, 0.0]",0.0036426826845860063,1.7344915866851807,0.0006319023642020272,10.991302967070656,1.7277065489906278,-0.0,0.0,-0.0,0.0
3.608085,"[5.006808280944824, 4.5, 0.0]","[16.066516876220703, 4.5, 0.0]",0.0036300446372631565,1.751131296157837,-0.0006319023661424889,11.025115013122168,1.7308489040005948,-0.0,0.0,-0.0,0.0
3.628883,"[5.006881237030029, 4.5, 0.0]","[16.102109909057617, 4.5, 0.0]",0.00364268268458858,1.7544909715652468,0.000631902366271162,11.059708595274996,1.7475012515205737,-0.0,0.0,-0.0,0.0
3.648529,"[5.006808757781982, 4.5, 0.0]","[16.1376953125, 4.5, 0.0]",0.003630044637248315,1.7711817026138306,-0.0006319023670132333,11.095228672027195,1.7508482888806582,-0.0,0.0,-0.0,0.0
3.668296,"[5.0068817138671875, 4.5, 0.0]","[16.1737060546875, 4.5, 0.0]",0.0036426826845854534,1.7746587991714478,0.0006319023668569131,11.13088655471713,1.7675516579765822,-0.0,0.0,-0.0,0.0
3.689183,"[5.006809234619141, 4.5, 0.0]","[16.209379196166992, 4.5, 0.0]",0.0036300446372565915,1.7913744449615479,-0.0006319023664430948,11.166824340819916,1.7710161164868623,-0.0,0.0,-0.0,0.0
3.708796,"[5.006882190704346, 4.5, 0.0]","[16.24391746520996, 4.5, 0.0]",0.003642682684591101,1.7944068908691406,0.0006319023667254861,11.202569961546958,1.7877444003242913,-0.0,0.0,-0.0,0.0
3.728264,"[5.006809711456299, 4.5, 0.0]","[16.281259536743164, 4.5, 0.0]",0.003630044637264745,1.811303973197937,-0.0006319023663178044,11.237035274505217,1.7907642081845496,-0.0,0.0,-0.0,0.0
3.749002,"[5.006882667541504, 4.5, 0.0]","[16.317325592041016, 4.5, 0.0]",0.0036426826845948677,1.8145185708999634,0.0006319023665061303,11.274449825285965,1.8076739285606722,-0.0,0.0,-0.0,0.0
3.767666,"[5.006810188293457, 4.5, 0.0]","[16.35354232788086, 4.5, 0.0]",0.0036300446372596585,1.831107258796692,-0.0006319023667604624,11.31044292449911,1.8108758882153686,-0.0,0.0,-0.0,0.0
3.794465,"[5.006883144378662, 4.5, 0.0]","[16.39040184020996, 4.5, 0.0]",0.003642682684604108,1.8345390558242798,0.0006319023672224843,11.346732139586496,1.8274772141594322,-0.0,0.0,-0.0,0.0
3.808228,"[5.006810665130615, 4.5, 0.0]","[16.4267520904541, 4.5, 0.0]",0.0036300446372534672,1.8511337041854858,-0.0006319023675320458,11.383518695830896,1.8308963731396757,-0.0,0.0,-0.0,0.0
3.829161,"[5.00688362121582, 4.5, 0.0]","[16.46430778503418, 4.5, 0.0]",0.0036426826845924196,1.8544822931289673,0.0006319023669476174,11.419941425322575,1.8475036595482324,-0.0,0.0,-0.0,0.0
3.848303,"[5.006811141967773, 4.5, 0.0]","[16.501934051513672, 4.5, 0.0]",0.0036300446372484105,1.8711823225021362,-0.0006319023672004534,11.457424163817954,1.850839610444375,-0.0,0.0,-0.0,0.0
3.868278,"[5.0068840980529785, 4.5, 0.0]","[16.539278030395508, 4.5, 0.0]",0.003642682684631766,1.8778074979782104,0.0006319023691677816,11.49512290954498,1.8675522778648879,-0.0,0.0,-0.0,0.0
3.889354,"[5.006811618804932, 4.5, 0.0]","[16.57687759399414, 4.5, 0.0]",0.003630044637289402,1.887833833694458,-0.0006319023671182058,11.53239393234212,1.8741648152935786,-0.0,0.0,-0.0,0.0
3.908735,"[5.006884574890137, 4.5, 0.0]","[16.614486694335938, 4.5, 0.0]",0.0036426826846258638,1.897831916809082,0.000631902366823086,11.570065975188285,1.8842037890571686,-0.0,0.0,-0.0,0.0
3.928458,"[5.00681209564209, 4.5, 0.0]","[16.652835845947266, 4.5, 0.0]",0.0036300446372585404,1.9077928066253662,-0.0006319023683661659,11.60760211944539,1.8941892341244562,-0.0,0.0,-0.0,0.0
3.949373,"[5.006885051727295, 4.5, 0.0]","[16.691574096679688, 4.5, 0.0]",0.0036426826845931365,1.9178546667099,0.0006319023667298012,11.646023750304247,1.9041627619881076,-0.0,0.0,-0.0,0.0
3.968936,"[5.006812572479248, 4.5, 0.0]","[16.73076057434082, 4.5, 0.0]",0.0036300446372482926,1.928033113479615,-0.0006319023672421951,11.684689044951979,1.9142119840253067,-0.0,0.0,-0.0,0.0
3.988956,"[5.006885528564453, 4.5, 0.0]","[16.768447875976562, 4.5, 0.0]",0.003642682684620354,1.9378219842910769,0.000631902368603064,11.723948001860636,1.9244030688423666,-0.0,0.0,-0.0,0.0
4.009373,"[5.006813049316406, 4.5, 0.0]","[16.806884765625, 4.5, 0.0]",0.003630044637276565,1.9477765560150146,-0.0006319023671894379,11.761562347411694,1.9341793016064566,-0.0,0.0,-0.0,0.0
4.028123,"[5.006886005401611, 4.5, 0.0]","[16.84638023376465, 4.5, 0.0]",0.00364268268461705,1.957775592803955,0.0006319023670242488,11.800071716307652,1.944146511377738,-0.0,0.0,-0.0,0.0
4.048565,"[5.0068135261535645, 4.5, 0.0]","[16.886171340942383, 4.5, 0.0]",0.003630044637253119,1.9678494930267334,-0.0006319023681965533,11.839494228362618,1.954132910119338,-0.0,0.0,-0.0,0.0
4.068635,"[5.0068864822387695, 4.5, 0.0]","[16.925731658935547, 4.5, 0.0]",0.022410234436397572,1.9778645038604739,0.9390094899572227,11.87935781478787,1.9642194483894804,0.4714561998844147,0.0,0.4714561998844147,0.0
4.091198,"[5.006814002990723, 4.5, 0.0]","[16.966943740844727, 4.5, 0.0]",0.04847504943609753,1.9882980585098269,1.303240749984998,11.918845176696355,1.9554542694240762,0.47190040349960327,0.0,0.47190040349960327,0.0
4.108109,"[5.007262229919434, 4.5, 0.0]","[17.004623413085938, 4.5, 0.0]",0.07453986257316278,1.9978082180023193,1.3032406568532624,11.96012973785305,1.9398230090737294,0.47190040349960327,0.0,0.47190040349960327,0.0
4.12801,"[5.0082316398620605, 4.5, 0.0]","[17.044937133789062, 4.5, 0.0]",0.10072537511592285,2.0077619552612305,1.3092756271380033,11.997361183164802,1.9232683554291565,0.4740854352712631,0.0,0.4740854352712631,0.0
4.149043,"[5.0097222328186035, 4.5, 0.0]","[17.085542678833008, 4.5, 0.0]",0.12717252969749152,2.0177881717681885,1.3223577290784334,12.036705493925295,1.9070365801453075,0.4788227379322052,0.0,0.4788227379322052,0.0
4.168168,"[5.011736869812012, 4.5, 0.0]","[17.12607765197754, 4.5, 0.0]",0.153792262077381,2.027796745300293,1.3309866189944743,12.075820446011729,1.890615642070697,0.481947585940361,0.0,0.481947585940361,0.0
4.188933,"[5.014280319213867, 4.5, 0.0]","[17.16676139831543, 4.5, 0.0]",0.18061006069186286,2.037841796875,1.340889930724093,12.114340782165527,1.874004483222912,0.4855326935648918,0.0,0.4855326935648918,0.0
4.209992,"[5.0173563957214355, 4.5, 0.0]","[17.207561492919922, 4.5, 0.0]",0.20763522386554945,2.0478861331939697,1.351258158684329,12.152481079100593,1.8572317361831372,0.48928745090961456,0.0,0.48928745090961456,0.0
4.22891,"[5.020968437194824, 4.5, 0.0]","[17.249027252197266, 4.5, 0.0]",0.2348772883415631,2.0578777790069585,1.3621032238006827,12.190205097197513,1.8402509093284203,0.49321457743644714,0.0,0.49321457743644714,0.0
4.248731,"[5.025121212005615, 4.5, 0.0]","[17.29036521911621, 4.5, 0.0]",0.2606348395347955,2.067838668823242,1.2878775596616197,12.228058815002008,1.8230004906653954,0.4663373529911041,0.0,0.4663373529911041,0.0
4.268193,"[5.029818534851074, 4.5, 0.0]","[17.331981658935547, 4.5, 0.0]",0.28662282228471203,2.0778667926788335,1.299399137495827,12.265244007110487,1.8072038292884467,0.47050841152668,0.0,0.47050841152668,0.0
4.288976,"[5.035031318664551, 4.5, 0.0]","[17.37338638305664, 4.5, 0.0]",0.3128290772438082,2.091177225112915,1.3103127479548087,12.302163124084037,1.7912439703941214,0.47446146607398987,0.0,0.47446146607398987,0.0
4.308197,"[5.040763854980469, 4.5, 0.0]","[17.41486358642578, 4.5, 0.0]",0.33924049139022877,2.0944771766662598,1.3205707073210282,12.33835506439198,1.7783481478691068,0.478176511824131,0.0,0.478176511824131,0.0
4.328411,"[5.047020435333252, 4.5, 0.0]","[17.45732307434082, 4.5, 0.0]",0.3658505082130448,2.1111345291137695,1.3305008411408026,12.374099731445202,1.755236685276031,0.48177193850278854,0.0,0.48177193850278854,0.0
4.348682,"[5.053805351257324, 4.5, 0.0]","[17.499988555908203, 4.5, 0.0]",0.3910169005393995,2.114506483078003,1.258319616317735,12.410302639007568,1.7452840209007248,0.45563526451587677,0.0,0.45563526451587677,0.0
4.367946,"[5.061122417449951, 4.5, 0.0]","[17.5422420501709, 4.5, 0.0]",0.41637283563614225,2.131115674972534,1.267796754837136,12.446183204650879,1.7234895825386034,0.4590655118227005,0.0,0.4590655118227005,0.0
4.388783,"[5.068942546844482, 4.5, 0.0]","[17.584880828857422, 4.5, 0.0]",0.44190496206284374,2.134481430053711,1.2766063213350747,12.481119632720505,1.714742839336392,0.4622569680213928,0.0,0.4622569680213928,0.0
4.410483,"[5.077270030975342, 4.5, 0.0]","[17.627840042114258, 4.5, 0.0]",0.46760171651842597,2.1512277126312256,1.2848377227791112,12.515938282010167,1.6925764679908673,0.46523720026016235,0.0,0.46523720026016235,0.0
4.428763,"[5.086108207702637, 4.5, 0.0]","[17.670995712280273, 4.5, 0.0]",0.4934530854225821,2.1544814109802246,1.2925684452078061,12.550570011137136,1.6836259961127995,0.46803563833236694,0.0,0.46803563833236694,0.0
4.448887,"[5.095460414886475, 4.5, 0.0]","[17.71562957763672, 4.5, 0.0]",0.5174947977067021,2.1714091300964355,1.2020856142060026,12.584887504575851,1.6610283255576426,0.43527305126190186,0.0,0.43527305126190186,0.0
4.468374,"[5.105329513549805, 4.5, 0.0]","[17.75806427001953, 4.5, 0.0]",0.541695952415564,2.17449688911438,1.210057735443093,12.620169162748454,1.6539143323897334,0.4381592944264412,0.0,0.4381592944264412,0.0
4.48924,"[5.1156792640686035, 4.5, 0.0]","[17.802494049072266, 4.5, 0.0]",0.5660427808762364,2.191377878189087,1.2173414230336188,12.652734756469279,1.6328009366988159,0.44079452753067017,0.0,0.44079452753067017,0.0
4.509258,"[5.1265130043029785, 4.5, 0.0]","[17.845182418823242, 4.5, 0.0]",0.5905302762985731,2.1944973468780518,1.2243747711168373,12.686814785003213,1.6253350973128504,0.44334370642900467,0.0,0.44334370642900467,0.0
4.52846,"[5.137834072113037, 4.5, 0.0]","[17.889646530151367, 4.5, 0.0]",0.6151548624039075,2.2111563682556152,1.2312293052667178,12.718669414520264,1.6039670705794786,0.4458249732851982,0.0,0.4458249732851982,0.0
4.548445,"[5.14964485168457, 4.5, 0.0]","[17.93428611755371, 4.5, 0.0]",0.6382635831833187,2.2145206928253174,1.1554360389705587,12.751812458038216,1.5960015058517079,0.4183802008628845,0.0,0.4183802008628845,0.0
4.568005,"[5.161947727203369, 4.5, 0.0]","[17.979324340820312, 4.5, 0.0]",0.6615086793899797,2.231308937072754,1.1622548103330521,12.78464126586914,1.5762571096419986,0.4208507388830185,0.0,0.4208507388830185,0.0
4.590355,"[5.174713134765625, 4.5, 0.0]","[18.02323341369629, 4.5, 0.0]",0.6848891973495801,2.234508991241455,1.1690258979800194,12.817376613616489,1.569800257682774,0.42330365628004074,0.0,0.42330365628004074,0.0
4.608145,"[5.187943458557129, 4.5, 0.0]","[18.067567825317383, 4.5, 0.0]",0.7083979845047309,2.2511136531829834,1.1754393577575406,12.84852027893021,1.549619793891875,0.42562197893857956,0.0,0.42562197893857956,0.0
4.629319,"[5.201641082763672, 4.5, 0.0]","[18.113258361816406, 4.5, 0.0]",0.7320352792740176,2.254488468170166,1.1818647384643333,12.87962436676014,1.5427156686782526,0.427950844168663,0.0,0.427950844168663,0.0
4.648456,"[5.215808868408203, 4.5, 0.0]","[18.158802032470703, 4.5, 0.0]",0.7546733617782955,2.271165370941162,1.131904125213895,12.911617279050903,1.5224531888961486,0.409858338534832,0.0,0.409858338534832,0.0
4.668168,"[5.230449676513672, 4.5, 0.0]","[18.204153060913086, 4.5, 0.0]",0.7774430513382328,2.274465322494507,1.138484477996865,12.942993164062385,1.5164920091628666,0.4122423380613327,0.0,0.4122423380613327,0.0
4.688617,"[5.245543003082275, 4.5, 0.0]","[18.249814987182617, 4.5, 0.0]",0.8003386259079298,2.291168212890625,1.144778728484852,12.973703384399299,1.4970222711562742,0.41452277451753616,0.0,0.41452277451753616,0.0
4.708176,"[5.261091709136963, 4.5, 0.0]","[18.295326232910156, 4.5, 0.0]",0.8233553171158222,2.294478416442871,1.1508345603946202,13.004271984099882,1.490829586982695,0.4167138785123825,0.0,0.4167138785123825,0.0
4.728094,"[5.277098655700684, 4.5, 0.0]","[18.341760635375977, 4.5, 0.0]",0.846488833427466,2.311131477355957,1.1566758155821866,13.034234523771344,1.4711230993270488,0.4188288375735283,0.0,0.4188288375735283,0.0
4.748671,"[5.29356575012207, 4.5, 0.0]","[18.388471603393555, 4.5, 0.0]",0.8685220479965587,2.314509630203247,1.1016607284546398,13.064661979675178,1.464642643928491,0.3989100083708763,0.0,0.3989100083708763,0.0
4.771147,"[5.310495376586914, 4.5, 0.0]","[18.43559455871582, 4.5, 0.0]",0.8906806707382512,2.331310749053955,1.1079311370846223,13.094905853271484,1.4459875822066883,0.40117885917425156,0.0,0.40117885917425156,0.0
4.788987,"[5.3278656005859375, 4.5, 0.0]","[18.481529235839844, 4.5, 0.0]",0.9129606485367208,2.337855815887451,1.1139988899234787,13.12509918212844,1.4406300783157038,0.40337491780519485,0.0,0.40337491780519485,0.0
4.808735,"[5.34567928314209, 4.5, 0.0]","[18.528146743774414, 4.5, 0.0]",0.9353581666946766,2.34785532951355,1.1198759078977938,13.15366363525344,1.4248951673507304,0.4055047780275345,0.0,0.4055047780275345,0.0
4.828747,"[5.363938331604004, 4.5, 0.0]","[18.575626373291016, 4.5, 0.0]",0.9578701257705998,2.357851028442383,1.1255979537961591,13.182467460631857,1.4124971628188732,0.4075748100876808,0.0,0.4075748100876808,0.0
4.848603,"[5.382645606994629, 4.5, 0.0]","[18.623064041137695, 4.5, 0.0]",0.9791325330734665,2.36783766746521,1.063120365143333,13.211688041686545,1.3999809026717829,0.3849519044160843,0.0,0.3849519044160843,0.0
4.869485,"[5.401803016662598, 4.5, 0.0]","[18.670597076416016, 4.5, 0.0]",1.000512957572985,2.37784481048584,1.0690212249759246,13.240418434142597,1.3887051343917434,0.38708943873643875,0.0,0.38708943873643875,0.0
4.889644,"[5.421385765075684, 4.5, 0.0]","[18.719118118286133, 4.5, 0.0]",1.0220021009445779,2.3880598545074463,1.0744571685796456,13.268794059752947,1.3773318529128549,0.38905780762434006,0.0,0.38905780762434006,0.0
4.908845,"[5.441396236419678, 4.5, 0.0]","[18.765762329101562, 4.5, 0.0]",1.0435522794724084,2.3978545665740967,1.0775089263915238,13.297732353209978,1.3660577535628684,0.3901662304997444,0.0,0.3901662304997444,0.0
4.92849,"[5.461836338043213, 4.5, 0.0]","[18.81400489807129, 4.5, 0.0]",1.0652555227280134,2.407801628112793,1.085162162780251,13.324366092681412,1.3543022871016883,0.3929334133863449,0.0,0.3929334133863449,0.0
4.948817,"[5.482707500457764, 4.5, 0.0]","[18.863759994506836, 4.5, 0.0]",1.08584964275365,2.4180603027343754,1.029706001281827,13.352168560027957,1.3425461053847796,0.37285733968019485,0.0,0.37285733968019485,0.0
4.967864,"[5.504012584686279, 4.5, 0.0]","[18.910934448242188, 4.5, 0.0]",1.106550097465573,2.4277870655059814,1.0350227355961583,13.381052494048953,1.3322106599807255,0.3747805207967758,0.0,0.3747805207967758,0.0
4.990268,"[5.525729656219482, 4.5, 0.0]","[18.9604434967041, 4.5, 0.0]",1.1273568868637605,2.437995195388794,1.0403394699093682,13.406921863555434,1.3212369680404084,0.3767037019133568,0.0,0.3767037019133568,0.0
5.009324,"[5.547860622406006, 4.5, 0.0]","[19.008237838745117, 4.5, 0.0]",1.1482628583908578,2.4478256702423096,1.0452985763548694,13.434713840484143,1.3106383085250335,0.37850331515073776,0.0,0.37850331515073776,0.0
5.029955,"[5.570407867431641, 4.5, 0.0]","[19.058778762817383, 4.5, 0.0]",1.1692694425583443,2.458035707473755,1.0503292083743232,13.460377216338635,1.2995628118514517,0.38031991571187973,0.0,0.38031991571187973,0.0
5.04848,"[5.5933732986450195, 4.5, 0.0]","[19.107370376586914, 4.5, 0.0]",1.1892265081406237,2.4678523540496826,0.9978532791139694,13.488370895385264,1.2887662649154106,0.3613177686929703,0.0,0.3613177686929703,0.0
5.069823,"[5.616758823394775, 4.5, 0.0]","[19.157108306884766, 4.5, 0.0]",1.2092870473862325,2.477900505065918,1.00302696228044,13.513997077941417,1.278625845909059,0.3631972149014473,0.0,0.3631972149014473,0.0
5.088864,"[5.640543460845947, 4.5, 0.0]","[19.20647430419922, 4.5, 0.0]",1.229445815086436,2.4878733158111572,1.0079383850101764,13.54034948348951,1.2686134576796855,0.36497391760349274,0.0,0.36497391760349274,0.0
5.108506,"[5.664729118347168, 4.5, 0.0]","[19.255840301513672, 4.5, 0.0]",1.2496980428696403,2.4978227615356445,1.0126113891602118,13.565930843352792,1.2584275007247212,0.36666229367256165,0.0,0.36666229367256165,0.0
5.128151,"[5.6893181800842285, 4.5, 0.0]","[19.30611801147461, 4.5, 0.0]",1.2700461149216618,2.5077788829803467,1.0174036026010747,13.591111183166023,1.2481247186660043,0.3683973476290703,0.0,0.3683973476290703,0.0
5.148628,"[5.7143120765686035, 4.5, 0.0]","[19.35709571838379, 4.5, 0.0]",1.2891949415207762,2.517873764038086,0.9574413299557216,13.6167998313899,1.237732768058685,0.34668684005737305,0.0,0.34668684005737305,0.0
5.168404,"[5.739713191986084, 4.5, 0.0]","[19.40738868713379, 4.5, 0.0]",1.3084396123886732,2.527832508087158,0.9622335433948526,13.642783641815065,1.2286788225173098,0.34842465072870255,0.0,0.34842465072870255,0.0
5.188987,"[5.765497207641602, 4.5, 0.0]","[19.458049774169922, 4.5, 0.0]",1.3277372121811475,2.5378644466400146,0.9648799896237126,13.667675495147222,1.219392895698485,0.3493838757276535,0.0,0.3493838757276535,0.0
5.207999,"[5.791666030883789, 4.5, 0.0]","[19.50826644897461, 4.5, 0.0]",1.347125887870853,2.551119565963745,0.9694337844852741,13.6925525665282,1.2101272344588672,0.3510257229208946,0.0,0.3510257229208946,0.0
5.228499,"[5.818220615386963, 4.5, 0.0]","[19.559919357299805, 4.5, 0.0]",1.3666385412216542,2.5544822216033936,0.9756326675400606,13.716600418090698,1.2039936780928922,0.353277288377285,0.0,0.353277288377285,0.0
5.248699,"[5.845163345336914, 4.5, 0.0]","[19.611703872680664, 4.5, 0.0]",1.3854130506515894,2.571204423904419,0.9387254714967597,13.74169874191272,1.1878436803817394,0.33991169184446335,0.0,0.33991169184446335,0.0
5.26829,"[5.872496128082275, 4.5, 0.0]","[19.662752151489258, 4.5, 0.0]",1.4043134450912849,2.57444977760315,0.9450197219847745,13.76654052734375,1.1857913732528296,0.3421928361058235,0.0,0.3421928361058235,0.0
5.288831,"[5.900204181671143, 4.5, 0.0]","[19.714597702026367, 4.5, 0.0]",1.4233001470566295,2.591184139251709,0.9493350982672344,13.79025602340686,1.170136332511865,0.34374937415122986,0.0,0.34374937415122986,0.0
5.308579,"[5.928290367126465, 4.5, 0.0]","[19.7661190032959, 4.5, 0.0]",1.4423712491989635,2.5944981575012207,0.9535551071166992,13.814393520355102,1.1678839921950794,0.3452768921852112,0.0,0.3452768921852112,0.0
5.327844,"[5.956756591796875, 4.5, 0.0]","[19.818445205688477, 4.5, 0.0]",1.461518168449449,2.6111321449279785,0.9573459625242697,13.837828636169434,1.1521269083022572,0.34665659070014954,0.0,0.34665659070014954,0.0
5.348736,"[5.9856038093566895, 4.5, 0.0]","[19.871246337890625, 4.5, 0.0]",1.479869604110774,2.614522695541382,0.9175717830662511,13.861688613890495,1.1496139764785296,0.33224843442440033,0.0,0.33224843442440033,0.0
5.368049,"[6.014834403991699, 4.5, 0.0]","[19.923521041870117, 4.5, 0.0]",1.4983031749725977,2.6311466693878174,0.9216785430911867,13.885642528533936,1.1346530914306079,0.333733968436718,0.0,0.333733968436718,0.0
5.389023,"[6.044431686401367, 4.5, 0.0]","[19.97609519958496, 4.5, 0.0]",1.516818284988469,2.634493827819824,0.925755500793568,13.908686637877926,1.1328434944152197,0.33521488308906555,0.0,0.33521488308906555,0.0
5.409126,"[6.074397563934326, 4.5, 0.0]","[20.02890396118164, 4.5, 0.0]",1.5354082584381799,2.6511969566345215,0.9294986724855403,13.9316635131831,1.1176755428313552,0.336567685008049,0.0,0.336567685008049,0.0
5.428827,"[6.104733943939209, 4.5, 0.0]","[20.08232879638672, 4.5, 0.0]",1.5540735721588894,2.6545157432556152,0.9332656860354782,13.95450639724719,1.1157886981963416,0.337933674454689,0.0,0.337933674454689,0.0
5.448358,"[6.13544225692749, 4.5, 0.0]","[20.13593292236328, 4.5, 0.0]",1.5717785358429628,2.6712024211883545,0.8852481842036686,13.977594852447014,1.1004421710967258,0.3205471858382225,0.0,0.3205471858382225,0.0
5.467935,"[6.1665239334106445, 4.5, 0.0]","[20.18889808654785, 4.5, 0.0]",1.5895602703095169,2.674435377120972,0.8890867233277033,14.000490665435295,1.0994238853453917,0.32193657010793686,0.0,0.32193657010793686,0.0
5.490209,"[6.1979594230651855, 4.5, 0.0]","[20.243412017822266, 4.5, 0.0]",1.6074197292328698,2.6912920475006104,0.8929729461676472,14.02237415313671,1.0848751068114553,0.32334618270397186,0.0,0.32334618270397186,0.0
5.508566,"[6.229750633239746, 4.5, 0.0]","[20.296226501464844, 4.5, 0.0]",1.6253511905671159,2.6944754123687744,0.8965730667123029,14.045452594756583,1.0838723182677406,0.3246491029858589,0.0,0.3246491029858589,0.0
5.528289,"[6.261898994445801, 4.5, 0.0]","[20.3507022857666, 4.5, 0.0]",1.6433565616608903,2.7111382484436035,0.9002685546887212,14.06647586822198,1.0691242218016586,0.3259830176830292,0.0,0.3259830176830292,0.0
5.548537,"[6.294405937194824, 4.5, 0.0]","[20.4055233001709, 4.5, 0.0]",1.6604278087617121,2.714529514312744,0.8535623550410931,14.088803291318802,1.0677816867827132,0.30907656997442245,0.0,0.30907656997442245,0.0
5.569303,"[6.327272891998291, 4.5, 0.0]","[20.459590911865234, 4.5, 0.0]",1.677576780319339,2.7311174869537354,0.8574485778813479,14.111117362974072,1.054101705551032,0.3104773722589016,0.0,0.3104773722589016,0.0
5.59095,"[6.360481262207031, 4.5, 0.0]","[20.51460075378418, 4.5, 0.0]",1.6947977542878527,2.7345440387725835,0.8610486984256815,14.132318019866442,1.0535407066343963,0.31178446486592293,0.0,0.31178446486592293,0.0
5.608256,"[6.394032955169678, 4.5, 0.0]","[20.568784713745117, 4.5, 0.0]",1.712086439132799,2.7511322498321533,0.8644342422473139,14.154119491576648,1.0397462844847307,0.3130112588405609,0.0,0.3130112588405609,0.0
5.629814,"[6.427928924560547, 4.5, 0.0]","[20.62489891052246, 4.5, 0.0]",1.7294394969941322,2.754575729370117,0.8676528930666616,14.174751758575313,1.0390458106993543,0.31417082995176315,0.0,0.31417082995176315,0.0
5.649122,"[6.462170600891113, 4.5, 0.0]","[20.68024253845215, 4.5, 0.0]",1.7462470531465024,2.771214723587036,0.8403778076185087,14.19696998596078,1.025136232375985,0.30429717153310776,0.0,0.30429717153310776,0.0
5.668043,"[6.496759414672852, 4.5, 0.0]","[20.73536491394043, 4.5, 0.0]",1.763123750686848,2.7744796276092534,0.8438348770172799,14.218071937559017,1.0249676704405337,0.30555449426174164,0.0,0.30555449426174164,0.0
5.689119,"[6.531684398651123, 4.5, 0.0]","[20.79092788696289, 4.5, 0.0]",1.7800667285921756,2.7911579608917236,0.8471488952663808,14.238605499263034,1.0113558769224054,0.3067520819604397,0.0,0.3067520819604397,0.0
5.709884,"[6.566946983337402, 4.5, 0.0]","[20.84724235534668, 4.5, 0.0]",1.7970731258395076,2.7979483604431152,0.8503198623665997,14.259243488309744,1.011091232299548,0.30789753422141075,0.0,0.30789753422141075,0.0
5.728581,"[6.602548122406006, 4.5, 0.0]","[20.903030395507812, 4.5, 0.0]",1.814140081405879,2.8078224658966064,0.8533477783185694,14.280295372008137,1.0008752346036076,0.3089982829988003,0.0,0.3089982829988003,0.0
5.748421,"[6.638489723205566, 4.5, 0.0]","[20.95970344543457, 4.5, 0.0]",1.8306744098665155,2.817852735519409,0.8267164230318258,14.300482273100664,0.9936823844907274,0.2993529662489891,0.0,0.2993529662489891,0.0
5.767823,"[6.6747727394104, 4.5, 0.0]","[21.0158748626709, 4.5, 0.0]",1.8472449779512057,2.8277947902679443,0.8285284042345076,14.32121372222786,0.9871783256528937,0.30000852420926094,0.0,0.30000852420926094,0.0
5.789673,"[6.711386203765869, 4.5, 0.0]","[21.072599411010742, 4.5, 0.0]",1.8638999462128982,2.837834358215332,0.8327484130846274,14.34110212326037,0.9805498123167387,0.30153360217809677,0.0,0.30153360217809677,0.0
5.808926,"[6.748331069946289, 4.5, 0.0]","[21.129085540771484, 4.5, 0.0]",1.8806126117707698,2.847811698913574,0.8356332778935771,14.361213207244365,0.9739344120024338,0.3025849349796772,0.0,0.3025849349796772,0.0
5.828553,"[6.785609245300293, 4.5, 0.0]","[21.186555862426758, 4.5, 0.0]",1.8973824977876221,2.85780668258667,0.8384943008426182,14.380754470824685,0.9671990871428044,0.3036147356033325,0.0,0.3036147356033325,0.0
5.848421,"[6.823221683502197, 4.5, 0.0]","[21.244516372680664, 4.5, 0.0]",1.9134409427644465,2.867886543273926,0.8029222488412202,14.400946617125316,0.9604241847990478,0.29074033722281456,0.0,0.29074033722281456,0.0
5.868097,"[6.861169338226318, 4.5, 0.0]","[21.30145263671875, 4.5, 0.0]",1.9294207096102511,2.8777885437011723,0.79898834229023,14.42129468917642,0.9544456005094792,0.289312694221735,0.0,0.289312694221735,0.0
5.889214,"[6.899438381195068, 4.5, 0.0]","[21.35985565185547, 4.5, 0.0]",1.9454605579379556,2.8879456520080566,0.8019924163852221,14.440283298486158,0.9483678340909212,0.29040101915597916,0.0,0.29040101915597916,0.0
5.908673,"[6.9380269050598145, 4.5, 0.0]","[21.41656494140625, 4.5, 0.0]",1.961535692215308,2.897788763046265,0.8037567138676205,14.460417270657196,0.9424850940701011,0.29103778302669525,0.0,0.29103778302669525,0.0
5.927839,"[6.976936340332031, 4.5, 0.0]","[21.474794387817383, 4.5, 0.0]",1.9776661396030046,2.9077422618865967,0.8065223693848322,14.478538036343227,0.9362530708309571,0.29203586280345917,0.0,0.29203586280345917,0.0
5.948669,"[7.016167163848877, 4.5, 0.0]","[21.534015655517578, 4.5, 0.0]",1.9938685894015975,2.917865753173828,0.8101224899296433,14.497858047483295,0.930076122283592,0.2933398261666298,0.0,0.2933398261666298,0.0
5.968063,"[7.055720329284668, 4.5, 0.0]","[21.592193603515625, 4.5, 0.0]",2.0094840526584483,2.9278106689453125,0.7807731628425407,14.51784849166664,0.9239971637722306,0.2827177755534649,0.0,0.2827177755534649,0.0
5.988864,"[7.095597743988037, 4.5, 0.0]","[21.65191650390625, 4.5, 0.0]",2.0251557826999647,2.938019752502442,0.783586502075817,14.536473274228895,0.9183266162868642,0.28374338522553444,0.0,0.28374338522553444,0.0
6.009191,"[7.135787487030029, 4.5, 0.0]","[21.709514617919922, 4.5, 0.0]",2.0408780574802594,2.947845220565796,0.7861137390147377,14.556318759916147,0.9128639698024772,0.28464702889323235,0.0,0.28464702889323235,0.0
6.029044,"[7.176290512084961, 4.5, 0.0]","[21.76886749267578, 4.5, 0.0]",2.056650876999314,2.9578206539154053,0.7886409759527258,14.573727130887825,0.9069671630855365,0.2855699695646763,0.0,0.2855699695646763,0.0
6.049313,"[7.217108249664307, 4.5, 0.0]","[21.829500198364258, 4.5, 0.0]",2.071970701218012,2.968010902404785,0.7659912109349021,14.592576980588749,0.9011697769160913,0.27736615389585495,0.0,0.27736615389585495,0.0
6.068705,"[7.258241176605225, 4.5, 0.0]","[21.887964248657227, 4.5, 0.0]",2.087362051010467,2.9778368473052983,0.7695674896227578,14.612391948697878,0.8960402011867732,0.2786583639681339,0.0,0.2786583639681339,0.0
6.088986,"[7.299680709838867, 4.5, 0.0]","[21.94756507873535, 4.5, 0.0]",2.102803945541745,2.987853765487671,0.7720947265638989,14.629723072050835,0.8904747962948312,0.279576200991869,0.0,0.279576200991869,0.0
6.108309,"[7.341427803039551, 4.5, 0.0]","[22.00686264038086, 4.5, 0.0]",2.118291616440248,2.997800827026367,0.7743835449251391,14.647884368893239,0.8850498199459258,0.28039557859301567,0.0,0.28039557859301567,0.0
6.12859,"[7.38348388671875, 4.5, 0.0]","[22.06740951538086, 4.5, 0.0]",2.13382601738028,3.0111422538757324,0.7767200470016,14.665434837334937,0.8795092105861193,0.2812544070184231,0.0,0.2812544070184231,0.0
6.148751,"[7.425849914550781, 4.5, 0.0]","[22.12828826904297, 4.5, 0.0]",2.148835897446225,3.0145375728607178,0.7504940032972529,14.68392562865573,0.8773162364954525,0.2717519551515579,0.0,0.2717519551515579,0.0
6.168535,"[7.468526363372803, 4.5, 0.0]","[22.18821907043457, 4.5, 0.0]",2.163893461227996,3.0311105251312256,0.7528781890885572,14.702438354487494,0.8657016754144928,0.2726183831691742,0.0,0.2726183831691742,0.0
6.189008,"[7.511503219604492, 4.5, 0.0]","[22.249225616455078, 4.5, 0.0]",2.1790015697485337,3.034527063369751,0.7554054260268783,14.71969270705707,0.8672170639032295,0.2735225111246109,0.0,0.2735225111246109,0.0
6.208723,"[7.554780960083008, 4.5, 0.0]","[22.309646606445312, 4.5, 0.0]",2.1941545009619516,3.051162004470825,0.7576465606708993,14.737722396845882,0.8555254936212173,0.274334829300642,0.0,0.274334829300642,0.0
6.228706,"[7.598361015319824, 4.5, 0.0]","[22.371522903442383, 4.5, 0.0]",2.2093474864966103,3.054555892944336,0.7596492767329321,14.754865646357596,0.8570075035088736,0.2750694751739502,0.0,0.2750694751739502,0.0
6.248698,"[7.642244338989258, 4.5, 0.0]","[22.432849884033203, 4.5, 0.0]",2.2240054607397903,3.071195363998413,0.7328987121590025,14.773161888117842,0.8452084064477257,0.26538271456956863,0.0,0.26538271456956863,0.0
6.268397,"[7.686431407928467, 4.5, 0.0]","[22.49421501159668, 4.5, 0.0]",2.2387073040015677,3.074506044387818,0.7350921630888685,14.790605545040668,0.8471899032586228,0.26617415249347687,0.0,0.26617415249347687,0.0
6.289384,"[7.730911731719971, 4.5, 0.0]","[22.556974411010742, 4.5, 0.0]",2.2534558773048974,3.0913779735565186,0.7374286651664841,14.807783603664932,0.8357987403862501,0.26702389121055603,0.0,0.26702389121055603,0.0
6.308723,"[7.775685787200928, 4.5, 0.0]","[22.617307662963867, 4.5, 0.0]",2.268247365952337,3.0945019721984863,0.7395744323719811,14.82606267928604,0.8379220962516212,0.26779942214488983,0.0,0.26779942214488983,0.0
6.328662,"[7.8207550048828125, 4.5, 0.0]","[22.679590225219727, 4.5, 0.0]",2.283077955246771,3.1111345291137695,0.7415294647217019,14.841621875756491,0.8262546062461493,0.2685115486383438,0.0,0.2685115486383438,0.0
6.34845,"[7.866119861602783, 4.5, 0.0]","[22.742359161376953, 4.5, 0.0]",2.2979352474220587,3.1145102977752686,0.742864608764382,14.858835220332171,0.8280565738669985,0.26899347081780434,0.0,0.26899347081780434,0.0
6.368152,"[7.911781311035156, 4.5, 0.0]","[22.80569839477539, 4.5, 0.0]",2.3122165203102747,3.1313118934631348,0.7140636444108006,14.876239299769422,0.8165750503532099,0.25855589658021927,0.0,0.25855589658021927,0.0
6.388964,"[7.957740306854248, 4.5, 0.0]","[22.867332458496094, 4.5, 0.0]",2.326537847519782,3.1345059871673584,0.7160663604753648,14.89391708373548,0.8190953731528601,0.25929421186447144,0.0,0.25929421186447144,0.0
6.40921,"[8.003984451293945, 4.5, 0.0]","[22.929750442504883, 4.5, 0.0]",2.34088397026159,3.151141881942749,0.717306137090401,14.909592151637087,0.8079681396475764,0.25972755625844,0.0,0.25972755625844,0.0
6.428533,"[8.050515174865723, 4.5, 0.0]","[22.993694305419922, 4.5, 0.0]",2.355286359788044,3.1545443534851074,0.7201194763226892,14.925765991200219,0.810257911681159,0.2607567422091961,0.0,0.2607567422091961,0.0
6.449082,"[8.097332954406738, 4.5, 0.0]","[23.057111740112305, 4.5, 0.0]",2.369713544846702,3.171198606491089,0.7213592529329071,14.94317913054572,0.7992579936970636,0.26120489463210106,0.0,0.26120489463210106,0.0
6.469646,"[8.144438743591309, 4.5, 0.0]","[23.120786666870117, 4.5, 0.0]",2.3838641643536116,3.1745591163635254,0.7075309753454828,14.959778785697077,0.8014850616443869,0.2561887912452221,0.0,0.2561887912452221,0.0
6.488938,"[8.191832542419434, 4.5, 0.0]","[23.18408966064453, 4.5, 0.0]",2.398051977158949,3.191195249557495,0.7093906402668715,14.976347923268055,0.7906949520099138,0.25686079636216164,0.0,0.25686079636216164,0.0
6.508611,"[8.239509582519531, 4.5, 0.0]","[23.247257232666016, 4.5, 0.0]",2.4122750759141924,3.1944580078125,0.7111549377621706,14.992257118209016,0.7931432723985461,0.25749893859028816,0.0,0.25749893859028816,0.0
6.530073,"[8.287470817565918, 4.5, 0.0]","[23.312171936035156, 4.5, 0.0]",2.4265315532703795,3.2111895084381104,0.7128238678093535,15.007747650135707,0.7821829318983076,0.2581094391644001,0.0,0.2581094391644001,0.0
6.548508,"[8.335716247558594, 4.5, 0.0]","[23.376127243041992, 4.5, 0.0]",2.440238714220268,3.21443772315979,0.6853580474944332,15.024701118458449,0.7846579551677308,0.24816960096359253,0.0,0.24816960096359253,0.0
6.568029,"[8.384246826171875, 4.5, 0.0]","[23.440759658813477, 4.5, 0.0]",2.453968763353665,3.2311253547668457,0.6865024566698352,15.040410995470065,0.7741990089395219,0.24858776479959488,0.0,0.24858776479959488,0.0
6.58904,"[8.433052062988281, 4.5, 0.0]","[23.505706787109375, 4.5, 0.0]",2.467736005785408,3.234527826309204,0.6883621215871605,15.056512832628254,0.7771565914131808,0.2492622658610344,0.0,0.2492622658610344,0.0
6.608775,"[8.482131004333496, 4.5, 0.0]","[23.570127487182617, 4.5, 0.0]",2.481540441515462,3.251164436340332,0.6902217865026872,15.072654724107732,0.766791820523796,0.2499222569167614,0.0,0.2499222569167614,0.0
6.628552,"[8.531485557556152, 4.5, 0.0]","[23.6354923248291, 4.5, 0.0]",2.4953801631952497,3.257810354232788,0.6919860839893932,15.087996482835745,0.7696239948248702,0.2505675330758095,0.0,0.2505675330758095,0.0
6.651428,"[8.581116676330566, 4.5, 0.0]","[23.70331382751465, 4.5, 0.0]",2.508936643603183,3.264831066131592,0.6778240203966668,15.104006767259559,0.7624301910375384,0.24544665589928627,0.0,0.24544665589928627,0.0
6.668864,"[8.631024360656738, 4.5, 0.0]","[23.766386032104492, 4.5, 0.0]",2.5225293636351203,3.281127691268921,0.6796360015968617,15.122197151164777,0.7558944225284088,0.24610256776213646,0.0,0.24610256776213646,0.0
6.689065,"[8.68120288848877, 4.5, 0.0]","[23.832469940185547, 4.5, 0.0]",2.53615832329088,3.2845497131347656,0.6814479827879971,15.135361671431518,0.7585983276338006,0.24674361571669579,0.0,0.24674361571669579,0.0
6.708572,"[8.731653213500977, 4.5, 0.0]","[23.897775650024414, 4.5, 0.0]",2.5498216152220046,3.3011691570281982,0.6831645965562183,15.151267051683346,0.7483913898438854,0.24737022817134857,0.0,0.24737022817134857,0.0
6.72813,"[8.782376289367676, 4.5, 0.0]","[23.96427345275879, 4.5, 0.0]",2.563518285754227,3.30450177192688,0.6848335266111283,15.166122436509992,0.7513475418061937,0.2479829452931881,0.0,0.2479829452931881,0.0
6.748365,"[8.833373069763184, 4.5, 0.0]","[24.03056526184082, 4.5, 0.0]",2.576855421069091,3.3211376667022705,0.6668567657431845,15.181897163377654,0.7409834861726527,0.24146681651473045,0.0,0.24146681651473045,0.0
6.768149,"[8.8846435546875, 4.5, 0.0]","[24.097003936767578, 4.5, 0.0]",2.5902411937741068,3.3244612216949463,0.6692886352507976,15.197192192064165,0.7442822456331797,0.24234015494585037,0.0,0.24234015494585037,0.0
6.789239,"[8.93618106842041, 4.5, 0.0]","[24.163867950439453, 4.5, 0.0]",2.6036603450802147,3.3411831855773926,0.6709575653053967,15.212360382066592,0.7342200279208395,0.24296078830957413,0.0,0.24296078830957413,0.0
6.808613,"[8.987985610961914, 4.5, 0.0]","[24.230270385742188, 4.5, 0.0]",2.617107152941532,3.3444840908050537,0.6723403930658733,15.227686882005543,0.7375228404971779,0.24344723671674728,0.0,0.24344723671674728,0.0
6.828198,"[9.040059089660645, 4.5, 0.0]","[24.297622680664062, 4.5, 0.0]",2.6305806636835785,3.3611292839050293,0.673675537102314,15.24228477476676,0.7273769378635215,0.2439441718161106,0.0,0.2439441718161106,0.0
6.848477,"[9.092401504516602, 4.5, 0.0]","[24.365562438964844, 4.5, 0.0]",2.643858671190849,3.3645272254943848,0.6639003753635242,15.257563590989893,0.7305486202214508,0.24039028212428093,0.0,0.24039028212428093,0.0
6.868333,"[9.145012855529785, 4.5, 0.0]","[24.432920455932617, 4.5, 0.0]",2.6571662426019196,3.3811733722686768,0.665378570553532,15.273160934434703,0.7206685543035358,0.2409353107213974,0.0,0.2409353107213974,0.0
6.888967,"[9.197890281677246, 4.5, 0.0]","[24.500455856323242, 4.5, 0.0]",2.6705043315911445,3.384511470794678,0.6669044494612475,15.287907600389278,0.7240071296667572,0.2414870820939541,0.0,0.2414870820939541,0.0
6.910528,"[9.251033782958984, 4.5, 0.0]","[24.56806755065918, 4.5, 0.0]",2.683862447740988,3.4011778831481934,0.667905807492164,15.302565574635008,0.7140071392035336,0.24184750393033028,0.0,0.24184750393033028,0.0
6.928454,"[9.304444313049316, 4.5, 0.0]","[24.63613510131836, 4.5, 0.0]",2.6972558498406314,3.404447317123413,0.6696701049821785,15.317033767689196,0.7173154354072055,0.242479145526886,0.0,0.242479145526886,0.0
6.94856,"[9.358121871948242, 4.5, 0.0]","[24.70532989501953, 4.5, 0.0]",2.7101886272454205,3.4212162494659424,0.6466388702394577,15.331690788258033,0.7071914672827817,0.23414945229887962,0.0,0.23414945229887962,0.0
6.968464,"[9.412067413330078, 4.5, 0.0]","[24.773494720458984, 4.5, 0.0]",2.723150968554039,3.424499988555908,0.648117065430931,15.347208023060269,0.7110276222205218,0.23468708619475365,0.0,0.23468708619475365,0.0
6.988958,"[9.46627140045166, 4.5, 0.0]","[24.842227935791016, 4.5, 0.0]",2.736143827440758,3.4412012100219727,0.6496429443359375,15.361427307117875,0.701349020001869,0.23523876443505287,0.0,0.23523876443505287,0.0
7.008302,"[9.520734786987305, 4.5, 0.0]","[24.91037368774414, 4.5, 0.0]",2.749161481859724,3.4444656372070312,0.6508827209483092,15.375956535328314,0.7050573825812148,0.23567911237478256,0.0,0.23567911237478256,0.0
7.029058,"[9.575457572937012, 4.5, 0.0]","[24.98002052307129, 4.5, 0.0]",2.762204885485315,3.4611542224884033,0.6521701812795433,15.389638900745785,0.6953041553473072,0.23614801466464996,0.0,0.23614801466464996,0.0
7.050553,"[9.630440711975098, 4.5, 0.0]","[25.049522399902344, 4.5, 0.0]",2.775090932848835,3.467820882797241,0.6443023681760085,15.404562950117754,0.6989493370030884,0.23329686373472214,0.0,0.23329686373472214,0.0
7.068657,"[9.685685157775879, 4.5, 0.0]","[25.119176864624023, 4.5, 0.0]",2.787992239001464,3.4778430461883545,0.6450653076314428,15.419081687900453,0.6927299499484061,0.2335819974541664,0.0,0.2335819974541664,0.0
7.089003,"[9.74118709564209, 4.5, 0.0]","[25.188762664794922, 4.5, 0.0]",2.8009259700806366,3.4878554344177246,0.6466865539586308,15.433491706831589,0.6898508071868905,0.2341616526246071,0.0,0.2341616526246071,0.0
7.1087,"[9.79694652557373, 4.5, 0.0]","[25.258060455322266, 4.5, 0.0]",2.8138864040408493,3.497809648513794,0.6480216980106368,15.447575569136262,0.686929464337088,0.23464271798729897,0.0,0.23464271798729897,0.0
7.128057,"[9.852965354919434, 4.5, 0.0]","[25.328550338745117, 4.5, 0.0]",2.8268678188359133,3.5078084468841553,0.6490707397531992,15.46111392973195,0.6839232444729446,0.23502660915255547,0.0,0.23502660915255547,0.0
7.148618,"[9.909242630004883, 4.5, 0.0]","[25.39945411682129, 4.5, 0.0]",2.8394362926519694,3.5178654193878174,0.628423690802804,15.475584983805927,0.680940628048242,0.22755321115255356,0.0,0.22755321115255356,0.0
7.168216,"[9.965780258178711, 4.5, 0.0]","[25.46950340270996, 4.5, 0.0]",2.8520333766975012,3.527801513671875,0.6298542022765918,15.49021148679663,0.678429126735848,0.22806571796536446,0.0,0.22806571796536446,0.0
7.189059,"[10.022568702697754, 4.5, 0.0]","[25.540252685546875, 4.5, 0.0]",2.8646533489270234,3.537837028503418,0.6309986114761079,15.503723144508022,0.6757681369743738,0.22848200052976608,0.0,0.22848200052976608,0.0
7.208456,"[10.079608917236328, 4.5, 0.0]","[25.6107177734375, 4.5, 0.0]",2.877298116688604,3.5478157997131348,0.6322383880790206,15.517683982813901,0.6731836795763946,0.22893890738487244,0.0,0.22893890738487244,0.0
7.228429,"[10.13690185546875, 4.5, 0.0]","[25.682287216186523, 4.5, 0.0]",2.8899638652852264,3.5578253269195566,0.6332874298311308,15.531108856170192,0.670517683024531,0.2293078415095806,0.0,0.2293078415095806,0.0
7.248385,"[10.19444751739502, 4.5, 0.0]","[25.753957748413086, 4.5, 0.0]",2.902430534367941,3.5678493976593018,0.6233334541357216,15.545385360686765,0.6678614616343301,0.2257119119167328,0.0,0.2257119119167328,0.0
7.268046,"[10.252246856689453, 4.5, 0.0]","[25.824914932250977, 4.5, 0.0]",2.9149179458670185,3.577773332595825,0.6243705749538808,15.55951023099103,0.6654188632913609,0.2260761335492134,0.0,0.2260761335492134,0.0
7.288657,"[10.310295104980469, 4.5, 0.0]","[25.89681053161621, 4.5, 0.0]",2.927428245550173,3.5878288745880127,0.6255149841577268,15.572668075521623,0.6628553867288067,0.22649427875876427,0.0,0.22649427875876427,0.0
7.308943,"[10.368593215942383, 4.5, 0.0]","[25.96836280822754, 4.5, 0.0]",2.9399518966739167,3.5978198051452637,0.6261825561871825,15.586515426590971,0.6604006290378397,0.22674016654491425,0.0,0.22674016654491425,0.0
7.328169,"[10.427142143249512, 4.5, 0.0]","[26.0407772064209, 4.5, 0.0]",2.952503204352836,3.6078081130981445,0.6275653839459716,15.59976959224975,0.657867908471347,0.2272360771894455,0.0,0.2272360771894455,0.0
7.348687,"[10.485940933227539, 4.5, 0.0]","[26.113876342773438, 4.5, 0.0]",2.9648084640578976,3.61789083480835,0.6152629852530733,15.613635063131381,0.6553049087453084,0.22278593853116035,0.0,0.22278593853116035,0.0
7.368581,"[10.544990539550781, 4.5, 0.0]","[26.18654441833496, 4.5, 0.0]",2.977136611946375,3.6279139518737793,0.616407394423879,15.627935409505858,0.6530823707504525,0.22320616990327835,0.0,0.22320616990327835,0.0
7.388331,"[10.604287147521973, 4.5, 0.0]","[26.25845718383789, 4.5, 0.0]",2.989484786995446,3.6378328800201416,0.6174087524535521,15.641553878744103,0.6507773399274042,0.2235541120171547,0.0,0.2235541120171547,0.0
7.408949,"[10.663829803466797, 4.5, 0.0]","[26.33085823059082, 4.5, 0.0]",3.0018548965537506,3.647803544998169,0.618505477915221,15.65417003627581,0.6483480930246954,0.22396277636289597,0.0,0.22396277636289597,0.0
7.429491,"[10.72361946105957, 4.5, 0.0]","[26.404558181762695, 4.5, 0.0]",3.0142440795983436,3.6578307151794434,0.6194591522296511,15.667028427083881,0.6459486484444183,0.22429974749684334,0.0,0.22429974749684334,0.0
7.454087,"[10.783656120300293, 4.5, 0.0]","[26.480403900146484, 4.5, 0.0]",3.0263986587611167,3.668149948120117,0.6077289581386536,15.680938720662947,0.6435866355810997,0.22005481645464897,0.0,0.22005481645464897,0.0
7.468348,"[10.843940734863281, 4.5, 0.0]","[26.55124855041504, 4.5, 0.0]",3.0385808944790145,3.681122303009033,0.6091117858948891,15.696747779805973,0.6417512893590005,0.22055095061659813,0.0,0.22055095061659813,0.0
7.488698,"[10.904468536376953, 4.5, 0.0]","[26.625150680541992, 4.5, 0.0]",3.0507698059170143,3.6845099925994877,0.6094455718999914,15.707307815511513,0.6425414085300187,0.2206791751086712,0.0,0.2206791751086712,0.0
7.508729,"[10.965240478515625, 4.5, 0.0]","[26.698904037475586, 4.5, 0.0]",3.0629806518642995,3.701195240020752,0.6105422973642582,15.72068214412476,0.6337401866824734,0.22108150646090508,0.0,0.22108150646090508,0.0
7.528471,"[11.02625560760498, 4.5, 0.0]","[26.77322769165039, 4.5, 0.0]",3.0752105712978772,3.7045042514801025,0.6114959716788881,15.733663558919648,0.6382145881564525,0.22142067551612854,0.0,0.22142067551612854,0.0
7.548322,"[11.087514877319336, 4.5, 0.0]","[26.84774398803711, 4.5, 0.0]",3.0871610641567853,3.7211737632751465,0.5975246429454018,15.746972084005064,0.6292936801822253,0.21636776626110077,0.0,0.21636776626110077,0.0
7.568723,"[11.149019241333008, 4.5, 0.0]","[26.921649932861328, 4.5, 0.0]",3.099132537850662,3.7244267463684086,0.5985736846938261,15.760229110677393,0.6340126991183612,0.21674301475286484,0.0,0.21674301475286484,0.0
7.589245,"[11.210762023925781, 4.5, 0.0]","[26.99692153930664, 4.5, 0.0]",3.1111211776822385,3.741197347640991,0.599431991578836,15.772630691487908,0.6252942085177469,0.21705849096179008,0.0,0.21705849096179008,0.0
7.608632,"[11.272745132446289, 4.5, 0.0]","[27.071218490600586, 4.5, 0.0]",3.1231317520231205,3.7444875240325928,0.600528717044102,15.786159515340412,0.6300761699587527,0.2174454741179943,0.0,0.2174454741179943,0.0
7.628297,"[11.334967613220215, 4.5, 0.0]","[27.14653205871582, 4.5, 0.0]",3.1351604461759806,3.7611300945281982,0.6014347076430004,15.798473358113819,0.6213557720094722,0.21776968613266945,0.0,0.21776968613266945,0.0
7.64853,"[11.397430419921875, 4.5, 0.0]","[27.22252655029297, 4.5, 0.0]",3.147128105172818,3.764528512954712,0.5983829498418691,15.811564445439535,0.6259696483522177,0.2166714332997799,0.0,0.2166714332997799,0.0
7.668443,"[11.46013355255127, 4.5, 0.0]","[27.297748565673828, 4.5, 0.0]",3.159110069284269,3.781158685684204,0.5990982055725569,15.825096130314975,0.617400407781894,0.21692443639039993,0.0,0.21692443639039993,0.0
7.689758,"[11.523076057434082, 4.5, 0.0]","[27.37388801574707, 4.5, 0.0]",3.17111396790498,3.784576416015625,0.6001949310355359,15.837615013077066,0.622048616399935,0.21733058616518974,0.0,0.21733058616518974,0.0
7.708683,"[11.586257934570312, 4.5, 0.0]","[27.44856071472168, 4.5, 0.0]",3.183129310617619,3.801119089126587,0.6007671356319522,15.850811958267457,0.6134624481106452,0.21752854809165,0.0,0.21752854809165,0.0
7.727944,"[11.649680137634277, 4.5, 0.0]","[27.525043487548828, 4.5, 0.0]",3.1951656341651202,3.804449558258057,0.6018161773750696,15.862302780105804,0.6179897785089681,0.21791737526655197,0.0,0.21791737526655197,0.0
7.748504,"[11.713342666625977, 4.5, 0.0]","[27.602005004882812, 4.5, 0.0]",3.2069683075050466,3.8211770057678223,0.5901336669963175,15.87536334986895,0.6092839240929369,0.21368134766817093,0.0,0.21368134766817093,0.0
7.768562,"[11.77724552154541, 4.5, 0.0]","[27.678430557250977, 4.5, 0.0]",3.2187852859598176,3.824500322341919,0.5908489227385516,15.888662338211196,0.6142086982627757,0.21394729614257812,0.0,0.21394729614257812,0.0
7.789855,"[11.841384887695312, 4.5, 0.0]","[27.75515365600586, 4.5, 0.0]",3.230621337900848,3.8411965370178223,0.5918025970515162,15.901185035659891,0.6057150363821013,0.21429644897580147,0.0,0.21429644897580147,0.0
7.809787,"[11.905760765075684, 4.5, 0.0]","[27.831392288208008, 4.5, 0.0]",3.242474555979404,3.844480276107788,0.5926609039277997,15.913768768264834,0.6105751991169743,0.2145925723016262,0.0,0.2145925723016262,0.0
7.829057,"[11.970373153686523, 4.5, 0.0]","[27.908889770507812, 4.5, 0.0]",3.2543411254984718,3.861146926879883,0.5933284759533919,15.925631523086578,0.6020057201283842,0.2148432657122612,0.0,0.2148432657122612,0.0
7.848535,"[12.035223007202148, 4.5, 0.0]","[27.986909866333008, 4.5, 0.0]",3.265889167795837,3.86454701423645,0.5774021148682529,15.938516616775505,0.606805801381411,0.20908337086439133,0.0,0.20908337086439133,0.0
7.868275,"[12.100309371948242, 4.5, 0.0]","[28.064048767089844, 4.5, 0.0]",3.2774562835795287,3.8811676502227783,0.5783557891845925,15.951686859085038,0.5986578464406134,0.20942937582731247,0.0,0.20942937582731247,0.0
7.889631,"[12.165627479553223, 4.5, 0.0]","[28.141782760620117, 4.5, 0.0]",3.289040565500895,3.8845305442810063,0.5792140960683145,15.963739395095747,0.6037113666432496,0.2097289077937603,0.0,0.2097289077937603,0.0
7.908007,"[12.231176376342773, 4.5, 0.0]","[28.218734741210938, 4.5, 0.0]",3.300639152537045,3.9011127948760986,0.5799293518075066,15.976155281021004,0.5954899787801113,0.2099885419011116,0.0,0.2099885419011116,0.0
7.928318,"[12.296957015991211, 4.5, 0.0]","[28.29737091064453, 4.5, 0.0]",3.312250137339463,3.9044628143310547,0.5805492401208978,15.98755836482224,0.6004736423390535,0.21021505817770958,0.0,0.21021505817770958,0.0
7.949333,"[12.362969398498535, 4.5, 0.0]","[28.375932693481445, 4.5, 0.0]",3.323840141306569,3.921137809753418,0.5795001983552872,16.000413894612326,0.5922126769915916,0.20984061062335968,0.0,0.20984061062335968,0.0
7.968013,"[12.429214477539062, 4.5, 0.0]","[28.45446014404297, 4.5, 0.0]",3.3354406356915836,3.9244742393493652,0.580024719250738,16.012963294941883,0.5972976684468492,0.21002432331442833,0.0,0.21002432331442833,0.0
7.990759,"[12.495691299438477, 4.5, 0.0]","[28.53464126586914, 4.5, 0.0]",3.347057342539861,3.9413554668426514,0.5808353424138657,16.025245666462848,0.5890336036577817,0.2103142999112606,0.0,0.2103142999112606,0.0
8.008815,"[12.562399864196777, 4.5, 0.0]","[28.611865997314453, 4.5, 0.0]",3.358688354502782,3.9478445053100586,0.5815505981460634,16.038949966384592,0.5942981243027905,0.2105708047747612,0.0,0.2105708047747612,0.0
8.02807,"[12.629341125488281, 4.5, 0.0]","[28.690750122070312, 4.5, 0.0]",3.370331764231747,3.9577672481536865,0.5821704864482413,16.049466133071576,0.5891561508072765,0.2107977494597435,0.0,0.2107977494597435,0.0
8.048607,"[12.696515083312988, 4.5, 0.0]","[28.77062225341797, 4.5, 0.0]",3.381752014170707,3.9678139686584473,0.5710124969479979,16.061408996535896,0.5874354839219396,0.20675547420978546,0.0,0.20675547420978546,0.0
8.068838,"[12.763921737670898, 4.5, 0.0]","[28.850196838378906, 4.5, 0.0]",3.3931837082015055,3.977823257446289,0.5715847015399289,16.07410717005881,0.5860619544877403,0.2069661021232605,0.0,0.2069661021232605,0.0
8.089029,"[12.83155632019043, 4.5, 0.0]","[28.929819107055664, 4.5, 0.0]",3.404625892649768,3.9878387451171875,0.5721092224131308,16.0862751006618,0.5846395492447836,0.2071596309542656,0.0,0.2071596309542656,0.0
8.109973,"[12.899419784545898, 4.5, 0.0]","[29.010236740112305, 4.5, 0.0]",3.4160842895618067,3.9979381561279297,0.5729198456019269,16.098262786813713,0.5832128524674194,0.20746121183037758,0.0,0.20746121183037758,0.0
8.128343,"[12.967512130737305, 4.5, 0.0]","[29.09019660949707, 4.5, 0.0]",3.4275579452627296,4.007871627807617,0.5736827850461479,16.110816955514846,0.581853866566123,0.20772995427250862,0.0,0.20772995427250862,0.0
8.148493,"[13.035833358764648, 4.5, 0.0]","[29.17047882080078, 4.5, 0.0]",3.4388933181876826,4.017844200134277,0.5667686462476507,16.122684478708166,0.5803136825448876,0.20523052662611008,0.0,0.20523052662611008,0.0
8.168024,"[13.104384422302246, 4.5, 0.0]","[29.25057029724121, 4.5, 0.0]",3.4502420425530675,4.027793884277344,0.5674362182692461,16.134645461984494,0.5789508819465947,0.20546246320009232,0.0,0.20546246320009232,0.0
8.18904,"[13.173162460327148, 4.5, 0.0]","[29.33145523071289, 4.5, 0.0]",3.4616022110102502,4.037841320037842,0.5680084228591342,16.14618587488729,0.5775518417242762,0.2056719921529293,0.0,0.2056719921529293,0.0
8.208206,"[13.242167472839355, 4.5, 0.0]","[29.411582946777344, 4.5, 0.0]",3.4729728698857296,4.047781467437745,0.5685329437739695,16.158292770316407,0.5762391090275916,0.20586322993040085,0.0,0.20586322993040085,0.0
8.228526,"[13.311399459838867, 4.5, 0.0]","[29.4935245513916, 4.5, 0.0]",3.484353065504323,4.057835578918457,0.5690097809296635,16.169415473855416,0.5748085975520154,0.2060399204492569,0.0,0.2060399204492569,0.0
8.248736,"[13.380859375, 4.5, 0.0]","[29.57568359375, 4.5, 0.0]",3.4956254959253434,4.067916393280029,0.5636215210510276,16.182125091463067,0.5734825134141341,0.20408453419804573,0.0,0.20408453419804573,0.0
8.267981,"[13.450546264648438, 4.5, 0.0]","[29.655960083007812, 4.5, 0.0]",3.5069084167630487,4.077766418457031,0.5641460418852606,16.1948242186673,0.5722908973546859,0.20427893847227097,0.0,0.20427893847227097,0.0
8.288784,"[13.520459175109863, 4.5, 0.0]","[29.737977981567383, 4.5, 0.0]",3.518200874344361,4.087830066680908,0.5646228790656238,16.205413818289838,0.5708580016939826,0.20444441586732864,0.0,0.20444441586732864,0.0
8.310307,"[13.590597152709961, 4.5, 0.0]","[29.819059371948242, 4.5, 0.0]",3.5295019149937668,4.09776496887207,0.5650520324702812,16.217518806374702,0.5696291923365471,0.20460549741983414,0.0,0.20460549741983414,0.0
8.328777,"[13.660961151123047, 4.5, 0.0]","[29.90194320678711, 4.5, 0.0]",3.5408182144327167,4.107811450958252,0.5658149719474981,16.228462219168648,0.5682630538783036,0.2048848569393158,0.0,0.2048848569393158,0.0
8.348473,"[13.731551170349121, 4.5, 0.0]","[29.98494529724121, 4.5, 0.0]",3.5520124435585703,4.11787223815918,0.5597114562926775,16.240982055581128,0.5669932365255352,0.2026692032814026,0.0,0.2026692032814026,0.0
8.371332,"[13.802367210388184, 4.5, 0.0]","[30.06758689880371, 4.5, 0.0]",3.563220024124976,4.127889633178711,0.5603790283202903,16.25339412680909,0.5658597946006094,0.20291661843657494,0.0,0.20291661843657494,0.0
8.388971,"[13.873407363891602, 4.5, 0.0]","[30.149682998657227, 4.5, 0.0]",3.5744400024575897,4.137840747833252,0.5609989166306839,16.265219688345734,0.5646696090537349,0.20314153283834457,0.0,0.20314153283834457,0.0
8.408195,"[13.944671630859375, 4.5, 0.0]","[30.231962203979492, 4.5, 0.0]",3.5856714248819626,4.147799968719482,0.5615711212186403,16.276275634695786,0.5634007453756622,0.20334644243121147,0.0,0.20334644243121147,0.0
8.428328,"[14.016160011291504, 4.5, 0.0]","[30.31568717956543, 4.5, 0.0]",3.5969133377238216,4.161159992218018,0.5620956420929524,16.28729057305023,0.5621285438375199,0.20353421568870544,0.0,0.20353421568870544,0.0
8.449119,"[14.087873458862305, 4.5, 0.0]","[30.399599075317383, 4.5, 0.0]",3.6080360412760673,4.164543151855469,0.5561351776122825,16.299527168203987,0.564246654494196,0.20138025283813477,0.0,0.20138025283813477,0.0
8.468656,"[14.159811973571777, 4.5, 0.0]","[30.482402801513672, 4.5, 0.0]",3.6191692352453995,4.181126117706299,0.5566596984666106,16.311725616385086,0.5565071105794015,0.20155826583504677,0.0,0.20155826583504677,0.0
8.489292,"[14.231972694396973, 4.5, 0.0]","[30.567241668701172, 4.5, 0.0]",3.6303110122837023,4.184620380401611,0.557088851915144,16.322590827878077,0.5619568824608994,0.20172685384750366,0.0,0.20172685384750366,0.0
8.508955,"[14.30435562133789, 4.5, 0.0]","[30.650548934936523, 4.5, 0.0]",3.6414294666698908,4.201248645782471,0.5559227193094207,16.335268974246272,0.554309368117909,0.2018745057284832,0.0,0.2018745057284832,0.0
8.528501,"[14.376961708068848, 4.5, 0.0]","[30.735885620117188, 4.5, 0.0]",3.6525694424883137,4.204680919647217,0.5569987909211482,16.346193313540667,0.55981917911258,0.2020438015460968,0.0,0.2020438015460968,0.0
8.548961,"[14.449790000915527, 4.500095844268799, 0.0]","[30.820667266845703, 4.5, 0.0]",3.6636504455878205,4.221380710601807,0.5540501549753385,16.358923911990328,0.5521114771589031,0.20085694268345833,0.0,0.20085694268345833,0.0
8.568741,"[14.522841453552246, 4.500253200531006, 0.0]","[30.903642654418945, 4.5, 0.0]",3.6747430327708086,4.224534034729004,0.5546293591494056,16.370877242526003,0.5577302650139861,0.20101461559534073,0.0,0.20101461559534073,0.0
8.58998,"[14.596114158630371, 4.500455856323242, 0.0]","[30.988435745239258, 4.5, 0.0]",3.6858469874460673,4.24123477935791,0.5551977337629355,16.380801008727513,0.5497910019581953,0.20116981118917465,0.0,0.20116981118917465,0.0
8.608596,"[14.669609069824219, 4.500696182250977, 0.0]","[31.07219696044922, 4.5, 0.0]",3.696961518500591,4.244467735290527,0.5557265527261768,16.392320917518475,0.5553877919118428,0.20132293924689293,0.0,0.20132293924689293,0.0
8.628533,"[14.743325233459473, 4.500968933105469, 0.0]","[31.157899856567383, 4.5, 0.0]",3.708085403435115,4.261157989501953,0.556194246726216,16.402586266871033,0.5475062167899365,0.2014743909239769,0.0,0.2014743909239769,0.0
8.648734,"[14.81726360321045, 4.501269817352295, 0.0]","[31.243946075439453, 4.5, 0.0]",3.7189635873396965,4.26455545425415,0.5439091952290642,16.414571418863382,0.553072586066838,0.19699839875102043,0.0,0.19699839875102043,0.0
8.668088,"[14.891424179077148, 4.501596927642822, 0.0]","[31.329002380371094, 4.5, 0.0]",3.7298529521247006,4.281169891357422,0.5444682392502065,16.426676947541424,0.5455918669144539,0.19720323383808136,0.0,0.19720323383808136,0.0
8.688855,"[14.965802192687988, 4.501949310302734, 0.0]","[31.41458511352539, 4.5, 0.0]",3.740752899076988,4.284513473510742,0.5449973476143732,16.437569515708997,0.5513169392327213,0.1973811537027359,0.0,0.1973811537027359,0.0
8.709062,"[15.040398597717285, 4.50232458114624, 0.0]","[31.500078201293945, 4.5, 0.0]",3.7516629477447774,4.3011651039123535,0.5455024333894665,16.448770162069767,0.5437605744337541,0.19755667075514793,0.0,0.19755667075514793,0.0
8.728073,"[15.115212440490723, 4.502721309661865, 0.0]","[31.58627700805664, 4.5, 0.0]",3.7625829073213426,4.304463863372803,0.545997978828261,16.459661799430652,0.5495021561675761,0.19772972911596298,0.0,0.19772972911596298,0.0
8.748725,"[15.190244674682617, 4.503138065338135, 0.0]","[31.673294067382812, 4.5, 0.0]",3.7735116490600458,4.321189880371094,0.5464370869351587,16.47104070004851,0.5418809560514601,0.19788149744272232,0.0,0.19788149744272232,0.0
8.768597,"[15.265495300292969, 4.503573894500732, 0.0]","[31.75948143005371, 4.5, 0.0]",3.7844916782768547,4.324487686157227,0.5490014608404481,16.483018397999118,0.547678231311048,0.19881106913089752,0.0,0.19881106913089752,0.0
8.789722,"[15.340964317321777, 4.504027366638184, 0.0]","[31.84689712524414, 4.5, 0.0]",3.7954746387121885,4.341259956359863,0.5491480217666878,16.49394692214931,0.5399960078803718,0.19884947687387466,0.0,0.19884947687387466,0.0
8.808538,"[15.41665267944336, 4.504498481750488, 0.0]","[31.93256187438965, 4.5, 0.0]",3.806460717698978,4.344483375549316,0.5493039493394747,16.50588428080803,0.5457853176476748,0.19890792667865753,0.0,0.19890792667865753,0.0
8.828903,"[15.492560386657715, 4.50498628616333, 0.0]","[32.0219841003418, 4.5, 0.0]",3.8174512804783904,4.361369609832764,0.549528138970623,16.515850224096535,0.5380226578503384,0.19898610189557076,0.0,0.19898610189557076,0.0
8.84941,"[15.56868839263916, 4.505489349365234, 0.0]","[32.109825134277344, 4.5, 0.0]",3.8283708323325234,4.364742755889893,0.5459775927066479,16.52935311038513,0.5439183293543732,0.1977045275270939,0.0,0.1977045275270939,0.0
8.870269,"[15.645035743713379, 4.506007671356201, 0.0]","[32.196563720703125, 4.5, 0.0]",3.8392966827822237,4.381321430206299,0.5462925224850146,16.541053400908407,0.5363719235573692,0.19781498238444328,0.0,0.19781498238444328,0.0
8.888933,"[15.721601486206055, 4.506542205810547, 0.0]","[32.2828483581543, 4.5, 0.0]",3.8502300306496138,4.384516716003418,0.5466673933695043,16.55143079473135,0.5420247474240751,0.19794916734099388,0.0,0.19794916734099388,0.0
8.909568,"[15.798385620117188, 4.5070929527282715, 0.0]","[32.37162399291992, 4.5, 0.0]",3.8611708833956553,4.401313304901123,0.5470426373020754,16.56113469557183,0.5342866853538042,0.1980930007994175,0.0,0.1980930007994175,0.0
8.92806,"[15.875388145446777, 4.507660865783691, 0.0]","[32.45854187011719, 4.5, 0.0]",3.8721204204946207,4.407801628112793,0.54747685494827,16.57311003111496,0.5401424215054678,0.1982436142861843,0.0,0.1982436142861843,0.0
8.949565,"[15.952608108520508, 4.508246421813965, 0.0]","[32.54774856567383, 4.5, 0.0]",3.882960850292084,4.417881488800049,0.5420214898731679,16.583008033575606,0.5356812076181723,0.19627081230282784,0.0,0.19627081230282784,0.0
8.968312,"[16.030048370361328, 4.50885009765625, 0.0]","[32.63532638549805, 4.5, 0.0]",3.8938118474269294,4.427777290344238,0.5425498567422693,16.59497620271392,0.5349206385079648,0.1964610069990158,0.0,0.1964610069990158,0.0
8.990501,"[16.107704162597656, 4.509471893310547, 0.0]","[32.72502899169922, 4.5, 0.0]",3.904671496092128,4.437913417816162,0.5429824332599198,16.60509398299658,0.5339654429173089,0.19663194194436073,0.0,0.19663194194436073,0.0
9.008379,"[16.185577392578125, 4.510112285614014, 0.0]","[32.81241989135742, 4.5, 0.0]",3.915540742713609,4.447775363922119,0.5434623310740516,16.617119720895914,0.5332419217240343,0.1968010887503624,0.0,0.1968010887503624,0.0
9.028438,"[16.263668060302734, 4.510771751403809, 0.0]","[32.90240478515625, 4.5, 0.0]",3.9264195809825053,4.457829475402833,0.5439419134448231,16.626615090031457,0.5322346212085103,0.1969672553241253,0.0,0.1969672553241253,0.0
9.048615,"[16.341976165771484, 4.51145076751709, 0.0]","[32.992401123046875, 4.5, 0.0]",3.951519991534523,4.4678850173950195,1.2550205276008919,16.63848568544875,0.5314098944203276,0.4544445499777794,0.0,0.4544445499777794,0.0
9.06865,"[16.420501708984375, 4.512149333953857, 0.0]","[33.08223342895508, 4.5, 0.0]",3.9765308104871337,4.477921962738037,1.2505409476305296,16.650148920145973,0.5163650258604964,0.4528221860527992,0.0,0.4528221860527992,0.0
9.090964,"[16.499528884887695, 4.512869834899902, 0.0]","[33.17277145385742, 4.5, 0.0]",4.001487391689834,4.488038063049316,1.2478290601350306,16.661429374223854,0.5013911522509034,0.4518372192978859,0.0,0.4518372192978859,0.0
9.108637,"[16.579055786132812, 4.513612747192383, 0.0]","[33.2601318359375, 4.5, 0.0]",4.026418380932123,4.497786521911621,1.2465494621144213,16.67291242505213,0.48655067135948205,0.45137420296669006,0.0,0.45137420296669006,0.0
9.12808,"[16.659082412719727, 4.514378547668457, 0.0]","[33.35038757324219, 4.5, 0.0]",4.051345486614705,4.50775957107544,1.2463552841291303,16.680716686854815,0.4713681409794983,0.45131929218769073,0.0,0.45131929218769073,0.0
9.148759,"[16.739606857299805, 4.515167713165283, 0.0]","[33.44353485107422, 4.5, 0.0]",4.076285404388838,4.518051624298096,1.246995888706648,16.69091498138011,0.45641408446073495,0.4515667259693146,0.0,0.4515667259693146,0.0
9.168346,"[16.820629119873047, 4.515980243682861, 0.0]","[33.53181076049805, 4.5, 0.0]",4.10124433291348,4.527806282043457,1.2479464262320938,16.703505366257026,0.44176621990925735,0.4519014060497284,0.0,0.4519014060497284,0.0
9.1891,"[16.902151107788086, 4.51681661605835, 0.0]","[33.62249755859375, 4.5, 0.0]",4.1262303785310435,4.537827014923096,1.2493022808781618,16.710725098495207,0.4265619491299768,0.4523881897330284,0.0,0.4523881897330284,0.0
9.209294,"[16.98417091369629, 4.517677307128906, 0.0]","[33.7130126953125, 4.5, 0.0]",4.151248792473224,4.547815799713135,1.2509206971090148,16.719854232167574,0.41159663639205224,0.45296236872673035,0.0,0.45296236872673035,0.0
9.22892,"[17.06669044494629, 4.5185627937316895, 0.0]","[33.805091857910156, 4.5, 0.0]",4.176300053299223,4.5578789710998535,1.25256304129997,16.7283122010688,0.396567007239911,0.4535725712776184,0.0,0.4535725712776184,0.0
9.248948,"[17.149709701538086, 4.519473552703857, 0.0]","[33.898284912109375, 4.5, 0.0]",4.207830944329938,4.568064212799072,1.5765445515357523,16.73783266456107,0.38157891780063036,0.5708850175142288,0.0,0.5708850175142288,0.0
9.268259,"[17.233230590820312, 4.52040958404541, 0.0]","[33.987667083740234, 4.5, 0.0]",4.239364193244898,4.5778326988220215,1.5766624457480116,16.74796550640402,0.36023326846913406,0.5709217488765717,0.0,0.5709217488765717,0.0
9.289286,"[17.317380905151367, 4.5213727951049805, 0.0]","[34.07927322387695, 4.5, 0.0]",4.270887923586549,4.587844371795655,1.5761865170825118,16.75378420919812,0.33846850557712305,0.5707551538944244,0.0,0.5707551538944244,0.0
9.309369,"[17.402162551879883, 4.522363662719727, 0.0]","[34.17062759399414, 4.5, 0.0]",4.302424569164764,4.597815990447998,1.5768322789107447,16.76119541754664,0.3169564482091065,0.5709873512387276,0.0,0.5709873512387276,0.0
9.328547,"[17.487573623657227, 4.523382663726807, 0.0]","[34.263309478759766, 4.5, 0.0]",4.333985117591924,4.607835292816162,1.5780274213580192,16.767721480540942,0.2953914212832345,0.5714230984449387,0.0,0.5714230984449387,0.0
9.348311,"[17.57361602783203, 4.524429798126221, 0.0]","[34.35555648803711, 4.5, 0.0]",4.365571735052078,4.621140956878662,1.5793308730077005,16.77494367616608,0.27385017522423816,0.5718783661723137,0.0,0.5718783661723137,0.0
9.367939,"[17.660289764404297, 4.525506019592285, 0.0]","[34.44792175292969, 4.5, 0.0]",4.397182268314967,4.624460220336915,1.5805266631444326,16.781097617088164,0.25556922182658415,0.5723224952816963,0.0,0.5723224952816963,0.0
9.388796,"[17.747594833374023, 4.526611328125, 0.0]","[34.54084396362305, 4.5, 0.0]",4.428823031259691,4.641172409057617,1.582038147236231,16.78673633794945,0.22727795202194834,0.5728555843234062,0.0,0.5728555843234062,0.0
9.40859,"[17.83553123474121, 4.527746200561523, 0.0]","[34.6331672668457, 4.5, 0.0]",4.460488729106346,4.644474506378174,1.5832848923327258,16.792298581531583,0.21234937779792595,0.5733204260468483,0.0,0.5733204260468483,0.0
9.428331,"[17.924100875854492, 4.528911113739014, 0.0]","[34.726844787597656, 4.5, 0.0]",4.4921755406123935,4.661159992218018,1.5843405753023898,16.79662837576573,0.18398577727182808,0.5737106129527092,0.0,0.5737106129527092,0.0
9.449169,"[18.013301849365234, 4.530106544494629, 0.0]","[34.820796966552734, 4.5, 0.0]",4.528881203922732,4.664542198181152,1.8352831655169322,16.801676873881835,0.16898445160562403,0.6645718961954117,0.0,0.6645718961954117,0.0
9.468273,"[18.10313606262207, 4.531332969665527, 0.0]","[34.91352462768555, 4.5, 0.0]",4.565572273929071,4.681125640869141,1.8345535003169378,16.806366314104608,0.13566099425842015,0.6642859429121017,0.0,0.6642859429121017,0.0
9.489482,"[18.19370460510254, 4.532592296600342, 0.0]","[35.00940704345703, 4.5, 0.0]",4.602255803990295,4.684714317321777,1.8341765030612134,16.809195766193277,0.11555336694006968,0.6641697883605957,0.0,0.6641697883605957,0.0
9.509646,"[18.28500747680664, 4.533885478973389, 0.0]","[35.1018180847168, 4.5, 0.0]",4.638953299800154,4.7012505531311035,1.8348747904929574,16.814443016110246,0.08245851333148213,0.6644430011510849,0.0,0.6644430011510849,0.0
9.52815,"[18.377042770385742, 4.535212993621826, 0.0]","[35.195220947265625, 4.5, 0.0]",4.675654212970896,4.704468250274659,1.8350456585370711,16.815482226947907,0.062297253330949154,0.6645267456769943,0.0,0.6645267456769943,0.0
9.54889,"[18.469812393188477, 4.536578178405762, 0.0]","[35.2922248840332, 4.5, 0.0]",4.712370404115106,4.721399784088135,1.8358095572104993,16.816778116012085,0.028814037303763307,0.6647922843694687,0.0,0.6647922843694687,0.0
9.568205,"[18.56331443786621, 4.5379838943481445, 0.0]","[35.38414001464844, 4.5, 0.0]",4.749101795917526,4.724459648132324,1.8365695901210177,16.8209373668724,0.009029379973028995,0.6650818884372711,0.0,0.6650818884372711,0.0
9.589344,"[18.657550811767578, 4.539431571960449, 0.0]","[35.47923278808594, 4.5, 0.0]",4.785849425845995,4.7411885261535645,1.8373814964234292,16.819272206210194,-0.024642147785201907,0.6653767079114914,0.0,0.6653767079114914,0.0
9.609927,"[18.752521514892578, 4.540923118591309, 0.0]","[35.57420349121094, 4.5, 0.0]",4.8226179475498565,4.744559288024902,1.83842608519309,16.82004632690197,-0.044660899692430256,0.6657842546701431,0.0,0.6657842546701431,0.0
9.628511,"[18.84822654724121, 4.54246187210083, 0.0]","[35.66876983642578, 4.5, 0.0]",4.859404316871666,4.761127471923828,1.8393184660904893,16.81995993906779,-0.07805865952495417,0.6661511212587357,0.0,0.6661511212587357,0.0
9.648516,"[18.944665908813477, 4.5440521240234375, 0.0]","[35.76432418823242, 4.5, 0.0]",4.906014174458525,4.764467239379883,2.330492879342927,16.818730155088343,-0.09827684494783817,0.8440349251031876,0.0,0.8440349251031876,0.0
9.668157,"[19.041839599609375, 4.545701026916504, 0.0]","[35.859859466552734, 4.5, 0.0]",4.9525305968402895,4.781136989593506,2.325821119088234,16.81774844179943,-0.14154693507864202,0.8424023538827896,0.0,0.8424023538827896,0.0
9.689222,"[19.139944076538086, 4.547418594360352, 0.0]","[35.955997467041016, 4.5, 0.0]",4.942167043373405,4.7845377922058105,-0.5181776733442334,16.816006579877467,-0.17139360724678365,0.8419160544872284,0.0,0.8419160544872284,0.0
9.708694,"[19.23897933959961, 4.5492119789123535, 0.0]","[36.0510139465332, 4.5, 0.0]",4.988016994320243,4.801141262054443,2.2924975473419096,16.813928398679842,-0.1576292511675943,0.8418057858943939,0.0,0.8418057858943939,0.0
9.728076,"[19.33782196044922, 4.549280643463135, 0.0]","[36.14734649658203, 4.5, 0.0]",5.034100561472709,4.804457664489746,2.3041783576232877,16.809788349546192,-0.18687573226579968,0.8394389599561691,0.0,0.8394389599561691,0.0
9.748573,"[19.437580108642578, 4.5500593185424805, 0.0]","[36.24395751953125, 4.5, 0.0]",5.080214991447796,4.821135520935059,2.305721498754343,16.80743325913579,-0.2296428969829627,0.8377647399902344,0.0,0.8377647399902344,0.0
9.768329,"[19.53825569152832, 4.55122709274292, 0.0]","[36.34053039550781, 4.5, 0.0]",5.126314016170022,4.824476718902588,2.3049512361112967,16.804365955997834,-0.25907947051273705,0.8365871757268906,0.0,0.8365871757268906,0.0
9.789011,"[19.639850616455078, 4.55262565612793, 0.0]","[36.437740325927734, 4.5, 0.0]",5.172405219822518,4.841216564178467,2.304560182624815,16.80028634350365,-0.3018372972674337,0.8359591662883759,0.0,0.8359591662883759,0.0
9.808654,"[19.74236488342285, 4.554187774658203, 0.0]","[36.5335693359375, 4.5, 0.0]",5.218497624314553,4.84446907043457,2.304620224601761,16.795879865215102,-0.3311886556440511,0.8356618136167526,0.0,0.8356618136167526,0.0
9.828432,"[19.84579849243164, 4.555885314941406, 0.0]","[36.63112258911133, 4.5, 0.0]",5.264610215950213,4.861140727996826,2.3056295817829753,16.789136976597558,-0.3740285538799828,0.8357421308755875,0.0,0.8357421308755875,0.0
9.849029,"[19.950153350830078, 4.557706832885742, 0.0]","[36.7287483215332, 4.5, 0.0]",5.30987741870877,4.867820739746095,2.2633601379278723,16.783168757307152,-0.40346948795338644,0.8202413469552994,0.0,0.8202413469552994,0.0
9.868187,"[20.05542755126953, 4.559645652770996, 0.0]","[36.82597732543945, 4.5, 0.0]",5.355183450348789,4.874459743499756,2.2653015820009337,16.776325783040946,-0.4420566789626754,0.8208000659942627,0.0,0.8208000659942627,0.0
9.888607,"[20.161605834960938, 4.5616984367370605, 0.0]","[36.923892974853516, 4.5, 0.0]",5.400534149640904,4.891168594360352,2.267534964605744,16.768144578273745,-0.4807237068490329,0.8215115964412689,0.0,0.8215115964412689,0.0
9.910622,"[20.268688201904297, 4.563863277435303, 0.0]","[37.022300720214844, 4.5, 0.0]",5.445929200711914,4.894582748413086,2.2697525535505303,16.75972621951723,-0.509365555280552,0.8221950381994247,0.0,0.8221950381994247,0.0
9.928395,"[20.37667465209961, 4.566136360168457, 0.0]","[37.120033264160156, 4.5, 0.0]",5.491361512782608,4.911170959472656,2.2716156035346824,16.750877802562368,-0.5513464522988283,0.8228248357772827,0.0,0.8228248357772827,0.0
9.949407,"[20.485567092895508, 4.568512439727783, 0.0]","[37.218971252441406, 4.5, 0.0]",5.536830703448979,4.914549350738525,2.273459533318567,16.74043363836493,-0.5801905533099516,0.8234430104494095,0.0,0.8234430104494095,0.0
9.967723,"[20.595365524291992, 4.570985794067383, 0.0]","[37.316123962402344, 4.5, 0.0]",5.582337403197151,4.931078910827637,2.275334987408595,16.73027334493626,-0.6222813527104538,0.8240915089845657,0.0,0.8240915089845657,0.0
9.990116,"[20.706071853637695, 4.573551654815674, 0.0]","[37.41633224487305, 4.5, 0.0]",5.6278725847070525,4.934586048126221,2.2767590754950717,16.717406905341583,-0.6512584923695144,0.8245775103569031,0.0,0.8245775103569031,0.0
10.008692,"[20.817686080932617, 4.576207160949707, 0.0]","[37.51416778564453, 4.5, 0.0]",5.673436142100517,4.951172828674316,2.2781778696732147,16.706673326710654,-0.6932865365808318,0.8250924199819565,0.0,0.8250924199819565,0.0
10.028589,"[20.93021011352539, 4.578950881958008, 0.0]","[37.61296081542969, 4.5, 0.0]",5.7190228229709215,4.954435348510743,2.2793340435202314,16.692644988884403,-0.7222633134262004,0.8255016058683395,0.0,0.8255016058683395,0.0
10.051996,"[21.043643951416016, 4.581783294677734, 0.0]","[37.71650314331055, 4.5, 0.0]",5.68324142785227,4.971508026123047,-1.7890697559325819,16.678650462699682,-0.7645874744601784,0.0,0.10996896028518677,0.0,0.10996896028518677
10.06855,"[21.157987594604492, 4.584705352783203, 0.0]","[37.81276321411133, 4.5, 0.0]",5.648499688158863,4.974515914916992,-1.7370869846703219,16.668480364142436,-0.711733401729223,0.0,0.10675942152738571,0.0,0.10675942152738571
10.090457,"[21.27161407470703, 4.5876784324646, 0.0]","[37.91221237182617, 4.5, 0.0]",5.614302871043251,4.991177082061768,-1.7098408557806088,16.650105293657994,-0.6739837732418712,0.0,0.10505299270153046,0.0,0.10505299270153046
10.108795,"[21.38454246520996, 4.590712547302246, 0.0]","[38.012508392333984, 4.5, 0.0]",5.58023875953375,4.9945783615112305,-1.703205575475053,16.63562364542432,-0.6231257889814836,0.0,0.10457676649093628,0.0,0.10457676649093628
10.128447,"[21.49678611755371, 4.593825817108154, 0.0]","[38.111995697021484, 4.5, 0.0]",5.546086720595025,5.011143684387207,-1.7076019469362436,16.62267298871543,-0.5856603980225197,0.0,0.1047758162021637,0.0,0.1047758162021637
10.148646,"[21.60834503173828, 4.597048282623291, 0.0]","[38.213279724121094, 4.5, 0.0]",5.518133364459962,5.014555454254151,-1.3976678067531445,16.60957988979237,-0.5349430362078182,0.0,0.08562777191400528,0.0,0.08562777191400528
10.167773,"[21.719215393066406, 4.600403308868408, 0.0]","[38.312889099121094, 4.5, 0.0]",5.489586616843046,5.03113317489624,-1.4273373808458167,16.598940155522342,-0.5035779102058111,0.0,0.08733270317316055,0.0,0.08733270317316055
10.188916,"[21.82952117919922, 4.603919506072998, 0.0]","[38.414424896240234, 4.5, 0.0]",5.4603823940642675,5.034570217132568,-1.4602111389389272,16.587277413184964,-0.4584534419468058,0.0,0.08921395987272263,0.0,0.08921395987272263
10.208614,"[21.939250946044922, 4.60762357711792, 0.0]","[38.514225006103516, 4.5, 0.0]",5.430477346279186,5.051155090332031,-1.4952523892540537,16.578057565114154,-0.42581217693169915,0.0,0.09119268506765366,0.0,0.09119268506765366
10.228717,"[22.04838752746582, 4.611544132232666, 0.0]","[38.61568069458008, 4.5, 0.0]",5.399871289187223,5.054484844207764,-1.5303028545981867,16.56761878206717,-0.3793222559471552,0.0,0.09311705082654953,0.0,0.09311705082654953
10.248789,"[22.156917572021484, 4.615711688995361, 0.0]","[38.719642639160156, 4.5, 0.0]",5.446190583229367,5.071393013000488,2.3159647021071983,16.559355386528026,-0.34538644497945903,0.8462361246347427,0.0,0.8462361246347427,0.0
10.268541,"[22.26482391357422, 4.620162010192871, 0.0]","[38.81949996948242, 4.5, 0.0]",5.491722281341897,5.0778985023498535,2.2765849056264997,16.554114992326248,-0.3747975702288784,0.8344008773565292,0.0,0.8344008773565292,0.0
10.288795,"[22.373640060424805, 4.625007629394531, 0.0]","[38.920982360839844, 4.5, 0.0]",5.536702136829359,5.087896823883057,2.2489927743731375,16.545287753729802,-0.41382377899204315,0.8264791965484619,0.0,0.8264791965484619,0.0
10.308743,"[22.483346939086914, 4.630293369293213, 0.0]","[39.022037506103516, 4.5, 0.0]",5.581312024676251,5.097841262817383,2.230494392344573,16.53703419158769,-0.44880531294630277,0.8217345923185349,0.0,0.8217345923185349,0.0
10.328463,"[22.593931198120117, 4.6360650062561035, 0.0]","[39.124595642089844, 4.5, 0.0]",5.625701322037001,5.107847213745117,2.2194648680375018,16.52728741257663,-0.48347076185886806,0.81955187022686,0.0,0.81955187022686,0.0
10.349952,"[22.705379486083984, 4.642364978790283, 0.0]","[39.227169036865234, 4.5, 0.0]",5.670019245194046,5.117854118347168,2.2158961578522707,16.517959266785706,-0.5178541082918837,0.8193381875753403,0.0,0.8193381875753403,0.0
10.368035,"[22.817684173583984, 4.649230480194092, 0.0]","[39.32903289794922, 4.5, 0.0]",5.714386576205729,5.1277923583984375,2.2183665505841166,16.507541170293038,-0.5521651268468784,0.820552334189415,0.0,0.820552334189415,0.0
10.388695,"[22.93083953857422, 4.656684875488281, 0.0]","[39.43193817138672, 4.5, 0.0]",5.758881956328428,5.137831687927246,2.2247690061349523,16.495280320111398,-0.5865942178072912,0.8227229118347168,0.0,0.8227229118347168,0.0
10.408082,"[23.044843673706055, 4.664741516113281, 0.0]","[39.53413391113281, 4.5, 0.0]",5.803605493190434,5.147790908813477,2.236176843100335,16.482897730790473,-0.6210502684011816,0.8254567533731461,0.0,0.8254567533731461,0.0
10.42787,"[23.15969467163086, 4.673408508300781, 0.0]","[39.63819122314453, 4.5, 0.0]",5.848631171055211,5.1578450202941895,2.2512838932388313,16.468614313218986,-0.6558145843769578,0.8284401148557663,0.0,0.8284401148557663,0.0
10.448969,"[23.2753963470459, 4.682674884796143, 0.0]","[39.74172592163086, 4.5, 0.0]",5.8938420455062515,5.167848110198975,2.260543722552022,16.454970912076885,-0.6907861507610216,0.8302131295204163,0.0,0.8302131295204163,0.0
10.467936,"[23.39195442199707, 4.692513942718506, 0.0]","[39.844810485839844, 4.5, 0.0]",5.948527932677452,5.1778082847595215,2.73429435856003,16.439564193914798,-0.7259939353072768,1.0,0.0,1.0,0.0
10.488818,"[23.509370803833008, 4.702918529510498, 0.0]","[39.94863510131836, 4.5, 0.0]",6.00331097537568,5.187839508056641,2.7391521349113823,16.422455737991257,-0.7707196479179306,1.0,0.0,1.0,0.0
10.508415,"[23.62783432006836, 4.713890552520752, 0.0]","[40.05174255371094, 4.5, 0.0]",6.058181855618847,5.197790622711182,2.743544012158372,16.40482358891812,-0.8154714673190391,1.0,0.0,1.0,0.0
10.527761,"[23.747346878051758, 4.7254157066345215, 0.0]","[40.156005859375, 4.5, 0.0]",6.113125388817345,5.207767963409424,2.747176659924877,16.385018085937002,-0.8603912329076655,1.0,0.0,1.0,0.0
10.548473,"[23.867908477783203, 4.737481117248535, 0.0]","[40.26124572753906, 4.5, 0.0]",6.168118713426138,5.217838764190674,2.7496662304396846,16.364908579631816,-0.9053574254079209,1.0,0.0,1.0,0.0
10.5688,"[23.989521026611328, 4.750079154968262, 0.0]","[40.36528778076172, 4.5, 0.0]",6.223133931522485,5.227794647216797,2.7507609048173176,16.344321047874878,-0.9502799492354645,1.0,0.0,1.0,0.0
10.58985,"[24.1121826171875, 4.763204574584961, 0.0]","[40.470062255859375, 4.5, 0.0]",6.278157459152173,5.237821102142334,2.7511763814844326,16.321089485731232,-0.9953392843056879,1.0,0.0,1.0,0.0
10.608988,"[24.23589324951172, 4.776863098144531, 0.0]","[40.574363708496094, 4.5, 0.0]",6.333180926502687,5.247791290283203,2.751173367525661,16.297147313919456,-1.0403363570098394,1.0,0.0,1.0,0.0
10.62864,"[24.36065101623535, 4.7910661697387695, 0.0]","[40.68027114868164, 4.5, 0.0]",6.388199546942134,5.257829666137695,2.7509310219723915,16.271290901826685,-1.0853896362194835,1.0,0.0,1.0,0.0
10.648694,"[24.486452102661133, 4.805826187133789, 0.0]","[40.78834533691406, 4.5, 0.0]",6.328258309588302,5.268074035644532,-2.9970618676916416,16.245590278757216,-1.1303698808044391,0.0,0.18380245566368103,0.0,0.18380245566368103
10.668051,"[24.613292694091797, 4.821157932281494, 0.0]","[40.890708923339844, 4.5, 0.0]",6.269811410643649,5.277776718139648,-2.922344947232647,16.22059911318821,-1.0601842739437695,0.0,0.17924149334430695,0.0,0.17924149334430695
10.688621,"[24.738887786865234, 4.8367919921875, 0.0]","[40.9968376159668, 4.5, 0.0]",6.212156475219543,5.2911696434021,-2.88274677120528,16.18846216560192,-0.9920346925040002,0.0,0.17684227228164673,0.0,0.17684227228164673
10.7082,"[24.863265991210938, 4.852738380432129, 0.0]","[41.10182571411133, 4.5, 0.0]",6.154737606206976,5.2944440841674805,-2.8709434506283493,16.16098999792047,-0.9209868318174435,0.0,0.1761637181043625,0.0,0.1761637181043625
10.727636,"[24.986440658569336, 4.868993759155273, 0.0]","[41.20814895629883, 4.5, 0.0]",6.097121145304092,5.311093807220459,-2.8808230451442096,16.13327723549276,-0.8602935220394956,0.0,0.17682687938213348,0.0,0.17682687938213348
10.74933,"[25.108417510986328, 4.88554573059082, 0.0]","[41.31504821777344, 4.5, 0.0]",6.049993241351387,5.314465045928955,-2.3563951976352637,16.10778618732195,-0.7860273380836329,0.0,0.1446666121482849,0.0,0.1446666121482849
10.768126,"[25.22919273376465, 4.902378082275391, 0.0]","[41.4213752746582, 4.5, 0.0]",6.002087866387019,5.331115245819092,-2.39526874821836,16.083765531974624,-0.7355281954224315,0.0,0.14719277620315552,0.0,0.14719277620315552
10.789361,"[25.348976135253906, 4.919496536254883, 0.0]","[41.52849197387695, 4.5, 0.0]",5.9533443968337645,5.334506988525391,-2.4371734776627463,16.06008960967446,-0.6709726205679276,0.0,0.1499427855014801,0.0,0.1499427855014801
10.808553,"[25.467754364013672, 4.93687105178833, 0.0]","[41.63467025756836, 4.5, 0.0]",5.903754176047709,5.351131916046143,-2.479511039302773,16.037916727781983,-0.6188374083083739,0.0,0.15273872017860413,0.0,0.15273872017860413
10.828084,"[25.585514068603516, 4.954467296600342, 0.0]","[41.74228286743164, 4.5, 0.0]",5.853340584090529,5.354476451873779,-2.520679597858999,16.01556905473888,-0.5526222600015664,0.0,0.15549881756305695,0.0,0.15549881756305695
10.849751,"[25.70224380493164, 4.972246170043945, 0.0]","[41.85028839111328, 4.5, 0.0]",5.814288499207367,5.371189117431641,-1.9526042441580849,15.995461759289215,-0.49886413221674974,0.0,0.12073428928852081,0.0,0.12073428928852081
10.868612,"[25.81793212890625, 4.990159511566162, 0.0]","[41.959232330322266, 4.5, 0.0]",5.773982173200742,5.37465763092041,-2.0153163003312713,15.976623558114547,-0.4430993817757267,0.0,0.12471465766429901,0.0,0.12471465766429901
10.889339,"[25.932809829711914, 5.008199691772461, 0.0]","[42.067230224609375, 4.5, 0.0]",5.7329670635173775,5.3913702964782715,-2.0507554841682207,15.959676816551479,-0.39932454228033176,0.0,0.12696722149848938,0.0,0.12696722149848938
10.908545,"[26.046857833862305, 5.026322841644287, 0.0]","[42.172279357910156, 4.5, 0.0]",5.691361855353653,5.394465923309326,-2.0802604081862075,15.942582725781211,-0.341596767039106,0.0,0.1288173645734787,0.0,0.1288173645734787
10.927565,"[26.16006851196289, 5.044490814208984, 0.0]","[42.280601501464844, 4.5, 0.0]",5.649263379360932,5.411115646362305,-2.1049237996360493,15.923445707101893,-0.2968959320443272,0.0,0.1303556263446808,0.0,0.1303556263446808
10.948374,"[26.27243423461914, 5.0626678466796875, 0.0]","[42.389644622802734, 4.5, 0.0]",5.620214154667078,5.414499282836914,-1.4524612346927146,15.908511066662165,-0.23814773299862768,0.0,0.09018334001302719,0.0,0.09018334001302719
10.967823,"[26.383955001831055, 5.080802917480469, 0.0]","[42.497257232666016, 4.5, 0.0]",5.5907104381020805,5.431083679199219,-1.4751858282498809,15.895316718281652,-0.20571487183016401,0.0,0.09151353687047958,0.0,0.09151353687047958
10.989496,"[26.494890213012695, 5.098911762237549, 0.0]","[42.60651779174805, 4.5, 0.0]",5.560865992005479,5.4344873428344735,-1.4922223048300598,15.881805275825267,-0.1596267589028617,0.0,0.0924641489982605,0.0,0.0924641489982605
11.00912,"[26.605234146118164, 5.116981029510498, 0.0]","[42.71587371826172, 4.5, 0.0]",5.530793090900073,5.451221466064453,-1.5036450552702973,15.870805048111858,-0.12637864917100572,0.0,0.09306540340185165,0.0,0.09306540340185165
11.028221,"[26.714981079101562, 5.135006427764893, 0.0]","[42.82442855834961, 4.5, 0.0]",5.500562987653521,5.454468727111816,-1.5115051623276088,15.860816075656075,-0.07957162483562019,0.0,0.09344863146543503,0.0,0.09344863146543503
11.048435,"[26.824125289916992, 5.152988910675049, 0.0]","[42.93440246582031, 4.5, 0.0]",5.48073556545559,5.47117805480957,-0.991371109896555,15.85096647696992,-0.046094260541704735,0.0,0.061369504779577255,0.0,0.061369504779577255
11.067884,"[26.932662963867188, 5.170935153961182, 0.0]","[43.043365478515625, 4.5, 0.0]",5.4607124032522565,5.474462985992432,-1.0011581101666778,15.843450604078214,-0.009557510646019729,0.0,0.06186581775546074,0.0,0.06186581775546074
11.089086,"[27.040796279907227, 5.188891887664795, 0.0]","[43.15327072143555, 4.5, 0.0]",5.440628528765502,5.491166114807129,-1.004193724337732,15.83583629681636,0.013750582740175155,0.0,0.061970923095941544,0.0,0.061970923095941544
11.108344,"[27.14851951599121, 5.2068772315979, 0.0]","[43.26233673095703, 4.5, 0.0]",5.420510485549114,5.494450092315674,-1.005902160819394,15.829803042605574,0.05053758604162706,0.0,0.06199831888079643,0.0,0.06199831888079643
11.129688,"[27.255828857421875, 5.224903583526611, 0.0]","[43.37286376953125, 4.5, 0.0]",5.400468290859969,5.5111188888549805,-1.002109734457246,15.823530858022236,0.07393960676655986,0.0,0.061702899634838104,0.0,0.061702899634838104
11.148229,"[27.362720489501953, 5.242981910705566, 0.0]","[43.48377990722656, 4.5, 0.0]",5.389081584044283,5.514490127563477,-0.5693353407842938,15.819247569819503,0.11065059799501142,0.0,0.03504578024148941,0.0,0.03504578024148941
11.167743,"[27.469194412231445, 5.261124134063721, 0.0]","[43.5937614440918, 4.5, 0.0]",5.3777084060263185,5.531109809875488,-0.5686589008982335,15.815851101696031,0.1254085435191934,0.0,0.03497922793030739,0.0,0.03497922793030739
11.188899,"[27.575420379638672, 5.279365062713623, 0.0]","[43.70497131347656, 4.5, 0.0]",5.366413626924852,5.534507751464844,-0.5647389550733184,15.811986485927203,0.15340140384916978,0.0,0.03475663438439369,0.0,0.03475663438439369
11.208845,"[27.681400299072266, 5.297704219818115, 0.0]","[43.81528091430664, 4.5, 0.0]",5.355240587592096,5.551146030426025,-0.558651966637802,15.809584586240437,0.16809412453999162,0.0,0.03442730754613876,0.0,0.03442730754613876
11.228498,"[27.787134170532227, 5.3161301612854, 0.0]","[43.92654800415039, 4.5, 0.0]",5.344208549835071,5.5577921867370605,-0.5516018878512607,15.80652541847143,0.1959054428339293,0.0,0.03403289243578911,0.0,0.03403289243578911
11.249766,"[27.892629623413086, 5.334622383117676, 0.0]","[44.0378532409668, 4.5, 0.0]",5.339042199784851,5.567774772644043,-0.2583175025109963,15.804653900405611,0.21358363690198967,0.0,0.01603536494076252,0.0,0.01603536494076252
11.267799,"[27.997894287109375, 5.3531599044799805, 0.0]","[44.14936065673828, 4.5, 0.0]",5.333982524943749,5.577775478363037,-0.25298374205511287,15.803089560756215,0.22873257285919202,0.0,0.015725869685411453,0.0,0.015725869685411453
11.288733,"[28.103046417236328, 5.37174129486084, 0.0]","[44.2617301940918, 4.5, 0.0]",5.329049197044646,5.58785343170166,-0.24666639495514175,15.802029326549864,0.24379295341928842,0.0,0.015330608002841473,0.0,0.015330608002841473
11.308098,"[28.208091735839844, 5.390343189239502, 0.0]","[44.37283706665039, 4.5, 0.0]",5.324256668847536,5.597807884216309,-0.23962640985550898,15.802049080340192,0.2588042346570143,0.0,0.014880750328302383,0.0,0.014880750328302383
11.327983,"[28.313034057617188, 5.408956527709961, 0.0]","[44.48521041870117, 4.5, 0.0]",5.319612464081337,5.6077966690063485,-0.2322102383099267,15.801097443444645,0.2735512153687729,0.0,0.014402137137949467,0.0,0.014402137137949467
11.350739,"[28.417877197265625, 5.4275803565979, 0.0]","[44.5981330871582, 4.5, 0.0]",5.3194680889453005,5.617834091186523,-0.00721875680183004,15.801684816653701,0.2881842049250114,0.0,0.0005399791989475489,0.0,0.0005399791989475489
11.369546,"[28.522624969482422, 5.446218490600586, 0.0]","[44.709693908691406, 4.5, 0.0]",5.319507773082871,5.627750873565674,0.0019842068785358435,15.803099126300372,0.2983660022412229,0.0002942757055279799,0.0,0.0002942757055279799,0.0
11.388722,"[28.627361297607422, 5.464896202087402, 0.0]","[44.82307052612305, 4.5, 0.0]",5.3196115297142095,5.637828826904297,0.005187831566910717,15.803431316152116,0.30824310048280257,0.0015380184049718082,0.0,0.0015380184049718082,0.0
11.408002,"[28.73208999633789, 5.483623027801514, 0.0]","[44.93505859375, 4.5, 0.0]",5.319789016062975,5.647773265838623,0.008874317438278823,15.805691567988715,0.3182172971900874,0.0029001678922213614,0.0,0.0029001678922213614,0.0
11.427918,"[28.836811065673828, 5.502403736114502, 0.0]","[45.04836654663086, 4.5, 0.0]",5.2620573768968635,5.657756328582764,-2.8865819583055785,15.806685467213589,0.327984249775648,0.0043285617721267045,0.0,0.0043285617721267045,0.0
11.448377,"[28.941526412963867, 5.521237373352051, 0.0]","[45.16213607788086, 4.5, 0.0]",5.263064903780455,5.667780399322511,0.050376344179570154,15.809059793627995,0.3956989516859002,0.027333826292306185,0.0,0.027333826292306185,0.0
11.467831,"[29.045377731323242, 5.538284778594971, 0.0]","[45.27564239501953, 4.5, 0.0]",5.264359887890934,5.677780628204346,0.06474920552395069,15.81196053824191,0.40471549554205577,0.026724920608103275,0.0,0.026724920608103275,0.0
11.491091,"[29.149145126342773, 5.5559515953063965, 0.0]","[45.39087677001953, 4.5, 0.0]",5.265728905617031,5.687933444976807,0.06845088630487162,15.81916954206284,0.4134207403134118,0.026039809454232454,0.0,0.026039809454232454,0.0
11.510766,"[29.252887725830078, 5.573923587799072, 0.0]","[45.503936767578125, 4.5, 0.0]",5.267135887046037,5.6978840827941895,0.07034907145029301,15.827422201506563,0.4222045393597753,0.025851924438029528,0.0,0.025851924438029528,0.0
11.52846,"[29.356632232666016, 5.592040061950684, 0.0]","[45.61784744262695, 4.5, 0.0]",5.268567215122136,5.7078328132629395,0.07156640380494572,15.83303569642724,0.43074819574815226,0.025967189576476812,0.0,0.025967189576476812,0.0
11.548564,"[29.46039581298828, 5.6102166175842285, 0.0]","[45.73283386230469, 4.5, 0.0]",5.272169798892284,5.717875003814697,0.18012918850738302,15.839149334672594,0.43926559814080335,0.06517679430544376,0.0,0.06517679430544376,0.0
11.568938,"[29.564184188842773, 5.628411769866943, 0.0]","[45.84688949584961, 4.5, 0.0]",5.275812398684059,5.727836608886719,0.18212998958877513,15.846138200413101,0.4457052049224135,0.06589455995708704,0.0,0.06589455995708704,0.0
11.590706,"[29.668045043945312, 5.646612167358398, 0.0]","[45.96255111694336, 4.5, 0.0]",5.279501183535401,5.737937927246095,0.18443924256708044,15.8521396150983,0.4520242102026595,0.06674687843769789,0.0,0.06674687843769789,0.0
11.608496,"[29.77198028564453, 5.664809226989746, 0.0]","[46.07592010498047, 4.5, 0.0]",5.283245438567019,5.747828960418701,0.18721275158091188,15.859694918940672,0.45843674371069376,0.06780203897505999,0.0,0.06780203897505999,0.0
11.629038,"[29.875991821289062, 5.68300199508667, 0.0]","[46.19132614135742, 4.5, 0.0]",5.28706249586158,5.75782060623169,0.19085286472804164,15.865018783325976,0.46458352185168206,0.06911526899784803,0.0,0.06911526899784803,0.0
11.648874,"[29.980079650878906, 5.70119047164917, 0.0]","[46.30723571777344, 4.5, 0.0]",5.291702592652581,5.771189212799072,0.23200483955005957,15.872401264166056,0.4707581103701104,0.08402539417147636,0.0,0.08402539417147636,0.0
11.668486,"[30.084245681762695, 5.71937370300293, 0.0]","[46.42241668701172, 4.5, 0.0]",5.296415141286426,5.774495124816895,0.23562743169223133,15.880343197107818,0.4794866201464911,0.0853138417005539,0.0,0.0853138417005539,0.0
11.689368,"[30.188505172729492, 5.737563133239746, 0.0]","[46.538543701171875, 4.5, 0.0]",5.301204787780585,5.791215896606445,0.2394823247079625,15.88762390194831,0.47807998353046965,0.0867027509957552,0.0,0.0867027509957552,0.0
11.708965,"[30.292858123779297, 5.755763053894043, 0.0]","[46.65355682373047, 4.5, 0.0]",5.306035162347722,5.794497489929199,0.24151872835687094,15.895850165711511,0.4900111088258603,0.08745296858251095,0.0,0.08745296858251095,0.0
11.728345,"[30.397306442260742, 5.7739763259887695, 0.0]","[46.76954650878906, 4.5, 0.0]",5.310977785284519,5.81112003326416,0.24713114683980741,15.902967723381998,0.4884623275814768,0.08948184549808502,0.0,0.08948184549808502,0.0
11.749176,"[30.501850128173828, 5.792202949523926, 0.0]","[46.88668441772461, 4.5, 0.0]",5.316646172395557,5.814508438110352,0.2834193555519171,15.911015021588748,0.5001422479796416,0.10262669064104557,0.0,0.10262669064104557,0.0
11.769021,"[30.606491088867188, 5.810444355010986, 0.0]","[47.003089904785156, 4.5, 0.0]",5.322385381488776,5.831166744232178,0.2869604546609672,15.920142590484584,0.49786226571479464,0.10387890972197056,0.0,0.10387890972197056,0.0
11.788911,"[30.711244583129883, 5.828702449798584, 0.0]","[47.11978530883789, 4.5, 0.0]",5.3281895738259974,5.834517002105713,0.29020961686105906,15.928486416742777,0.5087813627434015,0.10510488413274288,0.0,0.10510488413274288,0.0
11.808708,"[30.816112518310547, 5.846978187561035, 0.0]","[47.236114501953125, 4.5, 0.0]",5.3340602830956705,5.851158618927002,0.2935354634836518,15.937030096037182,0.5063274282797154,0.1062939316034317,0.0,0.1062939316034317,0.0
11.827972,"[30.92109489440918, 5.865272521972656, 0.0]","[47.3532600402832, 4.5, 0.0]",5.339994708464517,5.854462623596191,0.2967212684423348,15.945118447496473,0.5170983358313315,0.1074395701289177,0.0,0.1074395701289177,0.0
11.848465,"[31.02619171142578, 5.8835859298706055, 0.0]","[47.47175216674805, 4.5, 0.0]",5.34632550637299,5.871212959289551,0.3165398954236398,15.953910536144289,0.5144679151316742,0.11463583447039127,0.0,0.11463583447039127,0.0
11.86867,"[31.131406784057617, 5.901918888092041, 0.0]","[47.58890151977539, 4.5, 0.0]",5.352712692788009,5.87451696395874,0.31935932075093376,15.963924980237874,0.5248874529165608,0.11564578860998154,0.0,0.11564578860998154,0.0
11.890167,"[31.236745834350586, 5.920273780822754, 0.0]","[47.70646667480469, 4.5, 0.0]",5.359160300270861,5.891188621520996,0.3223803741426057,15.972505316100303,0.5218042711707316,0.1167325209826231,0.0,0.1167325209826231,0.0
11.907972,"[31.34221076965332, 5.938650608062744, 0.0]","[47.823509216308594, 4.5, 0.0]",5.365663568074669,5.894474029541016,0.3251633901903972,15.981375847105078,0.5320283212501353,0.11775447055697441,0.0,0.11775447055697441,0.0
11.928226,"[31.447803497314453, 5.95704984664917, 0.0]","[47.94230270385742, 4.5, 0.0]",5.372221154461094,5.9111647605896,0.3278793193212781,15.989607480034358,0.5288104614663469,0.11871554888784885,0.0,0.11871554888784885,0.0
11.949805,"[31.553524017333984, 5.975471496582031, 0.0]","[48.062068939208984, 4.5, 0.0]",5.379364505377056,5.914605617523193,0.357167545798065,15.99944209106605,0.5389436061285053,0.12934657745063305,0.0,0.12934657745063305,0.0
11.967841,"[31.659374237060547, 5.993912696838379, 0.0]","[48.17876434326172, 4.5, 0.0]",5.386558222308624,5.931119441986084,0.35968584657841696,16.010107438864416,0.5352411121461378,0.13023506850004196,0.0,0.13023506850004196,0.0
11.989034,"[31.765365600585938, 6.012373924255371, 0.0]","[48.29832077026367, 4.5, 0.0]",5.393803378066236,5.934542179107667,0.36225778788061547,16.01762551256329,0.5445612196774601,0.13118108734488487,0.0,0.13118108734488487,0.0
12.008658,"[31.87150001525879, 6.030856609344482, 0.0]","[48.41630935668945, 4.5, 0.0]",5.401097155239392,5.951155662536621,0.3646888586577912,16.02783405081756,0.5407388010414307,0.1320482511073351,0.0,0.1320482511073351,0.0
12.029103,"[31.97777557373047, 6.049367427825928, 0.0]","[48.53592300415039, 4.5, 0.0]",5.408440269454654,5.954498767852783,0.3671557107630896,16.03636397419808,0.550058507297229,0.13296646066009998,0.0,0.13296646066009998,0.0
12.050216,"[32.08419418334961, 6.067905426025391, 0.0]","[48.65715408325195, 4.5, 0.0]",5.4159917280787555,5.971309661865234,0.3775729312050835,16.046345369233645,0.5460584983981294,0.13669315725564957,0.0,0.13669315725564957,0.0
12.068598,"[32.190757751464844, 6.086470127105713, 0.0]","[48.77739334106445, 4.5, 0.0]",5.423610169298718,5.974705696105957,0.3809220609981345,16.057771264570793,0.5553179337864789,0.13791563920676708,0.0,0.13791563920676708,0.0
12.088671,"[32.29747009277344, 6.1050615310668945, 0.0]","[48.89448165893555, 4.5, 0.0]",5.431276853665446,5.9911699295043945,0.38333421833640635,16.06807047154647,0.5510955268072388,0.13881132006645203,0.0,0.13881132006645203,0.0
12.108936,"[32.40433120727539, 6.1236796379089355, 0.0]","[49.01352310180664, 4.5, 0.0]",5.438988268546789,5.994455814361572,0.3855707440671541,16.075110949596954,0.5598930758389482,0.13960984535515308,0.0,0.13960984535515308,0.0
12.128962,"[32.51134490966797, 6.142324447631836, 0.0]","[49.13496780395508, 4.5, 0.0]",5.4467455580325685,6.011200428009033,0.387864474288957,16.0839215396503,0.5554675458147829,0.14044458977878094,0.0,0.14044458977878094,0.0
12.148703,"[32.61851119995117, 6.160996437072754, 0.0]","[49.257484436035156, 4.5, 0.0]",5.454925326798417,6.018034934997559,0.4089884382924236,16.094942492460643,0.5644548699764647,0.1481049321591854,0.0,0.1481049321591854,0.0
12.168029,"[32.725830078125, 6.179695129394531, 0.0]","[49.37529754638672, 4.5, 0.0]",5.463171293428476,6.0278120040893555,0.41229833150295825,16.106861528544727,0.5631096081991416,0.14929150231182575,0.0,0.14929150231182575,0.0
12.188989,"[32.833309173583984, 6.198422431945801, 0.0]","[49.496070861816406, 4.5, 0.0]",5.471463175503148,6.037834644317627,0.41459410373358985,16.11399317242585,0.5646407106608793,0.15012839809060097,0.0,0.15012839809060097,0.0
12.210053,"[32.94095230102539, 6.2171783447265625, 0.0]","[49.618064880371094, 4.5, 0.0]",5.47980201484211,6.047947883605957,0.41694196694810337,16.123877754442038,0.566371468814479,0.15096638351678848,0.0,0.15096638351678848,0.0
12.228413,"[33.04875564575195, 6.235962867736816, 0.0]","[49.73757553100586, 4.5, 0.0]",5.488186830990879,6.057784080505371,0.41924080743842573,16.13479782737365,0.568145868763847,0.15179889276623726,0.0,0.15179889276623726,0.0
12.248448,"[33.15672302246094, 6.2547760009765625, 0.0]","[49.860050201416016, 4.5, 0.0]",5.49678714526722,6.067864418029785,0.4300157138170668,16.14310926968203,0.5695972495144925,0.15571560710668564,0.0,0.15571560710668564,0.0
12.268265,"[33.26485824584961, 6.273618221282959, 0.0]","[49.983436584472656, 4.5, 0.0]",5.505431731249903,6.078020095825195,0.432229299134157,16.154174249406847,0.5710772727625653,0.1565014198422432,0.0,0.1565014198422432,0.0
12.289858,"[33.37316131591797, 6.292490005493164, 0.0]","[50.1038818359375, 4.5, 0.0]",5.51411877129304,6.08793306350708,0.4343520021568459,16.16596462388756,0.5725883645752923,0.15727045014500618,0.0,0.15727045014500618,0.0
12.308618,"[33.48163604736328, 6.311391353607178, 0.0]","[50.22447204589844, 4.5, 0.0]",5.522846427287412,6.097848415374757,0.4363827997186043,16.174687710303694,0.5738142922140401,0.15802089124917984,0.0,0.15802089124917984,0.0
12.328023,"[33.59028244018555, 6.330322265625, 0.0]","[50.346214294433594, 4.5, 0.0]",5.53159725585521,6.107786178588867,0.437541428389876,16.183377559881265,0.5750019880873447,0.15843849629163742,0.0,0.15843849629163742,0.0
12.348793,"[33.699100494384766, 6.349283218383789, 0.0]","[50.46995162963867, 4.5, 0.0]",5.5404042442525405,6.117887496948242,0.4403494198665481,16.193030017964716,0.5761889227336576,0.15946310013532639,0.0,0.15946310013532639,0.0
12.372632,"[33.80809020996094, 6.368274211883545, 0.0]","[50.59556198120117, 4.5, 0.0]",5.549416477930025,6.128141403198242,0.4506116838742358,16.204473058648105,0.5774832526957017,0.16317108646035194,0.0,0.16317108646035194,0.0
12.388976,"[33.91725540161133, 6.387295246124268, 0.0]","[50.7140007019043, 4.5, 0.0]",5.558471390765848,6.137809753417969,0.4527456417911413,16.217584528649265,0.578724925268217,0.16394434496760368,0.0,0.16394434496760368,0.0
12.408083,"[34.02659606933594, 6.406347274780273, 0.0]","[50.83607864379883, 4.5, 0.0]",5.567557299272356,6.147766590118408,0.4542954253254017,16.22345403169782,0.5793383626521207,0.16450360417366028,0.0,0.16450360417366028,0.0
12.427931,"[34.13611602783203, 6.4254302978515625, 0.0]","[50.95942687988281, 4.5, 0.0]",5.576683926046765,6.157754421234131,0.4563313387204282,16.232731803134403,0.5802092908460521,0.16523173078894615,0.0,0.16523173078894615,0.0
12.450303,"[34.24581527709961, 6.444544792175293, 0.0]","[51.08570861816406, 4.5, 0.0]",5.585849320430541,6.1679792404174805,0.45826971918883075,16.243077789052222,0.5810704951873662,0.16592219471931458,0.0,0.16592219471931458,0.0
12.468027,"[34.35569381713867, 6.463690280914307, 0.0]","[51.207122802734375, 4.5, 0.0]",5.595158132459268,6.177810668945313,0.4654406014363399,16.256131050565973,0.5821299199869392,0.168528500944376,0.0,0.168528500944376,0.0
12.489294,"[34.46575164794922, 6.482867240905762, 0.0]","[51.332454681396484, 4.5, 0.0]",5.6045057223291135,6.187958717346191,0.46737949349227037,16.264207043252785,0.5826525364860453,0.16923516988754272,0.0,0.16923516988754272,0.0
12.509654,"[34.575992584228516, 6.502076148986816, 0.0]","[51.45441818237305, 4.5, 0.0]",5.613895878808831,6.197824954986572,0.46950782398589297,16.275962465510972,0.5834529950170779,0.17001554369926453,0.0,0.17001554369926453,0.0
12.528436,"[34.68642044067383, 6.521317481994629, 0.0]","[51.57819366455078, 4.5, 0.0]",5.623342103032642,6.207767009735107,0.47231121119053476,16.284213637305225,0.5839290761777409,0.17101099714636803,0.0,0.17101099714636803,0.0
12.54876,"[34.79703140258789, 6.540590763092041, 0.0]","[51.70387649536133, 4.5, 0.0]",5.632825133975788,6.217861652374268,0.4741515471573088,16.29406018230138,0.5844249067024654,0.17167234793305397,0.0,0.17167234793305397,0.0
12.568435,"[34.90782928466797, 6.559896469116211, 0.0]","[51.82829666137695, 4.5, 0.0]",5.642327589650441,6.2311882972717285,0.47512278373265104,16.305597929834413,0.5850365183984794,0.1720305159687996,0.0,0.1720305159687996,0.0
12.588895,"[35.01881408691406, 6.579235076904297, 0.0]","[51.95298385620117, 4.5, 0.0]",5.651880312251999,6.234537124633789,0.4776361300778742,16.315705968309786,0.5888607076212873,0.17295042052865028,0.0,0.17295042052865028,0.0
12.609171,"[35.12998580932617, 6.598606109619141, 0.0]","[52.07675552368164, 4.5, 0.0]",5.661525980938611,6.25113582611084,0.4822834343306326,16.325885316006385,0.5826568123817903,0.17464570701122284,0.0,0.17464570701122284,0.0
12.628611,"[35.2413444519043, 6.6180100440979, 0.0]","[52.20191955566406, 4.5, 0.0]",5.671208446112932,6.254443168640138,0.48412325871605155,16.334973014468375,0.5896098451722285,0.1753111369907856,0.0,0.1753111369907856,0.0
12.648502,"[35.3528938293457, 6.637446880340576, 0.0]","[52.32784652709961, 4.5, 0.0]",5.6809237962262324,6.271142959594727,0.4857675056650024,16.345241950685967,0.5832347225272052,0.17590492963790894,0.0,0.17590492963790894,0.0
12.668,"[35.46463394165039, 6.656917095184326, 0.0]","[52.452735900878906, 4.5, 0.0]",5.690675881437015,6.274428367614746,0.48760426053910955,16.356069612657933,0.5902191633684941,0.17655713483691216,0.0,0.17655713483691216,0.0
12.69006,"[35.57656478881836, 6.67642068862915, 0.0]","[52.580718994140625, 4.5, 0.0]",5.700458982781823,6.291292190551758,0.4891550672404321,16.365681445291788,0.5837524861777315,0.1771332137286663,0.0,0.1771332137286663,0.0
12.709019,"[35.688690185546875, 6.695957660675049, 0.0]","[52.70591354370117, 4.5, 0.0]",5.710371744845728,6.294591903686523,0.4956381031952173,16.37814744191791,0.5908332077699345,0.17945237457752228,0.0,0.17945237457752228,0.0
12.728178,"[35.80100631713867, 6.71552848815918, 0.0]","[52.83060073852539, 4.5, 0.0]",5.72019293758462,6.31111478805542,0.49105963694460186,16.387668895510647,0.5842201588407958,0.1778319664299488,0.0,0.1778319664299488,0.0
12.751151,"[35.913516998291016, 6.735133171081543, 0.0]","[52.95875930786133, 4.5, 0.0]",5.730045625935078,6.314579486846924,0.49263441752289694,16.396496810093502,0.5909218504708003,0.17844125628471375,0.0,0.17844125628471375,0.0
12.768111,"[36.02622604370117, 6.75475549697876, 0.0]","[53.08464050292969, 4.5, 0.0]",5.739922293863884,6.3311967849731445,0.4938333964403352,16.408547780818918,0.5845338609118462,0.17897093668580055,0.0,0.17897093668580055,0.0
12.789216,"[36.139137268066406, 6.774372577667236, 0.0]","[53.21318435668945, 4.5, 0.0]",5.749824399658028,6.334692001342773,0.49510528970717615,16.418200623379207,0.5912744911092602,0.17955372110009193,0.0,0.17955372110009193,0.0
12.808553,"[36.25225067138672, 6.793968677520752, 0.0]","[53.33742904663086, 4.5, 0.0]",5.759905034965168,6.351171016693115,0.504031765357027,16.430393005851144,0.5848676016847456,0.18287789076566696,0.0,0.18287789076566696,0.0
12.828241,"[36.365570068359375, 6.813530921936035, 0.0]","[53.46396255493164, 4.5, 0.0]",5.770011671042913,6.35442876815796,0.5053318038872323,16.438322341548655,0.5912659817279469,0.1834152266383171,0.0,0.1834152266383171,0.0
12.848801,"[36.479103088378906, 6.833049297332764, 0.0]","[53.59515380859375, 4.5, 0.0]",5.7801487830219775,6.371384620666504,0.5068555989532264,16.448526472808574,0.5844170971150469,0.18399573862552643,0.0,0.18399573862552643,0.0
12.868255,"[36.59284973144531, 6.8525166511535645, 0.0]","[53.7218132019043, 4.5, 0.0]",5.790315027938023,6.37465238571167,0.5083122458022782,16.46336112751329,0.5912358376445264,0.18448684364557266,0.0,0.18448684364557266,0.0
12.889202,"[36.706809997558594, 6.871933937072754, 0.0]","[53.84766387939453, 4.5, 0.0]",5.800513624836624,6.3911895751953125,0.5099298449300349,16.47379747834323,0.5843373577736468,0.18502237275242805,0.0,0.18502237275242805,0.0
12.909005,"[36.82098388671875, 6.891304969787598, 0.0]","[53.97574234008789, 4.5, 0.0]",5.810734934368618,6.394558906555176,0.5110654765997147,16.483494028467167,0.5906759503586887,0.18536996096372604,0.0,0.18536996096372604,0.0
12.927823,"[36.93537139892578, 6.910634517669678, 0.0]","[54.10249710083008, 4.5, 0.0]",5.820853858207804,6.411088943481445,0.5059461919592945,16.495420483996494,0.5838239721865577,0.18348271027207375,0.0,0.18348271027207375,0.0
12.949958,"[37.04997253417969, 6.929925441741943, 0.0]","[54.231441497802734, 4.5, 0.0]",5.831004538141382,6.414457798004151,0.5075339966789105,16.506044244609956,0.5902350852736413,0.18401257693767548,0.0,0.18401257693767548,0.0
12.969,"[37.16478729248047, 6.949179649353027, 0.0]","[54.36033630371094, 4.5, 0.0]",5.841188010403562,6.431154727935791,0.5091736131090041,16.518799500866926,0.5834532598627691,0.18457230180501938,0.0,0.18457230180501938,0.0
12.988999,"[37.27981185913086, 6.968398571014404, 0.0]","[54.48947525024414, 4.5, 0.0]",5.851397057600457,6.434537887573242,0.5104523598447486,16.53145604432179,0.5899667175322287,0.18503211438655853,0.0,0.18503211438655853,0.0
13.009002,"[37.395050048828125, 6.987585067749023, 0.0]","[54.61724853515625, 4.5, 0.0]",5.861751444671799,6.451138973236084,0.517719353567081,16.544283084625945,0.5831408299727849,0.18763922154903412,0.0,0.18763922154903412,0.0
13.028325,"[37.510498046875, 7.006740570068359, 0.0]","[54.74631881713867, 4.5, 0.0]",5.872133817818386,6.454439640045167,0.5191186573293649,16.555674158173026,0.5893875285642851,0.18814954906702042,0.0,0.18814954906702042,0.0
13.048525,"[37.626163482666016, 7.0258660316467285, 0.0]","[54.8758430480957, 4.5, 0.0]",5.882538645417807,6.471107482910156,0.5202413799710204,16.568240712896305,0.5823058222267807,0.18856000155210495,0.0,0.18856000155210495,0.0
13.068963,"[37.742042541503906, 7.044959545135498, 0.0]","[55.008949279785156, 4.5, 0.0]",5.892967600508613,6.478053092956543,0.5214477545403273,16.58113764934497,0.5885688374923497,0.1890074647963047,0.0,0.1890074647963047,0.0
13.090348,"[37.85813903808594, 7.064021587371826, 0.0]","[55.138187408447266, 4.5, 0.0]",5.9033908878526615,6.488032817840576,0.5211643672024202,16.597449257694837,0.5850854924479298,0.188960712403059,0.0,0.188960712403059,0.0
13.109617,"[37.97445297241211, 7.0830464363098145, 0.0]","[55.26734161376953, 4.5, 0.0]",5.913832472433572,6.497995853424072,0.5220792290455023,16.609821606920864,0.5846419299879146,0.18934305757284164,0.0,0.18934305757284164,0.0
13.128413,"[38.09098434448242, 7.102027893066406, 0.0]","[55.39591979980469, 4.5, 0.0]",5.92429394667988,6.507848739624023,0.5230737123154139,16.621997351971302,0.5841633809905007,0.1897636242210865,0.0,0.1897636242210865,0.0
13.149347,"[38.20773696899414, 7.120959758758545, 0.0]","[55.52700424194336, 4.5, 0.0]",5.934776870934697,6.517893314361572,0.5241462127408614,16.63350785622527,0.5835547929441436,0.19021542742848396,0.0,0.19021542742848396,0.0
13.168052,"[38.324710845947266, 7.139835357666016, 0.0]","[55.65872573852539, 4.5, 0.0]",5.945281679615568,6.527987003326416,0.525240434043539,16.64740363320242,0.5831164434268752,0.1906910538673401,0.0,0.1906910538673401,0.0
13.188883,"[38.4419059753418, 7.1586480140686035, 0.0]","[55.787261962890625, 4.5, 0.0]",5.955697151994807,6.53783655166626,0.520773618961945,16.661857193122916,0.5827053237108482,0.18913857638835907,0.0,0.18913857638835907,0.0
13.208621,"[38.559326171875, 7.1773905754089355, 0.0]","[55.9172477722168, 4.5, 0.0]",5.966132393665375,6.547788143157959,0.5217620835284098,16.67311822627577,0.582139399671453,0.18953345715999603,0.0,0.18953345715999603,0.0
13.228072,"[38.67696762084961, 7.196057319641113, 0.0]","[56.04872512817383, 4.5, 0.0]",5.976588687435109,6.557786464691164,0.5228146884867169,16.68576938003725,0.581655749492584,0.18995484337210655,0.0,0.18995484337210655,0.0
13.248591,"[38.79483413696289, 7.214643478393555, 0.0]","[56.181095123291016, 4.5, 0.0]",5.98706819394019,6.567852973937988,0.5239753252540336,16.699865893109532,0.5811977772560546,0.19039737060666084,0.0,0.19039737060666084,0.0
13.268891,"[38.912925720214844, 7.233145236968994, 0.0]","[56.312252044677734, 4.5, 0.0]",5.997570616254406,6.577826976776124,0.5251211157108138,16.714833983178025,0.5807847799977983,0.19085561856627464,0.0,0.19085561856627464,0.0
13.289336,"[39.03124237060547, 7.251558780670166, 0.0]","[56.44523620605469, 4.5, 0.0]",6.0080410872351155,6.587939739227295,0.523523549035465,16.728585489710547,0.5802563605217177,0.19032824784517288,0.0,0.19032824784517288,0.0
13.308564,"[39.14978790283203, 7.269879341125488, 0.0]","[56.574790954589844, 4.5, 0.0]",6.01852376525556,6.597783088684082,0.524133901022239,16.744132107036844,0.5798986519921794,0.19058188423514366,0.0,0.19058188423514366,0.0
13.328091,"[39.268558502197266, 7.288103103637695, 0.0]","[56.7073974609375, 4.5, 0.0]",6.029036255966657,6.607791423797607,0.5256245355548472,16.756281017565858,0.5792593234285217,0.19111387431621552,0.0,0.19111387431621552,0.0
13.348426,"[39.38755798339844, 7.306225776672363, 0.0]","[56.840721130371094, 4.5, 0.0]",6.039562215507729,6.6178531646728525,0.5262979770535914,16.77143694566306,0.5787551678309502,0.19138937816023827,0.0,0.19138937816023827,0.0
13.36799,"[39.50678634643555, 7.324244976043701, 0.0]","[56.97235107421875, 4.5, 0.0]",6.050107736964126,6.6277875900268555,0.5272760728198378,16.787289562522858,0.5782909491651234,0.1917552389204502,0.0,0.1917552389204502,0.0
13.388942,"[39.626243591308594, 7.342156410217285, 0.0]","[57.105262756347656, 4.5, 0.0]",6.060624807869415,6.637818813323975,0.5258535452644431,16.801456099705856,0.5776798530627296,0.19125889986753464,0.0,0.19125889986753464,0.0
13.410341,"[39.74592971801758, 7.359957218170166, 0.0]","[57.23849105834961, 4.5, 0.0]",6.071160522518484,6.647864818572998,0.526785732453483,16.81687381265728,0.5771940054545599,0.19163524731993675,0.0,0.19163524731993675,0.0
13.428325,"[39.8658447265625, 7.37764310836792, 0.0]","[57.371341705322266, 4.5, 0.0]",6.081717870280665,6.65781593322754,0.5278673881090157,16.832584499375628,0.5767042960545137,0.19203156232833862,0.0,0.19203156232833862,0.0
13.448748,"[39.98598861694336, 7.395210266113281, 0.0]","[57.5053825378418, 4.5, 0.0]",6.092295629724169,6.667856693267822,0.5288879721752071,16.84790080308008,0.5760980629468753,0.19244235008955002,0.0,0.19244235008955002,0.0
13.468697,"[40.10636520385742, 7.412655353546143, 0.0]","[57.640892028808594, 4.5, 0.0]",6.033854246958658,6.678007125854492,-2.9220691382755515,16.864375084505134,0.5755610635436534,0.19274085760116577,0.0,0.19274085760116577,0.0
13.489018,"[40.22697448730469, 7.429973602294922, 0.0]","[57.77207565307617, 4.5, 0.0]",6.0437568925628415,6.691166877746582,0.4951322802091873,16.882280340286737,0.6441528788958344,0.19204283133149147,0.0,0.19204283133149147,0.0
13.508806,"[40.34620666503906, 7.448585033416748, 0.0]","[57.90523910522461, 4.5, 0.0]",6.053827954242636,6.694467067718506,0.5035530839897273,16.89588752690015,0.6474099851837405,0.18936622887849808,0.0,0.18936622887849808,0.0
13.528531,"[40.46574783325195, 7.466503620147705, 0.0]","[58.03974914550781, 4.5, 0.0]",6.063903796824529,6.71113395690918,0.5037921290946379,16.907897543283216,0.6406391134758698,0.18728019669651985,0.0,0.18728019669651985,0.0
13.548771,"[40.585548400878906, 7.484022617340088, 0.0]","[58.1776237487793, 4.5, 0.0]",6.0739446153429055,6.714718818664551,0.5020409259188341,16.9222888637124,0.6472301600846508,0.1856515370309353,0.0,0.1856515370309353,0.0
13.568801,"[40.70559310913086, 7.501275539398193, 0.0]","[58.312015533447266, 4.5, 0.0]",6.0839595776218545,6.731376647949219,0.5007481139474468,16.940870751949635,0.6407742033216453,0.1845802366733551,0.0,0.1845802366733551,0.0
13.589381,"[40.825870513916016, 7.518316745758057, 0.0]","[58.44664001464844, 4.5, 0.0]",6.095317390894536,6.734719753265381,0.5678906636340741,16.956694779317505,0.6474170703273643,0.20845644176006317,0.0,0.20845644176006317,0.0
13.608781,"[40.94637680053711, 7.5351667404174805, 0.0]","[58.57810974121094, 4.5, 0.0]",6.1066683511017645,6.751152038574219,0.5675480103614294,16.973292697663133,0.6394023623708449,0.20800193771719933,0.0,0.20800193771719933,0.0
13.628154,"[41.067138671875, 7.551834583282471, 0.0]","[58.71282196044922, 4.5, 0.0]",6.118029076458462,6.754427909851075,0.5680362678348594,16.987189047151432,0.6444836874724542,0.2079092152416706,0.0,0.2079092152416706,0.0
13.648968,"[41.18815612792969, 7.568320274353027, 0.0]","[58.84956741333008, 4.5, 0.0]",6.129416539852966,6.771185874938965,0.5693731697252069,17.00459088753464,0.6363988333926134,0.20809998735785484,0.0,0.20809998735785484,0.0
13.668477,"[41.309425354003906, 7.584623336791992, 0.0]","[58.98716354370117, 4.5, 0.0]",6.140839415585142,6.774674415588379,0.5711437866088076,17.02421978657202,0.641769335085999,0.20850088447332382,0.0,0.20850088447332382,0.0
13.688872,"[41.43095016479492, 7.600744247436523, 0.0]","[59.12047576904297, 4.5, 0.0]",6.15233200248039,6.791179180145264,0.5746293447623785,17.044839232582856,0.6338350000032369,0.20954115316271782,0.0,0.20954115316271782,0.0
13.708763,"[41.55272674560547, 7.616684913635254, 0.0]","[59.255470275878906, 4.5, 0.0]",6.16387415900728,6.794467449188232,0.5771078263445251,17.061305626568952,0.6388471776648741,0.21027199923992157,0.0,0.21027199923992157,0.0
13.728641,"[41.67475891113281, 7.632449626922607, 0.0]","[59.39199447631836, 4.5, 0.0]",6.175467290212335,6.811135292053223,0.5796565602527615,17.079476396875418,0.6305932901809523,0.21102437749505043,0.0,0.21102437749505043,0.0
13.748777,"[41.79704666137695, 7.648043632507324, 0.0]","[59.52840805053711, 4.5, 0.0]",6.187108385872607,6.814462661743164,0.5820547830135858,17.09915152824166,0.6356680018408873,0.21176466718316078,0.0,0.21176466718316078,0.0
13.768091,"[41.91958999633789, 7.663471698760986, 0.0]","[59.66488265991211, 4.5, 0.0]",6.198796091838119,6.831126689910889,0.5843852982756026,17.118672615222195,0.627354275870557,0.21246928721666336,0.0,0.21246928721666336,0.0
13.789,"[42.04238510131836, 7.678739547729492, 0.0]","[59.8018913269043, 4.5, 0.0]",6.210226117007102,6.834497928619385,0.5715012584491586,17.138183665952255,0.6323305980727696,0.20771779119968414,0.0,0.20771779119968414,0.0
13.808667,"[42.165435791015625, 7.693851470947266, 0.0]","[59.93843460083008, 4.5, 0.0]",6.221700731849873,6.85115909576416,0.5737307421385562,17.158124386237088,0.6242718116122825,0.2084725722670555,0.0,0.2084725722670555,0.0
13.828164,"[42.288734436035156, 7.708810329437256, 0.0]","[60.075069427490234, 4.5, 0.0]",6.23321494047705,6.854429721832275,0.5757104313588446,17.177479819761313,0.6294583639142868,0.20914308726787567,0.0,0.20914308726787567,0.0
13.848428,"[42.41228485107422, 7.723617076873779, 0.0]","[60.2139892578125, 4.5, 0.0]",6.2447653155548535,6.871199131011963,0.5775187538901605,17.19679046340509,0.6212147813552251,0.20973119884729385,0.0,0.20973119884729385,0.0
13.868132,"[42.53608322143555, 7.738271713256836, 0.0]","[60.349918365478516, 4.5, 0.0]",6.256347487462997,6.87441873550415,0.579108595407174,17.218204658701822,0.6264338154571094,0.21024297922849655,0.0,0.21024297922849655,0.0
13.888998,"[42.660133361816406, 7.752776622772217, 0.0]","[60.488956451416016, 4.5, 0.0]",6.267937251536956,6.8911967277526855,0.579488203697931,17.23649161440554,0.6180712480411534,0.21034181118011475,0.0,0.21034181118011475,0.0
13.909529,"[42.7844352722168, 7.767132759094238, 0.0]","[60.62627029418945, 4.5, 0.0]",6.279549806488569,6.894508361816406,0.5806277475806532,17.257675025413068,0.62325947621573,0.21073037758469582,0.0,0.21073037758469582,0.0
13.928372,"[42.90898513793945, 7.781339645385742, 0.0]","[60.76667785644531, 4.5, 0.0]",6.291182964902623,6.911312580108643,0.5816579207027051,17.276945099680685,0.6149585553278376,0.21107126027345657,0.0,0.21107126027345657,0.0
13.948818,"[43.03378677368164, 7.795397758483887, 0.0]","[60.906219482421875, 4.5, 0.0]",6.30284423149016,6.914721488952637,0.5830633293768539,17.299079289215655,0.6201296152060198,0.21149544045329094,0.0,0.21149544045329094,0.0
13.968782,"[43.158836364746094, 7.80930757522583, 0.0]","[61.044281005859375, 4.5, 0.0]",6.314528229796361,6.931355953216553,0.5841999153100463,17.320134216080998,0.6118772574624769,0.21186767145991325,0.0,0.21186767145991325,0.0
13.988682,"[43.284141540527344, 7.823071002960205, 0.0]","[61.18061447143555, 4.5, 0.0]",6.32593188926005,6.937866687774658,0.5701829731844743,17.339494701320813,0.616827723420192,0.20673736929893494,0.0,0.20673736929893494,0.0
14.008772,"[43.40969467163086, 7.836689472198486, 0.0]","[61.31892395019531, 4.5, 0.0]",6.337354544715118,6.944511413574219,0.5711327727533799,17.35689129695421,0.611934798514608,0.20697291940450668,0.0,0.20697291940450668,0.0
14.028588,"[43.535491943359375, 7.850165367126465, 0.0]","[61.45781326293945, 4.5, 0.0]",6.348803384309376,6.9611334800720215,0.5724419797128899,17.375997268284824,0.6071568688591009,0.20736951380968094,0.0,0.20736951380968094,0.0
14.048501,"[43.661537170410156, 7.8635029792785645, 0.0]","[61.59839630126953, 4.5, 0.0]",6.360271288997131,6.964544773101807,0.5733952343877746,17.395417171276563,0.6123300957626459,0.20764902234077454,0.0,0.20764902234077454,0.0
14.068489,"[43.78782653808594, 7.876706600189209, 0.0]","[61.737220764160156, 4.5, 0.0]",6.371765162418774,6.981163024902344,0.5746936710821604,17.416231521470152,0.6042734841046755,0.20803354680538177,0.0,0.20803354680538177,0.0
14.089439,"[43.91436004638672, 7.8897809982299805, 0.0]","[61.87984848022461, 4.5, 0.0]",6.383274171215161,6.984720706939697,0.5754504398193472,17.435004997491866,0.6093978624835694,0.20827891305088997,0.0,0.20827891305088997,0.0
14.108606,"[44.041133880615234, 7.902730464935303, 0.0]","[62.016014099121094, 4.5, 0.0]",6.328746086652266,7.0011396408081055,-2.7264042281447853,17.457239856152402,0.601446535724536,0.0,0.1676511913537979,0.0,0.1676511913537979
14.129502,"[44.16815185546875, 7.915557861328125, 0.0]","[62.15675735473633, 4.5, 0.0]",6.274262238880918,7.004490852355957,-2.7241923885673813,17.47272897920537,0.6723935541558399,0.0,0.1675257831811905,0.0,0.1675257831811905
14.148313,"[44.29410171508789, 7.928135395050049, 0.0]","[62.29730224609375, 4.5, 0.0]",6.219440745307649,7.021160125732422,-2.7410746786634466,17.49242731876125,0.7302286134750391,0.0,0.16857348382472992,0.0,0.16857348382472992
14.16793,"[44.41897964477539, 7.940469264984131, 0.0]","[62.43741989135742, 4.5, 0.0]",6.163986620954958,7.0244669914245605,-2.7727062176345463,17.512854723194742,0.8017193804247729,0.0,0.17052412033081055,0.0,0.17052412033081055
14.188839,"[44.54277801513672, 7.952567100524902, 0.0]","[62.57845687866211, 4.5, 0.0]",6.107657982043592,7.041171073913574,-2.8164319455683096,17.533772639599924,0.8604803704696025,0.0,0.17321650683879852,0.0,0.17321650683879852
14.209307,"[44.66548538208008, 7.964435577392578, 0.0]","[62.71876525878906, 4.5, 0.0]",6.059880252647347,7.044483184814453,-2.3888864698122347,17.556512358258487,0.9335130918699823,0.0,0.14693370461463928,0.0,0.14693370461463928
14.228195,"[44.78708267211914, 7.976081848144531, 0.0]","[62.859474182128906, 4.5, 0.0]",6.011454549654484,7.061093807220459,-2.4212851496431487,17.57943967518812,0.9846029321671059,0.0,0.14892826974391937,0.0,0.14892826974391937
14.248329,"[44.907737731933594, 7.98753023147583, 0.0]","[63.00111770629883, 4.5, 0.0]",5.961192851727425,7.06443738937378,-2.5130848963529573,17.603682902559836,1.0496392575659748,0.0,0.1545717865228653,0.0,0.1545717865228653
14.269022,"[45.02743911743164, 7.998786449432373, 0.0]","[63.143829345703125, 4.5, 0.0]",5.909677067861664,7.081189155578613,-2.5757891932880472,17.629609313460396,1.103244537646355,0.0,0.15842345356941223,0.0,0.15842345356941223
14.289831,"[45.146148681640625, 8.00985336303711, 0.0]","[63.286861419677734, 4.5, 0.0]",5.856931215437255,7.084631443023682,-2.637292621220455,17.65736465939539,1.1715120877169491,0.0,0.16220207512378693,0.0,0.16220207512378693
14.308624,"[45.26383972167969, 8.020734786987305, 0.0]","[63.42676544189453, 4.5, 0.0]",5.817641226750595,7.101176738739014,-1.9644994343329891,17.68623785756594,1.2277002275864266,0.0,0.12083128094673157,0.0,0.12083128094673157
14.329967,"[45.380489349365234, 8.03143310546875, 0.0]","[63.57024383544922, 4.5, 0.0]",5.77708476109276,7.104578971862793,-2.027823282891772,17.712830458388368,1.2835355119884184,0.0,0.1247207373380661,0.0,0.1247207373380661
14.34921,"[45.49636459350586, 8.041975975036621, 0.0]","[63.711524963378906, 4.5, 0.0]",5.735390448580781,7.121159553527832,-2.084715625598932,17.74383506385711,1.3274942107700332,0.0,0.12821298837661743,0.0,0.12821298837661743
14.368032,"[45.6114387512207, 8.052364349365234, 0.0]","[63.85367202758789, 4.5, 0.0]",5.692782933472441,7.124468803405762,-2.1303757554170133,17.773259895178363,1.3857691049470509,0.0,0.13101735711097717,0.0,0.13101735711097717
14.388904,"[45.72568893432617, 8.06259822845459, 0.0]","[63.99707794189453, 4.5, 0.0]",5.649223724344912,7.14119815826416,-2.1779604563764376,17.804188507326437,1.4316858699333208,0.0,0.13393770158290863,0.0,0.13393770158290863
14.409008,"[45.83909606933594, 8.07267951965332, 0.0]","[64.13922119140625, 4.5, 0.0]",5.618513196901299,7.147831916809082,-1.5355263721806622,17.83704711249019,1.491974433919248,0.0,0.09444035589694977,0.0,0.09444035589694977
14.428178,"[45.95164489746094, 8.082610130310059, 0.0]","[64.28202819824219, 4.5, 0.0]",5.586885443918393,7.15778398513794,-1.5813876491452827,17.869351532770278,1.5293187199077831,0.0,0.09725616872310638,0.0,0.09725616872310638
14.448646,"[46.0635871887207, 8.092416763305664, 0.0]","[64.42679595947266, 4.5, 0.0]",5.503780649220858,7.167872428894043,-4.155239734876748,17.90304040320031,1.570898541219547,0.0,0.09969761222600937,0.0,0.09969761222600937
14.468286,"[46.174903869628906, 8.102100372314453, 0.0]","[64.56947326660156, 4.5, 0.0]",5.470079865417989,7.177814483642578,-1.685039190143467,17.939163160819795,1.6640917796731847,0.0,0.10188287496566772,0.0,0.10188287496566772
14.488897,"[46.28440856933594, 8.113303184509277, 0.0]","[64.71334838867188, 4.5, 0.0]",5.435772046783608,7.187840938568115,-1.7153909317190408,17.973707291451266,1.7077346182245892,0.0,0.1047419011592865,0.0,0.1047419011592865
14.508621,"[46.393306732177734, 8.123788833618164, 0.0]","[64.8565902709961, 4.5, 0.0]",5.414283010573594,7.19781494140625,-1.0744518105007206,18.006022934840573,1.752068891784507,0.0,0.06568419188261032,0.0,0.06568419188261032
14.528709,"[46.50155258178711, 8.133870124816895, 0.0]","[65.00116729736328, 4.5, 0.0]",5.392011392093098,7.207820415496826,-1.113580924024804,18.039387048041256,1.7835319308326563,0.0,0.0682464987039566,0.0,0.0682464987039566
14.548756,"[46.60939025878906, 8.143714904785156, 0.0]","[65.1468276977539, 4.5, 0.0]",5.3690717669355825,7.21790075302124,-1.1469812578757566,18.075539520990247,1.8158090234037285,0.0,0.07038465142250061,0.0,0.07038465142250061
14.567697,"[46.716796875, 8.15339183807373, 0.0]","[65.2896499633789, 4.5, 0.0]",5.345563300761313,7.227784156799317,-1.1754233087134747,18.113773698832812,1.8488289860856577,0.0,0.07217947393655777,0.0,0.07217947393655777
14.588955,"[46.823753356933594, 8.162931442260742, 0.0]","[65.43514251708984, 4.5, 0.0]",5.321567045866173,7.237853050231935,-1.1998127447570006,18.150028858635874,1.8822208560380043,0.0,0.0737074539065361,0.0,0.0737074539065361
14.609125,"[46.93024826049805, 8.172348976135254, 0.0]","[65.57962799072266, 4.5, 0.0]",5.306343464469929,7.2478437423706055,-0.7611790698121901,18.18967776084754,1.9162860043657624,0.0,0.04676108434796333,0.0,0.04676108434796333
14.628023,"[47.03627395629883, 8.181652069091797, 0.0]","[65.72438049316406, 4.5, 0.0]",5.290430624777838,7.2577924728393555,-0.7956419846045559,18.228976651234117,1.9415002779006763,0.0,0.04889411851763725,0.0,0.04889411851763725
14.648403,"[47.14200210571289, 8.190863609313965, 0.0]","[65.87065124511719, 4.5, 0.0]",5.274124140960322,7.267845630645752,-0.8153241908757991,18.269126001529624,1.9673618480615174,0.0,0.050116050988435745,0.0,0.050116050988435745
14.671107,"[47.24741744995117, 8.199986457824707, 0.0]","[66.01765441894531, 4.5, 0.0]",5.257633504323599,7.27794885635376,-0.8245318318361505,18.31115292525066,1.9937214896854298,0.0,0.050684813410043716,0.0,0.050684813410043716
14.688761,"[47.35251235961914, 8.209024429321289, 0.0]","[66.16162872314453, 4.5, 0.0]",5.247754442456519,7.287844181060791,-0.49395309335400484,18.35425839390069,2.0203153520301607,0.0,0.030359596014022827,0.0,0.030359596014022827
14.708834,"[47.45728302001953, 8.217979431152344, 0.0]","[66.30725860595703, 4.5, 0.0]",5.237690661732993,7.297844886779786,-0.5031890361763214,18.394681638983435,2.040089738604272,0.0,0.030929002910852432,0.0,0.030929002910852432
14.728259,"[47.56186294555664, 8.2268648147583, 0.0]","[66.45297241210938, 4.5, 0.0]",5.227166358433092,7.307791233062744,-0.5262151649950475,18.43708389687765,2.0601542250467935,0.0,0.03234324976801872,0.0,0.03234324976801872
14.749517,"[47.66624450683594, 8.235681533813477, 0.0]","[66.60120391845703, 4.5, 0.0]",5.216379955744626,7.317909240722656,-0.5393201344232601,18.479767228806736,2.0806248746296525,0.0,0.03314778953790665,0.0,0.03314778953790665
14.768836,"[47.77042007446289, 8.244429588317871, 0.0]","[66.74613952636719, 4.5, 0.0]",5.205344462837887,7.327802658081055,-0.5517746453369554,18.525166680700487,2.10152928497803,0.0,0.03391263633966446,0.0,0.03391263633966446
14.790295,"[47.874385833740234, 8.253108978271484, 0.0]","[66.89335632324219, 4.5, 0.0]",5.19417784417389,7.337851524353027,-0.5583309331998798,18.567497336667792,2.1224581952431674,0.0,0.03431438282132149,0.0,0.03431438282132149
14.810761,"[47.97813415527344, 8.261719703674316, 0.0]","[67.03924560546875, 4.5, 0.0]",5.187879006730127,7.34780216217041,-0.31494187218812364,18.61232563667421,2.1436736801791376,0.0,0.01935230754315853,0.0,0.01935230754315853
14.828634,"[48.0816650390625, 8.270262718200684, 0.0]","[67.18624877929688, 4.5, 0.0]",5.1812967868951905,7.3611016273498535,-0.32911099174683933,18.65606828348385,2.159923155440283,0.0,0.020223189145326614,0.0,0.020223189145326614
14.849078,"[48.18507385253906, 8.278746604919434, 0.0]","[67.33524322509766, 4.5, 0.0]",5.174578849447883,7.36453676223755,-0.335896872365371,18.701156979081503,2.179804840454663,0.0,0.02063966915011406,0.0,0.02063966915011406
14.869756,"[48.28835678100586, 8.287169456481934, 0.0]","[67.48193359375, 4.5, 0.0]",5.167486914094123,7.381148338317871,-0.35459676768798687,18.748377305270875,2.1899579127896667,0.0,0.021786656230688095,0.0,0.021786656230688095
14.88955,"[48.391510009765625, 8.295531272888184, 0.0]","[67.62976837158203, 4.5, 0.0]",5.164476240594889,7.384504318237305,-0.15053367496169479,18.79345129805918,2.213661424223748,0.0,0.009243396110832691,0.0,0.009243396110832691
14.909429,"[48.49452590942383, 8.30383014678955, 0.0]","[67.77713775634766, 4.5, 0.0]",5.161197124706777,7.401154041290283,-0.16395579440562358,18.839817340350653,2.2200280776424153,0.0,0.010065644048154354,0.0,0.010065644048154354
14.928986,"[48.59748458862305, 8.31207275390625, 0.0]","[67.92561340332031, 4.5, 0.0]",5.157792503871605,7.4044861793518075,-0.17023104175861725,18.88588009500614,2.2399569165835063,0.0,0.010449365712702274,0.0,0.010449365712702274
14.950292,"[48.700382232666016, 8.320258140563965, 0.0]","[68.07406616210938, 4.5, 0.0]",5.108608493439428,7.421149253845215,-2.4592005216088175,18.933127877014247,2.246693675480203,0.0,0.011466076597571373,0.0,0.011466076597571373
14.969045,"[48.803218841552734, 8.328384399414062, 0.0]","[68.2225112915039, 4.5, 0.0]",5.104045234913367,7.4244794845581055,-0.2281629263030549,18.98044025580945,2.3125407604057866,0.0,0.01207933109253645,0.0,0.01207933109253645
14.98979,"[48.9049186706543, 8.338207244873047, 0.0]","[68.37161254882812, 4.5, 0.0]",5.104459074769775,7.44118595123291,0.02069199282037637,19.02783396234154,2.3204342496447383,0.012270775623619556,0.0,0.012270775623619556,0.0
15.009735,"[49.006591796875, 8.34732723236084, 0.0]","[68.51991271972656, 4.5, 0.0]",5.104898564898497,7.444498538970947,0.02197450643612875,19.071557555328617,2.3367268764631355,0.010452354326844215,0.0,0.010452354326844215,0.0
15.028412,"[49.10830307006836, 8.356082916259766, 0.0]","[68.66814422607422, 4.5, 0.0]",5.1051409009677915,7.4610795974731445,0.012116803464712333,19.115775951912195,2.33959997407245,0.006000968278385699,0.0,0.006000968278385699,0.0
15.050104,"[49.21004104614258, 8.36463737487793, 0.0]","[68.82225036621094, 4.5, 0.0]",5.105282349910375,7.4647216796875,0.007072447129186088,19.160895596835996,2.355938696505353,0.003704763075802475,0.0,0.003704763075802475,0.0
15.069041,"[49.31179428100586, 8.37306022644043, 0.0]","[68.96863555908203, 4.5, 0.0]",5.1053363874368864,7.481179714202881,0.002701876325561514,19.212635715147872,2.359439329777125,0.0018199501209892333,0.0,0.0018199501209892333,0.0
15.089857,"[49.41355895996094, 8.381381034851074, 0.0]","[69.11819458007812, 4.5, 0.0]",5.105355171045679,7.484517097473145,0.0009391804396408077,19.257285920059836,2.3758433267659944,0.0010071977158077061,0.0,0.0010071977158077061,0.0
15.108876,"[49.51533508300781, 8.38961124420166, 0.0]","[69.26734924316406, 4.5, 0.0]",5.106234781851381,7.501152515411377,0.04398054028507126,19.305559180933688,2.379161926427466,0.016439631581306458,0.0,0.016439631581306458,0.0
15.129657,"[49.61711502075195, 8.39775562286377, 0.0]","[69.42108917236328, 4.5, 0.0]",5.107053653080203,7.504702091217041,0.04094356144110911,19.35377894520264,2.3949177335599963,0.0152180518489331,0.0,0.0152180518489331,0.0
15.148925,"[49.71892166137695, 8.405817985534668, 0.0]","[69.56734466552734, 4.5, 0.0]",5.107817866489106,7.521085739135742,0.03821067044516013,19.406842762487663,2.397648438136838,0.014132497599348426,0.0,0.014132497599348426,0.0
15.169316,"[49.82075119018555, 8.413798332214355, 0.0]","[69.72119140625, 4.5, 0.0]",5.1085378532817725,7.524641990661621,0.03599933963331914,19.452633848340312,2.413267872646636,0.013256281381472945,0.0,0.013256281381472945,0.0
15.19063,"[49.92259979248047, 8.42170238494873, 0.0]","[69.86946868896484, 4.5, 0.0]",5.109212566717864,7.541160583496094,0.033735671804580036,19.506131012674356,2.4161041373798486,0.01240748562850058,0.0,0.01240748562850058,0.0
15.210958,"[50.024471282958984, 8.429534912109375, 0.0]","[70.02143859863281, 4.5, 0.0]",5.110981271122638,7.544583797454834,0.08843522023869177,19.554186693982682,2.4319480167782297,0.03216974437236786,0.0,0.03216974437236786,0.0
15.229372,"[50.12636184692383, 8.437301635742188, 0.0]","[70.17124938964844, 4.5, 0.0]",5.1126687562387,7.56113862991333,0.0843742558031213,19.605999461855948,2.433602526332196,0.03066436853259802,0.0,0.03066436853259802,0.0
15.249797,"[50.22829055786133, 8.4450101852417, 0.0]","[70.32482147216797, 4.5, 0.0]",5.114306659904768,7.5646095275878915,0.08189518330339318,19.655717227680714,2.4484698736746298,0.0297500379383564,0.0,0.0297500379383564,0.0
15.268748,"[50.330257415771484, 8.452666282653809, 0.0]","[70.47359466552734, 4.5, 0.0]",5.1158982658038905,7.581095218658447,0.0795802949561164,19.70920828090657,2.4503028676831233,0.02890238305553794,0.0,0.02890238305553794,0.0
15.291539,"[50.43225860595703, 8.460272789001465, 0.0]","[70.62672424316406, 4.5, 0.0]",5.117439527871702,7.584536552429199,0.07706310339057332,19.757930733919224,2.4651969528545568,0.027977877762168646,0.0,0.027977877762168646,0.0
15.30976,"[50.534297943115234, 8.4678316116333, 0.0]","[70.77873229980469, 4.5, 0.0]",5.119724885066032,7.6012282371521,0.11426785971648812,19.811003560687034,2.4670970245574972,0.04143992438912392,0.0,0.04143992438912392,0.0
15.32891,"[50.63637161254883, 8.47534465789795, 0.0]","[70.92911529541016, 4.5, 0.0]",5.121924815236811,7.6044230461120605,0.10999650853897869,19.862952442151343,2.481503352086068,0.03988774958997965,0.0,0.03988774958997965,0.0
15.350189,"[50.738494873046875, 8.48281192779541, 0.0]","[71.0844955444336, 4.5, 0.0]",5.124069650277881,7.621278762817383,0.10724175205347741,19.913276627427635,2.4824982308752492,0.03888360224664211,0.0,0.03888360224664211,0.0
15.368941,"[50.84066390991211, 8.490234375, 0.0]","[71.23486328125, 4.5, 0.0]",5.126160910305437,7.627805709838867,0.10456300137779984,19.968557857387047,2.497209112539502,0.03792190691456199,0.0,0.03792190691456199,0.0
15.389995,"[50.94287872314453, 8.497611045837402, 0.0]","[71.38787078857422, 4.5, 0.0]",5.128200837037465,7.637838840484619,0.1019963366013954,20.018817651402784,2.5016447995334303,0.03699515713378787,0.0,0.03699515713378787,0.0
15.409837,"[51.04513931274414, 8.504941940307617, 0.0]","[71.5400619506836, 4.5, 0.0]",5.131185635266079,7.647810935974121,0.1492399114307208,20.071683700638033,2.5096380034471544,0.05408585537225008,0.0,0.05408585537225008,0.0
15.429237,"[51.14744567871094, 8.512227058410645, 0.0]","[71.69306182861328, 4.5, 0.0]",5.134077136401263,7.657778263092041,0.14457505675919968,20.123705250670923,2.516625300708042,0.05240981467068195,0.0,0.05240981467068195,0.0
15.449445,"[51.249813079833984, 8.519466400146484, 0.0]","[71.84700775146484, 4.5, 0.0]",5.136910459101357,7.667807579040527,0.14166613500470326,20.17650457981628,2.523701126690778,0.05135995801538229,0.0,0.05135995801538229,0.0
15.46982,"[51.35224151611328, 8.526659965515137, 0.0]","[72.00025939941406, 4.5, 0.0]",5.139688276307835,7.677791595458984,0.13889086032388143,20.230198928704144,2.53089711993917,0.05034979432821274,0.0,0.05034979432821274,0.0
15.489956,"[51.45473098754883, 8.533805847167969, 0.0]","[72.15461730957031, 4.5, 0.0]",5.142411499280245,7.687847137451172,0.136161148620495,20.283155670034688,2.5381033191511495,0.049374671652913094,0.0,0.049374671652913094,0.0
15.509988,"[51.55727767944336, 8.540903091430664, 0.0]","[72.30895233154297, 4.5, 0.0]",5.145806200880669,7.6978936195373535,0.16973508002120496,20.337167201136094,2.545435638170927,0.061548417434096336,0.0,0.061548417434096336,0.0
15.529226,"[51.65988540649414, 8.547950744628906, 0.0]","[72.46145629882812, 4.5, 0.0]",5.1491152910856215,7.707764148712158,0.16545451024763125,20.391118855044645,2.5520874186566846,0.06001429632306099,0.0,0.06001429632306099,0.0
15.551167,"[51.7625617980957, 8.554946899414062, 0.0]","[72.61676025390625, 4.5, 0.0]",5.152369171156249,7.717816352844238,0.16269400353139396,20.443204355415098,2.5586488576265367,0.05903478246182203,0.0,0.05903478246182203,0.0
15.569493,"[51.86531066894531, 8.561890602111816, 0.0]","[72.7714614868164, 4.5, 0.0]",5.155576056970467,7.727828979492189,0.16034429071090095,20.49803654644333,2.565447181687989,0.05819890648126602,0.0,0.05819890648126602,0.0
15.589595,"[51.9681282043457, 8.568778991699219, 0.0]","[72.92584228515625, 4.5, 0.0]",5.158736485086396,7.737821578979492,0.15802140579643797,20.552230223654878,2.572252922521722,0.05736022721976042,0.0,0.05736022721976042,0.0
15.609585,"[52.071014404296875, 8.575611114501953, 0.0]","[73.0802001953125, 4.5, 0.0]",5.162562422476432,7.747805118560791,0.19129686950178915,20.60607148338907,2.579085093893096,0.06942820269614458,0.0,0.06942820269614458,0.0
15.629728,"[52.17396545410156, 8.582385063171387, 0.0]","[73.23544311523438, 4.5, 0.0]",5.166337395979941,7.757788181304932,0.18874867517544303,20.65986070503509,2.585242696084359,0.06849186960607767,0.0,0.06849186960607767,0.0
15.649456,"[52.27699661254883, 8.58910083770752, 0.0]","[73.3921127319336, 4.5, 0.0]",5.170067364084108,7.767863750457764,0.18649840520836847,20.714510215698652,2.591450785324991,0.06767608225345612,0.0,0.06767608225345612,0.0
15.66947,"[52.38010787963867, 8.595758438110352, 0.0]","[73.54691314697266, 4.5, 0.0]",5.173751535039937,7.77781867980957,0.18420854779144236,20.770552488179625,2.5977963863736555,0.06683879531919956,0.0,0.06683879531919956,0.0
15.689852,"[52.483299255371094, 8.602356910705566, 0.0]","[73.70267486572266, 4.5, 0.0]",5.178059054775308,7.787836074829102,0.2153759867685512,20.82469316541899,2.6040671447696333,0.07811387535184622,0.0,0.07811387535184622,0.0
15.711869,"[52.58656692504883, 8.608896255493164, 0.0]","[73.85962677001953, 4.5, 0.0]",5.182321856928665,7.7979207038879395,0.21314010766784186,20.879758445466564,2.6097770200537935,0.07728032767772675,0.0,0.07728032767772675,0.0
15.729304,"[52.68992614746094, 8.615377426147461, 0.0]","[74.01765441894531, 4.5, 0.0]",5.186537843491512,7.808018684387207,0.21079932814234148,20.935975194426526,2.6155988469592746,0.07641598116606474,0.0,0.07641598116606474,0.0
15.749591,"[52.793373107910156, 8.62180233001709, 0.0]","[74.17192077636719, 4.5, 0.0]",5.19071045222812,7.817875862121583,0.20863043683041482,20.993209457245303,2.6214808408956953,0.07564759347587824,0.0,0.07564759347587824,0.0
15.769357,"[52.896907806396484, 8.62817096710205, 0.0]","[74.32786560058594, 4.5, 0.0]",5.194838255961072,7.827840328216553,0.20639018664758702,21.046636168993093,2.627165409893463,0.07483739871531725,0.0,0.07483739871531725,0.0
15.790154,"[53.00053024291992, 8.634483337402344, 0.0]","[74.48455810546875, 4.5, 0.0]",5.199535310098348,7.841185569763184,0.23485270686380844,21.10167600815331,2.633002072255481,0.08512706495821476,0.0,0.08512706495821476,0.0
15.80977,"[53.1042366027832, 8.640740394592285, 0.0]","[74.64022827148438, 4.5, 0.0]",5.204185162147407,7.844459533691406,0.23249260245297165,21.15739660416494,2.6416502596648357,0.08427734486758709,0.0,0.08427734486758709,0.0
15.830031,"[53.20804214477539, 8.646942138671875, 0.0]","[74.79749298095703, 4.5, 0.0]",5.208793492617511,7.861110687255859,0.2304165235051947,21.212030338550868,2.640274371543999,0.08350977674126625,0.0,0.08350977674126625,0.0
15.849494,"[53.31194305419922, 8.653088569641113, 0.0]","[74.95552062988281, 4.5, 0.0]",5.213364163567741,7.86447811126709,0.22853354751148913,21.26817211843365,2.652317194638348,0.0828112754970789,0.0,0.0828112754970789,0.0
15.869152,"[53.41593933105469, 8.659181594848633, 0.0]","[75.11353302001953, 4.5, 0.0]",5.2178925038738555,7.881176948547363,0.22641701530572433,21.324998166051202,2.651113947699349,0.08204772137105465,0.0,0.08204772137105465,0.0
15.889712,"[53.5200309753418, 8.665221214294434, 0.0]","[75.27081298828125, 4.5, 0.0]",5.222879309002754,7.884496212005617,0.24934025644491875,21.381725790193748,2.663284444673508,0.09033209644258022,0.0,0.09033209644258022,0.0
15.910941,"[53.62421798706055, 8.671207427978516, 0.0]","[75.4289321899414, 4.5, 0.0]",5.22784190221446,7.901194095611572,0.2481296605853167,21.437631748720488,2.661616903002863,0.08994403295218945,0.0,0.08994403295218945,0.0
15.929674,"[53.72850799560547, 8.677141189575195, 0.0]","[75.58670043945312, 4.5, 0.0]",5.232740376313957,7.904481887817383,0.24492370497481986,21.494286480485957,2.673352193397112,0.08875531144440174,0.0,0.08875531144440174,0.0
15.949395,"[53.83290100097656, 8.68302059173584, 0.0]","[75.74530029296875, 4.5, 0.0]",5.237599397529216,7.921154499053955,0.2429510607629748,21.550494441487302,2.671741511503426,0.08806266821920872,0.0,0.08806266821920872,0.0
15.970616,"[53.93739318847656, 8.68884563446045, 0.0]","[75.9040298461914, 4.5, 0.0]",5.242423635823671,7.924502849578857,0.24121191472272763,21.607434314880415,2.683555101524739,0.08742059580981731,0.0,0.08742059580981731,0.0
15.991808,"[54.04198455810547, 8.694615364074707, 0.0]","[76.06495666503906, 4.5, 0.0]",5.24721293666369,7.941322326660156,0.23946504200096363,21.664415934026078,2.6820792137551868,0.08681974373757839,0.0,0.08681974373757839,0.0
16.009534,"[54.14667892456055, 8.700328826904297, 0.0]","[76.22106170654297, 4.5, 0.0]",5.252634686548126,7.944497108459473,0.2710874942218222,21.72350359754584,2.6941093899964663,0.09825308807194233,0.0,0.09825308807194233,0.0
16.029382,"[54.25147247314453, 8.705985069274902, 0.0]","[76.37943267822266, 4.5, 0.0]",5.25801624568622,7.961092948913574,0.26907795690469527,21.777689809419964,2.6918624219113463,0.09752784855663776,0.0,0.09752784855663776,0.0
16.052203,"[54.35637664794922, 8.711585998535156, 0.0]","[76.54248046875, 4.5, 0.0]",5.263363819546747,7.964649200439453,0.2673786930263322,21.83405328838057,2.703076703227354,0.09684604592621326,0.0,0.09684604592621326,0.0
16.068724,"[54.46139144897461, 8.717130661010742, 0.0]","[76.69886016845703, 4.5, 0.0]",5.303196617742998,7.981119632720947,1.9916399098125481,21.89498766767753,2.701285380892706,0.7212010771036148,0.0,0.7212010771036148,0.0
16.090133,"[54.5665168762207, 8.722624778747559, 0.0]","[76.85953521728516, 4.5, 0.0]",5.342997929753845,7.984527587890627,1.9900656005423567,21.94916678698654,2.6779230149779494,0.7205870002508163,0.0,0.7205870002508163,0.0
16.111934,"[54.67243957519531, 8.728107452392578, 0.0]","[77.02085876464844, 4.5, 0.0]",5.383194103632779,8.001299858093262,2.009808693946713,22.007518633758647,2.6415296581367818,0.7277331501245499,0.0,0.7277331501245499,0.0
16.129038,"[54.77915954589844, 8.733582496643066, 0.0]","[77.17857360839844, 4.5, 0.0]",5.423040679901271,8.004457473754883,1.992328813424571,22.065711368588147,2.6181057544604824,0.7214007526636124,0.0,0.7214007526636124,0.0
16.149599,"[54.88668441772461, 8.73905086517334, 0.0]","[77.34043884277344, 4.5, 0.0]",5.463059413500251,8.021210670471191,2.000936679949028,22.119489389898245,2.581416793853612,0.7245294749736786,0.0,0.7245294749736786,0.0
16.169857,"[54.9950065612793, 8.744511604309082, 0.0]","[77.5012435913086, 4.5, 0.0]",5.503286938793492,8.024561882019043,2.011376264662035,22.17657938814535,2.55815125697094,0.7283040881156921,0.0,0.7283040881156921,0.0
16.195017,"[55.104129791259766, 8.749963760375977, 0.0]","[77.66082000732422, 4.5, 0.0]",5.543750776672067,8.041172981262207,2.0231918939287663,22.231787475590227,2.521274943225551,0.7326199859380722,0.0,0.7326199859380722,0.0
16.208977,"[55.21406173706055, 8.755404472351074, 0.0]","[77.8197021484375, 4.5, 0.0]",5.58121952067526,8.044397354125977,1.8734372001596444,22.284944333018654,2.4974222045901397,0.6783998757600784,0.0,0.6783998757600784,0.0
16.229783,"[55.32480239868164, 8.760830879211426, 0.0]","[77.98192596435547, 4.5, 0.0]",5.618921693918396,8.06110954284668,1.885108662156787,22.336584336733484,2.4631778334507164,0.6826408952474594,0.0,0.6826408952474594,0.0
16.25117,"[55.43629455566406, 8.766237258911133, 0.0]","[78.1462631225586, 4.5, 0.0]",5.65690191471476,8.064617156982422,1.8990110398182214,22.390746188747972,2.4421878489282838,0.6877095997333527,0.0,0.6877095997333527,0.0
16.26965,"[55.548545837402344, 8.771621704101562, 0.0]","[78.30919647216797, 4.5, 0.0]",5.695030399194929,8.081374168395996,1.9064242240084184,22.446265364188605,2.4077152422676615,0.6904223561286926,0.0,0.6904223561286926,0.0
16.289698,"[55.661556243896484, 8.77698040008545, 0.0]","[78.46712493896484, 4.5, 0.0]",5.731181179266598,8.08781909942627,1.8075390035834804,22.499628853805802,2.3863437692010674,0.6546176970005035,0.0,0.6546176970005035,0.0
16.30992,"[55.775333404541016, 8.782310485839844, 0.0]","[78.62950897216797, 4.5, 0.0]",5.76758792006616,8.09786605834961,1.8203370399780816,22.54725295362082,2.356637920159671,0.6592678278684616,0.0,0.6592678278684616,0.0
16.329748,"[55.889835357666016, 8.787607192993164, 0.0]","[78.79136657714844, 4.5, 0.0]",5.804230417428723,8.107827186584473,1.83212486812816,22.59858431925392,2.3302781382834494,0.6635528802871704,0.0,0.6635528802871704,0.0
16.349229,"[56.00506591796875, 8.792868614196777, 0.0]","[78.95303344726562, 4.5, 0.0]",5.779874434059144,8.117775917053223,-1.2177991684789724,22.64869944104832,2.3035967691557495,0.6674975901842117,0.0,0.6674975901842117,0.0
16.369582,"[56.12103271484375, 8.798091888427734, 0.0]","[79.11597442626953, 4.5, 0.0]",5.81634229906682,8.127802848815918,1.823393250383809,22.697931017858618,2.337901482994079,0.6696316599845886,0.0,0.6696316599845886,0.0
16.390458,"[56.236427307128906, 8.804910659790039, 0.0]","[79.27967071533203, 4.5, 0.0]",5.853232188823352,8.137876510620117,1.8444944878265979,22.747733532278303,2.311460549749098,0.6720612943172455,0.0,0.6720612943172455,0.0
16.409955,"[56.35258865356445, 8.811110496520996, 0.0]","[79.44051361083984, 4.5, 0.0]",5.888835540528048,8.147768020629883,1.7801675852348264,22.7939074210203,2.2846443217967654,0.6470327079296112,0.0,0.6470327079296112,0.0
16.42901,"[56.469505310058594, 8.816996574401855, 0.0]","[79.60357666015625, 4.5, 0.0]",5.924562042420989,8.157740592956543,1.7863250946470455,22.837620597094723,2.2589324801018345,0.6485647708177567,0.0,0.6485647708177567,0.0
16.449737,"[56.58714294433594, 8.822702407836914, 0.0]","[79.76788330078125, 4.5, 0.0]",5.960410713491297,8.167790412902832,1.7924335535153713,22.883735986543712,2.2331785505355537,0.6503884494304657,0.0,0.6503884494304657,0.0
16.471509,"[56.705501556396484, 8.828282356262207, 0.0]","[79.93217468261719, 4.5, 0.0]",5.996387891154907,8.177838325500488,1.7988588831804986,22.93112556855658,2.2073796994115353,0.652485191822052,0.0,0.652485191822052,0.0
16.490919,"[56.8245849609375, 8.833760261535645, 0.0]","[80.09579467773438, 4.5, 0.0]",6.029799240406007,8.187846183776857,1.670567462555006,22.978383626612256,2.1814504343455816,0.6058758497238159,0.0,0.6058758497238159,0.0
16.509298,"[56.944393157958984, 8.839143753051758, 0.0]","[80.25879669189453, 4.5, 0.0]",6.063377181484374,8.197808265686035,1.6788970539183712,23.024735127705043,2.1580469433708505,0.6087508797645569,0.0,0.6087508797645569,0.0
16.529678,"[57.06487274169922, 8.844433784484863, 0.0]","[80.42373657226562, 4.5, 0.0]",6.09712113324638,8.20783519744873,1.6871975881002754,23.070143266119953,2.134431084201661,0.6116506084799767,0.0,0.6116506084799767,0.0
16.549487,"[57.18602752685547, 8.849631309509277, 0.0]","[80.5887451171875, 4.5, 0.0]",6.131032227720241,8.217865943908691,1.6955547236930713,23.117145963527904,2.1107140642023507,0.6145534664392471,0.0,0.6145534664392471,0.0
16.569591,"[57.307861328125, 8.854737281799316, 0.0]","[80.75225830078125, 4.5, 0.0]",6.165107006697032,8.227806091308594,1.7037389488395505,23.163817470467134,2.0868337161884503,0.617440715432167,0.0,0.617440715432167,0.0
16.589865,"[57.43037796020508, 8.859756469726562, 0.0]","[80.91734313964844, 4.5, 0.0]",6.1993444158248945,8.237841606140137,1.7118704563931164,23.208549044219495,2.0626990846115616,0.6202970072627068,0.0,0.6202970072627068,0.0
16.609553,"[57.55358123779297, 8.864691734313965, 0.0]","[81.08181762695312, 4.5, 0.0]",6.231251766365472,8.247833251953125,1.595367527028868,23.25436109781734,2.0384971903152422,0.578063353896141,0.0,0.578063353896141,0.0
16.629311,"[57.67747116088867, 8.869546890258789, 0.0]","[81.24640655517578, 4.5, 0.0]",6.263338076786128,8.25777816772461,1.6043155210327953,23.299037843791655,2.016581485587653,0.5812569707632065,0.0,0.5812569707632065,0.0
16.651047,"[57.802005767822266, 8.874323844909668, 0.0]","[81.41475677490234, 4.5, 0.0]",6.2955928641926056,8.267950057983398,1.6127393703238901,23.34327373064353,1.9944400909384816,0.5842415615916252,0.0,0.5842415615916252,0.0
16.670072,"[57.92718505859375, 8.87902545928955, 0.0]","[81.58157348632812, 4.5, 0.0]",6.328009776836539,8.278029441833496,1.6208456321966658,23.390734648987653,1.9723571937907929,0.5871579796075821,0.0,0.5871579796075821,0.0
16.69129,"[58.05301284790039, 8.883654594421387, 0.0]","[81.74436950683594, 4.5, 0.0]",6.358208260994541,8.287866592407227,1.509924207900104,23.436113031327377,1.9500196649969572,0.5469559505581856,0.0,0.5469559505581856,0.0
16.709523,"[58.17948913574219, 8.88821029663086, 0.0]","[81.90962982177734, 4.5, 0.0]",6.388574583924714,8.301178932189941,1.518316146508658,23.47689823068832,1.9296583314126856,0.5499368533492088,0.0,0.5499368533492088,0.0
16.729861,"[58.306575775146484, 8.892694473266602, 0.0]","[82.07582092285156, 4.5, 0.0]",6.4190963526206595,8.304491996765138,1.526088434797268,23.519558068408024,1.9126043482652273,0.5527471378445625,0.0,0.5527471378445625,0.0
16.749935,"[58.43427276611328, 8.89710807800293, 0.0]","[82.24609375, 4.5, 0.0]",6.4497659319255884,8.32138729095459,1.5334789652464487,23.562580751789998,1.885395644144479,0.5554103851318359,0.0,0.5554103851318359,0.0
16.76936,"[58.56258010864258, 8.90145206451416, 0.0]","[82.40887451171875, 4.5, 0.0]",6.480575354469286,8.324495315551758,1.5404711271848726,23.609096067928128,1.8716213590290014,0.5579495057463646,0.0,0.5579495057463646,0.0
16.790956,"[58.691505432128906, 8.905725479125977, 0.0]","[82.57533264160156, 4.5, 0.0]",6.511518789024369,8.341160774230957,1.5471717277541597,23.647531823344032,1.843919961082472,0.5603853613138199,0.0,0.5603853613138199,0.0
16.810335,"[58.821048736572266, 8.90992546081543, 0.0]","[82.74201202392578, 4.5, 0.0]",6.473286851596274,8.344496726989746,-1.9115968714047415,23.689032716512042,1.829641985206588,0.5239766091108322,0.0,0.5239766091108322,0.0
16.82981,"[58.95121383666992, 8.91404914855957, 0.0]","[82.91244506835938, 4.5, 0.0]",6.501935085262087,8.361340522766113,1.4324116832906242,23.730147500170368,1.8712098753934718,0.5276346206665039,0.0,0.5276346206665039,0.0
16.849325,"[59.0805549621582, 8.919692039489746, 0.0]","[83.07728576660156, 4.5, 0.0]",6.530817721775396,8.364513397216797,1.4441318256654512,23.774399075775225,1.8594054375040265,0.5270824581384659,0.0,0.5270824581384659,0.0
16.869419,"[59.21049880981445, 8.924686431884766, 0.0]","[83.24329376220703, 4.5, 0.0]",6.559793442634066,8.381092071533203,1.4487860429335253,23.80916511160749,1.833695675441401,0.5270509794354439,0.0,0.5270509794354439,0.0
16.890085,"[59.341033935546875, 8.929337501525879, 0.0]","[83.4126205444336, 4.5, 0.0]",6.5888312910067475,8.384532928466799,1.4518924186340598,23.84557140286303,1.8212986288991369,0.5274195224046707,0.0,0.5274195224046707,0.0
16.909675,"[59.47215270996094, 8.933785438537598, 0.0]","[83.58013153076172, 4.5, 0.0]",6.61715868223595,8.40119457244873,1.4163695614601401,23.88557490655253,1.7957016374600512,0.5141256377100945,0.0,0.5141256377100945,0.0
16.929691,"[59.603858947753906, 8.938092231750488, 0.0]","[83.74742126464844, 4.5, 0.0]",6.64557322468206,8.404455184936523,1.4207271223054985,23.923864041512527,1.7840358902127802,0.5154336243867874,0.0,0.5154336243867874,0.0
16.950554,"[59.73613739013672, 8.942282676696777, 0.0]","[83.91808319091797, 4.5, 0.0]",6.674085699973502,8.42125129699707,1.4256237645720926,23.961873904934116,1.7588819602544632,0.5170230939984322,0.0,0.5170230939984322,0.0
16.96974,"[59.868988037109375, 8.94636344909668, 0.0]","[84.0854721069336, 4.5, 0.0]",6.702706555346664,8.424516677856445,1.4310427686580862,24.003090116851624,1.7471655970235682,0.5188401415944099,0.0,0.5188401415944099,0.0
16.989906,"[60.002410888671875, 8.950335502624512, 0.0]","[84.25411224365234, 4.5, 0.0]",6.731450677570422,8.441193580627441,1.4372061111878942,24.040774829618215,1.7218101225097815,0.5209516361355782,0.0,0.5209516361355782,0.0
17.009079,"[60.136409759521484, 8.954197883605957, 0.0]","[84.42090606689453, 4.5, 0.0]",6.758534536188537,8.444417953491211,1.3541929309057732,24.079373779674007,1.7097429030570197,0.49082644283771515,0.0,0.49082644283771515,0.0
17.029357,"[60.2709846496582, 8.957948684692383, 0.0]","[84.59146118164062, 4.5, 0.0]",6.7857605955505695,8.461148262023926,1.3613029681016187,24.11573370634697,1.6858834173026738,0.4933125525712967,0.0,0.4933125525712967,0.0
17.049824,"[60.406105041503906, 8.961586952209473, 0.0]","[84.76202392578125, 4.5, 0.0]",6.813127280604892,8.464543342590332,1.368334252716119,24.15541589411547,1.6753876664733562,0.49580834805965424,0.0,0.49580834805965424,0.0
17.069629,"[60.54177474975586, 8.96511459350586, 0.0]","[84.93050384521484, 4.5, 0.0]",6.840633856599275,8.48115062713623,1.3753287997191332,24.194666651889648,1.65141606198544,0.4982834681868553,0.0,0.4982834681868553,0.0
17.090006,"[60.67799377441406, 8.968536376953125, 0.0]","[85.10079956054688, 4.5, 0.0]",6.866295416743606,8.484529495239258,1.2830780072165648,24.23136919385331,1.6405167705369559,0.46480927616357803,0.0,0.46480927616357803,0.0
17.111375,"[60.81476593017578, 8.971858024597168, 0.0]","[85.27511596679688, 4.5, 0.0]",6.892104012963781,8.50146198272705,1.290429811008753,24.26940420556483,1.618234078495652,0.4674319550395012,0.0,0.4674319550395012,0.0
17.129419,"[60.95205307006836, 8.975083351135254, 0.0]","[85.44313049316406, 4.5, 0.0]",6.918049191911237,8.504569053649902,1.2972589473728036,24.31094640567524,1.6093579697632698,0.46985920518636703,0.0,0.46985920518636703,0.0
17.149753,"[61.08985900878906, 8.978217124938965, 0.0]","[85.61157989501953, 4.5, 0.0]",6.944119649195821,8.521038055419922,1.3035228642292118,24.34570296758005,1.5865198617386653,0.4721086844801903,0.0,0.4721086844801903,0.0
17.169029,"[61.228187561035156, 8.98126220703125, 0.0]","[85.78069305419922, 4.5, 0.0]",6.9703070280143775,8.524209022521973,1.309368940927813,24.38038960572438,1.5769184062241006,0.47420162707567215,0.0,0.47420162707567215,0.0
17.190124,"[61.36703872680664, 8.984220504760742, 0.0]","[85.95201873779297, 4.5, 0.0]",6.9950668767513715,8.54084587097168,1.2379924368496997,24.415212136976024,1.5539019945075951,0.44834524393081665,0.0,0.44834524393081665,0.0
17.209945,"[61.50641632080078, 8.987092018127441, 0.0]","[86.1259765625, 4.5, 0.0]",7.019945040330855,8.547587394714357,1.2439081789741735,24.45171222251328,1.5457789942203082,0.4504851996898651,0.0,0.4504851996898651,0.0
17.229727,"[61.64628982543945, 8.989877700805664, 0.0]","[86.29767608642578, 4.5, 0.0]",7.044934549102567,8.553905487060547,1.2494754385855789,24.49029443590911,1.5276423543835023,0.4525071009993553,0.0,0.4525071009993553,0.0
17.249952,"[61.78666305541992, 8.992576599121094, 0.0]","[86.46920776367188, 4.5, 0.0]",7.070030633915059,8.57021713256836,1.2548042406246296,24.52609911559478,1.5089709379579803,0.4544306918978691,0.0,0.4544306918978691,0.0
17.269796,"[61.92753601074219, 8.995187759399414, 0.0]","[86.63980102539062, 4.5, 0.0]",7.095226669209142,8.573139190673828,1.259801764704127,24.561204486995603,1.5001864986533002,0.45627377927303314,0.0,0.45627377927303314,0.0
17.289821,"[62.068912506103516, 8.997709274291992, 0.0]","[86.80872344970703, 4.5, 0.0]",7.118932759149973,8.589303970336914,1.1853044970415727,24.594839478602236,1.4779125214646864,0.4292774200439453,0.0,0.4292774200439453,0.0
17.309738,"[62.21079635620117, 9.000140190124512, 0.0]","[86.979248046875, 4.5, 0.0]",7.142744462470279,8.592144966125488,1.1905851660153122,24.626275438944454,1.470371211186941,0.431203655898571,0.0,0.431203655898571,0.0
17.329522,"[62.35315704345703, 9.002479553222656, 0.0]","[87.15499114990234, 4.5, 0.0]",7.166659783619931,8.607986450195312,1.1957660574825724,24.658776460413673,1.449400503655209,0.43308399617671967,0.0,0.43308399617671967,0.0
17.349602,"[62.495994567871094, 9.004727363586426, 0.0]","[87.32542419433594, 4.5, 0.0]",7.190669911108936,8.61021614074707,1.2005063744502387,24.695989864118584,1.4413266665753817,0.4348050430417061,0.0,0.4348050430417061,0.0
17.369612,"[62.639312744140625, 9.006882667541504, 0.0]","[87.50096130371094, 4.5, 0.0]",7.214773458043654,8.626047134399414,1.2051773467359084,24.727388988657292,1.4195462296381347,0.43651677668094635,0.0,0.43651677668094635,0.0
17.390381,"[62.783111572265625, 9.008943557739258, 0.0]","[87.670166015625, 4.5, 0.0]",7.237301455961739,8.628211975097658,1.126399895904262,24.763383600754434,1.4112736763557603,0.4079826921224594,0.0,0.4079826921224594,0.0
17.409673,"[62.92739486694336, 9.010910034179688, 0.0]","[87.84200286865234, 4.5, 0.0]",7.259927760715993,8.643717765808105,1.1313152377126823,24.79254166417905,1.390910519135919,0.40977325290441513,0.0,0.40977325290441513,0.0
17.428954,"[63.07212829589844, 9.012779235839844, 0.0]","[88.01404571533203, 4.5, 0.0]",7.282646761463153,8.64489459991455,1.1359500373580023,24.823829156438606,1.3837900050921128,0.41145529597997665,0.0,0.41145529597997665,0.0
17.449369,"[63.217315673828125, 9.014551162719727, 0.0]","[88.1889419555664, 4.5, 0.0]",7.305460346557744,8.659537315368652,1.1406792547295819,24.854850669697907,1.362247838451398,0.41317030787467957,0.0,0.41317030787467957,0.0
17.469646,"[63.36296081542969, 9.01622486114502, 0.0]","[88.36375427246094, 4.5, 0.0]",7.328363191046669,8.66084098815918,1.1451422244462162,24.88825450779494,1.354076968810908,0.41479215025901794,0.0,0.41479215025901794,0.0
17.490037,"[63.50905990600586, 9.01779842376709, 0.0]","[88.5367202758789, 4.5, 0.0]",7.351316635655877,8.675395965576172,1.147672230460417,24.921099219912083,1.332477797112511,0.4157054051756859,0.0,0.4157054051756859,0.0
17.510502,"[63.65562057495117, 9.019271850585938, 0.0]","[88.70881652832031, 4.5, 0.0]",7.3730391813709355,8.6763973236084,1.0861272857529247,24.95163021308974,1.3240793299202949,0.39343658834695816,0.0,0.39343658834695816,0.0
17.529207,"[63.80263900756836, 9.020644187927246, 0.0]","[88.8824691772461, 4.5, 0.0]",7.39485042895485,8.689494132995605,1.0905623791957364,24.980815342119136,1.3033581422374647,0.39503294974565506,0.0,0.39503294974565506,0.0
17.54976,"[63.95009994506836, 9.021913528442383, 0.0]","[89.05755615234375, 4.5, 0.0]",7.4167466822609605,8.68930721282959,1.0948126653055112,25.011083409856415,1.2946437040407552,0.3965843841433525,0.0,0.3965843841433525,0.0
17.569556,"[64.09799194335938, 9.023079872131348, 0.0]","[89.22978973388672, 4.5, 0.0]",7.438727848391321,8.702351570129395,1.0990583065180193,25.04233265351836,1.2725605305686294,0.3980991616845131,0.0,0.3980991616845131,0.0
17.593526,"[64.24632263183594, 9.024144172668457, 0.0]","[89.41049194335938, 4.5, 0.0]",7.459103336451345,8.702372550964355,1.0187744030011991,25.070283048143136,1.2636237217380737,0.3690146282315254,0.0,0.3690146282315254,0.0
17.60933,"[64.39509582519531, 9.025105476379395, 0.0]","[89.57755279541016, 4.5, 0.0]",7.479571790892803,8.715020179748535,1.0234227220728975,25.10624842698012,1.2432692145130106,0.37068571895360947,0.0,0.37068571895360947,0.0
17.629127,"[64.54427337646484, 9.02596664428711, 0.0]","[89.75521087646484, 4.5, 0.0]",7.500102533222716,8.716409683227539,1.0265371164956516,25.128110068120698,1.2354483888557324,0.3718036413192749,0.0,0.3718036413192749,0.0
17.649883,"[64.69386291503906, 9.026727676391602, 0.0]","[89.93118286132812, 4.5, 0.0]",7.520723106174124,8.721088409423828,1.031028647570409,25.16013759283413,1.2163071500048233,0.37340469658374786,0.0,0.37340469658374786,0.0
17.669598,"[64.84386444091797, 9.027389526367188, 0.0]","[90.10543823242188, 4.5, 0.0]",7.541425733790287,8.72572135925293,1.0351313808081297,25.190037647151794,1.2003653032497041,0.37488076835870743,0.0,0.37488076835870743,0.0
17.691469,"[64.99427795410156, 9.027952194213867, 0.0]","[90.2795181274414, 4.5, 0.0]",7.562172226959474,8.73034954071045,1.0373246584593598,25.217777690216224,1.184295625462643,0.37569325417280197,0.0,0.37569325417280197,0.0
17.709914,"[65.14510345458984, 9.028416633605957, 0.0]","[90.4513168334961, 4.5, 0.0]",7.581505310556932,8.734674453735352,0.9666541798729167,25.244893663771293,1.1681773137509754,0.35009976476430893,0.0,0.35009976476430893,0.0
17.729462,"[65.29634857177734, 9.028782844543457, 0.0]","[90.62621307373047, 4.5, 0.0]",7.600957460524777,8.737274169921875,0.9726074983922306,25.269279297900887,1.1531691431784195,0.35225342959165573,0.0,0.35225342959165573,0.0
17.74944,"[65.4479751586914, 9.029051780700684, 0.0]","[90.80135345458984, 4.5, 0.0]",7.620486192045117,8.73987865447998,0.9764365760170257,25.296305536938565,1.1363167093970983,0.35365745425224304,0.0,0.35365745425224304,0.0
17.769243,"[65.59999084472656, 9.029223442077637, 0.0]","[90.97505950927734, 4.5, 0.0]",7.640089610980349,8.742460250854492,0.9801709467615716,25.32315789596361,1.1193924624348632,0.3549911454319954,0.0,0.3549911454319954,0.0
17.789586,"[65.75240325927734, 9.029296875, 0.0]","[91.15036010742188, 4.5, 0.0]",7.659763875268775,8.74506664276123,0.9837132144213001,25.348147227149546,1.1023706398741435,0.35626761615276337,0.0,0.35626761615276337,0.0
17.812033,"[65.90520477294922, 9.029272079467773, 0.0]","[91.32717895507812, 4.5, 0.0]",7.677800927556371,8.747421264648438,0.9018526143798056,25.37429975164214,1.0853027674924558,0.3266390785574913,0.0,0.3266390785574913,0.0
17.829779,"[66.05840301513672, 9.029150009155273, 0.0]","[91.50037384033203, 4.5, 0.0]",7.695954561354998,8.747857093811035,0.9076816899313389,25.401546219162924,1.0696203370920667,0.32876409590244293,0.0,0.32876409590244293,0.0
17.849672,"[66.21195983886719, 9.028929710388184, 0.0]","[91.6754379272461, 4.5, 0.0]",7.714152298762081,8.748296737670898,0.9098868703541818,25.424735626246687,1.0519025324560376,0.3295573592185974,0.0,0.3295573592185974,0.0
17.871135,"[66.36587524414062, 9.028611183166504, 0.0]","[91.85110473632812, 4.5, 0.0]",7.732453665766037,8.748738288879395,0.9150683501978119,25.449402956814758,1.0341444389088172,0.3314307704567909,0.0,0.3314307704567909,0.0
17.889965,"[66.52015686035156, 9.028194427490234, 0.0]","[92.02574920654297, 4.5, 0.0]",7.749055851197901,8.749177932739258,0.8301092715931713,25.474280528380028,1.016284623113357,0.300639308989048,0.0,0.300639308989048,0.0
17.909978,"[66.6748046875, 9.027680397033691, 0.0]","[92.20056915283203, 4.5, 0.0]",7.765735657848959,8.749356269836426,0.8339903325528919,25.49773628386186,1.000122081541357,0.30204327777028084,0.0,0.30204327777028084,0.0
17.928906,"[66.82978820800781, 9.027070045471191, 0.0]","[92.37445831298828, 4.5, 0.0]",7.782486439699562,8.747567176818848,0.8375390925301485,25.520968048319318,0.9836206119874671,0.30332837253808975,0.0,0.30332837253808975,0.0
17.950158,"[66.98509979248047, 9.026366233825684, 0.0]","[92.55174255371094, 4.5, 0.0]",7.799277632210375,8.745743751525879,0.8395596255406534,25.542896473112453,0.965080737119286,0.304032638669014,0.0,0.304032638669014,0.0
17.968878,"[67.1407470703125, 9.0255708694458, 0.0]","[92.7247085571289, 4.5, 0.0]",7.816157208973025,8.743964195251465,0.8439788381325197,25.567852113320942,0.9464661193155042,0.30562926083803177,0.0,0.30562926083803177,0.0
17.990164,"[67.2967300415039, 9.02468490600586, 0.0]","[92.90039825439453, 4.5, 0.0]",7.833094867755621,8.742156982421875,0.8468829391298005,25.5881069409539,0.9278069862784397,0.30668362975120544,0.0,0.30668362975120544,0.0
18.009799,"[67.45304870605469, 9.023710250854492, 0.0]","[93.07518005371094, 4.5, 0.0]",7.848280623997211,8.740099906921388,0.759287812079501,25.61069890756365,0.9090621146662539,0.27493054047226906,0.0,0.27493054047226906,0.0
18.029104,"[67.60971069335938, 9.022647857666016, 0.0]","[93.2491683959961, 4.5, 0.0]",7.8635323720746015,8.736075401306152,0.7625874038695191,25.63199608418019,0.8918192829241773,0.2761372923851013,0.0,0.2761372923851013,0.0
18.049408,"[67.76667022705078, 9.021500587463379, 0.0]","[93.42493438720703, 4.5, 0.0]",7.8788202003058645,8.735344886779785,0.7643914115631478,25.65210436645315,0.8725430292315508,0.2767661586403847,0.0,0.2767661586403847,0.0
18.069489,"[67.92393493652344, 9.020271301269531, 0.0]","[93.59941101074219, 4.5, 0.0]",7.894190959391502,8.724640846252441,0.7685379542818893,25.6736314702697,0.8565246864739207,0.2782585844397545,0.0,0.2782585844397545,0.0
18.090766,"[68.08150482177734, 9.018962860107422, 0.0]","[93.7743911743164, 4.5, 0.0]",7.907751867044881,8.727262496948242,0.678045382668957,25.69350434414963,0.8304498868609391,0.24547910317778587,0.0,0.24547910317778587,0.0
18.110022,"[68.2393798828125, 9.017580032348633, 0.0]","[93.95210266113281, 4.5, 0.0]",7.921379893944297,8.716174125671387,0.681401344970789,25.713507493247043,0.8195106299033608,0.24669425562024117,0.0,0.24669425562024117,0.0
18.129395,"[68.39752960205078, 9.016125679016113, 0.0]","[94.12248229980469, 4.5, 0.0]",7.935069667703166,8.716679573059082,0.6844886879434409,25.73586508945638,0.7947942317270895,0.2478138916194439,0.0,0.2478138916194439,0.0
18.150366,"[68.55594635009766, 9.014601707458496, 0.0]","[94.29853057861328, 4.5, 0.0]",7.948818668882059,8.703642845153809,0.6874500589446608,25.750537608135605,0.781609905355916,0.24885684251785278,0.0,0.24885684251785278,0.0
18.169558,"[68.71463775634766, 9.013011932373047, 0.0]","[94.47386932373047, 4.5, 0.0]",7.962622369825017,8.70396900177002,0.6901850471479065,25.77053012563633,0.7548241762717494,0.24984000250697136,0.0,0.24984000250697136,0.0
18.19134,"[68.87360382080078, 9.011360168457031, 0.0]","[94.64935302734375, 4.5, 0.0]",7.976477439135524,8.69095230102539,0.6927534655253531,25.78945528915949,0.7413466319450022,0.2507779002189636,0.0,0.2507779002189636,0.0
18.210349,"[69.03284454345703, 9.009651184082031, 0.0]","[94.8194580078125, 4.5, 0.0]",7.988285220884906,8.691205024719238,0.5903890874690898,25.80816308309294,0.7144748618898662,0.21367816254496574,0.0,0.21367816254496574,0.0
18.228889,"[69.19236755371094, 9.007892608642578, 0.0]","[94.9920425415039, 4.5, 0.0]",8.000155872647321,8.676057815551758,0.5935325881207376,25.821120983715442,0.7029198038343321,0.21482152864336967,0.0,0.21482152864336967,0.0
18.249936,"[69.35211944580078, 9.006092071533203, 0.0]","[95.17013549804688, 4.5, 0.0]",8.012081783067178,8.673975944519043,0.5962955209928289,25.836172848910643,0.6759019429044368,0.21582137793302536,0.0,0.21582137793302536,0.0
18.269619,"[69.51211547851562, 9.004256248474121, 0.0]","[95.34322357177734, 4.5, 0.0]",8.02405548340852,8.658803939819336,0.5986850170670799,25.856387472943712,0.6618941614518654,0.21670568734407425,0.0,0.21670568734407425,0.0
18.289592,"[69.67234802246094, 9.002396583557129, 0.0]","[95.51326751708984, 4.5, 0.0]",8.034147620255213,8.65711784362793,0.5046068423347094,25.87122461517121,0.6347484564108168,0.18265170976519585,0.0,0.18265170976519585,0.0
18.309573,"[69.83281707763672, 9.000520706176758, 0.0]","[95.68582916259766, 4.5, 0.0]",8.044300006217098,8.641724586486816,0.5076192980942196,25.882637329922854,0.6229702233727163,0.18374362960457802,0.0,0.18374362960457802,0.0
18.330384,"[69.99349212646484, 8.998636245727539, 0.0]","[95.85798645019531, 4.5, 0.0]",8.054500191416711,8.637750625610352,0.5100092599806594,25.896172004076742,0.5974245802697187,0.18463948741555214,0.0,0.18463948741555214,0.0
18.34987,"[70.15436553955078, 8.99675178527832, 0.0]","[96.03123474121094, 4.5, 0.0]",8.064745813056437,8.620373725891115,0.5122810819862877,25.908933952346878,0.5832504341936406,0.18549948930740356,0.0,0.18549948930740356,0.0
18.369569,"[70.31544494628906, 8.99487590789795, 0.0]","[96.2037582397461, 4.5, 0.0]",8.075026849951794,8.616377830505371,0.5140518447678488,25.9224182746767,0.5556279128346784,0.1861058920621872,0.0,0.1861058920621872,0.0
18.390386,"[70.47673034667969, 8.993020057678223, 0.0]","[96.3765869140625, 4.5, 0.0]",8.083144504839426,8.599026679992676,0.40588274438162486,25.934790429371166,0.5413509805535774,0.14700635336339474,0.0,0.14700635336339474,0.0
18.409445,"[70.63822174072266, 8.991185188293457, 0.0]","[96.54803466796875, 4.5, 0.0]",8.091297937327917,8.594867706298828,0.40767162442456595,25.947068553190157,0.5158821751532496,0.1475930865854025,0.0,0.1475930865854025,0.0
18.429135,"[70.79987335205078, 8.989359855651855, 0.0]","[96.71842193603516, 4.5, 0.0]",8.099527444154791,8.575645446777344,0.41147534134369224,25.95757709606168,0.5035697689709107,0.14898478984832764,0.0,0.14898478984832764,0.0
18.449698,"[70.9616928100586, 8.987537384033203, 0.0]","[96.89042663574219, 4.5, 0.0]",8.107801777217855,8.569642066955566,0.4137166531531733,25.96672424745413,0.47611800262255244,0.1498318463563919,0.0,0.1498318463563919,0.0
18.469057,"[71.12367248535156, 8.985715866088867, 0.0]","[97.06172180175781, 4.5, 0.0]",8.116120599268346,8.55035400390625,0.41594110252454186,25.97721629507762,0.46184028973771163,0.1506116334348917,0.0,0.1506116334348917,0.0
18.490503,"[71.28582000732422, 8.983892440795898, 0.0]","[97.23432159423828, 4.5, 0.0]",8.122538100800845,8.544304847717285,0.3208750766249935,25.9867588934693,0.4342334046379044,0.11617068201303482,0.0,0.11617068201303482,0.0
18.510155,"[71.44813537597656, 8.982067108154297, 0.0]","[97.40665435791016, 4.5, 0.0]",8.12900740895678,8.524724960327148,0.32346540779668587,25.997374797083598,0.42176674691643967,0.11710950173437595,0.0,0.11710950173437595,0.0
18.529164,"[71.6105728149414, 8.980238914489746, 0.0]","[97.57412719726562, 4.5, 0.0]",8.135520800628335,8.517380714416504,0.3256695835777812,26.007511551114007,0.39571755137036924,0.11789804324507713,0.0,0.11789804324507713,0.0
18.549973,"[71.77313995361328, 8.97840690612793, 0.0]","[97.7455825805664, 4.5, 0.0]",8.14207055384183,8.496367454528809,0.3274876606747412,26.012631324354555,0.3818599137881691,0.1185681764036417,0.0,0.1185681764036417,0.0
18.569364,"[71.93583679199219, 8.976571083068848, 0.0]","[97.91472625732422, 4.5, 0.0]",8.148658500609855,8.488883018493652,0.3293973384012716,26.02157735752208,0.35429690068697894,0.11927018873393536,0.0,0.11927018873393536,0.0
18.590227,"[72.09867095947266, 8.9747314453125, 0.0]","[98.08465576171875, 4.5, 0.0]",8.155280756260588,8.471330642700195,0.33111278253663556,26.02806364356577,0.34022451788379726,0.1198851503431797,0.0,0.1198851503431797,0.0
18.60966,"[72.26163482666016, 8.972887992858887, 0.0]","[98.25367736816406, 4.5, 0.0]",8.159720786780868,8.457045555114748,0.22200152601401513,26.035184370465558,0.3160498864396075,0.08036850020289421,0.0,0.08036850020289421,0.0
18.629124,"[72.42472839355469, 8.971040725708008, 0.0]","[98.42232513427734, 4.5, 0.0]",8.164206478724477,8.441649436950684,0.22428459718044635,26.041254129066107,0.2973247683338798,0.08124779909849167,0.0,0.08124779909849167,0.0
18.650497,"[72.5879135131836, 8.969189643859863, 0.0]","[98.59095001220703, 4.5, 0.0]",8.168732082723162,8.426255226135254,0.22628019993424786,26.046810854262056,0.27744295822620657,0.0819459930062294,0.0,0.0819459930062294,0.0
18.668827,"[72.75119018554688, 8.96733570098877, 0.0]","[98.75878143310547, 4.5, 0.0]",8.173295687200868,8.410933494567871,0.22818022388531034,26.052249745980152,0.2575231434120919,0.08262135088443756,0.0,0.08262135088443756,0.0
18.693494,"[72.91455078125, 8.965478897094727, 0.0]","[98.9308090209961, 4.5, 0.0]",8.177897284209788,8.39522933959961,0.23007985044598556,26.056798079633502,0.2376378073670029,0.0832853838801384,0.0,0.0832853838801384,0.0
18.70983,"[73.0780029296875, 8.963619232177734, 0.0]","[99.09632873535156, 4.5, 0.0]",8.18009912649249,8.380026817321777,0.11009211413508524,26.06545501266367,0.21733205538982148,0.03983808681368828,0.0,0.03983808681368828,0.0
18.728966,"[73.24154663085938, 8.961756706237793, 0.0]","[99.26290130615234, 4.5, 0.0]",8.182361863262976,8.364018440246582,0.11313683852431922,26.067507910818506,0.19992769082928774,0.04097979050129652,0.0,0.04097979050129652,0.0
18.749923,"[73.40513610839844, 8.959893226623535, 0.0]","[99.43165588378906, 4.5, 0.0]",8.184647362405167,8.347800254821777,0.11427495710956137,26.07051979319362,0.18165657698360604,0.04140120465308428,0.0,0.04140120465308428,0.0
18.769097,"[73.56877136230469, 8.958027839660645, 0.0]","[99.59719848632812, 4.5, 0.0]",8.18699379462488,8.331891059875488,0.11732161098567673,26.075668860951954,0.16315289241661013,0.04247545264661312,0.0,0.04247545264661312,0.0
18.790087,"[73.73245239257812, 8.956161499023438, 0.0]","[99.76438903808594, 4.5, 0.0]",8.189370657682826,8.31582260131836,0.11884315289725222,26.077556483557075,0.14489726525060753,0.04300164524465799,0.0,0.04300164524465799,0.0
18.809705,"[73.89617919921875, 8.954294204711914, 0.0]","[99.93041229248047, 4.5, 0.0]",8.189851421717838,8.299834251403809,0.024038201750631316,26.081046716331155,0.12645194363553358,0.008728595566935837,0.0,0.008728595566935837,0.0
18.82888,"[74.0599594116211, 8.952425956726074, 0.0]","[100.0949478149414, 4.5, 0.0]",8.22489553783905,8.28372859954834,1.7522058060605694,26.083323387740478,0.10998282968597017,0.6344667822122574,0.0,0.6344667822122574,0.0
18.849863,"[74.22374725341797, 8.950557708740234, 0.0]","[100.26075744628906, 4.5, 0.0]",8.259958692212415,8.267498016357422,1.7531577186682412,26.08405845591821,0.058833061709290035,0.6347870081663132,0.0,0.6347870081663132,0.0
18.869175,"[74.38823699951172, 8.948681831359863, 0.0]","[100.4263687133789, 4.5, 0.0]",8.2951515331817,8.251286506652832,1.7596420484642827,26.08606047332989,0.007539324145007242,0.6371720880270004,0.0,0.6371720880270004,0.0
18.891496,"[74.55342864990234, 8.946797370910645, 0.0]","[100.59227752685547, 4.5, 0.0]",8.33052747561335,8.235045433044434,1.768797121582466,26.087161639395468,-0.043865026528868256,0.6404721736907959,0.0,0.6404721736907959,0.0
18.910033,"[74.71932220458984, 8.944905281066895, 0.0]","[100.75709533691406, 4.5, 0.0]",8.366021673703617,8.218923568725586,1.774709904513383,26.08785892751886,-0.09548204256891601,0.6426413357257843,0.0,0.6426413357257843,0.0
18.929689,"[74.88592529296875, 8.943004608154297, 0.0]","[100.92105102539062, 4.5, 0.0]",8.398006118265135,8.202977180480957,1.5992222280758916,26.086760574456573,-0.14709810497803133,0.579109787940979,0.0,0.579109787940979,0.0
18.950217,"[75.05323791503906, 8.941096305847168, 0.0]","[101.08531188964844, 4.5, 0.0]",8.430311019300925,8.187002182006838,1.6152450517894934,26.084091123473538,-0.19502893778417807,0.5848829820752144,0.0,0.5848829820752144,0.0
18.969407,"[75.22118377685547, 8.939180374145508, 0.0]","[101.24775695800781, 4.5, 0.0]",8.462936380634012,8.171202659606934,1.6312680666543677,26.081018909793826,-0.24330883729408725,0.5906810984015465,0.0,0.5906810984015465,0.0
18.989927,"[75.38977813720703, 8.937257766723633, 0.0]","[101.41337585449219, 4.5, 0.0]",8.495882203453084,8.155094146728517,1.6472911409535662,26.075497731683175,-0.29173372102707873,0.5965099111199379,0.0,0.5965099111199379,0.0
19.009666,"[75.55902862548828, 8.935327529907227, 0.0]","[101.57633972167969, 4.5, 0.0]",8.524013573670713,8.142633438110352,1.4065685108814563,26.072498334038393,-0.34078805672456625,0.509314201772213,0.0,0.509314201772213,0.0
19.028593,"[75.72893524169922, 8.933389663696289, 0.0]","[101.73670196533203, 4.5, 0.0]",8.55249211110522,8.120811462402346,1.4239268717253672,26.066190664705594,-0.3813801355603612,0.5155682936310768,0.0,0.5155682936310768,0.0
19.0498,"[75.89940643310547, 8.931446075439453, 0.0]","[101.90044403076172, 4.5, 0.0]",8.581291114950755,8.112007141113281,1.43995019227674,26.05662591900677,-0.4316806487028746,0.5213694646954536,0.0,0.5213694646954536,0.0
19.06947,"[76.07044219970703, 8.929495811462402, 0.0]","[102.06224822998047, 4.5, 0.0]",8.610383883467042,8.090048789978027,1.4546384258143696,26.04987617065337,-0.46928397383747367,0.5267361924052238,0.0,0.5267361924052238,0.0
19.090035,"[76.24205780029297, 8.927538871765137, 0.0]","[102.22471618652344, 4.5, 0.0]",8.636073723081417,8.081364631652832,1.284491980718716,26.04062186518143,-0.520335093489015,0.4651216045022011,0.0,0.4651216045022011,0.0
19.110322,"[76.41425323486328, 8.925575256347656, 0.0]","[102.38554382324219, 4.5, 0.0]",8.662049689887755,8.059574127197266,1.2987983403169423,26.031452502610954,-0.5547090914285846,0.47031767666339874,0.0,0.47031767666339874,0.0
19.129097,"[76.58695983886719, 8.923605918884277, 0.0]","[102.54610443115234, 4.5, 0.0]",8.68817062547594,8.051728248596191,1.3060467794092645,26.020064703928693,-0.6024755626904899,0.4728875681757927,0.0,0.4728875681757927,0.0
19.149033,"[76.76019287109375, 8.921630859375, 0.0]","[102.70680236816406, 4.5, 0.0]",8.71465016398206,8.030534744262695,1.3239769253059919,26.007897042126082,-0.6364423768797494,0.4794001951813698,0.0,0.4794001951813698,0.0
19.16897,"[76.93394470214844, 8.919650077819824, 0.0]","[102.86703491210938, 4.5, 0.0]",8.74135859934862,8.022719383239746,1.3354217683279934,25.995339142567577,-0.6841154197193653,0.4835502430796623,0.0,0.4835502430796623,0.0
19.19462,"[77.10822296142578, 8.917662620544434, 0.0]","[103.03241729736328, 4.5, 0.0]",8.763832450782745,8.00110149383545,1.1236925717062363,25.98179924722126,-0.7186392161088744,0.40686197578907013,0.0,0.40686197578907013,0.0
19.209378,"[77.28303527832031, 8.915669441223145, 0.0]","[103.18739318847656, 4.5, 0.0]",8.786542831883773,7.993858814239502,1.1355190550514038,25.97288293612737,-0.762730956947296,0.41119884699583054,0.0,0.41119884699583054,0.0
19.229682,"[77.45829772949219, 8.913670539855957, 0.0]","[103.34745025634766, 4.5, 0.0]",8.809451587284919,7.973642349243164,1.145437770057267,25.95302342619784,-0.7926840176442713,0.41474856436252594,0.0,0.41474856436252594,0.0
19.250665,"[77.63401794433594, 8.911666870117188, 0.0]","[103.50711822509766, 4.5, 0.0]",8.832570163902018,7.966792106628418,1.1559288308549576,25.93779623897831,-0.8358092380417546,0.4185933992266655,0.0,0.4185933992266655,0.0
19.269612,"[77.81019592285156, 8.90965747833252, 0.0]","[103.66651916503906, 4.5, 0.0]",8.855890934535614,7.94663143157959,1.1660385316798028,25.92172218964941,-0.8657780572735998,0.4222334548830986,0.0,0.4222334548830986,0.0
19.29016,"[77.9868392944336, 8.90764331817627, 0.0]","[103.82601165771484, 4.5, 0.0]",8.87564854382663,7.939795017242432,0.9878804645508055,25.9049238775981,-0.909259502956024,0.3577110171318054,0.0,0.3577110171318054,0.0
19.309912,"[78.16394805908203, 8.905623435974121, 0.0]","[103.98470306396484, 4.5, 0.0]",8.895623606800259,7.919825077056885,0.9987531486814305,25.887751694662256,-0.9358535265841983,0.3616403415799141,0.0,0.3616403415799141,0.0
19.329205,"[78.34144592285156, 8.903599739074707, 0.0]","[104.14189910888672, 4.5, 0.0]",8.915800855039883,7.914309024810791,1.0088624119812373,25.869311954040295,-0.9757985297433738,0.3653227165341377,0.0,0.3653227165341377,0.0
19.34982,"[78.51934814453125, 8.901571273803711, 0.0]","[104.3014144897461, 4.5, 0.0]",8.936172665423978,7.895281314849855,1.0185905192047429,25.84898837962584,-1.0014918302290923,0.3688058629631996,0.0,0.3688058629631996,0.0
19.369349,"[78.6976547241211, 8.899538040161133, 0.0]","[104.45809173583984, 4.5, 0.0]",8.956735225967044,7.889805793762207,1.0281280271533078,25.830579604370552,-1.0408913505741229,0.3722529485821724,0.0,0.3722529485821724,0.0
19.391444,"[78.8763656616211, 8.897500038146973, 0.0]","[104.61701202392578, 4.5, 0.0]",8.977477087374316,7.870824337005615,1.0370930703635928,25.8089284928681,-1.0669294322048373,0.375555157661438,0.0,0.375555157661438,0.0
19.409778,"[79.05548858642578, 8.89545726776123, 0.0]","[104.77432250976562, 4.5, 0.0]",8.994781685503739,7.865444183349609,0.8652299064711322,25.789117530861024,-1.106652750368701,0.3133039176464081,0.0,0.3133039176464081,0.0
19.429376,"[79.23502349853516, 8.893409729003906, 0.0]","[104.93072509765625, 4.5, 0.0]",9.01228847713996,7.847904205322266,0.8753395818110299,25.767284308734446,-1.1293375021541294,0.3169725090265274,0.0,0.3169725090265274,0.0
19.450344,"[79.41490936279297, 8.891358375549316, 0.0]","[105.08808135986328, 4.5, 0.0]",9.029986017575915,7.843631267547607,0.8848770217977808,25.74412959395566,-1.1643842718176938,0.32041486352682114,0.0,0.32041486352682114,0.0
19.47036,"[79.59514617919922, 8.889303207397461, 0.0]","[105.244140625, 4.5, 0.0]",9.04777892909836,7.826115608215332,0.8896455761222555,25.721579156305005,-1.1863547500283076,0.3221624717116356,0.0,0.3221624717116356,0.0
19.490513,"[79.7757339477539, 8.88724422454834, 0.0]","[105.40179443359375, 4.5, 0.0]",9.06282126384629,7.821822166442871,0.7521167373965021,25.697378650187936,-1.221663320883028,0.2723409980535507,0.0,0.2723409980535507,0.0
19.509617,"[79.95668029785156, 8.885180473327637, 0.0]","[105.55790710449219, 4.5, 0.0]",9.078054348073639,7.8077850341796875,0.7616542113674463,25.674423792966053,-1.240999097403419,0.27579549700021744,0.0,0.27579549700021744,0.0
19.5293,"[80.13792419433594, 8.883113861083984, 0.0]","[105.71338653564453, 4.5, 0.0]",9.093470550503067,7.798282146453857,0.7708101214713992,25.649567649668437,-1.2702693138939516,0.2791217342019081,0.0,0.2791217342019081,0.0
19.550815,"[80.31947326660156, 8.881043434143066, 0.0]","[105.87013244628906, 4.5, 0.0]",9.10905842608766,7.788702487945557,0.7793937792296646,25.623782927699892,-1.2951884040492097,0.282220933586359,0.0,0.282220933586359,0.0
19.568749,"[80.50132751464844, 8.878969192504883, 0.0]","[106.0243148803711, 4.5, 0.0]",9.12481416114287,7.7792792320251465,0.7877867527604998,25.59895776840416,-1.3203559381421037,0.2852559834718704,0.0,0.2852559834718704,0.0
19.590689,"[80.6834945678711, 8.87689208984375, 0.0]","[106.18490600585938, 4.5, 0.0]",9.140726306203716,7.76946496963501,0.7956072530422631,25.571264099794398,-1.3455349291177239,0.28812019154429436,0.0,0.28812019154429436,0.0
19.610113,"[80.86598205566406, 8.874811172485352, 0.0]","[106.33705139160156, 4.5, 0.0]",9.154032844631386,7.760317802429199,0.6653269213835244,25.549665888409937,-1.3712613365687059,0.24089310318231583,0.0,0.24089310318231583,0.0
19.629627,"[81.04878234863281, 8.872726440429688, 0.0]","[106.49420928955078, 4.5, 0.0]",9.167514867094962,7.75203800201416,0.674101123178783,25.51930202921935,-1.393715042202187,0.2440757304430008,0.0,0.2440757304430008,0.0
19.649639,"[81.23184967041016, 8.870638847351074, 0.0]","[106.64750671386719, 4.5, 0.0]",9.181157115287743,7.743961811065674,0.6821124096390463,25.493637527964626,-1.4154768650808016,0.24699879810214043,0.0,0.24699879810214043,0.0
19.670493,"[81.41519165039062, 8.868548393249512, 0.0]","[106.8051528930664, 4.5, 0.0]",9.19495577501539,7.735656261444094,0.6899329863824022,25.46384630338334,-1.4371953042220689,0.249827578663826,0.0,0.249827578663826,0.0
19.690286,"[81.59880065917969, 8.866454124450684, 0.0]","[106.95968627929688, 4.5, 0.0]",9.206488360905489,7.727514743804932,0.5766292945049045,25.438129420576374,-1.4592995135712972,0.2087659016251564,0.0,0.2087659016251564,0.0
19.709885,"[81.78268432617188, 8.864356994628906, 0.0]","[107.1117172241211, 4.5, 0.0]",9.218184987483777,7.71965217590332,0.5848313289144258,25.409030719807713,-1.4789736171005572,0.21176304668188095,0.0,0.21176304668188095,0.0
19.729923,"[81.96680450439453, 8.86225700378418, 0.0]","[107.2658462524414, 4.5, 0.0]",9.230038024662301,7.712772369384766,0.5926518589261853,25.377156153614,-1.498532811580457,0.21458249539136887,0.0,0.21458249539136887,0.0
19.750245,"[82.15115356445312, 8.860154151916504, 0.0]","[107.42080688476562, 4.5, 0.0]",9.242043659266322,7.705854892730713,0.6002817302010577,25.347143548424462,-1.5172656552775354,0.21737612783908844,0.0,0.21737612783908844,0.0
19.769572,"[82.33573913574219, 8.858049392700195, 0.0]","[107.57350158691406, 4.5, 0.0]",9.254198076251875,7.699038982391357,0.6077208492776265,25.317733593112827,-1.5361887665356093,0.2200276218354702,0.0,0.2200276218354702,0.0
19.79033,"[82.52056884765625, 8.855941772460938, 0.0]","[107.72946166992188, 4.5, 0.0]",9.2644412095676,7.69207763671875,0.5121566657862786,25.285819711064335,-1.5551590938605173,0.1854385994374752,0.0,0.1854385994374752,0.0
19.809712,"[82.70564270019531, 8.85383129119873, 0.0]","[107.88177490234375, 4.5, 0.0]",9.274840749575104,7.6853928565979,0.5199770003751603,25.256927924524398,-1.5723635728488503,0.18825547769665718,0.0,0.18825547769665718,0.0
19.829209,"[82.89092254638672, 8.851717948913574, 0.0]","[108.03463745117188, 4.5, 0.0]",9.285381434569144,7.679556846618653,0.5270342497020408,25.224145367160748,-1.5894478929772031,0.19084507599473,0.0,0.19084507599473,0.0
19.849882,"[83.07640838623047, 8.849602699279785, 0.0]","[108.19064331054688, 4.5, 0.0]",9.296063276105095,7.673601150512695,0.5340920767975099,25.191706077599704,-1.605824587950491,0.19336672499775887,0.0,0.19336672499775887,0.0
19.87087,"[83.26210021972656, 8.847484588623047, 0.0]","[108.34260559082031, 4.5, 0.0]",9.306878642395676,7.667799472808838,0.5407683145290498,25.162202810159098,-1.6224621255923992,0.1958337239921093,0.0,0.1958337239921093,0.0
19.889974,"[83.44800567626953, 8.845364570617676, 0.0]","[108.4963150024414, 4.5, 0.0]",9.316042138575087,7.66193151473999,0.4581748089705684,25.128451836933483,-1.6390791695868376,0.16590334475040436,0.0,0.16590334475040436,0.0
19.909845,"[83.6341323852539, 8.843241691589355, 0.0]","[108.64967346191406, 4.5, 0.0]",9.25647176879201,7.656154632568359,-2.978518489153803,25.096233709531543,-1.6541106238350967,0.0,0.18311366438865662,0.0,0.18311366438865662
19.929556,"[83.82044219970703, 8.841116905212402, 0.0]","[108.80164337158203, 4.5, 0.0]",9.197374451801169,7.654340744018555,-2.9548658495420987,25.06344338212062,-1.6003171362236515,0.0,0.18165424466133118,0.0,0.18165424466133118
19.949446,"[84.00556182861328, 8.839005470275879, 0.0]","[108.95551300048828, 4.5, 0.0]",9.138189389733682,7.642463207244873,-2.9592531033743263,25.029081479880816,-1.5430337077826142,0.0,0.1819317638874054,0.0,0.1819317638874054
19.969206,"[84.18949890136719, 8.836907386779785, 0.0]","[109.10758209228516, 4.5, 0.0]",9.078592318466264,7.643979072570801,-2.9798535633709378,24.997809433763642,-1.4957261824888093,0.0,0.1831892877817154,0.0,0.1831892877817154
19.990363,"[84.37225341796875, 8.834823608398438, 0.0]","[109.26195526123047, 4.5, 0.0]",9.01834289303281,7.632084369659425,-3.012471271672723,24.965919599128522,-1.4346132458954628,0.0,0.18520154058933258,0.0,0.18520154058933258
20.009712,"[84.5538101196289, 8.83275318145752, 0.0]","[109.41373443603516, 4.5, 0.0]",8.963407684843846,7.633630752563477,-2.746760409448168,24.93751741297799,-1.3862585233733844,0.0,0.16886445879936218,0.0,0.16886445879936218
20.028865,"[84.73416900634766, 8.830696105957031, 0.0]","[109.56580352783203, 4.5, 0.0]",8.907465333340769,7.6219964027404785,-2.7971175751538624,24.90771767228693,-1.3297769322803692,0.0,0.17195531725883484,0.0,0.17195531725883484
20.050675,"[84.9134292602539, 8.828651428222656, 0.0]","[109.71942901611328, 4.5, 0.0]",8.850958374532699,7.62364387512207,-2.8253479404035,24.879407336274,-1.28546893060029,0.0,0.1736961156129837,0.0,0.1736961156129837
20.069024,"[85.09156799316406, 8.826620101928711, 0.0]","[109.87101745605469, 4.5, 0.0]",8.792902547552442,7.612025260925293,-2.902791349012812,24.853751997359943,-1.2273144994106282,0.0,0.17846156656742096,0.0,0.17846156656742096
20.090767,"[85.2685775756836, 8.824601173400879, 0.0]","[110.02404022216797, 4.5, 0.0]",8.734266856575228,7.613692283630371,-2.931784548860694,24.827181880432203,-1.1808772866271493,0.0,0.18023742735385895,0.0,0.18023742735385895
20.110562,"[85.44442749023438, 8.822595596313477, 0.0]","[110.17633819580078, 4.5, 0.0]",8.68994483824892,7.602011203765869,-2.2161009163154333,24.803174136904634,-1.1205745729448573,0.0,0.13624143600463867,0.0,0.13624143600463867
20.129598,"[85.61910247802734, 8.820603370666504, 0.0]","[110.32772827148438, 4.5, 0.0]",8.64399765248549,7.603395462036133,-2.2973592881714744,24.779600854397792,-1.0879336344830506,0.0,0.1412360668182373,0.0,0.1412360668182373
20.149282,"[85.79289245605469, 8.818621635437012, 0.0]","[110.47965240478516, 4.5, 0.0]",8.597512558607363,7.591429233551025,-2.324254693906358,24.75629581112712,-1.0406021904493574,0.0,0.14288415014743805,0.0,0.14288415014743805
20.170704,"[85.96575927734375, 8.816650390625, 0.0]","[110.6321029663086, 4.5, 0.0]",8.54974182694396,7.592777252197266,-2.3885365831701755,24.734409861663888,-1.0060833250563377,0.0,0.14684252440929413,0.0,0.14684252440929413
20.19063,"[86.1376953125, 8.814689636230469, 0.0]","[110.7840805053711, 4.5, 0.0]",8.501208102035266,7.580809116363525,-2.426686245434695,24.713971909703066,-0.9569645747466939,0.0,0.14918522536754608,0.0,0.14918522536754608
20.210338,"[86.30867767333984, 8.812739372253418, 0.0]","[110.9374008178711, 4.5, 0.0]",8.45228524986361,7.582011699676514,-2.4461426085827576,24.693991811748003,-0.9203989856717403,0.0,0.15037785470485687,0.0,0.15037785470485687
20.229373,"[86.47869110107422, 8.810800552368164, 0.0]","[111.08583068847656, 4.5, 0.0]",8.413281256263849,7.569284439086914,-1.950199679988085,24.676311353298814,-0.8702735501870968,0.0,0.11989665776491165,0.0,0.11989665776491165
20.249343,"[86.6477279663086, 8.80887222290039, 0.0]","[111.23772430419922, 4.5, 0.0]",8.37361727824038,7.5697479248046875,-1.9831989011734663,24.654705476516455,-0.8439968171769348,0.0,0.12191761285066605,0.0,0.12191761285066605
20.269521,"[86.81597900390625, 8.806953430175781, 0.0]","[111.38906860351562, 4.5, 0.0]",8.333388681525525,7.5569024085998535,-2.0114298357427174,24.637541348685865,-0.803869353435692,0.0,0.12365709990262985,0.0,0.12365709990262985
20.290158,"[86.98344421386719, 8.80504322052002, 0.0]","[111.54220581054688, 4.5, 0.0]",8.292667957138514,7.557315349578857,-2.0360362193505566,24.62061436162092,-0.7764862729256716,0.0,0.1251736730337143,0.0,0.1251736730337143
20.3112,"[87.15010070800781, 8.803142547607422, 0.0]","[111.69725036621094, 4.5, 0.0]",8.25915366362874,7.544102668762208,-1.6757146754886598,24.606266039604684,-0.7353526075596566,0.0,0.10301918536424637,0.0,0.10301918536424637
20.329,"[87.3159408569336, 8.801250457763672, 0.0]","[111.84217834472656, 4.5, 0.0]",8.224945048769769,7.543457984924316,-1.7104307429486099,24.594633177995355,-0.7150509948665329,0.0,0.10515649616718292,0.0,0.10515649616718292
20.349676,"[87.48110961914062, 8.799365997314453, 0.0]","[111.99420166015625, 4.5, 0.0]",8.190320601169848,7.529122829437256,-1.7312223799960336,24.57370132275765,-0.6814870638454522,0.0,0.1064254567027092,0.0,0.1064254567027092
20.369254,"[87.64559936523438, 8.797490119934082, 0.0]","[112.14420318603516, 4.5, 0.0]",8.155333732039596,7.52822208404541,-1.7493434565126087,24.560532561134472,-0.6611977717325921,0.0,0.10754288733005524,0.0,0.10754288733005524
20.390783,"[87.80939483642578, 8.795621871948242, 0.0]","[112.29529571533203, 4.5, 0.0]",8.120018778814305,7.513933658599855,-1.7657476612645162,24.54602442360285,-0.6271116479941856,0.0,0.10855233669281006,0.0,0.10855233669281006
20.410118,"[87.97248840332031, 8.793761253356934, 0.0]","[112.44574737548828, 4.5, 0.0]",8.091322753034484,7.512786388397217,-1.43480128899105,24.53330100005831,-0.6060851202144502,0.0,0.08821270614862442,0.0,0.08821270614862442
20.429063,"[88.13488006591797, 8.791909217834473, 0.0]","[112.59493255615234, 4.5, 0.0]",8.062256682519475,7.500032424926758,-1.45330352575046,24.520638694715473,-0.5785363646372677,0.0,0.08934281766414642,0.0,0.08934281766414642
20.449566,"[88.29669952392578, 8.790063858032227, 0.0]","[112.74578094482422, 4.5, 0.0]",8.032870159526937,7.490506649017334,-1.4693261496269372,24.507410880154865,-0.5622242575927174,0.0,0.09033340215682983,0.0,0.09033340215682983
20.468813,"[88.45793151855469, 8.788225173950195, 0.0]","[112.89453125, 4.5, 0.0]",8.003178443383037,7.481113433837891,-1.4845858071949714,24.496422148469456,-0.5423635105096025,0.0,0.09126759320497513,0.0,0.09126759320497513
20.490488,"[88.61857604980469, 8.786393165588379, 0.0]","[113.04585266113281, 4.5, 0.0]",7.897678037818126,7.4715576171875,-5.275020278245535,24.483919765620826,-0.5220650095451465,0.0,0.32429239153862,0.0,0.32429239153862
20.5109,"[88.77862548828125, 8.784567832946777, 0.0]","[113.195068359375, 4.5, 0.0]",7.7918648090139095,7.461866855621339,-5.290661440210842,24.474576356885702,-0.4261204206306264,0.0,0.3252556025981903,0.0,0.3252556025981903
20.529388,"[88.93656921386719, 8.782766342163086, 0.0]","[113.34322357177734, 4.5, 0.0]",7.6853133896362165,7.450293064117432,-5.327570968884654,24.463722502432283,-0.32999795339257076,0.0,0.327526330947876,0.0,0.327526330947876
20.549795,"[89.09239959716797, 8.780988693237305, 0.0]","[113.49210357666016, 4.5, 0.0]",7.577676620115184,7.438662528991699,-5.381838476051604,24.453915145331717,-0.23502032551878482,0.0,0.3308638334274292,0.0,0.3308638334274292
20.568945,"[89.24609375, 8.77923583984375, 0.0]","[113.64005279541016, 4.5, 0.0]",7.4686855488152695,7.42710542678833,-5.449553564995746,24.446944943506573,-0.13901409112348517,0.0,0.33502671122550964,0.0,0.33502671122550964
20.589927,"[89.39763641357422, 8.777506828308105, 0.0]","[113.7896957397461, 4.5, 0.0]",7.35812844185766,7.4154162406921404,-5.527855347880495,24.44118145587484,-0.04158012202693939,0.0,0.3398365080356598,0.0,0.3398365080356598
20.610433,"[89.5469970703125, 8.775803565979004, 0.0]","[113.93822479248047, 4.5, 0.0]",7.266331325784958,7.403521537780762,-4.589855803635068,24.43926373648608,0.057287798834480874,0.0,0.2821725010871887,0.0,0.2821725010871887
20.628763,"[89.69415283203125, 8.774125099182129, 0.0]","[114.08470153808594, 4.5, 0.0]",7.171743574508214,7.389616489410401,-4.7293875638372285,24.438412758370454,0.1371902119958035,0.0,0.290753573179245,0.0,0.290753573179245
20.64973,"[89.83946990966797, 8.772467613220215, 0.0]","[114.2333755493164, 4.5, 0.0]",7.075282686518043,7.37550163269043,-4.823044399508536,24.437714108996772,0.21787291490218763,0.0,0.29651057720184326,0.0,0.29651057720184326
20.66922,"[89.98289489746094, 8.770832061767578, 0.0]","[114.38033294677734, 4.5, 0.0]",6.977837540294219,7.361550331115723,-4.872257311191186,24.441051918362295,0.30021894617238676,0.0,0.29953497648239136,0.0,0.29953497648239136
20.691477,"[90.1243896484375, 8.769218444824219, 0.0]","[114.52830505371094, 4.5, 0.0]",6.877842104428004,7.3475022315979,-4.999771793310748,24.444565442578966,0.38371279082150345,0.0,0.3073711395263672,0.0,0.3073711395263672
20.709888,"[90.2639389038086, 8.767626762390137, 0.0]","[114.6753921508789, 4.5, 0.0]",6.797552770214786,7.333242416381837,-4.014466710660924,24.451023971695445,0.46966012716989614,0.0,0.2467995136976242,0.0,0.2467995136976242
20.729746,"[90.4014892578125, 8.766057968139648, 0.0]","[114.82133483886719, 4.5, 0.0]",6.715527633733166,7.316863536834717,-4.101256824080979,24.458543699009397,0.5356896461670511,0.0,0.25213468074798584,0.0,0.25213468074798584
20.749734,"[90.53742980957031, 8.764507293701172, 0.0]","[114.9677963256836, 4.5, 0.0]",6.631947908170435,7.300426006317139,-4.178986278136554,24.46691918541253,0.6013359031015506,0.0,0.2569141089916229,0.0,0.2569141089916229
20.769255,"[90.6717300415039, 8.762975692749023, 0.0]","[115.11237335205078, 4.5, 0.0]",6.546971913050588,7.284200191497803,-4.24879975599235,24.477422809048534,0.6684780981467036,0.0,0.2612062990665436,0.0,0.2612062990665436
20.790148,"[90.80435943603516, 8.761463165283203, 0.0]","[115.25957489013672, 4.5, 0.0]",6.460717911422944,7.267679691314698,-4.312700081382204,24.48768093316763,0.7372282784472146,0.0,0.26513418555259705,0.0,0.26513418555259705
20.80987,"[90.93528747558594, 8.759969711303711, 0.0]","[115.40465545654297, 4.5, 0.0]",6.391175275087347,7.25111198425293,-3.4771318167798437,24.50223381469184,0.8069617798917541,0.0,0.21376565098762512,0.0,0.21376565098762512
20.829841,"[91.06449127197266, 8.758495330810547, 0.0]","[115.54825592041016, 4.5, 0.0]",6.320377523527734,7.2325286865234375,-3.5398875779806716,24.51636997549721,0.8599367091655825,0.0,0.21762381494045258,0.0,0.21762381494045258
20.85001,"[91.19230651855469, 8.757037162780762, 0.0]","[115.69377136230469, 4.5, 0.0]",6.248471531051119,7.217031955718994,-3.595299623830739,24.53074888782008,0.9121511629957038,0.0,0.22102808952331543,0.0,0.22102808952331543
20.869918,"[91.3187026977539, 8.755595207214355, 0.0]","[115.83731079101562, 4.5, 0.0]",6.175560300020897,7.191790580749512,-3.6455615515111006,24.54843182757882,0.9685604246678752,0.0,0.224119171500206,0.0,0.224119171500206
20.889613,"[91.44366455078125, 8.754169464111328, 0.0]","[115.98143005371094, 4.5, 0.0]",6.11636570081114,7.179807186126709,-2.9597299604878557,24.565558042274898,1.0162302807286148,0.0,0.18195968866348267,0.0,0.18195968866348267
20.911414,"[91.56716918945312, 8.752760887145996, 0.0]","[116.1265869140625, 4.5, 0.0]",6.056196377280441,7.154074192047119,-3.008466176534963,24.58469688307432,1.0634414853155691,0.0,0.18495215475559235,0.0,0.18495215475559235
20.929501,"[91.68949127197266, 8.751365661621094, 0.0]","[116.2687759399414, 4.5, 0.0]",5.9955425551457555,7.140046119689941,-3.0326911067342532,24.60633162815449,1.0978778147666786,0.0,0.18644309043884277,0.0,0.18644309043884277
20.949874,"[91.81060791015625, 8.749983787536621, 0.0]","[116.41320037841797, 4.5, 0.0]",5.9337423426739475,7.112360954284668,-3.0900106235904,24.62618030590766,1.144503564544186,0.0,0.18996359407901764,0.0,0.18996359407901764
20.969735,"[91.93051147460938, 8.748616218566895, 0.0]","[116.55508422851562, 4.5, 0.0]",5.871219196745236,7.098377704620361,-3.126157296435572,24.64946976989778,1.1786186116107205,0.0,0.19218601286411285,0.0,0.19218601286411285
20.990033,"[92.04917907714844, 8.747262954711914, 0.0]","[116.69483184814453, 4.5, 0.0]",5.818260119900601,7.071372509002686,-2.647953842231754,24.67143302624353,1.2271585078751253,0.0,0.16278836131095886,0.0,0.16278836131095886
21.009991,"[92.16659545898438, 8.745923042297363, 0.0]","[116.83895874023438, 4.5, 0.0]",5.764564754777945,7.056797981262207,-2.684768256132797,24.692495707689655,1.2531123891020854,0.0,0.16505064070224762,0.0,0.16505064070224762
21.028899,"[92.28295135498047, 8.744595527648926, 0.0]","[116.97588348388672, 4.5, 0.0]",5.710194146330539,7.0282745361328125,-2.718530422370291,24.7191891965949,1.292233226484262,0.0,0.16712667047977448,0.0,0.16712667047977448
21.049179,"[92.39823150634766, 8.743280410766602, 0.0]","[117.1169662475586, 4.5, 0.0]",5.655176906580912,7.012420654296875,-2.750861987481379,24.73974156386868,1.3180803898022733,0.0,0.16911473870277405,0.0,0.16911473870277405
21.069307,"[92.5124282836914, 8.74197769165039, 0.0]","[117.25640106201172, 4.5, 0.0]",5.599547369650175,6.98349666595459,-2.7814768465368456,24.765527496718352,1.3572437477159633,0.0,0.17099833488464355,0.0,0.17099833488464355
21.090308,"[92.62552642822266, 8.740687370300293, 0.0]","[117.39988708496094, 4.5, 0.0]",5.543313168430814,6.967258930206299,-2.8117100609680534,24.790749032516423,1.383949296304415,0.0,0.17285875976085663,0.0,0.17285875976085663
21.110371,"[92.73751068115234, 8.739410400390625, 0.0]","[117.53939819335938, 4.5, 0.0]",5.495450865940335,6.938117504119874,-2.3931151245239146,24.82112232407102,1.4239457617754852,0.0,0.1471243053674698,0.0,0.1471243053674698
21.130286,"[92.84837341308594, 8.73814582824707, 0.0]","[117.67364501953125, 4.5, 0.0]",5.446634830667191,6.921886920928955,-2.440801763657241,24.848633348989793,1.4426666381795386,0.0,0.15005271136760712,0.0,0.15005271136760712
21.149839,"[92.9582748413086, 8.736891746520996, 0.0]","[117.81261444091797, 4.5, 0.0]",5.397185512538994,6.891519069671631,-2.4724659064098375,24.87200149662957,1.4752520902617645,0.0,0.1519991159439087,0.0,0.1519991159439087
21.174313,"[93.06719970703125, 8.735649108886719, 0.0]","[117.95382690429688, 4.5, 0.0]",5.347272676594085,6.874100685119629,-2.4956417972454403,24.901052766659163,1.494333557132637,0.0,0.15342822670936584,0.0,0.15342822670936584
21.189872,"[93.17513275146484, 8.734417915344238, 0.0]","[118.08751678466797, 4.5, 0.0]",5.296757080993116,6.844632625579834,-2.525779780048465,24.933324615020968,1.526828008525544,0.0,0.15527822077274323,0.0,0.15527822077274323
21.209597,"[93.28207397460938, 8.733198165893555, 0.0]","[118.22503662109375, 4.5, 0.0]",5.252745971376066,6.8277363777160645,-2.200555480852495,24.959066782673354,1.5478755445867183,0.0,0.13528653979301453,0.0,0.13528653979301453
21.228973,"[93.38800048828125, 8.731989860534668, 0.0]","[118.36015319824219, 4.5, 0.0]",5.207792569774098,6.797080993652344,-2.2476700800984073,24.98963001789586,1.5749904063399986,0.0,0.1381787359714508,0.0,0.1381787359714508
21.250346,"[93.49304962158203, 8.730791091918945, 0.0]","[118.49656677246094, 4.5, 0.0]",5.162232591049973,6.7795281410217285,-2.277998936206238,25.018804398244466,1.589288423878246,0.0,0.14004366099834442,0.0,0.14004366099834442
21.269256,"[93.59719848632812, 8.729602813720703, 0.0]","[118.63114166259766, 4.5, 0.0]",5.116104183008905,6.748970031738281,-2.3064204020533996,25.05015417403537,1.6172955499717556,0.0,0.14179132878780365,0.0,0.14179132878780365
21.290741,"[93.700439453125, 8.728425025939941, 0.0]","[118.76834869384766, 4.5, 0.0]",5.0754254252113835,6.731276512145996,-2.0339378898760696,25.08056413878641,1.6328658487293763,0.0,0.1250431388616562,0.0,0.1250431388616562
21.309879,"[93.8027572631836, 8.72725772857666, 0.0]","[118.90217590332031, 4.5, 0.0]",5.034182057560516,6.700812816619873,-2.0621683825433834,25.1145156071345,1.6558510869346126,0.0,0.12677492201328278,0.0,0.12677492201328278
21.329013,"[93.90425872802734, 8.726099967956543, 0.0]","[119.03437805175781, 4.5, 0.0]",4.992417949025148,6.683684825897217,-2.088205426768397,25.146010689153957,1.6666307590593572,0.0,0.12837806344032288,0.0,0.12837806344032288
21.34987,"[94.00493621826172, 8.72495174407959, 0.0]","[119.1682357788086, 4.5, 0.0]",4.950167434576307,6.652925968170166,-2.112525722442049,25.176697215967955,1.691266876872069,0.0,0.1298755407333374,0.0,0.1298755407333374
21.370413,"[94.10477447509766, 8.7238130569458, 0.0]","[119.30084228515625, 4.5, 0.0]",4.907457216802125,6.6357245445251465,-2.1355108887091134,25.20986114533448,1.702758533593859,0.0,0.13128842413425446,0.0,0.13128842413425446
21.390062,"[94.20377349853516, 8.722683906555176, 0.0]","[119.43397521972656, 4.5, 0.0]",4.868478012745841,6.608428478240967,-1.948960202814165,25.242613747934932,1.7282673277230218,0.0,0.11981577426195145,0.0,0.11981577426195145
21.412016,"[94.30191802978516, 8.721564292907715, 0.0]","[119.5697250366211, 4.5, 0.0]",4.829048647308991,6.58071231842041,-1.9714682718425358,25.2767325564076,1.7399504654951254,0.0,0.12120135873556137,0.0,0.12120135873556137
21.429434,"[94.39928436279297, 8.720453262329102, 0.0]","[119.69747924804688, 4.5, 0.0]",4.789197729326763,6.564732551574707,-1.9925458991113754,25.314323146005883,1.7516636711114195,0.0,0.12249872088432312,0.0,0.12249872088432312
21.449416,"[94.49585723876953, 8.719351768493652, 0.0]","[119.82847595214844, 4.5, 0.0]",4.748930978942718,6.53484582901001,-2.013337519202274,25.344696372051516,1.775534822247944,0.0,0.12377525866031647,0.0,0.12377525866031647
21.46971,"[94.59163665771484, 8.71825885772705, 0.0]","[119.9583511352539, 4.5, 0.0]",4.70826937945137,6.518488883972168,-2.0330799745673644,25.37910434731534,1.7859148500672921,0.0,0.12498946487903595,0.0,0.12498946487903595
21.490043,"[94.68660736083984, 8.717175483703613, 0.0]","[120.08981323242188, 4.5, 0.0]",4.6712853890966075,6.488520622253418,-1.8491995177381426,25.413184378668145,1.8102195045207976,0.0,0.1136813685297966,0.0,0.1136813685297966
21.511056,"[94.78076934814453, 8.71610164642334, 0.0]","[120.2224349975586, 4.5, 0.0]",4.633891291710954,6.4718098640441895,-1.8697048692826623,25.449661039458807,1.8172352331568105,0.0,0.11494438350200653,0.0,0.11494438350200653
21.529053,"[94.87419128417969, 8.715035438537598, 0.0]","[120.34730529785156, 4.5, 0.0]",4.59611570003945,6.443943023681641,-1.8887795835752286,25.48810711019751,1.8379185723332352,0.0,0.11611908674240112,0.0,0.11611908674240112
21.550427,"[94.96686553955078, 8.713977813720703, 0.0]","[120.47810363769531, 4.5, 0.0]",4.557964338305535,6.428403377532959,-1.9075680866957434,25.519542309864573,1.847827323642191,0.0,0.11727000027894974,0.0,0.11727000027894974
21.571977,"[95.05878448486328, 8.712928771972656, 0.0]","[120.60762786865234, 4.5, 0.0]",4.519462000512885,6.399747848510742,-1.9251168896325055,25.557651325455115,1.8704390392274242,0.0,0.11835403740406036,0.0,0.11835403740406036
21.589909,"[95.14994049072266, 8.711889266967773, 0.0]","[120.73333740234375, 4.5, 0.0]",4.4806086879789495,6.385071277618408,-1.9426656266967601,25.595242718565746,1.8802858479978575,0.0,0.11943241953849792,0.0,0.11943241953849792
21.60988,"[95.24032592773438, 8.710858345031738, 0.0]","[120.86139678955078, 4.5, 0.0]",4.445515004372824,6.35683298110962,-1.7546841803062652,25.629781095026573,1.9044625896394587,0.0,0.10787291079759598,0.0,0.10787291079759598
21.630224,"[95.3299331665039, 8.70983600616455, 0.0]","[120.99020385742188, 4.5, 0.0]",4.410043642162328,6.343125820159912,-1.7735681105248258,25.66744187649395,1.9113179767367958,0.0,0.10903171449899673,0.0,0.10903171449899673
21.649694,"[95.41883850097656, 8.708821296691895, 0.0]","[121.11447143554688, 4.5, 0.0]",4.374213676270004,6.316803455352783,-1.7914982946162006,25.706627491592684,1.9330821779975844,0.0,0.11013607680797577,0.0,0.11013607680797577
21.669031,"[95.50703430175781, 8.707815170288086, 0.0]","[121.23988342285156, 4.5, 0.0]",4.338145277904621,6.303633213043213,-1.8034199182691335,25.741975858013255,1.9425897790827795,0.0,0.11086752265691757,0.0,0.11086752265691757
21.690224,"[95.59451293945312, 8.706816673278809, 0.0]","[121.3685531616211, 4.5, 0.0]",4.305262359771304,6.276613712310791,-1.6441459066658393,25.77917918692965,1.9654879351385919,0.0,0.10107862949371338,0.0,0.10107862949371338
21.709574,"[95.68126678466797, 8.705826759338379, 0.0]","[121.49280548095703, 4.5, 0.0]",4.272026559459746,6.263839244842529,-1.6617900155778909,25.820357257980415,1.9713513525394868,0.0,0.10216167569160461,0.0,0.10216167569160461
21.728939,"[95.76736450195312, 8.70484447479248, 0.0]","[121.61659240722656, 4.5, 0.0]",4.238462674288514,6.239424705505371,-1.678194258561616,25.857841997970496,1.9918126853827829,0.0,0.10317059606313705,0.0,0.10317059606313705
21.749937,"[95.85279846191406, 8.703869819641113, 0.0]","[121.74272155761719, 4.5, 0.0]",4.2045916860221615,6.228006839752197,-1.6935494133176299,25.895517547452243,2.000962031216857,0.0,0.1041162833571434,0.0,0.1041162833571434
21.769346,"[95.93756103515625, 8.702902793884277, 0.0]","[121.86582946777344, 4.5, 0.0]",4.17043075785364,6.207023620605469,-1.7080464084260782,25.936200010608914,2.0234151537300358,0.0,0.10500933229923248,0.0,0.10500933229923248
21.79022,"[96.02164459228516, 8.701943397521973, 0.0]","[121.99221801757812, 4.5, 0.0]",4.139935993094748,6.188901424407959,-1.5247382379445895,25.974531298803925,2.036592862751829,0.0,0.09373567253351212,0.0,0.09373567253351212
21.810972,"[96.10504913330078, 8.7009916305542, 0.0]","[122.11465454101562, 4.5, 0.0]",4.109132214956115,6.1715874671936035,-1.540188906931661,26.016821032408565,2.048965431313211,0.0,0.09468439221382141,0.0,0.09468439221382141
21.829434,"[96.1878433227539, 8.70004653930664, 0.0]","[122.23741149902344, 4.5, 0.0]",4.078048038860374,6.15608835220337,-1.5542088047870273,26.05584013632407,2.0624552522374886,0.0,0.09554659575223923,0.0,0.09554659575223923
21.850557,"[96.27001953125, 8.699109077453613, 0.0]","[122.36062622070312, 4.5, 0.0]",4.04670825915102,6.140531063079834,-1.5669889854676988,26.09578900226322,2.0780403133429957,0.0,0.09633743017911911,0.0,0.09633743017911911
21.871049,"[96.35157775878906, 8.6981782913208, 0.0]","[122.48223114013672, 4.5, 0.0]",4.015128140424187,6.125176429748536,-1.579005936341682,26.136814669183778,2.0938228039288136,0.0,0.09707111865282059,0.0,0.09707111865282059
21.890767,"[96.43251037597656, 8.69725513458252, 0.0]","[122.60770416259766, 4.5, 0.0]",3.9833248466378457,6.1093339920043945,-1.590164689317053,26.17684813586311,2.1100482893243493,0.0,0.09776043891906738,0.0,0.09776043891906738
21.911662,"[96.51280975341797, 8.696338653564453, 0.0]","[122.72832489013672, 4.5, 0.0]",3.954715616231323,6.094361305236816,-1.4304615203261317,26.22137511051026,2.126009145366549,0.0,0.08794067054986954,0.0,0.08794067054986954
21.930216,"[96.59246826171875, 8.695429801940918, 0.0]","[122.8489761352539, 4.5, 0.0]",3.9258650901350096,6.08135461807251,-1.4425263048156722,26.261684418547723,2.1396456890054933,0.0,0.0886843353509903,0.0,0.0886843353509903
21.949346,"[96.67155456542969, 8.694527626037598, 0.0]","[122.97108459472656, 4.5, 0.0]",3.896797114265258,6.068190574645997,-1.4533987934875814,26.302663080993735,2.1554895279375,0.0,0.08935166150331497,0.0,0.08935166150331497
21.970101,"[96.75006866455078, 8.693632125854492, 0.0]","[123.09169006347656, 4.5, 0.0]",3.8675984755819504,6.0551886558532715,-1.4599319341653816,26.34567369993484,2.171393460380739,0.0,0.08975187689065933,0.0,0.08975187689065933
21.990381,"[96.8280029296875, 8.692743301391602, 0.0]","[123.2142105102539, 4.5, 0.0]",3.8381890607109166,6.041980743408204,-1.4704707435516884,26.387751076570648,2.187590180271321,0.0,0.09040072560310364,0.0,0.09040072560310364
22.010274,"[96.90534973144531, 8.691861152648926, 0.0]","[123.33686828613281, 4.5, 0.0]",3.8123399456670595,6.029057025909424,-1.292455752192856,26.432324216103012,2.2037916826972874,0.0,0.0794573575258255,0.0,0.0794573575258255
22.029155,"[96.98210906982422, 8.690985679626465, 0.0]","[123.45695495605469, 4.5, 0.0]",3.7862676535661337,6.0183820724487305,-1.3036146050462882,26.477623213085508,2.2167170802423644,0.0,0.08014216274023056,0.0,0.08014216274023056
22.04945,"[97.058349609375, 8.690115928649902, 0.0]","[123.57571411132812, 4.5, 0.0]",3.7599864930969935,6.007824897766113,-1.3140580234570098,26.520937218599798,2.2321144188825968,0.0,0.08078596740961075,0.0,0.08078596740961075
22.069681,"[97.13407135009766, 8.689251899719238, 0.0]","[123.69569396972656, 4.5, 0.0]",3.733522219015562,5.997159481048585,-1.3232137040715797,26.563444179451263,2.2478384046691198,0.0,0.08134739845991135,0.0,0.08134739845991135
22.090825,"[97.20926666259766, 8.688393592834473, 0.0]","[123.81792449951172, 4.5, 0.0]",3.7106277806288133,5.986293315887451,-1.1447219193374325,26.607689041264898,2.263637262033023,0.0,0.07037534564733505,0.0,0.07037534564733505
22.109076,"[97.283935546875, 8.687541961669922, 0.0]","[123.93509674072266, 4.5, 0.0]",3.6875473624378734,5.976117134094238,-1.1540209095469933,26.654711922107712,2.275665535258638,0.0,0.07094632089138031,0.0,0.07094632089138031
22.130495,"[97.35814666748047, 8.686695098876953, 0.0]","[124.05493927001953, 4.5, 0.0]",3.6643133918493143,5.967610836029053,-1.161698529427957,26.697203830439953,2.288569771656365,0.0,0.07141899317502975,0.0,0.07141899317502975
22.149571,"[97.43189239501953, 8.685853958129883, 0.0]","[124.17375183105469, 4.5, 0.0]",3.6409506658416726,5.959177017211914,-1.1681363003820833,26.74282208992013,2.3032974441797385,0.0,0.07181379944086075,0.0,0.07181379944086075
22.169018,"[97.50517272949219, 8.685017585754395, 0.0]","[124.29247283935547, 4.5, 0.0]",3.6175307191040997,5.95074987411499,-1.170997336878643,26.787876393315315,2.3182263513702415,0.0,0.07198992371559143,0.0,0.07198992371559143
22.189999,"[97.57798767089844, 8.684186935424805, 0.0]","[124.41253662109375, 4.5, 0.0]",3.597424052535387,5.942227840423585,-1.0053333284356425,26.83330508364977,2.3332191550108905,0.0,0.06180593743920326,0.0,0.06180593743920326
22.209551,"[97.65033721923828, 8.683361053466797, 0.0]","[124.53111267089844, 4.5, 0.0]",3.577168601800283,5.934041500091554,-1.012772536755202,26.880542920422627,2.344803787888198,0.0,0.062263429164886475,0.0,0.062263429164886475
22.228839,"[97.72228240966797, 8.682539939880371, 0.0]","[124.64913177490234, 4.5, 0.0]",3.556792980026409,5.9310173988342285,-1.0187810886936877,26.926755957332553,2.356872898291271,0.0,0.06263279169797897,0.0,0.06263279169797897
22.249793,"[97.7938232421875, 8.681723594665527, 0.0]","[124.76871490478516, 4.5, 0.0]",3.5363200762452593,5.917909622192383,-1.0236451890574871,26.97281698740012,2.3742244188078194,0.0,0.06293164193630219,0.0,0.06293164193630219
22.269826,"[97.86495208740234, 8.680912017822266, 0.0]","[124.88648223876953, 4.5, 0.0]",3.5157518000615138,5.918232440948486,-1.0284138091872785,27.02084787533675,2.3815895459471235,0.0,0.06322498619556427,0.0,0.06322498619556427
22.289816,"[97.93567657470703, 8.680105209350586, 0.0]","[125.00521087646484, 4.5, 0.0]",3.4981954222423384,5.905170917510987,-0.8778188909587703,27.067473552842905,2.4024806408869726,0.0,0.05396539345383644,0.0,0.05396539345383644
22.310127,"[98.00598907470703, 8.679303169250488, 0.0]","[125.12384796142578, 4.5, 0.0]",3.480549392248879,5.905653953552246,-0.8823014996729661,27.115464857841776,2.406975495268649,0.0,0.05424072593450546,0.0,0.05424072593450546
22.329564,"[98.0759506225586, 8.678504943847656, 0.0]","[125.24162292480469, 4.5, 0.0]",3.462822296459171,5.894392490386963,-0.8863547894853996,27.163779207678587,2.425104561303367,0.0,0.054489865899086,0.0,0.054489865899086
22.349436,"[98.14555358886719, 8.67771053314209, 0.0]","[125.36082458496094, 4.5, 0.0]",3.4450360696974207,5.8964080810546875,-0.8893113380875173,27.21158091816568,2.431570193927792,0.0,0.054673317819833755,0.0,0.054673317819833755
22.369193,"[98.21480560302734, 8.676919937133789, 0.0]","[125.47672271728516, 4.5, 0.0]",3.42720597116211,5.885219573974609,-0.8915049267655295,27.261166804101805,2.451372011357267,0.0,0.05480736494064331,0.0,0.05480736494064331
22.390534,"[98.28369903564453, 8.67613410949707, 0.0]","[125.59750366210938, 4.5, 0.0]",3.4093281861917686,5.887173175811768,-0.8938892485170769,27.307801379904912,2.4580136028124993,0.0,0.05495491623878479,0.0,0.05495491623878479
22.411752,"[98.35224151611328, 8.675352096557617, 0.0]","[125.71271514892578, 4.5, 0.0]",3.3948056474696005,5.876176357269287,-0.7261269361084066,27.359678091699134,2.477844989619999,0.0,0.04463978484272957,0.0,0.04463978484272957
22.429085,"[98.42042541503906, 8.67457389831543, 0.0]","[125.83214569091797, 4.5, 0.0]",3.3802134851504704,5.879651069641113,-0.7296081159565038,27.40633616544106,2.4813707097996867,0.0,0.0448540523648262,0.0,0.0448540523648262
22.44952,"[98.48831939697266, 8.673799514770508, 0.0]","[125.94824981689453, 4.5, 0.0]",3.365575544981028,5.869882106781006,-0.7318970084721155,27.457571106499405,2.499437584490643,0.0,0.04499547556042671,0.0,0.04499547556042671
22.469896,"[98.55591583251953, 8.673027992248535, 0.0]","[126.06676483154297, 4.5, 0.0]",3.350909946231322,5.873381614685059,-0.7332799374853094,27.505770817427216,2.504306561799978,0.0,0.045079927891492844,0.0,0.045079927891492844
22.48968,"[98.62322235107422, 8.672260284423828, 0.0]","[126.18305969238281, 4.5, 0.0]",3.338813713023822,5.863607406616211,-0.6048116603750042,27.556676763308563,2.5224716684537367,0.0,0.03718186542391777,0.0,0.03718186542391777
22.510013,"[98.69023895263672, 8.67149543762207, 0.0]","[126.30076599121094, 4.5, 0.0]",3.3266793289510286,5.867260456085205,-0.6067192036396607,27.605652128277836,2.524793693592389,0.0,0.03729842230677605,0.0,0.03729842230677605
22.530391,"[98.75701141357422, 8.670733451843262, 0.0]","[126.41857147216797, 4.5, 0.0]",3.3145325437534767,5.858564853668213,-0.6073392598775929,27.656329284294916,2.5405811271341765,0.0,0.03733767941594124,0.0,0.03733767941594124
22.549595,"[98.82353973388672, 8.669974327087402, 0.0]","[126.53482818603516, 4.5, 0.0]",3.302392432651277,5.863227844238281,-0.6070055551099962,27.707349260416272,2.544032309914736,0.0,0.037317752838134766,0.0,0.037317752838134766
22.572243,"[98.88982391357422, 8.669218063354492, 0.0]","[126.65580749511719, 4.5, 0.0]",3.290294284057794,5.854477405548096,-0.6049074296741397,27.757065754612015,2.5608354115870045,0.0,0.037187982350587845,0.0,0.037187982350587845
22.590346,"[98.95586395263672, 8.668464660644531, 0.0]","[126.77070617675781, 4.5, 0.0]",3.2782056743921455,5.859164237976074,-0.6044304832824254,27.81174869395135,2.5641831214903017,0.0,0.037159401923418045,0.0,0.037159401923418045
22.609469,"[99.02166748046875, 8.66771411895752, 0.0]","[126.88658905029297, 4.5, 0.0]",3.2688838555026574,5.850586414337159,-0.4660909444744066,27.86059658461636,2.5809585635839287,0.0,0.028655018657445908,0.0,0.028655018657445908
22.629131,"[99.08722686767578, 8.666966438293457, 0.0]","[127.0054931640625, 4.5, 0.0]",3.2595505912685447,5.855952739715576,-0.4666632117056313,27.910663080517303,2.5817025588345017,0.0,0.02869008667767048,0.0,0.02869008667767048
22.650212,"[99.15260314941406, 8.666220664978027, 0.0]","[127.12100219726562, 4.5, 0.0]",3.25022781965951,5.848023891448975,-0.46613858045174705,27.96399580287464,2.5964021484470314,0.0,0.02865658514201641,0.0,0.02865658514201641
22.669222,"[99.21778869628906, 8.66547679901123, 0.0]","[127.23755645751953, 4.5, 0.0]",3.240917444074243,5.8534159660339355,-0.46551877926332974,28.01411780547073,2.597796071789465,0.0,0.028618251904845238,0.0,0.028618251904845238
22.691741,"[99.28279113769531, 8.664734840393066, 0.0]","[127.35762786865234, 4.5, 0.0]",3.2334391961352855,5.845437049865723,-0.37391239694788414,28.065474686459137,2.6124985219596923,0.0,0.022987475618720055,0.0,0.022987475618720055
22.709912,"[99.34760284423828, 8.663994789123535, 0.0]","[127.47442626953125, 4.5, 0.0]",3.2259876532494736,5.850869655609131,-0.37257714429059785,28.120530580906813,2.611997853730437,0.0,0.02290375530719757,0.0,0.02290375530719757
22.729684,"[99.41226959228516, 8.663256645202637, 0.0]","[127.59091186523438, 4.5, 0.0]",3.2185723523892507,5.846580505371094,-0.3707650430111453,28.172505958199775,2.6248820023596573,0.0,0.0227949358522892,0.0,0.0227949358522892
22.749663,"[99.4767837524414, 8.662520408630371, 0.0]","[127.70643615722656, 4.5, 0.0]",3.211197108173561,5.845632553100586,-0.368762210784479,28.224313521149316,2.628008152981843,0.0,0.022670656442642212,0.0,0.022670656442642212
22.769211,"[99.54115295410156, 8.661786079406738, 0.0]","[127.82272338867188, 4.5, 0.0]",3.203880043315531,5.844677925109863,-0.3658532429015038,28.27531141965273,2.634435444927025,0.0,0.022490283474326134,0.0,0.022490283474326134
22.790905,"[99.6053695678711, 8.661053657531738, 0.0]","[127.94015502929688, 4.5, 0.0]",3.1984075054432415,5.843714237213135,-0.2736268936144759,28.32721871261702,2.6407978817943323,0.0,0.01682172529399395,0.0,0.01682172529399395
22.809643,"[99.66944122314453, 8.660322189331055, 0.0]","[128.0565948486328, 4.5, 0.0]",3.192975024045454,5.842747211456299,-0.2716240698893646,28.380422428273956,2.6453067317698933,0.0,0.01669950783252716,0.0,0.01669950783252716
22.829144,"[99.73340606689453, 8.659592628479004, 0.0]","[128.17343139648438, 4.5, 0.0]",3.187593090897077,5.8416876792907715,-0.2690966574188547,28.432778325179587,2.6497721874108446,0.0,0.01654263399541378,0.0,0.01654263399541378
22.850536,"[99.7972640991211, 8.65886402130127, 0.0]","[128.2907257080078, 4.5, 0.0]",3.1822702891882906,5.84062385559082,-0.2661400854393259,28.48563928336059,2.6540945883936944,0.0,0.016361219808459282,0.0,0.016361219808459282
22.86914,"[99.86101531982422, 8.658136367797852, 0.0]","[128.40721130371094, 4.5, 0.0]",3.177027601108636,5.839567184448242,-0.2621344039827278,28.53906376923841,2.6583535664025297,0.0,0.01611563377082348,0.0,0.01611563377082348
22.892186,"[99.9246597290039, 8.65740966796875, 0.0]","[128.52557373046875, 4.5, 0.0]",3.1730314472301475,5.838493347167969,-0.19980769392442532,28.591785386845565,2.662539583339606,0.0,0.012283247895538807,0.0,0.012283247895538807
22.910126,"[99.98819732666016, 8.656684875488281, 0.0]","[128.640869140625, 4.5, 0.0]",3.1690658137464176,5.837393760681153,-0.19828167418649567,28.646492569873473,2.6654618999378212,0.0,0.012188971973955631,0.0,0.012188971973955631
22.929003,"[100.05165100097656, 8.655961036682129, 0.0]","[128.75741577148438, 4.5, 0.0]",3.1652050906152867,5.835856437683106,-0.1930361565565475,28.698239761612346,2.6683279469347356,0.0,0.011867665685713291,0.0,0.011867665685713291
22.94953,"[100.11502838134766, 8.655238151550293, 0.0]","[128.87440490722656, 4.5, 0.0]",3.1614216197665,5.834312915802002,-0.18917354243932483,28.751319981657705,2.6706513470678197,0.0,0.011628958396613598,0.0,0.011628958396613598
22.969377,"[100.17832946777344, 8.654516220092773, 0.0]","[128.9915313720703, 4.5, 0.0]",3.1577087273598368,5.832767963409424,-0.18564462033316964,28.804920507047406,2.672891296035502,0.0,0.011412961408495903,0.0,0.011412961408495903
22.992947,"[100.2415542602539, 8.653794288635254, 0.0]","[129.10821533203125, 4.5, 0.0]",3.1547836199081227,5.831228733062744,-0.14625537258570187,28.85873465210135,2.675059236049587,0.0,0.008990385569632053,0.0,0.008990385569632053
23.010143,"[100.30470275878906, 8.65307331085205, 0.0]","[129.22457885742188, 4.5, 0.0]",3.1518957092845294,5.829587459564209,-0.14439553117966408,28.912183118917714,2.6764451131546214,0.0,0.00887648668140173,0.0,0.00887648668140173
23.030657,"[100.3677978515625, 8.652353286743164, 0.0]","[129.3413848876953, 4.5, 0.0]",3.14914132184378,5.827101707458496,-0.1377193720374814,28.965386453112256,2.6776917502796795,0.0,0.008466452360153198,0.0,0.008466452360153198
23.050666,"[100.43083190917969, 8.651634216308594, 0.0]","[129.4580841064453, 4.5, 0.0]",3.1464708632462535,5.824618339538574,-0.13352292987631742,29.01908567654304,2.6779603856147163,0.0,0.008209542371332645,0.0,0.008209542371332645
23.069891,"[100.49381256103516, 8.650915145874023, 0.0]","[129.57437133789062, 4.5, 0.0]",3.143891010435436,5.822144031524658,-0.12899264054087034,29.072739646149156,2.6781474762923207,0.0,0.007928705774247646,0.0,0.007928705774247646
23.092681,"[100.5567398071289, 8.65019702911377, 0.0]","[129.69212341308594, 4.5, 0.0]",3.1413502604869024,5.819637775421143,-0.12703749742668524,29.126034040203844,2.678253021089222,0.0,0.007809589616954327,0.0,0.007809589616954327
23.110432,"[100.61961364746094, 8.649479866027832, 0.0]","[129.80740356445312, 4.5, 0.0]",3.1391461794383853,5.817033767700195,-0.11020405242585518,29.180847612794093,2.67828751493424,0.0,0.006775779649615288,0.0,0.006775779649615288
23.128616,"[100.68243408203125, 8.648762702941895, 0.0]","[129.92286682128906, 4.5, 0.0]",3.1370660812418034,5.813258647918701,-0.10400490982909183,29.233243851625716,2.67788758826181,0.0,0.006393371615558863,0.0,0.006393371615558863
23.151087,"[100.7452163696289, 8.648046493530273, 0.0]","[130.0406494140625, 4.5, 0.0]",3.135058465225848,5.812740802764893,-0.10038080079777245,29.28587353740534,2.6761925666768978,0.0,0.006171877961605787,0.0,0.006171877961605787
23.169576,"[100.80795288085938, 8.647330284118652, 0.0]","[130.1561737060547, 4.5, 0.0]",3.133120471829258,5.802297592163086,-0.09689966982950882,29.340861580114076,2.6776823375390446,0.0,0.005958030465990305,0.0,0.005958030465990305
23.19033,"[100.87065124511719, 8.646615028381348, 0.0]","[130.27272033691406, 4.5, 0.0]",3.1312425646748023,5.805152893066406,-0.09389535772277302,29.393638258068094,2.669177120333828,0.0,0.005772875156253576,0.0,0.005772875156253576
23.209417,"[100.93331146240234, 8.645899772644043, 0.0]","[130.38819885253906, 4.5, 0.0]",3.1294419098026602,5.794520378112793,-0.09003274360710467,29.447474348455312,2.673910328391604,0.0,0.005533704999834299,0.0,0.005533704999834299
23.229072,"[100.99593353271484, 8.645185470581055, 0.0]","[130.50387573242188, 4.5, 0.0]",3.1277146945069836,5.795690059661865,-0.0863607647838327,29.500282059795644,2.6650784683101327,0.0,0.005310216452926397,0.0,0.005310216452926397
23.24983,"[101.05851745605469, 8.644471168518066, 0.0]","[130.62037658691406, 4.5, 0.0]",3.1260714079269705,5.783488750457765,-0.08216432900065573,29.55332475587805,2.6679753651548817,0.0,0.00505271228030324,0.0,0.00505271228030324
23.268941,"[101.1210708618164, 8.643756866455078, 0.0]","[130.7355499267578, 4.5, 0.0]",3.124504419506903,5.7846832275390625,-0.07834942100337638,29.60723103849262,2.657417342530794,0.0,0.004817381501197815,0.0,0.004817381501197815
23.290314,"[101.18358612060547, 8.643043518066406, 0.0]","[130.85203552246094, 4.5, 0.0]",3.122018030981348,5.772481918334961,-0.1243194262777525,29.65983939431915,2.6601788080321596,0.0,0.007642214186489582,0.0,0.007642214186489582
23.309875,"[101.2460708618164, 8.642330169677734, 0.0]","[130.96771240234375, 4.5, 0.0]",3.119574561679993,5.773407459259033,-0.12217346506775417,29.713798582482262,2.650463887353613,0.0,0.007512285839766264,0.0,0.007512285839766264
23.329812,"[101.30850982666016, 8.641617774963379, 0.0]","[131.08226013183594, 4.5, 0.0]",3.1172531700892585,5.759237766265869,-0.11606957953671504,29.766979116344416,2.6538328975790404,0.0,0.00713430717587471,0.0,0.00713430717587471
23.349947,"[101.37089538574219, 8.640905380249023, 0.0]","[131.20028686523438, 4.5, 0.0]",3.115003306004063,5.75817346572876,-0.11249320425976705,29.819075851408147,2.6419845961766106,0.0,0.006915366742759943,0.0,0.006915366742759943
23.369025,"[101.43323516845703, 8.640193939208984, 0.0]","[131.31248474121094, 4.5, 0.0]",3.1128182974975003,5.744157791137695,-0.10925042532814455,29.874705272493532,2.6431701597246966,0.0,0.00671579921618104,0.0,0.00671579921618104
23.391855,"[101.49552917480469, 8.639482498168945, 0.0]","[131.42837524414062, 4.5, 0.0]",3.1106933751905945,5.743232250213623,-0.1062461153452876,29.924552505859463,2.631339493640195,0.0,0.006532442290335894,0.0,0.006532442290335894
23.410759,"[101.55778503417969, 8.638772010803223, 0.0]","[131.54269409179688, 4.5, 0.0]",3.1079075137430565,5.7288126945495605,-0.13929307237690036,29.978139415793525,2.6325388750230285,0.0,0.008564206771552563,0.0,0.008564206771552563
23.428497,"[101.6199951171875, 8.638062477111816, 0.0]","[131.656494140625, 4.5, 0.0]",3.1052303755663564,5.725717067718506,-0.13385690883500612,30.030189388229104,2.620905180806504,0.0,0.008229468017816544,0.0,0.008229468017816544
23.449648,"[101.6821517944336, 8.63735294342041, 0.0]","[131.7716827392578, 4.5, 0.0]",3.1026171394411333,5.709169864654541,-0.13066180626115642,30.08176789693637,2.6204866921521495,0.0,0.008032947778701782,0.0,0.008032947778701782
23.470804,"[101.74425506591797, 8.63664436340332, 0.0]","[131.88665771484375, 4.5, 0.0]",3.100031561046011,5.705973148345947,-0.12927891975611505,30.134789277626112,2.6065527252134078,0.0,0.007946974597871304,0.0,0.007946974597871304
23.490081,"[101.80630493164062, 8.63593578338623, 0.0]","[132.0021514892578, 4.5, 0.0]",3.097503207461237,5.689399242401123,-0.1264176792386884,30.18764894669343,2.6059415872999363,0.0,0.007771484553813934,0.0,0.007771484553813934
23.510258,"[101.86830139160156, 8.635228157043457, 0.0]","[132.1163787841797, 4.5, 0.0]",3.0932819725742684,5.685918807983398,-0.21106174434843972,30.241082297864605,2.591896034939886,0.0,0.012975625693798065,0.0,0.012975625693798065
23.529572,"[101.93024444580078, 8.634521484375, 0.0]","[132.22665405273438, 4.5, 0.0]",3.0891227309413436,5.667323112487793,-0.2079620816462402,30.29330215985874,2.59263683540913,0.0,0.012785683386027813,0.0,0.012785683386027813
23.552203,"[101.99210357666016, 8.63381576538086, 0.0]","[132.34115600585938, 4.5, 0.0]",3.0850226187497536,5.661602020263672,-0.20500560957950054,30.341622656768322,2.5782003815464494,0.0,0.012602321803569794,0.0,0.012602321803569794
23.568792,"[102.05387878417969, 8.633111000061035, 0.0]","[132.45281982421875, 4.5, 0.0]",3.080979730518209,5.642855167388917,-0.20214441157722085,30.394254500662065,2.5765794015139183,0.0,0.01242633257061243,0.0,0.01242633257061243
23.59156,"[102.1155776977539, 8.632407188415527, 0.0]","[132.5680389404297, 4.5, 0.0]",3.0755157759213483,5.637056827545166,-0.27319772984304436,30.44413081067739,2.5618754368707077,0.0,0.016796687617897987,0.0,0.016796687617897987
23.60961,"[102.17719268798828, 8.631704330444336, 0.0]","[132.67971801757812, 4.5, 0.0]",3.0700890150065674,5.617992401123047,-0.27133804573904463,30.497639999399738,2.5615410516238177,0.0,0.01668204553425312,0.0,0.01668204553425312
23.629116,"[102.23870086669922, 8.631002426147461, 0.0]","[132.7911376953125, 4.5, 0.0]",3.0646880062130513,5.609926223754883,-0.27005043967580633,30.547692300467155,2.5479033861164795,0.0,0.01660078391432762,0.0,0.01660078391432762
23.649571,"[102.30010223388672, 8.630301475524902, 0.0]","[132.9036407470703, 4.5, 0.0]",3.0593060706840363,5.591719627380371,-0.26909677645075014,30.597592034803682,2.5452382175418315,0.0,0.01654413342475891,0.0,0.01654413342475891
23.669507,"[102.36138916015625, 8.62960147857666, 0.0]","[133.01478576660156, 4.5, 0.0]",3.0539269965018296,5.577024459838867,-0.2689537091103311,30.64868339872006,2.532413556696335,0.0,0.016535857692360878,0.0,0.016535857692360878
23.690738,"[102.42256927490234, 8.62890338897705, 0.0]","[133.1266632080078, 4.5, 0.0]",3.0464115530525038,5.5622334480285645,-0.37577217246629324,30.69852924944146,2.5230974633370375,0.0,0.02310027927160263,0.0,0.02310027927160263
23.709916,"[102.483642578125, 8.628206253051758, 0.0]","[133.2386932373047, 4.5, 0.0]",3.0389189994848054,5.547091484069824,-0.37462767838492006,30.74921530755345,2.5158218949760607,0.0,0.02303057350218296,0.0,0.02303057350218296
23.729459,"[102.54456329345703, 8.627511024475098, 0.0]","[133.34866333007812, 4.5, 0.0]",3.031448383079354,5.529803276062012,-0.3735308202725607,30.80016126200065,2.508172484585019,0.0,0.02296341024339199,0.0,0.02296341024339199
23.749599,"[102.60533905029297, 8.62681770324707, 0.0]","[133.45916748046875, 4.5, 0.0]",3.02398444365998,5.512434959411621,-0.3731969709687144,30.849200013462514,2.4983548929826576,0.0,0.02294449880719185,0.0,0.02294449880719185
23.769117,"[102.66596221923828, 8.62612533569336, 0.0]","[133.5685272216797, 4.5, 0.0]",3.0165138270844727,5.495243549346924,-0.37353082877535915,30.89891725565319,2.4884505157516412,0.0,0.02296285331249237,0.0,0.02296285331249237
23.793554,"[102.7264404296875, 8.625434875488281, 0.0]","[133.67919921875, 4.5, 0.0]",3.009044165311624,5.477846145629883,-0.3734830886424234,30.947643756889406,2.478729722262451,0.0,0.02295980602502823,0.0,0.02295980602502823
23.81031,"[102.7867660522461, 8.624746322631836, 0.0]","[133.78860473632812, 4.5, 0.0]",2.9994200133864224,5.4603495597839355,-0.48120759626009146,30.997826896411258,2.4688019803182586,0.0,0.029583370313048363,0.0,0.029583370313048363
23.829388,"[102.8469467163086, 8.624059677124023, 0.0]","[133.89735412597656, 4.5, 0.0]",2.989824472633439,5.440571308135986,-0.479777037649165,31.046896238315174,2.460929546397513,0.0,0.02949649840593338,0.0,0.02949649840593338
23.849339,"[102.90692901611328, 8.623374938964844, 0.0]","[134.0062713623047, 4.5, 0.0]",2.980223209612008,5.420766353607179,-0.4800631510715636,31.09545295973611,2.4507468355025472,0.0,0.029511718079447746,0.0,0.029511718079447746
23.869036,"[102.96672058105469, 8.622692108154297, 0.0]","[134.1136016845703, 4.5, 0.0]",2.9705952410271492,5.401249408721924,-0.48139842924292964,31.14437689419642,2.440543143995171,0.0,0.029595237225294113,0.0,0.029595237225294113
23.890068,"[103.02632141113281, 8.6220121383667, 0.0]","[134.22244262695312, 4.5, 0.0]",2.960942476271627,5.381456375122071,-0.4826382377761007,31.191905765356577,2.4306541676947746,0.0,0.029672641307115555,0.0,0.029672641307115555
23.910099,"[103.08573150634766, 8.621334075927734, 0.0]","[134.33056640625, 4.5, 0.0]",2.948438996233222,5.361501216888428,-0.625174001920259,31.2411359126765,2.420513898850444,0.0,0.03843303769826889,0.0,0.03843303769826889
23.929935,"[103.14494323730469, 8.620657920837402, 0.0]","[134.43663024902344, 4.5, 0.0]",2.935924069702148,5.339720726013184,-0.6257463265537,31.28983818337099,2.4130622206552057,0.0,0.03846820443868637,0.0,0.03846820443868637
23.950496,"[103.20391082763672, 8.61998462677002, 0.0]","[134.5446014404297, 4.5, 0.0]",2.9233728990195944,5.31754732131958,-0.6275585341276813,31.336679025147518,2.4037966563110356,0.0,0.03857995197176933,0.0,0.03857995197176933
23.969427,"[103.26262664794922, 8.619314193725586, 0.0]","[134.64938354492188, 4.5, 0.0]",2.9107826239441983,5.296030998229981,-0.6295137537698059,31.385671749969585,2.3941744222999857,0.0,0.038702331483364105,0.0,0.038702331483364105
23.992197,"[103.32109069824219, 8.618646621704102, 0.0]","[134.75567626953125, 4.5, 0.0]",2.8981351262693464,5.274203777313232,-0.6323748837425924,31.431728383434137,2.385248374285783,0.0,0.03887680917978287,0.0,0.03887680917978287
24.009452,"[103.37930297851562, 8.617981910705566, 0.0]","[134.861083984375, 4.5, 0.0]",2.8854523428172363,5.252310276031494,-0.6341391726055079,31.479546823629995,2.376068651043886,0.0,0.03898674249649048,0.0,0.03898674249649048
24.031103,"[103.43726348876953, 8.61732006072998, 0.0]","[134.9684295654297, 4.5, 0.0]",2.870487269531491,5.2279887199401855,-0.7482536642872573,31.526733098577985,2.366857933214258,0.0,0.04600144922733307,0.0,0.04600144922733307
24.050319,"[103.4949722290039, 8.616661071777344, 0.0]","[135.06930541992188, 4.5, 0.0]",2.855481183778149,5.205135345458984,-0.750304287667114,31.576107898210452,2.3575014504086944,0.0,0.046127185225486755,0.0,0.046127185225486755
24.068962,"[103.55237579345703, 8.616005897521973, 0.0]","[135.1731719970703, 4.5, 0.0]",2.840456026036085,5.184934139251709,-0.7512578871031961,31.61926467856086,2.3496541616808355,0.0,0.04618649184703827,0.0,0.04618649184703827
24.090147,"[103.60948181152344, 8.615354537963867, 0.0]","[135.2776641845703, 4.5, 0.0]",2.8236178141672763,5.154594421386719,-0.8419105934404314,31.665718686130162,2.344478113215624,0.0,0.05175821855664253,0.0,0.05175821855664253
24.109593,"[103.66629028320312, 8.614706039428711, 0.0]","[135.3812713623047, 4.5, 0.0]",2.806716653051081,5.137588024139404,-0.8450580558097665,31.713094333417224,2.3309766072194424,0.0,0.05195308476686478,0.0,0.05195308476686478
24.129676,"[103.7227554321289, 8.61406135559082, 0.0]","[135.4822235107422, 4.5, 0.0]",2.789738238419548,5.106371879577637,-0.8489207315766523,31.75988108925608,2.3308713710883233,0.0,0.052190396934747696,0.0,0.052190396934747696
24.149768,"[103.77888488769531, 8.613420486450195, 0.0]","[135.58409118652344, 4.5, 0.0]",2.7726959239473823,5.088267803192139,-0.8521157236082821,31.804357332645054,2.316633641158089,0.0,0.0523858442902565,0.0,0.0523858442902565
24.169048,"[103.83467864990234, 8.612783432006836, 0.0]","[135.68551635742188, 4.5, 0.0]",2.7555544200305726,5.056936740875244,-0.8570751958404843,31.85008525843818,2.3155718792447564,0.0,0.05268983915448189,0.0,0.05268983915448189
24.190476,"[103.89012908935547, 8.612150192260742, 0.0]","[135.78741455078125, 4.5, 0.0]",2.7366361061173246,5.038827419281006,-0.9459156956624026,31.89570792082039,2.3013823208446715,0.0,0.05815216526389122,0.0,0.05815216526389122
24.214362,"[103.94523620605469, 8.611520767211914, 0.0]","[135.89053344726562, 4.5, 0.0]",2.717654845337815,5.006938934326172,-0.9490630389754839,31.942145420701756,2.3021913131636813,0.0,0.058346185833215714,0.0,0.058346185833215714
24.229776,"[103.99996185302734, 8.610896110534668, 0.0]","[135.98924255371094, 4.5, 0.0]",2.698567721826897,4.988519191741943,-0.9543561755458896,31.990147885895713,2.289284088988357,0.0,0.058670833706855774,0.0,0.058670833706855774
24.249998,"[104.05431365966797, 8.610275268554688, 0.0]","[136.08901977539062, 4.5, 0.0]",2.6793747342451577,4.956495285034181,-0.9596493790869687,32.03412334451455,2.2899514699150463,0.0,0.05899796634912491,0.0,0.05899796634912491
24.269508,"[104.10828399658203, 8.609659194946289, 0.0]","[136.18756103515625, 4.5, 0.0]",2.6600491775605866,4.938119411468506,-0.9662778342285572,32.0795382141476,2.277120550789023,0.0,0.05940299481153488,0.0,0.05940299481153488
24.292022,"[104.161865234375, 8.609047889709473, 0.0]","[136.28526306152344, 4.5, 0.0]",2.6406511345285697,4.906623840332031,-0.9699021516008433,32.12409870199979,2.2780702339079193,0.0,0.05962753668427467,0.0,0.05962753668427467
24.309669,"[104.2150650024414, 8.608440399169922, 0.0]","[136.38356018066406, 4.5, 0.0]",2.619259782512244,4.888261318206787,-1.0695676008162902,32.16821063449905,2.2659727058034616,0.0,0.0657549574971199,0.0,0.0657549574971199
24.329495,"[104.26787567138672, 8.607837677001953, 0.0]","[136.48013305664062, 4.5, 0.0]",2.5977282304118985,4.85663366317749,-1.0765776050172704,32.21329861067865,2.269001535694543,0.0,0.06618478894233704,0.0,0.06618478894233704
24.349405,"[104.32025909423828, 8.607239723205566, 0.0]","[136.57708740234375, 4.5, 0.0]",2.5761232400528282,4.838242530822754,-1.0802495179535132,32.25705058796278,2.2589054327655917,0.0,0.0664122998714447,0.0,0.0664122998714447
24.369414,"[104.37220764160156, 8.606646537780762, 0.0]","[136.67376708984375, 4.5, 0.0]",2.554349437969919,4.806590557098389,-1.088690104145451,32.30161178094538,2.2621192907699257,0.0,0.06692966818809509,0.0,0.06692966818809509
24.392614,"[104.4237289428711, 8.606058120727539, 0.0]","[136.7703399658203, 4.5, 0.0]",2.532444021374389,4.788294792175293,-1.095270829776518,32.34633423060099,2.2522411191284695,0.0,0.06733521074056625,0.0,0.06733521074056625
24.409703,"[104.47481536865234, 8.605475425720215, 0.0]","[136.86602783203125, 4.5, 0.0]",2.5097298364229164,4.756931781768799,-1.1357092475736241,32.39137615269235,2.255850770800904,0.0,0.06981974840164185,0.0,0.06981974840164185
24.428702,"[104.52545928955078, 8.604897499084473, 0.0]","[136.9600067138672, 4.5, 0.0]",2.486858284241924,4.739616870880127,-1.1435776090496175,32.43596902996501,2.2472019453458825,0.0,0.07030552625656128,0.0,0.07030552625656128
24.451851,"[104.57565307617188, 8.604324340820312, 0.0]","[137.05775451660156, 4.5, 0.0]",2.4639094777162294,4.708005905151367,-1.1474403262847321,32.47929258056087,2.252758586638203,0.0,0.07054167240858078,0.0,0.07054167240858078
24.469514,"[104.6253890991211, 8.60375690460205, 0.0]","[137.14874267578125, 4.5, 0.0]",2.440832871509367,4.691452980041504,-1.153830310343129,32.526837949713155,2.244096427435138,0.0,0.07093477994203568,0.0,0.07093477994203568
24.492821,"[104.67466735839844, 8.603194236755371, 0.0]","[137.2442626953125, 4.5, 0.0]",2.4166957113737695,4.6604084968566895,-1.206858006779865,32.568080920403695,2.250620108532137,0.0,0.07419493794441223,0.0,0.07419493794441223
24.509255,"[104.72348022460938, 8.60263729095459, 0.0]","[137.33651733398438, 4.5, 0.0]",2.3924383795613635,4.6436381340026855,-1.2128665906202984,32.6143137412605,2.24371278548292,0.0,0.07456372678279877,0.0,0.07456372678279877
24.529755,"[104.77181243896484, 8.60208511352539, 0.0]","[137.42843627929688, 4.5, 0.0]",2.36805038536011,4.614441871643066,-1.2193997100626852,32.65774632511994,2.251199754441322,0.0,0.07496444135904312,0.0,0.07496444135904312
24.550245,"[104.81965637207031, 8.60153865814209, 0.0]","[137.52252197265625, 4.5, 0.0]",2.3435250527618323,4.598049163818359,-1.2262666299138747,32.70132391246395,2.2463914862829566,0.0,0.0753876268863678,0.0,0.0753876268863678
24.569066,"[104.86701202392578, 8.600997924804688, 0.0]","[137.61154174804688, 4.5, 0.0]",2.318857613322919,4.5728983879089355,-1.2333719719456626,32.74755642142206,2.254524111056527,0.0,0.07582466304302216,0.0,0.07582466304302216
24.590273,"[104.91387939453125, 8.600462913513184, 0.0]","[137.70440673828125, 4.5, 0.0]",2.2945707146425507,4.5468034744262695,-1.2143449340184187,32.789211657264595,2.2540407745860165,0.0,0.07465551793575287,0.0,0.07465551793575287
24.609636,"[104.96025085449219, 8.599933624267578, 0.0]","[137.7954864501953, 4.5, 0.0]",2.270148384874556,4.531317710876465,-1.2211164883997316,32.83520017214793,2.252232759783719,0.0,0.07507089525461197,0.0,0.07507089525461197
24.628921,"[105.00614166259766, 8.599410057067871, 0.0]","[137.88473510742188, 4.5, 0.0]",2.2455896699389655,4.504265308380127,-1.2279357467795293,32.87989946869258,2.261169326001909,0.0,0.07549061626195908,0.0,0.07549061626195908
24.649498,"[105.05154418945312, 8.598892211914062, 0.0]","[137.97491455078125, 4.5, 0.0]",2.220894570898955,4.490330219268799,-1.2347549520005163,32.92324901157466,2.2586756384411615,0.0,0.07591050118207932,0.0,0.07591050118207932
24.669663,"[105.09645080566406, 8.598379135131836, 0.0]","[138.06626892089844, 4.5, 0.0]",2.1960640422597586,4.462793350219727,-1.2415264319598274,32.96801511582408,2.2694356483698437,0.0,0.07632706314325333,0.0,0.07632706314325333
24.690695,"[105.140869140625, 8.597871780395508, 0.0]","[138.1559600830078, 4.5, 0.0]",2.1718429512184243,4.448971748352051,-1.2110545520667149,33.01445448204841,2.266729307959968,0.0,0.07445238530635834,0.0,0.07445238530635834
24.709907,"[105.18478393554688, 8.597370147705078, 0.0]","[138.2436065673828, 4.5, 0.0]",2.147498829577454,4.422502040863037,-1.2172060820485164,33.059720549442915,2.2771287971336265,0.0,0.07483122497797012,0.0,0.07483122497797012
24.729775,"[105.22821807861328, 8.596874237060547, 0.0]","[138.33139038085938, 4.5, 0.0]",2.1230316757846226,4.410974502563477,-1.2233576896415688,33.10344316726323,2.275003211285583,0.0,0.07520949840545654,0.0,0.07520949840545654
24.749551,"[105.27116394042969, 8.596384048461914, 0.0]","[138.4187469482422, 4.5, 0.0]",2.098483454516698,4.38620138168335,-1.2274110633962332,33.14778577206088,2.287942826778854,0.0,0.07545758038759232,0.0,0.07545758038759232
24.768593,"[105.3136215209961, 8.59589958190918, 0.0]","[138.50624084472656, 4.5, 0.0]",2.0738398584440656,4.374733924865723,-1.2321798036316167,33.192187987435666,2.2877179271666517,0.0,0.07575058192014694,0.0,0.07575058192014694
24.790957,"[105.3555908203125, 8.595420837402344, 0.0]","[138.59466552734375, 4.5, 0.0]",2.0490627958223437,4.3497395515441895,-1.2388531310860929,33.237215342808184,2.300894066421657,0.0,0.07616060972213745,0.0,0.07616060972213745
24.812075,"[105.39706420898438, 8.594947814941406, 0.0]","[138.68182373046875, 4.5, 0.0]",2.0250577209071237,4.338590145111084,-1.200253745761004,33.28366124390393,2.3006767557218457,0.0,0.073782779276371,0.0,0.073782779276371
24.828823,"[105.43804168701172, 8.594474792480469, 0.0]","[138.76744079589844, 4.5, 0.0]",2.000928870248103,4.316320419311523,-1.2064425329510353,33.329337681504995,2.3135324242039603,0.0,0.0741562768816948,0.0,0.0741562768816948
24.849452,"[105.4785385131836, 8.593993186950684, 0.0]","[138.8542938232422, 4.5, 0.0]",1.976675373658534,4.307154178619385,-1.212674829478444,33.37397934479872,2.3153915490634205,0.0,0.07452712208032608,0.0,0.07452712208032608
24.869281,"[105.5185546875, 8.593493461608887, 0.0]","[138.94000244140625, 4.5, 0.0]",1.952298225629185,4.2848663330078125,-1.2188574014674547,33.42036657190901,2.3304788049608507,0.0,0.07489367574453354,0.0,0.07489367574453354
24.892528,"[105.5580825805664, 8.592968940734863, 0.0]","[139.0286407470703, 4.5, 0.0]",1.929896432606987,4.275375843048096,-1.1200896511099012,33.46614025114381,2.3325681073786275,0.0,0.06879197061061859,0.0,0.06879197061061859
24.910411,"[105.59712219238281, 8.592414855957031, 0.0]","[139.11422729492188, 4.5, 0.0]",1.9548482539811767,4.253437042236328,1.247591068709486,33.515397980591416,2.3454794104411087,0.45212075114250183,0.0,0.45212075114250183,0.0
24.932904,"[105.6357192993164, 8.591819763183594, 0.0]","[139.19898986816406, 4.5, 0.0]",1.9797531159148145,4.246935844421387,1.2452430966818917,33.5621688756456,2.2985887882551514,0.451340414583683,0.0,0.451340414583683,0.0
24.950137,"[105.67481231689453, 8.591174125671387, 0.0]","[139.28271484375, 4.5, 0.0]",2.004728900930998,4.227262020111084,1.248789250809168,33.60866156434988,2.2671827285065724,0.45272059738636017,0.0,0.45272059738636017,0.0
24.968734,"[105.71440124511719, 8.590474128723145, 0.0]","[139.36512756347656, 4.5, 0.0]",2.0298417727443514,4.221125602722168,1.2556435906676766,33.65372410339895,2.222533119180086,0.45533154159784317,0.0,0.45533154159784317,0.0
24.989616,"[105.75448608398438, 8.589714050292969, 0.0]","[139.45025634765625, 4.5, 0.0]",2.05520108398687,4.2045674324035645,1.267965562125939,33.69708430372749,2.1912838299778166,0.4599147289991379,0.0,0.4599147289991379,0.0
25.009786,"[105.79507446289062, 8.588889122009277, 0.0]","[139.5345458984375, 4.5, 0.0]",2.078632275177121,4.191739082336426,1.171559559512536,33.742779859685335,2.1493663484166943,0.42513083666563034,0.0,0.42513083666563034,0.0
25.029615,"[105.83616638183594, 8.587992668151855, 0.0]","[139.61758422851562, 4.5, 0.0]",2.03290449123945,4.181123733520508,-2.2863891968835537,33.787259527594216,2.113106807159305,0.4315990209579468,0.0,0.4315990209579468,0.0
25.051522,"[105.87773132324219, 8.587021827697754, 0.0]","[139.70123291015625, 4.5, 0.0]",1.990024032101714,4.170431613922119,-2.144022956886793,33.83011715041382,2.148219242281058,0.4382925480604172,0.0,0.4382925480604172,0.0
25.071585,"[105.91838836669922, 8.587577819824219, 0.0]","[139.7863311767578, 4.5, 0.0]",2.01032018495531,4.159553527832031,1.0148076426797936,33.873253199736624,2.180407581820405,0.44209592044353485,0.0,0.44209592044353485,0.0
25.090032,"[105.95813751220703, 8.589571952819824, 0.0]","[139.86834716796875, 4.5, 0.0]",2.032197596581735,4.149069309234619,1.0938705813212657,33.91583939392515,2.1492333428767214,0.42761001735925674,0.0,0.42761001735925674,0.0
25.109725,"[105.99833679199219, 8.590444564819336, 0.0]","[139.95167541503906, 4.5, 0.0]",2.054977830616501,4.138683319091797,1.1390117017382906,33.95315160004511,2.116871712652884,0.429888516664505,0.0,0.429888516664505,0.0
25.129308,"[106.03897857666016, 8.590712547302246, 0.0]","[140.03392028808594, 4.5, 0.0]",2.078241263049001,4.130403518676758,1.1631716216250032,33.99283045154217,2.083705488475296,0.4329124465584755,0.0,0.4329124465584755,0.0
25.149624,"[106.080078125, 8.590612411499023, 0.0]","[140.11671447753906, 4.5, 0.0]",2.1018704263699948,4.122067928314209,1.181458166049687,34.03225143297687,2.052162255627757,0.43655306100845337,0.0,0.43655306100845337,0.0
25.169738,"[106.12164306640625, 8.590245246887207, 0.0]","[140.19894409179688, 4.5, 0.0]",2.1258332837493037,4.113789081573486,1.198142868965446,34.072803470272845,2.020197501944214,0.4406760260462761,0.0,0.4406760260462761,0.0
25.18991,"[106.1636734008789, 8.589656829833984, 0.0]","[140.28115844726562, 4.5, 0.0]",2.146811153595765,4.105512619018555,1.0488934923230664,34.11316119397384,1.9879557978241826,0.3851938992738724,0.0,0.3851938992738724,0.0
25.210039,"[106.20618438720703, 8.588871002197266, 0.0]","[140.3637237548828, 4.5, 0.0]",2.1681409463965062,4.097440719604492,1.0664896400370605,34.15371135202358,1.9587014654227897,0.3904195874929428,0.0,0.3904195874929428,0.0
25.229664,"[106.24910736083984, 8.58790397644043, 0.0]","[140.44532775878906, 4.5, 0.0]",2.1898165786596855,4.0912699699401855,1.0837816131589628,34.19466735114758,1.929299773207986,0.39574407041072845,0.0,0.39574407041072845,0.0
25.24963,"[106.2924575805664, 8.586770057678223, 0.0]","[140.52740478515625, 4.5, 0.0]",2.2118276971030513,4.085062503814697,1.1005559221682892,34.23467772554462,1.9014533912805,0.40108248591423035,0.0,0.40108248591423035,0.0
25.269485,"[106.33623504638672, 8.585487365722656, 0.0]","[140.60870361328125, 4.5, 0.0]",2.2341537520018813,4.078915119171143,1.1163027449414997,34.275077669773815,1.873234806711646,0.4062473028898239,0.0,0.4062473028898239,0.0
25.292365,"[106.38044738769531, 8.584077835083008, 0.0]","[140.69049072265625, 4.5, 0.0]",2.253740850158946,4.072729587554932,0.979354907853236,34.31454788352259,1.8447613671692613,0.356222540140152,0.0,0.356222540140152,0.0
25.310186,"[106.42510223388672, 8.582559585571289, 0.0]","[140.7721710205078, 4.5, 0.0]",2.273501611528862,4.066760063171387,0.9880380684958112,34.354296847784184,1.8189887373959857,0.3590504452586174,0.0,0.3590504452586174,0.0
25.33201,"[106.47014617919922, 8.580949783325195, 0.0]","[140.8545684814453, 4.5, 0.0]",2.2936978254430738,4.06233549118042,1.009810695710578,34.393676026022554,1.7932584516425245,0.36667343229055405,0.0,0.36667343229055405,0.0
25.350454,"[106.51558685302734, 8.57926082611084, 0.0]","[140.93414306640625, 4.5, 0.0]",2.3141715464469907,4.058062553405762,1.023686050195849,34.43352635234701,1.7686376657373462,0.3715132921934128,0.0,0.3715132921934128,0.0
25.370385,"[106.5614242553711, 8.57750129699707, 0.0]","[141.0157928466797, 4.5, 0.0]",2.334888290563243,4.053678035736084,1.0358372058126175,34.4702666374116,1.743891006958771,0.37577640265226364,0.0,0.37577640265226364,0.0
25.391022,"[106.60767364501953, 8.575676918029785, 0.0]","[141.09727478027344, 4.5, 0.0]",2.3531859248440354,4.049302577972412,0.914881714039617,34.50877242121672,1.7187897451728409,0.33185437321662903,0.0,0.33185437321662903,0.0
25.409787,"[106.65433502197266, 8.57379150390625, 0.0]","[141.177734375, 4.5, 0.0]",2.3716272560997194,4.048478126525879,0.9220665627841962,34.54676344850728,1.6961166531283767,0.3344128280878067,0.0,0.3344128280878067,0.0
25.429308,"[106.70135498046875, 8.57184886932373, 0.0]","[141.25868225097656, 4.5, 0.0]",2.3904432590547247,4.038928031921387,0.9408001477502648,34.58336843060894,1.6768508704261595,0.34116365015506744,0.0,0.34116365015506744,0.0
25.45008,"[106.74874877929688, 8.569849014282227, 0.0]","[141.34007263183594, 4.5, 0.0]",2.4094987156542618,4.042694091796875,0.9527728299768556,34.62013801455989,1.648484772866662,0.34546878188848495,0.0,0.34546878188848495,0.0
25.469756,"[106.79651641845703, 8.567790031433105, 0.0]","[141.42088317871094, 4.5, 0.0]",2.428784151173462,4.033148765563965,0.9642717759600128,34.657005627936755,1.6331953761426132,0.34961968660354614,0.0,0.34961968660354614,0.0
25.489988,"[106.84465789794922, 8.565671920776367, 0.0]","[141.50161743164062, 4.5, 0.0]",2.445994870281164,4.036938190460205,0.8605359553850889,34.69294224399813,1.6043646143905028,0.3120054304599762,0.0,0.3120054304599762,0.0
25.509726,"[106.8931884765625, 8.563494682312012, 0.0]","[141.5821533203125, 4.5, 0.0]",2.4634333331541822,4.027533054351807,0.8719231436509212,34.7284455887127,1.5909433201790413,0.3160996735095978,0.0,0.3160996735095978,0.0
25.529761,"[106.94205474853516, 8.561260223388672, 0.0]","[141.6627960205078, 4.5, 0.0]",2.481095398932741,4.032458305358887,0.8831032889279333,34.76337408922637,1.5640997211976244,0.3201121464371681,0.0,0.3201121464371681,0.0
25.549937,"[106.99127197265625, 8.558968544006348, 0.0]","[141.7439422607422, 4.5, 0.0]",2.498969365029037,4.024040222167969,0.8936983048148051,34.79808077368607,1.5513629064261458,0.3239327669143677,0.0,0.3239327669143677,0.0
25.569294,"[107.04084014892578, 8.556618690490723, 0.0]","[141.82388305664062, 4.5, 0.0]",2.517046795439335,4.028980731964111,0.9038715205148984,34.83294207113096,1.5250708571389318,0.32759226858615875,0.0,0.32759226858615875,0.0
25.590094,"[107.09075927734375, 8.554210662841797, 0.0]","[141.90513610839844, 4.5, 0.0]",2.535326671971246,4.0205607414245605,0.9139938265955605,34.866243265925824,1.5119339365247764,0.331239253282547,0.0,0.331239253282547,0.0
25.609795,"[107.14103698730469, 8.551742553710938, 0.0]","[141.98516845703125, 4.5, 0.0]",2.551470421339748,4.025598049163818,0.8071874684250968,34.90050022677378,1.4852340694533144,0.29256418347358704,0.0,0.29256418347358704,0.0
25.629603,"[107.19168090820312, 8.549213409423828, 0.0]","[142.06576538085938, 4.5, 0.0]",2.4974674710941764,4.018050670623779,-2.7001475122785834,34.933168379850656,1.4741276278240703,0.2981496974825859,0.0,0.2981496974825859,0.0
25.649656,"[107.24264526367188, 8.546623229980469, 0.0]","[142.1465301513672, 4.5, 0.0]",2.4465064632965055,4.023833751678467,-2.5480503898835494,34.96602331443818,1.5205831995296029,0.30182620510458946,0.0,0.30182620510458946,0.0
25.668899,"[107.29258728027344, 8.545580863952637, 0.0]","[142.2261962890625, 4.5, 0.0]",2.4598725668608483,4.01629638671875,0.6683051782171434,34.998710132754454,1.5773272883819613,0.30223893001675606,0.0,0.30223893001675606,0.0
25.690413,"[107.34151458740234, 8.545979499816895, 0.0]","[142.30746459960938, 4.5, 0.0]",2.476061509687891,4.022073745727539,0.8094471413521376,35.028759995698366,1.5564238198579017,0.3198353946208954,0.0,0.3198353946208954,0.0
25.710257,"[107.39070892333984, 8.545317649841309, 0.0]","[142.3878631591797, 4.5, 0.0]",2.4928410086473374,4.0146026611328125,0.8389749479723152,35.05877596689761,1.546012236039648,0.3186306357383728,0.0,0.3186306357383728,0.0
25.729561,"[107.44021606445312, 8.544089317321777, 0.0]","[142.4677276611328, 4.5, 0.0]",2.5098853226348523,4.021010398864746,0.8522156993757468,35.08880717644809,1.5217616524854751,0.31834471970796585,0.0,0.31834471970796585,0.0
25.749679,"[107.49005126953125, 8.54253101348877, 0.0]","[142.54873657226562, 4.5, 0.0]",2.5271193503788565,4.014082431793213,0.8617013872002088,35.118934550284045,1.5111250762298938,0.3190286085009575,0.0,0.3190286085009575,0.0
25.769152,"[107.54021453857422, 8.54074478149414, 0.0]","[142.62860107421875, 4.5, 0.0]",2.544541980399078,4.020490646362305,0.8711315010110798,35.150619401157584,1.4869630814143564,0.3206753358244896,0.0,0.3206753358244896,0.0
25.790952,"[107.5907211303711, 8.538773536682129, 0.0]","[142.70928955078125, 4.5, 0.0]",2.5602917392264475,4.01356315612793,0.7874879413684699,35.18139962554735,1.4759486659632266,0.2891082316637039,0.0,0.2891082316637039,0.0
25.811422,"[107.64156341552734, 8.536636352539062, 0.0]","[142.7895965576172, 4.5, 0.0]",2.5762650054854372,4.0200276374816895,0.798663312949488,35.213087735589006,1.4532714169014822,0.29218684881925583,0.0,0.29218684881925583,0.0
25.829438,"[107.69271850585938, 8.534343719482422, 0.0]","[142.87001037597656, 4.5, 0.0]",2.5924703177210433,4.013601779937744,0.8102656117803031,35.244377294805226,1.4437626319962522,0.2956422045826912,0.0,0.2956422045826912,0.0
25.849212,"[107.74418640136719, 8.531902313232422, 0.0]","[142.95046997070312, 4.5, 0.0]",2.60890621592613,4.0205078125,0.8217949102543365,35.275690325628034,1.4211314622167008,0.2992256172001362,0.0,0.2992256172001362,0.0
25.869985,"[107.79597473144531, 8.529316902160645, 0.0]","[143.03114318847656, 4.5, 0.0]",2.625475238184874,4.014082431793213,0.8284511129371896,35.30689843998176,1.41160159657387,0.3011837787926197,0.0,0.3011837787926197,0.0
25.890687,"[107.84808349609375, 8.526598930358887, 0.0]","[143.1116943359375, 4.5, 0.0]",2.6408107408489703,4.020988941192627,0.7667751332048223,35.33811532573195,1.388607193608339,0.27853019535541534,0.0,0.27853019535541534,0.0
25.910294,"[107.9005126953125, 8.523762702941895, 0.0]","[143.19186401367188, 4.5, 0.0]",2.656274675937061,4.0146307945251465,0.773196754404526,35.36896725982797,1.3801782003436567,0.28064193204045296,0.0,0.28064193204045296,0.0
25.930814,"[107.9532470703125, 8.520824432373047, 0.0]","[143.27220153808594, 4.5, 0.0]",2.672070372486965,4.022115707397461,0.7897848274952102,35.39916913670551,1.3583561185880857,0.28650442138314247,0.0,0.28650442138314247,0.0
25.950195,"[108.00628662109375, 8.51779842376709, 0.0]","[143.35247802734375, 4.5, 0.0]",2.6880785471365316,4.019600868225098,0.8004087324783304,35.42926353416013,1.350045334910496,0.2902437746524811,0.0,0.2902437746524811,0.0
25.969802,"[108.05963897705078, 8.514695167541504, 0.0]","[143.43289184570312, 4.5, 0.0]",2.7042723735945877,4.0204200744628915,0.8096913229028058,35.45900913363937,1.331522321088566,0.2935362234711647,0.0,0.2935362234711647,0.0
25.990696,"[108.1133041381836, 8.511521339416504, 0.0]","[143.513671875, 4.5, 0.0]",2.719010215841433,4.021243572235107,0.7368921123422689,35.488582904243124,1.3161477008683038,0.26710066944360733,0.0,0.26710066944360733,0.0
26.009682,"[108.16728973388672, 8.508280754089355, 0.0]","[143.5939178466797, 4.5, 0.0]",2.7339532032802856,4.022136688232422,0.7471493719426237,35.518204834772284,1.3022333563936743,0.27078066021203995,0.0,0.27078066021203995,0.0
26.02869,"[108.22157287597656, 8.50497817993164, 0.0]","[143.6741943359375, 4.5, 0.0]",2.7490864944633584,4.023611545562744,0.7566645591536414,35.5469598301735,1.2881834849521363,0.2742074616253376,0.0,0.2742074616253376,0.0
26.053457,"[108.2761459350586, 8.50161361694336, 0.0]","[143.75547790527344, 4.5, 0.0]",2.7643147025197585,4.02510404586792,0.7614104028200064,35.575429813381064,1.2745250510993857,0.27591604739427567,0.0,0.27591604739427567,0.0
26.06949,"[108.33102416992188, 8.498186111450195, 0.0]","[143.8354949951172, 4.5, 0.0]",2.779798194307313,4.02657413482666,0.7741745893777185,35.60459454601575,1.2607893433481614,0.28052303940057755,0.0,0.28052303940057755,0.0
26.090226,"[108.38619995117188, 8.494694709777832, 0.0]","[143.91653442382812, 4.5, 0.0]",2.7953510378871855,4.028062343597412,0.7776421789936316,35.632160012430184,1.2467759405193473,0.28177252039313316,0.0,0.28177252039313316,0.0
26.109774,"[108.44168090820312, 8.491138458251953, 0.0]","[143.9969024658203, 4.5, 0.0]",2.847007838739983,4.029639720916748,2.5828400426398668,35.66042109479104,1.2327113057102266,0.935589000582695,0.0,0.935589000582695,0.0
26.129048,"[108.49746704101562, 8.487515449523926, 0.0]","[144.0775604248047, 4.5, 0.0]",2.8985683842394896,4.031996250152588,2.5780272749753363,35.68767467231905,1.1826318821767652,0.9338949620723724,0.0,0.9338949620723724,0.0
26.149452,"[108.55428314208984, 8.48377799987793, 0.0]","[144.15855407714844, 4.5, 0.0]",2.9501328362747676,4.03436279296875,2.578222601763902,35.7148800079153,1.1334278659130983,0.9339980036020279,0.0,0.9339980036020279,0.0
26.169599,"[108.61212921142578, 8.479923248291016, 0.0]","[144.23895263671875, 4.5, 0.0]",3.001753338404618,4.036711692810059,2.5810251064925183,35.74137514940453,1.0842299566939824,0.9350194782018661,0.0,0.9350194782018661,0.0
26.189986,"[108.6709976196289, 8.475947380065918, 0.0]","[144.32020568847656, 4.5, 0.0]",3.053498279217334,4.039085865020752,2.5872470406357984,35.76623071529877,1.0349583544054406,0.9372609853744507,0.0,0.9372609853744507,0.0
26.211348,"[108.73089599609375, 8.471848487854004, 0.0]","[144.400634765625, 4.5, 0.0]",3.1053415320593336,4.041560173034668,2.592162642099982,35.79090286706701,0.985587585803418,0.9390084445476532,0.0,0.9390084445476532,0.0
26.2294,"[108.79181671142578, 8.467623710632324, 0.0]","[144.481689453125, 4.5, 0.0]",3.157449803609202,4.045019149780273,2.6054135774934206,35.813705446758725,0.9362186409753344,0.9437385946512222,0.0,0.9437385946512222,0.0
26.249924,"[108.85376739501953, 8.463271141052246, 0.0]","[144.56309509277344, 4.5, 0.0]",3.2097722564597295,4.048494338989258,2.616122642526375,35.836089318269906,0.8875693461710714,0.947534516453743,0.0,0.947534516453743,0.0
26.270148,"[108.91675567626953, 8.458789825439453, 0.0]","[144.64382934570312, 4.5, 0.0]",3.262319645448106,4.051940441131592,2.627369449418815,35.857769228761676,0.8387220825295283,0.951504185795784,0.0,0.951504185795784,0.0
26.290041,"[108.98078918457031, 8.454180717468262, 0.0]","[144.7252197265625, 4.5, 0.0]",3.2909753003874895,4.05541467666626,1.4327827469691856,35.87770826806587,0.789620795683486,0.5187325552105904,0.0,0.5187325552105904,0.0
26.309971,"[109.04586029052734, 8.449444770812988, 0.0]","[144.80615234375, 4.5, 0.0]",3.320015111657501,4.059024333953857,1.4519905635005825,35.89721865914003,0.7644393762787702,0.5255920812487602,0.0,0.5255920812487602,0.0
26.329887,"[109.11150360107422, 8.444618225097656, 0.0]","[144.8874053955078, 4.5, 0.0]",3.3493737852936234,4.063830852508545,1.4679336818061106,35.915189416913044,0.7390092222963562,0.5313046649098396,0.0,0.5313046649098396,0.0
26.349565,"[109.17771911621094, 8.439702033996582, 0.0]","[144.96923828125, 4.5, 0.0]",3.378987818835715,4.068671226501465,1.48070167710459,35.93284238621076,0.7144570672149215,0.5358876287937164,0.0,0.5358876287937164,0.0
26.369615,"[109.24452209472656, 8.434697151184082, 0.0]","[145.05128479003906, 4.5, 0.0]",3.40880903503556,4.0768585205078125,1.4910608099922396,35.95043156048454,0.6896834076657496,0.5396418273448944,0.0,0.5396418273448944,0.0
26.390088,"[109.3119125366211, 8.429603576660156, 0.0]","[145.13226318359375, 4.5, 0.0]",3.4387958301675274,4.074982643127441,1.4993397565983724,35.96757167662663,0.6680494854722525,0.5426058545708656,0.0,0.5426058545708656,0.0
26.409636,"[109.37989044189453, 8.424421310424805, 0.0]","[145.2136688232422, 4.5, 0.0]",3.468918579253298,4.086635589599609,1.5061374542885364,35.98298164097498,0.636186812959914,0.5450751632452011,0.0,0.5450751632452011,0.0
26.429196,"[109.4484634399414, 8.419149398803711, 0.0]","[145.29551696777344, 4.5, 0.0]",3.4991562984135234,4.086275100708008,1.511885958011261,35.998152016529005,0.6177170103463112,0.5471853911876678,0.0,0.5471853911876678,0.0
26.450956,"[109.51763153076172, 8.413787841796875, 0.0]","[145.37794494628906, 4.5, 0.0]",3.529497273026238,4.09929084777832,1.5170487306357394,36.013090971983495,0.5871188022944844,0.5490519478917122,0.0,0.5490519478917122,0.0
26.469327,"[109.58740234375, 8.408334732055664, 0.0]","[145.45960998535156, 4.5, 0.0]",3.5599318677785137,4.098916530609131,1.521729737613775,36.02793769039679,0.5697935747520821,0.5507687106728554,0.0,0.5507687106728554,0.0
26.49217,"[109.65777587890625, 8.402790069580078, 0.0]","[145.54188537597656, 4.5, 0.0]",3.590421835208777,4.111921787261963,1.524498371513161,36.04134602136806,0.5389846628306172,0.5517766997218132,0.0,0.5517766997218132,0.0
26.512275,"[109.72875213623047, 8.397151947021484, 0.0]","[145.62457275390625, 4.5, 0.0]",3.6456660224914144,4.111827850341797,2.7622093641318735,36.05468678436536,0.521499952053186,1.0,0.0,1.0,0.0
26.529336,"[109.80033111572266, 8.391420364379883, 0.0]","[145.70648193359375, 4.5, 0.0]",3.7009109354240577,4.126412868499756,2.7622456466321665,36.06776290340494,0.4661618278503825,1.0,0.0,1.0,0.0
26.54973,"[109.87300872802734, 8.3855562210083, 0.0]","[145.78968811035156, 4.5, 0.0]",3.7561575706088384,4.127790451049805,2.762331759239034,36.079387585836734,0.42550193307569817,1.0,0.0,1.0,0.0
26.569372,"[109.94678497314453, 8.379561424255371, 0.0]","[145.8717041015625, 4.5, 0.0]",3.726736961518223,4.142385005950928,-1.471030454530764,36.091142489574914,0.3716328804409663,1.0,0.0,1.0,0.0
26.590387,"[110.02165985107422, 8.37343692779541, 0.0]","[145.95553588867188, 4.5, 0.0]",3.6993480407234265,4.143823623657227,-1.36944603973983,36.100544008442874,0.41564804443270464,1.0,0.0,1.0,0.0
26.610079,"[110.09605407714844, 8.368821144104004, 0.0]","[146.0376434326172, 4.5, 0.0]",3.7526056090396884,4.1586127281188965,2.662878415813097,36.11059027350119,0.4444755829338001,1.0,0.0,1.0,0.0
26.629528,"[110.16996765136719, 8.365612030029297, 0.0]","[146.1208953857422, 4.5, 0.0]",3.807026960071382,4.16160249710083,2.721067551584677,36.11823625992135,0.40600711907920806,1.0,0.0,1.0,0.0
26.649908,"[110.2448959350586, 8.361318588256836, 0.0]","[146.20594787597656, 4.5, 0.0]",3.8618429898811883,4.178133964538574,2.740801490490319,36.12632371849091,0.3545755370294481,1.0,0.0,1.0,0.0
26.669194,"[110.32087707519531, 8.356433868408203, 0.0]","[146.28855895996094, 4.5, 0.0]",3.9168236468254465,4.18104887008667,2.7490328472129066,36.13565216323263,0.31629097465738587,1.0,0.0,1.0,0.0
26.69063,"[110.39793395996094, 8.351186752319336, 0.0]","[146.372802734375, 4.5, 0.0]",3.9718853448761986,4.197484970092773,2.753084902537606,36.1418769040317,0.26422522326122344,1.0,0.0,1.0,0.0
26.710321,"[110.47607421875, 8.345675468444824, 0.0]","[146.45611572265625, 4.5, 0.0]",4.02699634765374,4.200672626495362,2.755550138877072,36.148954835230064,0.22559962521657484,1.0,0.0,1.0,0.0
26.731235,"[110.55530548095703, 8.339941024780273, 0.0]","[146.5408935546875, 4.5, 0.0]",4.0821395340641295,4.218809604644775,2.7571593205194755,36.154239221240964,0.17367627884162218,1.0,0.0,1.0,0.0
26.751009,"[110.63562774658203, 8.33399772644043, 0.0]","[146.6254425048828, 4.5, 0.0]",4.137307509130411,4.22358512878418,2.758398753314051,36.16004755576966,0.13667007058064584,1.0,0.0,1.0,0.0
26.769989,"[110.717041015625, 8.327849388122559, 0.0]","[146.71192932128906, 4.5, 0.0]",4.192492209073861,4.241954326629639,2.7592349971725216,36.16463754076085,0.08627761965376912,1.0,0.0,1.0,0.0
26.790305,"[110.79954528808594, 8.321499824523926, 0.0]","[146.79489135742188, 4.5, 0.0]",4.247687588258372,4.246513366699219,2.759768959225539,36.170132389122635,0.049462117555777674,1.0,0.0,1.0,0.0
26.811461,"[110.88314056396484, 8.314955711364746, 0.0]","[146.87969970703125, 4.5, 0.0]",4.302891492999366,4.2648210525512695,2.7601952370496896,36.171055704780045,-0.0011742215591530325,1.0,0.0,1.0,0.0
26.829368,"[110.96782684326172, 8.308222770690918, 0.0]","[146.9654998779297, 4.5, 0.0]",4.3581001211638695,4.27119779586792,2.7604314082251946,36.172746429507576,-0.03807044044809604,1.0,0.0,1.0,0.0
26.851389,"[111.05360412597656, 8.301305770874023, 0.0]","[147.0518341064453, 4.5, 0.0]",4.4133128137277415,4.290987014770508,2.7606346281936034,36.17433817728383,-0.08690232529594955,1.0,0.0,1.0,0.0
26.869154,"[111.1404800415039, 8.294211387634277, 0.0]","[147.13731384277344, 4.5, 0.0]",4.468527546783835,4.300647258758545,2.760736652804674,36.175366292194596,-0.12232579895723372,1.0,0.0,1.0,0.0
26.891231,"[111.22844696044922, 8.286944389343262, 0.0]","[147.2234649658203, 4.5, 0.0]",4.523744670259328,4.313742160797119,2.7608561737746395,36.17443052551167,-0.1678802880252901,1.0,0.0,1.0,0.0
26.910344,"[111.3175048828125, 8.279511451721191, 0.0]","[147.31134033203125, 4.5, 0.0]",4.564709685338214,4.327269554138184,2.048250753944325,36.17305636659149,-0.21000250946220866,0.741942748427391,0.0,0.741942748427391,0.0
26.929536,"[111.40766143798828, 8.2719144821167, 0.0]","[147.39816284179688, 4.5, 0.0]",4.606094151760029,4.3416900634765625,2.0692233210907407,36.17228976383341,-0.2374401312000307,0.7495101541280746,0.0,0.7495101541280746,0.0
26.94981,"[111.49862670898438, 8.264177322387695, 0.0]","[147.48440551757812, 4.5, 0.0]",4.647712056560766,4.356016159057617,2.080895240036851,36.16935025022919,-0.2644040882834666,0.7537491619586945,0.0,0.7537491619586945,0.0
26.970177,"[111.59040832519531, 8.256299018859863, 0.0]","[147.57139587402344, 4.5, 0.0]",4.689528001628676,4.37046480178833,2.0907972533954933,36.16499469017971,-0.29169589750314895,0.7572976499795914,0.0,0.7572976499795914,0.0
26.990729,"[111.68301391601562, 8.248275756835938, 0.0]","[147.6588897705078, 4.5, 0.0]",4.731509525726447,4.384998321533203,2.0990762048885614,36.16053693453691,-0.3190631998403459,0.7602883130311966,0.0,0.7602883130311966,0.0
27.00944,"[111.77645111083984, 8.240106582641602, 0.0]","[147.74598693847656, 4.5, 0.0]",4.773578739065416,4.399566173553468,2.10346066694842,36.155723032960466,-0.3465112041932441,0.7618624716997147,0.0,0.7618624716997147,0.0
27.029269,"[111.87071228027344, 8.231790542602539, 0.0]","[147.83432006835938, 4.5, 0.0]",4.8158260308239065,4.415124893188477,2.1123645879245423,36.149645054340716,-0.37401256551194795,0.7650845497846603,0.0,0.7650845497846603,0.0
27.050764,"[111.96580505371094, 8.223325729370117, 0.0]","[147.92385864257812, 4.5, 0.0]",4.858183051434557,4.430893898010254,2.117851030532547,36.143935254905514,-0.4007011376354299,0.7670988142490387,0.0,0.7670988142490387,0.0
27.069246,"[112.06173706054688, 8.214710235595703, 0.0]","[148.01229858398438, 4.5, 0.0]",4.900650236924007,4.446468830108643,2.1233592744724916,36.13855460881985,-0.4272891534243035,0.7690899819135666,0.0,0.7690899819135666,0.0
27.092327,"[112.15850067138672, 8.205941200256348, 0.0]","[148.10128784179688, 4.5, 0.0]",4.943220919571603,4.4621429443359375,2.128534132379789,36.13119638667318,-0.4541814068153647,0.7709759473800659,0.0,0.7709759473800659,0.0
27.110114,"[112.256103515625, 8.197016716003418, 0.0]","[148.19021606445312, 4.5, 0.0]",4.976231863567494,4.477855205535889,1.6505471997945609,36.123510293781074,-0.48107797523566553,0.5978922918438911,0.0,0.5978922918438911,0.0
27.129707,"[112.35455322265625, 8.187932968139648, 0.0]","[148.28085327148438, 4.5, 0.0]",5.009486037732493,4.49425745010376,1.662708708249916,36.114878252091756,-0.4983766580316056,0.6022894755005836,0.0,0.6022894755005836,0.0
27.149934,"[112.45365142822266, 8.178704261779785, 0.0]","[148.37142944335938, 4.5, 0.0]",5.042884599468922,4.51064920425415,1.6699280868214927,36.107056469610015,-0.5152285876287328,0.6048832461237907,0.0,0.6048832461237907,0.0
27.168901,"[112.55339813232422, 8.169329643249512, 0.0]","[148.46119689941406, 4.5, 0.0]",5.076411311914371,4.526892185211182,1.676335622272429,36.098476191408785,-0.532235395214772,0.6071718409657478,0.0,0.6071718409657478,0.0
27.190095,"[112.65380859375, 8.159807205200195, 0.0]","[148.5521240234375, 4.5, 0.0]",5.1100525579586025,4.54334831237793,1.6820623022115733,36.08839110326481,-0.5495191267031894,0.6092316284775734,0.0,0.6092316284775734,0.0
27.210288,"[112.75487518310547, 8.15013599395752, 0.0]","[148.64236450195312, 4.5, 0.0]",5.143806585904814,4.5596747398376465,1.6877013973105814,36.07874629369788,-0.5667042455806728,0.6112496927380562,0.0,0.6112496927380562,0.0
27.23086,"[112.85660552978516, 8.140316009521484, 0.0]","[148.73410034179688, 4.5, 0.0]",5.17766565787392,4.576236724853516,1.6929535984552935,36.0677075025731,-0.5841318460671676,0.6131356582045555,0.0,0.6131356582045555,0.0
27.252477,"[112.95899963378906, 8.130345344543457, 0.0]","[148.82725524902344, 4.5, 0.0]",5.211624320462145,4.593055248260498,1.6979331294112665,36.057439847674964,-0.6014289330204043,0.6149324774742126,0.0,0.6149324774742126,0.0
27.270069,"[113.06205749511719, 8.120223045349121, 0.0]","[148.9180145263672, 4.5, 0.0]",5.245641738503004,4.609440803527832,1.700870902042917,36.04786627958136,-0.6185690722016473,0.6159796938300133,0.0,0.6159796938300133,0.0
27.290301,"[113.16577911376953, 8.109950065612793, 0.0]","[149.0108642578125, 4.5, 0.0]",5.266878656150402,4.6295390129089355,1.061845882369905,36.03518520281025,-0.6362009349751716,0.3845546767115593,0.0,0.3845546767115593,0.0
27.309744,"[113.27017211914062, 8.099525451660156, 0.0]","[149.10284423828125, 4.5, 0.0]",5.288313627333787,4.639420032501221,1.0717485591692721,36.0238646314843,-0.6373396432414662,0.38814373314380646,0.0,0.38814373314380646,0.0
27.329153,"[113.3749771118164, 8.088973999023438, 0.0]","[149.19595336914062, 4.5, 0.0]",5.309917652153783,4.662381172180176,1.0802012409997896,36.01094780497653,-0.6488935948325665,0.3911976143717766,0.0,0.3911976143717766,0.0
27.349772,"[113.4802017211914, 8.07829475402832, 0.0]","[149.2904052734375, 4.5, 0.0]",5.331666613716986,4.672246456146241,1.087448078160147,35.99868541867466,-0.6475364799736072,0.39380263537168503,0.0,0.39380263537168503,0.0
27.368915,"[113.58584594726562, 8.067487716674805, 0.0]","[149.38343811035156, 4.5, 0.0]",5.353540326168494,4.695195198059082,1.093685622575391,35.98728224299999,-0.6594201575707448,0.39604540914297104,0.0,0.39604540914297104,0.0
27.390501,"[113.6919174194336, 8.056553840637207, 0.0]","[149.47970581054688, 4.5, 0.0]",5.375514923707219,4.705376148223877,1.0987298769362663,35.97398777225174,-0.6583451281094117,0.3978857025504112,0.0,0.3978857025504112,0.0
27.410258,"[113.79841613769531, 8.045492172241211, 0.0]","[149.57186889648438, 4.5, 0.0]",5.397545924820472,4.728058338165283,1.1015500556626368,35.96342892936014,-0.6701387754833421,0.3988644853234291,0.0,0.3988644853234291,0.0
27.429897,"[113.90534210205078, 8.034303665161133, 0.0]","[149.66650390625, 4.5, 0.0]",5.419697833526323,4.736980438232422,1.107595435292552,35.94829800443414,-0.6694875866551886,0.4010704532265663,0.0,0.4010704532265663,0.0
27.45084,"[114.0126953125, 8.022988319396973, 0.0]","[149.76455688476562, 4.5, 0.0]",5.441930009075854,4.759799480438232,1.1116087774765582,35.935143556911534,-0.682717395293901,0.40252581238746643,0.0,0.40252581238746643,0.0
27.471093,"[114.1204833984375, 8.011547088623047, 0.0]","[149.8585205078125, 4.5, 0.0]",5.464242590894471,4.76861047744751,1.1156290909308364,35.924907103532284,-0.6821305286376216,0.40394358336925507,0.0,0.40394358336925507,0.0
27.490288,"[114.22870635986328, 7.999979496002197, 0.0]","[149.95306396484375, 4.5, 0.0]",5.486602457088208,4.790850639343262,1.1179933096868488,35.910108729982085,-0.695632113446961,0.4047796130180359,0.0,0.4047796130180359,0.0
27.510966,"[114.33736419677734, 7.988286972045898, 0.0]","[150.0478973388672, 4.5, 0.0]",5.538392280705965,4.799655914306641,2.5894911808878707,35.89539708698833,-0.695751817744946,0.9376256167888641,0.0,0.9376256167888641,0.0
27.52998,"[114.44645690917969, 7.976471424102783, 0.0]","[150.14450073242188, 4.5, 0.0]",5.590058659836537,4.820889949798584,2.583318956528613,35.88048446318631,-0.7387363663993245,0.9353828430175781,0.0,0.9353828430175781,0.0
27.551408,"[114.55657196044922, 7.964469909667969, 0.0]","[150.24180603027344, 4.5, 0.0]",5.641681783057121,4.828896999359131,2.5811561610291633,35.866844748793135,-0.7691687100379534,0.9345681965351105,0.0,0.9345681965351105,0.0
27.570607,"[114.66770935058594, 7.9522833824157715, 0.0]","[150.33883666992188, 4.5, 0.0]",5.693318348196936,4.850193023681641,2.581828256990759,35.85282463847156,-0.8127847836979898,0.9348069131374359,0.0,0.9348069131374359,0.0
27.591553,"[114.77986145019531, 7.939914226531982, 0.0]","[150.435791015625, 4.5, 0.0]",5.745020193634601,4.858147144317627,2.5850922718832603,35.83745321506459,-0.8431253245152952,0.9359893202781677,0.0,0.9359893202781677,0.0
27.612047,"[114.89303588867188, 7.927363395690918, 0.0]","[150.53257751464844, 4.5, 0.0]",5.796829330512218,4.879222393035889,2.5904568438808617,35.820936840030946,-0.8868730493169741,0.9378765523433685,0.0,0.9378765523433685,0.0
27.629848,"[115.0072250366211, 7.914631366729736, 0.0]","[150.63018798828125, 4.5, 0.0]",5.848763931100415,4.885673999786377,2.596730029409855,35.803178203406596,-0.9176069374763296,0.9401331096887589,0.0,0.9401331096887589,0.0
27.650736,"[115.12244415283203, 7.90172004699707, 0.0]","[150.7292938232422, 4.5, 0.0]",5.900842622683749,4.905660629272461,2.603934579166678,35.78517288832092,-0.9630899313140384,0.9427188336849213,0.0,0.9427188336849213,0.0
27.670977,"[115.23868560791016, 7.888632774353027, 0.0]","[150.82696533203125, 4.5, 0.0]",5.9530750823167295,4.912121772766114,2.611622981649031,35.767575187562805,-0.995181993411288,0.9454821050167084,0.0,0.9454821050167084,0.0
27.69062,"[115.35595703125, 7.875371932983398, 0.0]","[150.92588806152344, 4.5, 0.0]",6.0054573912015,4.932083606719971,2.61911544423854,35.74748124162209,-1.0409533095506154,0.94818115234375,0.0,0.94818115234375,0.0
27.711284,"[115.47425842285156, 7.861939430236816, 0.0]","[151.02462768554688, 4.5, 0.0]",6.06070184359671,4.938466548919678,2.7622226197604682,35.72755749307727,-1.0733737844815296,1.0,0.0,1.0,0.0
27.729349,"[115.59359741210938, 7.8483381271362305, 0.0]","[151.1225128173828, 4.5, 0.0]",6.115945961184981,4.956530570983887,2.7622058794135818,35.70637989755344,-1.122235294677032,1.0,0.0,1.0,0.0
27.751212,"[115.71402740478516, 7.834563732147217, 0.0]","[151.22238159179688, 4.5, 0.0]",6.171189401923954,4.961492538452149,2.762172036948618,35.68327714448428,-1.1594153902010946,1.0,0.0,1.0,0.0
27.770918,"[115.8355484008789, 7.820618629455566, 0.0]","[151.32192993164062, 4.5, 0.0]",6.164730873728492,4.9797492027282715,-0.3229264097730944,35.661019477010775,-1.2096968634718044,1.0,0.0,1.0,0.0
27.790945,"[115.95816040039062, 7.806504726409912, 0.0]","[151.42184448242188, 4.5, 0.0]",6.219557893674952,4.988050937652588,2.741350997323,35.637319684283646,-1.1849816710002203,1.0,0.0,1.0,0.0
27.81071,"[116.08081817626953, 7.794005393981934, 0.0]","[151.52114868164062, 4.5, 0.0]",6.274636843626436,4.999403476715088,2.7539474975742273,35.61286311726483,-1.231506956022364,1.0,0.0,1.0,0.0
27.832156,"[116.20450592041016, 7.780771732330322, 0.0]","[151.62130737304688, 4.5, 0.0]",6.329797180009278,5.009246349334717,2.758016819142073,35.588432617990044,-1.2752333669113485,1.0,0.0,1.0,0.0
27.852181,"[116.32925415039062, 7.767110824584961, 0.0]","[151.72193908691406, 4.5, 0.0]",6.384991031844021,5.019137859344482,2.7596925917371617,35.56365086412803,-1.320550830674561,1.0,0.0,1.0,0.0
27.873745,"[116.455078125, 7.7531609535217285, 0.0]","[151.82281494140625, 4.5, 0.0]",6.440202438488511,5.029052257537842,2.760570332224477,35.53816028130861,-1.3658531724995386,1.0,0.0,1.0,0.0
27.891461,"[116.58198547363281, 7.738985061645508, 0.0]","[151.92312622070312, 4.5, 0.0]",6.4954236825738025,5.038910865783691,2.761062204264597,35.51174907870491,-1.4111501809506688,1.0,0.0,1.0,0.0
27.910701,"[116.7099838256836, 7.724611759185791, 0.0]","[152.0238037109375, 4.5, 0.0]",6.550651418804493,5.048601150512695,2.7613868115345053,35.48362740322229,-1.4565128167901111,1.0,0.0,1.0,0.0
27.933079,"[116.83907318115234, 7.710057258605957, 0.0]","[152.12542724609375, 4.5, 0.0]",6.605884693364437,5.056797027587891,2.761663727997199,35.45472716359993,-1.5020502682917973,1.0,0.0,1.0,0.0
27.951803,"[116.96925354003906, 7.695331573486328, 0.0]","[152.22666931152344, 4.5, 0.0]",6.661119860314257,5.0649614334106445,2.761758347491039,35.42563540217035,-1.549087665776546,1.0,0.0,1.0,0.0
27.970108,"[117.10053253173828, 7.680445194244385, 0.0]","[152.3277587890625, 4.5, 0.0]",6.716356648746179,5.073114395141602,2.7618394215960684,35.39504197312743,-1.5961584269036129,1.0,0.0,1.0,0.0
27.991102,"[117.23290252685547, 7.665409088134766, 0.0]","[152.42984008789062, 4.5, 0.0]",6.771593500938776,5.08134651184082,2.761842609629861,35.363175575071864,-1.6432422536045772,1.0,0.0,1.0,0.0
28.010845,"[117.36637115478516, 7.650236129760742, 0.0]","[152.5316619873047, 4.5, 0.0]",6.826830683729742,5.089358806610107,2.761859139548317,35.33118931552786,-1.6902469890979557,1.0,0.0,1.0,0.0
28.02956,"[117.50093841552734, 7.634939670562744, 0.0]","[152.63290405273438, 4.5, 0.0]",6.882065283743998,5.095879077911377,2.761730000712781,35.297840655852895,-1.737471877119635,1.0,0.0,1.0,0.0
28.050298,"[117.63660430908203, 7.619533061981201, 0.0]","[152.73577880859375, 4.5, 0.0]",6.93729706442933,5.102504730224609,2.7615890342666205,35.26282012071306,-1.786186205832621,1.0,0.0,1.0,0.0
28.071223,"[117.77336883544922, 7.604030609130859, 0.0]","[152.83834838867188, 4.5, 0.0]",6.992528680023349,5.109110355377197,2.761580779700923,35.228334954788885,-1.834792334204721,1.0,0.0,1.0,0.0
28.091424,"[117.91123962402344, 7.588444232940674, 0.0]","[152.94009399414062, 4.5, 0.0]",7.047761086737281,5.115663528442383,2.761620335696602,35.192469089355015,-1.8834183246461516,1.0,0.0,1.0,0.0
28.114575,"[118.05020904541016, 7.572756290435791, 0.0]","[153.0419464111328, 4.5, 0.0]",7.101438138413852,5.122054576873779,2.68385258382855,35.15470907598943,-1.932097558294898,0.9718181192874908,0.0,0.9718181192874908,0.0
28.130182,"[118.19027709960938, 7.556957244873047, 0.0]","[153.14450073242188, 4.5, 0.0]",7.155238898722008,5.1271843910217285,2.690038015407792,35.11597830624824,-1.9793835615400726,0.9740579128265381,0.0,0.9740579128265381,0.0
28.15045,"[118.33141326904297, 7.541045665740967, 0.0]","[153.2476043701172, 4.5, 0.0]",7.209093331508032,5.1323418617248535,2.69272163930121,35.07686118627192,-2.028054507700279,0.9750492870807648,0.0,0.9750492870807648,0.0
28.170122,"[118.47361755371094, 7.525018215179443, 0.0]","[153.35247802734375, 4.5, 0.0]",7.263006979611359,5.137588024139404,2.6956824051663553,35.03723198619782,-2.0767514697831784,0.9761249274015427,0.0,0.9761249274015427,0.0
28.192478,"[118.61688995361328, 7.508873462677002, 0.0]","[153.45523071289062, 4.5, 0.0]",7.317029948076194,5.142728328704834,2.7011484232417615,34.998299436216136,-2.1254189554719547,0.9783398360013962,0.0,0.9783398360013962,0.0
28.2117,"[118.76123809814453, 7.4926371574401855, 0.0]","[153.5579833984375, 4.5, 0.0]",7.371153267899057,5.151035308837891,2.70616599114315,34.95619403621451,-2.1743016193713602,0.9805107861757278,0.0,0.9805107861757278,0.0
28.230125,"[118.90666961669922, 7.4763665199279785, 0.0]","[153.65869140625, 4.5, 0.0]",7.425329218738329,5.1482133865356445,2.7087975419636035,34.91303048949329,-2.2201179590611666,0.9818434715270996,0.0,0.9818434715270996,0.0
28.250777,"[119.05319213867188, 7.460101127624512, 0.0]","[153.76231384277344, 4.5, 0.0]",7.479631587276683,5.1588358879089355,2.715118426917673,34.86680494454863,-2.2771158322026848,0.9844575077295303,0.0,0.9844575077295303,0.0
28.270307,"[119.2008056640625, 7.443868637084961, 0.0]","[153.86517333984375, 4.5, 0.0]",7.533960044848367,5.1560959815979,2.7164228785842237,34.822466929309144,-2.320795699367747,0.98514623939991,0.0,0.98514623939991,0.0
28.291535,"[119.34951782226562, 7.427687168121338, 0.0]","[153.96913146972656, 4.5, 0.0]",7.5883915104013,5.166731357574463,2.7215732776466606,34.776381464693536,-2.377864063250467,0.9871292859315872,0.0,0.9871292859315872,0.0
28.311499,"[119.49932861328125, 7.411568641662598, 0.0]","[154.0742950439453, 4.5, 0.0]",7.618969033491971,5.1639509201049805,1.5288761545335205,34.73040242418458,-2.4216601528268376,0.5553407594561577,0.0,0.5553407594561577,0.0
28.330631,"[119.6502456665039, 7.39552116394043, 0.0]","[154.17527770996094, 4.5, 0.0]",7.649810601808749,5.173562049865723,1.54207841583891,34.68463989180902,-2.4550181133869904,0.5601523816585541,0.0,0.5601523816585541,0.0
28.35345,"[119.80178833007812, 7.379604339599609, 0.0]","[154.279052734375, 4.5, 0.0]",7.680856127530729,5.169922351837159,1.5522762860990191,34.63373076723311,-2.4762485519430264,0.5637842789292336,0.0,0.5637842789292336,0.0
28.371814,"[119.95397186279297, 7.363824367523193, 0.0]","[154.38211059570312, 4.5, 0.0]",7.712018132400167,5.179593563079834,1.5581002434718716,34.5850826646879,-2.5109337756935703,0.5658016726374626,0.0,0.5658016726374626,0.0
28.391264,"[120.1067886352539, 7.348184585571289, 0.0]","[154.48643493652344, 4.5, 0.0]",7.743262521421077,5.175970077514648,1.5622194510454879,34.53518265647271,-2.532424569320333,0.5671682953834534,0.0,0.5671682953834534,0.0
28.4104,"[120.26024627685547, 7.332686424255371, 0.0]","[154.58973693847656, 4.5, 0.0]",7.774600003193549,5.185569763183594,1.5668740886236154,34.48599952083709,-2.567292443906428,0.5687050893902779,0.0,0.5687050893902779,0.0
28.429841,"[120.41434478759766, 7.317328929901123, 0.0]","[154.6932373046875, 4.5, 0.0]",7.806012533405977,5.181236267089844,1.570626510621409,34.43523832613091,-2.589030240009955,0.5699282512068748,0.0,0.5699282512068748,0.0
28.45035,"[120.569091796875, 7.302110195159912, 0.0]","[154.79737854003906, 4.5, 0.0]",7.837482799025918,5.190249443054199,1.573513280997041,34.38409918054579,-2.6247762663161334,0.570826530456543,0.0,0.570826530456543,0.0
28.470514,"[120.72447967529297, 7.287027835845947, 0.0]","[154.90098571777344, 4.5, 0.0]",7.868963228796328,5.185918807983399,1.5740214885204828,34.33300266199477,-2.6472333559717187,0.5708754435181618,0.0,0.5708754435181618,0.0
28.491464,"[120.8805160522461, 7.272079944610596, 0.0]","[155.00540161132812, 4.5, 0.0]",7.900488345225243,5.194937705993652,1.5762558214457822,34.28077583981245,-2.6830444208129283,0.5715646594762802,0.0,0.5715646594762802,0.0
28.513371,"[121.03719329833984, 7.25726318359375, 0.0]","[155.11183166503906, 4.5, 0.0]",7.904088037432158,5.190600872039795,0.1799846103457181,34.22873535783522,-2.705550639231591,0.06586483679711819,0.0,0.06586483679711819,0.0
28.529918,"[121.19451904296875, 7.242575645446777, 0.0]","[155.21226501464844, 4.5, 0.0]",7.908032463301479,5.199062824249268,0.19722129346608774,34.17807844108678,-2.7134871653923627,0.0720377592369914,0.0,0.0720377592369914,0.0
28.553233,"[121.35193634033203, 7.2280683517456055, 0.0]","[155.31614685058594, 4.5, 0.0]",7.912136939351071,5.19425392150879,0.2052238024795816,34.12082005709751,-2.7089696390522118,0.07490827236324549,0.0,0.07490827236324549,0.0
28.57031,"[121.50944519042969, 7.213740825653076, 0.0]","[155.42271423339844, 4.5, 0.0]",7.916349587362343,5.202825546264648,0.210632400563604,34.066907807589544,-2.717883017842281,0.07682174444198608,0.0,0.07682174444198608,0.0
28.590645,"[121.66705322265625, 7.1995930671691895, 0.0]","[155.5271759033203, 4.5, 0.0]",7.920629786184,5.19802713394165,0.21400994108282667,34.015578009145266,-2.7135240410976946,0.078001176007092,0.0,0.078001176007092,0.0
28.611151,"[121.82476043701172, 7.185625076293945, 0.0]","[155.62863159179688, 4.5, 0.0]",7.924955502774352,5.206470966339111,0.216285829517604,33.96205202401779,-2.722602652242349,0.07877316325902939,0.0,0.07877316325902939,0.0
28.63283,"[121.98257446289062, 7.171834945678711, 0.0]","[155.73297119140625, 4.5, 0.0]",7.929301520339444,5.2013468742370605,0.21730087825462263,33.905430235036,-2.7184845364352404,0.07911233231425285,0.0,0.07911233231425285,0.0
28.651333,"[122.14048767089844, 7.158222198486328, 0.0]","[155.8374481201172, 4.5, 0.0]",7.865120935925638,5.209557056427002,-3.209029220690285,33.85156404606165,-2.7279546461023836,0.07924987934529781,0.0,0.07924987934529781,0.0
28.670306,"[122.29850006103516, 7.144786357879639, 0.0]","[155.94390869140625, 4.5, 0.0]",7.868948544417074,5.204464435577393,0.19138042457176319,33.79772541637618,-2.6555638794986365,0.07931644096970558,0.0,0.07931644096970558,0.0
28.690516,"[122.4551010131836, 7.129971027374268, 0.0]","[156.04653930664062, 4.5, 0.0]",7.872885951296849,5.212647438049316,0.19687034398878644,33.74575096497583,-2.664484108839681,0.0763469934463501,0.0,0.0763469934463501,0.0
28.711506,"[122.61184692382812, 7.115905284881592, 0.0]","[156.1506805419922, 4.5, 0.0]",7.752661666314023,5.207474231719971,-6.011214249141306,33.690792386250976,-2.660238513247533,0.0,0.3690384030342102,0.0,0.3690384030342102
28.730923,"[122.76871490478516, 7.102271556854248, 0.0]","[156.25363159179688, 4.5, 0.0]",7.633473211375149,5.215284824371338,-5.959422746943721,33.63736109101465,-2.5451874345940526,0.0,0.3660176992416382,0.0,0.3660176992416382
28.750951,"[122.92321014404297, 7.0891289710998535, 0.0]","[156.35891723632812, 4.5, 0.0]",7.514349309261426,5.213122367858888,-5.956195105686124,33.58273744586408,-2.418188387003811,0.0,0.3659183382987976,0.0,0.3659183382987976
28.77132,"[123.07534790039062, 7.07641077041626, 0.0]","[156.46546936035156, 4.5, 0.0]",7.395093675780034,5.210973739624023,-5.962781674069628,33.53289174947931,-2.301226941402539,0.0,0.3663982152938843,0.0,0.3663982152938843
28.794536,"[123.22512817382812, 7.064085006713867, 0.0]","[156.56875610351562, 4.5, 0.0]",7.275337622896597,5.218788146972656,-5.987802644171847,33.48671985195301,-2.1841199361560104,0.0,0.367991179227829,0.0,0.367991179227829
28.811682,"[123.37254333496094, 7.0521321296691895, 0.0]","[156.67340087890625, 4.5, 0.0]",7.1539686152275115,5.2132253646850595,-6.068450383454271,33.439689588908195,-2.0565494759239407,0.0,0.3729916512966156,0.0,0.3729916512966156
28.830198,"[123.51758575439453, 7.0405378341674805, 0.0]","[156.77828979492188, 4.5, 0.0]",7.0315480669154615,5.22059440612793,-6.121027415602498,33.39640002013918,-1.940743250542452,0.0,0.3762604296207428,0.0,0.3762604296207428
28.850118,"[123.66022491455078, 7.029291152954102, 0.0]","[156.88119506835938, 4.5, 0.0]",6.907577679269209,5.21461820602417,-6.198519382312639,33.355740012577,-1.8109536607875318,0.0,0.38105669617652893,0.0,0.38105669617652893
28.870406,"[123.80043029785156, 7.018379211425781, 0.0]","[156.98507690429688, 4.5, 0.0]",6.782015702330017,5.221980571746826,-6.278098846959601,33.315513238020664,-1.6929594732450388,0.0,0.3859706521034241,0.0,0.3859706521034241
28.891801,"[123.93817901611328, 7.007789611816406, 0.0]","[157.08990478515625, 4.5, 0.0]",6.6548780611238065,5.216017246246338,-6.356882060310509,33.27869460333442,-1.5600351305831905,0.0,0.3908315598964691,0.0,0.3908315598964691
28.911655,"[124.07343292236328, 6.997509479522705, 0.0]","[157.19439697265625, 4.5, 0.0]",6.67363616657024,5.223299980163574,0.937905272321693,33.24527332531547,-1.4388608148774686,0.33944614231586456,0.0,0.33944614231586456,0.0
28.931182,"[124.2061538696289, 6.987526893615723, 0.0]","[157.2982177734375, 4.5, 0.0]",6.690721541118396,5.2166337966918945,0.854268727407792,33.21400851905817,-1.4503361864066662,0.3091472201049328,0.0,0.3091472201049328,0.0
28.952045,"[124.3392562866211, 6.977610111236572, 0.0]","[157.40309143066406, 4.5, 0.0]",6.707070576920054,5.223299980163574,0.8174517900828793,33.184602481270886,-1.4740877444265017,0.2957751229405403,0.0,0.2957751229405403,0.0
28.969902,"[124.47270965576172, 6.967751502990723, 0.0]","[157.5076141357422, 4.5, 0.0]",6.722989951610226,5.2166337966918945,0.795968734508623,33.155853202004245,-1.4837705967564796,0.28797706589102745,0.0,0.28797706589102745,0.0
28.992429,"[124.60649108886719, 6.957942008972168, 0.0]","[157.6139678955078, 4.5, 0.0]",6.738765320521392,5.223299980163574,0.7887684455583077,33.12639203577599,-1.5063561549183317,0.2853631228208542,0.0,0.2853631228208542,0.0
29.012806,"[124.74059295654297, 6.9481730461120605, 0.0]","[157.7184295654297, 4.5, 0.0]",6.754549496075961,5.216495037078857,0.7892087777284118,33.09841724933739,-1.5154653403578182,0.28552908450365067,0.0,0.28552908450365067,0.0
29.030788,"[124.87501525878906, 6.93843936920166, 0.0]","[157.8206329345703, 4.5, 0.0]",6.770572440518962,5.222163200378418,0.8011472221500782,33.06822572902597,-1.5380544589971032,0.2898639626801014,0.0,0.2898639626801014,0.0
29.050163,"[125.00975799560547, 6.928736686706543, 0.0]","[157.92498779296875, 4.5, 0.0]",6.786871767081009,5.2144775390625,0.81496632810234,33.035452960556256,-1.5484092401405443,0.2948741428554058,0.0,0.2948741428554058,0.0
29.073364,"[125.14482116699219, 6.919060230255127, 0.0]","[158.02952575683594, 4.5, 0.0]",6.803504214702404,5.220122337341309,0.8316223810697299,33.00449631047594,-1.572394228018509,0.3009280003607273,0.0,0.3009280003607273,0.0
29.094771,"[125.28021240234375, 6.909404754638672, 0.0]","[158.13365173339844, 4.5, 0.0]",6.820516661654311,5.212439060211182,0.8506223475953867,32.97339464022022,-1.583381877361095,0.3077980875968933,0.0,0.3077980875968933,0.0
29.112293,"[125.41593933105469, 6.8997673988342285, 0.0]","[158.2380828857422, 4.5, 0.0]",6.87575978709871,5.217938423156738,2.76215627221994,32.9415480703781,-1.6080776014431297,1.0,0.0,1.0,0.0
29.131049,"[125.55200958251953, 6.890146255493164, 0.0]","[158.34291076660156, 4.5, 0.0]",6.9310023499747695,5.2122721672058105,2.7621281438029666,32.909665185069166,-1.6578213639419719,1.0,0.0,1.0,0.0
29.150957,"[125.6891860961914, 6.880486011505127, 0.0]","[158.44764709472656, 4.5, 0.0]",6.9862432113454735,5.209941387176515,2.7620430685352027,32.87783107086496,-1.718730182768959,1.0,0.0,1.0,0.0
29.171083,"[125.82746887207031, 6.870786666870117, 0.0]","[158.5532684326172, 4.5, 0.0]",7.041483165097165,5.207590579986572,2.761997687584561,32.84479511696326,-1.776301824168959,1.0,0.0,1.0,0.0
29.191089,"[125.96685028076172, 6.861049175262451, 0.0]","[158.6556854248047, 4.5, 0.0]",7.052321305281703,5.2053117752075195,0.5419070092269163,32.81153235706171,-1.8338925851105925,1.0,0.0,1.0,0.0
29.211286,"[126.10733795166016, 6.851274490356445, 0.0]","[158.75970458984375, 4.5, 0.0]",7.064842545059953,5.202799320220947,0.6260619889125074,32.77397300713166,-1.8470095300741836,1.0,0.0,1.0,0.0
29.230262,"[126.2479248046875, 6.839888572692871, 0.0]","[158.864990234375, 4.5, 0.0]",7.119062948671397,5.198747158050537,2.711020180572188,32.73690373692344,-1.862043224839006,1.0,0.0,1.0,0.0
29.2537,"[126.38862609863281, 6.826918601989746, 0.0]","[158.96934509277344, 4.5, 0.0]",7.173921866886826,5.194730758666992,2.742945910771466,32.7008519680866,-1.9203157906208599,1.0,0.0,1.0,0.0
29.272736,"[126.5304946899414, 6.814888000488281, 0.0]","[159.07296752929688, 4.5, 0.0]",7.228973389558772,5.1907429695129395,2.752576133597273,32.663545708373384,-1.9791911082198341,1.0,0.0,1.0,0.0
29.295751,"[126.67350769042969, 6.803295135498047, 0.0]","[159.17578125, 4.5, 0.0]",7.284102039797795,5.18678617477417,2.756432511951168,32.624387391713746,-2.0382304200458323,1.0,0.0,1.0,0.0
29.313362,"[126.81764221191406, 6.791930198669434, 0.0]","[159.27871704101562, 4.5, 0.0]",7.299339327137778,5.182606220245361,0.7618643669991432,32.58332340774477,-2.097315865023625,0.27706386521458626,0.0,0.27706386521458626,0.0
29.33265,"[126.962890625, 6.780691146850586, 0.0]","[159.3822021484375, 4.5, 0.0]",7.314966778378679,5.176663875579834,0.7813725620450462,32.5413043833107,-2.1167331068924167,0.2837458997964859,0.0,0.2837458997964859,0.0
29.355466,"[127.10845184326172, 6.769580841064453, 0.0]","[159.48605346679688, 4.5, 0.0]",7.330936711249313,5.170699596405029,0.7984966435317098,32.49876049668339,-2.138302902798845,0.28972309082746506,0.0,0.28972309082746506,0.0
29.371209,"[127.25433349609375, 6.75855827331543, 0.0]","[159.58859252929688, 4.5, 0.0]",7.347163459674632,5.164811134338379,0.8113374212659341,32.45630661120484,-2.160237114844284,0.2942144125699997,0.0,0.2942144125699997,0.0
29.39251,"[127.40054321289062, 6.747597694396973, 0.0]","[159.69320678710938, 4.5, 0.0]",7.36357743481818,5.158803939819336,0.8206987571774071,32.41225539564152,-2.182352325336253,0.29749568551778793,0.0,0.29749568551778793,0.0
29.414003,"[127.54708099365234, 6.736687660217285, 0.0]","[159.79556274414062, 4.5, 0.0]",7.38008229818864,5.152682304382324,0.8252431685229933,32.36997090215826,-2.204773494998844,0.2990693971514702,0.0,0.2990693971514702,0.0
29.431217,"[127.69395446777344, 6.725822925567627, 0.0]","[159.89804077148438, 4.5, 0.0]",7.396766034446119,5.144561767578125,0.8341868128739716,32.325127572194155,-2.2273999938063156,0.30224816873669624,0.0,0.30224816873669624,0.0
29.452402,"[127.84115600585938, 6.715000152587891, 0.0]","[160.00094604492188, 4.5, 0.0]",7.413514683542509,5.1364078521728525,0.8374324548194867,32.280087665072394,-2.2522042668679942,0.3033909387886524,0.0,0.3033909387886524,0.0
29.473162,"[127.98870086669922, 6.704216957092285, 0.0]","[160.10397338867188, 4.5, 0.0]",7.430313102512003,5.128244400024414,0.839920948474715,32.23516026821436,-2.2771068313696565,0.3042539209127426,0.0,0.3042539209127426,0.0
29.492499,"[128.13658142089844, 6.693471431732178, 0.0]","[160.2068634033203, 4.5, 0.0]",7.485541175519001,5.120092391967773,2.7614036503498696,32.19002314636882,-2.302068702487589,1.0,0.0,1.0,0.0
29.513108,"[128.28480529785156, 6.6827616691589355, 0.0]","[160.3096466064453, 4.5, 0.0]",7.5407707222857265,5.111663341522217,2.7614773383362934,32.1444236765756,-2.3654487835512272,1.0,0.0,1.0,0.0
29.531206,"[128.4341278076172, 6.672031402587891, 0.0]","[160.41073608398438, 4.5, 0.0]",7.5959996624679835,5.101178169250488,2.7614470091128496,32.098382958605875,-2.4291073807635097,1.0,0.0,1.0,0.0
29.55177,"[128.58456420898438, 6.661279201507568, 0.0]","[160.51327514648438, 4.5, 0.0]",7.651228752276742,5.093873500823975,2.76145449043792,32.04956045314602,-2.4948214932174952,1.0,0.0,1.0,0.0
29.571792,"[128.73609924316406, 6.650506496429443, 0.0]","[160.61514282226562, 4.5, 0.0]",7.706458857159723,5.076639175415039,2.761505244149065,32.0010745142187,-2.5573552514527673,1.0,0.0,1.0,0.0
29.594977,"[128.8887481689453, 6.639712333679199, 0.0]","[160.7196502685547, 4.5, 0.0]",7.761688315486355,5.072464466094971,2.7614729163315754,31.950824858363625,-2.629819681744684,1.0,0.0,1.0,0.0
29.612046,"[129.04249572753906, 6.628896713256836, 0.0]","[160.81817626953125, 4.5, 0.0]",7.8169178110303665,5.0552825927734375,2.76147477720059,31.90209775039473,-2.689223849391384,1.0,0.0,1.0,0.0
29.632114,"[129.19735717773438, 6.618061065673828, 0.0]","[160.92120361328125, 4.5, 0.0]",7.87214792869978,5.048534870147705,2.761505883470683,31.846310073796598,-2.761635218256929,1.0,0.0,1.0,0.0
29.651855,"[129.3533172607422, 6.607206344604492, 0.0]","[161.019775390625, 4.5, 0.0]",7.927378243174543,5.029034614562989,2.7615157237381283,31.793901115732734,-2.823613058552075,1.0,0.0,1.0,0.0
29.670405,"[129.51039123535156, 6.596333980560303, 0.0]","[161.11985778808594, 4.5, 0.0]",7.982607498954356,5.022669315338135,2.761462788990654,31.735952599896663,-2.8983436286115536,1.0,0.0,1.0,0.0
29.692988,"[129.66856384277344, 6.585445880889893, 0.0]","[161.22120666503906, 4.5, 0.0]",8.037837050906488,5.002806663513184,2.7614775976065875,31.678399602682187,-2.959938183616221,1.0,0.0,1.0,0.0
29.712554,"[129.82785034179688, 6.574543476104736, 0.0]","[161.3214111328125, 4.5, 0.0]",7.951789608255921,4.9961066246032715,-4.3023721325283315,31.62101389526833,-3.035030387393304,0.0,0.26449206471443176,0.0,0.26449206471443176
29.733363,"[129.9882354736328, 6.563628673553467, 0.0]","[161.41995239257812, 4.5, 0.0]",7.868490619311316,4.973820209503174,-4.164949447230226,31.561375428494042,-2.9556829836526495,0.0,0.2560417950153351,0.0,0.2560417950153351
29.751429,"[130.14691162109375, 6.55289363861084, 0.0]","[161.51959228515625, 4.5, 0.0]",7.786296728177321,4.964691638946533,-4.109694556699761,31.4989819210967,-2.8946704098081426,0.0,0.25264450907707214,0.0,0.25264450907707214
29.771142,"[130.30392456054688, 6.54233455657959, 0.0]","[161.61903381347656, 4.5, 0.0]",7.7047298717893185,4.942264080047608,-4.078342819400138,31.439401335326103,-2.821605089230788,0.0,0.2507191598415375,0.0,0.2507191598415375
29.794949,"[130.4593048095703, 6.531949520111084, 0.0]","[161.71829223632812, 4.5, 0.0]",7.622961159363147,4.9331955909729,-4.088435621308584,31.381294099584295,-2.76246579174171,0.0,0.25133880972862244,0.0,0.25133880972862244
29.812338,"[130.61306762695312, 6.521736145019531, 0.0]","[161.81678771972656, 4.5, 0.0]",7.540871314846429,4.9106035232543945,-4.104492225835887,31.32464468258957,-2.6897655683902464,0.0,0.25232791900634766,0.0,0.25232791900634766
29.83183,"[130.76519775390625, 6.511693477630615, 0.0]","[161.91461181640625, 4.5, 0.0]",7.457830680365356,4.898943901062012,-4.152031724053673,31.268859146120878,-2.6302677915920345,0.0,0.25524774193763733,0.0,0.25524774193763733
29.851482,"[130.9156951904297, 6.501820087432861, 0.0]","[162.0117645263672, 4.5, 0.0]",7.373683452950685,4.874077796936035,-4.207361370733542,31.214043907860255,-2.558886779303344,0.0,0.25865378975868225,0.0,0.25865378975868225
29.871154,"[131.0645294189453, 6.492115497589111, 0.0]","[162.1094970703125, 4.5, 0.0]",7.288556734813634,4.862436771392822,-4.256335906852549,31.160198873774043,-2.4996056560146496,0.0,0.26166316866874695,0.0,0.26166316866874695
29.893818,"[131.21170043945312, 6.482579708099365, 0.0]","[162.20748901367188, 4.5, 0.0]",7.202154843901332,4.837413787841797,-4.320094545615083,31.108602772055658,-2.4261199634208115,0.0,0.2655813694000244,0.0,0.2655813694000244
29.913231,"[131.357177734375, 6.473211765289307, 0.0]","[162.30494689941406, 4.5, 0.0]",7.109476725630241,4.825495719909668,-4.633905913554548,31.058935920385238,-2.364741056059535,0.0,0.2677391767501831,0.0,0.2677391767501831
29.93197,"[131.5009307861328, 6.464012145996094, 0.0]","[162.39918518066406, 4.5, 0.0]",6.985623667286115,4.79852819442749,-6.1926529172063205,31.010437074901443,-2.283981005720573,0.0,0.3785122334957123,0.0,0.3785122334957123
29.951199,"[131.6426544189453, 6.452518939971924, 0.0]","[162.49578857421875, 4.5, 0.0]",6.861505589583453,4.784381866455078,-6.205903885133068,30.96045706466084,-2.1870954728586245,0.0,0.38073718547821045,0.0,0.38073718547821045
29.971463,"[131.781982421875, 6.442103862762451, 0.0]","[162.5929718017578, 4.5, 0.0]",6.736723849641207,4.756779670715333,-6.239086997112331,30.914557312247023,-2.0771237231283752,0.0,0.3832026422023773,0.0,0.3832026422023773
29.993681,"[131.9188690185547, 6.432301044464111, 0.0]","[162.68858337402344, 4.5, 0.0]",6.610722319016252,4.742847919464111,-6.300076531247756,30.87170665768099,-1.9799441789258738,0.0,0.3871055841445923,0.0,0.3871055841445923
30.012113,"[132.0532684326172, 6.422900199890137, 0.0]","[162.78152465820312, 4.5, 0.0]",6.483447473397087,4.71588659286499,-6.36374228095824,30.829787570676153,-1.8678743995521403,0.0,0.39108797907829285,0.0,0.39108797907829285
30.031423,"[132.18516540527344, 6.413808345794678, 0.0]","[162.87460327148438, 4.5, 0.0]",6.355239008292753,4.700084209442139,-6.4104232552166796,30.78773923949079,-1.7675608805320966,0.0,0.3939967453479767,0.0,0.3939967453479767
30.053648,"[132.3145294189453, 6.40498685836792, 0.0]","[162.96897888183594, 4.5, 0.0]",6.225708567741958,4.67063570022583,-6.476522027539744,30.748369815709285,-1.6551547988506146,0.0,0.39808905124664307,0.0,0.39808905124664307
30.071726,"[132.44134521484375, 6.39641809463501, 0.0]","[163.0614471435547, 4.5, 0.0]",6.095242222994651,4.6549811363220215,-6.523317237365367,30.712860470069767,-1.5550728675161283,0.0,0.4009840786457062,0.0,0.4009840786457062
30.092728,"[132.56558227539062, 6.3881001472473145, 0.0]","[163.1554718017578, 4.5, 0.0]",5.963821895964043,4.628953456878662,-6.571016351530412,30.678024514292478,-1.4402610866726295,0.0,0.40393292903900146,0.0,0.40393292903900146
30.112522,"[132.68722534179688, 6.380028247833252, 0.0]","[163.2499542236328, 4.5, 0.0]",5.798445750751134,4.6058759689331055,-8.268807260645428,30.647344214377927,-1.3348684390853807,0.0,0.5083211660385132,0.0,0.5083211660385132
30.132342,"[132.80624389648438, 6.3721923828125, 0.0]","[163.34103393554688, 4.5, 0.0]",5.631960842031574,4.581867218017578,-8.324245435978028,30.619734934798128,-1.1925697818180288,0.0,0.5117362141609192,0.0,0.5117362141609192
30.153968,"[132.92196655273438, 6.364626407623291, 0.0]","[163.43222045898438, 4.5, 0.0]",5.464246876714721,4.557830333709717,-8.385698265842612,30.59137278131347,-1.0500936240139955,0.0,0.5155190825462341,0.0,0.5155190825462341
30.172225,"[133.03436279296875, 6.357323169708252, 0.0]","[163.52175903320312, 4.5, 0.0]",5.297461301089834,4.534231185913086,-8.339278781244364,30.56642899344608,-0.9064165430050046,0.0,0.5181668400764465,0.0,0.5181668400764465
30.194347,"[133.14341735839844, 6.350276947021484, 0.0]","[163.61566162109375, 4.5, 0.0]",5.13138880078996,4.509475231170654,-8.30362501499371,30.543181179812184,-0.7632301151767482,0.0,0.5212556719779968,0.0,0.5212556719779968
30.211559,"[133.2491455078125, 6.343480587005615, 0.0]","[163.70303344726562, 4.5, 0.0]",4.965339448579341,4.486274719238281,-8.30246761053095,30.527641228496133,-0.6219135696193057,0.0,0.5240687131881714,0.0,0.5240687131881714
30.232694,"[133.3515625, 6.336928367614746, 0.0]","[163.7920379638672, 4.5, 0.0]",4.798499006151055,4.461281776428223,-8.342022121414283,30.508922284972485,-0.4790647293410597,0.0,0.5294801592826843,0.0,0.5294801592826843
30.251183,"[133.45066833496094, 6.330617904663086, 0.0]","[163.8798065185547, 4.5, 0.0]",4.630843709731003,4.436636924743652,-8.382764821002597,30.49515306239811,-0.33721722972283263,0.0,0.534357488155365,0.0,0.534357488155365
30.271123,"[133.54644775390625, 6.324546813964844, 0.0]","[163.9688262939453, 4.5, 0.0]",4.4625907004566745,4.411640167236329,-8.412650463716442,30.48347116552248,-0.194206784987351,0.0,0.5376880764961243,0.0,0.5376880764961243
30.292862,"[133.63888549804688, 6.318713188171387, 0.0]","[164.05809020996094, 4.5, 0.0]",4.293796982271357,4.38657283782959,-8.43968590926587,30.476373059745836,-0.050950533220345484,0.0,0.5405092239379883,0.0,0.5405092239379883
30.31262,"[133.72796630859375, 6.313114166259766, 0.0]","[164.14590454101562, 4.5, 0.0]",4.33132397558437,4.361804485321045,1.876349665650645,30.47286904082271,0.09277585555823276,0.6794218719005585,0.0,0.6794218719005585,0.0
30.331906,"[133.8136749267578, 6.307747840881348, 0.0]","[164.2317352294922, 4.5, 0.0]",4.367672029114591,4.336724758148193,1.8174026765110707,30.471283704847238,0.030480509736674932,0.6580863893032074,0.0,0.6580863893032074,0.0
30.352505,"[133.90013122558594, 6.3023552894592285, 0.0]","[164.31849670410156, 4.5, 0.0]",4.40311172607103,4.311370372772217,1.771984847821928,30.471099354289255,-0.030947270966398044,0.6416372954845428,0.0,0.6416372954845428,0.0
30.37247,"[133.98731994628906, 6.296936511993408, 0.0]","[164.40603637695312, 4.5, 0.0]",4.438102316001094,4.285792827606201,1.7495294965032215,30.47109658380621,-0.09174135329881317,0.6335113942623138,0.0,0.6335113942623138,0.0
30.393802,"[134.07521057128906, 6.291491985321045, 0.0]","[164.49139404296875, 4.5, 0.0]",4.473052097270651,4.260849475860596,1.7474890634778362,30.47113857059477,-0.15230948839489322,0.6327734142541885,0.0,0.6327734142541885,0.0
30.412623,"[134.16380310058594, 6.2860236167907715, 0.0]","[164.5758819580078, 4.5, 0.0]",4.508230584840699,4.23610782623291,1.75892437850238,30.468301983809056,-0.21220262141005541,0.6369153410196304,0.0,0.6369153410196304,0.0
30.430206,"[134.2530975341797, 6.280531883239746, 0.0]","[164.6614227294922, 4.5, 0.0]",4.5437823418439365,4.210605621337891,1.777587850161888,30.463896503482367,-0.27212275860778856,0.6436754018068314,0.0,0.6436754018068314,0.0
30.451489,"[134.3430938720703, 6.275017738342285, 0.0]","[164.74339294433594, 4.5, 0.0]",4.579876854762608,4.186171054840088,1.8047256459335692,30.459840645068113,-0.33317672050604585,0.6534837931394577,0.0,0.6534837931394577,0.0
30.471999,"[134.43380737304688, 6.269481182098389, 0.0]","[164.82730102539062, 4.5, 0.0]",4.616535493409218,4.161161422729492,1.832931932330517,30.45152080272634,-0.39370579992252,0.6637338548898697,0.0,0.6637338548898697,0.0
30.49328,"[134.52523803710938, 6.263922214508057, 0.0]","[164.9107666015625, 4.5, 0.0]",4.653832650259199,4.13627815246582,1.8648578424990347,30.44441851537414,-0.455374070679726,0.6752718240022659,0.0,0.6752718240022659,0.0
30.512446,"[134.61740112304688, 6.258341312408447, 0.0]","[164.9935302734375, 4.5, 0.0]",4.691457175941731,4.114941596984863,1.8812262841266136,30.43615840486298,-0.5175544977933786,0.6812047213315964,0.0,0.6812047213315964,0.0
30.532179,"[134.71031188964844, 6.252737522125244, 0.0]","[165.0752716064453, 4.5, 0.0]",4.7130621457370605,4.083896160125732,1.0802484897664666,30.426466376212375,-0.5765155789568679,0.39117854088544846,0.0,0.39117854088544846,0.0
30.553713,"[134.80397033691406, 6.247110843658447, 0.0]","[165.15701293945312, 4.5, 0.0]",4.7353380753708265,4.066181659698486,1.1137964816883006,30.415007196233642,-0.6291659856113281,0.403314009308815,0.0,0.403314009308815,0.0
30.571526,"[134.89805603027344, 6.241481304168701, 0.0]","[165.23696899414062, 4.5, 0.0]",4.75816346838379,4.035669803619385,1.14126965064818,30.402801164300406,-0.6691564156723402,0.41326336562633514,0.0,0.41326336562633514,0.0
30.592582,"[134.9925994873047, 6.2358479499816895, 0.0]","[165.31883239746094, 4.5, 0.0]",4.781452170869317,4.017922401428223,1.1644351242763307,30.38838740583962,-0.7224936647644054,0.42165178805589676,0.0,0.42165178805589676,0.0
30.614255,"[135.0876007080078, 6.230210304260254, 0.0]","[165.39962768554688, 4.5, 0.0]",4.804963044920632,3.9872097969055185,1.1755437025657844,30.375420711025832,-0.7635297694410941,0.4256788641214371,0.0,0.4256788641214371,0.0
30.63134,"[135.1830596923828, 6.2245683670043945, 0.0]","[165.47909545898438, 4.5, 0.0]",4.828999110954187,3.9706156253814697,1.2018033016777174,30.360931354898415,-0.817753248015114,0.4351942241191864,0.0,0.4351942241191864,0.0
30.65199,"[135.27899169921875, 6.218921661376953, 0.0]","[165.5569305419922, 4.5, 0.0]",4.853289272744425,3.94116473197937,1.2145080895118898,30.34466052185705,-0.858383485572717,0.4397831857204437,0.0,0.4397831857204437,0.0
30.671582,"[135.3754119873047, 6.2132697105407715, 0.0]","[165.6374053955078, 4.5, 0.0]",4.8777909534154595,3.9242730140686035,1.2250840335517488,30.326288212951557,-0.9121245407650544,0.4435998946428299,0.0,0.4435998946428299,0.0
30.692024,"[135.47230529785156, 6.20761251449585, 0.0]","[165.71498107910156, 4.5, 0.0]",4.902499527240709,3.8948974609375,1.2354286912624524,30.31006332223448,-0.953517939346856,0.4473567381501198,0.0,0.4473567381501198,0.0
30.712291,"[135.5697021484375, 6.201949596405029, 0.0]","[165.79385375976562, 4.5, 0.0]",4.823430352125129,3.878584861755371,-3.9534587557789713,30.290472815622145,-1.0076020663032086,0.0,0.24304907023906708,0.0,0.24304907023906708
30.731036,"[135.66758728027344, 6.196281433105469, 0.0]","[165.8693389892578, 4.5, 0.0]",4.745706449295416,3.8506596088409424,-3.886195141485649,30.27167430066106,-0.9448454903697581,0.0,0.23891589045524597,0.0,0.23891589045524597
30.751556,"[135.76390075683594, 6.190727233886719, 0.0]","[165.94651794433594, 4.5, 0.0]",4.668340885344994,3.8355889320373535,-3.868278197521091,30.249007247835706,-0.8950468404544738,0.0,0.23781238496303558,0.0,0.23781238496303558
30.773147,"[135.85865783691406, 6.1852850914001465, 0.0]","[166.0239715576172, 4.5, 0.0]",4.5917126667568295,3.8071045875549316,-3.831410929408241,30.229606370621948,-0.8327519533076408,0.0,0.23554515838623047,0.0,0.23554515838623047
30.792091,"[135.95187377929688, 6.179953098297119, 0.0]","[166.0991668701172, 4.5, 0.0]",4.514858363156408,3.792590856552124,-3.8427151800210613,30.21203967466438,-0.7846080792018979,0.0,0.23624052107334137,0.0,0.23624052107334137
30.812266,"[136.04356384277344, 6.174729347229004, 0.0]","[166.17718505859375, 4.5, 0.0]",4.443599628984966,3.7641115188598633,-3.5629367085721064,30.19376342138917,-0.7222675066042843,0.0,0.2190440446138382,0.0,0.2190440446138382
30.83172,"[136.1337127685547, 6.169612884521484, 0.0]","[166.25157165527344, 4.5, 0.0]",4.371560067595269,3.750983238220215,-3.601978069484879,30.17983430143958,-0.6794881101251029,0.0,0.22144050896167755,0.0,0.22144050896167755
30.852246,"[136.22244262695312, 6.164595603942871, 0.0]","[166.32595825195312, 4.5, 0.0]",4.299051434182538,3.724518299102783,-3.625431670636514,30.163824602817865,-0.6205768293750538,0.0,0.2228829711675644,0.0,0.2228829711675644
30.871331,"[136.3097381591797, 6.159677505493164, 0.0]","[166.39898681640625, 4.5, 0.0]",4.225516695971749,3.7117509841918945,-3.6767369105394465,30.149237050855607,-0.5745331350797551,0.0,0.22603800892829895,0.0,0.22603800892829895
30.891695,"[136.3955841064453, 6.154857158660889, 0.0]","[166.47366333007812, 4.5, 0.0]",4.151488034977761,3.685211420059204,-3.701433049699432,30.134731141899486,-0.5137657117798549,0.0,0.2275582104921341,0.0,0.2275582104921341
30.913066,"[136.47996520996094, 6.150134563446045, 0.0]","[166.54934692382812, 4.5, 0.0]",4.088776024420345,3.6719465255737305,-3.1356005278707855,30.123322823604326,-0.46627661491855665,0.0,0.19277077913284302,0.0,0.19277077913284302
30.931715,"[136.5628662109375, 6.145508766174316, 0.0]","[166.62118530273438, 4.5, 0.0]",4.025233827428475,3.6476435661315922,-3.1771098495934957,30.11438772397187,-0.4168294988466146,0.0,0.1953216791152954,0.0,0.1953216791152954
30.953229,"[136.64451599121094, 6.140966415405273, 0.0]","[166.69435119628906, 4.5, 0.0]",3.9611745179611484,3.6363539695739746,-3.202965473366337,30.103096987687056,-0.3775902612968829,0.0,0.1969132274389267,0.0,0.1969132274389267
30.971312,"[136.7248992919922, 6.1365065574646, 0.0]","[166.76673889160156, 4.5, 0.0]",3.8966948065652827,3.611915349960327,-3.223985569793286,30.094385152506987,-0.3248205483871738,0.0,0.1982063204050064,0.0,0.1982063204050064
30.992452,"[136.8040008544922, 6.132129192352295, 0.0]","[166.83816528320312, 4.5, 0.0]",3.8440651088431754,3.601052761077881,-2.631484886105362,30.086165338507293,-0.2847794566049555,0.0,0.1617812216281891,0.0,0.1617812216281891
31.012505,"[136.88182067871094, 6.127834320068359, 0.0]","[166.91049194335938, 4.5, 0.0]",3.7909122050408275,3.5801639556884766,-2.657645190117397,30.078270011999603,-0.24301234776529457,0.0,0.16338641941547394,0.0,0.16338641941547394
31.031665,"[136.95858764648438, 6.123608112335205, 0.0]","[166.98252868652344, 4.5, 0.0]",3.737393671290607,3.564235210418701,-2.675926687511021,30.072557581791404,-0.21074824935235092,0.0,0.16450920701026917,0.0,0.16450920701026917
31.055576,"[137.03428649902344, 6.11945104598999, 0.0]","[167.0519256591797, 4.5, 0.0]",3.683641501203638,3.5488922595977783,-2.68760850434846,30.067610708504937,-0.1731584608719059,0.0,0.16522973775863647,0.0,0.16522973775863647
31.071884,"[137.10891723632812, 6.115363597869873, 0.0]","[167.12298583984375, 4.5, 0.0]",3.629928173492091,3.533181667327881,-2.6856663855773455,30.06109865935982,-0.13474924160585955,0.0,0.16510817408561707,0.0,0.16510817408561707
31.091692,"[137.18247985839844, 6.111346244812012, 0.0]","[167.19439697265625, 4.5, 0.0]",3.5762294826445222,3.517395257949829,-2.6849345423784365,30.057317440672065,-0.0967465061642101,0.0,0.1650625765323639,0.0,0.1650625765323639
31.111555,"[137.25497436523438, 6.107398509979248, 0.0]","[167.2650146484375, 4.5, 0.0]",3.531712960930663,3.50199556350708,-2.2258260856929724,30.054957009971517,-0.05883422469469313,0.0,0.13683989644050598,0.0,0.13683989644050598
31.13333,"[137.32640075683594, 6.103520393371582, 0.0]","[167.33433532714844, 4.5, 0.0]",3.487098151668394,3.4885029792785645,-2.2307404631134453,30.052874862885226,-0.029717397423582703,0.0,0.1371399611234665,0.0,0.1371399611234665
31.154063,"[137.3969268798828, 6.099701404571533, 0.0]","[167.40431213378906, 4.5, 0.0]",3.442466677000203,3.4748833179473877,-2.231573733409542,30.050568284567095,0.0014048276101705781,0.0,0.13719096779823303,0.0,0.13719096779823303
31.171419,"[137.46656799316406, 6.095941066741943, 0.0]","[167.47288513183594, 4.5, 0.0]",3.398000009803492,3.4615354537963867,-2.2233333598355554,30.0498191717989,0.03241664094718466,0.0,0.13668622076511383,0.0,0.13668622076511383
31.191901,"[137.5353240966797, 6.0922393798828125, 0.0]","[167.54420471191406, 4.5, 0.0]",3.3537151435460175,3.4476537704467773,-2.2142433128737204,30.048555568554242,0.06353544399289479,0.0,0.1361260563135147,0.0,0.1361260563135147
31.212749,"[137.60317993164062, 6.088595867156982, 0.0]","[167.61199951171875, 4.5, 0.0]",3.317624400888555,3.434659242630005,-1.8045371328731186,30.05092127805303,0.09393862690075983,0.0,0.1109393909573555,0.0,0.1109393909573555
31.234569,"[137.67015075683594, 6.085010051727295, 0.0]","[167.68020629882812, 4.5, 0.0]",3.2815586875520384,3.42313814163208,-1.803285666825838,30.05067008935073,0.11703484174144974,0.0,0.11086271703243256,0.0,0.11086271703243256
31.25192,"[137.7364044189453, 6.081472396850586, 0.0]","[167.7479248046875, 4.5, 0.0]",3.24567213940363,3.411700963973999,-1.7943274074204263,30.051717379369276,0.1415794540800417,0.0,0.11031071841716766,0.0,0.11031071841716766
31.272747,"[137.80194091796875, 6.0779829025268555, 0.0]","[167.81822204589844, 4.5, 0.0]",3.2099874384668152,3.3998301029205322,-1.784235046840732,30.052996114152446,0.16602882457036916,0.0,0.10969056934118271,0.0,0.10969056934118271
31.291563,"[137.86676025390625, 6.074540615081787, 0.0]","[167.88478088378906, 4.5, 0.0]",3.044334628941122,3.388587713241577,-8.282640476284664,30.057568511577887,0.189842664453717,0.0,0.5091966390609741,0.0,0.5091966390609741
31.312834,"[137.93087768554688, 6.071145534515381, 0.0]","[167.9532012939453, 4.5, 0.0]",2.8798266103550163,3.3772072792053223,-8.225400929305282,30.059127199411424,0.3442530843004552,0.0,0.5056790113449097,0.0,0.5056790113449097
31.330517,"[137.99168395996094, 6.067934513092041, 0.0]","[168.01980590820312, 4.5, 0.0]",2.715603134986068,3.3674252033233643,-8.211173768447422,30.063248369713836,0.49738066885030596,0.0,0.5048039555549622,0.0,0.5048039555549622
31.351062,"[138.0491943359375, 6.064905643463135, 0.0]","[168.08734130859375, 4.5, 0.0]",2.551507614327716,3.357508420944214,-8.204776032917604,30.06887267148704,0.6518220683372964,0.0,0.5044108629226685,0.0,0.5044108629226685
31.371317,"[138.10342407226562, 6.0620574951171875, 0.0]","[168.1547088623047, 4.5, 0.0]",2.3699561643840994,3.347614049911499,-9.07757249718082,30.078727132226206,0.8060008066164981,0.0,0.5044903755187988,0.0,0.5044903755187988
31.39158,"[138.15438842773438, 6.059388637542725, 0.0]","[168.221923828125, 4.5, 0.0]",2.213212954920798,3.3377439975738525,-7.837160473165072,30.09169945944955,0.9776578855273996,0.0,0.5080169439315796,0.0,0.5080169439315796
31.411519,"[138.2016143798828, 6.0553460121154785, 0.0]","[168.2887725830078, 4.5, 0.0]",2.052058412881021,3.328054428100586,-8.057727101988842,30.107789507422204,1.1245310426530546,0.0,0.5147809982299805,0.0,0.5147809982299805
31.429541,"[138.24575805664062, 6.052016735076904, 0.0]","[168.3548126220703, 4.5, 0.0]",1.8910294443264677,3.3227694034576416,-8.051448427727669,30.127079630312632,1.2759960152195648,0.0,0.5199965238571167,0.0,0.5199965238571167
31.451376,"[138.2866973876953, 6.04915714263916, 0.0]","[168.42279052734375, 4.5, 0.0]",1.7293875597342028,3.307234048843384,-8.082094229613245,30.14869580074775,1.431739959131174,0.0,0.5252640843391418,0.0,0.5252640843391418
31.472078,"[138.32443237304688, 6.046645164489746, 0.0]","[168.4874725341797, 4.5, 0.0]",1.5671688738877005,3.3054604530334473,-8.110934292325112,30.175485837909466,1.577846489109181,0.0,0.5282450318336487,0.0,0.5282450318336487
31.491761,"[138.35894775390625, 6.044422626495361, 0.0]","[168.55380249023438, 4.5, 0.0]",1.5804377143778925,3.2901391983032227,0.6634420245095973,30.20221126156195,1.7382915791457467,0.24088362231850624,0.0,0.24088362231850624,0.0
31.511226,"[138.39022827148438, 6.042459011077881, 0.0]","[168.6193389892578, 4.5, 0.0]",1.5924721306888179,3.28831148147583,0.6017208155462694,30.23381658561451,1.7097014839253302,0.21828509867191315,0.0,0.21828509867191315,0.0
31.531436,"[138.42178344726562, 6.0405449867248535, 0.0]","[168.68630981445312, 4.5, 0.0]",1.6037485914906238,3.273428440093994,0.5638230400902944,30.267876224776213,1.6958393507870122,0.20444383844733238,0.0,0.20444383844733238,0.0
31.551698,"[138.45358276367188, 6.038663864135742, 0.0]","[168.75035095214844, 4.5, 0.0]",1.6146638300669973,3.272240161895752,0.5457619288186777,30.303105112080686,1.6696798486033704,0.19780827686190605,0.0,0.19780827686190605,0.0
31.571079,"[138.48561096191406, 6.036813259124756, 0.0]","[168.81570434570312, 4.5, 0.0]",1.6255218385927395,3.2575571537017822,0.5429004262871073,30.335174552012784,1.6575763318287546,0.19670331850647926,0.0,0.19670331850647926,0.0
31.59172,"[138.51785278320312, 6.034988880157471, 0.0]","[168.8813934326172, 4.5, 0.0]",1.6382302242798028,3.256166696548462,0.635419284353167,30.36833324475288,1.6320353151090428,0.23015601560473442,0.0,0.23015601560473442,0.0
31.61186,"[138.55030822753906, 6.033184051513672, 0.0]","[168.94635009765625, 4.5, 0.0]",1.6512979003246182,3.2415235042572026,0.6533838022407701,30.401620021182733,1.617936472268659,0.23663070052862167,0.0,0.23663070052862167,0.0
31.630297,"[138.58302307128906, 6.031390190124512, 0.0]","[169.0108184814453, 4.5, 0.0]",1.6648435558914931,3.2402048110961914,0.6772827783437463,30.43396713871279,1.5902256039325844,0.2452739141881466,0.0,0.2452739141881466,0.0
31.651897,"[138.61599731445312, 6.029601097106934, 0.0]","[169.07566833496094, 4.5, 0.0]",1.6789290644913584,3.22550368309021,0.7042754299932619,30.46557139070212,1.5753612552046983,0.2550416626036167,0.0,0.2550416626036167,0.0
31.672433,"[138.6492462158203, 6.027811050415039, 0.0]","[169.14039611816406, 4.5, 0.0]",1.6935680852668509,3.224153757095337,0.7319510387746253,30.49730043459606,1.5465746185988516,0.2650535851716995,0.0,0.2650535851716995,0.0
31.692047,"[138.68276977539062, 6.026014804840088, 0.0]","[169.20489501953125, 4.5, 0.0]",1.7064788957167345,3.209496021270752,0.6455405224941813,30.52863535755559,1.530585671828486,0.23376202210783958,0.0,0.23376202210783958,0.0
31.712614,"[138.7165985107422, 6.024208068847656, 0.0]","[169.27078247070312, 4.5, 0.0]",1.7199599103782703,3.207908868789673,0.674050733076792,30.559468983330227,1.5030171255540175,0.2440820075571537,0.0,0.2440820075571537,0.0
31.731935,"[138.7506866455078, 6.022389888763428, 0.0]","[169.33413696289062, 4.5, 0.0]",1.7339646419574302,3.19273591041565,0.7002365789579912,30.59138508518496,1.4879489584114025,0.25356197729706764,0.0,0.25356197729706764,0.0
31.75192,"[138.7850341796875, 6.020557403564453, 0.0]","[169.39675903320312, 4.5, 0.0]",1.748430439019059,3.1909940242767334,0.7232898530814436,30.620513795259093,1.4587712684582197,0.2619071304798126,0.0,0.2619071304798126,0.0
31.773039,"[138.81967163085938, 6.018709182739258, 0.0]","[169.4606170654297, 4.5, 0.0]",1.763310523059246,3.175753116607666,0.7440042020093518,30.64865253160098,1.4425635852576744,0.269405972212553,0.0,0.269405972212553,0.0
31.791674,"[138.85458374023438, 6.016844272613525, 0.0]","[169.52415466308594, 4.5, 0.0]",1.7764199621099672,3.17388916015625,0.6554719525360575,30.6777358945481,1.41244259354842,0.23735115304589272,0.0,0.23735115304589272,0.0
31.811865,"[138.88980102539062, 6.014960289001465, 0.0]","[169.58790588378906, 4.5, 0.0]",1.7898691414791719,3.1585233211517334,0.6724589684602322,30.706224841532748,1.3974691980462828,0.2435021847486496,0.0,0.2435021847486496,0.0
31.830731,"[138.92527770996094, 6.013060092926025, 0.0]","[169.65061950683594, 4.5, 0.0]",1.8036378187870716,3.1555490493774414,0.6884338653949884,30.734622030561276,1.3686541796725615,0.24927904829382896,0.0,0.24927904829382896,0.0
31.851974,"[138.96102905273438, 6.011143684387207, 0.0]","[169.7136688232422, 4.5, 0.0]",1.8176805192739056,3.139190196990967,0.702135024341699,30.761723938975386,1.3519112305903698,0.25424329563975334,0.0,0.25424329563975334,0.0
31.87188,"[138.99705505371094, 6.009212493896484, 0.0]","[169.77671813964844, 4.5, 0.0]",1.8319504831789697,3.1361663341522217,0.7134981952532038,30.78888650936784,1.3215096777170612,0.2583557739853859,0.0,0.2583557739853859,0.0
31.891829,"[139.03335571289062, 6.007266521453857, 0.0]","[169.83949279785156, 4.5, 0.0]",1.8439343032197926,3.119849443435669,0.599191002041144,30.815774488738114,1.304215850973252,0.21696336567401886,0.0,0.21696336567401886,0.0
31.911546,"[139.0699462890625, 6.005306243896484, 0.0]","[169.9022216796875, 4.5, 0.0]",1.8561434077718577,3.1166763305664062,0.6104552276032571,30.8421137500073,1.2759151402158764,0.2210444211959839,0.0,0.2210444211959839,0.0
31.931039,"[139.1067657470703, 6.003334999084473, 0.0]","[169.96359252929688, 4.5, 0.0]",1.8685543683590429,3.1022403240203857,0.620548029359258,30.868117509969395,1.2605329227945485,0.22470075637102127,0.0,0.22470075637102127,0.0
31.9529,"[139.14382934570312, 6.001352310180664, 0.0]","[170.025634765625, 4.5, 0.0]",1.8811491782321463,3.0876829624176025,0.6297404936551732,30.89253674745329,1.2336859556613429,0.22802863270044327,0.0,0.22802863270044327,0.0
31.970495,"[139.18115234375, 5.999358654022217, 0.0]","[170.08688354492188, 4.5, 0.0]",1.8939050325236444,3.08327054977417,0.6377927145749029,30.91738243187338,1.2065337841854562,0.2309446595609188,0.0,0.2309446595609188,0.0
31.991271,"[139.21871948242188, 5.997354030609131, 0.0]","[170.1492462158203, 4.5, 0.0]",1.9044361203240245,3.06532096862793,0.5265543900190073,30.94117676437934,1.1893655172505255,0.19066421315073967,0.0,0.19066421315073967,0.0
32.011158,"[139.2565460205078, 5.9953389167785645, 0.0]","[170.2109832763672, 4.5, 0.0]",1.915154709312348,3.0605759620666504,0.5359294494161726,30.965839261196678,1.1608848483039056,0.1940586231648922,0.0,0.1940586231648922,0.0
32.032677,"[139.29458618164062, 5.99331521987915, 0.0]","[170.27220153808594, 4.5, 0.0]",1.9260536259941745,3.040710687637329,0.544945834091326,30.989618108021897,1.1454212527543024,0.19732525572180748,0.0,0.19732525572180748,0.0
32.052341,"[139.3328399658203, 5.991283416748047, 0.0]","[170.3321990966797, 4.5, 0.0]",1.937120729511532,3.0344460010528564,0.5533551758678756,31.012665499290794,1.1146570616431546,0.20037345588207245,0.0,0.20037345588207245,0.0
32.072011,"[139.37130737304688, 5.989243030548096, 0.0]","[170.39376831054688, 4.5, 0.0]",1.948340833645136,3.0145063400268555,0.5610052066801985,31.03428080137638,1.0973252715413244,0.20313994958996773,0.0,0.20313994958996773,0.0
32.09242,"[139.4099884033203, 5.987194061279297, 0.0]","[170.4536895751953, 4.5, 0.0]",1.9574652805702122,3.0082595348358154,0.45622234625380953,31.05725209194611,1.0661655063817195,0.16519766300916672,0.0,0.16519766300916672,0.0
32.112775,"[139.4488983154297, 5.98513650894165, 0.0]","[170.513427734375, 4.5, 0.0]",1.9667704396331374,2.9884488582611084,0.4652579531462586,31.078364610715468,1.0507942542656032,0.16847006976604462,0.0,0.16847006976604462,0.0
32.131101,"[139.4879913330078, 5.983072280883789, 0.0]","[170.57278442382812, 4.5, 0.0]",1.9762549256993114,2.979933023452759,0.47422430330870124,31.09906577976542,1.021678418627971,0.17171602696180344,0.0,0.17171602696180344,0.0
32.151463,"[139.5272674560547, 5.981000900268555, 0.0]","[170.63198852539062, 4.5, 0.0]",1.9859010868372906,2.9581189155578613,0.4823080568989613,31.119203252264295,1.0036780977534474,0.1746407151222229,0.0,0.1746407151222229,0.0
32.171431,"[139.56674194335938, 5.978921890258789, 0.0]","[170.69229125976562, 4.5, 0.0]",1.9957035347392305,2.9493558406829834,0.4901223950969924,31.139005396855744,0.9722178287205707,0.17747286707162857,0.0,0.17747286707162857,0.0
32.192102,"[139.6063995361328, 5.97683572769165, 0.0]","[170.75164794921875, 4.5, 0.0]",2.0030832679297217,2.927504301071167,0.36898665952456167,31.15970628704154,0.9536523059437529,0.13361011631786823,0.0,0.13361011631786823,0.0
32.211407,"[139.64625549316406, 5.9747419357299805, 0.0]","[170.8106689453125, 4.5, 0.0]",2.010557248968272,2.9187088012695312,0.37369905192752295,31.179279802331905,0.9244210331414453,0.13530537486076355,0.0,0.13530537486076355,0.0
32.229696,"[139.68626403808594, 5.97264289855957, 0.0]","[170.867919921875, 4.5, 0.0]",2.018290866304251,2.8947515487670903,0.38668086679893854,31.198319862366983,0.9081515523012591,0.14002076350152493,0.0,0.14002076350152493,0.0
32.251949,"[139.72642517089844, 5.970539093017578, 0.0]","[170.92478942871094, 4.5, 0.0]",2.0261935030231983,2.884246587753296,0.395131835947371,31.215440180838755,0.8764606824628394,0.14306919649243355,0.0,0.14306919649243355,0.0
32.271223,"[139.76673889160156, 5.968430042266846, 0.0]","[170.982177734375, 4.5, 0.0]",2.0342594699052383,2.8602473735809326,0.40329834410199883,31.232027406187743,0.8580530847300976,0.14602809213101864,0.0,0.14602809213101864,0.0
32.292602,"[139.8072052001953, 5.966315746307373, 0.0]","[171.03970336914062, 4.5, 0.0]",2.040112565980919,2.8495423793792725,0.2926548037840426,31.248980253371702,0.8259879036756943,0.10597443208098412,0.0,0.10597443208098412,0.0
32.312029,"[139.84783935546875, 5.96419620513916, 0.0]","[171.0970916748047, 4.5, 0.0]",2.046131919566342,2.825216293334961,0.30096767927114687,31.26591799669356,0.8094298133983533,0.10898280888795853,0.0,0.10898280888795853,0.0
32.332029,"[139.88858032226562, 5.962073802947998, 0.0]","[171.1526336669922, 4.5, 0.0]",2.05230826361607,2.812317132949829,0.3088172024863889,31.282550989944944,0.7790843737686188,0.11182306334376335,0.0,0.11182306334376335,0.0
32.351633,"[139.929443359375, 5.9599480628967285, 0.0]","[171.20849609375, 4.5, 0.0]",2.058640646910258,2.789306879043579,0.31661916470939744,31.297233972943282,0.7600088693337592,0.11464381590485573,0.0,0.11464381590485573,0.0
32.372056,"[139.97042846679688, 5.95781946182251, 0.0]","[171.26416015625, 4.5, 0.0]",2.0651145226383236,2.769700527191162,0.3236937864032896,31.312115045359064,0.7306662321333213,0.11721018701791763,0.0,0.11721018701791763,0.0
32.394326,"[140.0115509033203, 5.955687522888184, 0.0]","[171.3209686279297, 4.5, 0.0]",2.06909300396153,2.7496914863586426,0.1989240661603109,31.32667634075523,0.7045860045528385,0.07202854845672846,0.0,0.07202854845672846,0.0
32.411913,"[140.05279541015625, 5.95355224609375, 0.0]","[171.374755859375, 4.5, 0.0]",2.0732275487468343,2.7304511070251465,0.2067272392652253,31.342243444654624,0.6805984823971127,0.07485228590667248,0.0,0.07485228590667248,0.0
32.433015,"[140.0941162109375, 5.951416015625, 0.0]","[171.42868041992188, 4.5, 0.0]",2.077506721477686,2.7086546421051025,0.2139586365425883,31.354672109589778,0.6572235582783121,0.07747235242277384,0.0,0.07747235242277384,0.0
32.454743,"[140.13552856445312, 5.949278831481934, 0.0]","[171.48333740234375, 4.5, 0.0]",2.0819276635756045,2.6865653991699223,0.22104710489592172,31.367161918821935,0.6311479206274164,0.08003546856343746,0.0,0.08003546856343746,0.0
32.472188,"[140.17701721191406, 5.947140693664551, 0.0]","[171.5359649658203, 4.5, 0.0]",2.086481298560926,2.6652894020080566,0.2276817492660621,31.3802918561196,0.6046377355943178,0.08244199678301811,0.0,0.08244199678301811,0.0
32.494927,"[140.21859741210938, 5.945001602172852, 0.0]","[171.59127807617188, 4.5, 0.0]",2.09116381692247,2.642931461334229,0.2341259180772104,31.391319433674038,0.5788081034471309,0.0847744569182396,0.0,0.0847744569182396,0.0
32.512425,"[140.26026916503906, 5.942861080169678, 0.0]","[171.64280700683594, 4.5, 0.0]",2.0933772987692953,2.6218183040618896,0.11067409234126746,31.404937441318207,0.551767644411759,0.04007390234619379,0.0,0.04007390234619379,0.0
32.531479,"[140.30203247070312, 5.940719127655029, 0.0]","[171.6942596435547, 4.5, 0.0]",2.0957339756086464,2.5983853340148926,0.11783384196755176,31.41468557043974,0.5284410052925943,0.04267182666808367,0.0,0.04267182666808367,0.0
32.552538,"[140.34384155273438, 5.9385786056518555, 0.0]","[171.74595642089844, 4.5, 0.0]",2.0981646374148197,2.5748462677001953,0.12153309030866755,31.424266312704248,0.5026513584062462,0.044003925286233425,0.0,0.044003925286233425,0.0
32.57139,"[140.3856964111328, 5.936439037322998, 0.0]","[171.79832458496094, 4.5, 0.0]",2.10079533835057,2.551000356674195,0.13153504678751204,31.434045468014673,0.4766816302853756,0.04762963391840458,0.0,0.04762963391840458,0.0
32.592354,"[140.4276123046875, 5.934300422668457, 0.0]","[171.84873962402344, 4.5, 0.0]",2.103551602872973,2.5280368328094482,0.13781322612014257,31.444449643402965,0.4502050183236248,0.049908715300261974,0.0,0.049908715300261974,0.0
32.612326,"[140.46957397460938, 5.932162761688232, 0.0]","[171.8998565673828, 4.5, 0.0]",2.103720521486845,2.504487037658692,0.008445930693601333,31.452842801129886,0.4244852299364754,0.0030563160544261336,0.0,0.0030563160544261336,0.0
32.630914,"[140.5115966796875, 5.930025577545166, 0.0]","[171.94851684570312, 4.5, 0.0]",2.1040956836875253,2.480013608932495,0.018758110034022835,31.461891478593955,0.400766516171847,0.006801281706430018,0.0,0.006801281706430018,0.0
32.651443,"[140.55361938476562, 5.927891731262207, 0.0]","[171.9987030029297, 4.5, 0.0]",2.1045997652441675,2.4547667503356934,0.025204077832108318,31.468426361035466,0.3759179252449698,0.009123813943006098,0.0,0.009123813943006098,0.0
32.672056,"[140.59564208984375, 5.9257612228393555, 0.0]","[172.04759216308594, 4.5, 0.0]",2.1052241853977165,2.4301693439483643,0.031221007677451063,31.47648529179552,0.3501669850915259,0.011305195512250066,0.0,0.011305195512250066,0.0
32.692525,"[140.63768005371094, 5.923633575439453, 0.0]","[172.09674072265625, 4.5, 0.0]",2.1008062853158034,2.405447483062744,-0.22089500409565588,31.483249452103973,0.32494515855064776,0.0,0.013579602353274822,0.0,0.013579602353274822
32.711883,"[140.6797332763672, 5.9215087890625, 0.0]","[172.14527893066406, 4.5, 0.0]",2.0967016068993787,2.380788564682007,-0.20523392082123504,31.490257756703546,0.30464119774694076,0.0,0.012617059051990509,0.0,0.012617059051990509
32.731256,"[140.72169494628906, 5.919392108917236, 0.0]","[172.19161987304688, 4.5, 0.0]",2.092865091695978,2.355642557144165,-0.19182576017002795,31.49664168304399,0.28408695778262816,0.0,0.011791186407208443,0.0,0.011791186407208443
32.752288,"[140.76358032226562, 5.917283058166504, 0.0]","[172.23736572265625, 4.5, 0.0]",2.0891528008570264,2.3308262825012207,-0.18561454194758742,31.50092354387391,0.2627774654481869,0.0,0.011409329250454903,0.0,0.011409329250454903
32.772757,"[140.80538940429688, 5.9151811599731445, 0.0]","[172.28402709960938, 4.5, 0.0]",2.085796767109093,2.3088488578796387,-0.16780168739667367,31.504687874852536,0.24167348164419433,0.0,0.010314534418284893,0.0,0.010314534418284893
32.792064,"[140.8471221923828, 5.913086891174316, 0.0]","[172.33021545410156, 4.5, 0.0]",2.0773524955812213,2.277127742767334,-0.4222135763935819,31.509443086312736,0.22305209077054577,0.0,0.02595643140375614,0.0,0.02595643140375614
32.811745,"[140.88877868652344, 5.910999298095703, 0.0]","[172.37631225585938, 4.5, 0.0]",2.0691527547907045,2.258650541305542,-0.4099870395258387,31.51380266439444,0.19977524718611273,0.0,0.025203147903084755,0.0,0.025203147903084755
32.831648,"[140.93026733398438, 5.908923625946045, 0.0]","[172.42041015625, 4.5, 0.0]",2.0611546149249564,2.2268340587615967,-0.3999069932874022,31.51814749218321,0.1894977865148375,0.0,0.024584414437413216,0.0,0.024584414437413216
32.851521,"[140.9716033935547, 5.906859397888184, 0.0]","[172.46450805664062, 4.5, 0.0]",2.0533313509135076,2.208346128463745,-0.3911632005724419,31.52066459247374,0.16567944383664024,0.0,0.024048782885074615,0.0,0.024048782885074615
32.872343,"[141.0127716064453, 5.904806613922119, 0.0]","[172.50860595703125, 4.5, 0.0]",2.0456848621269987,2.176527261734009,-0.38232443932544324,31.523334622263288,0.15501477755023751,0.0,0.023505428805947304,0.0,0.023505428805947304
32.892788,"[141.0537872314453, 5.902765274047852, 0.0]","[172.55252075195312, 4.5, 0.0]",2.0339442910217684,2.158151388168335,-0.5870285552615151,31.526173017506036,0.13084239960701005,0.0,0.03608742728829384,0.0,0.03608742728829384
32.911681,"[141.0946502685547, 5.900734901428223, 0.0]","[172.59608459472656, 4.5, 0.0]",2.022276399328881,2.126570224761963,-0.5833945846443811,31.52898165208481,0.12420709714656653,0.0,0.0358646921813488,0.0,0.0358646921813488
32.932445,"[141.13528442382812, 5.898719310760498, 0.0]","[172.63796997070312, 4.5, 0.0]",2.0108566882267995,2.108783721923828,-0.5709855551040643,31.531592979290124,0.10429382543308208,0.0,0.03510141000151634,0.0,0.03510141000151634
32.954535,"[141.17567443847656, 5.896718502044678, 0.0]","[172.67889404296875, 4.5, 0.0]",1.9995507693784165,2.0782153606414795,-0.5652959424191528,31.532757347069126,0.0979270336970286,0.0,0.0347529798746109,0.0,0.0347529798746109
32.970578,"[141.21583557128906, 5.894732475280762, 0.0]","[172.72030639648438, 4.5, 0.0]",1.9883782088521387,2.0606937408447266,-0.5586280263138899,31.533206293572693,0.07866459126306302,0.0,0.03434307873249054,0.0,0.03434307873249054
32.991945,"[141.2557830810547, 5.892760753631592, 0.0]","[172.76307678222656, 4.5, 0.0]",1.9745414370747143,2.0290539264678955,-0.6918385888712186,31.534372257485348,0.07231553199258789,0.0,0.04253244027495384,0.0,0.04253244027495384
33.011966,"[141.29550170898438, 5.890803337097168, 0.0]","[172.80430603027344, 4.5, 0.0]",1.960807461532503,2.0116496086120605,-0.6866987771105615,31.537108493944302,0.05451248939318121,0.0,0.04221699759364128,0.0,0.04221699759364128
33.030525,"[141.33494567871094, 5.888862609863281, 0.0]","[172.84254455566406, 4.5, 0.0]",1.9471601834191032,1.9826995134353638,-0.6823639056699915,31.538534987480322,0.050842147079557476,0.0,0.04194963723421097,0.0,0.04194963723421097
33.0519,"[141.37411499023438, 5.886938571929932, 0.0]","[172.8819122314453, 4.5, 0.0]",1.9335893475728374,1.9664207696914673,-0.6785417923132919,31.537250046424273,0.03553933001626053,0.0,0.04171498864889145,0.0,0.04171498864889145
33.072751,"[141.4130096435547, 5.885031223297119, 0.0]","[172.9208221435547, 4.5, 0.0]",1.920088377117764,1.9370795488357544,-0.675048522753674,31.537367869245216,0.03283142211862988,0.0,0.041500501334667206,0.0,0.041500501334667206
33.094571,"[141.45162963867188, 5.8831400871276855, 0.0]","[172.9599151611328, 4.5, 0.0]",1.903477480126319,1.920960783958435,-0.8305448495722456,31.53730363863753,0.016991171717990472,0.0,0.05106072500348091,0.0,0.05106072500348091
33.111816,"[141.489990234375, 5.881265163421631, 0.0]","[172.99905395507812, 4.5, 0.0]",1.8869915981837337,1.8915501832962036,-0.8242940971292634,31.53769750400997,0.01748330383211605,0.0,0.05067605897784233,0.0,0.05067605897784233
33.131958,"[141.52801513671875, 5.879409313201904, 0.0]","[173.0359344482422, 4.5, 0.0]",1.8706152374289733,1.8773082494735718,-0.8188180377380228,31.538396855879704,0.004558585112469871,0.0,0.05033930391073227,0.0,0.05033930391073227
33.153002,"[141.56570434570312, 5.877572536468506, 0.0]","[173.0728302001953, 4.5, 0.0]",1.8542826460787891,1.8497151136398315,-0.8166295675092083,31.53717700187102,0.00669301204459849,0.0,0.05020403116941452,0.0,0.05020403116941452
33.172023,"[141.6030731201172, 5.8757548332214355, 0.0]","[173.1097869873047, 4.5, 0.0]",1.8380320126670784,1.8354334831237793,-0.8125316705855368,31.53630867442804,-0.004567532438957578,0.0,0.049952343106269836,0.0,0.049952343106269836
33.192419,"[141.64012145996094, 5.873955726623535, 0.0]","[173.14697265625, 4.5, 0.0]",1.8218305004937632,1.8076802492141724,-0.8100756086657612,31.535822159278638,-0.0025985295432990885,0.0,0.049801990389823914,0.0,0.049801990389823914
33.211274,"[141.6768341064453, 5.872175216674805, 0.0]","[173.18362426757812, 4.5, 0.0]",1.8044195694420744,1.793678641319275,-0.8705465525844391,31.53588515640321,-0.014150251279590798,0.0,0.05351991578936577,0.0,0.05351991578936577
33.23689,"[141.71322631835938, 5.870412826538086, 0.0]","[173.2190704345703, 4.5, 0.0]",1.787044510468226,1.7679015398025515,-0.8687529486924195,31.535750932371144,-0.010740928122799476,0.0,0.05340874195098877,0.0,0.05340874195098877
33.252362,"[141.749267578125, 5.8686699867248535, 0.0]","[173.25326538085938, 4.5, 0.0]",1.7697064000647824,1.7561269998550415,-0.8669055201721787,31.534733769345884,-0.019142970665674497,0.0,0.05329509824514389,0.0,0.05329509824514389
33.272641,"[141.78497314453125, 5.866946697235107, 0.0]","[173.28851318359375, 4.5, 0.0]",1.75244450640235,1.7304521799087524,-0.8630946831216235,31.53281832969925,-0.01357940020974091,0.0,0.05306139588356018,0.0,0.05306139588356018
33.292083,"[141.82032775878906, 5.865242958068848, 0.0]","[173.32339477539062, 4.5, 0.0]",1.7342121420243297,1.718307375907898,-0.9116182189010114,31.532290646682057,-0.021992326493597503,0.0,0.05604458600282669,0.0,0.05604458600282669
33.312226,"[141.85533142089844, 5.863558292388916, 0.0]","[173.358154296875, 4.5, 0.0]",1.7160315245899564,1.6963688135147095,-0.9090308717186635,31.5317485775407,-0.015904766116431768,0.0,0.0558851920068264,0.0,0.0558851920068264
33.332018,"[141.8899688720703, 5.861893653869629, 0.0]","[173.3914031982422, 4.5, 0.0]",1.6978902457664236,1.6796220541000366,-0.9070639411766446,31.531436016034046,-0.019662711075246975,0.0,0.055764321237802505,0.0,0.055764321237802505
33.353229,"[141.92425537109375, 5.860249042510986, 0.0]","[173.42459106445312, 4.5, 0.0]",1.6797720751091334,1.662905216217041,-0.9059085328645078,31.52998135596052,-0.018268191666386935,0.0,0.05569222941994667,0.0,0.05569222941994667
33.371372,"[141.9581756591797, 5.85862398147583, 0.0]","[173.4578094482422, 4.5, 0.0]",1.6617237891400125,1.646175503730774,-0.9024142984560446,31.52881722950074,-0.016866858892092385,0.0,0.05547817051410675,0.0,0.05547817051410675
33.395707,"[141.99172973632812, 5.85701847076416, 0.0]","[173.49217224121094, 4.5, 0.0]",1.643738695774356,1.6288610696792603,-0.8992546682828229,31.52805028738338,-0.015548285409238582,0.0,0.0552842952311039,0.0,0.0552842952311039
33.411308,"[142.02493286132812, 5.855432510375977, 0.0]","[173.52386474609375, 4.5, 0.0]",1.6255974439667658,1.6130377054214478,-0.9070625903795149,31.528792879617356,-0.014877626095095797,0.0,0.05576435104012489,0.0,0.05576435104012489
33.430341,"[142.05776977539062, 5.853866100311279, 0.0]","[173.55548095703125, 4.5, 0.0]",1.6075186643863706,1.5983388423919678,-0.9039389790197583,31.527219925765515,-0.012559738545318,0.0,0.055571574717760086,0.0,0.055571574717760086
33.457491,"[142.09024047851562, 5.852319240570068, 0.0]","[173.5872344970703, 4.5, 0.0]",1.5894448319617918,1.5835833549499512,-0.9036916212289414,31.525937503662888,-0.009179821994402815,0.0,0.05555751919746399,0.0,0.05555751919746399
33.471135,"[142.1223602294922, 5.850791931152344, 0.0]","[173.61874389648438, 4.5, 0.0]",1.5714340722217408,1.5689334869384766,-0.9005379870025476,31.525158780843096,-0.005861477011840588,0.0,0.05536298453807831,0.0,0.05536298453807831
33.49346,"[142.15411376953125, 5.849283695220947, 0.0]","[173.65097045898438, 4.5, 0.0]",1.557611400054848,1.5539554357528687,-0.6911336083446407,31.524487685520793,-0.002500585283264245,0.0,0.042489029467105865,0.0,0.042489029467105865
33.510994,"[142.1855010986328, 5.847794532775879, 0.0]","[173.68182373046875, 4.5, 0.0]",1.5437685995721695,1.5397471189498901,-0.6921400241339248,31.5248993736148,-0.003655964301979342,0.0,0.042550355195999146,0.0,0.042550355195999146
33.532484,"[142.21661376953125, 5.846320629119873, 0.0]","[173.71226501464844, 4.5, 0.0]",1.529972701707303,1.5267817974090576,-0.6897948932433229,31.524306019293952,-0.004021480622279361,0.0,0.04240735247731209,0.0,0.04240735247731209
33.552615,"[142.24745178222656, 5.8448615074157715, 0.0]","[173.74267578125, 4.5, 0.0]",1.5162026805269484,1.5138299465179448,-0.6885010590177321,31.52357629818447,-0.0031909042982454228,0.0,0.04232778400182724,0.0,0.04232778400182724
33.571315,"[142.27801513671875, 5.843417644500732, 0.0]","[173.7725830078125, 4.5, 0.0]",1.5024838394492048,1.5010967254638672,-0.6859420538871785,31.52309120709085,-0.0023727340090036186,0.0,0.042170289903879166,0.0,0.042170289903879166
33.59074,"[142.3083038330078, 5.841988563537598, 0.0]","[173.8030242919922, 4.5, 0.0]",1.488889222500207,1.4881330728530884,-0.6797308474498887,31.522377969917038,-0.0013871139853376402,0.0,0.04178871214389801,0.0,0.04178871214389801
33.612295,"[142.33831787109375, 5.840574264526367, 0.0]","[173.8333282470703, 4.5, 0.0]",1.4753530790202976,1.4753540754318237,-0.6768071739954751,31.522473174480726,-0.0007561496471186757,0.0,0.041608359664678574,0.0,0.041608359664678574
33.631309,"[142.36805725097656, 5.839174747467041, 0.0]","[173.86190795898438, 4.5, 0.0]",1.4618844824274095,1.4641910791397095,-0.6734298296444008,31.522706239861336,9.964115261773543e-07,0.0,0.04140070453286171,0.0,0.04140070453286171
33.651225,"[142.3975372314453, 5.837789535522461, 0.0]","[173.8910369873047, 4.5, 0.0]",1.4484897624286923,1.4528145790100098,-0.669735999935861,31.521492089626573,0.0023065967122999353,0.0,0.04117363318800926,0.0,0.04117363318800926
33.671736,"[142.42674255371094, 5.836419105529785, 0.0]","[173.92022705078125, 4.5, 0.0]",1.435210683769509,1.4414180517196655,-0.6639539329591604,31.52108638597328,0.004324816581317448,0.0,0.040818508714437485,0.0,0.040818508714437485
33.692187,"[142.45567321777344, 5.8350629806518555, 0.0]","[173.9492950439453, 4.5, 0.0]",1.4261642746128316,1.430065631866455,-0.45232045783387687,31.521016595805495,0.006207367950156417,0.0,0.02780831605195999,0.0,0.02780831605195999
33.711185,"[142.48434448242188, 5.833720684051514, 0.0]","[173.97816467285156, 4.5, 0.0]",1.4171370791807998,1.4188919067382812,-0.45135977160158935,31.521099845896824,0.0039013572536235053,0.0,0.027748411521315575,0.0,0.027748411521315575
33.731002,"[142.51283264160156, 5.832388401031494, 0.0]","[174.00608825683594, 4.5, 0.0]",1.4082238048240896,1.4122016429901123,-0.4456637178355094,31.521244671507755,0.0017548275574814642,0.0,0.02739877998828888,0.0,0.02739877998828888
33.751954,"[142.5411376953125, 5.831066608428955, 0.0]","[174.03404235839844, 4.5, 0.0]",1.3994089276272212,1.3954987525939941,-0.4407438598434177,31.52062797375368,0.003977838166022707,0.0,0.027095643803477287,0.0,0.027095643803477287
33.770896,"[142.56927490234375, 5.82975435256958, 0.0]","[174.0618896484375, 4.5, 0.0]",1.39073444724428,1.392167091369629,-0.4337240191470637,31.52022508230115,-0.0039101750332271035,0.0,0.0266642514616251,0.0,0.0266642514616251
33.792191,"[142.59722900390625, 5.828452110290527, 0.0]","[174.0903778076172, 4.5, 0.0]",1.3821868972971998,1.3752720355987549,-0.427377497354009,31.51988357818952,0.0014326441253489364,0.0,0.026274854317307472,0.0,0.026274854317307472
33.811621,"[142.62501525878906, 5.827159404754639, 0.0]","[174.117919921875, 4.5, 0.0]",1.3737744543191266,1.3721381425857544,-0.4206221489036599,31.520365499317336,-0.006914861698444907,0.0,0.025859272107481956,0.0,0.025859272107481956
33.832039,"[142.6526336669922, 5.825876235961914, 0.0]","[174.14474487304688, 4.5, 0.0]",1.3655014452945933,1.356554627418518,-0.4136504512266659,31.52007059216983,-0.0016363117333721977,0.0,0.02542976103723049,0.0,0.02542976103723049
33.851305,"[142.68008422851562, 5.8246026039123535, 0.0]","[174.17184448242188, 4.5, 0.0]",1.357369787856594,1.3542134761810303,-0.4065828718999631,31.519227336735977,-0.008946817876075208,0.0,0.024996265769004822,0.0,0.024996265769004822
33.876315,"[142.70736694335938, 5.823338031768799, 0.0]","[174.1997528076172, 4.5, 0.0]",1.349400246048396,1.3382699489593506,-0.39847709040989887,31.51882662145705,-0.003156311675563739,0.0,0.02449711039662361,0.0,0.02449711039662361
33.891869,"[142.73448181152344, 5.82208251953125, 0.0]","[174.22579956054688, 4.5, 0.0]",1.3414909120289076,1.3362761735916138,-0.3954667009744228,31.519401723126926,-0.011130297089045449,0.0,0.024312246590852737,0.0,0.024312246590852737
33.912049,"[142.76144409179688, 5.820835590362549, 0.0]","[174.2528839111328, 4.5, 0.0]",1.3459812945784606,1.3206803798675537,0.22451912747765146,31.51828553052732,-0.005214738437293809,0.08129646070301533,0.0,0.08129646070301533,0.0
33.931529,"[142.78823852539062, 5.8195977210998535, 0.0]","[174.2794189453125, 4.5, 0.0]",1.3504688681985044,1.3191509246826172,0.22437868100219083,31.51835849855096,-0.025300914710906897,0.08124543353915215,0.0,0.08124543353915215,0.0
33.953086,"[142.81512451171875, 5.818356990814209, 0.0]","[174.30531311035156, 4.5, 0.0]",1.3549858570924274,1.3044880628585815,0.22584944469614676,31.51805084921276,-0.03131794351588724,0.08178354240953922,0.0,0.08178354240953922,0.0
33.97121,"[142.84210205078125, 5.817113399505615, 0.0]","[174.33108520507812, 4.5, 0.0]",1.3595491265703958,1.3031939268112183,0.22816347389842395,31.517011550258314,-0.050497794233845816,0.08261878043413162,0.0,0.08261878043413162,0.0
33.991558,"[142.86917114257812, 5.815866947174072, 0.0]","[174.3574981689453, 4.5, 0.0]",1.3641774031512275,1.2883718013763428,0.23141382904158236,31.515758837289912,-0.05635519975917758,0.08379588834941387,0.0,0.08379588834941387,0.0
34.013967,"[142.89633178710938, 5.81461763381958, 0.0]","[174.3837890625, 4.5, 0.0]",1.368887473956679,1.286982774734497,0.2355035402725747,31.515054569846495,-0.07580560177488471,0.08527524769306183,0.0,0.08527524769306183,0.0
34.032167,"[142.923583984375, 5.813365459442139, 0.0]","[174.4093017578125, 4.5, 0.0]",1.3736910759534156,1.2729849815368652,0.24018009983682864,31.514136774061033,-0.08190469922218191,0.08696885779500008,0.0,0.08696885779500008,0.0
34.052081,"[142.950927734375, 5.812110424041748, 0.0]","[174.43479919433594, 4.5, 0.0]",1.3785891963178458,1.272321343421936,0.24490601822151348,31.512350326518423,-0.10070609441655032,0.0886803213506937,0.0,0.0886803213506937,0.0
34.072334,"[142.97837829589844, 5.81085205078125, 0.0]","[174.4596405029297, 4.5, 0.0]",1.3835867911488553,1.2585142850875854,0.24987974155047388,31.51045703029289,-0.10626785289590979,0.09048121981322765,0.0,0.09048121981322765,0.0
34.09292,"[143.00592041015625, 5.8095903396606445, 0.0]","[174.4856719970703, 4.5, 0.0]",1.3886366737623803,1.2576971054077148,0.2524941306762507,31.507801533760702,-0.12507250606126985,0.09142821654677391,0.0,0.09142821654677391,0.0
34.112323,"[143.0335693359375, 5.808324813842773, 0.0]","[174.51039123535156, 4.5, 0.0]",1.3652131311914255,1.2439842224121094,-1.1711771285477401,31.50624336601465,-0.13093956835466547,0.0,0.07200130820274353,0.0,0.07200130820274353
34.132089,"[143.06130981445312, 5.807055473327637, 0.0]","[174.53514099121094, 4.5, 0.0]",1.3422521000299383,1.2440786361694336,-1.1480515580743589,31.503267441007164,-0.12122890877931614,0.0,0.07057920843362808,0.0,0.07057920843362808
34.152265,"[143.08859252929688, 5.8058085441589355, 0.0]","[174.5598907470703, 4.5, 0.0]",1.319585937007742,1.230838418006897,-1.133308151109813,31.500230426119774,-0.09817346386050474,0.0,0.06967370212078094,0.0,0.06967370212078094
34.170801,"[143.1154022216797, 5.8045830726623535, 0.0]","[174.58453369140625, 4.5, 0.0]",1.2971355613106694,1.2309609651565552,-1.1225187848536322,31.49765146816721,-0.0887475190008451,0.0,0.06901103258132935,0.0,0.06901103258132935
34.192935,"[143.1417694091797, 5.803378582000732, 0.0]","[174.6094207763672, 4.5, 0.0]",1.268789811824238,1.2176811695098877,-1.4172874743215713,31.495439105298725,-0.06617459615411425,0.0,0.0689103975892067,0.0,0.0689103975892067
34.211804,"[143.1676788330078, 5.802194595336914, 0.0]","[174.63368225097656, 4.5, 0.0]",1.2459981012225336,1.2179726362228394,-1.1395855300852187,31.493913293885974,-0.051108642314350305,0.0,0.06906566023826599,0.0,0.06906566023826599
34.23156,"[143.19297790527344, 5.800299167633057, 0.0]","[174.6577911376953, 4.5, 0.0]",1.2233503726924038,1.208852767944336,-1.1323864265064931,31.49222051124364,-0.028025464999694272,0.0,0.06926582753658295,0.0,0.06926582753658295
34.250712,"[143.2178497314453, 5.798692226409912, 0.0]","[174.68182373046875, 4.5, 0.0]",1.2005806372342946,1.2030866146087646,-1.138486772905456,31.49086532471158,-0.014497604748067827,0.0,0.06983879208564758,0.0,0.06983879208564758
34.272416,"[143.24227905273438, 5.797243118286133, 0.0]","[174.70616149902344, 4.5, 0.0]",1.177686728233694,1.1972441673278809,-1.144695450030031,31.48989006564329,0.002505977374470003,0.0,0.07029280811548233,0.0,0.07029280811548233
34.292817,"[143.26625061035156, 5.795891761779785, 0.0]","[174.73068237304688, 4.5, 0.0]",1.155761084233922,1.1913596391677856,-1.0962821999885963,31.489683146131213,0.019557439094186835,0.0,0.06734733283519745,0.0,0.06734733283519745
34.312797,"[143.28976440429688, 5.794610977172852, 0.0]","[174.754150390625, 4.5, 0.0]",1.133711321385183,1.1858129501342773,-1.1024881424369526,31.4901325048619,0.035598554933863547,0.0,0.0677446499466896,0.0,0.0677446499466896
34.332464,"[143.31285095214844, 5.793386459350586, 0.0]","[174.777587890625, 4.5, 0.0]",1.1114366012283856,1.1809343099594116,-1.1137360078398717,31.49000036743201,0.0521016287490943,0.0,0.06844694912433624,0.0,0.06844694912433624
34.35293,"[143.3354949951172, 5.792212009429932, 0.0]","[174.80130004882812, 4.5, 0.0]",1.0890386862939918,1.1760026216506958,-1.1198957467196902,31.49027448718076,0.06949770873102601,0.0,0.0688328966498375,0.0,0.0688328966498375
34.371202,"[143.35769653320312, 5.791083812713623, 0.0]","[174.8247528076172, 4.5, 0.0]",1.0665308571866885,1.1711220741271973,-1.1253914553651656,31.49127298834525,0.08696393535670399,0.0,0.06917525082826614,0.0,0.06917525082826614
34.396077,"[143.37945556640625, 5.7899980545043945, 0.0]","[174.84921264648438, 4.5, 0.0]",1.0439271947837458,1.1660326719284058,-1.1301831201471324,31.4924609962972,0.10459121694050877,0.0,0.06947324424982071,0.0,0.06947324424982071
34.411287,"[143.4007568359375, 5.788951873779297, 0.0]","[174.8717498779297, 4.5, 0.0]",1.0211811060311469,1.161456823348999,-1.137304437629949,31.495102187483628,0.12210547714465991,0.0,0.06991395354270935,0.0,0.06991395354270935
34.431015,"[143.42161560058594, 5.787941932678223, 0.0]","[174.89498901367188, 4.5, 0.0]",0.9983767590138591,1.157677173614502,-1.1402173508643865,31.496284678603548,0.14027571731785216,0.0,0.07009425014257431,0.0,0.07009425014257431
34.451733,"[143.4420166015625, 5.786965847015381, 0.0]","[174.91812133789062, 4.5, 0.0]",0.9754645315610168,1.1539130210876465,-1.145611372642119,31.49861390059593,0.15930041460064281,0.0,0.07042711973190308,0.0,0.07042711973190308
34.471177,"[143.4619598388672, 5.7860212326049805, 0.0]","[174.9412078857422, 4.5, 0.0]",0.9525162704427488,1.1501586437225344,-1.1474130559133988,31.50129687542375,0.17844848952662973,0.0,0.07053826004266739,0.0,0.07053826004266739
34.493384,"[143.4814453125, 5.7851057052612305, 0.0]","[174.96446228027344, 4.5, 0.0]",0.9294714653172036,1.146377444267273,-1.1522402562772593,31.504394142376057,0.19764237327978562,0.0,0.07083549350500107,0.0,0.07083549350500107
34.51249,"[143.50047302246094, 5.784217357635498, 0.0]","[174.98736572265625, 4.5, 0.0]",0.8860599200678649,1.1429817676544192,-2.170577262466933,31.508118532630778,0.21690597895006936,0.0,0.13344073295593262,0.0,0.13344073295593262
34.530635,"[143.51904296875, 5.78335428237915, 0.0]","[175.01026916503906, 4.5, 0.0]",0.8427865204263914,1.1422215700149536,-2.1636699820736793,31.511952068631356,0.25692184758655423,0.0,0.13301654160022736,0.0,0.13301654160022736
34.552589,"[143.5367431640625, 5.782534599304199, 0.0]","[175.033203125, 4.5, 0.0]",0.7994670235045023,1.1414598226547241,-2.165974846094454,31.516244550481126,0.29943504958856226,0.0,0.133158877491951,0.0,0.133158877491951
34.571273,"[143.55357360839844, 5.78175687789917, 0.0]","[175.05601501464844, 4.5, 0.0]",0.756120085917788,1.140702486038208,-2.167346879335713,31.5214387339549,0.34199279915022185,0.0,0.13324330747127533,0.0,0.13324330747127533
34.592841,"[143.56954956054688, 5.7810211181640625, 0.0]","[175.0794677734375, 4.5, 0.0]",0.7125483647380669,1.139923691749573,-2.178586058986054,31.52738207503538,0.38458240012042,0.0,0.13393430411815643,0.0,0.13393430411815643
34.612219,"[143.58465576171875, 5.780326843261719, 0.0]","[175.101806640625, 4.5, 0.0]",0.6688080600257719,1.139259934425354,-2.187015235614753,31.534820928372007,0.42737532701150605,0.0,0.13445252180099487,0.0,0.13445252180099487
34.631978,"[143.59889221191406, 5.779673099517822, 0.0]","[175.12469482421875, 4.5, 0.0]",0.6247709423774863,1.1391998529434204,-2.2018558824142773,31.54201782794545,0.47045187439958214,0.0,0.13536539673805237,0.0,0.13536539673805237
34.652203,"[143.6122589111328, 5.779059410095215, 0.0]","[175.14772033691406, 4.5, 0.0]",0.5803896699170803,1.142472743988037,-2.219063623020301,31.550633824842194,0.5144289105659341,0.0,0.13642331957817078,0.0,0.13642331957817078
34.671303,"[143.62474060058594, 5.778485298156738, 0.0]","[175.17088317871094, 4.5, 0.0]",0.5357754726687733,1.1357452869415283,-2.2307098624153476,31.56025743992274,0.5620830740709568,0.0,0.13713915646076202,0.0,0.13713915646076202
34.691877,"[143.63633728027344, 5.777951240539551, 0.0]","[175.1937713623047, 4.5, 0.0]",0.4909382948111684,1.1423518657684326,-2.2418588928802468,31.570903890088218,0.599969814272755,0.0,0.1378243863582611,0.0,0.1378243863582611
34.711872,"[143.6470489501953, 5.777457237243652, 0.0]","[175.21620178222656, 4.5, 0.0]",0.4955712618588938,1.1356780529022217,0.23164835238626835,31.582161419213914,0.6514135709572642,0.08387801237404346,0.0,0.08387801237404346,0.0
34.731741,"[143.6568603515625, 5.777003288269043, 0.0]","[175.23927307128906, 4.5, 0.0]",0.4998926020358942,1.142728328704834,0.21606700885002106,31.59384728100714,0.6401067910433279,0.07823649793863297,0.0,0.07823649793863297,0.0
34.750948,"[143.66676330566406, 5.776543617248535, 0.0]","[175.26185607910156, 4.5, 0.0]",0.5040283774198812,1.136436939239502,0.20678876919934808,31.607073959457576,0.6428357266689397,0.07487837690860033,0.0,0.07487837690860033,0.0
34.771852,"[143.6767578125, 5.776078224182129, 0.0]","[175.28475952148438, 4.5, 0.0]",0.508084247493156,1.143484115600586,0.2027935036637396,31.61972113934837,0.6324085618196208,0.07343158591538668,0.0,0.07343158591538668,0.0
34.792141,"[143.68682861328125, 5.775607585906982, 0.0]","[175.30764770507812, 4.5, 0.0]",0.5136072831301044,1.1371980905532837,0.2761517818474224,31.632596388467647,0.63539986810743,0.09999262169003487,0.0,0.09999262169003487,0.0
34.812275,"[143.6969757080078, 5.775132656097412, 0.0]","[175.33045959472656, 4.5, 0.0]",0.5191995451052033,1.1445609331130981,0.2796130987549439,31.645379929583093,0.6235908074231793,0.10124798864126205,0.0,0.10124798864126205,0.0
34.831146,"[143.7072296142578, 5.774652481079102, 0.0]","[175.35342407226562, 4.5, 0.0]",0.5224909684675085,1.1410425901412964,0.16457116811526284,31.658010919002834,0.6253613880078949,0.10340174660086632,0.0,0.10340174660086632,0.0
34.852042,"[143.7176055908203, 5.774167060852051, 0.0]","[175.37655639648438, 4.5, 0.0]",0.5268411681348044,1.1508828401565552,0.2175099833647942,31.670687510342397,0.6185516216737879,0.1061452366411686,0.0,0.1061452366411686,0.0
34.872529,"[143.72802734375, 5.773352146148682, 0.0]","[175.39968872070312, 4.5, 0.0]",0.5324510299909764,1.1473876237869263,0.280493092808598,31.683409595814023,0.6240416720217508,0.10904267430305481,0.0,0.10904267430305481,0.0
34.893048,"[143.73851013183594, 5.7723188400268555, 0.0]","[175.4226531982422, 4.5, 0.0]",0.538321376543182,1.1572033166885376,0.29351732761028204,31.69602234490619,0.6149365937959499,0.10902379639446735,0.0,0.10902379639446735,0.0
34.911855,"[143.74913024902344, 5.7714667320251465, 0.0]","[175.44569396972656, 4.5, 0.0]",0.544447979584103,1.1540478467941284,0.3063301520460471,31.708354768391867,0.6188819401453556,0.11216134764254093,0.0,0.11216134764254093,0.0
34.933859,"[143.75987243652344, 5.770708084106445, 0.0]","[175.46920776367188, 4.5, 0.0]",0.5507661274793179,1.167052984237671,0.3159073947607449,31.720652797844757,0.6095998672100255,0.11506806127727032,0.0,0.11506806127727032,0.0
34.95143,"[143.77073669433594, 5.7700018882751465, 0.0]","[175.49266052246094, 4.5, 0.0]",0.5572565224362265,1.1667096614837646,0.3245197478454309,31.733321196815027,0.616286856758353,0.11792448349297047,0.0,0.11792448349297047,0.0
34.975399,"[143.78173828125, 5.76932954788208, 0.0]","[175.51620483398438, 4.5, 0.0]",0.49158425493001695,1.179726481437683,-3.2836133753104764,31.74582169842583,0.6094531390475382,0.0,0.20182675123214722,0.0,0.20182675123214722
34.992556,"[143.79286193847656, 5.76868200302124, 0.0]","[175.53993225097656, 4.5, 0.0]",0.4255319206739293,1.1794542074203491,-3.302616712804382,31.758287729248877,0.6881422265076662,0.0,0.20300790667533875,0.0,0.20300790667533875
35.011093,"[143.80267333984375, 5.768125057220459, 0.0]","[175.56373596191406, 4.5, 0.0]",0.35962298178639823,1.1927955150604248,-3.295446944376554,31.770823648158725,0.7539222867464198,0.0,0.20257548987865448,0.0,0.20257548987865448
35.030209,"[143.81117248535156, 5.767653942108154, 0.0]","[175.58761596679688, 4.5, 0.0]",0.29312642584793397,1.1945337057113647,-3.324827796923213,31.784756256179552,0.8331725332740265,0.0,0.20438821613788605,0.0,0.20438821613788605
35.053214,"[143.818359375, 5.767264366149902, 0.0]","[175.61207580566406, 4.5, 0.0]",0.2258291399990009,1.2098097801208496,-3.364864292446654,31.80008382858147,0.9014072798634307,0.0,0.2068544626235962,0.0,0.2068544626235962
35.070887,"[143.82421875, 5.766953945159912, 0.0]","[175.63607788085938, 4.5, 0.0]",0.1577104843761793,1.2115939855575562,-3.40593278114108,31.817308154371553,0.9839806401218487,0.0,0.2093827724456787,0.0,0.2093827724456787
35.091719,"[143.8287353515625, 5.766719818115234, 0.0]","[175.6609649658203, 4.5, 0.0]",0.10283826831252843,1.227019190788269,-2.743610803182543,31.835407372870673,1.0538835011813767,0.0,0.1686674952507019,0.0,0.1686674952507019
35.11304,"[143.83187866210938, 5.7665605545043945, 0.0]","[175.68496704101562, 4.5, 0.0]",0.05057487040665232,1.2289782762527466,-2.613169895293806,31.85573657616015,1.1241809224757406,0.0,0.16065113246440887,0.0,0.16065113246440887
35.130923,"[143.8339385986328, 5.76646089553833, 0.0]","[175.71006774902344, 4.5, 0.0]",0.003106488993152949,1.2459417581558228,-2.3734190706749683,31.876558124863077,1.1784034058460944,0.0,0.16495758295059204,0.0,0.16495758295059204
35.152605,"[143.83494567871094, 5.766416072845459, 0.0]","[175.7353057861328, 4.5, 0.0]",0.02993106979062471,1.2529646158218384,1.341229039873588,31.89956256361389,1.2428352691626698,0.0,0.16666723787784576,0.0,0.16666723787784576
35.171993,"[143.8348846435547, 5.766425609588623, 0.0]","[175.7604217529297, 4.5, 0.0]",0.026017904931676123,1.263269186019898,-0.1956582429474293,31.923758995490704,1.2230335460312136,0.0,0.17196133732795715,0.0,0.17196133732795715
35.192016,"[143.83547973632812, 5.766404628753662, 0.0]","[175.78570556640625, 4.5, 0.0]",0.027884814657860107,1.2736413478851323,0.09334548630919921,31.948902947570975,1.2372512810882217,0.0,0.17411985993385315,0.0,0.17411985993385315
35.21177,"[143.8349609375, 5.7664384841918945, 0.0]","[175.81092834472656, 4.5, 0.0]",0.01757202395925567,1.2840861082077026,-0.5156395349302219,31.97355978387085,1.2457565332272722,0.0,0.13970012962818146,0.0,0.13970012962818146
35.23175,"[143.8355255126953, 5.766421318054199, 0.0]","[175.83717346191406, 4.5, 0.0]",0.02047248251095179,1.2957193851470947,0.14502292758480603,31.999270589307756,1.266514084248447,0.0,0.1404319703578949,0.0,0.1404319703578949
35.251435,"[143.83517456054688, 5.766446590423584, 0.0]","[175.86349487304688, 4.5, 0.0]",0.023382419951427678,1.3073838949203491,0.1454968720237943,32.02491810480119,1.275246902636143,0.0,0.14075829088687897,0.0,0.14075829088687897
35.271632,"[143.8347625732422, 5.766473770141602, 0.0]","[175.8898468017578, 4.5, 0.0]",0.02177618311768729,1.3190642595291138,-0.08031184168701931,32.051558232557305,1.2840014749689215,0.0,0.1407342404127121,0.0,0.1407342404127121
35.29084,"[143.83428955078125, 5.7665019035339355, 0.0]","[175.916259765625, 4.5, 0.0]",0.025496870292054077,1.3307759761810303,0.18603435871833926,32.07828980277592,1.2972880764114265,0.0,0.14001213014125824,0.0,0.14001213014125824
35.311228,"[143.8338623046875, 5.76652717590332, 0.0]","[175.94259643554688, 4.5, 0.0]",0.015099225546643382,1.342471718788147,-0.5198822372705347,32.10514342782494,1.305279105888976,0.0,0.13050156831741333,0.0,0.13050156831741333
35.331379,"[143.83335876464844, 5.766554355621338, 0.0]","[175.97003173828125, 4.5, 0.0]",0.03086401082602686,1.354857325553894,0.7882392639691739,32.131874992074856,1.3273724932415036,0.0,0.1292881816625595,0.0,0.1292881816625595
35.352028,"[143.8330535888672, 5.766570568084717, 0.0]","[175.99781799316406, 4.5, 0.0]",0.00871321647182788,1.3674073219299316,-1.1075397177099489,32.15978001278171,1.323993314727867,0.0,0.12862628698349,0.0,0.12862628698349
35.371142,"[143.8324432373047, 5.766601085662842, 0.0]","[176.02569580078125, 4.5, 0.0]",0.03286929801740537,1.3799934387207031,1.2078040772788745,32.18783692573201,1.3586941054581037,0.0,0.12781962752342224,0.0,0.12781962752342224
35.391568,"[143.83261108398438, 5.766592979431152, 0.0]","[176.05276489257812, 4.5, 0.0]",0.008555240571140684,1.392211675643921,-1.2157028723132342,32.216291062297216,1.3471241407032977,0.0,0.1273338496685028,0.0,0.1273338496685028
35.411648,"[143.8319549560547, 5.7666239738464355, 0.0]","[176.08029174804688, 4.5, 0.0]",0.02907685060815951,1.404596209526062,1.0260805018509414,32.24315820374101,1.3836564350727802,0.0,0.11567627638578415,0.0,0.11567627638578415
35.431963,"[143.83212280273438, 5.76661491394043, 0.0]","[176.109130859375, 4.5, 0.0]",0.008361307134778244,1.4172348976135254,-1.0357771736690633,32.271307201067536,1.3755193589179024,0.0,0.11507995426654816,0.0,0.11507995426654816
35.451096,"[143.83154296875, 5.766642093658447, 0.0]","[176.1377410888672, 4.5, 0.0]",0.024946814191778906,1.4297680854797363,0.829275352850033,32.299942234099824,1.408873590478747,0.0,0.11458617448806763,0.0,0.11458617448806763
35.471001,"[143.8317108154297, 5.766633033752441, 0.0]","[176.1666259765625, 4.5, 0.0]",0.012267060742195525,1.4424216747283936,-0.6339876724791691,32.32909704351038,1.4048212712879575,0.0,0.11439064890146255,0.0,0.11439064890146255
35.492067,"[143.83120727539062, 5.766655921936035, 0.0]","[176.19544982910156, 4.5, 0.0]",0.011038753876630666,1.4550508260726929,-0.061415343278242975,32.35777765636947,1.430154613986198,0.0,0.07163894921541214,0.0,0.07163894921541214
35.513878,"[143.83145141601562, 5.766643524169922, 0.0]","[176.2250213623047, 4.5, 0.0]",0.012392141479669648,1.4678840637207031,0.06766938015194914,32.3870693605976,1.4440120721960623,0.0,0.07202352583408356,0.0,0.07202352583408356
35.531402,"[143.83123779296875, 5.766653537750244, 0.0]","[176.2542266845703, 4.5, 0.0]",0.011172093465854384,1.4798576831817627,-0.06100240069076322,32.41635934514427,1.4554919222410334,0.0,0.07243350148200989,0.0,0.07243350148200989
35.551901,"[143.83148193359375, 5.766641139984131, 0.0]","[176.2842559814453, 4.5, 0.0]",0.012529405824271336,1.492171287536621,0.06786561792084758,32.44574184203026,1.4686855897159083,0.0,0.07285548001527786,0.0,0.07285548001527786
35.571546,"[143.8312530517578, 5.766651630401611, 0.0]","[176.31411743164062, 4.5, 0.0]",0.011309802626114517,1.5077406167984009,-0.06098015990784093,32.47548906377065,1.4796418817123498,0.0,0.07327882945537567,0.0,0.07327882945537567
35.591839,"[143.8314971923828, 5.766639232635498, 0.0]","[176.3443603515625, 4.5, 0.0]",0.012649201026511648,1.5134739875793457,0.06696992001985654,32.50554217681189,1.4964308141722864,0.0,0.07364706695079803,0.0,0.07364706695079803
35.611555,"[143.83126831054688, 5.7666497230529785, 0.0]","[176.3743438720703, 4.5, 0.0]",0.011444369895949576,1.5323059558868408,-0.060241556528103576,32.53550270591328,1.5008247865528341,0.0,0.07406073063611984,0.0,0.07406073063611984
35.631359,"[143.83152770996094, 5.766637325286865, 0.0]","[176.40542602539062, 4.5, 0.0]",0.012762802839548155,1.5372302532196045,0.06592164717992895,32.5656777361463,1.5208615859908912,0.0,0.07440993189811707,0.0,0.07440993189811707
35.651331,"[143.831298828125, 5.766648292541504, 0.0]","[176.43675231933594, 4.5, 0.0]",0.01158276613212037,1.5555846691131592,-0.05900183537138927,32.596461303756236,1.5244674503800564,0.0,0.07479839026927948,0.0,0.07479839026927948
35.670568,"[143.83155822753906, 5.766635894775391, 0.0]","[176.4678497314453, 4.5, 0.0]",0.012819428135136715,1.5605212450027466,0.06183310015081726,32.62797715373954,1.5440019029810388,0.0,0.07514195889234543,0.0,0.07514195889234543
35.69168,"[143.83132934570312, 5.766679286956787, 0.0]","[176.49932861328125, 4.5, 0.0]",0.011699146184862395,1.5789320468902588,-0.056014097513716,32.65877591185613,1.5477018168676098,0.0,0.07532121986150742,0.0,0.07532121986150742
35.711796,"[143.8315887451172, 5.766654968261719, 0.0]","[176.5306854248047, 4.5, 0.0]",0.01770789905516653,1.5837912559509277,0.30043764351520674,32.690452288794674,1.5672329007053964,0.0,0.09039030224084854,0.0,0.09039030224084854
35.732736,"[143.83135986328125, 5.766663074493408, 0.0]","[176.5629119873047, 4.5, 0.0]",0.011771398947168325,1.6010693311691284,-0.29682500539991025,32.721508610639,1.5660833568957613,0.0,0.09061525017023087,0.0,0.09061525017023087
35.750538,"[143.8317108154297, 5.766645908355713, 0.0]","[176.59519958496094, 4.5, 0.0]",0.017744620120757535,1.6050333976745605,0.29866105867946047,32.75392287745288,1.58929793222196,0.0,0.09072835743427277,0.0,0.09072835743427277
35.771241,"[143.83148193359375, 5.766658306121826, 0.0]","[176.62744140625, 4.5, 0.0]",0.011826249421880132,1.6223143339157104,-0.29591853494387016,32.78581812245661,1.587288777553803,0.0,0.09089697152376175,0.0,0.09089697152376175
35.792131,"[143.8318328857422, 5.766642093658447, 0.0]","[176.66000366210938, 4.5, 0.0]",0.017781830704683105,1.626370906829834,0.29777906414014865,32.818248231097286,1.6104880844938303,0.0,0.09101171791553497,0.0,0.09101171791553497
35.811169,"[143.83160400390625, 5.766654014587402, 0.0]","[176.6920623779297, 4.5, 0.0]",0.0097923976545848,1.6434240341186523,-0.39947165250491523,32.85041808087534,1.608589076125151,0.0,0.08475951850414276,0.0,0.08475951850414276
35.831702,"[143.8319549560547, 5.766636848449707, 0.0]","[176.7255401611328, 4.5, 0.0]",0.013003607208308156,1.646200776100159,0.16056047768616774,32.88266548460404,1.6336316364640675,0.4127160459756851,0.0,0.4127160459756851,0.0
35.851879,"[143.83175659179688, 5.766645431518555, 0.0]","[176.7587890625, 4.5, 0.0]",0.03576390060799834,1.6622474193572998,1.1380146699845093,32.915749813816305,1.6331971688918507,0.41207462549209595,0.0,0.41207462549209595,0.0
35.871032,"[143.83201599121094, 5.766631603240967, 0.0]","[176.7921600341797, 4.5, 0.0]",0.058494050091252865,1.6649943590164185,1.1365074741627261,32.94915541294096,1.6264835187493014,0.4115283116698265,0.0,0.4115283116698265,0.0
35.891568,"[143.83273315429688, 5.766595840454102, 0.0]","[176.82568359375, 4.5, 0.0]",0.0812519559027879,1.6811226606369019,1.1378952905767517,32.98222477015673,1.6065003089251655,0.412030890583992,0.0,0.412030890583992,0.0
35.911516,"[143.8339080810547, 5.766538143157959, 0.0]","[176.85906982421875, 4.5, 0.0]",0.10489051835010386,1.6836735010147097,1.1819281223657983,33.014988442148514,1.5998707047341139,0.427975170314312,0.0,0.427975170314312,0.0
35.93067,"[143.8355255126953, 5.766458511352539, 0.0]","[176.8930206298828, 4.5, 0.0]",0.12862901404999458,1.6982446908950806,1.1869247849945357,33.04715708499414,1.5787829826646058,0.42978435754776,0.0,0.42978435754776,0.0
35.95167,"[143.83761596679688, 5.766356468200684, 0.0]","[176.92739868164062, 4.5, 0.0]",0.15249873124766064,1.699583888053894,1.1934858598833031,33.07944644841536,1.569615676845086,0.432160422205925,0.0,0.432160422205925,0.0
35.971996,"[143.84017944335938, 5.766232013702393, 0.0]","[176.96206665039062, 4.5, 0.0]",0.1764892181419386,1.71432363986969,1.1995243447138981,33.11168934051162,1.5470851568062334,0.43434690684080124,0.0,0.43434690684080124,0.0
35.992118,"[143.84323120117188, 5.766085147857666, 0.0]","[176.9964599609375, 4.5, 0.0]",0.2006459072803138,1.7156658172607422,1.2078344569187605,33.1437487661753,1.5378344217277513,0.43735627084970474,0.0,0.43735627084970474,0.0
36.011845,"[143.8467559814453, 5.765915393829346, 0.0]","[177.0307159423828, 4.5, 0.0]",0.22325272999150192,1.7300788164138794,1.1303411355594053,33.1750453092513,1.5150199099804285,0.40929578244686127,0.0,0.40929578244686127,0.0
36.031922,"[143.85076904296875, 5.76572322845459, 0.0]","[177.06561279296875, 4.5, 0.0]",0.24612546483434883,1.7298725843429568,1.1436367421423455,33.20573139766629,1.5068260864223775,0.41410963982343674,0.0,0.41410963982343674,0.0
36.051066,"[143.855224609375, 5.765509605407715, 0.0]","[177.09954833984375, 4.5, 0.0]",0.2691710201153696,1.74281907081604,1.1522777640510378,33.23656914785925,1.483747119508608,0.4172387346625328,0.0,0.4172387346625328,0.0
36.071974,"[143.86013793945312, 5.765274524688721, 0.0]","[177.1346893310547, 4.5, 0.0]",0.29235759690304397,1.7459893226623535,1.1593288393837191,33.26600411208854,1.4736480507006704,0.4197920486330986,0.0,0.4197920486330986,0.0
36.092505,"[143.86550903320312, 5.765017509460449, 0.0]","[177.16969299316406, 4.5, 0.0]",0.3141867616646857,1.7491322755813599,1.0914582380820852,33.29618492806451,1.4536317257593097,0.3952160105109215,0.0,0.3952160105109215,0.0
36.111769,"[143.87135314941406, 5.7647385597229, 0.0]","[177.20449829101562, 4.5, 0.0]",0.33617813258982215,1.7620577812194824,1.0995685462568239,33.32577075033403,1.4349455139166742,0.39815209805965424,0.0,0.39815209805965424,0.0
36.130936,"[143.87762451171875, 5.764439105987549, 0.0]","[177.24000549316406, 4.5, 0.0]",0.35831960160582976,1.7603349685668948,1.1070734508003803,33.35468516982517,1.4258796486296603,0.4008706286549568,0.0,0.4008706286549568,0.0
36.151683,"[143.88433837890625, 5.764118671417236, 0.0]","[177.27621459960938, 4.5, 0.0]",0.3805392111291034,1.7720438241958618,1.110980476163681,33.38387312160623,1.402015366961065,0.40228500962257385,0.0,0.40228500962257385,0.0
36.172155,"[143.89149475097656, 5.763777256011963, 0.0]","[177.3111114501953, 4.5, 0.0]",0.40292285899298946,1.770236849784851,1.119182393194304,33.413319562051335,1.3915046130667585,0.4052559658885002,0.0,0.4052559658885002,0.0
36.191554,"[143.8990936279297, 5.7634148597717285, 0.0]","[177.3465576171875, 4.5, 0.0]",0.4237302970815926,1.7818375825881958,1.0403719044301567,33.441012582256825,1.3673139907918617,0.37671729922294617,0.0,0.37671729922294617,0.0
36.211436,"[143.9071502685547, 5.763031005859375, 0.0]","[177.3820343017578, 4.5, 0.0]",0.4446671010443912,1.7804237604141238,1.0468401981399311,33.46881159196549,1.3581072855066032,0.37905868142843246,0.0,0.37905868142843246,0.0
36.231322,"[143.91561889648438, 5.762627601623535, 0.0]","[177.41885375976562, 4.5, 0.0]",0.4656732131698628,1.7949810028076172,1.0503056062735798,33.49618323548965,1.3357566593697325,0.38031410425901413,0.0,0.38031410425901413,0.0
36.253177,"[143.92449951171875, 5.762204170227051, 0.0]","[177.4545135498047, 4.5, 0.0]",0.48684234540291654,1.795957684516907,1.0584566116526861,33.52448372964942,1.3293077896377543,0.3832658752799034,0.0,0.3832658752799034,0.0
36.271389,"[143.93380737304688, 5.761760711669922, 0.0]","[177.49032592773438, 4.5, 0.0]",0.5080922221712683,1.8103021383285522,1.0624938384175857,33.55121401024756,1.3091153391139905,0.384727381169796,0.0,0.384727381169796,0.0
36.291956,"[143.9435272216797, 5.761297225952148, 0.0]","[177.526611328125, 4.5, 0.0]",0.5281332789657545,1.8114126920700073,1.00205283972431,33.577669183036186,1.302209916157284,0.3628429025411606,0.0,0.3628429025411606,0.0
36.311709,"[143.95367431640625, 5.7608137130737305, 0.0]","[177.56275939941406, 4.5, 0.0]",0.5482886055354237,1.8255378007888794,1.0077663284834615,33.604184524927504,1.2832794131042529,0.3649110347032547,0.0,0.3649110347032547,0.0
36.331918,"[143.96421813964844, 5.760311126708984, 0.0]","[177.5994110107422, 4.5, 0.0]",0.568550221350929,1.8242743015289309,1.013080790775267,33.63013542944807,1.2772491952534557,0.3668365254998207,0.0,0.3668365254998207,0.0
36.352717,"[143.9751739501953, 5.75978946685791, 0.0]","[177.63619995117188, 4.5, 0.0]",0.5888688673997249,1.8363630771636963,1.0159323024397926,33.656192442828726,1.2557240801780019,0.36786794662475586,0.0,0.36786794662475586,0.0
36.37198,"[143.9865264892578, 5.759248733520508, 0.0]","[177.67344665527344, 4.5, 0.0]",0.6093051499006238,1.8351861238479616,1.0218141250449453,33.68197435021178,1.2474942097639714,0.36999817937612534,0.0,0.36999817937612534,0.0
36.392857,"[143.998291015625, 5.758688926696777, 0.0]","[177.71017456054688, 4.5, 0.0]",0.6281243983081263,1.8472684621810913,0.9409624203751243,33.707816821631695,1.225880973947338,0.3407195955514908,0.0,0.3407195955514908,0.0
36.412421,"[144.01046752929688, 5.758110046386719, 0.0]","[177.74720764160156, 4.5, 0.0]",0.6470544157449364,1.8458369970321657,0.9465008718405055,33.732729047965826,1.2191440638729651,0.342726968228817,0.0,0.342726968228817,0.0
36.431777,"[144.02301025390625, 5.757513523101807, 0.0]","[177.7843475341797, 4.5, 0.0]",0.6660679340308975,1.8562943935394287,0.9506759142980548,33.75753398229468,1.1987825812872295,0.34424055367708206,0.0,0.34424055367708206,0.0
36.452013,"[144.0359344482422, 5.756899356842041, 0.0]","[177.82098388671875, 4.5, 0.0]",0.6851873849938608,1.8533670902252197,0.9559725481481651,33.782079187115805,1.1902264595085312,0.3461574763059616,0.0,0.3461574763059616,0.0
36.471742,"[144.0492401123047, 5.756267547607422, 0.0]","[177.8583526611328, 4.5, 0.0]",0.7043861532512746,1.8638474941253662,0.9599384128706923,33.805740112226886,1.168179705231359,0.34759316593408585,0.0,0.34759316593408585,0.0
36.492623,"[144.06292724609375, 5.755617618560791, 0.0]","[177.89559936523438, 4.5, 0.0]",0.7220443105388477,1.864315390586853,0.8829078643786514,33.829750964267454,1.1594613408740915,0.31969908624887466,0.0,0.31969908624887466,0.0
36.511953,"[144.07699584960938, 5.754950046539307, 0.0]","[177.93267822265625, 4.5, 0.0]",0.7397642038725778,1.8683252334594727,0.8859946666865071,33.853258231033735,1.1422710800480054,0.3208174929022789,0.0,0.3208174929022789,0.0
36.531917,"[144.09141540527344, 5.754265785217285, 0.0]","[177.97024536132812, 4.5, 0.0]",0.7921328932257746,1.8741410970687866,2.6184344676598412,33.876216445782255,1.1285610295868949,0.9481331706047058,0.0,0.9481331706047058,0.0
36.552284,"[144.106201171875, 5.753565311431885, 0.0]","[178.0089569091797, 4.5, 0.0]",0.8445953269649308,1.8801361322402954,2.623121686957808,33.89931151332955,1.0820082038430119,0.949830636382103,0.0,0.949830636382103,0.0
36.571391,"[144.1220245361328, 5.7528157234191895, 0.0]","[178.04653930664062, 4.5, 0.0]",0.8971702685804851,1.885957956314087,2.628747080777716,33.92318279472576,1.0355408052753647,0.9518657624721527,0.0,0.9518657624721527,0.0
36.59183,"[144.13890075683594, 5.752017021179199, 0.0]","[178.083740234375, 4.5, 0.0]",0.9499943929668838,1.8917173147201538,2.641206219319936,33.944888664789396,0.9887876877336018,0.956379845738411,0.0,0.956379845738411,0.0
36.612513,"[144.15682983398438, 5.751169204711914, 0.0]","[178.12191772460938, 4.5, 0.0]",1.0002324967480694,1.8979523181915283,2.5119051890592767,33.96516012759085,0.94172292175327,0.9095600247383118,0.0,0.9095600247383118,0.0
36.630427,"[144.17581176757812, 5.750272274017334, 0.0]","[178.15945434570312, 4.5, 0.0]",1.0509680336505136,1.9062139987945559,2.536776845122213,33.98535424082295,0.897719821443459,0.9185673296451569,0.0,0.9185673296451569,0.0
36.651439,"[144.19580078125, 5.74932861328125, 0.0]","[178.19833374023438, 4.5, 0.0]",1.1020689917516902,1.9147753715515137,2.555047905058827,34.003854759241634,0.8552459651440423,0.9251806885004044,0.0,0.9251806885004044,0.0
36.672282,"[144.216796875, 5.748337745666504, 0.0]","[178.2367706298828, 4.5, 0.0]",1.1534821814686023,1.923237919807434,2.5706594858456056,34.02268942626497,0.8127063797998235,0.9308384358882904,0.0,0.9308384358882904,0.0
36.691859,"[144.2388153076172, 5.747299671173096, 0.0]","[178.2758026123047, 4.5, 0.0]",1.2006656727968137,1.9318296909332275,2.359174566410571,34.04007461511808,0.7697557383388318,0.8542554080486298,0.0,0.8542554080486298,0.0
36.713475,"[144.26185607910156, 5.746214389801025, 0.0]","[178.3137664794922, 4.5, 0.0]",1.2482572441338933,1.9405280351638794,2.3795785668539793,34.05703170572026,0.7311640181364139,0.8616432547569275,0.0,0.8616432547569275,0.0
36.731393,"[144.2858428955078, 5.745085716247559, 0.0]","[178.35287475585938, 4.5, 0.0]",1.2962354512046992,1.9520155191421509,2.3989103535402956,34.071899294217346,0.6922707910299861,0.8686478435993195,0.0,0.8686478435993195,0.0
36.751547,"[144.31077575683594, 5.743913173675537, 0.0]","[178.3925323486328, 4.5, 0.0]",1.3443549195600044,1.9636642932891846,2.4059734177652614,34.0869638849911,0.6557800679374517,0.8712011575698853,0.0,0.8712011575698853,0.0
36.770984,"[144.336669921875, 5.742696762084961, 0.0]","[178.4319610595703, 4.5, 0.0]",1.3929460718983162,1.9752405881881714,2.4295576169155897,34.10163057004381,0.6193093737291802,0.8797386288642883,0.0,0.8797386288642883,0.0
36.793194,"[144.363525390625, 5.74143648147583, 0.0]","[178.47157287597656, 4.5, 0.0]",1.4418857215106204,1.986875414848328,2.446982480615212,34.11510721126338,0.5822945162898552,0.8860523998737335,0.0,0.8860523998737335,0.0
36.811207,"[144.391357421875, 5.740131855010986, 0.0]","[178.51080322265625, 4.5, 0.0]",1.48716073700324,1.9987550973892216,2.2637507746309793,34.127805413692045,0.5449896933377076,0.8197040110826492,0.0,0.8197040110826492,0.0
36.833133,"[144.420166015625, 5.7387824058532715, 0.0]","[178.5517578125, 4.5, 0.0]",1.532719381803604,2.014028787612915,2.277932240018199,34.13914579048979,0.5115943603859816,0.8248376846313477,0.0,0.8248376846313477,0.0
36.85171,"[144.4498748779297, 5.737391948699951, 0.0]","[178.59251403808594, 4.5, 0.0]",1.5786036502915206,2.0292203426361084,2.29421342439583,34.15123148545289,0.48130940580931103,0.8307309448719025,0.0,0.8307309448719025,0.0
36.870789,"[144.48049926757812, 5.735960006713867, 0.0]","[178.6332550048828, 4.5, 0.0]",1.6247416980052076,2.044410467147827,2.3069023856843507,34.1622186699731,0.4506166923445878,0.8353300392627716,0.0,0.8353300392627716,0.0
36.892815,"[144.5120391845703, 5.734487056732178, 0.0]","[178.6742401123047, 4.5, 0.0]",1.6676831403798988,2.059692621231079,2.147072118734561,34.172274847406875,0.4196687691426195,0.7774475961923599,0.0,0.7774475961923599,0.0
36.911949,"[144.54449462890625, 5.732972621917725, 0.0]","[178.71481323242188, 4.5, 0.0]",1.7109330925626698,2.078516721725464,2.1624976091385473,34.18165953987036,0.39200948085118026,0.7830370217561722,0.0,0.7830370217561722,0.0
36.930765,"[144.5778045654297, 5.731419563293457, 0.0]","[178.7573699951172, 4.5, 0.0]",1.7544181761086044,2.0909829139709473,2.1742541772967305,34.18971691493942,0.3675836291627941,0.7873023301362991,0.0,0.7873023301362991,0.0
36.953852,"[144.6119842529297, 5.729827880859375, 0.0]","[178.8003692626953, 4.5, 0.0]",1.7981821898754087,2.116978168487549,2.188200688340214,34.19890107210616,0.33656473786234287,0.7923422008752823,0.0,0.7923422008752823,0.0
36.971608,"[144.64703369140625, 5.728198051452637, 0.0]","[178.84231567382812, 4.5, 0.0]",1.842160667445664,2.1291720867156982,2.1989238785127707,34.20765719352058,0.31879597861214015,0.7962310314178467,0.0,0.7962310314178467,0.0
36.991818,"[144.68295288085938, 5.726529121398926, 0.0]","[178.8850860595703, 4.5, 0.0]",1.8863500075655082,2.1550676822662354,2.209467005992205,34.21449201696132,0.28701141927003415,0.8000464737415314,0.0,0.8000464737415314,0.0
37.012063,"[144.71975708007812, 5.7248215675354, 0.0]","[178.92774963378906, 4.5, 0.0]",1.9186005900673067,2.1679537296295166,1.6125291250899232,34.22127997228274,0.26871767470072716,0.7554946094751358,0.0,0.7554946094751358,0.0
37.031176,"[144.7574462890625, 5.7230753898620605, 0.0]","[178.97210693359375, 4.5, 0.0]",1.9548375703411307,2.1976935863494873,1.8118490136912024,34.22707622278381,0.24935313956220995,0.7604064047336578,0.0,0.7604064047336578,0.0
37.051641,"[144.7957000732422, 5.720073699951172, 0.0]","[179.01687622070312, 4.5, 0.0]",1.9955687643368512,2.214315891265869,2.0365596997860225,34.23367911846693,0.2428560160083566,0.7646948099136353,0.0,0.7646948099136353,0.0
37.071163,"[144.83460998535156, 5.716237545013428, 0.0]","[179.0615692138672, 4.5, 0.0]",2.037460732820681,2.244231939315796,2.094598424191485,34.23977649139642,0.218747126929018,0.7678281515836716,0.0,0.7678281515836716,0.0
37.091642,"[144.8743896484375, 5.7130513191223145, 0.0]","[179.1061553955078, 4.5, 0.0]",2.079867136965129,2.260758638381958,2.1203202072224148,34.2448283871475,0.20677120649511505,0.7716567814350128,0.0,0.7716567814350128,0.0
37.111839,"[144.9150390625, 5.710174083709717, 0.0]","[179.15098571777344, 4.5, 0.0]",2.1205199793035305,2.291073799133301,2.0326421169200692,34.24903162908171,0.18089150141682886,0.7380558550357819,0.0,0.7380558550357819,0.0
37.131511,"[144.95654296875, 5.70744514465332, 0.0]","[179.1981201171875, 4.5, 0.0]",2.1614428793603726,2.311727046966553,2.0461450028421035,34.252716851793934,0.17055381982977025,0.7421875,0.0,0.7421875,0.0
37.152623,"[144.99887084960938, 5.704797267913818, 0.0]","[179.2453155517578, 4.5, 0.0]",2.2026057897492213,2.3457565307617188,2.0581455194424336,34.25793660599733,0.15028416760618057,0.7461388409137726,0.0,0.7461388409137726,0.0
37.174538,"[145.04202270507812, 5.702200889587402, 0.0]","[179.2921905517578, 4.5, 0.0]",2.2439512517802322,2.366264581680298,2.0672731015505486,34.26246491447332,0.14315074101249747,0.7491868734359741,0.0,0.7491868734359741,0.0
37.193547,"[145.08599853515625, 5.699642181396484, 0.0]","[179.33941650390625, 4.5, 0.0]",2.285482976428054,2.400318145751953,2.0765862323910866,34.26590661382688,0.1223133299000656,0.7523708045482635,0.0,0.7523708045482635,0.0
37.210896,"[145.1308135986328, 5.697113990783691, 0.0]","[179.38662719726562, 4.5, 0.0]",2.3256449656125926,2.421259641647339,2.008099459226931,34.26891993457745,0.11483516932389914,0.7274332642555237,0.0,0.7274332642555237,0.0
37.230871,"[145.17645263671875, 5.694610118865967, 0.0]","[179.43663024902344, 4.5, 0.0]",2.3660135952743806,2.459158182144165,2.0184314830894,34.271115078286186,0.09561467603474627,0.7310505211353302,0.0,0.7310505211353302,0.0
37.252935,"[145.222900390625, 5.692126274108887, 0.0]","[179.48727416992188, 4.5, 0.0]",2.406631910744423,2.484121084213257,2.0309157735021177,34.27530328965017,0.09314458686978444,0.7354961335659027,0.0,0.7354961335659027,0.0
37.272689,"[145.27015686035156, 5.689653396606445, 0.0]","[179.53781127929688, 4.5, 0.0]",2.4474449879733324,2.522345542907715,2.040653861445474,34.279344781319175,0.07748917346883388,0.7389801740646362,0.0,0.7389801740646362,0.0
37.291994,"[145.31822204589844, 5.687178611755371, 0.0]","[179.5880584716797, 4.5, 0.0]",2.4883430661878236,2.5470664501190186,2.0449039107245603,34.28248809309816,0.07490055493438241,0.7404962182044983,0.0,0.7404962182044983,0.0
37.311718,"[145.3671112060547, 5.684690475463867, 0.0]","[179.63885498046875, 4.5, 0.0]",2.528513018299563,2.5856690406799316,2.0084976055869674,34.284547367857584,0.05872338393119492,0.7273060828447342,0.0,0.7273060828447342,0.0
37.331197,"[145.41680908203125, 5.682180404663086, 0.0]","[179.6918487548828, 4.5, 0.0]",2.568932351508795,2.61362624168396,2.0209666604616094,34.286341806472755,0.057156022380368654,0.7318146526813507,0.0,0.7318146526813507,0.0
37.351269,"[145.46731567382812, 5.679642200469971, 0.0]","[179.7443389892578, 4.5, 0.0]",2.609586022138568,2.654587745666504,2.032683531488644,34.289529607598155,0.044693890175164785,0.7360492646694183,0.0,0.7360492646694183,0.0
37.371439,"[145.5186309814453, 5.677071571350098, 0.0]","[179.79762268066406, 4.5, 0.0]",2.6504181820726993,2.6827316284179688,2.0416079967065626,34.291411781824415,0.045001723527935855,0.7392722368240356,0.0,0.7392722368240356,0.0
37.394371,"[145.5707550048828, 5.674465179443359, 0.0]","[179.85165405273438, 4.5, 0.0]",2.690473745184779,2.7246921062469482,2.0027781556039903,34.293282535966014,0.03231344634526945,0.7252116501331329,0.0,0.7252116501331329,0.0
37.411702,"[145.6237030029297, 5.671820640563965, 0.0]","[179.9045867919922, 4.5, 0.0]",2.73074994350821,2.7526774406433105,2.0138099161715495,34.295095065748065,0.034218361062169134,0.7292011380195618,0.0,0.7292011380195618,0.0
37.431596,"[145.6774444580078, 5.669137954711914, 0.0]","[179.96182250976562, 4.5, 0.0]",2.7710946317793272,2.797323226928711,2.0172344135558573,34.29498917121853,0.02192749713510045,0.7304418087005615,0.0,0.7304418087005615,0.0
37.451937,"[145.73199462890625, 5.666416645050049, 0.0]","[180.01991271972656, 4.5, 0.0]",2.8117441441140762,2.8325347900390625,2.0324756167374503,34.29838884224462,0.026228595149383693,0.7359626144170761,0.0,0.7359626144170761,0.0
37.472419,"[145.787353515625, 5.663656234741211, 0.0]","[180.07693481445312, 4.5, 0.0]",2.8525480249652646,2.870376348495484,2.040194042559418,34.301835065537055,0.02079064592498625,0.738760381937027,0.0,0.738760381937027,0.0
37.493132,"[145.84352111816406, 5.660857200622559, 0.0]","[180.13287353515625, 4.5, 0.0]",2.893050518970839,2.9074995517730713,2.025124700278713,34.30340710336645,0.017828323530219237,0.7332880795001984,0.0,0.7332880795001984,0.0
37.512728,"[145.90049743652344, 5.658019065856934, 0.0]","[180.19139099121094, 4.5, 0.0]",2.9337502441054983,2.946272611618042,2.0349862567329735,34.3030896407993,0.01444903280223242,0.7368681579828262,0.0,0.7368681579828262,0.0
37.532591,"[145.95828247070312, 5.6551432609558105, 0.0]","[180.25201416015625, 4.5, 0.0]",2.9745909579215737,2.9860541820526123,2.0420356908037673,34.30453956513389,0.012522367512543653,0.7394212484359741,0.0,0.7394212484359741,0.0
37.551583,"[146.0168914794922, 5.6522297859191895, 0.0]","[180.3119354248047, 4.5, 0.0]",3.0155743252970626,3.0253872871398926,2.0491683687744455,34.30728418425965,0.011463224131038618,0.742003470659256,0.0,0.742003470659256,0.0
37.571527,"[146.07630920410156, 5.64927864074707, 0.0]","[180.3742218017578, 4.5, 0.0]",3.0566173321698527,3.0662708282470703,2.0521503436395028,34.30850465250203,0.009812961842829981,0.7430823892354965,0.0,0.7430823892354965,0.0
37.592715,"[146.1365509033203, 5.6462907791137695, 0.0]","[180.43397521972656, 4.5, 0.0]",3.0977215598387575,3.1054847240448002,2.0552113834452435,34.311278892925124,0.00965349607721766,0.7441920787096024,0.0,0.7441920787096024,0.0
37.612045,"[146.19760131835938, 5.643266677856445, 0.0]","[180.4961395263672, 4.5, 0.0]",3.1390150859277504,3.1460859775543213,2.064676304449642,34.310700277563605,0.0077631642060427275,0.7476212084293365,0.0,0.7476212084293365,0.0
37.631419,"[146.2594757080078, 5.640206336975098, 0.0]","[180.56105041503906, 4.5, 0.0]",3.1804929091658605,3.1871562004089355,2.0738911619055056,34.31172081620726,0.00707089162657093,0.7509519159793854,0.0,0.7509519159793854,0.0
37.654786,"[146.32217407226562, 5.637110233306885, 0.0]","[180.6258087158203, 4.5, 0.0]",3.2221492502705886,3.228118419647217,2.082817055236408,34.31466088793467,0.006663291243075076,0.7541774958372116,0.0,0.7541774958372116,0.0
37.670618,"[146.38571166992188, 5.633978366851807, 0.0]","[180.68931579589844, 4.5, 0.0]",3.2639289261603066,3.2682955265045166,2.088983794485899,34.316625077933665,0.0059691693766281695,0.756429061293602,0.0,0.756429061293602,0.0
37.691298,"[146.4500732421875, 5.630810737609863, 0.0]","[180.7548370361328, 4.5, 0.0]",3.3191624698950455,3.3097469806671143,2.761677186736944,34.31650113317355,0.004366600344209992,1.0,0.0,1.0,0.0
37.710941,"[146.51527404785156, 5.627608299255371, 0.0]","[180.82101440429688, 4.5, 0.0]",3.3743958320471896,3.351291656494141,2.761668107607207,34.31756533708496,-0.009415489227931229,1.0,0.0,1.0,0.0
37.730607,"[146.58157348632812, 5.6243577003479, 0.0]","[180.8905792236328, 4.5, 0.0]",3.4296291479206538,3.392674684524537,2.761665793673207,34.31844619716282,-0.023104175553048556,1.0,0.0,1.0,0.0
37.750593,"[146.64898681640625, 5.621059894561768, 0.0]","[180.958251953125, 4.5, 0.0]",3.4848626401966976,3.4329421520233154,2.7616746138021897,34.32161155742922,-0.03695446339611674,1.0,0.0,1.0,0.0
37.770825,"[146.71749877929688, 5.617714881896973, 0.0]","[181.02886962890625, 4.5, 0.0]",3.540095872507187,3.4749612808227544,2.761661615524469,34.32177395432271,-0.05192048817338213,1.0,0.0,1.0,0.0
37.793172,"[146.787109375, 5.614323616027832, 0.0]","[181.0980224609375, 4.5, 0.0]",3.5953288983254854,3.5161049365997314,2.761651290914924,34.32377943449168,-0.06513459168443259,1.0,0.0,1.0,0.0
37.811028,"[146.8578338623047, 5.610886573791504, 0.0]","[181.16552734375, 4.5, 0.0]",3.650562744974461,3.5558815002441406,2.761692332448784,34.32322391059846,-0.07922396172575397,1.0,0.0,1.0,0.0
37.830803,"[146.92965698242188, 5.6074042320251465, 0.0]","[181.23997497558594, 4.5, 0.0]",3.705796036993696,3.5965828895568848,2.761664600961744,34.31990901268356,-0.09468124473032047,1.0,0.0,1.0,0.0
37.850461,"[147.00257873535156, 5.603877067565918, 0.0]","[181.31207275390625, 4.5, 0.0]",3.7610288144569948,3.6360011100769047,2.76163887316494,34.322429847643605,-0.10921314743681121,1.0,0.0,1.0,0.0
37.870952,"[147.0766143798828, 5.600305080413818, 0.0]","[181.38531494140625, 4.5, 0.0]",3.8162625331529645,3.6793758869171143,2.7616859347984857,34.321506284144434,-0.12502770438009003,1.0,0.0,1.0,0.0
37.890795,"[147.15174865722656, 5.596689224243164, 0.0]","[181.4584197998047, 4.5, 0.0]",3.8714957981057765,3.712667942047119,2.7616632476406,34.32061194928908,-0.13688664623585023,1.0,0.0,1.0,0.0
37.91397,"[147.2279815673828, 5.593029975891113, 0.0]","[181.53240966796875, 4.5, 0.0]",3.9267290858201824,3.75925874710083,2.761664385720297,34.318482772531375,-0.15882785605865735,1.0,0.0,1.0,0.0
37.930396,"[147.30532836914062, 5.589327335357666, 0.0]","[181.6084442138672, 4.5, 0.0]",3.9819623966030204,3.789950132369995,2.7616655391419,34.316139572895175,-0.16747033871935235,1.0,0.0,1.0,0.0
37.951581,"[147.38377380371094, 5.5855817794799805, 0.0]","[181.6871795654297, 4.5, 0.0]",4.037196252355571,3.835296869277954,2.7616927876275232,34.31472542362225,-0.1920122642330253,1.0,0.0,1.0,0.0
37.970557,"[147.46331787109375, 5.581794261932373, 0.0]","[181.76307678222656, 4.5, 0.0]",4.092430145127463,3.8659186363220215,2.761694638594614,34.31491068349911,-0.2018993830776168,1.0,0.0,1.0,0.0
37.991188,"[147.54397583007812, 5.577964782714844, 0.0]","[181.84017944335938, 4.5, 0.0]",4.147663621583004,3.9104654788970947,2.7616738227770554,34.311163420351065,-0.22651150880544169,1.0,0.0,1.0,0.0
38.010704,"[147.625732421875, 5.574093818664551, 0.0]","[181.91729736328125, 4.5, 0.0]",4.202896183351823,3.9411203861236572,2.761628088440915,34.307507276543774,-0.23719814268590955,1.0,0.0,1.0,0.0
38.02962,"[147.70858764648438, 5.570181846618652, 0.0]","[181.9973602294922, 4.5, 0.0]",4.2581292502198815,3.9823925495147705,2.7616533434029478,34.30276838136634,-0.26177579722816535,1.0,0.0,1.0,0.0
38.051278,"[147.7925567626953, 5.566229343414307, 0.0]","[182.0803680419922, 4.5, 0.0]",4.313362839034426,4.011594772338867,2.761679440727205,34.299872964032055,-0.275736700705111,1.0,0.0,1.0,0.0
38.071439,"[147.87762451171875, 5.562236309051514, 0.0]","[182.1605682373047, 4.5, 0.0]",4.36859647354777,4.052921772003174,2.76168172566722,34.298805857695264,-0.30176806669555845,1.0,0.0,1.0,0.0
38.091868,"[147.9637908935547, 5.55820369720459, 0.0]","[182.2400665283203, 4.5, 0.0]",4.4238295862006005,4.080613136291504,2.7616556326415242,34.293836688620985,-0.3156747015445962,1.0,0.0,1.0,0.0
38.110625,"[148.0510711669922, 5.554131984710693, 0.0]","[182.3203887939453, 4.5, 0.0]",4.460025356534758,4.121427059173584,1.8097885167078775,34.287069291913596,-0.3432164499090966,0.6553161144256592,0.0,0.6553161144256592,0.0
38.130642,"[148.1394500732422, 5.550021171569824, 0.0]","[182.4045867919922, 4.5, 0.0]",4.49663548131484,4.146105766296388,1.8305062390040927,34.2800115068103,-0.3385982973611741,0.6628225743770599,0.0,0.6628225743770599,0.0
38.151517,"[148.2285614013672, 5.545889854431152, 0.0]","[182.4882049560547, 4.5, 0.0]",4.533378975789281,4.18389892578125,1.8371747237220681,34.27572723472602,-0.3505297150184523,0.665246918797493,0.0,0.665246918797493,0.0
38.170629,"[148.3184051513672, 5.5417375564575195, 0.0]","[182.57391357421875, 4.5, 0.0]",4.570365243108996,4.209136486053467,1.8493133659857275,34.27013238750881,-0.3494800500080313,0.6696348637342453,0.0,0.6696348637342453,0.0
38.191948,"[148.4089813232422, 5.537565231323242, 0.0]","[182.65664672851562, 4.5, 0.0]",4.607509317501162,4.2465996742248535,1.8572037196082913,34.26589434478981,-0.36122875705552904,0.6725097447633743,0.0,0.6725097447633743,0.0
38.210947,"[148.5002899169922, 5.533372402191162, 0.0]","[182.74029541015625, 4.5, 0.0]",4.6438006780204,4.270506381988525,1.814568025961938,34.257953041964065,-0.36090964327630815,0.6570615619421005,0.0,0.6570615619421005,0.0
38.230892,"[148.59234619140625, 5.5291595458984375, 0.0]","[182.82745361328125, 4.5, 0.0]",4.680216428533904,4.304527759552002,1.8207875256751826,34.25019490049915,-0.37329429603187503,0.6593256443738937,0.0,0.6593256443738937,0.0
38.251346,"[148.68511962890625, 5.524927616119385, 0.0]","[182.9146270751953, 4.5, 0.0]",4.716743667096835,4.325223922729492,1.826361928146536,34.24519525922311,-0.3756886689819021,0.6613153964281082,0.0,0.6613153964281082,0.0
38.272224,"[148.77862548828125, 5.520677089691162, 0.0]","[183.00277709960938, 4.5, 0.0]",4.753328449156215,4.35956335067749,1.8292391029690158,34.23949497750263,-0.3915197443673426,0.6623721867799759,0.0,0.6623721867799759,0.0
38.292225,"[148.87286376953125, 5.5164079666137695, 0.0]","[183.08819580078125, 4.5, 0.0]",4.78914453771333,4.379708290100098,1.7908044278557522,34.23403896414898,-0.3937650984787249,0.6484587490558624,0.0,0.6484587490558624,0.0
38.311612,"[148.96783447265625, 5.512120723724365, 0.0]","[183.17530822753906, 4.5, 0.0]",4.8250658884491635,4.413132667541504,1.7960675367916679,34.2251234084206,-0.4094362476132325,0.6503654271364212,0.0,0.6503654271364212,0.0
38.332824,"[149.0635223388672, 5.507816314697266, 0.0]","[183.26426696777344, 4.5, 0.0]",4.861091081628789,4.4294843673706055,1.8012596589812802,34.2171680709133,-0.4119332209076596,0.6522484868764877,0.0,0.6522484868764877,0.0
38.352234,"[149.15992736816406, 5.503495216369629, 0.0]","[183.35369873046875, 4.5, 0.0]",4.897221551659056,4.459286212921143,1.8065235015133574,34.210340924729636,-0.43160671425818364,0.6541302055120468,0.0,0.6541302055120468,0.0
38.371479,"[149.25704956054688, 5.499157428741455, 0.0]","[183.44473266601562, 4.5, 0.0]",4.933414823220691,4.479506015777588,1.8096635780817216,34.20327063270471,-0.4379353387379137,0.6552721560001373,0.0,0.6552721560001373,0.0
38.392201,"[149.3549041748047, 5.494802951812744, 0.0]","[183.5332794189453, 4.5, 0.0]",4.968759728245148,4.502414703369141,1.767245251222871,34.19708439667596,-0.4539088074431028,0.6399280577898026,0.0,0.6399280577898026,0.0
38.411102,"[149.45347595214844, 5.4904327392578125, 0.0]","[183.62197875976562, 4.5, 0.0]",5.004177346047165,4.524837493896484,1.7708808901008233,34.187682774432126,-0.4663450248760075,0.6412412226200104,0.0,0.6412412226200104,0.0
38.43113,"[149.55274963378906, 5.486047744750977, 0.0]","[183.71359252929688, 4.5, 0.0]",5.039764718167618,4.543928623199464,1.7793686060226577,34.17771728565909,-0.4793398521506802,0.6443247944116592,0.0,0.6443247944116592,0.0
38.451295,"[149.65274047851562, 5.481647968292236, 0.0]","[183.80526733398438, 4.5, 0.0]",5.075424991991296,4.563029766082765,1.7830136911839212,34.16996258073837,-0.49583609496815395,0.6456370651721954,0.0,0.6456370651721954,0.0
38.47057,"[149.75343322753906, 5.47723388671875, 0.0]","[183.8969268798828, 4.5, 0.0]",5.1112092345270215,4.582128047943115,1.789212126786266,34.16155301190056,-0.5123952259085316,0.6478730589151382,0.0,0.6478730589151382,0.0
38.491777,"[149.85484313964844, 5.472805500030518, 0.0]","[183.98814392089844, 4.5, 0.0]",5.145571534477035,4.601136207580566,1.718114997500697,34.15242714565447,-0.5290811865839062,0.6221377849578857,0.0,0.6221377849578857,0.0
38.514239,"[149.95697021484375, 5.468363285064697, 0.0]","[184.0796356201172, 4.5, 0.0]",5.180064023623818,4.619722366333008,1.7246244573391412,34.142143159276486,-0.544435326896469,0.6245061755180359,0.0,0.6245061755180359,0.0
38.530737,"[150.05978393554688, 5.463909149169922, 0.0]","[184.17269897460938, 4.5, 0.0]",5.214630840598115,4.634982109069824,1.7283408487148488,34.13141770447128,-0.5603416572908104,0.6258313357830048,0.0,0.6258313357830048,0.0
38.550468,"[150.1632843017578, 5.459442615509033, 0.0]","[184.26617431640625, 4.5, 0.0]",5.249325894202388,4.6503095626831055,1.7347526802136581,34.121577165058845,-0.579648731528291,0.6281690299510956,0.0,0.6281690299510956,0.0
38.573762,"[150.26748657226562, 5.454964637756348, 0.0]","[184.3600616455078, 4.5, 0.0]",5.284104328846611,4.665703296661377,1.7389217322111516,34.11146235493953,-0.5990163315192829,0.6296765059232712,0.0,0.6296765059232712,0.0
38.591009,"[150.37237548828125, 5.450475215911865, 0.0]","[184.45216369628906, 4.5, 0.0]",5.317217889129153,4.680804252624512,1.655678014127071,34.10105868647776,-0.6184010321852345,0.599520169198513,0.0,0.599520169198513,0.0
38.610588,"[150.47796630859375, 5.445974349975586, 0.0]","[184.54566955566406, 4.5, 0.0]",5.3503671312726,4.695734977722168,1.6574621071723694,34.08818602190878,-0.6364136365046411,0.6001775339245796,0.0,0.6001775339245796,0.0
38.629788,"[150.58421325683594, 5.441463947296143, 0.0]","[184.6400146484375, 4.5, 0.0]",5.383706695323377,4.707688331604004,1.666978202538827,34.07601505395678,-0.6546321535504322,0.6036187708377838,0.0,0.6036187708377838,0.0
38.650497,"[150.69113159179688, 5.436944484710693, 0.0]","[184.7342071533203, 4.5, 0.0]",5.417170235632138,4.719623565673828,1.6731770154380765,34.06402744405742,-0.6760183637193729,0.6058673188090324,0.0,0.6058673188090324,0.0
38.670814,"[150.7987060546875, 5.4324164390563965, 0.0]","[184.8291778564453, 4.5, 0.0]",5.450712409121789,4.731655597686768,1.6771086744825414,34.05121719793137,-0.6975466699583102,0.6072869896888733,0.0,0.6072869896888733,0.0
38.69332,"[150.90695190429688, 5.427879810333252, 0.0]","[184.92547607421875, 4.5, 0.0]",5.461283095332691,4.743856430053711,0.5285343105450924,34.03852967000126,-0.7190568114350215,0.6094154343008995,0.0,0.6094154343008995,0.0
38.711608,"[151.015869140625, 5.42333459854126, 0.0]","[185.0183868408203, 4.5, 0.0]",5.492452684008807,4.7553205490112305,1.558479433805804,34.02649825329727,-0.71742666527898,0.5736863613128662,0.0,0.5736863613128662,0.0
38.730045,"[151.12490844726562, 5.41689395904541, 0.0]","[185.11402893066406, 4.5, 0.0]",5.524068037511513,4.764703750610352,1.5807676751352862,34.01041226541268,-0.7371321349975766,0.5755714699625969,0.0,0.5755714699625969,0.0
38.7507,"[151.23460388183594, 5.411116600036621, 0.0]","[185.20993041992188, 4.5, 0.0]",5.555851675911487,4.774110794067383,1.5891819199987278,33.9962686754241,-0.7593642869011612,0.5767699331045151,0.0,0.5767699331045151,0.0
38.770839,"[151.34495544433594, 5.405652046203613, 0.0]","[185.30755615234375, 4.5, 0.0]",5.587704092912994,4.783686637878418,1.5926208500753436,33.98186760531003,-0.7817408818441045,0.5773862823843956,0.0,0.5773862823843956,0.0
38.793542,"[151.45594787597656, 5.40032958984375, 0.0]","[185.4021759033203, 4.5, 0.0]",5.6196487358989,4.796302795410156,1.5972321492952801,33.96864727138595,-0.8040174550345762,0.5788213387131691,0.0,0.5788213387131691,0.0
38.811598,"[151.5675811767578, 5.395075798034668, 0.0]","[185.49842834472656, 4.5, 0.0]",5.649948946549811,4.7988200187683105,1.5150105325455687,33.951874895053514,-0.8233459404887435,0.5489092320203781,0.0,0.5489092320203781,0.0
38.8309,"[151.6798553466797, 5.389861106872559, 0.0]","[185.593017578125, 4.5, 0.0]",5.680314197643586,4.812839984893799,1.518262554688743,33.936166135081315,-0.8511289277815006,0.550011396408081,0.0,0.550011396408081,0.0
38.849819,"[151.79273986816406, 5.384676456451416, 0.0]","[185.68972778320312, 4.5, 0.0]",5.710783463913981,4.813692569732666,1.5234633135197573,33.91821172700912,-0.8674742127497872,0.5518410354852676,0.0,0.5518410354852676,0.0
38.870236,"[151.90623474121094, 5.379518985748291, 0.0]","[185.7862091064453, 4.5, 0.0]",5.741317702425732,4.827860355377197,1.5267119255875539,33.90181137453959,-0.8970908941813152,0.5529948323965073,0.0,0.5529948323965073,0.0
38.891469,"[152.0203399658203, 5.374388217926025, 0.0]","[185.88307189941406, 4.5, 0.0]",5.771956430054148,4.828725814819336,1.5319363814207954,33.884607304745344,-0.913457347048535,0.554865226149559,0.0,0.554865226149559,0.0
38.911169,"[152.1350555419922, 5.3692851066589355, 0.0]","[185.97950744628906, 4.5, 0.0]",5.799977003130064,4.8427629470825195,1.4010286537958105,33.867201851824994,-0.9432306152348122,0.507439635694027,0.0,0.507439635694027,0.0
38.931069,"[152.25038146972656, 5.36421012878418, 0.0]","[186.07662963867188, 4.5, 0.0]",5.828114213909985,4.842573642730713,1.4068605389960354,33.84878238593855,-0.9572140560475448,0.5095358565449715,0.0,0.5095358565449715,0.0
38.950401,"[152.36627197265625, 5.3591628074646, 0.0]","[186.17369079589844, 4.5, 0.0]",5.8563561290408455,4.855712890625,1.4120957565430192,33.83045788338222,-0.9855405711792722,0.5114390328526497,0.0,0.5114390328526497,0.0
38.970768,"[152.48272705078125, 5.354140281677246, 0.0]","[186.27108764648438, 4.5, 0.0]",5.884662054796794,4.855542182922363,1.4152962877974407,33.81152421758633,-1.0006432384158455,0.512593500316143,0.0,0.512593500316143,0.0
38.991749,"[152.59974670410156, 5.349142551422119, 0.0]","[186.36813354492188, 4.5, 0.0]",5.913021528754596,4.868680477142334,1.4179736978900959,33.79237721756259,-1.029119871874431,0.5136269703507423,0.0,0.5136269703507423,0.0
39.010543,"[152.7173309326172, 5.344172477722168, 0.0]","[186.46514892578125, 4.5, 0.0]",5.939105325835076,4.868454933166504,1.304189854023985,33.77233071984842,-1.0443410516122622,0.47250159084796906,0.0,0.47250159084796906,0.0
39.030512,"[152.8354949951172, 5.33923864364624, 0.0]","[186.56222534179688, 4.5, 0.0]",5.965288460942198,4.88133430480957,1.3091567553561223,33.75170566798359,-1.070650392668572,0.47439761459827423,0.0,0.47439761459827423,0.0
39.051657,"[152.9541778564453, 5.334352016448975, 0.0]","[186.66017150878906, 4.5, 0.0]",5.991556181128181,4.880937099456787,1.3133860092991334,33.730581968765804,-1.083954156132628,0.47605451196432114,0.0,0.47605451196432114,0.0
39.071103,"[153.07337951660156, 5.329524040222168, 0.0]","[186.75807189941406, 4.5, 0.0]",6.017871929664667,4.893869400024414,1.315787426824322,33.70983135154609,-1.110619081671394,0.4770548641681671,0.0,0.4770548641681671,0.0
39.092362,"[153.193115234375, 5.32476806640625, 0.0]","[186.85670471191406, 4.5, 0.0]",6.04425843333566,4.893517017364503,1.3193251835496245,33.688542915651695,-1.1240025296402534,0.47856517136096954,0.0,0.47856517136096954,0.0
39.112418,"[153.31338500976562, 5.320098876953125, 0.0]","[186.95480346679688, 4.5, 0.0]",6.0994321055894405,4.906513214111328,2.758683612689028,33.667482271298965,-1.150741415971157,1.0,0.0,1.0,0.0
39.131614,"[153.43418884277344, 5.315532684326172, 0.0]","[187.05303955078125, 4.5, 0.0]",6.154590443465383,4.906551837921143,2.757916893797141,33.64538851405982,-1.1929188914781124,1.0,0.0,1.0,0.0
39.149297,"[153.55609130859375, 5.311066150665283, 0.0]","[187.15109252929688, 4.5, 0.0]",6.209731785703841,4.9199113845825195,2.757067111922895,33.622935972969806,-1.2480386055442407,1.0,0.0,1.0,0.0
39.169983,"[153.67910766601562, 5.3067169189453125, 0.0]","[187.24923706054688, 4.5, 0.0]",6.264856183935029,4.919943809509278,2.7562199115593877,33.599243711026105,-1.2898204011213217,1.0,0.0,1.0,0.0
39.191904,"[153.80323791503906, 5.302504539489746, 0.0]","[187.34837341308594, 4.5, 0.0]",6.319964121314056,4.933377742767334,2.7553968689513653,33.57457348188948,-1.3449123744257507,1.0,0.0,1.0,0.0
39.211782,"[153.928466796875, 5.2984466552734375, 0.0]","[187.44773864746094, 4.5, 0.0]",6.375050547474801,4.933619499206543,2.7543213080372553,33.54982584079372,-1.3865863785467223,1.0,0.0,1.0,0.0
39.231005,"[154.0548095703125, 5.294561386108398, 0.0]","[187.5473175048828, 4.5, 0.0]",6.430125784501645,4.948077201843262,2.7537618513421958,33.524252392723575,-1.4414310482682584,1.0,0.0,1.0,0.0
39.25095,"[154.1822509765625, 5.290869235992432, 0.0]","[187.64683532714844, 4.5, 0.0]",6.4851917285164475,4.949197292327881,2.7532972007401124,33.497819342886885,-1.4820485826583836,1.0,0.0,1.0,0.0
39.272123,"[154.31080627441406, 5.287383556365967, 0.0]","[187.74623107910156, 4.5, 0.0]",6.540251097416815,4.9636406898498535,2.7529684450183556,33.4702640157382,-1.5359944361885667,1.0,0.0,1.0,0.0
39.292039,"[154.4404754638672, 5.284116268157959, 0.0]","[187.84568786621094, 4.5, 0.0]",6.595307250411665,4.968090534210205,2.752807649742506,33.441500656182676,-1.5766104075669611,1.0,0.0,1.0,0.0
39.311364,"[154.5712432861328, 5.281078815460205, 0.0]","[187.9425811767578, 4.5, 0.0]",6.650359700157424,4.972492694854736,2.752622487287981,33.411702630869726,-1.6272167162014597,1.0,0.0,1.0,0.0
39.330926,"[154.703125, 5.278280735015869, 0.0]","[188.04290771484375, 4.5, 0.0]",6.705409521953671,4.988347053527832,2.7524910898123256,33.37825039892757,-1.677867005302688,1.0,0.0,1.0,0.0
39.356265,"[154.8361053466797, 5.275732517242432, 0.0]","[188.14260864257812, 4.5, 0.0]",6.760458207803751,4.9908127784729,2.7524342925040024,33.34710850363501,-1.7170624684258389,1.0,0.0,1.0,0.0
39.372151,"[154.97019958496094, 5.273443698883057, 0.0]","[188.2416534423828, 4.5, 0.0]",6.81550646525531,5.006548881530762,2.7524128725779473,33.31422243958824,-1.7696454293308506,1.0,0.0,1.0,0.0
39.391363,"[155.1053924560547, 5.271424293518066, 0.0]","[188.34475708007812, 4.5, 0.0]",6.87055313761461,5.00932502746582,2.752333617964986,33.27953202059002,-1.8089575837245482,1.0,0.0,1.0,0.0
39.411644,"[155.24168395996094, 5.269686222076416, 0.0]","[188.4427490234375, 4.5, 0.0]",6.925602722124083,5.025144577026367,2.7524792254736585,33.24775086468082,-1.8612281101487893,1.0,0.0,1.0,0.0
39.431084,"[155.37908935546875, 5.268239974975586, 0.0]","[188.54595947265625, 4.5, 0.0]",6.980656998518491,5.029511451721191,2.752713819720398,33.20969805200849,-1.9004581450977156,1.0,0.0,1.0,0.0
39.450841,"[155.51759338378906, 5.267091274261475, 0.0]","[188.646728515625, 4.5, 0.0]",7.035716889796128,5.046952247619629,2.752994563881872,33.17566972021925,-1.9511455467972993,1.0,0.0,1.0,0.0
39.47163,"[155.65721130371094, 5.266245365142822, 0.0]","[188.7459259033203, 4.5, 0.0]",7.090786410942644,5.050890922546387,2.7534760573257877,33.13800921614677,-1.9887646421764993,1.0,0.0,1.0,0.0
39.491236,"[155.7979278564453, 5.265707492828369, 0.0]","[188.84715270996094, 4.5, 0.0]",7.129384434742436,5.0683794021606445,1.9299011899895913,33.09755608907621,-2.0398954883962572,0.7015368342399597,0.0,0.7015368342399597,0.0
39.511285,"[155.9397430419922, 5.265481472015381, 0.0]","[188.94796752929688, 4.5, 0.0]",7.168224487039222,5.072678089141846,1.9420026148393,33.05791192934484,-2.0610050325817912,0.7056789845228195,0.0,0.7056789845228195,0.0
39.530591,"[156.08233642578125, 5.26556921005249, 0.0]","[189.04945373535156, 4.5, 0.0]",7.207253973395225,5.091796875,1.9514743178001837,33.0166232043223,-2.095546397897376,0.7089192420244217,0.0,0.7089192420244217,0.0
39.552247,"[156.22569274902344, 5.265972137451172, 0.0]","[189.1524200439453, 4.5, 0.0]",7.24643035430592,5.097766399383545,1.958819045534721,32.97508255673941,-2.1154570983952254,0.7114071398973465,0.0,0.7114071398973465,0.0
39.569941,"[156.36984252929688, 5.266691207885742, 0.0]","[189.25428771972656, 4.5, 0.0]",7.207207091303789,5.1169352531433105,-1.9611631501065485,32.934105049141365,-2.148663954922375,0.7124834507703781,0.0,0.7124834507703781,0.0
39.591493,"[156.5147705078125, 5.26772928237915, 0.0]","[189.35699462890625, 4.5, 0.0]",7.245732009224672,5.1228718757629395,1.9262458960441542,32.89107419565161,-2.0902718381604783,0.714070275425911,0.0,0.714070275425911,0.0
39.611777,"[156.65892028808594, 5.267453193664551, 0.0]","[189.4594268798828, 4.5, 0.0]",7.284510584248135,5.142285346984863,1.9389287511731634,32.847936700852074,-2.1228601334617325,0.7119230926036835,0.0,0.7119230926036835,0.0
39.63095,"[156.8038330078125, 5.268062591552734, 0.0]","[189.5652313232422, 4.5, 0.0]",7.323348014922947,5.150111198425293,1.941871533740569,32.80557977973944,-2.142225237263272,0.7100586593151093,0.0,0.7100586593151093,0.0
39.650582,"[156.94952392578125, 5.269249439239502, 0.0]","[189.66610717773438, 4.5, 0.0]",7.362198898893432,5.170593738555908,1.9425441985242653,32.765663194195284,-2.1732368164976537,0.708698108792305,0.0,0.708698108792305,0.0
39.670554,"[157.09597778320312, 5.270878314971924, 0.0]","[189.77145385742188, 4.5, 0.0]",7.401012509060231,5.178358554840088,1.9406805083399536,32.71985722225638,-2.1916051603375237,0.7070549577474594,0.0,0.7070549577474594,0.0
39.692912,"[157.2432098388672, 5.272892951965332, 0.0]","[189.87542724609375, 4.5, 0.0]",7.439866965243943,5.1992669105529785,1.942722809185593,32.67756848811533,-2.222653954220143,0.7071439176797867,0.0,0.7071439176797867,0.0
39.712014,"[157.39120483398438, 5.275270938873291, 0.0]","[189.97862243652344, 4.5, 0.0]",7.442049479997826,5.210232734680176,0.10912573769417122,32.63293126079353,-2.2406000546909643,0.04261678550392389,0.0,0.04261678550392389,0.0
39.730788,"[157.53997802734375, 5.278007507324219, 0.0]","[190.0841522216797, 4.5, 0.0]",7.4444990348977145,5.225928783416748,0.12247774499440922,32.5865530650549,-2.2318167453176505,0.04706292413175106,0.0,0.04706292413175106,0.0
39.751729,"[157.68878173828125, 5.281087398529053, 0.0]","[190.1868896484375, 4.5, 0.0]",7.447191775276515,5.2412109375,0.13463701894003144,32.5415269436606,-2.2185702514809664,0.05112703423947096,0.0,0.05112703423947096,0.0
39.770683,"[157.83763122558594, 5.284517288208008, 0.0]","[190.2941436767578, 4.5, 0.0]",7.450060142377546,5.257165431976318,0.14341835505153888,32.493478367039174,-2.205980837776515,0.05400141701102257,0.0,0.05400141701102257,0.0
39.792848,"[157.9865264892578, 5.288297176361084, 0.0]","[190.39735412597656, 4.5, 0.0]",7.453005269273303,5.272517681121826,0.14725634478787164,32.44970197008859,-2.1928947104012275,0.05513403099030256,0.0,0.05513403099030256,0.0
39.813559,"[158.13546752929688, 5.292423725128174, 0.0]","[190.50164794921875, 4.5, 0.0]",7.455793783162872,5.288124084472656,0.13942569447844555,32.4016391542848,-2.180487588151477,0.052006328478455544,0.0,0.052006328478455544,0.0
39.829792,"[158.28445434570312, 5.296891212463379, 0.0]","[190.60821533203125, 4.5, 0.0]",7.458642139630715,5.304814338684082,0.14241782339214915,32.35441858605078,-2.167669698690216,0.05279910285025835,0.0,0.05279910285025835,0.0
39.850633,"[158.43348693847656, 5.301691055297852, 0.0]","[190.71514892578125, 4.5, 0.0]",7.461520646830042,5.321562767028809,0.14392535996634592,32.309233347807954,-2.153827800946633,0.05304282996803522,0.0,0.05304282996803522,0.0
39.870318,"[158.5825653076172, 5.306814193725586, 0.0]","[190.8227081298828, 4.5, 0.0]",7.464443233861876,5.338408470153809,0.14612935159168394,32.26418254718758,-2.1399578798012335,0.05350625142455101,0.0,0.05350625142455101,0.0
39.890968,"[158.731689453125, 5.312249183654785, 0.0]","[190.9296112060547, 4.5, 0.0]",7.4673900121454535,5.355152606964111,0.147338914178885,32.21953091482713,-2.126034763708067,0.053638643585145473,0.0,0.053638643585145473,0.0
39.91055,"[158.88087463378906, 5.317981243133545, 0.0]","[191.0352020263672, 4.5, 0.0]",7.404641682545939,5.37173318862915,-3.137416479975741,32.174007987669725,-2.112237405181342,0.0,0.19291357696056366,0.0,0.19291357696056366
39.931433,"[159.0301055908203, 5.3239970207214355, 0.0]","[191.14353942871094, 4.5, 0.0]",7.34242391842088,5.389072895050049,-3.1108882062529375,32.126956911144376,-2.0329084939167883,0.0,0.1913490891456604,0.0,0.1913490891456604
39.950942,"[159.17807006835938, 5.330225944519043, 0.0]","[191.25204467773438, 4.5, 0.0]",7.280367111156105,5.4064412117004395,-3.102840363238757,32.082466665528564,-1.953351023370831,0.0,0.19090165197849274,0.0,0.19090165197849274
39.970744,"[159.3247833251953, 5.336645126342773, 0.0]","[191.36068725585938, 4.5, 0.0]",7.2183331197670535,5.423831939697266,-3.101699569452565,32.039310708742796,-1.8739258994556653,0.0,0.19086788594722748,0.0,0.19086788594722748
39.992845,"[159.47024536132812, 5.343233585357666, 0.0]","[191.46920776367188, 4.5, 0.0]",7.155891002286531,5.4412031173706055,-3.1221058740261043,31.9974753562725,-1.7945011800697879,0.0,0.19214797019958496,0.0,0.19214797019958496
40.011095,"[159.6144561767578, 5.349968910217285, 0.0]","[191.5767364501953, 4.5, 0.0]",7.0928808688881295,5.458393573760986,-3.1505066699200945,31.956728947676172,-1.714687884915926,0.0,0.19390712678432465,0.0,0.19390712678432465
40.030716,"[159.75741577148438, 5.356829643249512, 0.0]","[191.6868896484375, 4.5, 0.0]",7.0293570899984354,5.475825309753418,-3.1761889444847036,31.916232224482904,-1.6344872951271432,0.0,0.19548800587654114,0.0,0.19548800587654114
40.05217,"[159.89910888671875, 5.363795280456543, 0.0]","[191.79733276367188, 4.5, 0.0]",6.9650421781847065,5.493305683135986,-3.2157455906864474,31.87962605997949,-1.5535317802450175,0.0,0.19790823757648468,0.0,0.19790823757648468
40.072365,"[160.03952026367188, 5.370848655700684, 0.0]","[191.9075927734375, 4.5, 0.0]",6.900094752813932,5.510756969451905,-3.2473712685387124,31.84461678520902,-1.4717364950487202,0.0,0.19984720647335052,0.0,0.19984720647335052
40.093639,"[160.1786346435547, 5.377974987030029, 0.0]","[192.01797485351562, 4.5, 0.0]",6.917230751287242,5.528226375579834,0.8567999236654966,31.810767692525356,-1.389337783362027,0.3092219866812229,0.0,0.3092219866812229,0.0
40.1112,"[160.3164520263672, 5.385159015655518, 0.0]","[192.1271514892578, 4.5, 0.0]",6.933701214233113,5.545429229736328,0.8235231472935478,31.77841441596346,-1.3890043757074082,0.2973201870918274,0.0,0.2973201870918274,0.0
40.13074,"[160.45460510253906, 5.392479419708252, 0.0]","[192.2397003173828, 4.5, 0.0]",6.949709424728043,5.565878391265869,0.8004105247465088,31.746246510327683,-1.388271984496785,0.2890683710575104,0.0,0.2890683710575104,0.0
40.150502,"[160.59307861328125, 5.399934768676758, 0.0]","[192.3513641357422, 4.5, 0.0]",6.965465469231196,5.576192378997803,0.7878022251576411,31.71718613907388,-1.3838310334621742,0.28463514521718025,0.0,0.28463514521718025,0.0
40.169694,"[160.73187255859375, 5.407519817352295, 0.0]","[192.46229553222656, 4.5, 0.0]",6.981105421020017,5.599728107452393,0.7819975894410636,31.686992860393975,-1.3892730902333934,0.2826245501637459,0.0,0.2826245501637459,0.0
40.192407,"[160.8709716796875, 5.415233612060547, 0.0]","[192.57723999023438, 4.5, 0.0]",6.998475122898935,5.610541820526123,0.8684850939458588,31.655812332063768,-1.3813773135676248,0.31410183757543564,0.0,0.31410183757543564,0.0
40.211096,"[161.0103759765625, 5.423075199127197, 0.0]","[192.6871795654297, 4.5, 0.0]",7.015943484775648,5.633793830871582,0.8734180938356761,31.628398385922125,-1.3879333023728115,0.3158910945057869,0.0,0.3158910945057869,0.0
40.230276,"[161.15011596679688, 5.431053638458252, 0.0]","[192.80068969726562, 4.5, 0.0]",7.033567164157358,5.6432576179504395,0.881183969085475,31.595736384689182,-1.382149653904066,0.3187716379761696,0.0,0.3187716379761696,0.0
40.250451,"[161.2902069091797, 5.439164638519287, 0.0]","[192.9138641357422, 4.5, 0.0]",7.051392814395937,5.666006565093994,0.8912825119289813,31.566345903005157,-1.3903095462069182,0.32243750989437103,0.0,0.32243750989437103,0.0
40.269889,"[161.43063354492188, 5.447404384613037, 0.0]","[193.02700805664062, 4.5, 0.0]",7.069417640208037,5.675417423248292,0.9012412906050038,31.53631215075544,-1.385386249301943,0.3260524570941925,0.0,0.3260524570941925,0.0
40.290722,"[161.5714111328125, 5.455770015716553, 0.0]","[193.14111328125, 4.5, 0.0]",7.087754780305108,5.698296546936035,0.9168570048535329,31.505953760818525,-1.3940002169597454,0.3316929563879967,0.0,0.3316929563879967,0.0
40.310849,"[161.71253967285156, 5.464258193969727, 0.0]","[193.2543487548828, 4.5, 0.0]",7.106310206489248,5.707545757293701,0.9277713092069817,31.476246726322618,-1.3894582333690728,0.3356800973415375,0.0,0.3356800973415375,0.0
40.33066,"[161.85403442382812, 5.47286319732666, 0.0]","[193.3697052001953, 4.5, 0.0]",7.125076752534816,5.729079246520996,0.9383273022784078,31.445367489974153,-1.3987644491955464,0.33947233110666275,0.0,0.33947233110666275,0.0
40.350556,"[161.9958953857422, 5.4815802574157715, 0.0]","[193.48439025878906, 4.5, 0.0]",7.144028983513147,5.7371931076049805,0.9476115489165604,31.416289497056415,-1.3959975060138197,0.3428509086370468,0.0,0.3428509086370468,0.0
40.371122,"[162.13812255859375, 5.4904046058654785, 0.0]","[193.5996551513672, 4.5, 0.0]",7.163128083598307,5.7587151527404785,0.9549550042580179,31.38623137740721,-1.4068358759081665,0.3455022722482681,0.0,0.3455022722482681,0.0
40.391022,"[162.28073120117188, 5.499329566955566, 0.0]","[193.71458435058594, 4.5, 0.0]",7.1823798725988635,5.766860961914063,0.9625894500278065,31.356445175325064,-1.4044129308578288,0.3482983633875847,0.0,0.3482983633875847,0.0
40.411509,"[162.4237060546875, 5.5083489418029785, 0.0]","[193.82997131347656, 4.5, 0.0]",7.201264574351854,5.788197040557861,0.9442350876495365,31.326007864652535,-1.4155189106848,0.3416415676474571,0.0,0.3416415676474571,0.0
40.430546,"[162.5670623779297, 5.517455101013184, 0.0]","[193.94598388671875, 4.5, 0.0]",7.220330763211503,5.794806003570557,0.9533094429824196,31.295732794593793,-1.4130675337939929,0.3449392318725586,0.0,0.3449392318725586,0.0
40.451105,"[162.71080017089844, 5.526642322540283, 0.0]","[194.0629119873047, 4.5, 0.0]",7.239495540350818,5.814853668212891,0.9582388569657763,31.265778598907946,-1.425524759640946,0.3467278555035591,0.0,0.3467278555035591,0.0
40.472253,"[162.8549041748047, 5.535904884338379, 0.0]","[194.18077087402344, 4.5, 0.0]",7.2587238269188346,5.82167387008667,0.9614143284008225,31.2364404645269,-1.4246418721379275,0.347885824739933,0.0,0.347885824739933,0.0
40.4912,"[162.9993896484375, 5.545235633850098, 0.0]","[194.297607421875, 4.5, 0.0]",7.221996965903495,5.841710567474365,-1.8363430507669865,31.20775222991826,-1.4370499568321646,0.0,0.11293315142393112,0.0,0.11293315142393112
40.511871,"[163.14425659179688, 5.554626941680908, 0.0]","[194.4141845703125, 4.5, 0.0]",7.185445851742847,5.848128795623779,-1.8275557080324134,31.177757515964473,-1.3802863984291296,0.0,0.11239061504602432,0.0,0.11239061504602432
40.5305,"[163.28839111328125, 5.563997268676758, 0.0]","[194.5313262939453, 4.5, 0.0]",7.148737950990951,5.866344928741455,-1.8353950375947559,31.14722771218096,-1.3373170561190673,0.0,0.11286579817533493,0.0,0.11286579817533493
40.550893,"[163.43179321289062, 5.573341369628906, 0.0]","[194.64913940429688, 4.5, 0.0]",7.111606199721357,5.87129545211792,-1.856587563479728,31.11811457334019,-1.2823930222494964,0.0,0.11416424810886383,0.0,0.11416424810886383
40.570608,"[163.574462890625, 5.5826520919799805, 0.0]","[194.76669311523438, 4.5, 0.0]",7.073942183706891,5.889553546905518,-1.8832008007232837,31.090534813792804,-1.240310747603437,0.0,0.1157945767045021,0.0,0.1157945767045021
40.591477,"[163.71640014648438, 5.591918468475342, 0.0]","[194.8834228515625, 4.5, 0.0]",7.044460320148214,5.894396781921388,-1.4740931779338773,31.063562819459072,-1.1843886368013736,0.0,0.09064054489135742,0.0,0.09064054489135742
40.610862,"[163.85757446289062, 5.601133823394775, 0.0]","[195.0022430419922, 4.5, 0.0]",7.014006754794638,5.912528038024902,-1.5226782676788009,31.03664466939152,-1.150063538226826,0.0,0.09361851960420609,0.0,0.09361851960420609
40.632434,"[163.9981689453125, 5.6103034019470215, 0.0]","[195.120849609375, 4.5, 0.0]",6.9825657983687615,5.915692329406738,-1.5720478212938094,31.012718422999047,-1.1014787167697353,0.0,0.0966513380408287,0.0,0.0966513380408287
40.651845,"[164.13815307617188, 5.619422435760498, 0.0]","[195.2364501953125, 4.5, 0.0]",6.950147741173014,5.931939601898193,-1.6209028597873765,30.989300477746053,-1.0668734689620232,0.0,0.09965041279792786,0.0,0.09965041279792786
40.670892,"[164.2775115966797, 5.628486156463623, 0.0]","[195.35537719726562, 4.5, 0.0]",6.916868104922041,5.938464164733887,-1.6639818125486538,30.963628696719777,-1.0182081392748206,0.0,0.10229819267988205,0.0,0.10229819267988205
40.692671,"[164.41622924804688, 5.6374921798706055, 0.0]","[195.47752380371094, 4.5, 0.0]",6.882655462631162,5.948589324951172,-1.710632114543964,30.94203320809506,-0.9784039401881541,0.0,0.10516175627708435,0.0,0.10516175627708435
40.71339,"[164.5542755126953, 5.646437168121338, 0.0]","[195.59571838378906, 4.5, 0.0]",6.858803668900438,5.958144664764404,-1.1925896865361718,30.92441450059842,-0.9340661376799897,0.0,0.07331312447786331,0.0,0.07331312447786331
40.73145,"[164.69163513183594, 5.655324459075928, 0.0]","[195.71484375, 4.5, 0.0]",6.833671562721584,5.966210842132568,-1.2566053089427154,30.903635769419854,-0.9006590041360338,0.0,0.0772533193230629,0.0,0.0772533193230629
40.751707,"[164.82852172851562, 5.664173603057861, 0.0]","[195.8328857421875, 4.5, 0.0]",6.857198247810878,5.9742045402526855,1.176334254464706,30.884568461849078,-0.8674607205890155,0.42593326419591904,0.0,0.42593326419591904,0.0
40.771648,"[164.96490478515625, 5.67298698425293, 0.0]","[195.95504760742188, 4.5, 0.0]",6.880428619122192,5.982477188110352,1.1615185655657,30.864967669585013,-0.8829937075581924,0.4205802083015442,0.0,0.4205802083015442,0.0
40.792752,"[165.1017608642578, 5.68182897567749, 0.0]","[196.07228088378906, 4.5, 0.0]",6.903483532100833,5.990416526794434,1.152745648932063,30.8500370018785,-0.8979514310118404,0.4173920676112175,0.0,0.4173920676112175,0.0
40.811716,"[165.2390899658203, 5.690701007843018, 0.0]","[196.19129943847656, 4.5, 0.0]",6.92927298013672,5.998287677764893,1.289472401794356,30.829754658669984,-0.9130670053063996,0.46690579503774643,0.0,0.46690579503774643,0.0
40.831766,"[165.3768768310547, 5.699604034423828, 0.0]","[196.31459045410156, 4.5, 0.0]",6.955055317482798,6.004905700683594,1.2891168673038855,30.810811043224888,-0.9309853023718277,0.46678680926561356,0.0,0.46678680926561356,0.0
40.851643,"[165.51516723632812, 5.7085418701171875, 0.0]","[196.43499755859375, 4.5, 0.0]",6.980946447152227,6.011369228363037,1.2945564834714318,30.79569547903297,-0.9501496167992043,0.46874262392520905,0.0,0.46874262392520905,0.0
40.871801,"[165.6539764404297, 5.717515468597412, 0.0]","[196.55519104003906, 4.5, 0.0]",7.006969696398395,6.017821311950684,1.3011624623084028,30.77721651752673,-0.9695772187891896,0.4711383581161499,0.0,0.4711383581161499,0.0
40.896139,"[165.79330444335938, 5.726524829864502, 0.0]","[196.6746368408203, 4.5, 0.0]",7.0313977844824285,6.0242338180542,1.221404404201687,30.75801732929353,-0.9891483844477111,0.44229064136743546,0.0,0.44229064136743546,0.0
40.911293,"[165.9331512451172, 5.735569953918457, 0.0]","[196.7931671142578, 4.5, 0.0]",7.056063357774611,6.030433177947998,1.2332786646091165,30.73756250213772,-1.0071639664282284,0.44656354933977127,0.0,0.44656354933977127,0.0
40.93113,"[166.073486328125, 5.744649410247803, 0.0]","[196.9165496826172, 4.5, 0.0]",7.080935582815392,6.035575866699219,1.2436112520390452,30.715681183875787,-1.0256301798266128,0.4502953216433525,0.0,0.4502953216433525,0.0
40.952999,"[166.2143096923828, 5.753762722015381, 0.0]","[197.03765869140625, 4.5, 0.0]",7.106037287910568,6.040624141693115,1.2550852547588143,30.69815974158786,-1.045359716116173,0.45447543263435364,0.0,0.45447543263435364,0.0
40.970576,"[166.3556365966797, 5.76291036605835, 0.0]","[197.15594482421875, 4.5, 0.0]",7.131330166516164,6.0455546379089355,1.2646439302797852,30.677884275100784,-1.0654131462174528,0.45790936797857285,0.0,0.45790936797857285,0.0
40.991358,"[166.49746704101562, 5.772092342376709, 0.0]","[197.27755737304688, 4.5, 0.0]",7.155231605606178,6.050623416900635,1.195071954500726,30.65429009365351,-1.0857755286072281,0.4327269271016121,0.0,0.4327269271016121,0.0
41.012064,"[166.63980102539062, 5.781308174133301, 0.0]","[197.40028381347656, 4.5, 0.0]",7.179337475414855,6.055593013763428,1.2052934904338564,30.633516258758377,-1.1046081887055434,0.43644294142723083,0.0,0.43644294142723083,0.0
41.031192,"[166.78260803222656, 5.79055643081665, 0.0]","[197.51878356933594, 4.5, 0.0]",7.203627925198765,6.059459686279297,1.2145224891954687,30.61334885294764,-1.1237444616514276,0.43979667127132416,0.0,0.43979667127132416,0.0
41.054207,"[166.92588806152344, 5.7998366355896, 0.0]","[197.64169311523438, 4.5, 0.0]",7.228085917016708,6.063469886779785,1.222899590897164,30.58849206232949,-1.1441682389194678,0.44279318302869797,0.0,0.44279318302869797,0.0
41.071345,"[167.0696563720703, 5.809148788452148, 0.0]","[197.76437377929688, 4.5, 0.0]",7.252658085429613,6.0674729347229,1.2286084206452497,30.56756085594194,-1.1646160302369228,0.4448719322681427,0.0,0.4448719322681427,0.0
41.093736,"[167.2139129638672, 5.818492889404297, 0.0]","[197.88633728027344, 4.5, 0.0]",7.275285130301406,6.074785232543945,1.1313522435896672,30.545912342319074,-1.1851851507067126,0.40965575724840164,0.0,0.40965575724840164,0.0
41.112368,"[167.35865783691406, 5.827868938446045, 0.0]","[198.00672912597656, 4.5, 0.0]",7.29804953300542,6.071963310241699,1.1382201352006849,30.523061021295867,-1.200499897757461,0.4121369495987892,0.0,0.4121369495987892,0.0
41.131328,"[167.5038604736328, 5.837274551391602, 0.0]","[198.1266632080078, 4.5, 0.0]",7.3209075971800806,6.081900119781494,1.142903208733026,30.498151561934304,-1.2260862227637208,0.41382450610399246,0.0,0.41382450610399246,0.0
41.151984,"[167.64952087402344, 5.846709728240967, 0.0]","[198.24839782714844, 4.5, 0.0]",7.3438725577216655,6.078554153442383,1.1482480270792461,30.47232745514392,-1.2390074773985864,0.41578996926546097,0.0,0.41578996926546097,0.0
41.170874,"[167.79563903808594, 5.856174468994141, 0.0]","[198.36936950683594, 4.5, 0.0]",7.366911914957982,6.088520050048828,1.151967861815839,30.447841843124976,-1.2653184042792827,0.4171300306916237,0.0,0.4171300306916237,0.0
41.19209,"[167.9422149658203, 5.865669250488281, 0.0]","[198.49246215820312, 4.5, 0.0]",7.387539008730161,6.085210800170898,1.031354688608932,30.42213661310748,-1.2783918649091541,0.37345897406339645,0.0,0.37345897406339645,0.0
41.214181,"[168.08924865722656, 5.8751935958862305, 0.0]","[198.61378479003906, 4.5, 0.0]",7.40822716027123,6.095170974731445,1.0344075770534644,30.3980887289978,-1.3023282085592625,0.3745664283633232,0.0,0.3745664283633232,0.0
41.230401,"[168.2366943359375, 5.884744644165039, 0.0]","[198.73472595214844, 4.5, 0.0]",7.429058637864986,6.091675281524659,1.041573879687796,30.371815363960746,-1.3130561855397849,0.37714216858148575,0.0,0.37714216858148575,0.0
41.252305,"[168.38455200195312, 5.894322395324707, 0.0]","[198.8572235107422, 4.5, 0.0]",7.449951261847782,6.101553440093994,1.0446311991398005,30.344748473061685,-1.337383356340327,0.3782784193754196,0.0,0.3782784193754196,0.0
41.272527,"[168.53282165527344, 5.903926849365234, 0.0]","[198.98074340820312, 4.5, 0.0]",7.470901219721403,6.098125457763672,1.0474978936810597,30.318821422520287,-1.348397821753788,0.3793131187558174,0.0,0.3793131187558174,0.0
41.293119,"[168.68150329589844, 5.913558006286621, 0.0]","[199.10165405273438, 4.5, 0.0]",7.490213167245501,6.107961177825928,0.9655973762048742,30.293502614166393,-1.3727757619577314,0.34965943545103073,0.0,0.34965943545103073,0.0
41.31244,"[168.8306121826172, 5.923216342926025, 0.0]","[199.2231903076172, 4.5, 0.0]",7.509620696937564,6.1045241355896,0.9703764846031415,30.265167157579032,-1.382251989419573,0.35136736929416656,0.0,0.35136736929416656,0.0
41.331712,"[168.9801025390625, 5.932899475097656, 0.0]","[199.34576416015625, 4.5, 0.0]",7.5290894288838315,6.114795684814453,0.9734365973133929,30.237029245713487,-1.405096561347964,0.3524737060070038,0.0,0.3524737060070038,0.0
41.352188,"[169.12997436523438, 5.942607879638672, 0.0]","[199.46864318847656, 4.5, 0.0]",7.5486365915673534,6.111743450164795,0.9773581341760984,30.209543138009316,-1.4142937440693784,0.35390928387641907,0.0,0.35390928387641907,0.0
41.372201,"[169.28024291992188, 5.952341079711914, 0.0]","[199.5913848876953, 4.5, 0.0]",7.56823728334635,6.1220197677612305,0.9800345889498185,30.181978809550287,-1.4368931414025585,0.35487260669469833,0.0,0.35487260669469833,0.0
41.398267,"[169.43089294433594, 5.962099552154541, 0.0]","[199.71400451660156, 4.5, 0.0]",7.586089119127583,6.1189603805542,0.8925917890616475,30.153881297074022,-1.4462175155851194,0.3232036158442497,0.0,0.3232036158442497,0.0
41.411387,"[169.58193969726562, 5.971883296966553, 0.0]","[199.83518981933594, 4.5, 0.0]",7.604032743838517,6.129291534423828,0.8971812355467179,30.125278303447807,-1.4671287385733827,0.3248845785856247,0.0,0.3248845785856247,0.0
41.43396,"[169.73333740234375, 5.981690406799316, 0.0]","[199.95936584472656, 4.5, 0.0]",7.622041367889205,6.12721586227417,0.9004312025343797,30.094846904522193,-1.474741209414689,0.3260313346982002,0.0,0.3260313346982002,0.0
41.452239,"[169.88510131835938, 5.991520404815674, 0.0]","[200.0828399658203, 4.5, 0.0]",7.6401264846405645,6.138446807861328,0.904255837567991,30.06704915971996,-1.4948255056150348,0.3274359926581383,0.0,0.3274359926581383,0.0
41.471323,"[170.03721618652344, 6.001373767852783, 0.0]","[200.20419311523438, 4.5, 0.0]",7.658267056962445,6.136267185211182,0.9070286160940189,30.03818222570613,-1.5016796767792364,0.3284260258078575,0.0,0.3284260258078575,0.0
41.492476,"[170.189697265625, 6.0112504959106445, 0.0]","[200.32749938964844, 4.5, 0.0]",7.675140415703138,6.147491931915283,0.8436679370346756,30.006848400061095,-1.5219998717512633,0.30547626316547394,0.0,0.30547626316547394,0.0
41.511139,"[170.34254455566406, 6.021150588989258, 0.0]","[200.4502716064453, 4.5, 0.0]",7.69209787095299,6.14552116394043,0.8478727624925853,29.977096201631074,-1.5276484837878552,0.3070014901459217,0.0,0.3070014901459217,0.0
41.530433,"[170.4957275390625, 6.031072616577148, 0.0]","[200.57272338867188, 4.5, 0.0]",7.709131786155733,6.158045291900635,0.8516957601371278,29.94644410700813,-1.5465767070125604,0.30840713530778885,0.0,0.30840713530778885,0.0
41.551408,"[170.6492462158203, 6.041016578674316, 0.0]","[200.69747924804688, 4.5, 0.0]",7.726238333401577,6.157347202301025,0.8553273622922131,29.915135838743375,-1.551086494255098,0.30971016734838486,0.0,0.30971016734838486,0.0
41.572415,"[170.8031005859375, 6.050982475280762, 0.0]","[200.8228302001953, 4.5, 0.0]",7.743392672693019,6.170010089874268,0.8577169645720861,29.885790420272006,-1.5688911311005516,0.310580525547266,0.0,0.310580525547266,0.0
41.591815,"[170.95730590820312, 6.060970306396484, 0.0]","[200.94656372070312, 4.5, 0.0]",7.76061390697871,6.1725969314575195,0.8610617142845722,29.856702440985057,-1.573382582818751,0.31179720535874367,0.0,0.31179720535874367,0.0
41.612262,"[171.11184692382812, 6.070980548858643, 0.0]","[201.0679168701172, 4.5, 0.0]",7.776518216866896,6.178614139556886,0.795215494409307,29.82564877633869,-1.5880169755211906,0.28796153143048286,0.0,0.28796153143048286,0.0
41.630909,"[171.26673889160156, 6.081013202667236, 0.0]","[201.1908416748047, 4.5, 0.0]",7.792499000192318,6.186188220977783,0.799039166271065,29.79188327837012,-1.5979040773100106,0.28934402391314507,0.0,0.28934402391314507,0.0
41.651018,"[171.4219512939453, 6.091066360473633, 0.0]","[201.31524658203125, 4.5, 0.0]",7.808552388592171,6.193852424621582,0.8026694199926521,29.759334482232138,-1.6063107792145344,0.290659386664629,0.0,0.290659386664629,0.0
41.672344,"[171.5774688720703, 6.101140022277832, 0.0]","[201.44085693359375, 4.5, 0.0]",7.824668849855472,6.201591491699219,0.8058230631650787,29.727941603688482,-1.6146999639705886,0.2917950041592121,0.0,0.2917950041592121,0.0
41.692284,"[171.73330688476562, 6.111234664916992, 0.0]","[201.56414794921875, 4.5, 0.0]",7.840846465211494,6.209188461303711,0.8088807678011012,29.697446255562987,-1.6230773581562534,0.2929031662642956,0.0,0.2929031662642956,0.0
41.714604,"[171.8894805908203, 6.121349811553955, 0.0]","[201.6878204345703, 4.5, 0.0]",7.855965157704042,6.21703624725342,0.7559346246273968,29.664315773955007,-1.6316580039077833,0.2737315744161606,0.0,0.2737315744161606,0.0
41.731374,"[172.0459747314453, 6.131485939025879, 0.0]","[201.810791015625, 4.5, 0.0]",7.87115074519092,6.2264509201049805,0.7592793743438797,29.631229651927896,-1.6389289104506224,0.2749450318515301,0.0,0.2749450318515301,0.0
41.752128,"[172.2027587890625, 6.141641616821289, 0.0]","[201.9366912841797, 4.5, 0.0]",7.886380294887351,6.236090183258057,0.76147748482156,29.597121031039812,-1.6446998250859393,0.27573341503739357,0.0,0.27573341503739357,0.0
41.771934,"[172.35984802246094, 6.1518168449401855, 0.0]","[202.06234741210938, 4.5, 0.0]",7.901653841467125,6.245711326599121,0.7636773289886989,29.56564539691779,-1.6502901116292943,0.276531707495451,0.0,0.276531707495451,0.0
41.791731,"[172.51724243164062, 6.162011623382568, 0.0]","[202.18702697753906, 4.5, 0.0]",7.916988538287034,6.255257606506348,0.7667348409954755,29.533620331413214,-1.6559425148680038,0.277633685618639,0.0,0.277633685618639,0.0
41.813126,"[172.67494201660156, 6.172226428985596, 0.0]","[202.31153869628906, 4.5, 0.0]",7.931703972864767,6.265024185180664,0.7357717288866361,29.50031494423358,-1.6617309317806868,0.2664361894130707,0.0,0.2664361894130707,0.0
41.832324,"[172.83294677734375, 6.182460784912109, 0.0]","[202.43605041503906, 4.5, 0.0]",7.946480569240568,6.2765326499938965,0.7388298187900322,29.466536229255805,-1.666679787684103,0.2675439976155758,0.0,0.2675439976155758,0.0
41.851885,"[172.9912567138672, 6.192714214324951, 0.0]","[202.5623321533203, 4.5, 0.0]",7.961297313400317,6.288206100463867,0.740837207987477,29.432451234638172,-1.6699479192466713,0.26827024295926094,0.0,0.26827024295926094,0.0
41.872758,"[173.1498565673828, 6.202986717224121, 0.0]","[202.68966674804688, 4.5, 0.0]",7.976158012064258,6.299977779388428,0.7430349331970287,29.39982774447304,-1.6730912129364501,0.26904014870524406,0.0,0.26904014870524406,0.0
41.892261,"[173.30874633789062, 6.213278770446777, 0.0]","[202.8148651123047, 4.5, 0.0]",7.991077953755596,6.311550617218018,0.7459970845669073,29.367964367702676,-1.6761802326758302,0.27013836428523064,0.0,0.27013836428523064,0.0
41.911396,"[173.4679412841797, 6.223589897155762, 0.0]","[202.9417266845703, 4.5, 0.0]",8.005636673265306,6.323514461517334,0.7279359754854831,29.333677210486055,-1.6795273365375785,0.2635680139064789,0.0,0.2635680139064789,0.0
41.931046,"[173.62742614746094, 6.233920097351074, 0.0]","[203.0736846923828, 4.5, 0.0]",8.020256071027775,6.337769508361816,0.7309698881234894,29.30074545661197,-1.6821222117479717,0.26468897238373756,0.0,0.26468897238373756,0.0
41.952593,"[173.78720092773438, 6.244269371032715, 0.0]","[203.1957244873047, 4.5, 0.0]",8.034908455857883,6.350952625274658,0.7326192415053612,29.27260700429537,-1.682486562665959,0.2652989886701107,0.0,0.2652989886701107,0.0
41.971631,"[173.947265625, 6.254637241363525, 0.0]","[203.32167053222656, 4.5, 0.0]",8.04962200633869,6.364558696746826,0.7356775240404012,29.234282953851295,-1.6839558305832245,0.2663900703191757,0.0,0.2663900703191757,0.0
41.992556,"[174.1076202392578, 6.265024185180664, 0.0]","[203.453125, 4.5, 0.0]",8.06437380894861,6.378759860992432,0.7375901304959243,29.199564532528782,-1.6850633095918646,0.26711124926805496,0.0,0.26711124926805496,0.0
42.011495,"[174.26828002929688, 6.275430202484131, 0.0]","[203.57669067382812, 4.5, 0.0]",8.07915999917782,6.3956499099731445,0.7393095114605508,29.170053928453523,-1.6856139479561776,0.2677319757640362,0.0,0.2677319757640362,0.0
42.031232,"[174.42922973632812, 6.285855293273926, 0.0]","[203.705078125, 4.5, 0.0]",8.093842961054337,6.404729843139649,0.7341480938258371,29.132364770546477,-1.6835100892046757,0.2658289298415184,0.0,0.2658289298415184,0.0
42.061298,"[174.59046936035156, 6.296299457550049, 0.0]","[203.83729553222656, 4.5, 0.0]",8.108575641452397,6.427610397338867,0.7366340199030041,29.099197252676802,-1.6891131179146877,0.2667623944580555,0.0,0.2667623944580555,0.0
42.070898,"[174.75201416015625, 6.3067626953125, 0.0]","[203.96188354492188, 4.5, 0.0]",8.123346512337266,6.436223983764648,0.7385435442434307,29.06956065017311,-1.6809652441135299,0.2674066834151745,0.0,0.2674066834151745,0.0
42.091768,"[174.91384887695312, 6.317245006561279, 0.0]","[204.0927734375, 4.5, 0.0]",8.138155619940703,6.458942413330078,0.740455380171845,29.032004345236246,-1.6871225285726172,0.2680995874106884,0.0,0.2680995874106884,0.0
42.111634,"[175.0759735107422, 6.327746391296387, 0.0]","[204.22177124023438, 4.5, 0.0]",8.153018237375306,6.468307018280029,0.743130871730191,29.00044668891541,-1.6792132066106245,0.26906756684184074,0.0,0.26906756684184074,0.0
42.133015,"[175.2384033203125, 6.338266849517822, 0.0]","[204.35064697265625, 4.5, 0.0]",8.167892367434083,6.492475509643555,0.7437065029388457,28.966709862063173,-1.684711219095277,0.2693198621273041,0.0,0.2693198621273041,0.0
42.151712,"[175.401123046875, 6.348806381225586, 0.0]","[204.4810333251953, 4.5, 0.0]",8.182961426163542,6.503514766693115,0.7534529364729536,28.93254643715117,-1.6754168577905286,0.2728497236967087,0.0,0.2728497236967087,0.0
42.171174,"[175.5641326904297, 6.359365463256836, 0.0]","[204.61204528808594, 4.5, 0.0]",8.198083979313557,6.527973175048828,0.756127657500727,28.899599436133123,-1.6794466594704272,0.27376890182495117,0.0,0.27376890182495117,0.0
42.19201,"[175.72744750976562, 6.369944095611572, 0.0]","[204.74502563476562, 4.5, 0.0]",8.21325624327984,6.539365291595459,0.758613198314162,28.86698616282499,-1.6701108042647288,0.274718776345253,0.0,0.274718776345253,0.0
42.212542,"[175.8910675048828, 6.380542278289795, 0.0]","[204.8758087158203, 4.5, 0.0]",8.228478187241189,6.563981056213379,0.7610971980674286,28.836032352315538,-1.6738909516843812,0.27558326721191406,0.0,0.27558326721191406,0.0
42.231007,"[176.05499267578125, 6.391160011291504, 0.0]","[205.00489807128906, 4.5, 0.0]",8.243749834313503,6.5761804580688485,0.7635823536157105,28.802578576122635,-1.6644971310278098,0.2764909528195858,0.0,0.2764909528195858,0.0
42.251396,"[176.21922302246094, 6.401797294616699, 0.0]","[205.13748168945312, 4.5, 0.0]",8.259159093505122,6.602224826812744,0.7704629595809642,28.767129313085835,-1.6675693762446544,0.27900658547878265,0.0,0.27900658547878265,0.0
42.271414,"[176.38375854492188, 6.412454128265381, 0.0]","[205.26853942871094, 4.5, 0.0]",8.274598922037834,6.614713668823242,0.7719914266355765,28.734861706110213,-1.656934266692378,0.27955902740359306,0.0,0.27955902740359306,0.0
42.291656,"[176.54859924316406, 6.423130989074707, 0.0]","[205.40179443359375, 4.5, 0.0]",8.290088445976222,6.6408538818359375,0.7744761969194158,28.700765109275473,-1.6598852532145916,0.28043344616889954,0.0,0.28043344616889954,0.0
42.311808,"[176.7137451171875, 6.433827877044678, 0.0]","[205.5335235595703, 4.5, 0.0]",8.3056276845835,6.6535515785217285,0.7769619303639175,28.668554847331542,-1.6492345641402846,0.2813420258462429,0.0,0.2813420258462429,0.0
42.331908,"[176.8791961669922, 6.444544792175293, 0.0]","[205.66749572753906, 4.5, 0.0]",8.32121277720243,6.680784225463867,0.7792546309464576,28.634517072933317,-1.652076106061772,0.2821480855345726,0.0,0.2821480855345726,0.0
42.35165,"[177.0449676513672, 6.455281734466553, 0.0]","[205.80136108398438, 4.5, 0.0]",8.337294793056904,6.694669246673585,0.8041007927237054,28.602411314069187,-1.6404285517385624,0.2911348454654217,0.0,0.2911348454654217,0.0
42.370429,"[177.21104431152344, 6.466038703918457, 0.0]","[205.93592834472656, 4.5, 0.0]",8.353399772517301,6.721993446350098,0.8052489730198786,28.56987841536931,-1.6426255463833188,0.29158398509025574,0.0,0.29158398509025574,0.0
42.397914,"[177.37744140625, 6.476816654205322, 0.0]","[206.0717010498047, 4.5, 0.0]",8.369546810827037,6.736169338226318,0.8073519154867981,28.537739106455422,-1.6314063261672036,0.29233723878860474,0.0,0.29233723878860474,0.0
42.414449,"[177.54415893554688, 6.48761510848999, 0.0]","[206.20477294921875, 4.5, 0.0]",8.385735907986106,6.7633185386657715,0.8094548579534511,28.506481598191364,-1.6333774726007189,0.29311222955584526,0.0,0.29311222955584526,0.0
42.432759,"[177.71119689941406, 6.498434543609619, 0.0]","[206.3437957763672, 4.5, 0.0]",8.40194795334051,6.7784814834594735,0.8106022677202063,28.472208350666516,-1.6224173693203348,0.29355140402913094,0.0,0.29355140402913094,0.0
42.451436,"[177.87855529785156, 6.509274959564209, 0.0]","[206.47727966308594, 4.5, 0.0]",8.418576657183682,6.806109428405762,0.8314351921585583,28.443552978075996,-1.6234664698810368,0.30107365921139717,0.0,0.30107365921139717,0.0
42.471824,"[178.04624938964844, 6.52013635635376, 0.0]","[206.61334228515625, 4.5, 0.0]",8.43523592651535,6.820807933807373,0.8329634665834362,28.409048616227384,-1.6124672287779198,0.3015967644751072,0.0,0.3015967644751072,0.0
42.492374,"[178.21426391601562, 6.53101921081543, 0.0]","[206.7508087158203, 4.5, 0.0]",8.45194489510532,6.849057674407959,0.8354484294985198,28.376781249773238,-1.6144279927079772,0.3025182709097862,0.0,0.3025182709097862,0.0
42.511377,"[178.3826141357422, 6.541923522949219, 0.0]","[206.88621520996094, 4.5, 0.0]",8.4687035513957,6.866987705230713,0.8379328145189824,28.34559360492937,-1.6028872206973617,0.30341021716594696,0.0,0.30341021716594696,0.0
42.532976,"[178.55130004882812, 6.552849769592285, 0.0]","[207.0289306640625, 4.5, 0.0]",8.48550808866621,6.889398097991943,0.8402268635254728,28.312014469462664,-1.6017158461649874,0.3042627312242985,0.0,0.3042627312242985,0.0
42.551558,"[178.72032165527344, 6.563797473907471, 0.0]","[207.16635131835938, 4.5, 0.0]",8.503012199157315,6.910977840423584,0.8752055245552448,28.285392085459474,-1.5961099906742664,0.3169441223144531,0.0,0.3169441223144531,0.0
42.571394,"[178.88967895507812, 6.574767112731934, 0.0]","[207.302490234375, 4.5, 0.0]",8.520520116368706,6.9323554039001465,0.8753958605695722,28.253149076272276,-1.5920343587337307,0.3170079365372658,0.0,0.3170079365372658,0.0
42.59165,"[179.05938720703125, 6.585759162902832, 0.0]","[207.44351196289062, 4.5, 0.0]",8.538081528000806,6.954498291015625,0.8780705816049839,28.21929267852118,-1.5881647124685596,0.3179815039038658,0.0,0.3179815039038658,0.0
42.611124,"[179.2294464111328, 6.596774101257324, 0.0]","[207.57968139648438, 4.5, 0.0]",8.555681168646188,6.975818157196045,0.8799820322691332,28.18995513733893,-1.5835832369851808,0.3186437115073204,0.0,0.3186437115073204,0.0
42.631072,"[179.3998565673828, 6.607811450958252, 0.0]","[207.72267150878906, 4.5, 0.0]",8.573322837319946,6.9977221488952654,0.8820834336878747,28.155424270447764,-1.5798630114501435,0.3193845972418785,0.0,0.3193845972418785,0.0
42.65282,"[179.57061767578125, 6.618871688842773, 0.0]","[207.86087036132812, 4.5, 0.0]",8.591002742712249,7.018892288208008,0.8839952696151343,28.127349724230093,-1.5756006884246805,0.32006245106458664,0.0,0.32006245106458664,0.0
42.670994,"[179.74172973632812, 6.629954814910889, 0.0]","[208.00155639648438, 4.5, 0.0]",8.60914521068919,7.0404443740844735,0.9071233988470873,28.094139621510948,-1.5721104545042408,0.328499935567379,0.0,0.328499935567379,0.0
42.692286,"[179.91319274902344, 6.641060829162598, 0.0]","[208.1421356201172, 4.5, 0.0]",8.627306789320164,7.061981678009033,0.9080789315486726,28.063061376760324,-1.5687008366047168,0.3287937864661217,0.0,0.3287937864661217,0.0
42.712976,"[180.08502197265625, 6.652190208435059, 0.0]","[208.2825164794922, 4.5, 0.0]",8.64550660081701,7.083372592926025,0.9099905748422898,28.031524321119367,-1.5653251113111306,0.3295024484395981,0.0,0.3295024484395981,0.0
42.73075,"[180.2572021484375, 6.6633429527282715, 0.0]","[208.42465209960938, 4.5, 0.0]",8.663748444194907,7.104165554046631,0.9120921688948513,27.999423417982584,-1.5621340078909842,0.33026348799467087,0.0,0.33026348799467087,0.0
42.752345,"[180.42974853515625, 6.674519062042236, 0.0]","[208.5679931640625, 4.5, 0.0]",8.682296119678801,7.125134468078614,0.9273837741947233,27.968719763049048,-1.5595828901482758,0.3357803076505661,0.0,0.3357803076505661,0.0
42.772318,"[180.6026611328125, 6.685719013214111, 0.0]","[208.7109375, 4.5, 0.0]",8.70087440302993,7.1460466384887695,0.9289141675564494,27.938853664857636,-1.557161651600187,0.3363555669784546,0.0,0.3363555669784546,0.0
42.79245,"[180.77593994140625, 6.6969428062438965, 0.0]","[208.85391235351562, 4.5, 0.0]",8.71949854424552,7.1669607162475595,0.9312070607794709,27.90822308692753,-1.5548277645411606,0.33719781786203384,0.0,0.33719781786203384,0.0
42.812167,"[180.94960021972656, 6.708190441131592, 0.0]","[208.99583435058594, 4.5, 0.0]",8.738164705784389,7.187573432922363,0.933308076943451,27.877258639589677,-1.55253782799796,0.3379223123192787,0.0,0.3379223123192787,0.0
42.832517,"[181.12362670898438, 6.7194623947143555, 0.0]","[209.14105224609375, 4.5, 0.0]",8.756869088631358,7.20747709274292,0.9352191423484868,27.844859727243392,-1.5505912728620252,0.33865664154291153,0.0,0.33865664154291153,0.0
42.853331,"[181.2980194091797, 6.730758190155029, 0.0]","[209.28546142578125, 4.5, 0.0]",8.775921354728332,7.227268218994141,0.952613304848704,27.815383340424294,-1.5493919958884383,0.34491412341594696,0.0,0.34491412341594696,0.0
42.871696,"[181.47279357910156, 6.7420783042907715, 0.0]","[209.4296112060547, 4.5, 0.0]",8.794973628530492,7.247023582458496,0.9526136901079951,27.784732407849383,-1.5486531357341917,0.3449290245771408,0.0,0.3449290245771408,0.0
42.893382,"[181.64794921875, 6.75342321395874, 0.0]","[209.5758056640625, 4.5, 0.0]",8.814048827412337,7.267059803009033,0.9537599440922584,27.753439835835085,-1.5479500460719962,0.3453608974814415,0.0,0.3453608974814415,0.0
42.912798,"[181.823486328125, 6.764792442321777, 0.0]","[209.72084045410156, 4.5, 0.0]",8.8331622437497,7.2867517471313485,0.9556708168680927,27.723807008177513,-1.5469890244033042,0.3460783138871193,0.0,0.3460783138871193,0.0
42.932305,"[181.99940490722656, 6.776186466217041, 0.0]","[209.86947631835938, 4.5, 0.0]",8.852294790004018,7.308871269226074,0.9566273127159519,27.69263307543879,-1.5464104966183507,0.34638091921806335,0.0,0.34638091921806335,0.0
42.952849,"[182.1757049560547, 6.787605285644531, 0.0]","[210.01382446289062, 4.5, 0.0]",8.871522897233707,7.3204498291015625,0.9614053614844131,27.664671494263576,-1.543423520777944,0.3480907157063484,0.0,0.3480907157063484,0.0
42.971269,"[182.35238647460938, 6.799048900604248, 0.0]","[210.15994262695312, 4.5, 0.0]",8.890770142085465,7.345584392547607,0.9623622425879219,27.63204834343403,-1.551073068132144,0.34849781543016434,0.0,0.34849781543016434,0.0
42.992085,"[182.52944946289062, 6.810517311096191, 0.0]","[210.30763244628906, 4.5, 0.0]",8.910044145705454,7.357585906982422,0.9637001809994494,27.600809236211237,-1.5451857495378576,0.3489476814866066,0.0,0.3489476814866066,0.0
43.013117,"[182.70689392089844, 6.822010517120361, 0.0]","[210.45436096191406, 4.5, 0.0]",8.929367848583674,7.382595062255859,0.9661851439109803,27.570756223127315,-1.5524582387230321,0.3498350828886032,0.0,0.3498350828886032,0.0
43.031133,"[182.8847198486328, 6.833528518676758, 0.0]","[210.60165405273438, 4.5, 0.0]",8.948737420884168,7.392834186553957,0.9684786150247149,27.539361094383487,-1.5467727863278142,0.3506647050380707,0.0,0.3506647050380707,0.0
43.051279,"[183.06292724609375, 6.845071792602539, 0.0]","[210.7508544921875, 4.5, 0.0]",8.968011416799014,7.416625022888184,0.9636997957422899,27.508148180282568,-1.555903234330211,0.3489810973405838,0.0,0.3489810973405838,0.0
43.070982,"[183.2415313720703, 6.856639862060547, 0.0]","[210.8995361328125, 4.5, 0.0]",8.987308333941005,7.427023887634277,0.9648458570995722,27.478455773544365,-1.55138639391083,0.34937039017677307,0.0,0.34937039017677307,0.0
43.091944,"[183.42051696777344, 6.868232727050781, 0.0]","[211.048583984375, 4.5, 0.0]",9.006643491653945,7.450797080993652,0.9667578856469738,27.44784815120909,-1.5602844463067278,0.3500579670071602,0.0,0.3500579670071602,0.0
43.110139,"[183.59988403320312, 6.8798508644104, 0.0]","[211.19723510742188, 4.5, 0.0]",9.026001582151745,7.460983753204346,0.9679045248899953,27.417223699323273,-1.5558464106602923,0.35050123929977417,0.0,0.35050123929977417,0.0
43.130855,"[183.77964782714844, 6.891493797302246, 0.0]","[211.34718322753906, 4.5, 0.0]",9.045405569039794,7.483115196228027,0.9701993444024559,27.385821042959137,-1.5650178289473988,0.3513002395629883,0.0,0.3513002395629883,0.0
43.151619,"[183.9597930908203, 6.903162002563477, 0.0]","[211.49630737304688, 4.5, 0.0]",9.064580197258747,7.491829872131348,0.9587314109476885,27.355315169973128,-1.5622903728117663,0.34716326743364334,0.0,0.34716326743364334,0.0
43.170615,"[184.14031982421875, 6.914855003356934, 0.0]","[211.64920043945312, 4.5, 0.0]",9.083762485149606,7.514264106750488,0.9591143945429259,27.323604739808758,-1.5727503251273998,0.34730829298496246,0.0,0.34730829298496246,0.0
43.191637,"[184.32122802734375, 6.926572799682617, 0.0]","[211.7975616455078, 4.5, 0.0]",9.102979125986904,7.522900581359863,0.9608320418649008,27.295273074812062,-1.5694983783991177,0.3479035943746567,0.0,0.3479035943746567,0.0
43.210007,"[184.5025177001953, 6.938315391540527, 0.0]","[211.94708251953125, 4.5, 0.0]",9.12222635928096,7.5447845458984375,0.9623616647028044,27.26203675109644,-1.5800785446270407,0.34846603870391846,0.0,0.34846603870391846,0.0
43.229477,"[184.6842041015625, 6.950082778930664, 0.0]","[212.09881591796875, 4.5, 0.0]",9.141504177326631,7.551995277404785,0.9638909022835485,27.229575395701787,-1.5774418133825225,0.34899622201919556,0.0,0.34899622201919556,0.0
43.250074,"[184.86627197265625, 6.961874961853027, 0.0]","[212.25018310546875, 4.5, 0.0]",9.160552644408336,7.572503089904785,0.95242335408523,27.19892443661393,-1.5895088999218459,0.34483693540096283,0.0,0.34483693540096283,0.0
43.269941,"[185.04872131347656, 6.973692417144775, 0.0]","[212.40127563476562, 4.5, 0.0]",9.179627866405708,7.579654693603516,0.9537610998686219,27.16752575763259,-1.5880495545035505,0.3453414887189865,0.0,0.3453414887189865,0.0
43.290584,"[185.23155212402344, 6.985534191131592, 0.0]","[212.55398559570312, 4.5, 0.0]",9.198729843318747,7.600287437438965,0.9550988456519249,27.13547068923009,-1.5999731728021924,0.3458207845687866,0.0,0.3458207845687866,0.0
43.310396,"[185.41476440429688, 6.997400760650635, 0.0]","[212.70480346679688, 4.5, 0.0]",9.217854768426905,7.607223033905029,0.9562462554079332,27.104647426433438,-1.5984424058797817,0.34627795219421387,0.0,0.34627795219421387,0.0
43.332085,"[185.59835815429688, 7.009292125701904, 0.0]","[212.85809326171875, 4.5, 0.0]",9.237006448450732,7.626223087310791,0.957584001191325,27.071553755528857,-1.610631734521876,0.34671634435653687,0.0,0.34671634435653687,0.0
43.349869,"[185.78233337402344, 7.0212082862854, 0.0]","[213.0106658935547, 4.5, 0.0]",9.255741454575263,7.631833553314215,0.9367503062265747,27.040544564809675,-1.6107833611399407,0.33916983753442764,0.0,0.33916983753442764,0.0
43.371925,"[185.96669006347656, 7.033149242401123, 0.0]","[213.1634979248047, 4.5, 0.0]",9.274472653979247,7.647463798522949,0.9365599701991911,27.008437435907684,-1.623907901261048,0.33912990242242813,0.0,0.33912990242242813,0.0
43.39208,"[186.1514129638672, 7.045114040374756, 0.0]","[213.3170928955078, 4.5, 0.0]",9.293230608298902,7.663156032562256,0.9378977159827606,26.976206318600692,-1.6270088554562978,0.3395857661962509,0.0,0.3395857661962509,0.0
43.410382,"[186.33651733398438, 7.057103157043457, 0.0]","[213.47203063964844, 4.5, 0.0]",9.312007680977743,7.668745517730713,0.9388536339420384,26.944370700561045,-1.6300745757366464,0.3399330750107765,0.0,0.3399330750107765,0.0
43.430896,"[186.52198791503906, 7.069116592407227, 0.0]","[213.62338256835938, 4.5, 0.0]",9.330815322997923,7.686004638671875,0.9403821010089963,26.913492233569198,-1.6432621632470301,0.34051697701215744,0.0,0.34051697701215744,0.0
43.452594,"[186.7078399658203, 7.0811543464660645, 0.0]","[213.77748107910156, 4.5, 0.0]",9.348988398842135,7.690124034881592,0.9086537922105897,26.87866843225407,-1.644810684326048,0.32904088497161865,0.0,0.32904088497161865,0.0
43.469646,"[186.89407348632812, 7.093216419219971, 0.0]","[213.93051147460938, 4.5, 0.0]",9.367165312227442,7.70750093460083,0.9088456692653679,26.846203225823484,-1.658864363960543,0.32908059656620026,0.0,0.32908059656620026,0.0
43.491686,"[187.08065795898438, 7.105301856994629, 0.0]","[214.08673095703125, 4.5, 0.0]",9.385349869874373,7.7117695808410645,0.9092278823465527,26.81228989374132,-1.659664377626612,0.329214408993721,0.0,0.329214408993721,0.0
43.512759,"[187.26760864257812, 7.117410659790039, 0.0]","[214.24002075195312, 4.5, 0.0]",9.40355353432278,7.7289910316467285,0.9101832224203577,26.781206672905814,-1.6735802890333087,0.32957982271909714,0.0,0.32957982271909714,0.0
43.530795,"[187.45492553710938, 7.129543304443359, 0.0]","[214.39376831054688, 4.5, 0.0]",9.420893277778708,7.731607437133789,0.8669871727963852,26.746833512626484,-1.6745625026760518,0.3139318525791168,0.0,0.3139318525791168,0.0
43.551723,"[187.64260864257812, 7.141699314117432, 0.0]","[214.54937744140625, 4.5, 0.0]",9.43824451074254,7.747669219970703,0.8675616481916393,26.712549591340267,-1.689285840644919,0.31411368399858475,0.0,0.31411368399858475,0.0
43.572365,"[187.83062744140625, 7.1538777351379395, 0.0]","[214.704833984375, 4.5, 0.0]",9.45560719083592,7.750388145446777,0.8681340046689634,26.67975755681846,-1.6905752907718377,0.31432896852493286,0.0,0.31432896852493286,0.0
43.591895,"[188.0189971923828, 7.166078567504883, 0.0]","[214.8603973388672, 4.5, 0.0]",9.473000474943857,7.766447067260742,0.8696642053968695,26.64647506434315,-1.7052190453891427,0.3149217739701271,0.0,0.3149217739701271,0.0
43.612154,"[188.2077178955078, 7.178301811218262, 0.0]","[215.01483154296875, 4.5, 0.0]",9.490420498557123,7.768953800201416,0.8710011806632778,26.612948073115593,-1.7065534076831153,0.3154171258211136,0.0,0.3154171258211136,0.0
43.629262,"[188.3967742919922, 7.190547466278076, 0.0]","[215.17002868652344, 4.5, 0.0]",9.507863451102647,7.783663749694824,0.8721476272762096,26.57794379635475,-1.721466698355707,0.315825417637825,0.0,0.315825417637825,0.0
43.650844,"[188.586181640625, 7.202816009521484, 0.0]","[215.32672119140625, 4.5, 0.0]",9.524645051735853,7.785118579864504,0.8390800316602665,26.543365014322276,-1.724199701407823,0.3037988021969795,0.0,0.3037988021969795,0.0
43.669825,"[188.77593994140625, 7.215106964111328, 0.0]","[215.4825439453125, 4.5, 0.0]",9.541457248678453,7.799860954284668,0.8406098471300361,26.50992500652538,-1.7395264718713488,0.30441541224718094,0.0,0.30441541224718094,0.0
43.69245,"[188.96603393554688, 7.227419376373291, 0.0]","[215.63909912109375, 4.5, 0.0]",9.558292366848125,7.8013081550598145,0.841755908483588,26.475264806275753,-1.7415962943937853,0.30479902401566505,0.0,0.30479902401566505,0.0
43.711592,"[189.15646362304688, 7.239753723144531, 0.0]","[215.79432678222656, 4.5, 0.0]",9.575146607229595,7.815890789031982,0.8427120190734882,26.441001480584934,-1.7569842117883105,0.30512332916259766,0.0,0.30512332916259766,0.0
43.731134,"[189.34722900390625, 7.252110004425049, 0.0]","[215.9518280029297, 4.5, 0.0]",9.592016151544641,7.816242694854736,0.8434772157523085,26.40507523241474,-1.7592558181976123,0.3054012171924114,0.0,0.3054012171924114,0.0
43.752507,"[189.538330078125, 7.2644877433776855, 0.0]","[216.10873413085938, 4.5, 0.0]",9.607853566438456,7.82990026473999,0.7918707446907369,26.37108197246021,-1.7757734566899046,0.2867143042385578,0.0,0.2867143042385578,0.0
43.769713,"[189.72976684570312, 7.2768874168396, 0.0]","[216.26348876953125, 4.5, 0.0]",9.623694818873439,7.830129623413086,0.7920626217491566,26.336158485785766,-1.7779533016984654,0.2868008054792881,0.0,0.2868008054792881,0.0
43.790834,"[189.92152404785156, 7.289307594299316, 0.0]","[216.4231719970703, 4.5, 0.0]",9.639539881881463,7.8439106941223145,0.792253150401212,26.2987504049083,-1.7935651954603529,0.28685281053185463,0.0,0.28685281053185463,0.0
43.810846,"[190.1136016845703, 7.301748275756836, 0.0]","[216.5773162841797, 4.5, 0.0]",9.655407904642479,7.84400749206543,0.7934011380507755,26.26594130773946,-1.7956291877591486,0.28730662539601326,0.0,0.28730662539601326,0.0
43.832037,"[190.3059844970703, 7.314209461212158, 0.0]","[216.73768615722656, 4.5, 0.0]",9.671295030352352,7.856851577758789,0.7943562854936914,26.227281965245645,-1.8114004125770489,0.28762463480234146,0.0,0.28762463480234146,0.0
43.851874,"[190.49868774414062, 7.326691150665283, 0.0]","[216.8923797607422, 4.5, 0.0]",9.686402325800099,7.85947847366333,0.7553647723873347,26.19453112633564,-1.8144434525935633,0.2735075168311596,0.0,0.2735075168311596,0.0
43.871137,"[190.69171142578125, 7.339193344116211, 0.0]","[217.04974365234375, 4.5, 0.0]",9.701513458789071,7.865540504455566,0.7555566494485966,26.155792992089157,-1.826923852136769,0.2735895477235317,0.0,0.2735895477235317,0.0
43.892229,"[190.88504028320312, 7.351715087890625, 0.0]","[217.2072296142578, 4.5, 0.0]",9.71664750144727,7.871607780456543,0.7567021329099255,26.11940088339683,-1.8359729543335046,0.27396781370043755,0.0,0.27396781370043755,0.0
43.911955,"[191.0786590576172, 7.364256381988525, 0.0]","[217.36770629882812, 4.5, 0.0]",9.731796871154744,7.877695083618164,0.7574684853737246,26.082822977435136,-1.8450397209907266,0.27426449581980705,0.0,0.27426449581980705,0.0
43.930209,"[191.2725830078125, 7.376817226409912, 0.0]","[217.5226593017578, 4.5, 0.0]",9.746969158236645,7.882975101470947,0.7586143540950552,26.048938356211266,-1.85410178753658,0.2746601402759552,0.0,0.2746601402759552,0.0
43.950468,"[191.46681213378906, 7.389397621154785, 0.0]","[217.68338012695312, 4.5, 0.0]",9.761132252534741,7.888452529907227,0.7081547149048184,26.009237621918746,-1.8639940567656978,0.25640081614255905,0.0,0.25640081614255905,0.0
43.971762,"[191.66134643554688, 7.4019975662231445, 0.0]","[217.8382110595703, 4.5, 0.0]",9.775295366095932,7.893728733062745,0.70815567805953,25.974985630992904,-1.872679722627515,0.25643719360232353,0.0,0.25643719360232353,0.0
43.991896,"[191.8561553955078, 7.414616107940674, 0.0]","[217.99684143066406, 4.5, 0.0]",9.78948141244198,7.8991341590881365,0.7093023173023738,25.93455087088065,-1.881566633033187,0.2568105608224869,0.0,0.2568105608224869,0.0
44.011454,"[192.05125427246094, 7.427252769470215, 0.0]","[218.15679931640625, 4.5, 0.0]",9.803682739606023,7.904521465301514,0.710066358202166,25.897632318280014,-1.890347253353843,0.25711797177791595,0.0,0.25711797177791595,0.0
44.03032,"[192.2466278076172, 7.439908027648926, 0.0]","[218.31544494628906, 4.5, 0.0]",9.817899362998544,7.909450054168701,0.7108311696260472,25.86174802239374,-1.8991612743045092,0.2573709562420845,0.0,0.2573709562420845,0.0
44.051599,"[192.44229125976562, 7.452581405639648, 0.0]","[218.4739227294922, 4.5, 0.0]",9.83100741435383,7.914372444152832,0.6554025677643516,25.824277083777016,-1.9084493088298426,0.23728461936116219,0.0,0.23728461936116219,0.0
44.070741,"[192.63824462890625, 7.465273380279541, 0.0]","[218.62892150878906, 4.5, 0.0]",9.844115481119706,7.919187068939209,0.6554033382937696,25.786351241289967,-1.9166349702009988,0.2373126894235611,0.0,0.2373126894235611,0.0
44.092293,"[192.83445739746094, 7.477982044219971, 0.0]","[218.7880401611328, 4.5, 0.0]",9.857242635423816,7.924129962921143,0.6563577152054911,25.744661309407565,-1.9249284121804973,0.23766044527292252,0.0,0.23766044527292252,0.0
44.110554,"[193.0309295654297, 7.490707874298096, 0.0]","[218.94894409179688, 4.5, 0.0]",9.870388915792518,7.929101467132569,0.6573140184350734,25.706823316023353,-1.9331126725026735,0.23798707872629166,0.0,0.23798707872629166,0.0
44.130486,"[193.2276611328125, 7.503450870513916, 0.0]","[219.10574340820312, 4.5, 0.0]",9.883550492389757,7.933780193328857,0.6580788298619744,25.67050503972447,-1.9412874486599483,0.238296277821064,0.0,0.238296277821064,0.0
44.15196,"[193.42465209960938, 7.516210556030273, 0.0]","[219.26385498046875, 4.5, 0.0]",9.895848144142068,7.938497066497803,0.6148825876155506,25.62983262333194,-1.9497702990608996,0.2226724848151207,0.0,0.2226724848151207,0.0
44.171169,"[193.6219024658203, 7.528987407684326, 0.0]","[219.42218017578125, 4.5, 0.0]",9.90814579589445,7.943220615386963,0.6148825876191033,25.590210406130982,-1.9573510776442653,0.2226780727505684,0.0,0.2226780727505684,0.0
44.19057,"[193.8194122314453, 7.5417799949646, 0.0]","[219.58212280273438, 4.5, 0.0]",9.920466388137005,7.94799280166626,0.616029612127722,25.5505407768928,-1.9649251805074872,0.22304153069853783,0.0,0.22304153069853783,0.0
44.210034,"[194.0171661376953, 7.554588794708252, 0.0]","[219.74069213867188, 4.5, 0.0]",9.932798469888047,7.952729225158691,0.6166040875521084,25.512224071064356,-1.9724735864707448,0.22329377010464668,0.0,0.22329377010464668,0.0
44.23018,"[194.2151641845703, 7.567413330078125, 0.0]","[219.89854431152344, 4.5, 0.0]",9.945141971799503,7.957483768463136,0.6171750955727973,25.47229477168672,-1.9800692447293553,0.2234535850584507,0.0,0.2234535850584507,0.0
44.249933,"[194.4134063720703, 7.580254077911377, 0.0]","[220.05943298339844, 4.5, 0.0]",9.95669416549841,7.962329864501955,0.5776096849453793,25.431402023915044,-1.987658203336367,0.2091183327138424,0.0,0.2091183327138424,0.0
44.269467,"[194.6118927001953, 7.59311056137085, 0.0]","[220.21783447265625, 4.5, 0.0]",9.968246370755365,7.970434665679932,0.5776102628477275,25.393295999127904,-1.9943643009964553,0.20911818370223045,0.0,0.20911818370223045,0.0
44.290461,"[194.81060791015625, 7.605981826782227, 0.0]","[220.37806701660156, 4.5, 0.0]",9.979810080931562,7.968595027923584,0.5781855088098808,25.352463342952984,-1.9978117050754332,0.2093316614627838,0.0,0.2093316614627838,0.0
44.310072,"[195.00955200195312, 7.618868350982666, 0.0]","[220.53692626953125, 4.5, 0.0]",9.991389048809515,7.980076313018799,0.5789483938976048,25.31322918373705,-2.0112150530079784,0.20961672067642212,0.0,0.20961672067642212,0.0
44.332113,"[195.20872497558594, 7.63176965713501, 0.0]","[220.69822692871094, 4.5, 0.0]",10.00297947922718,7.978536605834963,0.5795215208832971,25.272395215838433,-2.0113127357907157,0.2098405919969082,0.0,0.2098405919969082,0.0
44.351164,"[195.40814208984375, 7.644686222076416, 0.0]","[220.85635375976562, 4.5, 0.0]",10.013935362732397,7.990228176116943,0.5477941752608295,25.233768190056708,-2.0244428733922177,0.1983749121427536,0.0,0.1983749121427536,0.0
44.370538,"[195.6077880859375, 7.657617568969727, 0.0]","[221.01803588867188, 4.5, 0.0]",10.024891215416076,7.9887003898620605,0.5477926341839634,25.19172935688278,-2.0237071866154537,0.19835708662867546,0.0,0.19835708662867546,0.0
44.39379,"[195.80764770507812, 7.670563220977783, 0.0]","[221.17678833007812, 4.5, 0.0]",10.035858565313745,8.000411987304688,0.5483674948834505,25.153008389769617,-2.0361908255540158,0.19858434796333313,0.0,0.19858434796333313,0.0
44.411499,"[196.00772094726562, 7.683522701263428, 0.0]","[221.3363800048828, 4.5, 0.0]",10.046837366193012,7.9988694190979,0.5489400439633307,25.11115103732531,-2.035446578009058,0.198786910623312,0.0,0.198786910623312,0.0
44.430565,"[196.20802307128906, 7.696496486663818, 0.0]","[221.4964141845703, 4.5, 0.0]",10.05781614010335,8.01108455657959,0.5489386955169095,25.069915813810887,-2.0479679470951115,0.19873837009072304,0.0,0.19873837009072304,0.0
44.450705,"[196.40853881835938, 7.709484577178955, 0.0]","[221.65721130371094, 4.5, 0.0]",10.068305646598343,8.009991645812988,0.5244753247496625,25.02889348161889,-2.0467315835237603,0.18989687785506248,0.0,0.18989687785506248,0.0
44.469865,"[196.60926818847656, 7.722486972808838, 0.0]","[221.8175506591797, 4.5, 0.0]",10.078795129977099,8.022218704223633,0.5244741689377719,24.988417748656868,-2.058314000785355,0.18992938101291656,0.0,0.18992938101291656,0.0
44.49362,"[196.81021118164062, 7.73550271987915, 0.0]","[221.97857666015625, 4.5, 0.0]",10.08930373942066,8.021132469177246,0.5254304721781011,24.947271750745312,-2.056576425753466,0.1902265101671219,0.0,0.1902265101671219,0.0
44.511058,"[197.01136779785156, 7.748532295227051, 0.0]","[222.13783264160156, 4.5, 0.0]",10.099819993125818,8.033390998840332,0.5258126852578648,24.90659627653584,-2.0681712702434147,0.1903730072081089,0.0,0.1903730072081089,0.0
44.531289,"[197.21273803710938, 7.761575222015381, 0.0]","[222.30014038085938, 4.5, 0.0]",10.11033241699477,8.032975196838379,0.525621193447634,24.86394105932854,-2.066428994285486,0.1903296262025833,0.0,0.1903296262025833,0.0
44.550668,"[197.414306640625, 7.774631977081299, 0.0]","[222.4622802734375, 4.5, 0.0]",10.120217911243923,8.04588794708252,0.4942747124576208,24.824117828026477,-2.077357220156392,0.17898065969347954,0.0,0.17898065969347954,0.0
44.570356,"[197.6160888671875, 7.7877020835876465, 0.0]","[222.62083435058594, 4.5, 0.0]",10.13010724688748,8.045327186584473,0.4944667821778381,24.783925657688094,-2.0743299641614037,0.17906181514263153,0.0,0.17906181514263153,0.0
44.591431,"[197.8180694580078, 7.800785064697266, 0.0]","[222.78323364257812, 4.5, 0.0]",10.140011847937854,8.05825138092041,0.49523005251872476,24.73994438355252,-2.0847800603030073,0.17929993569850922,0.0,0.17929993569850922,0.0
44.610731,"[198.02024841308594, 7.813880920410156, 0.0]","[222.94688415527344, 4.5, 0.0]",10.14992411636616,8.057987213134766,0.4956134214152641,24.699600199988836,-2.0817604670174443,0.17949281260371208,0.0,0.17949281260371208,0.0
44.629792,"[198.22262573242188, 7.826989650726318, 0.0]","[223.1043243408203, 4.5, 0.0]",10.159851646348532,8.07143497467041,0.4963764991186004,24.660305184030165,-2.091936903231394,0.17970765009522438,0.0,0.17970765009522438,0.0
44.652571,"[198.42520141601562, 7.840111255645752, 0.0]","[223.2704620361328, 4.5, 0.0]",10.169786851414303,8.071921348571777,0.4967602532885529,24.61461470002267,-2.0884166716781216,0.17986152321100235,0.0,0.17986152321100235,0.0
44.671031,"[198.6279754638672, 7.853245735168457, 0.0]","[223.4308624267578, 4.5, 0.0]",10.179209813900211,8.08549690246582,0.4711481242954285,24.577404097964546,-2.0978655028425255,0.17060250043869019,0.0,0.17060250043869019,0.0
44.69184,"[198.83094787597656, 7.866392612457275, 0.0]","[223.5931396484375, 4.5, 0.0]",10.188632784091608,8.085817337036133,0.4711485095698187,24.534270063932063,-2.093712911434391,0.17060643061995506,0.0,0.17060643061995506,0.0
44.711235,"[199.0341033935547, 7.879551887512207, 0.0]","[223.7550506591797, 4.5, 0.0]",10.198071035100696,8.099571228027344,0.47191255045442304,24.49281084570275,-2.102815447055475,0.17085758969187737,0.0,0.17085758969187737,0.0
44.730549,"[199.23745727539062, 7.892723560333252, 0.0]","[223.9144287109375, 4.5, 0.0]",10.20751693037137,8.100579261779785,0.47229476353365385,24.450800675689138,-2.0984998070733525,0.17101982608437538,0.0,0.17101982608437538,0.0
44.750845,"[199.4409942626953, 7.905907154083252, 0.0]","[224.07533264160156, 4.5, 0.0]",10.21674491795447,8.114996910095215,0.46139937915503637,24.406066077073106,-2.106937668591584,0.16704246401786804,0.0,0.16704246401786804,0.0
44.768817,"[199.64471435546875, 7.919103145599365, 0.0]","[224.2375946044922, 4.5, 0.0]",10.225969121934225,8.116144180297852,0.4612101989877715,24.362669346827246,-2.101748007859255,0.16699055209755898,0.0,0.16699055209755898,0.0
44.791236,"[199.84861755371094, 7.932311058044434, 0.0]","[224.40147399902344, 4.5, 0.0]",10.235200962470106,8.130705833435059,0.4615920267940332,24.32044428211988,-2.109824941636374,0.16714747995138168,0.0,0.16714747995138168,0.0
44.810463,"[200.05270385742188, 7.945530891418457, 0.0]","[224.56385803222656, 4.5, 0.0]",10.24444040488733,8.135292053222656,0.4619721208611871,24.279650438092773,-2.1044951290350475,0.16724823042750359,0.0,0.16724823042750359,0.0
44.82948,"[200.25697326660156, 7.9587626457214355, 0.0]","[224.72547912597656, 4.5, 0.0]",10.253687533946374,8.143908500671387,0.4623564529522284,24.237180866824815,-2.1091483516646736,0.16742443665862083,0.0,0.16742443665862083,0.0
44.850126,"[200.46144104003906, 7.972006320953369, 0.0]","[224.88943481445312, 4.5, 0.0]",10.262812323998387,8.15264892578125,0.4562395026006527,24.19376578830451,-2.1097790332749877,0.16517546027898788,0.0,0.16517546027898788,0.0
44.870283,"[200.6660919189453, 7.985261917114258, 0.0]","[225.0524444580078, 4.5, 0.0]",10.271940936181199,8.16133975982666,0.456430609140579,24.152482371083508,-2.1101633982171375,0.16526034101843834,0.0,0.16526034101843834,0.0
44.890439,"[200.8709259033203, 7.998528957366943, 0.0]","[225.21961975097656, 4.5, 0.0]",10.281077184920068,8.170251846313477,0.4568124369434656,24.110071394273525,-2.110601176354539,0.1654270850121975,0.0,0.1654270850121975,0.0
44.910595,"[201.075927734375, 8.011808395385742, 0.0]","[225.3790740966797, 4.5, 0.0]",10.290221070214988,8.178847312927246,0.457194264745997,24.071634567571216,-2.110825338606592,0.16554057598114014,0.0,0.16554057598114014,0.0
44.930289,"[201.28111267089844, 8.025099754333496, 0.0]","[225.54367065429688, 4.5, 0.0]",10.299368769935173,8.188456535339355,0.45738498600922384,24.025323970038784,-2.1113737572877422,0.16560973599553108,0.0,0.16560973599553108,0.0
44.950903,"[201.48648071289062, 8.038402557373047, 0.0]","[225.7080841064453, 4.5, 0.0]",10.308485892609106,8.198054313659668,0.4558561336966527,23.983961337627253,-2.1109122345958173,0.16505127772688866,0.0,0.16505127772688866,0.0
44.969349,"[201.69203186035156, 8.051717758178711, 0.0]","[225.87171936035156, 4.5, 0.0]",10.317595371021477,8.207606315612795,0.4554739206185765,23.9422325203903,-2.110431578949438,0.16491787508130074,0.0,0.16491787508130074,0.0
44.990853,"[201.89776611328125, 8.065044403076172, 0.0]","[226.0364532470703, 4.5, 0.0]",10.32671249369541,8.217223167419434,0.4558561336966527,23.899542928334004,-2.1099890554086826,0.165054053068161,0.0,0.165054053068161,0.0
45.009557,"[202.1036834716797, 8.07838249206543, 0.0]","[226.20022583007812, 4.5, 0.0]",10.335833426941846,8.226863861083984,0.45604666232179625,23.85776688793879,-2.109489326275977,0.16515353694558144,0.0,0.16515353694558144,0.0
45.029403,"[202.30978393554688, 8.0917329788208, 0.0]","[226.36410522460938, 4.5, 0.0]",10.344965838138904,8.237107276916504,0.45662055985289385,23.814848091897858,-2.108969565857862,0.1653420552611351,0.0,0.1653420552611351,0.0
45.05101,"[202.5160675048828, 8.105094909667969, 0.0]","[226.53086853027344, 4.5, 0.0]",10.354144114905342,8.24753189086914,0.4589138383218838,23.77185236008723,-2.1078585612224003,0.1661631092429161,0.0,0.1661631092429161,0.0
45.069073,"[202.7225341796875, 8.118468284606934, 0.0]","[226.69647216796875, 4.5, 0.0]",10.363326229213596,8.25788402557373,0.45910571541272205,23.73155173184652,-2.1066122240362013,0.1662643998861313,0.0,0.1662643998861313,0.0
45.090896,"[202.92918395996094, 8.131854057312012, 0.0]","[226.8608856201172, 4.5, 0.0]",10.372512161799873,8.268160820007324,0.4592966293138545,23.689909714217627,-2.105442203639866,0.166317168623209,0.0,0.166317168623209,0.0
45.109435,"[203.13601684570312, 8.145251274108887, 0.0]","[227.02537536621094, 4.5, 0.0]",10.381705742500474,8.278499603271484,0.45967903503001395,23.646896476105667,-2.1043513417925492,0.16646075993776321,0.0,0.16646075993776321,0.0
45.129614,"[203.34303283691406, 8.158660888671875, 0.0]","[227.1930694580078, 4.5, 0.0]",10.390906952051596,8.289480209350586,0.46006047755611235,23.603775910111157,-2.1032061392289894,0.166558176279068,0.0,0.166558176279068,0.0
45.149959,"[203.55023193359375, 8.17208194732666, 0.0]","[227.35939025878906, 4.5, 0.0]",10.400230485198763,8.300371170043945,0.46617665735837477,23.563669464783427,-2.10142674270101,0.16877703368663788,0.0,0.16877703368663788,0.0
45.16949,"[203.7576141357422, 8.185515403747559, 0.0]","[227.52359008789062, 4.5, 0.0]",10.409561662607496,8.31112289428711,0.4665588704366286,23.52200913806886,-2.099859315154818,0.16890821978449821,0.0,0.16890821978449821,0.0
45.191412,"[203.96517944335938, 8.198960304260254, 0.0]","[227.6943359375, 4.5, 0.0]",10.41889669296908,8.32230281829834,0.46675151807917814,23.478048751252675,-2.0984387683203867,0.168991107493639,0.0,0.168991107493639,0.0
45.210286,"[204.1729278564453, 8.212417602539062, 0.0]","[227.85589599609375, 4.5, 0.0]",10.428231723330669,8.332905769348145,0.4667515180794446,23.440437233246783,-2.0965938746707398,0.1690327562391758,0.0,0.1690327562391758,0.0
45.229227,"[204.38087463378906, 8.225887298583984, 0.0]","[228.02252197265625, 4.5, 0.0]",10.437574382542781,8.347357749938965,0.4671329606056318,23.393474913018263,-2.095325953982524,0.1691615954041481,0.0,0.1691615954041481,0.0
45.249867,"[204.58900451660156, 8.239368438720703, 0.0]","[228.19215393066406, 4.5, 0.0]",10.447085246331353,8.352007865905762,0.4755431894285955,23.3513698615279,-2.0902166326038163,0.17219601199030876,0.0,0.17219601199030876,0.0
45.27005,"[204.7973175048828, 8.252861976623535, 0.0]","[228.35813903808594, 4.5, 0.0]",10.456603769792538,8.3697509765625,0.4759261730592712,23.312081042895734,-2.0950773804255913,0.1723337545990944,0.0,0.1723337545990944,0.0
45.290628,"[205.00582885742188, 8.26636791229248, 0.0]","[228.5255889892578, 4.5, 0.0]",10.466126115384517,8.374256134033205,0.476117279598931,23.268969476294018,-2.0868527932300385,0.17241433262825012,0.0,0.17241433262825012,0.0
45.311655,"[205.2145233154297, 8.279886245727539, 0.0]","[228.69635009765625, 4.5, 0.0]",10.47565225228516,8.392301559448242,0.4763068450321484,23.227120939262395,-2.091869981351312,0.1724456250667572,0.0,0.1724456250667572,0.0
45.329645,"[205.42340087890625, 8.293416976928711, 0.0]","[228.86167907714844, 4.5, 0.0]",10.485182226727641,8.396553039550781,0.4764987221240524,23.18839311102194,-2.083350692836918,0.17255771905183792,0.0,0.17255771905183792,0.0
45.350587,"[205.63247680664062, 8.30695915222168, 0.0]","[229.03375244140625, 4.5, 0.0]",10.494788659196796,8.41458511352539,0.48032162345776896,23.14406098998517,-2.08862918717686,0.17393827438354492,0.0,0.17393827438354492,0.0
45.370305,"[205.84173583984375, 8.320513725280762, 0.0]","[229.2010955810547, 4.5, 0.0]",10.504402705105395,8.418970108032227,0.4807022954299356,23.106260460248734,-2.080203545671406,0.1740296557545662,0.0,0.1740296557545662,0.0
45.389706,"[206.0511932373047, 8.334080696105957, 0.0]","[229.36679077148438, 4.5, 0.0]",10.514016762572291,8.436580657958984,0.4807028733448071,23.063557491594956,-2.0854325970731686,0.17409276217222214,0.0,0.17409276217222214,0.0
45.411985,"[206.26084899902344, 8.347660064697266, 0.0]","[229.53863525390625, 4.5, 0.0]",10.523638468153514,8.441191673278809,0.4810852790611442,23.019009854624446,-2.077436104613307,0.1742258109152317,0.0,0.1742258109152317,0.0
45.431118,"[206.47068786621094, 8.361251831054688, 0.0]","[229.70379638671875, 4.5, 0.0]",10.533263995865521,8.458269119262695,0.4812763856003599,22.980399187509608,-2.0824467948747056,0.17429446801543236,0.0,0.17429446801543236,0.0
45.449356,"[206.68072509765625, 8.374856948852539, 0.0]","[229.87379455566406, 4.5, 0.0]",10.543195340273154,8.46231460571289,0.4965672203816496,22.93493633362596,-2.074994876602826,0.1798231154680252,0.0,0.1798231154680252,0.0
45.470658,"[206.8909454345703, 8.388474464416504, 0.0]","[230.04310607910156, 4.5, 0.0]",10.553119048124747,8.479653358459473,0.4961853925796511,22.894101587938177,-2.080880734560264,0.17967980355024338,0.0,0.17967980355024338,0.0
45.49085,"[207.1013641357422, 8.402104377746582, 0.0]","[230.21359252929688, 4.5, 0.0]",10.563050407943424,8.483729362487793,0.496567990933805,22.852398108774082,-2.073465689665275,0.17980942502617836,0.0,0.17980942502617836,0.0
45.512706,"[207.31198120117188, 8.415746688842773, 0.0]","[230.38546752929688, 4.5, 0.0]",10.572985574481839,8.501117706298828,0.4967583269207765,22.811668348491768,-2.0793210454556306,0.17986971884965897,0.0,0.17986971884965897,0.0
45.530589,"[207.52279663085938, 8.429402351379395, 0.0]","[230.55210876464844, 4.5, 0.0]",10.582928588258543,8.504125595092773,0.49715068883520175,22.772124764477297,-2.071867868183011,0.1799912005662918,0.0,0.1799912005662918,0.0
45.55098,"[207.7338104248047, 8.443070411682129, 0.0]","[230.72308349609375, 4.5, 0.0]",10.592825337221196,8.520721435546875,0.49483744813265673,22.727160266009104,-2.0788029931657697,0.1791619509458542,0.0,0.1791619509458542,0.0
45.570501,"[207.9450225830078, 8.456748008728027, 0.0]","[230.8931884765625, 4.5, 0.0]",10.602715125731587,8.523931503295898,0.4944894255195287,22.686321450336912,-2.0721039016743212,0.1790781319141388,0.0,0.1790781319141388,0.0
45.591044,"[208.15643310546875, 8.470423698425293, 0.0]","[231.06492614746094, 4.5, 0.0]",10.612609159623362,8.540572166442871,0.4947016945887839,22.644428432567484,-2.0787836224356884,0.1791972666978836,0.0,0.1791972666978836,0.0
45.609388,"[208.3680419921875, 8.484088897705078, 0.0]","[231.23472595214844, 4.5, 0.0]",10.622515784297486,8.543639183044434,0.4953312337061533,22.604009674415042,-2.0720369931804914,0.179371926933527,0.0,0.179371926933527,0.0
45.629732,"[208.57984924316406, 8.4977388381958, 0.0]","[231.40646362304688, 4.5, 0.0]",10.63243218340282,8.559183120727539,0.4958199552667075,22.561532663349226,-2.078876601253052,0.17958780750632286,0.0,0.17958780750632286,0.0
45.649853,"[208.79185485839844, 8.511368751525879, 0.0]","[231.57786560058594, 4.5, 0.0]",10.6423641763005,8.561373710632324,0.49659964488402153,22.52087957988749,-2.0732490626752806,0.1798771321773529,0.0,0.1798771321773529,0.0
45.670538,"[209.0040740966797, 8.524974822998047, 0.0]","[231.7482147216797, 4.5, 0.0]",10.652303551719209,8.5768461227417,0.49696877093543534,22.47979479052303,-2.080990465668176,0.1800394058227539,0.0,0.1800394058227539,0.0
45.691447,"[209.21649169921875, 8.538553237915039, 0.0]","[231.9209747314453, 4.5, 0.0]",10.65166953636126,8.579107284545898,-0.03170076789746901,22.43755399832481,-2.0754574289775096,0.18011141568422318,0.0,0.18011141568422318,0.0
45.710572,"[209.42910766601562, 8.552101135253906, 0.0]","[232.0924530029297, 4.5, 0.0]",10.651237363397595,8.594490051269531,-0.0216086481832356,22.397635598102923,-2.072562251815361,0.18022829666733742,0.0,0.18022829666733742,0.0
45.730498,"[209.64157104492188, 8.567628860473633, 0.0]","[232.26443481445312, 4.5, 0.0]",10.660337397861115,8.598784446716309,0.4550017231760073,22.356352409748034,-2.0567473121280635,0.17989708110690117,0.0,0.17989708110690117,0.0
45.74973,"[209.8538818359375, 8.584976196289062, 0.0]","[232.43588256835938, 4.5, 0.0]",10.670107758816846,8.606388092041016,0.48851804778653474,22.309763363648607,-2.0615529511448063,0.18143920227885246,0.0,0.18143920227885246,0.0
45.770353,"[210.06646728515625, 8.601141929626465, 0.0]","[232.60887145996094, 4.5, 0.0]",10.679988966879293,8.61406135559082,0.494060403122365,22.256559746268074,-2.06371966677583,0.18060015514492989,0.0,0.18060015514492989,0.0
45.790094,"[210.279296875, 8.616789817810059, 0.0]","[232.7815399169922, 4.5, 0.0]",10.689886232244364,8.621719360351562,0.49486326825354254,22.207475786614616,-2.0659276112884726,0.18012888729572296,0.0,0.18012888729572296,0.0
45.811914,"[210.49234008789062, 8.632227897644043, 0.0]","[232.95396423339844, 4.5, 0.0]",10.699783709053497,8.629210472106934,0.4948738404566555,22.16014182819238,-2.0681668718928012,0.17986711114645004,0.0,0.17986711114645004,0.0
45.829481,"[210.70558166503906, 8.647575378417969, 0.0]","[233.12648010253906, 4.5, 0.0]",10.709676902012221,8.63553524017334,0.4946596479362242,22.11419117604263,-2.0705732369465633,0.17966259270906448,0.0,0.17966259270906448,0.0
45.850416,"[210.91903686523438, 8.662869453430176, 0.0]","[233.29983520507812, 4.5, 0.0]",10.719614788331896,8.641889572143555,0.49689431598372025,22.069578632299006,-2.0741416618388815,0.18036948516964912,0.0,0.18036948516964912,0.0
45.869633,"[211.1326904296875, 8.678114891052246, 0.0]","[233.47193908691406, 4.5, 0.0]",10.729555008953781,8.648198127746582,0.49701103109427436,22.026724389372934,-2.077725216188341,0.1803419180214405,0.0,0.1803419180214405,0.0
45.890744,"[211.34654235839844, 8.693304061889648, 0.0]","[233.64572143554688, 4.5, 0.0]",10.739504049517093,8.654568672180178,0.4974520281655792,21.983314139038594,-2.081356881207199,0.18044065684080124,0.0,0.18044065684080124,0.0
45.910968,"[211.5605926513672, 8.708427429199219, 0.0]","[233.81773376464844, 4.5, 0.0]",10.749466978665213,8.660720825195312,0.4981464574060013,21.942076401765117,-2.0849353773369153,0.18063629046082497,0.0,0.18063629046082497,0.0
45.930558,"[211.7748565673828, 8.723477363586426, 0.0]","[233.9913330078125, 4.5, 0.0]",10.759441164380279,8.66570281982422,0.4987092857533071,21.89942658209069,-2.0887461534699003,0.18078044056892395,0.0,0.18078044056892395,0.0
45.950276,"[211.98931884765625, 8.738448143005371, 0.0]","[234.16514587402344, 4.5, 0.0]",10.76905319276859,8.67069149017334,0.48060141941554946,21.858577102581144,-2.0937383445560585,0.17420263960957527,0.0,0.17420263960957527,0.0
45.969051,"[212.20399475097656, 8.75334644317627, 0.0]","[234.3382110595703, 4.5, 0.0]",10.778666839500303,8.675658226013184,0.4806823365856694,21.818089990205138,-2.09836170259525,0.17421668395400047,0.0,0.17421668395400047,0.0
45.990559,"[212.4188690185547, 8.768179893493652, 0.0]","[234.51254272460938, 4.5, 0.0]",10.788297437068588,8.68066120147705,0.4815298784142108,21.77691614762704,-2.1030086134871198,0.17449218779802322,0.0,0.17449218779802322,0.0
46.010577,"[212.63394165039062, 8.782953262329102, 0.0]","[234.68685913085938, 4.5, 0.0]",10.797941420314624,8.685504913330078,0.4821991623018107,21.737019775797055,-2.107636235591537,0.17468374222517014,0.0,0.17468374222517014,0.0
46.031181,"[212.84921264648438, 8.797669410705566, 0.0]","[234.8612823486328, 4.5, 0.0]",10.807598235705186,8.68917465209961,0.4828407695280923,21.69707609159022,-2.1124365069845457,0.1749206893146038,0.0,0.1749206893146038,0.0
46.049745,"[213.06466674804688, 8.81233024597168, 0.0]","[235.0340118408203, 4.5, 0.0]",10.816772600368274,8.692809104919434,0.4587182331544426,21.65716745942566,-2.1184235836055763,0.1661851815879345,0.0,0.1661851815879345,0.0
46.070126,"[213.2803192138672, 8.826935768127441, 0.0]","[235.20790100097656, 4.5, 0.0]",10.825943233272795,8.696467399597168,0.4585316452260457,21.615483537845172,-2.123963495448841,0.16612017527222633,0.0,0.16612017527222633,0.0
46.089803,"[213.4961700439453, 8.841484069824219, 0.0]","[235.38235473632812, 4.5, 0.0]",10.835128801532408,8.700138092041016,0.45927841298061267,21.574834672491587,-2.1294758336756274,0.16637500375509262,0.0,0.16637500375509262,0.0
46.110465,"[213.7122039794922, 8.855973243713379, 0.0]","[235.55897521972656, 4.5, 0.0]",10.84432483461994,8.703688621520996,0.4598016543766015,21.53461115708258,-2.134990709491392,0.16655927523970604,0.0,0.16655927523970604,0.0
46.12938,"[213.9284210205078, 8.870402336120605, 0.0]","[235.7302703857422, 4.5, 0.0]",10.853532017836827,8.706067085266113,0.460359160844348,21.496415932071493,-2.1406362130989436,0.166754312813282,0.0,0.166754312813282,0.0
46.150594,"[214.14483642578125, 8.884767532348633, 0.0]","[235.90562438964844, 4.5, 0.0]",10.862160532589783,8.711836814880371,0.4314257376478281,21.45276374120229,-2.1474649325707134,0.15629999339580536,0.0,0.15629999339580536,0.0
46.170479,"[214.36143493652344, 8.899065971374512, 0.0]","[236.0778350830078, 4.5, 0.0]",10.870794177864514,8.707559585571289,0.4316822637365547,21.413000942446047,-2.150323717709412,0.1564321480691433,0.0,0.1564321480691433,0.0
46.191103,"[214.57821655273438, 8.913290977478027, 0.0]","[236.25302124023438, 4.5, 0.0]",10.87942994869926,8.716660499572754,0.4317885417372658,21.36995128245937,-2.1632345922932252,0.15651287510991096,0.0,0.15651287510991096,0.0
46.209535,"[214.795166015625, 8.9274320602417, 0.0]","[236.4273223876953, 4.5, 0.0]",10.888064798788307,8.712271690368652,0.4317425044523482,21.32974253290871,-2.1627694491265057,0.15655452385544777,0.0,0.15655452385544777,0.0
46.230868,"[215.01229858398438, 8.94147777557373, 0.0]","[236.6020050048828, 4.5, 0.0]",10.896705351154997,8.720141410827637,0.4320276183345406,21.288560042523667,-2.1757931084196542,0.15667719766497612,0.0,0.15667719766497612,0.0
46.251403,"[215.2296142578125, 8.955418586730957, 0.0]","[236.7762451171875, 4.5, 0.0]",10.90461844980459,8.714672088623047,0.3956549324795944,21.247679514490926,-2.1765639403273607,0.14359768480062485,0.0,0.14359768480062485,0.0
46.269818,"[215.44711303710938, 8.969243049621582, 0.0]","[236.95077514648438, 4.5, 0.0]",10.912524397251977,8.722540855407715,0.39529737236936313,21.20630832582806,-2.1899463611815424,0.1435746531933546,0.0,0.1435746531933546,0.0
46.290164,"[215.66477966308594, 8.982940673828125, 0.0]","[237.1255340576172, 4.5, 0.0]",10.920442786195919,8.717074394226076,0.3959194471971017,21.165208496338085,-2.1899835418442617,0.14373164623975754,0.0,0.14373164623975754,0.0
46.311368,"[215.8826141357422, 8.996501922607422, 0.0]","[237.29946899414062, 4.5, 0.0]",10.928363786926804,8.724813461303711,0.39605003654425985,21.124360003991832,-2.2033683919698426,0.14386671595275402,0.0,0.14386671595275402,0.0
46.329769,"[216.10061645507812, 9.009926795959473, 0.0]","[237.47457885742188, 4.5, 0.0]",10.93628201784195,8.718266487121582,0.39591154575733256,21.082727538357616,-2.203550325623093,0.14386300928890705,0.0,0.14386300928890705,0.0
46.351062,"[216.31878662109375, 9.023202896118164, 0.0]","[237.6490936279297, 4.5, 0.0]",10.943624589329167,8.725054740905762,0.3671285743608088,21.04229624243712,-2.2180155307203684,0.13349645771086216,0.0,0.13349645771086216,0.0
46.371139,"[216.53712463378906, 9.036319732666016, 0.0]","[237.82334899902344, 4.5, 0.0]",10.950969489126713,8.718505859375,0.36724498987732446,21.001315095962546,-2.218569848423405,0.13358688913285732,0.0,0.13358688913285732,0.0
46.389877,"[216.755615234375, 9.049266815185547, 0.0]","[237.99819946289062, 4.5, 0.0]",10.958313918830846,8.72529411315918,0.3672214852066702,20.960135695589347,-2.232463629751713,0.13369022868573666,0.0,0.13369022868573666,0.0
46.410777,"[216.97425842285156, 9.062034606933594, 0.0]","[238.17343139648438, 4.5, 0.0]",10.965653680570037,8.71861743927002,0.366988086959541,20.91963007697158,-2.233019805671667,0.13368518091738224,0.0,0.13368518091738224,0.0
46.428853,"[217.1930694580078, 9.074609756469727, 0.0]","[238.34579467773438, 4.5, 0.0]",10.972994780440184,8.724376678466797,0.36705499350730975,20.87959823171665,-2.247036241300018,0.1337149739265442,0.0,0.1337149739265442,0.0
46.451679,"[217.4120330810547, 9.086982727050781, 0.0]","[238.5212860107422, 4.5, 0.0]",10.979436110985912,8.71678352355957,0.32206652728641316,20.836797900001343,-2.2486181019733866,0.11747059412300587,0.0,0.11747059412300587,0.0
46.471323,"[217.6311492919922, 9.09914493560791, 0.0]","[238.69509887695312, 4.5, 0.0]",10.985880501761404,8.722535133361816,0.3222195387746041,20.797225485696035,-2.2626525874263415,0.11755522340536118,0.0,0.11755522340536118,0.0
46.491743,"[217.8504180908203, 9.111087799072266, 0.0]","[238.8704833984375, 4.5, 0.0]",10.992334265355016,8.71494197845459,0.32268817968059693,20.756092649373308,-2.2633453683995874,0.11768549680709839,0.0,0.11768549680709839,0.0
46.51157,"[218.06982421875, 9.122808456420898, 0.0]","[239.0444793701172, 4.5, 0.0]",10.998794242921646,8.720586776733398,0.322998878331493,20.71663196721468,-2.277392286900426,0.11773485690355301,0.0,0.11773485690355301,0.0
46.529431,"[218.28936767578125, 9.13430404663086, 0.0]","[239.21803283691406, 4.5, 0.0]",11.005258288371063,8.712106704711914,0.3232022724708905,20.67588511749811,-2.278207466188247,0.11776757426559925,0.0,0.11776757426559925,0.0
46.549486,"[218.50904846191406, 9.145573616027832, 0.0]","[239.3938751220703, 4.5, 0.0]",11.011100132309227,8.716938972473145,0.2920921969082002,20.634770230643106,-2.2931515836591494,0.10647360235452652,0.0,0.10647360235452652,0.0
46.571206,"[218.7288818359375, 9.156617164611816, 0.0]","[239.56658935546875, 4.5, 0.0]",11.016950082666192,8.708467483520508,0.29249751784821143,20.59598504607564,-2.294161159836083,0.10655177757143974,0.0,0.10655177757143974,0.0
46.591217,"[218.94883728027344, 9.167433738708496, 0.0]","[239.74195861816406, 4.5, 0.0]",11.02280245316244,8.71330451965332,0.2926185248123936,20.554076563820097,-2.308482599145684,0.10658370330929756,0.0,0.10658370330929756,0.0
46.61028,"[219.16891479492188, 9.178023338317871, 0.0]","[239.9163360595703, 4.5, 0.0]",11.028660479933475,8.704718589782722,0.29290133855175426,20.514820560891593,-2.3094979335091192,0.10661901906132698,0.0,0.10661901906132698,0.0
46.63066,"[219.38912963867188, 9.188387870788574, 0.0]","[240.09017944335938, 4.5, 0.0]",11.033851521324795,8.70875072479248,0.25955206956602694,20.474552064138273,-2.3239418901507527,0.09451429359614849,0.0,0.09451429359614849,0.0
46.649559,"[219.60946655273438, 9.198526382446289, 0.0]","[240.26405334472656, 4.5, 0.0]",11.039041786459476,8.702779769897461,0.25951325673405634,20.43368783506177,-2.3251007965323147,0.09455570951104164,0.0,0.09455570951104164,0.0
46.670746,"[219.82992553710938, 9.208436965942383, 0.0]","[240.4381561279297, 4.5, 0.0]",11.044228378241696,8.696805953979492,0.25932958911099036,20.392789103825134,-2.3362620165620154,0.09447858668863773,0.0,0.09447858668863773,0.0
46.692259,"[220.0504913330078, 9.218119621276855, 0.0]","[240.61245727539062, 4.5, 0.0]",11.049420019655962,8.700830459594727,0.2595820707132823,20.352041731499494,-2.347422424262204,0.09452220983803272,0.0,0.09452220983803272,0.0
46.710247,"[220.27117919921875, 9.22757339477539, 0.0]","[240.78634643554688, 4.5, 0.0]",11.054613987303444,8.691434860229492,0.25969838237411835,20.311422041785512,-2.348589560061235,0.09457208216190338,0.0,0.09457208216190338,0.0
46.730407,"[220.49197387695312, 9.236795425415039, 0.0]","[240.95986938476562, 4.5, 0.0]",11.05900038020338,8.69468879699707,0.2193196449967516,20.27029679076202,-2.363179127073952,0.07996364496648312,0.0,0.07996364496648312,0.0
46.750898,"[220.712890625, 9.2457857131958, 0.0]","[241.13360595703125, 4.5, 0.0]",11.06339305945403,8.684601783752441,0.21963396253257272,20.228725482731026,-2.364311583206309,0.08011872880160809,0.0,0.08011872880160809,0.0
46.77104,"[220.93389892578125, 9.254541397094727, 0.0]","[241.30799865722656, 4.5, 0.0]",11.067784971518003,8.687838554382324,0.21959560319864124,20.187269779489146,-2.378791275701589,0.08009535260498524,0.0,0.08009535260498524,0.0
46.791441,"[221.15499877929688, 9.263060569763184, 0.0]","[241.4827117919922, 4.5, 0.0]",11.072179263962893,8.677732467651367,0.21971462224446014,20.146397871542113,-2.3799464171356792,0.08016501553356647,0.0,0.08016501553356647,0.0
46.811173,"[221.37620544433594, 9.271341323852539, 0.0]","[241.65846252441406, 4.5, 0.0]",11.076572302146445,8.6808443069458,0.21965190917763167,20.105776036554023,-2.3944467963115255,0.08013629354536533,0.0,0.08013629354536533,0.0
46.829452,"[221.59750366210938, 9.279380798339844, 0.0]","[241.8319549560547, 4.5, 0.0]",11.080966741703007,8.670034408569336,0.21972197782806902,20.066109391248844,-2.3957279952006445,0.08015098981559277,0.0,0.08015098981559277,0.0
46.849733,"[221.8188934326172, 9.287178039550781, 0.0]","[242.00277709960938, 4.5, 0.0]",11.08441301258055,8.672624588012695,0.17231354387714504,20.024118665586606,-2.4109323331336707,0.06301017012447119,0.0,0.06301017012447119,0.0
46.871298,"[222.04039001464844, 9.294731140136719, 0.0]","[242.1746826171875, 4.5, 0.0]",11.087867524240172,8.66185188293457,0.17272558298113694,19.979397775926383,-2.4117884245678542,0.06315604783594608,0.0,0.06315604783594608,0.0
46.89227,"[222.261962890625, 9.30203914642334, 0.0]","[242.349365234375, 4.5, 0.0]",11.091322272051741,8.664350509643555,0.17273739057843684,19.935676018797,-2.426015641305602,0.06318786181509495,0.0,0.06318786181509495,0.0
46.911693,"[222.48361206054688, 9.309100151062012, 0.0]","[242.52590942382812, 4.5, 0.0]",11.094781952129901,8.653370857238771,0.1729840039080166,19.894677965215795,-2.4269717624081864,0.06325161550194025,0.0,0.06325161550194025,0.0
46.930578,"[222.70533752441406, 9.315913200378418, 0.0]","[242.69509887695312, 4.5, 0.0]",11.098243122721646,8.655304908752441,0.17305852958724444,19.855488202558906,-2.44141109489113,0.06326945032924414,0.0,0.06326945032924414,0.0
46.951659,"[222.92713928222656, 9.322477340698242, 0.0]","[242.86798095703125, 4.5, 0.0]",11.101032923020783,8.643798828125,0.13949001495685565,19.80889468205167,-2.442938213969205,0.05108350422233343,0.0,0.05108350422233343,0.0
46.972865,"[223.14901733398438, 9.3287935256958, 0.0]","[243.0421905517578, 4.5, 0.0]",11.103819715845525,8.64559268951416,0.13933964123706843,19.76593009672519,-2.4572340948957834,0.05104849115014076,0.0,0.05104849115014076,0.0
46.991355,"[223.37095642089844, 9.334860801696777, 0.0]","[243.21446228027344, 4.5, 0.0]",11.106606150899601,8.634103775024414,0.13932175270383595,19.724230877038384,-2.4582270263313646,0.051041217520833015,0.0,0.051041217520833015,0.0
47.011149,"[223.59295654296875, 9.340678215026855, 0.0]","[243.38697814941406, 4.5, 0.0]",11.109390959832432,8.635855674743652,0.1392404466415087,19.68054129981435,-2.4725023758751874,0.0509654451161623,0.0,0.0509654451161623,0.0
47.03058,"[223.8150177001953, 9.346246719360352, 0.0]","[243.55902099609375, 4.5, 0.0]",11.112173742423503,8.623600959777832,0.1391391295535449,19.637040650477076,-2.4735352850887793,0.05094863474369049,0.0,0.05094863474369049,0.0
47.050063,"[224.03713989257812, 9.351566314697266, 0.0]","[243.7317657470703, 4.5, 0.0]",11.11401676631549,8.624659538269043,0.09215119459939913,19.593009108862017,-2.4885727826456705,0.03391264704987407,0.0,0.03391264704987407,0.0
47.06973,"[224.2593231201172, 9.356637001037598, 0.0]","[243.90463256835938, 4.5, 0.0]",11.11586259829987,8.615711212158203,0.09229159921897434,19.5496116726624,-2.4893572280464475,0.03394967643544078,0.0,0.03394967643544078,0.0
47.091175,"[224.48155212402344, 9.361458778381348, 0.0]","[244.0772705078125, 4.5, 0.0]",11.117714884048969,8.610105514526367,0.0926142874549285,19.50626953606258,-2.500151386141667,0.03405524883419275,0.0,0.03405524883419275,0.0
47.109492,"[224.70382690429688, 9.366033554077148, 0.0]","[244.24893188476562, 4.5, 0.0]",11.11957420103118,8.604452133178711,0.09296584911053785,19.462642136748197,-2.5076093695226014,0.03416171297430992,0.0,0.03416171297430992,0.0
47.131954,"[224.92613220214844, 9.370362281799316, 0.0]","[244.42189025878906, 4.5, 0.0]",11.121430658263998,8.59813117980957,0.09282286164093989,19.417975600092,-2.5151220678524684,0.0341481389477849,0.0,0.0341481389477849,0.0
47.150702,"[225.1484832763672, 9.374446868896484, 0.0]","[244.5928192138672, 4.5, 0.0]",11.122411311493554,8.59188461303711,0.049032661477799167,19.37455456506232,-2.523299478454428,0.018222685903310776,0.0,0.018222685903310776,0.0
47.170313,"[225.37088012695312, 9.378289222717285, 0.0]","[244.76380920410156, 4.5, 0.0]",11.123396568294472,8.585637092590332,0.04926284004591608,19.329029937697264,-2.5305266984564447,0.01831006957218051,0.0,0.01831006957218051,0.0
47.191112,"[225.59329223632812, 9.381892204284668, 0.0]","[244.9369659423828, 4.5, 0.0]",11.124387382013309,8.579309463500977,0.04954068594180683,19.283483275763466,-2.5377594757041404,0.018349247984588146,0.0,0.018349247984588146,0.0
47.211393,"[225.81573486328125, 9.38525676727295, 0.0]","[245.10853576660156, 4.5, 0.0]",11.125375789552768,8.572957992553711,0.04942037697297508,19.240042217847403,-2.545077918512332,0.018339278176426888,0.0,0.018339278176426888,0.0
47.230186,"[226.0382080078125, 9.388382911682129, 0.0]","[245.27931213378906, 4.5, 0.0]",11.126363969134955,8.566015243530273,0.049408979109344386,19.19493980055596,-2.552417796999057,0.018365021096542478,0.0,0.018365021096542478,0.0
47.250374,"[226.2606964111328, 9.391271591186523, 0.0]","[245.45069885253906, 4.5, 0.0]",11.126577767339528,8.55904769897461,0.010689910228656174,19.14896547677467,-2.5603487256046815,0.004349715018179268,0.0,0.004349715018179268,0.0
47.270569,"[226.48321533203125, 9.393921852111816, 0.0]","[245.62161254882812, 4.5, 0.0]",11.126790990778122,8.552098274230957,0.010661171929715607,19.10354266825837,-2.5675300683649187,0.004358134756330401,0.0,0.004358134756330401,0.0
47.291561,"[226.7057342529297, 9.396331787109375, 0.0]","[245.7935333251953, 4.5, 0.0]",11.127008538819917,8.545108795166016,0.010877402089715105,19.05757611005344,-2.5746927165471654,0.0044470830471254885,0.0,0.0044470830471254885,0.0
47.31197,"[226.92825317382812, 9.398502349853516, 0.0]","[245.9668731689453, 4.5, 0.0]",11.127229475396774,8.53798770904541,0.011046828842875556,19.012582142578292,-2.581899743653901,0.004485203244257718,0.0,0.004485203244257718,0.0
47.330608,"[227.15078735351562, 9.400432586669922, 0.0]","[246.13555908203125, 4.5, 0.0]",11.12744999760829,8.530566215515137,0.011026110575773629,18.968979914299855,-2.589241766351364,0.004483594675548375,0.0,0.004483594675548375,0.0
47.35107,"[227.37332153320312, 9.40212345123291, 0.0]","[246.30506896972656, 4.5, 0.0]",11.126567642924083,8.52310848236084,-0.04411773421031384,18.920681261332447,-2.596883782093153,0.0,0.0026258996222168207,0.0,0.0026258996222168207
47.370832,"[227.5958709716797, 9.40357494354248, 0.0]","[246.4764404296875, 4.5, 0.0]",11.125688685889745,8.515568733215332,-0.04394785171690785,18.87318306906714,-2.6034591605632436,0.0,0.0026201470755040646,0.0,0.0026201470755040646
47.390988,"[227.8184051513672, 9.404786109924316, 0.0]","[246.6468048095703, 4.5, 0.0]",11.124810340536872,8.508073806762695,-0.043917267643678315,18.827507132534766,-2.610119952674413,0.0,0.0026120799593627453,0.0,0.0026120799593627453
47.412207,"[228.04092407226562, 9.405756950378418, 0.0]","[246.8173065185547, 4.5, 0.0]",11.123923969522268,8.50052261352539,-0.044318550730171324,18.780816350834318,-2.6167365337741764,0.0,0.0026367565151304007,0.0,0.0026367565151304007
47.430446,"[228.26341247558594, 9.406489372253418, 0.0]","[246.98681640625, 4.5, 0.0]",11.123019918685689,8.492650985717773,-0.045202541828981424,18.7342565441527,-2.6234013559968776,0.0,0.00269936490803957,0.0,0.00269936490803957
47.452351,"[228.4858856201172, 9.406983375549316, 0.0]","[247.1576690673828, 4.5, 0.0]",11.120410007349216,8.484718322753906,-0.13049556682362962,18.686713279173333,-2.630368932967915,0.0,0.007936997339129448,0.0,0.007936997339129448
47.472101,"[228.70834350585938, 9.40723991394043, 0.0]","[247.3248291015625, 4.5, 0.0]",11.1177973097523,8.47695541381836,-0.13063487984581457,18.64050326176893,-2.63569168459531,0.0,0.007947049103677273,0.0,0.007947049103677273
47.491819,"[228.93075561523438, 9.407258987426758, 0.0]","[247.4958953857422, 4.5, 0.0]",11.115163232285559,8.472347259521484,-0.13170387333705236,18.590587987182946,-2.6408418959339404,0.0,0.008015588857233524,0.0,0.008015588857233524
47.509824,"[229.15310668945312, 9.407044410705566, 0.0]","[247.6652069091797, 4.5, 0.0]",11.11250343819675,8.457788467407227,-0.13298970444042268,18.54459490477783,-2.6428159727640743,0.0,0.008106518536806107,0.0,0.008106518536806107
47.529621,"[229.3754119873047, 9.406599044799805, 0.0]","[247.83416748046875, 4.5, 0.0]",11.109812566055933,8.456374168395996,-0.1345436070408823,18.496871908021237,-2.6547149707895237,0.0,0.008212318643927574,0.0,0.008212318643927574
47.550736,"[229.59765625, 9.405925750732422, 0.0]","[248.0038604736328, 4.5, 0.0]",11.105834016436395,8.441588401794434,-0.19892748097687374,18.44879791414388,-2.6534383976599365,0.0,0.012176325544714928,0.0,0.012176325544714928
47.570288,"[229.81985473632812, 9.405029296875, 0.0]","[248.1717071533203, 4.5, 0.0]",11.101837915903756,8.440227508544922,-0.19980502663194954,18.40146210911015,-2.6642456146419615,0.0,0.012227723374962807,0.0,0.012227723374962807
47.591265,"[230.04196166992188, 9.403913497924805, 0.0]","[248.34132385253906, 4.5, 0.0]",11.09780805457961,8.425444602966309,-0.20149306620727003,18.352267097928024,-2.6616104073588343,0.0,0.012336717918515205,0.0,0.012336717918515205
47.611779,"[230.2639923095703, 9.402584075927734, 0.0]","[248.50994873046875, 4.5, 0.0]",11.093746704839072,8.424047470092773,-0.20306748702694222,18.304859956904778,-2.672363451613302,0.0,0.012442145496606827,0.0,0.012442145496606827
47.629428,"[230.48594665527344, 9.401043891906738, 0.0]","[248.6770477294922, 4.5, 0.0]",11.089634731081242,8.40938663482666,-0.20559868789149505,18.256452708655473,-2.6696992347462984,0.0,0.012589750811457634,0.0,0.012589750811457634
47.65007,"[230.7078094482422, 9.399296760559082, 0.0]","[248.8466033935547, 4.5, 0.0]",11.084047598504641,8.407944679260254,-0.27935662883002976,18.206508359948934,-2.680248096254582,0.0,0.017136823385953903,0.0,0.017136823385953903
47.671327,"[230.92959594726562, 9.397345542907715, 0.0]","[249.01356506347656, 4.5, 0.0]",11.078417621599103,8.393290519714355,-0.2814988452769285,18.15901989243134,-2.6761029192443875,0.0,0.01726749911904335,0.0,0.01726749911904335
47.690627,"[231.15126037597656, 9.395194053649902, 0.0]","[249.18182373046875, 4.5, 0.0]",11.072736666482262,8.391911506652832,-0.2840477558420318,18.108920552473528,-2.6851271018847473,0.0,0.017421023920178413,0.0,0.017421023920178413
47.711961,"[231.37281799316406, 9.392845153808594, 0.0]","[249.35289001464844, 4.5, 0.0]",11.06700035536263,8.37708568572998,-0.286815555981601,18.060150695976386,-2.68082515982943,0.0,0.017589766532182693,0.0,0.017589766532182693
47.729847,"[231.59425354003906, 9.390301704406738, 0.0]","[249.5167236328125, 4.5, 0.0]",11.061206208103993,8.37609577178955,-0.28970736293185695,18.014200951767005,-2.6899146696326497,0.0,0.017767099663615227,0.0,0.017767099663615227
47.750652,"[231.81558227539062, 9.387565612792969, 0.0]","[249.6851806640625, 4.5, 0.0]",11.05494432369859,8.361554145812988,-0.313094220270127,17.961049557264683,-2.6851104363144422,0.0,0.019212638959288597,0.0,0.019212638959288597
47.769009,"[232.0367889404297, 9.384638786315918, 0.0]","[249.851318359375, 4.5, 0.0]",11.048624954182854,8.360456466674805,-0.31596847578683196,17.912541870649196,-2.693390177885602,0.0,0.0193837508559227,0.0,0.0193837508559227
47.791523,"[232.2578582763672, 9.381523132324219, 0.0]","[250.01962280273438, 4.5, 0.0]",11.0422505405631,8.345922470092773,-0.31872068098772743,17.861755408974105,-2.688168487508049,0.0,0.01955125480890274,0.0,0.01955125480890274
47.810823,"[232.4788055419922, 9.378220558166504, 0.0]","[250.18667602539062, 4.5, 0.0]",10.999762221563728,8.34482479095459,-2.124415949968572,17.81319665902267,-2.696328070470326,0.0,0.019646136090159416,0.0,0.019646136090159416
47.828787,"[232.69961547851562, 9.374732971191406, 0.0]","[250.35226440429688, 4.5, 0.0]",10.992840716117575,8.330779075622559,-0.34607527230763324,17.76343160985838,-2.654937430609138,0.0,0.019916165620088577,0.0,0.019916165620088577
47.850905,"[232.9196014404297, 9.373074531555176, 0.0]","[250.52320861816406, 4.5, 0.0]",10.98514739632742,8.329832077026367,-0.38466598950774866,17.712270317451978,-2.6620616404950166,0.0,0.023050613701343536,0.0,0.023050613701343536
47.869673,"[233.1394500732422, 9.370570182800293, 0.0]","[250.68914794921875, 4.5, 0.0]",10.977311365537615,8.315770149230957,-0.3918015394902774,17.662288246789565,-2.655315319301053,0.0,0.02376425825059414,0.0,0.02376425825059414
47.891121,"[233.359130859375, 9.36760425567627, 0.0]","[250.85292053222656, 4.5, 0.0]",10.96932539187345,8.315141677856445,-0.3992986832082046,17.60851268892217,-2.6615412163066576,0.0,0.024335375055670738,0.0,0.024335375055670738
47.911825,"[233.5786590576172, 9.364361763000488, 0.0]","[251.02267456054688, 4.5, 0.0]",10.961202016234047,8.300969123840332,-0.40616878197017314,17.553590515831228,-2.6541837140170053,0.0,0.02482234500348568,0.0,0.02482234500348568
47.930181,"[233.7980194091797, 9.360922813415527, 0.0]","[251.1848907470703, 4.5, 0.0]",10.952957579086696,8.30082893371582,-0.41222185736753403,17.505453849230452,-2.660232892393715,0.0,0.025230884552001953,0.0,0.025230884552001953
47.952626,"[234.0172119140625, 9.357318878173828, 0.0]","[251.3553924560547, 4.5, 0.0]",10.946660347386624,8.287004470825195,-0.31486158500362293,17.450429816792244,-2.652128645370876,0.0,0.019270125776529312,0.0,0.019270125776529312
47.97092,"[234.23623657226562, 9.353560447692871, 0.0]","[251.51943969726562, 4.5, 0.0]",10.940286392362598,8.286787033081055,-0.3186977512013023,17.40420563984512,-2.6596558765614287,0.0,0.019523540511727333,0.0,0.019523540511727333
47.992082,"[234.45513916015625, 9.349649429321289, 0.0]","[251.68568420410156, 4.5, 0.0]",10.933854645324457,8.273141860961914,-0.3215873519070378,17.351930690025757,-2.6534993592815432,0.0,0.019715605303645134,0.0,0.019715605303645134
48.009958,"[234.6739044189453, 9.345585823059082, 0.0]","[251.8497772216797, 4.5, 0.0]",10.927371955115287,8.272979736328125,-0.32413451045849584,17.302131406350068,-2.660712784362543,0.0,0.01988396607339382,0.0,0.01988396607339382
48.030821,"[234.89254760742188, 9.341365814208984, 0.0]","[252.0144500732422, 4.5, 0.0]",10.920838565748152,8.263184547424316,-0.32666946835675503,17.250416357071444,-2.6543922187871622,0.0,0.02003927156329155,0.0,0.02003927156329155
48.049867,"[235.11105346679688, 9.336990356445312, 0.0]","[252.1814727783203, 4.5, 0.0]",10.914261257257943,8.256630897521973,-0.3288654245104716,17.199461093200576,-2.6576540183238357,0.0,0.020170776173472404,0.0,0.020170776173472404
48.071236,"[235.3294219970703, 9.33245849609375, 0.0]","[252.34466552734375, 4.5, 0.0]",10.907681932718717,8.250227928161621,-0.3289662269613025,17.15102486628571,-2.65763035973597,0.0,0.020183736458420753,0.0,0.020183736458420753
48.09275,"[235.5476531982422, 9.32777214050293, 0.0]","[252.50894165039062, 4.5, 0.0]",10.901073290500626,8.243782997131348,-0.3304321109045105,17.098917779285884,-2.6574540045570956,0.0,0.02027224190533161,0.0,0.02027224190533161
48.110876,"[235.7657470703125, 9.3229341506958, 0.0]","[252.67269897460938, 4.5, 0.0]",10.894451979509654,8.237396240234375,-0.3310655495486259,17.048041047463027,-2.657290293369279,0.0,0.02031887136399746,0.0,0.02031887136399746
48.131983,"[235.9837188720703, 9.317944526672363, 0.0]","[252.8401641845703, 4.5, 0.0]",10.887820229493526,8.231186866760256,-0.3315875008063962,16.996783908286947,-2.657055739275279,0.0,0.020353879779577255,0.0,0.020353879779577255
48.151293,"[236.20155334472656, 9.312804222106934, 0.0]","[253.00196838378906, 4.5, 0.0]",10.881027566013998,8.225187301635742,-0.3396331739764058,16.949352362936843,-2.6566333627332703,0.0,0.02084525302052498,0.0,0.02084525302052498
48.169004,"[236.41925048828125, 9.307514190673828, 0.0]","[253.167236328125, 4.5, 0.0]",10.874221101669182,8.219059944152832,-0.34032321724080106,16.896393655216727,-2.6558402643782557,0.0,0.020885568112134933,0.0,0.020885568112134933
48.193299,"[236.63681030273438, 9.302075386047363, 0.0]","[253.3323516845703, 4.5, 0.0]",10.867378031673491,8.21293830871582,-0.3421534997845477,16.8470256008874,-2.65516115751635,0.0,0.02099369280040264,0.0,0.02099369280040264
48.210628,"[236.85421752929688, 9.296486854553223, 0.0]","[253.49562072753906, 4.5, 0.0]",10.86051559155161,8.206902503967285,-0.3431220060940099,16.79763169589435,-2.6544397229576706,0.0,0.021054107695817947,0.0,0.021054107695817947
48.229637,"[237.0714874267578, 9.290748596191406, 0.0]","[253.6588897705078, 4.5, 0.0]",10.85362806363774,8.201005935668945,-0.3443763956935797,16.746528280888796,-2.6536130875843256,0.0,0.021137798205018044,0.0,0.021137798205018044
48.25085,"[237.2886199951172, 9.28486156463623, 0.0]","[253.8280792236328, 4.5, 0.0]",10.846839465840018,8.19489574432373,-0.33942988988604483,16.695547483807417,-2.652622127968794,0.0,0.020827272906899452,0.0,0.020827272906899452
48.270969,"[237.505615234375, 9.278824806213379, 0.0]","[253.988037109375, 4.5, 0.0]",10.840004090159734,8.189119338989258,-0.34176878401419586,16.65060304394794,-2.6519437215162878,0.0,0.020974958315491676,0.0,0.020974958315491676
48.29087,"[237.7224578857422, 9.272638320922852, 0.0]","[254.15269470214844, 4.5, 0.0]",10.833127795223259,8.183172225952148,-0.34381474682376734,16.59654888110964,-2.6508847511704765,0.0,0.021096540614962578,0.0,0.021096540614962578
48.310996,"[237.9391632080078, 9.266303062438965, 0.0]","[254.31915283203125, 4.5, 0.0]",10.8262054150157,8.177149772644043,-0.34611901037795434,16.54732717038815,-2.6499555692711105,0.0,0.021243246272206306,0.0,0.021243246272206306
48.331398,"[238.15573120117188, 9.259819030761719, 0.0]","[254.4788055419922, 4.5, 0.0]",10.819245450250273,8.171304702758789,-0.3479982382713409,16.5000211271254,-2.649055642371657,0.0,0.02136078104376793,0.0,0.02136078104376793
48.350488,"[238.3721466064453, 9.253188133239746, 0.0]","[254.64210510253906, 4.5, 0.0]",10.812458998089273,8.165325164794922,-0.3393226080500078,16.446025905288025,-2.647940747491484,0.0,0.02083100751042366,0.0,0.02083100751042366
48.37084,"[238.5884246826172, 9.246410369873047, 0.0]","[254.805908203125, 4.5, 0.0]",10.805650324019856,8.159327507019043,-0.3404337034708327,16.395805236300102,-2.647133833294351,0.0,0.020899247378110886,0.0,0.020899247378110886
48.390657,"[238.8045654296875, 9.239487648010254, 0.0]","[254.96945190429688, 4.5, 0.0]",10.798797616641803,8.153340339660645,-0.3426353689026662,16.346197434537242,-2.6463228170008133,0.0,0.021045060828328133,0.0,0.021045060828328133
48.410707,"[239.02056884765625, 9.232422828674316, 0.0]","[255.13258361816406, 4.5, 0.0]",10.791907548851666,8.147321701049805,-0.3445033895068228,16.29643578817619,-2.6454572769811584,0.0,0.02115963213145733,0.0,0.02115963213145733
48.43048,"[239.23641967773438, 9.2252197265625, 0.0]","[255.2944793701172, 4.5, 0.0]",10.784989410484744,8.141014099121094,-0.3459069183461061,16.246363257605115,-2.644585847801862,0.0,0.02124706842005253,0.0,0.02124706842005253
48.451168,"[239.45213317871094, 9.217881202697754, 0.0]","[255.45864868164062, 4.5, 0.0]",10.778296978466644,8.137950897216797,-0.33462160090502735,16.195161471441132,-2.6439753113636506,0.0,0.020555058494210243,0.0,0.020555058494210243
48.471589,"[239.66770935058594, 9.210410118103027, 0.0]","[255.61968994140625, 4.5, 0.0]",10.771589450122637,8.125007629394531,-0.3353764172003615,16.146318192791504,-2.640346081249847,0.0,0.02060079015791416,0.0,0.02060079015791416
48.490943,"[239.88314819335938, 9.202810287475586, 0.0]","[255.7836456298828, 4.5, 0.0]",10.764841104981299,8.125288009643555,-0.3374172570668854,16.094428530780053,-2.6465818207281053,0.0,0.02072773315012455,0.0,0.02072773315012455
48.509562,"[240.0984344482422, 9.195082664489746, 0.0]","[255.94580078125, 4.5, 0.0]",10.758060671542378,8.11221694946289,-0.33902167194606037,16.045527859865484,-2.639553095337744,0.0,0.02082689478993416,0.0,0.02082689478993416
48.530315,"[240.31358337402344, 9.187230110168457, 0.0]","[256.1109619140625, 4.5, 0.0]",10.751240987859774,8.111709594726562,-0.3409841841301997,15.994917559280648,-2.645843722079487,0.0,0.0209506805986166,0.0,0.0209506805986166
48.552297,"[240.52859497070312, 9.179256439208984, 0.0]","[256.27093505859375, 4.5, 0.0]",10.744636009056782,8.098092079162598,-0.33024894014959116,15.947386110027004,-2.639531393133211,0.0,0.020293427631258965,0.0,0.020293427631258965
48.56951,"[240.74346923828125, 9.17116641998291, 0.0]","[256.43243408203125, 4.5, 0.0]",10.714083711301946,8.097743034362793,-1.5276148877418017,15.89474361042963,-2.646543929894184,0.0,0.02034808322787285,0.0,0.02034808322787285
48.591119,"[240.9582061767578, 9.162964820861816, 0.0]","[256.595703125, 4.5, 0.0]",10.707057766472348,8.08398151397705,-0.3512972414799087,15.843691306272456,-2.616340676939153,0.0,0.020456591621041298,0.0,0.020456591621041298
48.61042,"[241.17239379882812, 9.156708717346191, 0.0]","[256.756103515625, 4.5, 0.0]",10.700097709320234,8.083562850952148,-0.3480028576056782,15.79446935144127,-2.623076252495297,0.0,0.020976388826966286,0.0,0.020976388826966286
48.63013,"[241.38641357421875, 9.14966869354248, 0.0]","[256.9168701171875, 4.5, 0.0]",10.69307837164654,8.068900108337402,-0.3509668836847446,15.738490851431251,-2.6165348583680856,0.0,0.02139228768646717,0.0,0.02139228768646717
48.649619,"[241.60028076171875, 9.142237663269043, 0.0]","[257.0782165527344, 4.5, 0.0]",10.686771503230323,8.067545890808105,-0.3153434208107875,15.683969045963664,-2.624178263309137,0.0,0.01929502934217453,0.0,0.01929502934217453
48.670246,"[241.8140106201172, 9.134613037109375, 0.0]","[257.23907470703125, 4.5, 0.0]",10.680400930051851,8.052879333496094,-0.3185286589236114,15.630898650789273,-2.619225612422218,0.0,0.019533006474375725,0.0,0.019533006474375725
48.691761,"[242.02760314941406, 9.12688159942627, 0.0]","[257.40142822265625, 4.5, 0.0]",10.673955247862171,8.051474571228027,-0.32228410948400565,15.578018082961572,-2.6275215965557575,0.0,0.019788596779108047,0.0,0.019788596779108047
48.71093,"[242.24107360839844, 9.119084358215332, 0.0]","[257.5615234375, 4.5, 0.0]",10.667476044261694,8.036700248718262,-0.3239601800238745,15.527145406476777,-2.6224806766341437,0.0,0.019898047670722008,0.0,0.019898047670722008
48.729638,"[242.45440673828125, 9.111238479614258, 0.0]","[257.72210693359375, 4.5, 0.0]",10.660946653661624,8.034079551696777,-0.32646953000350365,15.474372661222016,-2.630775795543432,0.0,0.02006823942065239,0.0,0.02006823942065239
48.750386,"[242.66761779785156, 9.103351593017578, 0.0]","[257.8839416503906, 4.5, 0.0]",10.457620512008857,8.018050193786621,-10.166307082638326,15.422356132266714,-2.626867101964846,0.0,0.625,0.0,0.625
48.769367,"[242.8806915283203, 9.095428466796875, 0.0]","[258.04351806640625, 4.5, 0.0]",10.25429230725145,8.015486717224121,-10.166410237870327,15.371764544467842,-2.439570318222236,0.0,0.625,0.0,0.625
48.791194,"[243.08969116210938, 9.087621688842773, 0.0]","[258.2041931152344, 4.5, 0.0]",10.061084800397262,7.9995245933532715,-9.660375342709404,15.319044218293072,-2.2388055900273294,0.0,0.625,0.0,0.625
48.809257,"[243.2946319580078, 9.079938888549805, 0.0]","[258.3640441894531, 4.5, 0.0]",9.881608878671942,7.996767997741699,-8.973796086266006,15.271438607818556,-2.061560207043991,0.0,0.625,0.0,0.625
48.830706,"[243.49571228027344, 9.072382926940918, 0.0]","[258.5227355957031, 4.5, 0.0]",9.708500959226072,7.979371070861816,-8.655395972293523,15.226987660092393,-1.884840880930243,0.0,0.625,0.0,0.625
48.850739,"[243.69320678710938, 9.06495475769043, 0.0]","[258.68292236328125, 4.5, 0.0]",9.537946844713044,7.975205421447754,-8.52770572565138,15.185131073142552,-1.7291298883642554,0.0,0.625,0.0,0.625
48.870241,"[243.88723754882812, 9.057653427124023, 0.0]","[258.8414001464844, 4.5, 0.0]",9.368045959381238,7.95782232284546,-8.495044266590313,15.14827290197571,-1.5627414232652903,0.0,0.625,0.0,0.625
48.891749,"[244.07786560058594, 9.0504789352417, 0.0]","[259.0054016113281, 4.5, 0.0]",9.197915754397858,7.953399181365967,-8.506510249168997,15.113098009423673,-1.410223636535778,0.0,0.625,0.0,0.625
48.91147,"[244.2650909423828, 9.04343318939209, 0.0]","[259.1615905761719, 4.5, 0.0]",9.027183119312388,7.935971736907959,-8.536631754273483,15.086782030139481,-1.2445165730318912,0.0,0.625,0.0,0.625
48.930405,"[244.44891357421875, 9.036514282226562, 0.0]","[259.320068359375, 4.5, 0.0]",8.855721619624974,7.930220127105713,-8.573074984370699,15.05600273969428,-1.0912113824044294,0.0,0.625,0.0,0.625
48.95036,"[244.62933349609375, 9.029720306396484, 0.0]","[259.4776306152344, 4.5, 0.0]",8.683512196465552,7.914543151855469,-8.610471157971133,15.030857381836448,-0.9255014925192615,0.0,0.625,0.0,0.625
48.969903,"[244.8063201904297, 9.023050308227539, 0.0]","[259.635498046875, 4.5, 0.0]",8.510556228365251,7.902174472808838,-8.647798405015017,15.00814885980885,-0.768969044610083,0.0,0.625,0.0,0.625
48.99183,"[244.97987365722656, 9.01650333404541, 0.0]","[259.7947692871094, 4.5, 0.0]",8.336868787840622,7.889695167541504,-8.684372026231468,14.989133042946658,-0.6083817555564135,0.0,0.625,0.0,0.625
49.010809,"[245.14996337890625, 9.01008129119873, 0.0]","[259.95367431640625, 4.5, 0.0]",8.16245130222336,7.877021789550781,-8.7208742808631,14.974912732863922,-0.4471736202991181,0.0,0.625,0.0,0.625
49.029917,"[245.31658935546875, 9.003785133361816, 0.0]","[260.1086730957031, 4.5, 0.0]",7.987301660500667,7.863095760345459,-8.75748208613465,14.963747854998728,-0.28542951267257877,0.0,0.625,0.0,0.625
49.052277,"[245.47972106933594, 8.997617721557617, 0.0]","[260.2662658691406, 4.5, 0.0]",7.811273619357393,7.848936080932619,-8.80140205716371,14.952103279184419,-0.12420590015520805,0.0,0.625,0.0,0.625
49.070493,"[245.6393585205078, 8.991578102111816, 0.0]","[260.42596435546875, 4.5, 0.0]",7.634149413044313,7.834586143493652,-8.856210315653978,14.946502266330633,0.037662461575226125,0.0,0.625,0.0,0.625
49.092341,"[245.79547119140625, 8.98566722869873, 0.0]","[260.5836486816406, 4.5, 0.0]",7.45598561574333,7.820420742034912,-8.908189865049154,14.946466996994568,0.20043673044933907,0.0,0.625,0.0,0.625
49.110985,"[245.9480438232422, 8.97988510131836, 0.0]","[260.7401428222656, 4.5, 0.0]",7.276954600351596,7.8061113357543945,-8.951550769586714,14.947916488442303,0.3644351262915819,0.0,0.625,0.0,0.625
49.131949,"[246.09706115722656, 8.97423267364502, 0.0]","[260.891845703125, 4.5, 0.0]",7.0972590248025265,7.790712356567383,-8.984778777453473,14.951697334016204,0.5291567354027986,0.0,0.625,0.0,0.625
49.149436,"[246.24249267578125, 8.968711853027344, 0.0]","[261.04779052734375, 4.5, 0.0]",7.152492735681058,7.774880409240723,2.761685543926573,14.954229054992187,0.6934533317648564,1.0,0.0,1.0,0.0
49.17195,"[246.38433837890625, 8.963323593139648, 0.0]","[261.2034606933594, 4.5, 0.0]",7.206608635459096,7.759078502655029,2.7057949889019106,14.964571577517704,0.6223876735596647,0.9797569364309311,0.0,0.9797569364309311,0.0
49.191829,"[246.52728271484375, 8.95788860321045, 0.0]","[261.359375, 4.5, 0.0]",7.25970767548787,7.74324893951416,2.654952001438682,14.978216345555104,0.5524698671959332,0.961352065205574,0.0,0.961352065205574,0.0
49.210807,"[246.6713104248047, 8.952408790588379, 0.0]","[261.51416015625, 4.5, 0.0]",7.312506923390761,7.7273383140563965,2.6399623951445683,14.990996029544698,0.4835412640262904,0.9559130668640137,0.0,0.9559130668640137,0.0
49.229611,"[246.81640625, 8.94688606262207, 0.0]","[261.6673278808594, 4.5, 0.0]",7.364937903823793,7.710108280181885,2.6215490216515924,15.001556282938575,0.41483139066563535,0.9492728859186172,0.0,0.9492728859186172,0.0
49.25059,"[246.96255493164062, 8.94132137298584, 0.0]","[261.82196044921875, 4.5, 0.0]",7.415155005551805,7.692715644836426,2.5108550864005874,15.009426079510513,0.3451703763580918,0.909176766872406,0.0,0.909176766872406,0.0
49.269925,"[247.1097412109375, 8.935715675354004, 0.0]","[261.97857666015625, 4.5, 0.0]",7.465735143127164,7.67509651184082,2.5290068787679587,15.01770334705559,0.27756063928462105,0.9157341718673706,0.0,0.9157341718673706,0.0
49.291089,"[247.2579345703125, 8.930069923400879, 0.0]","[262.13018798828125, 4.5, 0.0]",7.516795787352308,7.658041477203369,2.5530322112572,15.026920773991966,0.2093613687136564,0.9244490414857864,0.0,0.9244490414857864,0.0
49.310974,"[247.40713500976562, 8.924385070800781, 0.0]","[262.28314208984375, 4.5, 0.0]",7.568142340095709,7.640664577484133,2.567327637170047,15.030126991412825,0.14124568985106123,0.9296330809593201,0.0,0.9296330809593201,0.0
49.330051,"[247.55735778808594, 8.918661117553711, 0.0]","[262.4349365234375, 4.5, 0.0]",7.620312195262754,7.622147560119629,2.6084927583522433,15.033665613332973,0.07252223738842378,0.9445346891880035,0.0,0.9445346891880035,0.0
49.351117,"[247.7086181640625, 8.912897109985352, 0.0]","[262.5865783691406, 4.5, 0.0]",7.6656867297747695,7.603651523590088,2.2687267256007893,15.03502025922166,0.001835364856875188,0.8215033262968063,0.0,0.8215033262968063,0.0
49.370306,"[247.8609161376953, 8.907093048095703, 0.0]","[262.73809814453125, 4.5, 0.0]",7.711834152786773,7.588503360748291,2.3073711506001793,15.035185074863893,-0.06203520618468161,0.835496336221695,0.0,0.835496336221695,0.0
49.391585,"[248.0141143798828, 8.901254653930664, 0.0]","[262.890869140625, 4.5, 0.0]",7.758479639878389,7.563204288482668,2.332274354580788,15.03418850714089,-0.12333079203848207,0.8445257693529129,0.0,0.8445257693529129,0.0
49.410767,"[248.16824340820312, 8.895380973815918, 0.0]","[263.0426025390625, 4.5, 0.0]",7.8055467833505805,7.551232814788818,2.3533571736095826,15.033540813566061,-0.19527535139572105,0.8521585166454315,0.0,0.8521585166454315,0.0
49.429805,"[248.32330322265625, 8.889472007751465, 0.0]","[263.192138671875, 4.5, 0.0]",7.852967047898227,7.525216579437256,2.3710132273823348,15.03092430587116,-0.25431396856176214,0.8585409820079803,0.0,0.8585409820079803,0.0
49.450336,"[248.4792938232422, 8.883527755737305, 0.0]","[263.3424377441406, 4.5, 0.0]",7.893905303210295,7.5124359130859375,2.0469127656034036,15.025180667976135,-0.32775046846097133,0.7411859929561615,0.0,0.7411859929561615,0.0
49.469825,"[248.63624572753906, 8.877547264099121, 0.0]","[263.492431640625, 4.5, 0.0]",7.935066940039427,7.486367225646973,2.0580818414565716,15.019266942725425,-0.38146939012435777,0.745215117931366,0.0,0.745215117931366,0.0
49.491827,"[248.79400634765625, 8.871535301208496, 0.0]","[263.64306640625, 4.5, 0.0]",7.976451947035176,7.473543167114258,2.0692503497874437,15.0120867836591,-0.44869971439245404,0.7492633908987045,0.0,0.7492633908987045,0.0
49.511274,"[248.9525909423828, 8.865492820739746, 0.0]","[263.79327392578125, 4.5, 0.0]",8.018007839789458,7.447364807128906,2.0777946377141365,15.004738712638218,-0.5029087799209178,0.7523515075445175,0.0,0.7523515075445175,0.0
49.530514,"[249.11199951171875, 8.859418869018555, 0.0]","[263.9407958984375, 4.5, 0.0]",8.059690700527108,7.434313774108887,2.084143036882491,14.996137644747659,-0.570643032660552,0.7546713203191757,0.0,0.7546713203191757,0.0
49.550683,"[249.27224731445312, 8.853313446044922, 0.0]","[264.0923156738281, 4.5, 0.0]",8.096284900605244,7.407394409179689,1.8297100039068148,14.98402941168439,-0.6253769264182214,0.6625621765851974,0.0,0.6625621765851974,0.0
49.571216,"[249.43331909179688, 8.847175598144531, 0.0]","[264.2374572753906, 4.5, 0.0]",8.1329821839558,7.394662857055664,1.8348641675277833,14.975076256297838,-0.6888904914255551,0.6643697619438171,0.0,0.6643697619438171,0.0
49.591178,"[249.59512329101562, 8.841010093688965, 0.0]","[264.38592529296875, 4.5, 0.0]",8.169767282429058,7.3681535720825195,1.839254923662903,14.958923930621046,-0.738319326900136,0.6659965962171555,0.0,0.6659965962171555,0.0
49.609484,"[249.75765991210938, 8.834816932678223, 0.0]","[264.5329284667969, 4.5, 0.0]",8.206621103462153,7.35515022277832,1.8426910516547323,14.945363670318882,-0.8016137103465386,0.667235478758812,0.0,0.667235478758812,0.0
49.630633,"[249.9209442138672, 8.828595161437988, 0.0]","[264.6785888671875, 4.5, 0.0]",8.243528378905427,7.328830242156982,1.8453637721637328,14.929605176028346,-0.8514708806838325,0.6682106107473373,0.0,0.6682106107473373,0.0
49.649637,"[250.0849609375, 8.822345733642578, 0.0]","[264.8256530761719, 4.5, 0.0]",8.274316277842848,7.3156538009643555,1.539394946871031,14.911758660223878,-0.914698136748445,0.5574021488428116,0.0,0.5574021488428116,0.0
49.670202,"[250.2497100830078, 8.816068649291992, 0.0]","[264.9718933105469, 4.5, 0.0]",8.305149981229404,7.28925895690918,1.5416851693277778,14.894581486374083,-0.9586624768784926,0.5582199245691299,0.0,0.5582199245691299,0.0
49.690744,"[250.41506958007812, 8.809767723083496, 0.0]","[265.1177978515625, 4.5, 0.0]",8.336063869068337,7.276239395141602,1.5456943919466504,14.875846489673238,-1.015891024320224,0.5597079917788506,0.0,0.5597079917788506,0.0
49.711028,"[250.5810546875, 8.80344295501709, 0.0]","[265.2661437988281, 4.5, 0.0]",8.367050272107708,7.2495951652526855,1.5493201519685584,14.856166225596873,-1.059824473926735,0.5609800666570663,0.0,0.5609800666570663,0.0
49.731241,"[250.74765014648438, 8.79709529876709, 0.0]","[265.4107666015625, 4.5, 0.0]",8.398097761362838,7.23700475692749,1.5523744627564895,14.83829903320195,-1.1174551068550223,0.5621021240949631,0.0,0.5621021240949631,0.0
49.751991,"[250.9148712158203, 8.79072380065918, 0.0]","[265.5521240234375, 4.5, 0.0]",8.423873314290493,7.211521148681641,1.288777646382755,14.816101610577695,-1.1610930044353474,0.4666386544704437,0.0,0.4666386544704437,0.0
49.76954,"[251.0827178955078, 8.78432846069336, 0.0]","[265.698974609375, 4.5, 0.0]",8.44970232276335,7.198634624481201,1.2914504236428925,14.790013617523044,-1.212352165608852,0.4676443338394165,0.0,0.4676443338394165,0.0
49.79241,"[251.25106811523438, 8.777913093566895, 0.0]","[265.8438720703125, 4.5, 0.0]",8.475622928786503,7.172677516937256,1.2960303011576357,14.768788742030122,-1.2510676982821494,0.46925783157348633,0.0,0.46925783157348633,0.0
49.81075,"[251.41993713378906, 8.771478652954102, 0.0]","[265.9876708984375, 4.5, 0.0]",8.501619882366434,7.1602959632873535,1.2998476789965352,14.745108717139924,-1.3029454118492474,0.4706371948122978,0.0,0.4706371948122978,0.0
49.83045,"[251.58932495117188, 8.765024185180664, 0.0]","[266.1289978027344, 4.5, 0.0]",8.52768174317118,7.135499000549316,1.3030930402373464,14.719811707264856,-1.3413239190790804,0.4718359559774399,0.0,0.4718359559774399,0.0
49.851282,"[251.7592315673828, 8.758549690246582, 0.0]","[266.2695617675781, 4.5, 0.0]",8.548792350989755,7.124134063720703,1.0555303909287161,14.691526862312646,-1.3921827426218645,0.382172092795372,0.0,0.382172092795372,0.0
49.870376,"[251.92965698242188, 8.752055168151855, 0.0]","[266.4113464355469, 4.5, 0.0]",8.569967875111393,7.1026110649108904,1.0587762060819017,14.661961427866098,-1.424658287269052,0.38335252553224564,0.0,0.38335252553224564,0.0
49.892094,"[252.1005096435547, 8.745545387268066, 0.0]","[266.5541076660156, 4.5, 0.0]",8.591231225704156,7.084296226501465,1.0631675296381538,14.633094649516933,-1.4673568102005028,0.38494158536195755,0.0,0.38494158536195755,0.0
49.910841,"[252.27178955078125, 8.739019393920898, 0.0]","[266.69891357421875, 4.5, 0.0]",8.612536573354358,7.065852642059326,1.0652673825100933,14.60477571511164,-1.5069349992026915,0.38573961704969406,0.0,0.38573961704969406,0.0
49.931451,"[252.44349670410156, 8.732477188110352, 0.0]","[266.83929443359375, 4.5, 0.0]",8.633937344102968,7.045485019683838,1.0700385374304844,14.57807291294093,-1.546683931295032,0.387435220181942,0.0,0.387435220181942,0.0
49.950915,"[252.61561584472656, 8.725918769836426, 0.0]","[266.9798278808594, 4.5, 0.0]",8.651188513480713,7.03509521484375,0.8625584688872756,14.546520225837105,-1.58845232441913,0.3123284690082073,0.0,0.3123284690082073,0.0
49.970182,"[252.7881622314453, 8.719343185424805, 0.0]","[267.1181335449219, 4.5, 0.0]",8.668500759996128,7.0116472244262695,0.8656123257707371,14.514707710107864,-1.6160932986369634,0.3134061023592949,0.0,0.3134061023592949,0.0
49.991351,"[252.9610595703125, 8.71275520324707, 0.0]","[267.261474609375, 4.5, 0.0]",8.68588171431958,7.000917434692383,0.8690477161725774,14.48024241445023,-1.6568535355698586,0.31471390277147293,0.0,0.31471390277147293,0.0
50.010291,"[253.13430786132812, 8.706153869628906, 0.0]","[267.398681640625, 4.5, 0.0]",8.703331360563794,6.977742671966553,0.8724823122107317,14.450456718726615,-1.6849642796271969,0.31594589352607727,0.0,0.31594589352607727,0.0
50.029459,"[253.3079071044922, 8.699539184570312, 0.0]","[267.53857421875, 4.5, 0.0]",8.720819178316765,6.968681335449219,0.8743908876485129,14.414188282920485,-1.7255886885972416,0.3165944665670395,0.0,0.3165944665670395,0.0
50.051967,"[253.48184204101562, 8.692911148071289, 0.0]","[267.6780700683594, 4.5, 0.0]",8.734707125249834,6.946333408355714,0.6943973466534636,14.380254679228761,-1.7521378428675458,0.25141339749097824,0.0,0.25141339749097824,0.0
50.070806,"[253.6561279296875, 8.686269760131836, 0.0]","[267.81475830078125, 4.5, 0.0]",8.74866378679962,6.9376325607299805,0.697833077489296,14.34559013282031,-1.78837371689412,0.2527167275547981,0.0,0.2527167275547981,0.0
50.091522,"[253.8306884765625, 8.679617881774902, 0.0]","[267.9578857421875, 4.5, 0.0]",8.762685346496133,6.914875507354736,0.7010779848256377,14.307766367556951,-1.8110312260696393,0.25383003056049347,0.0,0.25383003056049347,0.0
50.109729,"[254.0055389404297, 8.672955513000488, 0.0]","[268.0931701660156, 4.5, 0.0]",8.77676418501705,6.906484603881836,0.7039419260459034,14.276103253388946,-1.8478098391413962,0.2549218200147152,0.0,0.2549218200147152,0.0
50.131967,"[254.1806640625, 8.666282653808594, 0.0]","[268.23126220703125, 4.5, 0.0]",8.79089645865709,6.885635852813721,0.7066136820019331,14.236311734370418,-1.8702795811352146,0.25588929653167725,0.0,0.25588929653167725,0.0
50.151524,"[254.3560791015625, 8.659598350524902, 0.0]","[268.3689880371094, 4.5, 0.0]",8.801719001711374,6.878151893615723,0.5411271527142603,14.19905142243537,-1.9052606058433685,0.19591350108385086,0.0,0.19591350108385086,0.0
50.171727,"[254.53176879882812, 8.65290355682373, 0.0]","[268.5063171386719, 4.5, 0.0]",8.812591152066666,6.857378959655763,0.5436075177645883,14.161135022644245,-1.9235671080956518,0.19686199724674225,0.0,0.19686199724674225,0.0
50.191089,"[254.70767211914062, 8.646200180053711, 0.0]","[268.6435546875, 4.5, 0.0]",8.823528206242749,6.849948406219482,0.5468527088041242,14.122548287058079,-1.9552121924109036,0.1979895867407322,0.0,0.1979895867407322,0.0
50.217446,"[254.8837890625, 8.63948917388916, 0.0]","[268.7848815917969, 4.5, 0.0]",8.834518706886003,6.828974723815918,0.5495250321627232,14.083654824285732,-1.9735798000232663,0.1989884302020073,0.0,0.1989884302020073,0.0
50.230483,"[255.0601348876953, 8.632769584655762, 0.0]","[268.9157409667969, 4.5, 0.0]",8.845551207990933,6.82356595993042,0.5516250552465074,14.048634954684562,-2.005543983070085,0.19976992160081863,0.0,0.19976992160081863,0.0
50.251101,"[255.2366943359375, 8.626041412353516, 0.0]","[269.0534362792969, 4.5, 0.0]",8.854018344491527,6.804196357727051,0.42335682502967487,14.002925623493239,-2.0219852480605134,0.15327606350183487,0.0,0.15327606350183487,0.0
50.270441,"[255.41348266601562, 8.619304656982422, 0.0]","[269.1886901855469, 4.5, 0.0]",8.862542762086308,6.798380374908447,0.42622087973906986,13.963833956155971,-2.049821986764476,0.1543605886399746,0.0,0.1543605886399746,0.0
50.291441,"[255.59043884277344, 8.61256217956543, 0.0]","[269.3281555175781, 4.5, 0.0]",8.871120632957185,6.78217887878418,0.428893543543829,13.922074087393657,-2.064162387177861,0.15530960634350777,0.0,0.15530960634350777,0.0
50.309893,"[255.76756286621094, 8.605813026428223, 0.0]","[269.46075439453125, 4.5, 0.0]",8.879751950295278,6.770106315612793,0.4315658669046485,13.884354166886922,-2.088941754173005,0.15627587214112282,0.0,0.15627587214112282,0.0
50.332192,"[255.94485473632812, 8.5990571975708, 0.0]","[269.5964050292969, 4.5, 0.0]",8.888432890821688,6.759008884429932,0.4340470263205276,13.83960431380855,-2.109645634682485,0.1571429893374443,0.0,0.1571429893374443,0.0
50.349832,"[256.122314453125, 8.592294692993164, 0.0]","[269.73175048828125, 4.5, 0.0]",8.894747016237803,6.747935771942139,0.3157062708057268,13.7977355498827,-2.1294240063917567,0.11433572508394718,0.0,0.11433572508394718,0.0
50.369482,"[256.2999572753906, 8.585525512695312, 0.0]","[269.8662109375, 4.5, 0.0]",8.901137475592737,6.736934661865234,0.3195229677467104,13.755394329248492,-2.146811244295664,0.1156866829842329,0.0,0.1156866829842329,0.0
50.389686,"[256.47772216796875, 8.578751564025879, 0.0]","[270.00091552734375, 4.5, 0.0]",8.907577555866286,6.72591495513916,0.3220040136774571,13.711985988667637,-2.1642028137275027,0.11659068055450916,0.0,0.11659068055450916,0.0
50.410872,"[256.6556091308594, 8.571972846984863, 0.0]","[270.1356201171875, 4.5, 0.0]",8.914059642275788,6.7150421142578125,0.32410432047509374,13.668700395239302,-2.181662600727126,0.11736488901078701,0.0,0.11736488901078701,0.0
50.430855,"[256.8336181640625, 8.565189361572266, 0.0]","[270.26947021484375, 4.5, 0.0]",8.920587527459775,6.705365180969238,0.3263942591993363,13.625290266998194,-2.1990175280179756,0.11816167272627354,0.0,0.11816167272627354,0.0
50.45187,"[257.01177978515625, 8.558401107788086, 0.0]","[270.4031066894531, 4.5, 0.0]",8.925237220307359,6.695704460144043,0.23248464237921596,13.58090457846161,-2.2152223464905365,0.08421546779572964,0.0,0.08421546779572964,0.0
50.468926,"[257.1900634765625, 8.551607131958008, 0.0]","[270.5368957519531, 4.5, 0.0]",8.929928910212281,6.686033725738525,0.23458449524609293,13.536153236483157,-2.229532760163316,0.08497071452438831,0.0,0.08497071452438831,0.0
50.489944,"[257.3684387207031, 8.54481029510498, 0.0]","[270.67132568359375, 4.5, 0.0]",8.934670211957068,6.676314830780029,0.23706508723932984,13.491432643499873,-2.2438951844737556,0.08580891415476799,0.0,0.08580891415476799,0.0
50.510967,"[257.5469055175781, 8.538009643554688, 0.0]","[270.8049621582031, 4.5, 0.0]",8.939453522107575,6.666783809661865,0.23916550752538512,13.4472613289769,-2.2583553811770383,0.08660715073347092,0.0,0.08660715073347092,0.0
50.529521,"[257.7254638671875, 8.531205177307129, 0.0]","[270.9381103515625, 4.5, 0.0]",8.944271166869662,6.658273696899414,0.24088223810432297,13.402205028502424,-2.27266971244571,0.0872562825679779,0.0,0.0872562825679779,0.0
50.549608,"[257.90411376953125, 8.524396896362305, 0.0]","[271.07147216796875, 4.5, 0.0]",8.947543047580165,6.649750709533691,0.16359403552517193,13.35656822916382,-2.2859974699702477,0.059250546619296074,0.0,0.059250546619296074,0.0
50.570883,"[258.0828552246094, 8.517584800720215, 0.0]","[271.2069091796875, 4.5, 0.0]",8.950863604007706,6.641094207763672,0.16602782137704608,13.311053267694893,-2.2977923380464738,0.06011330522596836,0.0,0.06011330522596836,0.0
50.591105,"[258.2616882324219, 8.510772705078125, 0.0]","[271.33990478515625, 4.5, 0.0]",8.954227916395988,6.632595062255859,0.16821561941409158,13.267522238399904,-2.309769396244034,0.06086451932787895,0.0,0.06086451932787895,0.0
50.611019,"[258.4405822753906, 8.50396728515625, 0.0]","[271.4725036621094, 4.5, 0.0]",8.957623973046152,6.624228000640869,0.1698028325082035,13.221454474748619,-2.3216328541401285,0.06152782589197159,0.0,0.06152782589197159,0.0
50.630534,"[258.6195373535156, 8.497172355651855, 0.0]","[271.6038818359375, 4.5, 0.0]",8.961061271772538,6.616613864898682,0.17186493631928812,13.1749122776808,-2.333395972405283,0.06224555894732475,0.0,0.06224555894732475,0.0
50.652319,"[258.7985534667969, 8.49039077758789, 0.0]","[271.7367248535156, 4.5, 0.0]",8.963228963781111,6.608916282653809,0.10838460042865705,13.127064098459197,-2.344447406873856,0.039245858788490295,0.0,0.039245858788490295,0.0
50.669527,"[258.9776611328125, 8.483625411987305, 0.0]","[271.8691711425781, 4.5, 0.0]",8.965433211380569,6.601241588592531,0.11021237997290712,13.080585374522409,-2.3543126811273023,0.03994227387011051,0.0,0.03994227387011051,0.0
50.689906,"[259.15679931640625, 8.476877212524414, 0.0]","[271.9988098144531, 4.5, 0.0]",8.967677215029147,6.593730449676514,0.11220018242887875,13.033584237418628,-2.364191622788038,0.04066286142915487,0.0,0.04066286142915487,0.0
50.710481,"[259.3359680175781, 8.470148086547852, 0.0]","[272.1307678222656, 4.5, 0.0]",8.96995986014583,6.5894694328308105,0.11413225583414288,12.983712698241852,-2.373946765352633,0.04134944640100002,0.0,0.04134944640100002,0.0
50.730509,"[259.51519775390625, 8.463438034057617, 0.0]","[272.2629699707031, 4.5, 0.0]",8.972272485086213,6.575602054595947,0.11563124701918781,12.936091893902928,-2.380490427315019,0.04188988823443651,0.0,0.04188988823443651,0.0
50.750777,"[259.6944580078125, 8.456746101379395, 0.0]","[272.39361572265625, 4.5, 0.0]",8.973535224920548,6.575152397155762,0.06313699171673903,12.888623325754752,-2.396670430490266,0.022886383812874556,0.0,0.022886383812874556,0.0
50.770418,"[259.873779296875, 8.450071334838867, 0.0]","[272.525146484375, 4.5, 0.0]",8.974816066161928,6.561321258544922,0.06404206206900298,12.839543401500292,-2.3983828277647863,0.023247322533279657,0.0,0.023247322533279657,0.0
50.79132,"[260.0531311035156, 8.443412780761719, 0.0]","[272.6570129394531, 4.5, 0.0]",8.976150861866698,6.5608038902282715,0.06673978523847879,12.791265957125743,-2.413494807617006,0.024156479630619287,0.0,0.024156479630619287,0.0
50.810637,"[260.2325134277344, 8.436771392822266, 0.0]","[272.7879943847656, 4.5, 0.0]",8.977516541816604,6.547013759613037,0.06828399749529979,12.743276757800928,-2.415346971638426,0.024768158327788115,0.0,0.024768158327788115,0.0
50.830568,"[260.41192626953125, 8.430146217346191, 0.0]","[272.9190368652344, 4.5, 0.0]",8.978913010923257,6.546622276306152,0.06982345533268486,12.694362049421036,-2.4305027822035665,0.025289347395300865,0.0,0.025289347395300865,0.0
50.851867,"[260.59136962890625, 8.42353630065918, 0.0]","[273.0502014160156, 4.5, 0.0]",8.97948513737395,6.532893657684326,0.028606322534674433,12.645470428868723,-2.432290734617105,0.010389582021161914,0.0,0.010389582021161914,0.0
50.870331,"[260.77081298828125, 8.416942596435547, 0.0]","[273.17987060546875, 4.5, 0.0]",8.980091758267868,6.5325775146484375,0.030331044695852682,12.596664718742877,-2.4465914796896246,0.01099049812182784,0.0,0.01099049812182784,0.0
50.891835,"[260.9502868652344, 8.410365104675293, 0.0]","[273.31402587890625, 4.5, 0.0]",8.980736657060516,6.5186872482299805,0.03224493963243091,12.546360081190077,-2.4475142436194304,0.01164881861768663,0.0,0.01164881861768663,0.0
50.910587,"[261.1297607421875, 8.403804779052734, 0.0]","[273.4416809082031, 4.5, 0.0]",8.981412139859836,6.518445014953613,0.03377413996599188,12.500505170686822,-2.462049408830536,0.012234521564096212,0.0,0.012234521564096212,0.0
50.932013,"[261.30926513671875, 8.397260665893555, 0.0]","[273.57403564453125, 4.5, 0.0]",8.982118146406687,6.504348278045654,0.035300327342557836,12.448152713869238,-2.462967124906223,0.012760632671415806,0.0,0.012760632671415806,0.0
50.950492,"[261.48876953125, 8.390732765197754, 0.0]","[273.7015380859375, 4.5, 0.0]",8.981488118931438,6.503854751586914,-0.03150137376248807,12.400463495108388,-2.477769868361033,0.0,0.0019409917294979095,0.0,0.0019409917294979095
50.971847,"[261.6683044433594, 8.384221076965332, 0.0]","[273.8318176269531, 4.5, 0.0]",8.980976400790633,6.489874362945557,-0.025585907040248657,12.347927141555969,-2.4776333673445237,0.0,0.0015708840219303966,0.0,0.0015708840219303966
50.990128,"[261.8478088378906, 8.377726554870605, 0.0]","[273.9642333984375, 4.5, 0.0]",8.980533375952904,6.48910665512085,-0.022151241886447792,12.298135504121257,-2.491102037845076,0.0,0.0013611380709335208,0.0,0.0013611380709335208
51.014776,"[262.0273132324219, 8.37125015258789, 0.0]","[274.0954895019531, 4.5, 0.0]",8.980124645218979,6.4749794006347665,-0.02043653669625556,12.250509204056105,-2.491426720832054,0.0,0.00125968421343714,0.0,0.00125968421343714
51.030756,"[262.2068176269531, 8.364790916442871, 0.0]","[274.2205810546875, 4.5, 0.0]",8.97978078560131,6.474019527435303,-0.017192980883429243,12.2017241106875,-2.505145244584212,0.0,0.0010617056395858526,0.0,0.0010617056395858526
51.050472,"[262.38629150390625, 8.358348846435547, 0.0]","[274.35247802734375, 4.5, 0.0]",8.97813908701278,6.45931339263916,-0.08208492942651802,12.146779538850257,-2.5057612581660074,0.0,0.005041918717324734,0.0,0.005041918717324734
51.069943,"[262.5657653808594, 8.351923942565918, 0.0]","[274.4811706542969, 4.5, 0.0]",8.97656992499413,6.458133220672607,-0.07845810093245476,12.098668209249931,-2.5188256943736196,0.0,0.004822741262614727,0.0,0.004822741262614727
51.091665,"[262.7452087402344, 8.345518112182617, 0.0]","[274.609619140625, 4.5, 0.0]",8.975054218605091,6.443636894226074,-0.07578531945195977,12.047355155977375,-2.5184367043215232,0.0,0.004654046148061752,0.0,0.004654046148061752
51.110754,"[262.92462158203125, 8.339130401611328, 0.0]","[274.73779296875, 4.5, 0.0]",8.97356906927935,6.442383289337158,-0.07425746628708652,11.995830994324795,-2.5314173243790172,0.0,0.004566787276417017,0.0,0.004566787276417017
51.130814,"[263.10400390625, 8.33276081085205, 0.0]","[274.868408203125, 4.5, 0.0]",8.972156493044183,6.426829814910889,-0.07062881175832203,11.944062004483603,-2.5311857799421915,0.0,0.00434161676093936,0.0,0.00434161676093936
51.150627,"[263.2833557128906, 8.326410293579102, 0.0]","[274.9945068359375, 4.5, 0.0]",8.968838604996202,6.424914836883545,-0.16589440239904718,11.894764758681097,-2.5453266781332946,0.0,0.010201697237789631,0.0,0.010201697237789631
51.170868,"[263.4626770019531, 8.320077896118164, 0.0]","[275.123291015625, 4.5, 0.0]",8.965574472091625,6.409483909606934,-0.16320664522888606,11.840988057868133,-2.5439237681126574,0.0,0.010032176971435547,0.0,0.010032176971435547
51.19115,"[263.6419372558594, 8.313765525817871, 0.0]","[275.2518310546875, 4.5, 0.0]",8.962356959878639,6.4074015617370605,-0.16087561064930256,11.789926623284224,-2.556090562484691,0.0,0.0098899370059371,0.0,0.0098899370059371
51.209309,"[263.8211364746094, 8.307473182678223, 0.0]","[275.37957763671875, 4.5, 0.0]",8.959177962336764,6.39525032043457,-0.1589498770937503,11.738681871302008,-2.554955398141578,0.0,0.009768952615559101,0.0,0.009768952615559101
51.231402,"[264.0002746582031, 8.301201820373535, 0.0]","[275.50714111328125, 4.5, 0.0]",8.95601778642282,6.3854660987854,-0.1580087956972065,11.686706188593865,-2.5639276419021932,0.0,0.009712283499538898,0.0,0.009712283499538898
51.250689,"[264.1793518066406, 8.294951438903809, 0.0]","[275.6346740722656, 4.5, 0.0]",8.95286409052123,6.375682353973389,-0.1576847950794935,11.634608661978287,-2.570551687637419,0.0,0.009691563434898853,0.0,0.009691563434898853
51.270202,"[264.3583679199219, 8.288723945617676, 0.0]","[275.7619934082031, 4.5, 0.0]",8.948161005386625,6.365917682647705,-0.23515425673021895,11.58253907568527,-2.577181736547841,0.0,0.014454960823059082,0.0,0.014454960823059082
51.291494,"[264.5373229980469, 8.28252124786377, 0.0]","[275.8902893066406, 4.5, 0.0]",8.943489538182856,6.356077194213867,-0.23357336018845487,11.530313161512302,-2.58224332273892,0.0,0.01436526793986559,0.0,0.01436526793986559
51.309613,"[264.7161865234375, 8.276346206665039, 0.0]","[276.0172424316406, 4.5, 0.0]",8.938820186128742,6.346193790435791,-0.23346760270568367,11.479117291665068,-2.587412343968989,0.0,0.014350569806993008,0.0,0.014350569806993008
51.330571,"[264.89495849609375, 8.270200729370117, 0.0]","[276.1433410644531, 4.5, 0.0]",8.934181565030363,6.335288047790527,-0.2319310549189879,11.426656993458487,-2.5926263956929514,0.0,0.014257751405239105,0.0,0.014257751405239105
51.351881,"[265.0736389160156, 8.264086723327637, 0.0]","[276.27008056640625, 4.5, 0.0]",8.928397349858841,6.324322700500489,-0.28921075857608614,11.373421236584507,-2.5988935172398353,0.0,0.0177762471139431,0.0,0.0177762471139431
51.370796,"[265.2522277832031, 8.258007049560547, 0.0]","[276.39739990234375, 4.5, 0.0]",8.922646230109043,6.313310623168945,-0.28755598748988476,11.320900072796043,-2.6040746493583518,0.0,0.017668070271611214,0.0,0.017668070271611214
51.393439,"[265.4306945800781, 8.25196361541748, 0.0]","[276.52447509765625, 4.5, 0.0]",8.916896315239095,6.302319049835205,-0.28749574349742346,11.269028168742846,-2.609335606940098,0.0,0.017669862136244774,0.0,0.017669862136244774
51.41048,"[265.6090393066406, 8.245959281921387, 0.0]","[276.649169921875, 4.5, 0.0]",8.911142556584359,6.291375160217285,-0.28768793273679094,11.217012220045259,-2.6145772654038897,0.0,0.017683913931250572,0.0,0.017683913931250572
51.430646,"[265.78729248046875, 8.239996910095215, 0.0]","[276.774169921875, 4.5, 0.0]",8.905394777777392,6.279205799102783,-0.28738894034834317,11.16271069391935,-2.619767396367074,0.0,0.017658350989222527,0.0,0.017658350989222527
51.449439,"[265.9654235839844, 8.234078407287598, 0.0]","[276.8999328613281, 4.5, 0.0]",8.898316017133833,6.26696252822876,-0.3539380321779362,11.108776730052046,-2.626188978674609,0.0,0.021750984713435173,0.0,0.021750984713435173
51.470283,"[266.1434326171875, 8.228205680847168, 0.0]","[277.025390625, 4.5, 0.0]",8.891251352568792,6.254748821258546,-0.35323322825204784,11.055698896284515,-2.6313534889050736,0.0,0.02170744724571705,0.0,0.02170744724571705
51.491079,"[266.3212890625, 8.222381591796875, 0.0]","[277.15118408203125, 4.5, 0.0]",8.884168098799655,6.2425031661987305,-0.3541626884568494,11.00240267155203,-2.6365025313102466,0.0,0.021764522418379784,0.0,0.021764522418379784
51.510534,"[266.4990234375, 8.216608047485352, 0.0]","[277.2749328613281, 4.5, 0.0]",8.877070815005515,6.230299472808838,-0.35486418970700484,10.949560547565639,-2.641664932600925,0.0,0.02180710807442665,0.0,0.02180710807442665
51.530529,"[266.6766052246094, 8.210886001586914, 0.0]","[277.401123046875, 4.5, 0.0]",8.869948954438499,6.216585159301758,-0.35609302835082346,10.894764903036481,-2.6467713421966774,0.0,0.02188251167535782,0.0,0.02188251167535782
51.551265,"[266.85406494140625, 8.205215454101562, 0.0]","[277.5246887207031, 4.5, 0.0]",8.861492222241225,6.203154563903809,-0.4228366098637082,10.842526723015572,-2.653363795136741,0.0,0.02598223276436329,0.0,0.02598223276436329
51.571298,"[267.0313720703125, 8.19959831237793, 0.0]","[277.6482238769531, 4.5, 0.0]",8.853019775439323,6.189728736877441,-0.4236223400950756,10.787761388614044,-2.658337658337416,0.0,0.02603003941476345,0.0,0.02603003941476345
51.591019,"[267.2085266113281, 8.194038391113281, 0.0]","[277.7724914550781, 4.5, 0.0]",8.844526041121105,6.176223278045654,-0.4246867159109158,10.733087105756072,-2.6632910385618818,0.0,0.02609676495194435,0.0,0.02609676495194435
51.609721,"[267.385498046875, 8.188535690307617, 0.0]","[277.897705078125, 4.5, 0.0]",8.836009083246106,6.162428379058839,-0.42584789374995324,10.679268330634457,-2.6683027630754506,0.0,0.026176204904913902,0.0,0.026176204904913902
51.632788,"[267.56231689453125, 8.183091163635254, 0.0]","[278.0193176269531, 4.5, 0.0]",8.827461585341357,6.1511430740356445,-0.4273748952374312,10.626549547589827,-2.673580704187267,0.0,0.026263272389769554,0.0,0.026263272389769554
51.650168,"[267.73895263671875, 8.177704811096191, 0.0]","[278.1409606933594, 4.5, 0.0]",8.81759429035007,6.129852294921875,-0.49336474956431786,10.570355116591934,-2.6763185113057126,0.0,0.030323874205350876,0.0,0.030323874205350876
51.671406,"[267.9154357910156, 8.172377586364746, 0.0]","[278.2631530761719, 4.5, 0.0]",8.807724239733446,6.121830940246582,-0.49350253083124684,10.514350970238672,-2.687741995428196,0.0,0.030329285189509392,0.0,0.030329285189509392
51.691101,"[268.0917053222656, 8.167108535766602, 0.0]","[278.389404296875, 4.5, 0.0]",8.797813547286722,6.099987983703614,-0.49553462233618006,10.459027391542804,-2.685893299486864,0.0,0.03045312501490116,0.0,0.03045312501490116
51.711184,"[268.2677917480469, 8.161897659301758, 0.0]","[278.5086364746094, 4.5, 0.0]",8.787868567104999,6.09217643737793,-0.49724900908616476,10.40795669930223,-2.697825563583108,0.0,0.030564183369278908,0.0,0.030564183369278908
51.731119,"[268.44366455078125, 8.156744003295898, 0.0]","[278.6328430175781, 4.5, 0.0]",8.777875813737685,6.06928014755249,-0.49963766836569334,10.350042212905754,-2.6956921297270693,0.0,0.030709287151694298,0.0,0.030709287151694298
51.750585,"[268.6193542480469, 8.151647567749023, 0.0]","[278.75091552734375, 4.5, 0.0]",8.766407716126606,6.060521125793457,-0.5734048805539516,10.297303216013898,-2.708595666185195,0.0,0.03524351492524147,0.0,0.03524351492524147
51.769734,"[268.7948303222656, 8.146608352661133, 0.0]","[278.8722229003906, 4.5, 0.0]",8.754931168491268,6.038005352020264,-0.5738273817669004,10.23860834469429,-2.705886590333149,0.0,0.03526708483695984,0.0,0.03526708483695984
51.79118,"[268.9700927734375, 8.141627311706543, 0.0]","[278.9937438964844, 4.5, 0.0]",8.743405935048381,6.028797626495361,-0.5762616721443514,10.183356504427223,-2.7169258164710044,0.0,0.035420503467321396,0.0,0.035420503467321396
51.809823,"[269.1451110839844, 8.136706352233887, 0.0]","[279.1141662597656, 4.5, 0.0]",8.731827462561263,6.006272792816162,-0.5789236243558982,10.128526570756113,-2.7146083085530197,0.0,0.03558570519089699,0.0,0.03558570519089699
51.830711,"[269.3199157714844, 8.131847381591797, 0.0]","[279.233642578125, 4.5, 0.0]",8.720193210819152,5.996278285980225,-0.5817125871055318,10.072838296067383,-2.725554669745101,0.0,0.03575628250837326,0.0,0.03575628250837326
51.849312,"[269.4944763183594, 8.127049446105957, 0.0]","[279.3526611328125, 4.5, 0.0]",8.707669873878562,5.973015785217286,-0.6261668470295412,10.016410139390167,-2.723914924838928,0.0,0.038484424352645874,0.0,0.038484424352645874
51.869573,"[269.6688232421875, 8.122313499450684, 0.0]","[279.4742431640625, 4.5, 0.0]",8.695116000963385,5.962726593017578,-0.6276936457588533,9.959761927905163,-2.7346540886612756,0.0,0.03858158364892006,0.0,0.03858158364892006
51.892478,"[269.8429260253906, 8.11764144897461, 0.0]","[279.59246826171875, 4.5, 0.0]",8.68249943583654,5.939571380615234,-0.6308282563422196,9.905877789064398,-2.7323894079458064,0.0,0.03877510130405426,0.0,0.03877510130405426
51.911237,"[270.0167541503906, 8.113033294677734, 0.0]","[279.71319580078125, 4.5, 0.0]",8.669808173350285,5.9293131828308105,-0.6345631243127592,9.848876987410419,-2.742928055221306,0.0,0.039001017808914185,0.0,0.039001017808914185
51.929852,"[270.1903381347656, 8.108489036560059, 0.0]","[279.82830810546875, 4.5, 0.0]",8.657052619504524,5.905930995941162,-0.6377776922880329,9.794642941201568,-2.7404949905194744,0.0,0.03920082002878189,0.0,0.03920082002878189
51.949416,"[270.3636779785156, 8.104010581970215, 0.0]","[279.94635009765625, 4.5, 0.0]",8.642847313852695,5.895462989807129,-0.7102652825914824,9.735031557013919,-2.751121623563362,0.0,0.04365669563412666,0.0,0.04365669563412666
51.969077,"[270.5367736816406, 8.099597930908203, 0.0]","[280.0643615722656, 4.5, 0.0]",8.628708886064834,5.871659755706787,-0.7069213893930559,9.67858303020716,-2.7473843240455658,0.0,0.043453413993120193,0.0,0.043453413993120193
51.991487,"[270.7095642089844, 8.09525203704834, 0.0]","[280.18218994140625, 4.5, 0.0]",8.614494181567965,5.861220836639404,-0.7107352248434395,9.622337407192315,-2.7570491303580464,0.0,0.04368371143937111,0.0,0.04368371143937111
52.011438,"[270.882080078125, 8.090970993041992, 0.0]","[280.2998352050781, 4.5, 0.0]",8.600232391359265,5.837444305419923,-0.7130895104349833,9.566206263638456,-2.7532733449285605,0.0,0.04383387044072151,0.0,0.04383387044072151
52.030232,"[271.0543212890625, 8.08675479888916, 0.0]","[280.4183044433594, 4.5, 0.0]",8.585868043106478,5.826677322387695,-0.7182174126393548,9.510160329614646,-2.7627880859393423,0.0,0.04415188357234001,0.0,0.04415188357234001
52.05096,"[271.2262878417969, 8.082603454589844, 0.0]","[280.5311584472656, 4.5, 0.0]",8.571426956635738,5.803406238555908,-0.7220543235369803,9.455209402594773,-2.7591907207187827,0.0,0.04438132047653198,0.0,0.04438132047653198
52.069297,"[271.39794921875, 8.078516006469727, 0.0]","[280.6474304199219, 4.5, 0.0]",8.55586864056739,5.792963027954102,-0.7779158034174394,9.394917322758388,-2.76802071807983,0.0,0.04782061651349068,0.0,0.04782061651349068
52.090928,"[271.5693359375, 8.074492454528809, 0.0]","[280.7642517089844, 4.5, 0.0]",8.540239706184463,5.769104480743408,-0.7814467191463059,9.338346835983694,-2.762905612613288,0.0,0.048034943640232086,0.0,0.048034943640232086
52.112532,"[271.74041748046875, 8.070534706115723, 0.0]","[280.87969970703125, 4.5, 0.0]",8.524527817788506,5.758811950683594,-0.7855944197978637,9.282600198155503,-2.7711352254410553,0.0,0.04828843101859093,0.0,0.04828843101859093
52.129567,"[271.9111633300781, 8.066641807556152, 0.0]","[280.9940185546875, 4.5, 0.0]",8.50872424790162,5.735598564147949,-0.7901784943443069,9.22578548981303,-2.7657158671049125,0.0,0.04857053980231285,0.0,0.04857053980231285
52.150262,"[272.08160400390625, 8.062813758850098, 0.0]","[281.1089782714844, 4.5, 0.0]",8.49250247048922,5.725619792938232,-0.811088870620047,9.16817718735951,-2.773125683753671,0.0,0.04985883831977844,0.0,0.04985883831977844
52.171379,"[272.2517395019531, 8.059050559997559, 0.0]","[281.2236633300781, 4.5, 0.0]",8.47619049428648,5.705681324005127,-0.8155988101369971,9.111513764792036,-2.7668826775509867,0.0,0.050136394798755646,0.0,0.050136394798755646
52.189901,"[272.4215393066406, 8.055351257324219, 0.0]","[281.3376770019531, 4.5, 0.0]",8.459746296104784,5.689175128936768,-0.8222099090847479,9.054880824909503,-2.7705091702813522,0.0,0.050541795790195465,0.0,0.050541795790195465
52.209809,"[272.5910339355469, 8.051715850830078, 0.0]","[281.4511413574219, 4.5, 0.0]",8.443201314749105,5.67283296585083,-0.8272490677839528,8.997914416319562,-2.7705711671680167,0.0,0.05084659531712532,0.0,0.05084659531712532
52.229967,"[272.76019287109375, 8.048144340515137, 0.0]","[281.5636901855469, 4.5, 0.0]",8.426574616709486,5.657285690307617,-0.8313349019809735,8.940704232856223,-2.770368348898275,0.0,0.05110253766179085,0.0,0.05110253766179085
52.250312,"[272.92901611328125, 8.044635772705078, 0.0]","[281.6765441894531, 4.5, 0.0]",8.409893844809112,5.641693592071533,-0.8340385950186935,8.882917735847789,-2.7692889264018685,0.0,0.05127206817269325,0.0,0.05127206817269325
52.270877,"[273.0975036621094, 8.041190147399902, 0.0]","[281.7900695800781, 4.5, 0.0]",8.393135147392256,5.626011371612549,-0.8379348708428047,8.825773452937929,-2.7682002527375786,0.0,0.05151015520095825,0.0,0.05151015520095825
52.290429,"[273.2656555175781, 8.03780746459961, 0.0]","[281.9032287597656, 4.5, 0.0]",8.376292783980087,5.610381126403809,-0.8421181706084191,8.769641037781586,-2.767123775779707,0.0,0.051771122962236404,0.0,0.051771122962236404
52.309793,"[273.4334716796875, 8.034486770629883, 0.0]","[282.0147705078125, 4.5, 0.0]",8.359365804360628,5.5951008796691895,-0.8463489809729552,8.713480451572126,-2.7659116575762788,0.0,0.05202874168753624,0.0,0.05202874168753624
52.331213,"[273.6009521484375, 8.031228065490723, 0.0]","[282.1273498535156, 4.5, 0.0]",8.3423399436073,5.58075761795044,-0.851293037666423,8.656042040569808,-2.764264924691439,0.0,0.0523298904299736,0.0,0.0523298904299736
52.350528,"[273.7680969238281, 8.028031349182129, 0.0]","[282.2400207519531, 4.5, 0.0]",8.325471694463698,5.566402912139893,-0.8434124571801149,8.599979711426679,-2.7615823256568595,0.0,0.05184607207775116,0.0,0.05184607207775116
52.371047,"[273.9349060058594, 8.024892807006836, 0.0]","[282.3495788574219, 4.5, 0.0]",8.308561756861478,5.552441120147705,-0.8454968801109963,8.544348953768214,-2.759068782323805,0.0,0.05197669193148613,0.0,0.05197669193148613
52.390419,"[274.10137939453125, 8.021810531616211, 0.0]","[282.4630432128906, 4.5, 0.0]",8.291520742070782,5.537984848022461,-0.852050739534782,8.485951351488437,-2.7561206367137725,0.0,0.05237330123782158,0.0,0.05237330123782158
52.410938,"[274.26751708984375, 8.018782615661621, 0.0]","[282.57196044921875, 4.5, 0.0]",8.274393511748784,5.524295806884766,-0.8563615160999127,8.43180748001336,-2.753535894048321,0.0,0.05264534428715706,0.0,0.05264534428715706
52.429216,"[274.4333190917969, 8.015807151794434, 0.0]","[282.68353271484375, 4.5, 0.0]",8.257183857925492,5.511695384979248,-0.860482691164588,8.373467477488955,-2.750097704864018,0.0,0.05290196090936661,0.0,0.05290196090936661
52.450513,"[274.5987854003906, 8.012882232666016, 0.0]","[282.7919006347656, 4.5, 0.0]",8.240662496132163,5.499453544616699,-0.8260680896664319,8.318139527056102,-2.745488472946244,0.0,0.05078008398413658,0.0,0.05078008398413658
52.470198,"[274.763916015625, 8.010004997253418, 0.0]","[282.90167236328125, 4.5, 0.0]",8.224088701016033,5.48705530166626,-0.828689755806522,8.259962238536668,-2.741208951515464,0.0,0.05094374343752861,0.0,0.05094374343752861
52.491436,"[274.9287109375, 8.00717544555664, 0.0]","[283.0115966796875, 4.5, 0.0]",8.207439048356912,5.474640846252441,-0.8324826329560331,8.203549045407998,-2.737033399349773,0.0,0.051181815564632416,0.0,0.051181815564632416
52.509898,"[275.0931701660156, 8.00439167022705, 0.0]","[283.12152099609375, 4.5, 0.0]",8.190690451631225,5.4624505043029785,-0.8374298362843646,8.147648966555426,-2.7327982021044708,0.0,0.05147738754749298,0.0,0.05147738754749298
52.530911,"[275.2572937011719, 8.001654624938965, 0.0]","[283.2304992675781, 4.5, 0.0]",8.173875300732746,5.452075958251953,-0.8407575449239424,8.092108505180562,-2.7282399473282464,0.0,0.05168865621089935,0.0,0.05168865621089935
52.550182,"[275.42108154296875, 7.998964309692383, 0.0]","[283.3388366699219, 4.5, 0.0]",8.158061864509902,5.441761016845703,-0.7906718111422073,8.03597999655881,-2.721799342480793,0.0,0.04861307889223099,0.0,0.04861307889223099
52.570489,"[275.58453369140625, 7.996321201324463, 0.0]","[283.4480285644531, 4.5, 0.0]",8.142220336806133,5.431367874145508,-0.7920763851884338,7.979564519924988,-2.7163008476641988,0.0,0.048693303018808365,0.0,0.048693303018808365
52.590456,"[275.7476806640625, 7.993725299835205, 0.0]","[283.556884765625, 4.5, 0.0]",8.126299331046674,5.424338340759277,-0.7960502879729603,7.924354952181431,-2.7108524626606254,0.0,0.048933710902929306,0.0,0.048933710902929306
52.610541,"[275.9104919433594, 7.991176605224609, 0.0]","[283.6651306152344, 4.5, 0.0]",8.1103027070359,5.407630443572998,-0.7998312005386587,7.8691294335585855,-2.7019609902873967,0.0,0.049168042838573456,0.0,0.049168042838573456
52.630414,"[276.072998046875, 7.988675117492676, 0.0]","[283.77325439453125, 4.5, 0.0]",8.094232389271182,5.406340599060059,-0.8035158882359283,7.813639368597676,-2.702672263462903,0.0,0.04939556494355202,0.0,0.04939556494355202
52.649989,"[276.2351989746094, 7.986220359802246, 0.0]","[283.88116455078125, 4.5, 0.0]",8.079353095599973,5.391735076904298,-0.7439646835604385,7.758341087891896,-2.6878917902111237,0.0,0.04573234170675278,0.0,0.04573234170675278
52.668744,"[276.3970642089844, 7.9838128089904785, 0.0]","[283.98858642578125, 4.5, 0.0]",8.064454484761141,5.390496253967285,-0.7449305419416241,7.703140787613463,-2.6876180186956757,0.0,0.0457942895591259,0.0,0.0457942895591259
52.691516,"[276.5586242675781, 7.981451511383057, 0.0]","[284.0971984863281, 4.5, 0.0]",8.049496488438857,5.375837802886963,-0.7478998161142059,7.6477952404959995,-2.673958230793856,0.0,0.04597579687833786,0.0,0.04597579687833786
52.710992,"[276.71990966796875, 7.979135990142822, 0.0]","[284.2049255371094, 4.5, 0.0]",8.034474342846966,5.37488317489624,-0.7511072795945317,7.593948561233878,-2.673658685551894,0.0,0.04616698995232582,0.0,0.04616698995232582
52.730763,"[276.8808898925781, 7.976866245269775, 0.0]","[284.3122253417969, 4.5, 0.0]",8.019403304176945,5.362934112548828,-0.7535519335010399,7.539495738798543,-2.659591167950726,0.0,0.04631732404232025,0.0,0.04631732404232025
52.751222,"[277.04156494140625, 7.974642276763916, 0.0]","[284.4193115234375, 4.5, 0.0]",8.005710190334959,5.364328861236572,-0.684655692099323,7.484926305835984,-2.6564691916281173,0.0,0.04208581894636154,0.0,0.04208581894636154
52.770707,"[277.2019348144531, 7.972463607788086, 0.0]","[284.52679443359375, 4.5, 0.0]",7.991984382537342,5.352370738983154,-0.6862903898808614,7.430452046093009,-2.6413813290983867,0.0,0.042188771069049835,0.0,0.042188771069049835
52.790803,"[277.3620300292969, 7.970329761505127, 0.0]","[284.633544921875, 4.5, 0.0]",7.978209868093634,5.353781700134277,-0.6887257221853904,7.376681868885461,-2.6396136435541875,0.0,0.04234066978096962,0.0,0.04234066978096962
52.809823,"[277.5218505859375, 7.968240261077881, 0.0]","[284.7421569824219, 4.5, 0.0]",7.964392285700075,5.342129707336426,-0.690879119677934,7.322457555479834,-2.6244281679593566,0.0,0.042468201369047165,0.0,0.042468201369047165
52.83038,"[277.681396484375, 7.9661946296691895, 0.0]","[284.84765625, 4.5, 0.0]",7.950540370389909,5.346426486968994,-0.6925957655083081,7.270371891204235,-2.6222625783636495,0.0,0.04257608950138092,0.0,0.04257608950138092
52.849698,"[277.8406677246094, 7.964192867279053, 0.0]","[284.9544372558594, 4.5, 0.0]",7.939053260204434,5.337362289428712,-0.5743555092737385,7.215451468984084,-2.604113883420915,0.0,0.03531007841229439,0.0,0.03531007841229439
52.871122,"[277.9996643066406, 7.962233543395996, 0.0]","[285.0610046386719, 4.5, 0.0]",7.927559523539696,5.341634750366211,-0.574686833236937,7.162090326856956,-2.6016909707757225,0.0,0.035326771438121796,0.0,0.035326771438121796
52.889829,"[278.158447265625, 7.960315227508545, 0.0]","[285.1685485839844, 4.5, 0.0]",7.916034166706486,5.332553386688232,-0.5762678416604938,7.108795014582178,-2.5859247731734847,0.0,0.03542475774884224,0.0,0.03542475774884224
52.911155,"[278.3169860839844, 7.958436489105225, 0.0]","[285.2750244140625, 4.5, 0.0]",7.904492996897294,5.337167739868164,-0.5770584904595921,7.056696330383443,-2.5834807800182533,0.0,0.035476695746183395,0.0,0.035476695746183395
52.928783,"[278.4753112792969, 7.956594467163086, 0.0]","[285.38165283203125, 4.5, 0.0]",7.892940132882557,5.331100940704346,-0.5776432007368548,7.003782062253461,-2.56732525702913,0.0,0.03551505133509636,0.0,0.03551505133509636
52.949694,"[278.6333923339844, 7.95478630065918, 0.0]","[285.4891052246094, 4.5, 0.0]",7.883388116141235,5.3383708000183105,-0.47760083706607226,6.951245367682093,-2.561839192178211,0.0,0.02936132624745369,0.0,0.02936132624745369
52.970327,"[278.7912292480469, 7.953009605407715, 0.0]","[285.59576416015625, 4.5, 0.0]",7.874602624975686,5.332304000854493,-0.4392745582774804,6.8997956659065505,-2.545017316122925,0.0,0.02700827270746231,0.0,0.02700827270746231
52.991635,"[278.9488830566406, 7.951261520385742, 0.0]","[285.7027587890625, 4.5, 0.0]",7.865813837688859,5.339571475982666,-0.439439364341343,6.847819214048512,-2.5422986241211927,0.0,0.027016857638955116,0.0,0.027016857638955116
53.00941,"[279.1063537597656, 7.9495391845703125, 0.0]","[285.80938720703125, 4.5, 0.0]",7.857039896472742,5.333845615386963,-0.43869706080585935,6.796385792644365,-2.526242361706193,0.0,0.026970140635967255,0.0,0.026970140635967255
53.029618,"[279.263671875, 7.947840213775635, 0.0]","[285.91571044921875, 4.5, 0.0]",7.848295675485683,5.343990325927734,-0.43721104935294797,6.744799793879245,-2.523194281085779,0.0,0.026882223784923553,0.0,0.026882223784923553
53.049322,"[279.4208068847656, 7.94616174697876, 0.0]","[286.0234680175781, 4.5, 0.0]",7.839588277477257,5.340849399566651,-0.43536990042127854,6.693094393643245,-2.5043053495579484,0.0,0.02676568180322647,0.0,0.02676568180322647
53.070322,"[279.5777587890625, 7.944502353668213, 0.0]","[286.1302795410156, 4.5, 0.0]",7.83397404897798,5.351010322570801,-0.28071142496384205,6.643040798381962,-2.498738877910606,0.0,0.01725989393889904,0.0,0.01725989393889904
53.089954,"[279.7345275878906, 7.9428606033325195, 0.0]","[286.2375183105469, 4.5, 0.0]",7.828372182598701,5.3511857986450195,-0.2800933189639476,6.592261036215298,-2.4829637264071795,0.0,0.017221014946699142,0.0,0.017221014946699142
53.109022,"[279.8912048339844, 7.9412360191345215, 0.0]","[286.3440856933594, 4.5, 0.0]",7.822802822836731,5.354978561401367,-0.2784679880985408,6.542126491804128,-2.477186383953682,0.0,0.017121154814958572,0.0,0.017121154814958572
53.131311,"[280.0477600097656, 7.939628601074219, 0.0]","[286.4514465332031, 4.5, 0.0]",7.817280859406833,5.36113166809082,-0.27609817149487625,6.491447500513876,-2.4678242614353634,0.0,0.016975274309515953,0.0,0.016975274309515953
53.150529,"[280.2041931152344, 7.938038349151611, 0.0]","[286.5589294433594, 4.5, 0.0]",7.811816728590741,5.367293357849121,-0.2732065408046047,6.441713044846232,-2.4561491913160127,0.0,0.016796942800283432,0.0,0.016796942800283432
53.170297,"[280.36053466796875, 7.936465740203857, 0.0]","[286.66619873046875, 4.5, 0.0]",7.808211143280769,5.37344217300415,-0.1802792654986174,6.392249535883368,-2.44452337074162,0.0,0.011079507879912853,0.0,0.011079507879912853
53.189807,"[280.5167541503906, 7.934912204742432, 0.0]","[286.7744445800781, 4.5, 0.0]",7.804659829814435,5.379647254943848,-0.17756567331668194,6.3426858513888265,-2.434768970276618,0.0,0.010917004197835922,0.0,0.010917004197835922
53.210026,"[280.67291259765625, 7.933377742767334, 0.0]","[286.8818054199219, 4.5, 0.0]",7.802311466938357,5.386058330535889,-0.11741814380390458,6.294238147666421,-2.4250125748705873,0.0,0.0072189574129879475,0.0,0.0072189574129879475
53.229542,"[280.8290100097656, 7.931862831115723, 0.0]","[286.9891052246094, 4.5, 0.0]",7.800037612813205,5.394350528717041,-0.11369270625758432,6.244980784067487,-2.416253136402468,0.0,0.00698988838121295,0.0,0.00698988838121295
53.249534,"[280.98504638671875, 7.930366516113281, 0.0]","[287.0976257324219, 4.5, 0.0]",7.797846140633729,5.4027347564697275,-0.10957360897378976,6.19573275223927,-2.405687084096164,0.0,0.006735227070748806,0.0,0.006735227070748806
53.270956,"[281.14105224609375, 7.928888320922852, 0.0]","[287.2063903808594, 4.5, 0.0]",7.795742125345364,5.411140441894531,-0.10520076441826731,6.147776601835262,-2.395111384164002,0.0,0.006465968210250139,0.0,0.006465968210250139
53.290669,"[281.2969970703125, 7.927426338195801, 0.0]","[287.3143615722656, 4.5, 0.0]",7.7936807844819045,5.419483661651612,-0.10306704317297744,6.10010395412337,-2.384601683450833,0.0,0.006335362326353788,0.0,0.006335362326353788
53.310318,"[281.4529113769531, 7.925979137420654, 0.0]","[287.4224548339844, 4.5, 0.0]",7.793883793457089,5.428016185760498,0.010150448759205233,6.051709549018581,-2.3741971228302923,0.003671064041554928,0.0,0.003671064041554928,0.0
53.329805,"[281.6087646484375, 7.924545764923096, 0.0]","[287.5315246582031, 4.5, 0.0]",7.7941220640439965,5.438014984130859,0.011913529345397578,6.0034819149938885,-2.3658676076965905,0.004332914249971509,0.0,0.004332914249971509,0.0
53.349488,"[281.7646484375, 7.923122882843018, 0.0]","[287.6404113769531, 4.5, 0.0]",7.794381644949621,5.447993278503418,0.012979045281236168,5.956305555102468,-2.356107079913137,0.004694366652984172,0.0,0.004694366652984172,0.0
53.371073,"[281.9205322265625, 7.921708583831787, 0.0]","[287.74951171875, 4.5, 0.0]",7.794705802639415,5.45799207687378,0.01620788448968291,5.908934650663303,-2.3463883664462033,0.005858339136466384,0.0,0.005858339136466384,0.0
53.389244,"[282.076416015625, 7.920300483703613, 0.0]","[287.8589172363281, 4.5, 0.0]",7.795050970255854,5.468021392822266,0.01725838082196063,5.861797745809857,-2.3367137257656347,0.006262615788727999,0.0,0.006262615788727999,0.0
53.411001,"[282.2322998046875, 7.918894290924072, 0.0]","[287.96795654296875, 4.5, 0.0]",7.796447991151738,5.478116989135742,0.06985104479420023,5.8149912877341885,-2.3270295774335885,0.025287203025072813,0.0,0.025287203025072813,0.0
53.43105,"[282.38818359375, 7.9174885749816895, 0.0]","[288.07843017578125, 4.5, 0.0]",7.797901010382115,5.489150524139404,0.07265096151884975,5.767849694143934,-2.318331002015996,0.026318172458559275,0.0,0.026318172458559275,0.0
53.450441,"[282.5440979003906, 7.916080474853516, 0.0]","[288.1883544921875, 4.5, 0.0]",7.799377572328938,5.500126361846924,0.07382809734113316,5.722175635174027,-2.308750486242711,0.026718599256128073,0.0,0.026718599256128073,0.0
53.469358,"[282.7000427246094, 7.914669036865234, 0.0]","[288.29827880859375, 4.5, 0.0]",7.800917162163824,5.511105537414551,0.07697949174430008,5.675955895264752,-2.299251210482014,0.027851611375808716,0.0,0.027851611375808716,0.0
53.490662,"[282.85601806640625, 7.913252830505371, 0.0]","[288.4089660644531, 4.5, 0.0]",7.8034766141327,5.522157669067383,0.12797259844381514,5.6297419785105784,-2.289811624749273,0.04634220618754625,0.0,0.04634220618754625,0.0
53.510985,"[283.01202392578125, 7.911831378936768, 0.0]","[288.5191650390625, 4.5, 0.0]",7.806070563585196,5.5365376472473145,0.12969747262481235,5.584296757497813,-2.2813189450653173,0.04695962183177471,0.0,0.04695962183177471,0.0
53.530509,"[283.1680908203125, 7.910406112670898, 0.0]","[288.6300964355469, 4.5, 0.0]",7.808701312137053,5.541316986083984,0.1315374275928427,5.5383659050220935,-2.269532916337882,0.04762974102050066,0.0,0.04762974102050066,0.0
53.549887,"[283.32421875, 7.908978462219238, 0.0]","[288.7415466308594, 4.5, 0.0]",7.81137188905143,5.559481143951416,0.13352884571884438,5.493133729263236,-2.267384326053069,0.04833513870835304,0.0,0.04833513870835304,0.0
53.574431,"[283.4803771972656, 7.9075493812561035, 0.0]","[288.85284423828125, 4.5, 0.0]",7.81407855652629,5.564294815063477,0.13533337374300736,5.448380794150728,-2.251890745100014,0.04900297615677118,0.0,0.04900297615677118,0.0
53.590318,"[283.6365966796875, 7.906119346618652, 0.0]","[288.96405029296875, 4.5, 0.0]",7.81780749863401,5.582435607910156,0.18644710538597842,5.40345998874622,-2.2497837414628137,0.0675077736377716,0.0,0.0675077736377716,0.0
53.610891,"[283.7928771972656, 7.904688835144043, 0.0]","[289.07574462890625, 4.5, 0.0]",7.821549718685577,5.587274074554443,0.1871110025783551,5.358398691689116,-2.2353718907238536,0.06777038797736168,0.0,0.06777038797736168,0.0
53.629142,"[283.94921875, 7.903257846832275, 0.0]","[289.1877136230469, 4.5, 0.0]",7.82534419295486,5.605353355407715,0.18972371346417383,5.3137735783657,-2.2342756441311336,0.06868764292448759,0.0,0.06868764292448759,0.0
53.650688,"[284.10565185546875, 7.90182638168335, 0.0]","[289.30078125, 4.5, 0.0]",7.829178019397998,5.610214710235597,0.1916913221568617,5.26937013338771,-2.2199908375471455,0.06941349245607853,0.0,0.06941349245607853,0.0
53.670196,"[284.26214599609375, 7.900394916534424, 0.0]","[289.41302490234375, 4.5, 0.0]",7.833049865155639,5.628320217132568,0.19359228788204952,5.225976860504862,-2.218963309162401,0.07009630557149649,0.0,0.07009630557149649,0.0
53.694557,"[284.4187316894531, 7.898967266082764, 0.0]","[289.52630615234375, 4.5, 0.0]",7.83696367066491,5.633202075958252,0.1956902754635781,5.181703089900281,-2.2047296480230703,0.07085524033755064,0.0,0.07085524033755064,0.0
53.709909,"[284.57537841796875, 7.89754581451416, 0.0]","[289.63763427734375, 4.5, 0.0]",7.8418887349237005,5.651159286499023,0.24625321293951785,5.138370903204997,-2.2037615947066582,0.08917015045881271,0.0,0.08917015045881271,0.0
53.731031,"[284.73211669921875, 7.896132469177246, 0.0]","[289.7513427734375, 4.5, 0.0]",7.8468379657804785,5.6555681228637695,0.24746154283890043,5.093014442987252,-2.190729448424677,0.08961714804172516,0.0,0.08961714804172516,0.0
53.75177,"[284.8889465332031, 7.894728660583496, 0.0]","[289.86480712890625, 4.5, 0.0]",7.851819714780149,5.673285007476807,0.2490874499835094,5.049933412273825,-2.191269842916709,0.09019806049764156,0.0,0.09019806049764156,0.0
53.769272,"[285.0458679199219, 7.893335819244385, 0.0]","[289.97821044921875, 4.5, 0.0]",7.856830333231613,5.677663803100586,0.2505309225732333,5.006498526736348,-2.178534707303342,0.09071159176528454,0.0,0.09071159176528454,0.0
53.790999,"[285.2029113769531, 7.891953945159912, 0.0]","[290.0924377441406, 4.5, 0.0]",7.8618780972740465,5.695455551147461,0.25238820212165614,4.962890682369311,-2.1791665301310275,0.09139653295278549,0.0,0.09139653295278549,0.0
53.809238,"[285.36004638671875, 7.89058256149292, 0.0]","[290.2055969238281, 4.5, 0.0]",7.867499212113555,5.699718952178955,0.28105574197541117,4.919965689183197,-2.1664225461265856,0.1017669215798378,0.0,0.1017669215798378,0.0
53.828797,"[285.51727294921875, 7.889221668243408, 0.0]","[290.3202209472656, 4.5, 0.0]",7.87315084584539,5.716725826263428,0.2825816865917652,4.875862951600323,-2.1677802599345997,0.10230922140181065,0.0,0.10230922140181065,0.0
53.849618,"[285.67462158203125, 7.887871265411377, 0.0]","[290.43621826171875, 4.5, 0.0]",7.878833145333685,5.720520973205566,0.28411497441473976,4.833118457018055,-2.1564250195819623,0.10287067852914333,0.0,0.10287067852914333,0.0
53.869066,"[285.83209228515625, 7.886530876159668, 0.0]","[290.549072265625, 4.5, 0.0]",7.884545208916021,5.737369060516357,0.285603179116789,4.791610596539486,-2.1583121721281184,0.1034421194344759,0.0,0.1034421194344759,0.0
53.890459,"[285.9896545410156, 7.885200500488281, 0.0]","[290.66632080078125, 4.5, 0.0]",7.890289535850986,5.741280555725098,0.2872163467482647,4.74682517920334,-2.147176148399663,0.10401582345366478,0.0,0.10401582345366478,0.0
53.910449,"[286.1473388671875, 7.883880138397217, 0.0]","[290.78082275390625, 4.5, 0.0]",7.896482630434847,5.7581400871276855,0.30965472919306514,4.706332499298872,-2.1490089801258883,0.11214240454137325,0.0,0.11214240454137325,0.0
53.930151,"[286.3051452636719, 7.882569789886475, 0.0]","[290.8953857421875, 4.5, 0.0]",7.9027115843217395,5.760789394378662,0.31144769434461317,4.662961212678174,-2.1383425433071617,0.11277236044406891,0.0,0.11277236044406891,0.0
53.94978,"[286.46307373046875, 7.881270408630371, 0.0]","[291.01007080078125, 4.5, 0.0]",7.908972372868005,5.776780128479004,0.3130394273132886,4.619521501617043,-2.1419221899430774,0.11336822062730789,0.0,0.11336822062730789,0.0
53.969979,"[286.6211242675781, 7.879983425140381, 0.0]","[291.1257019042969, 4.5, 0.0]",7.91525833947405,5.779515266418462,0.31429833030225396,4.57607218550378,-2.1321922443890013,0.11381242424249649,0.0,0.11381242424249649,0.0
53.990025,"[286.779296875, 7.8787102699279785, 0.0]","[291.24139404296875, 4.5, 0.0]",7.921575198626605,5.795588493347168,0.3158429576277211,4.5334363353052,-2.135743073055588,0.11435951106250286,0.0,0.11435951106250286,0.0
54.010515,"[286.9375915527344, 7.877452373504639, 0.0]","[291.35723876953125, 4.5, 0.0]",7.928458794102884,5.801527976989746,0.34417977381395737,4.490724987813198,-2.125986705279437,0.12463286519050598,0.0,0.12463286519050598,0.0
54.030097,"[287.09600830078125, 7.876211643218994, 0.0]","[291.4737243652344, 4.5, 0.0]",7.935371231934972,5.8064141273498535,0.3456218916043863,4.448030155083648,-2.126930817113138,0.12516645714640617,0.0,0.12516645714640617,0.0
54.049006,"[287.25457763671875, 7.874990463256836, 0.0]","[291.5897521972656, 4.5, 0.0]",7.942310070575534,5.821268081665039,0.34694193202811086,4.405837009414983,-2.128957104585118,0.1256485190242529,0.0,0.1256485190242529,0.0
54.069233,"[287.41326904296875, 7.873790740966797, 0.0]","[291.7057189941406, 4.5, 0.0]",7.949270752886455,5.8227858543396,0.3480341155460476,4.363012464008292,-2.121041988910495,0.12603051960468292,0.0,0.12603051960468292,0.0
54.09073,"[287.5721130371094, 7.872616291046143, 0.0]","[291.8233337402344, 4.5, 0.0]",7.956259272178268,5.837750434875488,0.3494259645906439,4.319980214384417,-2.126484898546855,0.1265547890216112,0.0,0.1265547890216112,0.0
54.109932,"[287.7310791015625, 7.8714704513549805, 0.0]","[291.93914794921875, 4.5, 0.0]",7.963496812780569,5.839103698730469,0.36187703011507644,4.278415152327933,-2.1185088373027794,0.1310718059539795,0.0,0.1310718059539795,0.0
54.12933,"[287.89019775390625, 7.87035608291626, 0.0]","[292.05621337890625, 4.5, 0.0]",7.958310247477893,5.852659225463867,-0.2593282651337958,4.2348927864519945,-2.1243931140501005,0.13178512454032898,0.0,0.13178512454032898,0.0
54.149384,"[288.0494689941406, 7.869277000427246, 0.0]","[292.1737365722656, 4.5, 0.0]",7.965214231622334,5.852910041809082,0.34519920722204667,4.1924280618760825,-2.105651022014026,0.13231543824076653,0.0,0.13231543824076653,0.0
54.169813,"[288.2086181640625, 7.866210460662842, 0.0]","[292.2912902832031, 4.5, 0.0]",7.972378647218048,5.866494655609131,0.35822077978568956,4.150228022909921,-2.112304189813252,0.13227740302681923,0.0,0.13227740302681923,0.0
54.191855,"[288.367919921875, 7.8638763427734375, 0.0]","[292.4087829589844, 4.5, 0.0]",7.979802397966645,5.866743564605713,0.3711875374298401,4.1117030908147525,-2.105883991608917,0.1355346292257309,0.0,0.1355346292257309,0.0
54.209494,"[288.52734375, 7.861903667449951, 0.0]","[292.52630615234375, 4.5, 0.0]",7.987257071489697,5.880156517028809,0.37273367615262565,4.072112369795242,-2.113058833360932,0.13564268127083778,0.0,0.13564268127083778,0.0
54.231947,"[288.6869201660156, 7.860110282897949, 0.0]","[292.6441650390625, 4.5, 0.0]",7.994736168035894,5.87900972366333,0.3739548273098414,4.031733425134695,-2.1071005544608887,0.13588381931185722,0.0,0.13588381931185722,0.0
54.252283,"[288.8466491699219, 7.858421325683594, 0.0]","[292.7628479003906, 4.5, 0.0]",8.002232617982324,5.891234397888184,0.3748224973215031,3.9909805841225157,-2.115726444372564,0.13611548580229282,0.0,0.13611548580229282,0.0
54.269589,"[289.00653076171875, 7.856808662414551, 0.0]","[292.87896728515625, 4.5, 0.0]",8.009734942092347,5.890006542205811,0.375116205501147,3.9504567886204147,-2.1109982200941406,0.13613409362733364,0.0,0.13613409362733364,0.0
54.289969,"[289.16656494140625, 7.855263710021973, 0.0]","[292.99774169921875, 4.5, 0.0]",8.017274435242657,5.9022345542907715,0.376974657515472,3.9068706904796575,-2.1197283998865357,0.13675428926944733,0.0,0.13675428926944733,0.0
54.311843,"[289.3267517089844, 7.853785037994385, 0.0]","[293.115478515625, 4.5, 0.0]",8.02486100579949,5.900923728942871,0.3793285278416825,3.865515060051489,-2.115039880951885,0.13755455613136292,0.0,0.13755455613136292,0.0
54.328787,"[289.4870910644531, 7.852374076843262, 0.0]","[293.2332458496094, 4.5, 0.0]",8.03248551607359,5.911748886108398,0.381225513705008,3.8227581710262504,-2.123937276856619,0.13823323883116245,0.0,0.13823323883116245,0.0
54.34986,"[289.6475830078125, 7.8510308265686035, 0.0]","[293.35235595703125, 4.5, 0.0]",8.040141297502391,5.909289360046387,0.38278907144002616,3.779711466935081,-2.120736629965192,0.13873755931854248,0.0,0.13873755931854248,0.0
54.373641,"[289.8082275390625, 7.84975528717041, 0.0]","[293.47052001953125, 4.5, 0.0]",8.047826554135755,5.92012882232666,0.38426283166819175,3.7377264594240547,-2.130851937456004,0.13927479274570942,0.0,0.13927479274570942,0.0
54.391051,"[289.9690246582031, 7.848544120788574, 0.0]","[293.5884704589844, 4.5, 0.0]",8.055538773374519,5.917628765106201,0.38561096193818756,3.694541361425325,-2.1276977318090946,0.13970980420708656,0.0,0.13970980420708656,0.0
54.410742,"[290.1299743652344, 7.847393035888672, 0.0]","[293.7068786621094, 4.5, 0.0]",8.062857688012404,5.928341388702393,0.36594573189425716,3.6509096777907803,-2.1379100082683173,0.13258266262710094,0.0,0.13258266262710094,0.0
54.429587,"[290.29107666015625, 7.846299171447754, 0.0]","[293.82757568359375, 4.5, 0.0]",8.07020816537787,5.92805814743042,0.36752386827334504,3.6075154815098425,-2.134516299310011,0.13315478339791298,0.0,0.13315478339791298,0.0
54.449927,"[290.45233154296875, 7.845261573791504, 0.0]","[293.94500732421875, 4.5, 0.0]",8.077588091686454,5.931025981903076,0.3689963154291931,3.5662024828873067,-2.1421500179474506,0.13373729772865772,0.0,0.13373729772865772,0.0
54.46908,"[290.6137390136719, 7.844279766082764, 0.0]","[294.0637512207031, 4.5, 0.0]",8.08499527026599,5.934026718139648,0.37035892897678835,3.5214219441345174,-2.1465621097833782,0.13419975526630878,0.0,0.13419975526630878,0.0
54.489821,"[290.7752990722656, 7.843354225158691, 0.0]","[294.18243408203125, 4.5, 0.0]",8.092427564324792,5.937026500701904,0.3716147029400929,3.4777574400899347,-2.1509685521263417,0.13467916287481785,0.0,0.13467916287481785,0.0
54.511398,"[290.93701171875, 7.84248685836792, 0.0]","[294.300537109375, 4.5, 0.0]",8.099562462046963,5.9399094581604,0.35674488610855093,3.4338396546937737,-2.1554010636228877,0.12929926626384258,0.0,0.12929926626384258,0.0
54.530136,"[291.0988464355469, 7.841680526733398, 0.0]","[294.41900634765625, 4.5, 0.0]",8.10671881945748,5.942020893096924,0.3578178705258672,3.3891475511104727,-2.1596530038865627,0.1297156885266304,0.0,0.1297156885266304,0.0
54.5508,"[291.2608337402344, 7.840939521789551, 0.0]","[294.53851318359375, 4.5, 0.0]",8.113889106761201,5.944150447845459,0.35851436518603563,3.3446611493877842,-2.1646979263605566,0.12998277321457863,0.0,0.12998277321457863,0.0
54.569019,"[291.4229736328125, 7.840268611907959, 0.0]","[294.6571350097656, 4.5, 0.0]",8.121073658435769,5.946263790130615,0.35922758372839425,3.301018614340238,-2.169738658915742,0.13024289160966873,0.0,0.13024289160966873,0.0
54.590786,"[291.5852355957031, 7.839672565460205, 0.0]","[294.7789306640625, 4.5, 0.0]",8.127807501029473,5.948434352874756,0.3366921296851899,3.256290268902869,-2.1748098683051538,0.12208647094666958,0.0,0.12208647094666958,0.0
54.61035,"[291.7476501464844, 7.839156627655029, 0.0]","[294.89569091796875, 4.5, 0.0]",8.134565947771122,5.950449466705322,0.33792233708247466,3.2145613371185737,-2.179373148154717,0.1225780975073576,0.0,0.1225780975073576,0.0
54.630132,"[291.91021728515625, 7.838726043701172, 0.0]","[295.0149841308594, 4.5, 0.0]",8.141336274807813,5.9520111083984375,0.338516351834528,3.1675868520896513,-2.1841164810658,0.12281938455998898,0.0,0.12281938455998898,0.0
54.649675,"[292.0728759765625, 7.838386058807373, 0.0]","[295.1332092285156, 4.5, 0.0]",8.14813202786302,5.953558921813965,0.3397876527603927,3.122933155163527,-2.1893251664093754,0.12328328564763069,0.0,0.12328328564763069,0.0
54.669649,"[292.2357177734375, 7.838139057159424, 0.0]","[295.2526550292969, 4.5, 0.0]",8.154940103518086,5.955122947692871,0.34040378275328464,3.077052628796025,-2.194573106049056,0.12347615323960781,0.0,0.12347615323960781,0.0
54.690228,"[292.398681640625, 7.837987422943115, 0.0]","[295.372314453125, 4.5, 0.0]",8.161252312864963,5.956689834594727,0.315610467343852,3.03214412122798,-2.1998171558252153,0.11449001729488373,0.0,0.11449001729488373,0.0
54.709443,"[292.561767578125, 7.83793306350708, 0.0]","[295.49151611328125, 4.5, 0.0]",8.167587467545713,5.9582200050354,0.3167577340374983,2.987260989657775,-2.204562478270237,0.11494176462292671,0.0,0.11494176462292671,0.0
54.729552,"[292.7250061035156, 7.837976455688477, 0.0]","[295.6130676269531, 4.5, 0.0]",8.173946446315773,5.9595441818237305,0.31794893850296546,2.941735653402731,-2.209367462510313,0.1153195183724165,0.0,0.1153195183724165,0.0
54.751078,"[292.88836669921875, 7.838117599487305, 0.0]","[295.73260498046875, 4.5, 0.0]",8.180323411474973,5.960846900939941,0.3188482579600027,2.8983472138046658,-2.2144022644920422,0.11563459411263466,0.0,0.11563459411263466,0.0
54.770175,"[293.0518493652344, 7.838355541229248, 0.0]","[295.8512268066406, 4.5, 0.0]",8.186722139424264,5.96213960647583,0.3199363974645486,2.852772637621089,-2.2194765105350314,0.11602011509239674,0.0,0.11602011509239674,0.0
54.790663,"[293.2154541015625, 7.838688850402832, 0.0]","[295.97100830078125, 4.5, 0.0]",8.192623836412759,5.96344518661499,0.29508484942475377,2.8061178919928156,-2.2245825329484337,0.10700405575335026,0.0,0.10700405575335026,0.0
54.811801,"[293.3791809082031, 7.839117050170898, 0.0]","[296.0908508300781, 4.5, 0.0]",8.198543495810487,5.964756488800049,0.29598296988639916,2.760465081743936,-2.2291786497977686,0.1073392853140831,0.0,0.1073392853140831,0.0
54.828687,"[293.54302978515625, 7.839639663696289, 0.0]","[296.20684814453125, 4.5, 0.0]",8.20448017717157,5.966058254241943,0.2968340680541637,2.7147247300841078,-2.233787007010438,0.1076310034841299,0.0,0.1076310034841299,0.0
54.849395,"[293.7070007324219, 7.840257167816162, 0.0]","[296.3273010253906, 4.5, 0.0]",8.210431979066751,5.970742225646973,0.2975900947590482,2.6649970928696445,-2.2384219229296267,0.10788889601826668,0.0,0.10788889601826668,0.0
54.869254,"[293.87109375, 7.840969085693359, 0.0]","[296.4461669921875, 4.5, 0.0]",8.216403685518623,5.965410232543946,0.29858532259359194,2.6195876923577583,-2.2396897534197784,0.10824277065694332,0.0,0.10824277065694332,0.0
54.890207,"[294.0353088378906, 7.841775894165039, 0.0]","[296.56591796875, 4.5, 0.0]",8.221974736160218,5.973420143127441,0.2785525320797788,2.572455241277584,-2.2509934529746767,0.10097596794366837,0.0,0.10097596794366837,0.0
54.910431,"[294.19964599609375, 7.842677593231201, 0.0]","[296.6844482421875, 4.5, 0.0]",8.227563821302558,5.968110084533691,0.27945425711699556,2.526073748192662,-2.248554593032777,0.10130760259926319,0.0,0.10130760259926319,0.0
54.929709,"[294.36407470703125, 7.843674182891846, 0.0]","[296.8040466308594, 4.5, 0.0]",8.195942900669758,5.9763569831848145,-1.581046031640021,2.4783413753198493,-2.259453736768867,0.1016099750995636,0.0,0.1016099750995636,0.0
54.949255,"[294.52862548828125, 7.844766139984131, 0.0]","[296.92462158203125, 4.5, 0.0]",8.20110511782894,5.971283912658692,0.25811085795908184,2.431576432732602,-2.2195859174849435,0.10188902728259563,0.0,0.10188902728259563,0.0
54.974351,"[294.6925354003906, 7.84400749206543, 0.0]","[297.0472106933594, 4.5, 0.0]",8.206467634626257,5.979569911956787,0.2681258398658848,2.385659836392781,-2.2298212051702473,0.10057355277240276,0.0,0.10057355277240276,0.0
54.990168,"[294.8565673828125, 7.8440070152282715, 0.0]","[297.1631774902344, 4.5, 0.0]",8.211858570364704,5.974436283111572,0.2695467869223478,2.345860359180055,-2.22689772266947,0.0994211807847023,0.0,0.0994211807847023,0.0
55.013164,"[295.02069091796875, 7.84440279006958, 0.0]","[297.2837829589844, 4.5, 0.0]",8.217459622485821,5.982747554779053,0.28005260605583615,2.298529994591884,-2.237422287253132,0.10256811045110226,0.0,0.10256811045110226,0.0
55.029027,"[295.1849365234375, 7.845019817352295, 0.0]","[297.40155029296875, 4.5, 0.0]",8.223024850298115,5.978048324584961,0.2782613906147091,2.2551163686447673,-2.2347120677067682,0.10159158147871494,0.0,0.10159158147871494,0.0
55.049869,"[295.3492736816406, 7.845783233642578, 0.0]","[297.52203369140625, 4.5, 0.0]",8.22857790657394,5.986727237701416,0.2776528137912848,2.2082490671544286,-2.244976525713154,0.10117758065462112,0.0,0.10117758065462112,0.0
55.07023,"[295.51373291015625, 7.846663475036621, 0.0]","[297.64154052734375, 4.5, 0.0]",8.234135361985125,5.982057094573975,0.27787277055919546,2.1636295185915735,-2.241850668872525,0.10112229734659195,0.0,0.10112229734659195,0.0
55.089751,"[295.6783142089844, 7.84765100479126, 0.0]","[297.7621154785156, 4.5, 0.0]",8.239707308065315,5.990736961364746,0.278597304009498,2.117624842134385,-2.25207826741115,0.10124468244612217,0.0,0.10124468244612217,0.0
55.110753,"[295.8429870605469, 7.848742485046387, 0.0]","[297.8817138671875, 4.5, 0.0]",8.245043141791896,5.986133098602296,0.266791686329082,2.072354328157296,-2.2489703467005686,0.09688135236501694,0.0,0.09688135236501694,0.0
55.128983,"[296.0077819824219, 7.849937915802002, 0.0]","[298.0010986328125, 4.5, 0.0]",8.250409219728956,5.995347023010254,0.26830389685299494,2.025858853110239,-2.2589100431896005,0.09739426895976067,0.0,0.09739426895976067,0.0
55.149441,"[296.17266845703125, 7.8512372970581055, 0.0]","[298.1211242675781, 4.5, 0.0]",8.255804792279468,5.991240978240967,0.26977862752559645,1.9789134125528591,-2.2550621967187023,0.09784446097910404,0.0,0.09784446097910404,0.0
55.169883,"[296.3376770019531, 7.8526387214660645, 0.0]","[298.24102783203125, 4.5, 0.0]",8.261230052508557,6.0004658699035645,0.27126301145443676,1.9324384991966073,-2.2645638140385014,0.09833000600337982,0.0,0.09833000600337982,0.0
55.189741,"[296.5027770996094, 7.854137897491455, 0.0]","[298.3619384765625, 4.5, 0.0]",8.266682926595687,5.996379375457764,0.27264370435649,1.8856632515993723,-2.2607641826049925,0.09882853366434574,0.0,0.09882853366434574,0.0
55.210229,"[296.6679992675781, 7.855728626251221, 0.0]","[298.4817810058594, 4.5, 0.0]",8.271683893380128,6.005690097808838,0.25004833922208647,1.8397632544996072,-2.270303551137923,0.09059282951056957,0.0,0.09059282951056957,0.0
55.229684,"[296.83331298828125, 7.857406139373779, 0.0]","[298.60125732421875, 4.5, 0.0]",8.276727278091741,6.0023016929626465,0.25216923558062376,1.7926506134137377,-2.2659937955712905,0.09137268178164959,0.0,0.09137268178164959,0.0
55.24902,"[296.9987487792969, 7.859166622161865, 0.0]","[298.7223815917969, 4.5, 0.0]",8.281787385970672,6.012290954589844,0.2530053939465482,1.7450666049779502,-2.2744255851290944,0.0916653499007225,0.0,0.0916653499007225,0.0
55.269695,"[297.1642761230469, 7.861007213592529, 0.0]","[298.84210205078125, 4.5, 0.0]",8.28688500987454,6.008909702301026,0.2548811951934127,1.6990005676904762,-2.269496431380828,0.09236669167876244,0.0,0.09236669167876244,0.0
55.290808,"[297.32989501953125, 7.8629255294799805, 0.0]","[298.962890625, 4.5, 0.0]",8.292003422071714,6.018889904022217,0.25592060985868414,1.6514420386919566,-2.277975307573514,0.09269597008824348,0.0,0.09269597008824348,0.0
55.309854,"[297.49560546875, 7.864919185638428, 0.0]","[299.082763671875, 4.5, 0.0]",8.2970379953779,6.015626907348633,0.25172866530933646,1.604863716686722,-2.273113518049497,0.0911734439432621,0.0,0.0911734439432621,0.0
55.330204,"[297.66143798828125, 7.8669867515563965, 0.0]","[299.2029724121094, 4.5, 0.0]",8.302092463862769,6.026576995849609,0.2527234242434062,1.5572900740402986,-2.2814110880292677,0.0915001705288887,0.0,0.0915001705288887,0.0
55.349042,"[297.8273620605469, 7.869125843048096, 0.0]","[299.3240661621094, 4.5, 0.0]",8.30715555790893,6.024226665496826,0.25315470230804493,1.5099444402072342,-2.2755154680131593,0.0916943047195673,0.0,0.0916943047195673,0.0
55.368986,"[297.9933776855469, 7.871335506439209, 0.0]","[299.4446105957031, 4.5, 0.0]",8.312236497248463,6.035188674926758,0.2540469669766843,1.4634106569257406,-2.2829288924121034,0.09202037006616592,0.0,0.09202037006616592,0.0
55.389717,"[298.1595153808594, 7.873615264892578, 0.0]","[299.5665283203125, 4.5, 0.0]",8.31732955082668,6.036201000213623,0.254652678910805,1.4162585043352847,-2.2770478223217054,0.09222080931067467,0.0,0.09222080931067467,0.0
55.410389,"[298.32574462890625, 7.875965118408203, 0.0]","[299.68603515625, 4.5, 0.0]",8.322157299303404,6.040599822998047,0.2413874238362368,1.3703790578039874,-2.2811285506130563,0.08745124563574791,0.0,0.08745124563574791,0.0
55.42964,"[298.4920654296875, 7.878385543823242, 0.0]","[299.8066101074219, 4.5, 0.0]",8.327004486097994,6.04611349105835,0.2423593397295143,1.322018859476689,-2.281557476305357,0.08779988624155521,0.0,0.08779988624155521,0.0
55.450197,"[298.6584777832031, 7.880876541137695, 0.0]","[299.9288024902344, 4.5, 0.0]",8.33186103856576,6.051702499389648,0.24282762338829755,1.2746557874312872,-2.2808909950396448,0.08796798065304756,0.0,0.08796798065304756,0.0
55.469094,"[298.82501220703125, 7.883439540863037, 0.0]","[300.04937744140625, 4.5, 0.0]",8.336737030053767,6.057216644287109,0.2437995744003274,1.2288359186440287,-2.280158539176112,0.08835999295115471,0.0,0.08835999295115471,0.0
55.489675,"[298.99163818359375, 7.886075973510742, 0.0]","[300.1714782714844, 4.5, 0.0]",8.341624553241198,6.0627994537353525,0.2443761593715621,1.181292710699131,-2.2795203857666575,0.08853575214743614,0.0,0.08853575214743614,0.0
55.509385,"[299.1583557128906, 7.888786792755127, 0.0]","[300.2921142578125, 4.5, 0.0]",8.346581355348928,6.068488597869873,0.2478401053864765,1.1351924545479333,-2.2788250995058457,0.0897771492600441,0.0,0.0897771492600441,0.0
55.528447,"[299.3251647949219, 7.89157247543335, 0.0]","[300.4130554199219, 4.5, 0.0]",8.351550545100249,6.075479984283447,0.24845948756606617,1.0875437143268993,-2.2780927574790546,0.09000364691019058,0.0,0.09000364691019058,0.0
55.552076,"[299.4920654296875, 7.89443302154541, 0.0]","[300.53948974609375, 4.5, 0.0]",8.3565313290518,6.082790374755859,0.24903919757752746,1.0401126800533267,-2.2760705608168017,0.09025339968502522,0.0,0.09025339968502522,0.0
55.569943,"[299.6590576171875, 7.897368431091309, 0.0]","[300.656982421875, 4.5, 0.0]",8.3615284448304,6.0895819664001465,0.24985578893002014,0.998085372558082,-2.27374095429594,0.09052172303199768,0.0,0.09052172303199768,0.0
55.59103,"[299.826171875, 7.900378227233887, 0.0]","[300.77935791015625, 4.5, 0.0]",8.366669212651857,6.096656322479248,0.2570383910728502,0.9470279708030502,-2.2719464784302534,0.09308891370892525,0.0,0.09308891370892525,0.0
55.610243,"[299.9933776855469, 7.9034624099731445, 0.0]","[300.90093994140625, 4.5, 0.0]",8.371816260392373,6.10388708114624,0.2573523870258221,0.900730640042221,-2.270012890172609,0.09326482191681862,0.0,0.09326482191681862,0.0
55.628941,"[300.1606750488281, 7.906620502471924, 0.0]","[301.0230712890625, 4.5, 0.0]",8.376975758704585,6.112674713134766,0.2579749156105926,0.8535486303614219,-2.267929179246133,0.09346848353743553,0.0,0.09346848353743553,0.0
55.650765,"[300.3280944824219, 7.909852504730225, 0.0]","[301.1468200683594, 4.5, 0.0]",8.382147206772537,6.121580600738525,0.25857240339757226,0.8068281439288509,-2.2643010455698196,0.09369498118758202,0.0,0.09369498118758202,0.0
55.669191,"[300.49560546875, 7.913157939910889, 0.0]","[301.2684631347656, 4.5, 0.0]",8.387333433585745,6.130334854125977,0.2593113406604175,0.7616033797388546,-2.2605666060340113,0.09393877349793911,0.0,0.09393877349793911,0.0
55.690057,"[300.6632080078125, 7.9165358543396, 0.0]","[301.3916015625, 4.5, 0.0]",8.392534723876613,6.139194965362549,0.2600645145434122,0.7141835369291749,-2.2569985794597685,0.09419475682079792,0.0,0.09419475682079792,0.0
55.710378,"[300.8309326171875, 7.919984340667725, 0.0]","[301.5140686035156, 4.5, 0.0]",8.398017315512373,6.148230075836182,0.2741295817879852,0.6681705116232776,-2.2533397585140644,0.09926014579832554,0.0,0.09926014579832554,0.0
55.728758,"[300.9987487792969, 7.923501014709473, 0.0]","[301.6368408203125, 4.5, 0.0]",8.403506855971031,6.158942699432373,0.2744770229329063,0.6213728295428006,-2.2497872396761913,0.09939470328390598,0.0,0.09939470328390598,0.0
55.754209,"[301.1666564941406, 7.927083492279053, 0.0]","[301.7653503417969, 4.5, 0.0]",8.409005985741263,6.170154571533203,0.2749564885116129,0.5747992566166511,-2.244564156538658,0.09955259971320629,0.0,0.09955259971320629,0.0
55.769771,"[301.3346862792969, 7.930727481842041, 0.0]","[301.8836364746094, 4.5, 0.0]",8.414517548295578,6.180477142333984,0.27557812771572543,0.5338850873081539,-2.23885141420806,0.09972965344786644,0.0,0.09972965344786644,0.0
55.792719,"[301.5028381347656, 7.934429168701172, 0.0]","[302.00848388671875, 4.5, 0.0]",8.420484481464445,6.191370010375977,0.2983466584433714,,,0.10794899426400661,0.0,0.10794899426400661,0.0
55.810149,"[301.67108154296875, 7.938182830810547, 0.0]","[302.1313171386719, 4.5, 0.0]",8.426458472125923,6.2056450843811035,0.2986995330738651,,,0.10811746120452881,0.0,0.10811746120452881,0.0
55.829715,"[301.8394470214844, 7.941982746124268, 0.0]","[302.25616455078125, 4.5, 0.0]",8.432444240192389,6.211872100830078,0.29928840332331674,,,0.10829278267920017,0.0,0.10829278267920017,0.0
55.849132,"[302.0079345703125, 7.945821285247803, 0.0]","[302.381591796875, 4.5, 0.0]",8.438445043158907,6.2314887046813965,0.30004014832591963,,,0.10859186761081219,0.0,0.10859186761081219,0.0
55.869787,"[302.1765441894531, 7.9496917724609375, 0.0]","[302.50604248046875, 4.5, 0.0]",8.444455394965551,6.237674236297607,0.3005175903322055,,,0.10876563377678394,0.0,0.10876563377678394,0.0
55.889266,"[302.34527587890625, 7.953587055206299, 0.0]","[302.630615234375, 4.5, 0.0]",8.450484916720354,6.257204055786133,0.3014760877401379,,,0.1091151125729084,0.0,0.1091151125729084,0.0
55.90998,"[302.5141296386719, 7.957500457763672, 0.0]","[302.755126953125, 4.5, 0.0]",8.485008334521561,6.263615131378175,1.7261708900603523,,,0.625,0.0,0.625,0.0
55.929268,"[302.68310546875, 7.961426734924316, 0.0]","[302.88134765625, 4.5, 0.0]",8.51953041240137,6.285274028778076,1.726103893990416,,,0.625,0.0,0.625,0.0
55.949768,"[302.8527526855469, 7.965374946594238, 0.0]","[303.0076599121094, 4.5, 0.0]",8.554052045896464,6.293610572814941,1.7260816747547203,,,0.625,0.0,0.625,0.0
55.969004,"[303.0231018066406, 7.969339847564697, 0.0]","[303.1340026855469, 4.5, 0.0]",8.58857301600879,6.315284729003906,1.7260485056162622,,,0.625,0.0,0.625,0.0
55.99148,"[303.1941223144531, 7.973318099975586, 0.0]","[303.2606506347656, 4.5, 0.0]",8.623094315476884,6.323659896850586,1.7260649734047284,,,0.625,0.0,0.625,0.0
56.01232,"[303.3658447265625, 7.9773077964782715, 0.0]","[303.3885192871094, 4.5, 0.0]",8.657614326275052,6.345766067504883,1.7260005399084122,,,0.625,0.0,0.625,0.0
56.028751,"[303.53826904296875, 7.9813055992126465, 0.0]","[303.51397705078125, 4.5, 0.0]",8.69213471690703,6.355878829956055,1.7260195315989435,,,0.625,0.0,0.625,0.0
56.05027,"[303.71136474609375, 7.9853105545043945, 0.0]","[303.6424865722656, 4.5, 0.0]",8.726656587364534,6.379727840423584,1.7260935228751606,,,0.625,0.0,0.625,0.0
56.069278,"[303.8851623535156, 7.989324569702148, 0.0]","[303.7690124511719, 4.5, 0.0]",8.761177173666818,6.389984607696533,1.726029315114186,,,0.625,0.0,0.625,0.0
56.09432,"[304.0596618652344, 7.993351936340332, 0.0]","[303.90155029296875, 4.5, 0.0]",8.79569714062272,6.414373397827148,1.7259983477950769,,,0.625,0.0,0.625,0.0
56.11263,"[304.2348327636719, 7.997395038604736, 0.0]","[304.02471923828125, 4.5, 0.0]",8.83021780623262,6.4243717193603525,1.7260332804950096,,,0.625,0.0,0.625,0.0
56.128671,"[304.41070556640625, 8.001455307006836, 0.0]","[304.1536560058594, 4.5, 0.0]",8.86473886458392,6.450008869171143,1.726052917565024,,,0.625,0.0,0.625,0.0
56.151811,"[304.5872497558594, 8.005533218383789, 0.0]","[304.2847900390625, 4.5, 0.0]",8.899260137811275,6.462640762329102,1.7260636613677605,,,0.625,0.0,0.625,0.0
56.171014,"[304.7644958496094, 8.009628295898438, 0.0]","[304.41314697265625, 4.5, 0.0]",8.891988303680687,6.488192558288574,-0.3635917065293981,,,0.0,-0.0,0.0,-0.0
56.191815,"[304.94244384765625, 8.013741493225098, 0.0]","[304.54345703125, 4.5, 0.0]",8.884714186508068,6.500704288482666,-0.3637058586309472,,,0.0,-0.0,0.0,-0.0
56.209737,"[305.1202392578125, 8.017853736877441, 0.0]","[304.6730041503906, 4.5, 0.0]",8.87744171390533,6.526594161987305,-0.3636236301368889,,,0.0,-0.0,0.0,-0.0
56.228884,"[305.2978820800781, 8.021965026855469, 0.0]","[304.8039855957031, 4.5, 0.0]",8.870169031123579,6.540623664855958,-0.36363413908757636,,,0.0,-0.0,0.0,-0.0
56.248839,"[305.4753723144531, 8.02607536315918, 0.0]","[304.9366455078125, 4.5, 0.0]",8.86289614204284,6.568251132965088,-0.3636444540369155,,,0.0,-0.0,0.0,-0.0
56.268419,"[305.6527404785156, 8.030183792114258, 0.0]","[305.0673828125, 4.5, 0.0]",8.855623031928461,6.582240581512451,-0.36365550571897387,,,0.0,-0.0,0.0,-0.0
56.290886,"[305.8299560546875, 8.034290313720703, 0.0]","[305.199462890625, 4.5, 0.0]",8.848349691582353,6.609776020050049,-0.3636670173054135,,,0.0,-0.0,0.0,-0.0
56.310224,"[306.00701904296875, 8.038394927978516, 0.0]","[305.33056640625, 4.5, 0.0]",8.841078046304261,6.627274513244629,-0.3635822639045827,,,0.0,-0.0,0.0,-0.0
56.329168,"[306.1839294433594, 8.042496681213379, 0.0]","[305.4640197753906, 4.5, 0.0]",8.833806198093043,6.649442672729492,-0.36359241056089786,,,0.0,-0.0,0.0,-0.0
56.350127,"[306.3607177734375, 8.04659652709961, 0.0]","[305.5987548828125, 4.5, 0.0]",8.826534148904887,6.671816825866699,-0.363602459407808,,,0.0,-0.0,0.0,-0.0
56.368886,"[306.537353515625, 8.05069351196289, 0.0]","[305.73211669921875, 4.5, 0.0]",8.819261923536098,6.693965435028076,-0.36361126843944547,,,0.0,-0.0,0.0,-0.0
56.389564,"[306.7138366699219, 8.054787635803223, 0.0]","[305.8659362792969, 4.5, 0.0]",8.811989545432988,6.716192245483398,-0.363618905155505,,,0.0,-0.0,0.0,-0.0
56.409213,"[306.8901672363281, 8.058878898620605, 0.0]","[305.9996337890625, 4.5, 0.0]",8.804717029077462,6.738456249237062,-0.3636258177762919,,,0.0,-0.0,0.0,-0.0
56.430385,"[307.06634521484375, 8.062967300415039, 0.0]","[306.1350402832031, 4.5, 0.0]",8.797444396573182,6.761489391326904,-0.3636316252140226,,,0.0,-0.0,0.0,-0.0
56.450283,"[307.2424011230469, 8.067052841186523, 0.0]","[306.27154541015625, 4.5, 0.0]",8.790171688013555,6.784703731536865,-0.36363542798136805,,,0.0,-0.0,0.0,-0.0
56.468718,"[307.4183044433594, 8.071134567260742, 0.0]","[306.40692138671875, 4.5, 0.0]",8.782898864675042,6.807730197906494,-0.3636411669256212,,,0.0,-0.0,0.0,-0.0
56.491582,"[307.59405517578125, 8.075213432312012, 0.0]","[306.5443420410156, 4.5, 0.0]",8.775626014717217,6.8310980796813965,-0.36364249789127,,,0.0,-0.0,0.0,-0.0
56.510968,"[307.7696533203125, 8.079288482666016, 0.0]","[306.67950439453125, 4.5, 0.0]",8.768353163723607,6.854085922241211,-0.3636425496805096,,,0.0,-0.0,0.0,-0.0
56.529962,"[307.94512939453125, 8.08336067199707, 0.0]","[306.81719970703125, 4.5, 0.0]",8.76108031964538,6.877487659454346,-0.3636422039113185,,,0.0,-0.0,0.0,-0.0
56.549956,"[308.1204528808594, 8.08742904663086, 0.0]","[306.9552917480469, 4.5, 0.0]",8.75380748524778,6.900960445404053,-0.3636417198800146,,,0.0,-0.0,0.0,-0.0
56.569753,"[308.2956237792969, 8.0914945602417, 0.0]","[307.09466552734375, 4.5, 0.0]",8.746534665715801,6.924647808074951,-0.36364097659893346,,,0.0,-0.0,0.0,-0.0
56.591086,"[308.47064208984375, 8.095556259155273, 0.0]","[307.2353515625, 4.5, 0.0]",8.73926185793777,6.948558807373047,-0.363640388901576,,,0.0,-0.0,0.0,-0.0
56.610559,"[308.6455383300781, 8.099614143371582, 0.0]","[307.37152099609375, 4.5, 0.0]",8.731989056728093,6.971624851226807,-0.36364006048383857,,,0.0,-0.0,0.0,-0.0
56.629752,"[308.8202819824219, 8.103669166564941, 0.0]","[307.51165771484375, 4.5, 0.0]",8.72471625620999,6.994785785675049,-0.3636400259051875,,,0.0,-0.0,0.0,-0.0
56.65,"[308.994873046875, 8.107720375061035, 0.0]","[307.65435791015625, 4.5, 0.0]",8.717443460531642,7.018369197845459,-0.36363978391733554,,,0.0,-0.0,0.0,-0.0
56.668202,"[309.1693115234375, 8.11176872253418, 0.0]","[307.7922668457031, 4.5, 0.0]",8.710170653791645,7.041164398193361,-0.36364033699989307,,,0.0,-0.0,0.0,-0.0
56.689123,"[309.3436279296875, 8.115813255310059, 0.0]","[307.9336242675781, 4.5, 0.0]",8.702897852928457,7.064528465270996,-0.3636400431593856,,,0.0,-0.0,0.0,-0.0
56.70856,"[309.5177917480469, 8.119854927062988, 0.0]","[308.07366943359375, 4.5, 0.0]",8.695625049645741,7.087540626525879,-0.36364016413577005,,,0.0,-0.0,0.0,-0.0
56.730514,"[309.6918029785156, 8.123892784118652, 0.0]","[308.2205810546875, 4.5, 0.0]",8.688352252585384,7.113908290863037,-0.36363985301788304,,,0.0,-0.0,0.0,-0.0
56.749833,"[309.86566162109375, 8.12792682647705, 0.0]","[308.3600158691406, 4.5, 0.0]",8.681079462092953,7.129096508026125,-0.3636395246215507,,,0.0,-0.0,0.0,-0.0
56.769767,"[310.03936767578125, 8.1319580078125, 0.0]","[308.5032043457031, 4.5, 0.0]",8.673806676785677,7.1582112312316895,-0.3636392653637799,,,0.0,-0.0,0.0,-0.0
56.789627,"[310.21295166015625, 8.135985374450684, 0.0]","[308.647216796875, 4.5, 0.0]",8.666533891478451,7.174121856689453,-0.363639265361293,,,0.0,-0.0,0.0,-0.0
56.810184,"[310.3863830566406, 8.140009880065918, 0.0]","[308.7906799316406, 4.5, 0.0]",8.659261103751593,7.203060150146484,-0.3636393863429177,,,0.0,-0.0,0.0,-0.0
56.831094,"[310.5596618652344, 8.144030570983887, 0.0]","[308.9342956542969, 4.5, 0.0]",8.651988322592489,7.217203140258789,-0.3636390579552007,,,0.0,-0.0,0.0,-0.0
56.84995,"[310.7327880859375, 8.148048400878906, 0.0]","[309.0791931152344, 4.5, 0.0]",8.644715541433412,7.244868278503418,-0.3636390579538684,,,0.0,-0.0,0.0,-0.0
56.868996,"[310.9057922363281, 8.15206241607666, 0.0]","[309.2245788574219, 4.5, 0.0]",8.637442764422358,7.259269714355469,-0.3636388505526611,,,0.0,-0.0,0.0,-0.0
56.888809,"[311.0786437988281, 8.156073570251465, 0.0]","[309.3694152832031, 4.5, 0.0]",8.630169983263324,7.286921501159668,-0.3636390579517368,,,0.0,-0.0,0.0,-0.0
56.909844,"[311.2513427734375, 8.160080909729004, 0.0]","[309.5146789550781, 4.5, 0.0]",8.548837816577544,7.301069736480714,-4.066608334288979,,,0.0,0.25,0.0,0.25
56.929664,"[311.42388916015625, 8.164084434509277, 0.0]","[309.66192626953125, 4.5, 0.0]",8.467505654385421,7.3270416259765625,-4.066608109606129,,,0.0,0.25,0.0,0.25
56.949394,"[311.5948181152344, 8.168050765991211, 0.0]","[309.8096618652344, 4.5, 0.0]",8.386173482169042,7.339738368988037,-4.066608610818978,,,0.0,0.25,0.0,0.25
56.969373,"[311.7641296386719, 8.171978950500488, 0.0]","[309.9556884765625, 4.5, 0.0]",8.304841308224395,7.3655476570129395,-4.066608697232343,,,0.0,0.25,0.0,0.25
56.989977,"[311.9317932128906, 8.175869941711426, 0.0]","[310.1033020019531, 4.5, 0.0]",8.223509140501715,7.378232002258301,-4.066608386133996,,,0.0,0.25,0.0,0.25
57.011174,"[312.09783935546875, 8.179722785949707, 0.0]","[310.2533874511719, 4.5, 0.0]",8.142176977963976,7.404279708862305,-4.0666081268869725,,,0.0,0.25,0.0,0.25
57.029525,"[312.26226806640625, 8.183538436889648, 0.0]","[310.39874267578125, 4.5, 0.0]",8.06084481438926,7.414579391479492,-4.066608178735809,,,0.0,0.25,0.0,0.25
57.048738,"[312.4250793457031, 8.187315940856934, 0.0]","[310.5486145019531, 4.5, 0.0]",7.97951360319527,7.43873929977417,-4.066560559699495,,,0.0,0.25,0.0,0.25
57.070343,"[312.58624267578125, 8.191055297851562, 0.0]","[310.6967468261719, 4.5, 0.0]",7.898183341962398,7.449361801147461,-4.066513061643562,,,0.0,0.25,0.0,0.25
57.090521,"[312.74578857421875, 8.194757461547852, 0.0]","[310.84619140625, 4.5, 0.0]",7.816853090408005,7.473470211029053,-4.066512577719683,,,0.0,0.25,0.0,0.25
57.110306,"[312.9037170410156, 8.198421478271484, 0.0]","[310.99481201171875, 4.5, 0.0]",7.735522841618884,7.483907699584961,-4.066512439456016,,,0.0,0.25,0.0,0.25
57.12815,"[313.05999755859375, 8.202048301696777, 0.0]","[311.1453552246094, 4.5, 0.0]",7.654192587990538,7.506013870239258,-4.066512681417311,,,0.0,0.25,0.0,0.25
57.148708,"[313.21466064453125, 8.205636978149414, 0.0]","[311.2964782714844, 4.5, 0.0]",7.572862334362196,7.514846324920654,-4.066512681417089,,,0.0,0.25,0.0,0.25
57.168854,"[313.3677062988281, 8.209188461303711, 0.0]","[311.4461975097656, 4.5, 0.0]",7.4915320790055695,7.536866664886475,-4.066512767831343,,,0.0,0.25,0.0,0.25
57.189367,"[313.5191345214844, 8.212701797485352, 0.0]","[311.59747314453125, 4.5, 0.0]",7.410201826068555,7.545713901519775,-4.0665126468507395,,,0.0,0.25,0.0,0.25
57.20975,"[313.6689147949219, 8.216176986694336, 0.0]","[311.7479553222656, 4.5, 0.0]",7.3288715717489135,7.567590713500977,-4.066512715982062,,,0.0,0.25,0.0,0.25
57.228504,"[313.81707763671875, 8.21961498260498, 0.0]","[311.899169921875, 4.5, 0.0]",7.247541320540192,7.577845573425295,-4.066512560436086,,,0.0,0.25,0.0,0.25
57.248889,"[313.963623046875, 8.223014831542969, 0.0]","[312.05255126953125, 4.5, 0.0]",7.1662110613813725,7.588298320770264,-4.06651295794096,,,0.0,0.25,0.0,0.25
57.268364,"[314.1085205078125, 8.226377487182617, 0.0]","[312.2040710449219, 4.5, 0.0]",7.084880804296512,7.608578681945801,-4.066512854243021,,,0.0,0.25,0.0,0.25
57.290107,"[314.2518005371094, 8.22970199584961, 0.0]","[312.3561096191406, 4.5, 0.0]",7.0035505375333535,7.615577220916748,-4.066513338157929,,,0.0,0.25,0.0,0.25
57.309342,"[314.3934631347656, 8.232989311218262, 0.0]","[312.5109558105469, 4.5, 0.0]",6.922220269387674,7.635930061340332,-4.066513407283967,,,0.0,0.25,0.0,0.25
57.331487,"[314.53350830078125, 8.236238479614258, 0.0]","[312.6638488769531, 4.5, 0.0]",6.840890003316,7.641313076019287,-4.066513303583719,,,0.0,0.25,0.0,0.25
57.349184,"[314.6719055175781, 8.239449501037598, 0.0]","[312.8139953613281, 4.5, 0.0]",6.7595597420834945,7.659811496734619,-4.066513061625265,,,0.0,0.25,0.0,0.25
57.369071,"[314.8086853027344, 8.242623329162598, 0.0]","[312.96728515625, 4.5, 0.0]",6.678229476011972,7.665224552154541,-4.066513303576125,,,0.0,0.25,0.0,0.25
57.390156,"[314.94384765625, 8.245759010314941, 0.0]","[313.12164306640625, 4.5, 0.0]",6.596899209940542,7.684055328369141,-4.066513303571506,,,0.0,0.25,0.0,0.25
57.409926,"[315.0773620605469, 8.248857498168945, 0.0]","[313.27496337890625, 4.5, 0.0]",6.515568950782087,7.689317703247072,-4.066512957922752,,,0.0,0.25,0.0,0.25
57.428728,"[315.2092590332031, 8.251917839050293, 0.0]","[313.4291076660156, 4.5, 0.0]",6.434238681945676,7.706843376159668,-4.066513441820563,,,0.0,0.25,0.0,0.25
57.448543,"[315.33953857421875, 8.2549409866333, 0.0]","[313.58331298828125, 4.5, 0.0]",6.352908412418119,7.7110419273376465,-4.066513476377809,,,0.0,0.25,0.0,0.25
57.468855,"[315.46820068359375, 8.257925987243652, 0.0]","[313.7375793457031, 4.5, 0.0]",6.2715781477296435,7.728575706481934,-4.066513234423796,,,0.0,0.25,0.0,0.25
57.48986,"[315.59521484375, 8.260872840881348, 0.0]","[313.8924255371094, 4.5, 0.0]",6.190247889262722,7.732819080352783,-4.066512923346055,,,0.0,0.25,0.0,0.25
57.509854,"[315.7206115722656, 8.263782501220703, 0.0]","[314.04681396484375, 4.5, 0.0]",6.108917636326019,7.750256061553955,-4.066512646835152,,,0.0,0.25,0.0,0.25
57.529678,"[315.8443908691406, 8.266654014587402, 0.0]","[314.2021484375, 4.5, 0.0]",6.027587379932974,7.753619670867922,-4.066512819652246,,,0.0,0.25,0.0,0.25
57.549161,"[315.9665222167969, 8.269488334655762, 0.0]","[314.3577880859375, 4.5, 0.0]",5.946257121466157,7.770336151123047,-4.066512923340859,,,0.0,0.25,0.0,0.25
57.569476,"[316.0870361328125, 8.272284507751465, 0.0]","[314.51605224609375, 4.5, 0.0]",5.864926869912046,7.773890018463135,-4.066512577705561,,,0.0,0.25,0.0,0.25
57.590241,"[316.2059326171875, 8.275042533874512, 0.0]","[314.66925048828125, 4.5, 0.0]",5.783596621123007,7.79044771194458,-4.06651243945193,,,0.0,0.25,0.0,0.25
57.610535,"[316.3232116699219, 8.277763366699219, 0.0]","[314.8277587890625, 4.5, 0.0]",5.702266374407768,7.793957233428955,-4.066512335761985,,,0.0,0.25,0.0,0.25
57.629567,"[316.4388427734375, 8.28044605255127, 0.0]","[314.98333740234375, 4.5, 0.0]",5.62093612907506,7.810227870941162,-4.066512266635369,,,0.0,0.25,0.0,0.25
57.649134,"[316.5528564453125, 8.28309154510498, 0.0]","[315.1383361816406, 4.5, 0.0]",5.539605880977288,7.816464424133301,-4.0665124048886,,,0.0,0.25,0.0,0.25
57.669746,"[316.6652526855469, 8.285698890686035, 0.0]","[315.294189453125, 4.5, 0.0]",5.458275623201825,7.826086044311523,-4.066512888773177,,,0.0,0.25,0.0,0.25
57.690409,"[316.7760009765625, 8.28826904296875, 0.0]","[315.4535217285156, 4.5, 0.0]",5.376945361970111,7.8359222412109375,-4.066513061585697,,,0.0,0.25,0.0,0.25
57.709721,"[316.8851318359375, 8.290801048278809, 0.0]","[315.6068115234375, 4.5, 0.0]",5.295615101775365,7.845380783081055,-4.066513009737305,,,0.0,0.25,0.0,0.25
57.729466,"[316.9926452636719, 8.293295860290527, 0.0]","[315.7673034667969, 4.5, 0.0]",5.214284839852567,7.8552494049072275,-4.066513096139879,,,0.0,0.25,0.0,0.25
57.748746,"[317.0985412597656, 8.29575252532959, 0.0]","[315.92205810546875, 4.5, 0.0]",5.132954575510505,7.864764213562012,-4.066513217103118,,,0.0,0.25,0.0,0.25
57.768572,"[317.2027893066406, 8.298171043395996, 0.0]","[316.0791931152344, 4.5, 0.0]",5.051624319117872,7.874425888061523,-4.06651281963164,,,0.0,0.25,0.0,0.25
57.790713,"[317.305419921875, 8.300552368164062, 0.0]","[316.23699951171875, 4.5, 0.0]",4.9702940698105165,7.884129524230957,-4.0665124653677776,,,0.0,0.25,0.0,0.25
57.810045,"[317.40643310546875, 8.302895545959473, 0.0]","[316.3944396972656, 4.5, 0.0]",4.888963819293497,7.893860816955566,-4.066512525850952,,,0.0,0.25,0.0,0.25
57.829656,"[317.50579833984375, 8.305201530456543, 0.0]","[316.552734375, 4.5, 0.0]",4.807633575343274,7.904031753540039,-4.066512197511152,,,0.0,0.25,0.0,0.25
57.850051,"[317.6035461425781, 8.307469367980957, 0.0]","[316.71490478515625, 4.5, 0.0]",4.72630333001057,7.91445255279541,-4.066512266635236,,,0.0,0.25,0.0,0.25
57.868679,"[317.6996765136719, 8.309700012207031, 0.0]","[316.8721618652344, 4.5, 0.0]",4.644973086060347,7.924557685852052,-4.066512197511152,,,0.0,0.25,0.0,0.25
57.890743,"[317.794189453125, 8.31189250946045, 0.0]","[317.02813720703125, 4.5, 0.0]",4.563642844356658,7.934579849243164,-4.066512085184426,,,0.0,0.25,0.0,0.25
57.910081,"[317.8870544433594, 8.314046859741211, 0.0]","[317.18646240234375, 4.5, 0.0]",4.48231259798709,7.944845199584961,-4.066512318478388,,,0.0,0.25,0.0,0.25
57.929584,"[317.9783020019531, 8.316164016723633, 0.0]","[317.34576416015625, 4.5, 0.0]",4.400982351617524,7.95587158203125,-4.066512318478299,,,0.0,0.25,0.0,0.25
57.948561,"[318.06793212890625, 8.318243026733398, 0.0]","[317.5045166015625, 4.5, 0.0]",4.319652102137381,7.966860771179199,-4.066512474007178,,,0.0,0.25,0.0,0.25
57.968954,"[318.1559143066406, 8.320284843444824, 0.0]","[317.66448974609375, 4.5, 0.0]",4.238321857150298,7.977933883666992,-4.066512249354126,,,0.0,0.25,0.0,0.25
57.989064,"[318.2422790527344, 8.322288513183594, 0.0]","[317.82470703125, 4.5, 0.0]",4.156991609398262,7.989024639129639,-4.066512387601806,,,0.0,0.25,0.0,0.25
58.009881,"[318.3270263671875, 8.324254989624023, 0.0]","[317.9842834472656, 4.5, 0.0]",4.075661363719942,8.000186920166016,-4.066512283915991,,,0.0,0.25,0.0,0.25
58.028181,"[318.41015625, 8.326183319091797, 0.0]","[318.14398193359375, 4.5, 0.0]",3.9943311180416243,8.012234687805178,-4.066512283915902,,,0.0,0.25,0.0,0.25
58.048851,"[318.49163818359375, 8.328073501586914, 0.0]","[318.3057861328125, 4.5, 0.0]",3.9130008718448797,8.024441719055178,-4.0665123098372336,,,0.0,0.25,0.0,0.25
58.069361,"[318.5715026855469, 8.329926490783691, 0.0]","[318.466064453125, 4.5, 0.0]",3.8316706239200484,8.039867401123047,-4.066512396241562,,,0.0,0.25,0.0,0.25
58.089398,"[318.6497497558594, 8.331741333007812, 0.0]","[318.6267395019531, 4.5, 0.0]",3.750340374439949,8.045323371887207,-4.06651247400498,,,0.0,0.25,0.0,0.25
58.109102,"[318.7263488769531, 8.333518981933594, 0.0]","[318.7874755859375, 4.5, 0.0]",3.6690101273791753,8.064245223999023,-4.066512353038676,,,0.0,0.25,0.0,0.25
58.129225,"[318.80133056640625, 8.335258483886719, 0.0]","[318.94842529296875, 4.5, 0.0]",3.5876798823921017,8.070817947387695,-4.066512249353682,,,0.0,0.25,0.0,0.25
58.148816,"[318.87469482421875, 8.336960792541504, 0.0]","[319.1117858886719, 4.5, 0.0]",3.5063496384418755,8.090922355651855,-4.066512197511307,,,0.0,0.25,0.0,0.25
58.16875,"[318.9464416503906, 8.338624954223633, 0.0]","[319.27349853515625, 4.5, 0.0]",3.425019394664458,8.097558975219727,-4.0665121888708855,,,0.0,0.25,0.0,0.25
58.189945,"[319.01654052734375, 8.340251922607422, 0.0]","[319.4351501464844, 4.5, 0.0]",3.3436891510598477,8.117525100708008,-4.066512180230508,,,0.0,0.25,0.0,0.25
58.209135,"[319.08502197265625, 8.341840744018555, 0.0]","[319.59716796875, 4.5, 0.0]",3.262358906072774,8.124299049377441,-4.066512249353682,,,0.0,0.25,0.0,0.25
58.230045,"[319.1518859863281, 8.343391418457031, 0.0]","[319.7622375488281, 4.5, 0.0]",3.1810286619497403,8.14554214477539,-4.0665122061516845,,,0.0,0.25,0.0,0.25
58.250219,"[319.21710205078125, 8.344904899597168, 0.0]","[319.92681884765625, 4.5, 0.0]",3.09969841834513,8.153406143188477,-4.066512180230508,0.5210445696076746,4.96451348282565,0.0,0.25,0.0,0.25
58.268608,"[319.28070068359375, 8.346380233764648, 0.0]","[320.0867614746094, 4.5, 0.0]",3.0183681747405204,8.17419719696045,-4.066512180230486,0.620347970177894,5.053707724843346,0.0,0.25,0.0,0.25
58.290136,"[319.3426818847656, 8.347818374633789, 0.0]","[320.2506408691406, 4.5, 0.0]",3.0518864458491795,8.181999206542969,1.6759135554329507,0.7166318280365336,5.155829022219929,0.6068412214517593,0.0,0.6068412214517593,0.0
58.3092,"[319.4030456542969, 8.349218368530273, 0.0]","[320.41387939453125, 4.5, 0.0]",3.0848056474510397,8.203170776367188,1.6459600800930119,0.8184692536208039,5.130112760693789,0.5960020795464516,0.0,0.5960020795464516,0.0
58.328358,"[319.4640808105469, 8.35063362121582, 0.0]","[320.578125, 4.5, 0.0]",3.1174157785665852,8.211772918701172,1.630506555777278,0.9212838637707376,5.118365128916148,0.5903960764408112,0.0,0.5903960764408112,0.0
58.348955,"[319.5257568359375, 8.35206413269043, 0.0]","[320.7447509765625, 4.5, 0.0]",3.1499534084581424,8.233929634094238,1.6268814945778587,1.0244326909741392,5.094357140134587,0.5890825390815735,0.0,0.5890825390815735,0.0
58.369965,"[319.58807373046875, 8.353509902954102, 0.0]","[320.90838623046875, 4.5, 0.0]",3.1825969299323966,8.242473602294924,1.63217607371271,1.1293222624570634,5.083976225636096,0.5910064280033112,0.0,0.5910064280033112,0.0
58.389621,"[319.65106201171875, 8.354970932006836, 0.0]","[321.0733947753906, 4.5, 0.0]",3.2161123435527057,8.264482498168945,1.6757706810154538,1.2305782818879947,5.0598766723625275,0.6067908182740211,0.0,0.6067908182740211,0.0
58.41015,"[319.7146911621094, 8.356447219848633, 0.0]","[321.23846435546875, 4.5, 0.0]",3.2497975515933843,8.273208618164062,1.6842604020339325,1.332537212553985,5.04837015461624,0.6098612025380135,0.0,0.6098612025380135,0.0
58.427877,"[319.77899169921875, 8.357938766479492, 0.0]","[321.4035339355469, 4.5, 0.0]",3.284044623728637,8.295633316040039,1.7123536067626288,1.4339171474781085,5.023411066570678,0.6200454384088516,0.0,0.6200454384088516,0.0
58.451538,"[319.8439636230469, 8.35944652557373, 0.0]","[321.57244873046875, 4.5, 0.0]",3.318565470884054,8.305091857910156,1.7260423577708517,1.5346260430193284,5.011588692311403,0.625,0.0,0.625,0.0
58.469863,"[319.9096374511719, 8.360969543457031, 0.0]","[321.73681640625, 4.5, 0.0]",3.3530863187307185,8.327449798583984,1.7260423923332269,1.638504944395351,4.986526387026102,0.625,0.0,0.625,0.0
58.490944,"[319.9759826660156, 8.362508773803711, 0.0]","[321.9052734375, 4.5, 0.0]",3.3876071721072267,8.336861610412598,1.7260426688254116,1.7371369176647544,4.974363479853266,0.625,0.0,0.625,0.0
58.509002,"[320.04302978515625, 8.36406421661377, 0.0]","[322.0700378417969, 4.5, 0.0]",3.42153372237454,8.35926342010498,1.6963275133656586,1.8391860843252155,4.9492544383053705,0.6142335757613182,0.0,0.6142335757613182,0.0
58.52909,"[320.11077880859375, 8.365635871887207, 0.0]","[322.2370300292969, 4.5, 0.0]",3.4558551973851186,8.368584632873535,1.7160737505289347,1.9368425682129198,4.937729697730441,0.6213799118995667,0.0,0.6213799118995667,0.0
58.549849,"[320.17919921875, 8.367222785949707, 0.0]","[322.40753173828125, 4.5, 0.0]",3.4903760419485055,8.39157772064209,1.7260422281693444,2.0360231052622,4.912729435488417,0.625,0.0,0.625,0.0
58.570698,"[320.248291015625, 8.368825912475586, 0.0]","[322.5758056640625, 4.5, 0.0]",3.5248968887583936,8.401018142700195,1.7260423404944047,2.138040139076525,4.901201678693584,0.625,0.0,0.625,0.0
58.589563,"[320.3180847167969, 8.370445251464844, 0.0]","[322.7420349121094, 4.5, 0.0]",3.558671762307834,8.423602104187012,1.6887436774720266,2.23715840681824,4.876121253941802,0.6114966049790382,0.0,0.6114966049790382,0.0
58.609191,"[320.3885498046875, 8.37208080291748, 0.0]","[322.9106140136719, 4.5, 0.0]",3.5927194635078976,8.436372756958008,1.7023850600031754,2.3335288871471564,4.864930341879178,0.6164377555251122,0.0,0.6164377555251122,0.0
58.632387,"[320.459716796875, 8.37373161315918, 0.0]","[323.07867431640625, 4.5, 0.0]",3.627011368743188,8.45217227935791,1.7145952617645177,2.4315785733763993,4.84365329345011,0.6208515539765358,0.0,0.6208515539765358,0.0
58.64891,"[320.53155517578125, 8.375398635864258, 0.0]","[323.2488708496094, 4.5, 0.0]",3.6615226782648906,8.46817398071289,1.7255654760851336,2.5284080547201078,4.825160910614722,0.624815858900547,0.0,0.624815858900547,0.0
58.668787,"[320.60406494140625, 8.377080917358398, 0.0]","[323.4190673828125, 4.5, 0.0]",3.6960435252476387,8.484173774719238,1.7260423491374022,2.6267026593769645,4.8066513024479995,0.625,0.0,0.625,0.0
58.691121,"[320.6772766113281, 8.378779411315918, 0.0]","[323.5882263183594, 4.5, 0.0]",3.729106766548208,8.500076293945312,1.6531620650284573,2.7243241327125594,4.7881302494716,0.5986019223928452,0.0,0.5986019223928452,0.0
58.710281,"[320.7511901855469, 8.380494117736816, 0.0]","[323.7578125, 4.5, 0.0]",3.762370333065827,8.515951156616213,1.6631783258809651,2.8202051453106836,4.770969527397105,0.602240115404129,0.0,0.602240115404129,0.0
58.729888,"[320.82574462890625, 8.382224082946777, 0.0]","[323.92913818359375, 4.5, 0.0]",3.7958161005313356,8.531469345092773,1.6722883732754212,2.915812773073241,4.753580823550386,0.6055261567234993,0.0,0.6055261567234993,0.0
58.750626,"[320.9009704589844, 8.3839693069458, 0.0]","[324.10101318359375, 4.5, 0.0]",3.82943453252049,8.547037124633789,1.6809215994577187,3.0125189116683293,4.735653244561438,0.6086503341794014,0.0,0.6086503341794014,0.0
58.769627,"[320.97686767578125, 8.385729789733887, 0.0]","[324.2712097167969, 4.5, 0.0]",3.863217998580595,8.562453269958496,1.6891733030052425,3.109099499458653,4.717602592113299,0.6116526573896408,0.0,0.6116526573896408,0.0
58.790605,"[321.0534362792969, 8.387506484985352, 0.0]","[324.44427490234375, 4.5, 0.0]",3.894941930408016,8.578129768371582,1.5861965913710696,3.203333144977568,4.699235271377901,0.5743522197008133,0.0,0.5743522197008133,0.0
58.809241,"[321.13067626953125, 8.389298439025879, 0.0]","[324.61456298828125, 4.5, 0.0]",3.9268442439825124,8.593448638916016,1.5951156787248122,3.299762562112285,4.683187837963565,0.5775792151689529,0.0,0.5775792151689529,0.0
58.828588,"[321.20855712890625, 8.391104698181152, 0.0]","[324.7855529785156, 4.5, 0.0]",3.958913499327556,8.608088493347168,1.603462767252184,3.392743009636321,4.666604394933503,0.5806097388267517,0.0,0.5806097388267517,0.0
58.848962,"[321.2870788574219, 8.392926216125488, 0.0]","[324.9599304199219, 4.5, 0.0]",3.991147778548176,8.623019218444824,1.6117139610309916,3.485786787202363,4.649174994019612,0.5836018547415733,0.0,0.5836018547415733,0.0
58.868978,"[321.3662414550781, 8.394762992858887, 0.0]","[325.1312561035156, 4.5, 0.0]",4.023539454302148,8.637685775756836,1.6195837876986197,3.5815739389663466,4.631871439896648,0.5864439904689789,0.0,0.5864439904689789,0.0
58.889097,"[321.446044921875, 8.396614074707031, 0.0]","[325.3041687011719, 4.5, 0.0]",4.054311354357968,8.652488708496094,1.5385950027909878,3.6736717526600953,4.614146321454688,0.5571360141038895,0.0,0.5571360141038895,0.0
58.910751,"[321.5264892578125, 8.398480415344238, 0.0]","[325.4770812988281, 4.5, 0.0]",4.085176740160209,8.667177200317383,1.5432692901120593,3.7667118454327646,4.598177354138126,0.5588046461343765,0.0,0.5588046461343765,0.0
58.930037,"[321.6075439453125, 8.400361061096191, 0.0]","[325.65130615234375, 4.5, 0.0]",4.116274879653015,8.681109428405762,1.554906974640291,3.859113541296984,4.5820004601571735,0.5630409717559814,0.0,0.5630409717559814,0.0
58.94892,"[321.6892395019531, 8.40225601196289, 0.0]","[325.8250427246094, 4.5, 0.0]",4.147531367887406,8.695002555847168,1.5628244117195322,3.9522150289610822,4.564834548752747,0.5658912658691406,0.0,0.5658912658691406,0.0
58.968981,"[321.77154541015625, 8.404165267944336, 0.0]","[326.0027160644531, 4.5, 0.0]",4.178904238755984,8.709211349487306,1.5686435434289159,4.044187338185597,4.547471187959762,0.5680100247263908,0.0,0.5680100247263908,0.0
58.990817,"[321.8544616699219, 8.406088829040527, 0.0]","[326.17413330078125, 4.5, 0.0]",4.20904845363867,8.722920417785645,1.5072107441342908,4.139484304101255,4.530307110731322,0.5457587167620659,0.0,0.5457587167620659,0.0
59.009702,"[321.9380187988281, 8.408027648925781, 0.0]","[326.3484191894531, 4.5, 0.0]",4.239352928936913,8.736718177795412,1.515223764912177,4.227916329075635,4.513871964146975,0.5486571043729782,0.0,0.5486571043729782,0.0
59.02946,"[322.0221862792969, 8.409979820251465, 0.0]","[326.5220947265625, 4.5, 0.0]",4.269813842685173,8.752803802490234,1.5230456874129938,4.318576784636271,4.4973652488584985,0.5514805763959885,0.0,0.5514805763959885,0.0
59.050069,"[322.1069641113281, 8.411946296691895, 0.0]","[326.6994934082031, 4.5, 0.0]",4.300425476968743,8.759162902832033,1.5305817141785028,4.408015489111941,4.482989959805061,0.5542326346039772,0.0,0.5542326346039772,0.0
59.07016,"[322.1923522949219, 8.41392707824707, 0.0]","[326.8740539550781, 4.5, 0.0]",4.331185929444801,8.778647422790527,1.5380226238028705,4.500565817491405,4.45873742586329,0.5569170787930489,0.0,0.5569170787930489,0.0
59.091289,"[322.2783508300781, 8.415922164916992, 0.0]","[327.04949951171875, 4.5, 0.0]",4.359893524204634,8.78486156463623,1.43537973799166,4.589668255358648,4.447461493345727,0.5197513476014137,0.0,0.5197513476014137,0.0
59.109271,"[322.3649597167969, 8.41793155670166, 0.0]","[327.22491455078125, 4.5, 0.0]",4.388757566400047,8.804261207580566,1.4432021097706471,4.679044945777639,4.4249680404315965,0.5225890874862671,0.0,0.5225890874862671,0.0
59.129845,"[322.4521484375, 8.419954299926758, 0.0]","[327.4007263183594, 4.5, 0.0]",4.41777614314751,8.809237480163574,1.4509288373731444,4.767780071094322,4.4155036411805195,0.5253645777702332,0.0,0.5253645777702332,0.0
59.150145,"[322.5398864746094, 8.421990394592285, 0.0]","[327.5790100097656, 4.5, 0.0]",4.446937808595158,8.827715873718262,1.4580832723824155,4.856332903685784,4.3914613370160644,0.5279596522450447,0.0,0.5279596522450447,0.0
59.169225,"[322.6282043457031, 8.424039840698242, 0.0]","[327.7544860839844, 4.5, 0.0]",4.476233023726712,8.832669258117676,1.4647607565776877,4.946807517987086,4.380778065123104,0.5304000154137611,0.0,0.5304000154137611,0.0
59.19074,"[322.7171325683594, 8.426102638244629, 0.0]","[327.931640625, 4.5, 0.0]",4.504047741990707,8.851072311401367,1.3907359131997588,5.033894207300458,4.356436234390964,0.5035972222685814,0.0,0.5035972222685814,0.0
59.211686,"[322.806640625, 8.428178787231445, 0.0]","[328.1083068847656, 4.5, 0.0]",4.531942588475303,8.855950355529787,1.394742324229803,5.122048952553872,4.34702456941066,0.5050312355160713,0.0,0.5050312355160713,0.0
59.229384,"[322.8966979980469, 8.430268287658691, 0.0]","[328.2850036621094, 4.5, 0.0]",4.560028222888645,8.87299633026123,1.404281720667111,5.209135560224631,4.324007767054484,0.5084965005517006,0.0,0.5084965005517006,0.0
59.250474,"[322.9873046875, 8.43237018585205, 0.0]","[328.4644470214844, 4.5, 0.0]",4.588241684751148,8.876867294311523,1.4106730931251477,5.295702659114771,4.312968107372585,0.5107957124710083,0.0,0.5107957124710083,0.0
59.269829,"[323.0784912109375, 8.43448543548584, 0.0]","[328.6418762207031, 4.5, 0.0]",4.616584881243998,8.893956184387207,1.4171598246425,5.3844672247572465,4.288625609560375,0.5131387710571289,0.0,0.5131387710571289,0.0
59.290918,"[323.17022705078125, 8.436614036560059, 0.0]","[328.819580078125, 4.5, 0.0]",4.643144229507177,8.897726058959961,1.327967413158948,5.4706365626036995,4.277371303143209,0.48083826899528503,0.0,0.48083826899528503,0.0
59.309878,"[323.2625427246094, 8.43875503540039, 0.0]","[328.9963073730469, 4.5, 0.0]",4.669837126071876,8.914620399475098,1.3346448282349321,5.556532628769159,4.254581829452784,0.48326045274734497,0.0,0.48326045274734497,0.0
59.333201,"[323.3553771972656, 8.440908432006836, 0.0]","[329.17669677734375, 4.5, 0.0]",4.696659755193337,8.917156219482422,1.3411314560730414,5.6408724306577245,4.244783273403222,0.48561301082372665,0.0,0.48561301082372665,0.0
59.349017,"[323.4487609863281, 8.443074226379395, 0.0]","[329.3544616699219, 4.5, 0.0]",4.723602575781699,8.932896614074707,1.3471410294181307,5.7283538685581155,4.220496464289085,0.4877835884690285,0.0,0.4877835884690285,0.0
59.369951,"[323.54266357421875, 8.445252418518066, 0.0]","[329.5341796875, 4.5, 0.0]",4.75063124959018,8.935397148132326,1.351433690424031,5.812662587656299,4.209294038293008,0.4893455281853676,0.0,0.4893455281853676,0.0
59.38904,"[323.6371154785156, 8.447443008422852, 0.0]","[329.71221923828125, 4.5, 0.0]",4.776370209103117,8.951149940490723,1.2869479756468571,5.89840496068877,4.184765898542146,0.4659959673881531,0.0,0.4659959673881531,0.0
59.40911,"[323.73211669921875, 8.449646949768066, 0.0]","[329.8907165527344, 4.5, 0.0]",4.802235084564099,8.953433990478516,1.293243773049113,5.981920407568311,4.174779731387606,0.4682794585824013,0.0,0.4682794585824013,0.0
59.42922,"[323.8276062011719, 8.451862335205078, 0.0]","[330.069580078125, 4.5, 0.0]",4.82821824603882,8.967870712280273,1.2991580737360398,6.0653429292832515,4.151198905914416,0.47043073922395706,0.0,0.47043073922395706,0.0
59.449186,"[323.9236145019531, 8.454090118408203, 0.0]","[330.25018310546875, 4.5, 0.0]",4.854321605546774,8.969047546386719,1.305167975397703,6.148643148107157,4.139652466241453,0.47258850187063217,0.0,0.47258850187063217,0.0
59.472897,"[324.0201416015625, 8.456329345703125, 0.0]","[330.4295654296875, 4.5, 0.0]",4.880537534708774,8.98350715637207,1.310796458099972,6.233161816445744,4.114725940839945,0.4746256023645401,0.0,0.4746256023645401,0.0
59.489455,"[324.1171875, 8.45858097076416, 0.0]","[330.60894775390625, 4.5, 0.0]",4.905198554278256,8.984630584716797,1.233050978474104,6.315942821380224,4.102969621663297,0.4464689642190933,0.0,0.4464689642190933,0.0
59.509817,"[324.21478271484375, 8.460844993591309, 0.0]","[330.7879638671875, 4.5, 0.0]",4.929949245577344,8.998929977416992,1.2375345649544123,6.398205426522414,4.079432030438541,0.448099821805954,0.0,0.448099821805954,0.0
59.529646,"[324.3128662109375, 8.463120460510254, 0.0]","[330.9684143066406, 4.5, 0.0]",4.954818226173283,9.002142906188965,1.2434490297969614,6.479550821422803,4.068980731839648,0.45025400817394257,0.0,0.45025400817394257,0.0
59.553409,"[324.41143798828125, 8.465407371520996, 0.0]","[331.1490783691406, 4.5, 0.0]",4.9798016808397145,9.008695602416992,1.2491727333215685,6.561843383536194,4.047324680015682,0.4523186758160591,0.0,0.4523186758160591,0.0
59.569791,"[324.510498046875, 8.467705726623535, 0.0]","[331.3288269042969, 4.5, 0.0]",5.0048938818124,9.015215873718262,1.2546100486342748,6.643859999639874,4.028893921577278,0.45430194586515427,0.0,0.45430194586515427,0.0
59.591397,"[324.6100769042969, 8.470015525817871, 0.0]","[331.51007080078125, 4.5, 0.0]",5.028158349343636,9.021790504455566,1.163223376561806,6.724474016714424,4.010321991905862,0.4211902618408203,0.0,0.4211902618408203,0.0
59.610678,"[324.71014404296875, 8.472336769104004, 0.0]","[331.6907043457031, 4.5, 0.0]",5.051543004885884,9.028203010559082,1.1692327771124056,6.8060646191163325,3.9936321551119303,0.42337868362665176,0.0,0.42337868362665176,0.0
59.629373,"[324.8106689453125, 8.474669456481934, 0.0]","[331.87030029296875, 4.5, 0.0]",5.07503830804055,9.033544540405273,1.1747651577332707,6.886557171395089,3.9766600056731978,0.4253813624382019,0.0,0.4253813624382019,0.0
59.649527,"[324.91168212890625, 8.477012634277344, 0.0]","[332.0525207519531, 4.5, 0.0]",5.098642360611867,9.03896427154541,1.180202628565885,6.965552849719944,3.9585062323647238,0.4273443669080734,0.0,0.4273443669080734,0.0
59.669908,"[325.0131530761719, 8.479366302490234, 0.0]","[332.2329406738281, 4.5, 0.0]",5.122345624620292,9.044330596923828,1.1851632004212131,7.046684492130115,3.940321910933543,0.42914897203445435,0.0,0.42914897203445435,0.0
59.691189,"[325.1151123046875, 8.481731414794922, 0.0]","[332.4150085449219, 4.5, 0.0]",5.146106128774262,9.049745559692385,1.1880252076985176,7.125557646949218,3.9219849723035365,0.43019555509090424,0.0,0.43019555509090424,0.0
59.710144,"[325.217529296875, 8.48410701751709, 0.0]","[332.59466552734375, 4.5, 0.0]",5.1677985108506235,9.054973602294922,1.0846191038180741,7.205589339821975,3.9036394309181226,0.3927542641758919,0.0,0.3927542641758919,0.0
59.729782,"[325.3204345703125, 8.486494064331055, 0.0]","[332.77532958984375, 4.5, 0.0]",5.189599636814196,9.059356689453125,1.0900562981786432,7.282754566976638,3.8871750914442984,0.39469875395298004,0.0,0.39469875395298004,0.0
59.75189,"[325.42376708984375, 8.488890647888184, 0.0]","[332.9591369628906, 4.5, 0.0]",5.21145609902512,9.06381607055664,1.0928231105461705,7.360436529104322,3.8697570526389287,0.3956945985555649,0.0,0.3956945985555649,0.0
59.769205,"[325.52752685546875, 8.491297721862793, 0.0]","[333.1397705078125, 4.5, 0.0]",5.233440389203558,9.068197250366211,1.0992145089219196,7.440834157147316,3.852359971531521,0.39803333580493927,0.0,0.39803333580493927,0.0
59.789688,"[325.6317138671875, 8.493715286254883, 0.0]","[333.3207092285156, 4.5, 0.0]",5.253690430477436,9.072587013244629,1.0125020636938764,7.517631436235838,3.834756861162653,0.36661818623542786,0.0,0.36661818623542786,0.0
59.81012,"[325.7363586425781, 8.496142387390137, 0.0]","[333.5013732910156, 4.5, 0.0]",5.274037767021956,9.076879501342773,1.0173668272260183,7.594306989951125,3.8188965827671932,0.36837365478277206,0.0,0.36837365478277206,0.0
59.828432,"[325.8414001464844, 8.498579025268555, 0.0]","[333.6825866699219, 4.5, 0.0]",5.294472866386925,9.080488204956055,1.021754968248434,7.670249542773448,3.8028417343208174,0.36996927112340927,0.0,0.36996927112340927,0.0
59.849454,"[325.94683837890625, 8.501025199890137, 0.0]","[333.8663024902344, 4.5, 0.0]",5.3149957277083795,9.084146499633789,1.0261430660727378,7.746344421274818,3.78601533856913,0.3715573623776436,0.0,0.3715573623776436,0.0
59.870155,"[326.0527038574219, 8.503480911254883, 0.0]","[334.04730224609375, 4.5, 0.0]",5.33559872433494,9.087751388549805,1.0301498313280089,7.824544782225376,3.7691507719254096,0.37302184849977493,0.0,0.37302184849977493,0.0
59.889559,"[326.1589660644531, 8.505946159362793, 0.0]","[334.2291564941406, 4.5, 0.0]",5.356278033783024,9.091373443603516,1.033965472404219,7.899603015639014,3.752152664214865,0.3743875026702881,0.0,0.3743875026702881,0.0
59.90946,"[326.2656555175781, 8.508420944213867, 0.0]","[334.4107360839844, 4.5, 0.0]",5.375278429018684,9.094918251037598,0.9500197617830164,7.975116437873716,3.7350954098204916,0.3440161421895027,0.0,0.3440161421895027,0.0
59.929976,"[326.37274169921875, 8.510905265808105, 0.0]","[334.599853515625, 4.5, 0.0]",5.394450527066035,9.098054885864258,0.9586049023675436,8.049929038703894,3.7196398220189133,0.3471091017127037,0.0,0.3471091017127037,0.0
59.94915,"[326.480224609375, 8.513398170471191, 0.0]","[334.7746276855469, 4.5, 0.0]",5.413656970790303,9.104287147521973,0.9603221862133804,8.131880610996392,3.7036043587982226,0.3477229177951813,0.0,0.3477229177951813,0.0
59.969631,"[326.58807373046875, 8.515900611877441, 0.0]","[334.9567565917969, 4.5, 0.0]",5.432918743850185,9.100639343261719,0.9630886529941041,8.199095958416903,3.69063017673167,0.3487375006079674,0.0,0.3487375006079674,0.0
59.993244,"[326.6963195800781, 8.518411636352539, 0.0]","[335.14007568359375, 4.5, 0.0]",5.450907965690349,9.110347747802734,0.8994610920082025,8.27329773044861,3.667720599411534,0.32569941133260727,0.0,0.32569941133260727,0.0
60.0103,"[326.8049621582031, 8.520931243896484, 0.0]","[335.3207702636719, 4.5, 0.0]",5.468984950350934,9.106636047363283,0.9038492330292414,8.348293669083164,3.6594397821123854,0.3272871673107147,0.0,0.3272871673107147,0.0
60.029292,"[326.9139404296875, 8.523459434509277, 0.0]","[335.5032043457031, 4.5, 0.0]",5.487121084929972,9.115984916687012,0.9068067289518922,8.420266736951541,3.6376510970123492,0.32836899161338806,0.0,0.32836899161338806,0.0
60.050222,"[327.0232849121094, 8.525996208190918, 0.0]","[335.6867370605469, 4.5, 0.0]",5.505339261822496,9.112013816833496,0.9109088446262348,8.493644720963808,3.62886383175704,0.32985467463731766,0.0,0.32985467463731766,0.0
60.068625,"[327.13299560546875, 8.528541564941406, 0.0]","[335.867919921875, 4.5, 0.0]",5.523633749463083,9.121344566345215,0.9147243820293305,8.567753606535089,3.6066745550109998,0.3312069922685623,0.0,0.3312069922685623,0.0
60.090609,"[327.2430725097656, 8.531095504760742, 0.0]","[336.0507507324219, 4.5, 0.0]",5.540459181595328,9.117362976074219,0.8412716066122705,8.63914695797653,3.597710816882132,0.3046373277902603,0.0,0.3046373277902603,0.0
60.110766,"[327.353515625, 8.53365707397461, 0.0]","[336.2325439453125, 4.5, 0.0]",5.557372370327572,9.126694679260254,0.8456594366121895,8.711823194267788,3.5769037944788904,0.30619505792856216,0.0,0.30619505792856216,0.0
60.131903,"[327.46429443359375, 8.536227226257324, 0.0]","[336.4167785644531, 4.5, 0.0]",5.574363777334699,9.122669219970703,0.8495703503563323,8.7830952604519,3.5693223089326818,0.30762791633605957,0.0,0.30762791633605957,0.0
60.150675,"[327.5754089355469, 8.53880500793457, 0.0]","[336.6014404296875, 4.5, 0.0]",5.59142768556556,9.131985664367676,0.8531954115430729,8.856471710316116,3.5483054426360043,0.30895430594682693,0.0,0.30895430594682693,0.0
60.17117,"[327.6868591308594, 8.541390419006348, 0.0]","[336.78533935546875, 4.5, 0.0]",5.608541202625091,9.127955436706543,0.8556758529765229,8.929938945829326,3.5405579788021155,0.3098454512655735,0.0,0.3098454512655735,0.0
60.189628,"[327.79864501953125, 8.543983459472656, 0.0]","[336.9639892578125, 4.5, 0.0]",5.624059744599559,9.137186050415039,0.7759270987234057,9.002309364225184,3.5194142340814523,0.28097767382860184,0.0,0.28097767382860184,0.0
60.212852,"[327.9107971191406, 8.546585083007812, 0.0]","[337.1480712890625, 4.5, 0.0]",5.639624068599554,9.13319492340088,0.7782161999997594,9.06909582647631,3.5131263058154802,0.28177715837955475,0.0,0.28177715837955475,0.0
60.230229,"[328.02325439453125, 8.549193382263184, 0.0]","[337.32867431640625, 4.5, 0.0]",5.6552933252346405,9.142746925354004,0.7834628317543224,9.140947213534,3.4935708548013267,0.2836962044239044,0.0,0.2836962044239044,0.0
60.249759,"[328.1360168457031, 8.551809310913086, 0.0]","[337.5120544433594, 4.5, 0.0]",5.671012188624943,9.139005661010742,0.7859431695151464,9.209015286051343,3.4874536001193635,0.2845735475420952,0.0,0.2845735475420952,0.0
60.269839,"[328.24908447265625, 8.554431915283203, 0.0]","[337.6947021484375, 4.5, 0.0]",5.686778746751226,9.148589134216309,0.7883279063141124,9.279552737920497,3.467993472385799,0.2854360081255436,0.0,0.2854360081255436,0.0
60.290476,"[328.36248779296875, 8.557062149047852, 0.0]","[337.8790283203125, 4.5, 0.0]",5.700921712398051,9.14486312866211,0.7071482823412634,9.349053284139286,3.461810387465083,0.2560535632073879,0.0,0.2560535632073879,0.0
60.309317,"[328.4761962890625, 8.559700012207031, 0.0]","[338.0608825683594, 4.5, 0.0]",5.715173428498124,9.15450382232666,0.7125858050036626,9.419896635220017,3.4439414162640585,0.2580340579152107,0.0,0.2580340579152107,0.0
60.329475,"[328.5901794433594, 8.562344551086426, 0.0]","[338.24359130859375, 4.5, 0.0]",5.729493829385988,9.151365280151367,0.7160200443931952,9.4879617476428,3.439330393828536,0.2592566981911659,0.0,0.2592566981911659,0.0
60.350492,"[328.7044372558594, 8.564995765686035, 0.0]","[338.42822265625, 4.5, 0.0]",5.743850482613517,9.161600112915039,0.7178326613764607,9.556608092839419,3.421871450765379,0.2599122188985348,0.0,0.2599122188985348,0.0
60.369724,"[328.8190002441406, 8.567652702331543, 0.0]","[338.6103210449219, 4.5, 0.0]",5.758296803769278,9.158449172973633,0.7223160577880527,9.626902361553267,3.417749630301522,0.26154298335313797,0.0,0.26154298335313797,0.0
60.389907,"[328.933837890625, 8.570316314697266, 0.0]","[338.7953796386719, 4.5, 0.0]",5.77176249027371,9.168692588806152,0.6732843252216014,9.694357413135695,3.4001523692043545,0.24377791211009026,0.0,0.24377791211009026,0.0
60.410532,"[329.0489807128906, 8.572986602783203, 0.0]","[338.9779357910156, 4.5, 0.0]",5.7852644280810805,9.165672302246094,0.6750968903685095,9.76449770572026,3.396930098532442,0.24443702772259712,0.0,0.24443702772259712,0.0
60.429686,"[329.1643981933594, 8.575663566589355, 0.0]","[339.1604919433594, 4.5, 0.0]",5.798852214961845,9.176892280578613,0.679389344038217,9.831830408497035,3.380407874165013,0.24598931893706322,0.0,0.24598931893706322,0.0
60.449389,"[329.2800598144531, 8.578347206115723, 0.0]","[339.3456115722656, 4.5, 0.0]",5.812495333942676,9.17817497253418,0.6821559490415741,9.898890664712143,3.3780400656167684,0.24701684713363647,0.0,0.24701684713363647,0.0
60.469376,"[329.39599609375, 8.581036567687988, 0.0]","[339.5299072265625, 4.5, 0.0]",5.826193773965537,9.182769775390625,0.684922001143029,9.968267185728656,3.3656796385915033,0.24800706654787064,0.0,0.24800706654787064,0.0
60.492498,"[329.51220703125, 8.583732604980469, 0.0]","[339.71246337890625, 4.5, 0.0]",5.839938001543153,9.187323570251465,0.6872113788808143,10.036545810120131,3.356576001425088,0.24884715676307678,0.0,0.24884715676307678,0.0
60.511851,"[329.6286926269531, 8.586434364318848, 0.0]","[339.89599609375, 4.5, 0.0]",5.852653892476613,9.192058563232422,0.6357945466729742,10.102810661209539,3.3473855687083116,0.23023009300231934,0.0,0.23023009300231934,0.0
60.53011,"[329.7454528808594, 8.589142799377441, 0.0]","[340.0794677734375, 4.5, 0.0]",5.865425120347975,9.19799518585205,0.6385613935681267,10.169777095138285,3.339404670755809,0.2312111109495163,0.0,0.2312111109495163,0.0
60.55084,"[329.86248779296875, 8.591856956481934, 0.0]","[340.26409912109375, 4.5, 0.0]",5.878249768300264,9.203969955444336,0.6412323976144219,10.236407771173987,3.3325700655040755,0.23219676688313484,0.0,0.23219676688313484,0.0
60.568865,"[329.9797668457031, 8.59457778930664, 0.0]","[340.4486083984375, 4.5, 0.0]",5.891114480881292,9.209939956665039,0.6432356290514196,10.303922509438422,3.3257201871440722,0.23289775475859642,0.0,0.23289775475859642,0.0
60.590493,"[330.0972900390625, 8.597304344177246, 0.0]","[340.633056640625, 4.5, 0.0]",5.903202693898207,9.215907096862793,0.6044106508457325,10.371070979298946,3.318825475783747,0.21884232759475708,0.0,0.21884232759475708,0.0
60.610067,"[330.215087890625, 8.60003662109375, 0.0]","[340.8174133300781, 4.5, 0.0]",5.915348147233105,9.222074508666994,0.6072726667448958,10.437915377567641,3.3127044029645862,0.2198978140950203,0.0,0.2198978140950203,0.0
60.630933,"[330.3331298828125, 8.602774620056152, 0.0]","[341.00189208984375, 4.5, 0.0]",5.927547018921121,9.229737281799316,0.6099435844008294,10.504392953281448,3.3067263614338893,0.22084543481469154,0.0,0.22084543481469154,0.0
60.6491,"[330.451416015625, 8.605518341064453, 0.0]","[341.1867370605469, 4.5, 0.0]",5.939799308271123,9.237416267395021,0.6126144675000944,10.570747779699664,3.302190262878195,0.22182289510965347,0.0,0.22182289510965347,0.0
60.66947,"[330.5699462890625, 8.608267784118652, 0.0]","[341.3731994628906, 4.5, 0.0]",5.952066861982376,9.245162963867188,0.6133776855626216,10.637225669136821,3.297616959123898,0.2220863290131092,0.0,0.2220863290131092,0.0
60.689862,"[330.688720703125, 8.61102294921875, 0.0]","[341.5568542480469, 4.5, 0.0]",5.963819299828294,9.252791404724121,0.5876218922959087,10.705074027669381,3.293096101884812,0.2127758413553238,0.0,0.2127758413553238,0.0
60.713641,"[330.8077392578125, 8.613783836364746, 0.0]","[341.74371337890625, 4.5, 0.0]",5.975625147733781,9.260795593261719,0.59029239527435,10.769874217152635,3.2889721048958274,0.2137455716729164,0.0,0.2137455716729164,0.0
60.729865,"[330.9269714355469, 8.616549491882324, 0.0]","[341.9259033203125, 4.5, 0.0]",5.987480604467781,9.270211219787598,0.5927728367000284,10.837632522389994,3.285170445527938,0.21463444456458092,0.0,0.21463444456458092,0.0
60.749558,"[331.04644775390625, 8.6193208694458, 0.0]","[342.1136169433594, 4.5, 0.0]",5.999368493995459,9.279913902282715,0.5943944763838971,10.900508635736015,3.2827306153198164,0.21522236987948418,0.0,0.21522236987948418,0.0
60.769283,"[331.1661682128906, 8.622097969055176, 0.0]","[342.3020324707031, 4.5, 0.0]",6.011300271153509,9.289652824401855,0.5965888579024803,10.968663318937631,3.2805454082872556,0.21602962166070938,0.0,0.21602962166070938,0.0
60.789615,"[331.2861328125, 8.62488079071045, 0.0]","[342.4845886230469, 4.5, 0.0]",6.022926787349375,9.299088478088379,0.5813258097933094,11.037274343741815,3.2783525532483466,0.21050773561000824,0.0,0.21050773561000824,0.0
60.810426,"[331.4063415527344, 8.627669334411621, 0.0]","[342.66973876953125, 4.5, 0.0]",6.034600997935649,9.308891296386719,0.5837105293136968,11.099785110519125,3.276161690739004,0.21136809140443802,0.0,0.21136809140443802,0.0
60.830539,"[331.5267639160156, 8.630462646484375, 0.0]","[342.8584899902344, 4.5, 0.0]",6.046319087858708,9.320734024047852,0.5859044961529669,11.164644967276951,3.27429029845107,0.21217074245214462,0.0,0.21217074245214462,0.0
60.849178,"[331.6474304199219, 8.633261680603027, 0.0]","[343.043701171875, 4.5, 0.0]",6.058079153047424,9.332353591918945,0.5880032594357765,11.232890669916689,3.2744149361891433,0.21292347460985184,0.0,0.21292347460985184,0.0
60.869859,"[331.768310546875, 8.636066436767578, 0.0]","[343.2304382324219, 4.5, 0.0]",6.069869743503005,9.347403526306152,0.589529522779042,11.297351907038555,3.2742744388715215,0.2134663425385952,0.0,0.2134663425385952,0.0
60.890098,"[331.8894348144531, 8.638875961303711, 0.0]","[343.4178771972656, 4.5, 0.0]",6.081706122204449,9.352495193481445,0.5918189350722081,11.363126670093472,3.2775337828031477,0.2142982929944992,0.0,0.2142982929944992,0.0
60.909865,"[332.01080322265625, 8.641691207885742, 0.0]","[343.6031799316406, 4.5, 0.0]",6.093456646303465,9.371013641357422,0.5875262049507946,11.429358377705627,3.2707890712769965,0.2127343788743019,0.0,0.2127343788743019,0.0
60.928818,"[332.1324157714844, 8.644512176513672, 0.0]","[343.7921142578125, 4.5, 0.0]",6.1052472346856455,9.37826919555664,0.5895294191090361,11.493210221705084,3.277556995053957,0.21348191425204277,0.0,0.21348191425204277,0.0
60.949492,"[332.2542419433594, 8.6473388671875, 0.0]","[343.9812927246094, 4.5, 0.0]",6.1170836099314,9.398877143859863,0.5918187622877102,11.560448473153428,3.273021960870995,0.21430740132927895,0.0,0.21430740132927895,0.0
60.969528,"[332.3763122558594, 8.65017032623291, 0.0]","[344.1680603027344, 4.5, 0.0]",6.12896195767826,9.405973434448242,0.5939173873430015,11.627717101274078,3.2817935339284636,0.21507231518626213,0.0,0.21507231518626213,0.0
60.992936,"[332.4986267089844, 8.653007507324219, 0.0]","[344.35723876953125, 4.5, 0.0]",6.175401221011124,9.426582336425781,2.321963166643215,11.692331303562161,3.2770114767699825,0.8407824486494064,0.0,0.8407824486494064,0.0
61.011163,"[332.6211853027344, 8.655850410461426, 0.0]","[344.54510498046875, 4.5, 0.0]",6.222017911982428,9.433994293212892,2.3308345485652193,11.759111538471283,3.2511811154146573,0.8440049737691879,0.0,0.8440049737691879,0.0
61.030343,"[332.7446594238281, 8.658714294433594, 0.0]","[344.73760986328125, 4.5, 0.0]",6.268714732902334,9.456907272338867,2.3348410459952618,11.824335662776505,3.211976381230464,0.8454498648643494,0.0,0.8454498648643494,0.0
61.049546,"[332.86907958984375, 8.661600112915039, 0.0]","[344.9238586425781, 4.5, 0.0]",6.31561188007602,9.465959548950195,2.3448573586843047,11.893281443745895,3.1881925394365336,0.8490695059299469,0.0,0.8490695059299469,0.0
61.068686,"[332.9944152832031, 8.664507865905762, 0.0]","[345.11358642578125, 4.5, 0.0]",6.362707439756434,9.488639831542969,2.3547779840207284,11.955027095780782,3.1503476688741756,0.8526574075222015,0.0,0.8526574075222015,0.0
61.090334,"[333.1206970214844, 8.667437553405762, 0.0]","[345.3044128417969, 4.5, 0.0]",6.410102523304824,9.498077392578125,2.3697541774194697,12.019335619261108,3.1259323917865345,0.8580973744392395,0.0,0.8580973744392395,0.0
61.110726,"[333.2479248046875, 8.670388221740723, 0.0]","[345.4946594238281, 4.5, 0.0]",6.45495061001913,9.52103328704834,2.242404335715298,12.083795590876191,3.0879748692733013,0.8119797706604004,0.0,0.8119797706604004,0.0
61.129494,"[333.3760986328125, 8.673361778259277, 0.0]","[345.68341064453125, 4.5, 0.0]",6.500311918203489,9.53212833404541,2.2680654092179786,12.146729608564513,3.0660826770292102,0.8212523907423019,0.0,0.8212523907423019,0.0
61.151626,"[333.5051574707031, 8.676355361938477, 0.0]","[345.87518310546875, 4.5, 0.0]",6.546022368069116,9.556841850280762,2.2855224932813556,12.207221159808059,3.031816415841921,0.8275739848613739,0.0,0.8275739848613739,0.0
61.168632,"[333.6351318359375, 8.679369926452637, 0.0]","[346.06640625, 4.5, 0.0]",6.5920705116906175,9.568167686462402,2.3024071810750613,12.269848495581789,3.0108194822116454,0.8337001502513885,0.0,0.8337001502513885,0.0
61.192056,"[333.7660217285156, 8.682406425476074, 0.0]","[346.26251220703125, 4.5, 0.0]",6.638448716196233,9.593291282653809,2.3189102252807903,12.331011489748692,2.976097174771785,0.8396842330694199,0.0,0.8396842330694199,0.0
61.209916,"[333.8978271484375, 8.685463905334473, 0.0]","[346.4500427246094, 4.5, 0.0]",6.682260848599569,9.604451179504395,2.1906066201667684,12.396138408620924,2.9548425664575753,0.793205052614212,0.0,0.793205052614212,0.0
61.229651,"[334.0305480957031, 8.688543319702148, 0.0]","[346.6419677734375, 4.5, 0.0]",6.72639350356182,9.630715370178223,2.206632748112547,12.45177761607511,2.922190330904826,0.7990116626024246,0.0,0.7990116626024246,0.0
61.250564,"[334.1641540527344, 8.691642761230469, 0.0]","[346.8367919921875, 4.5, 0.0]",6.770827605814851,9.643935203552246,2.221705112651584,12.510894979684455,2.904321866616403,0.8044589310884476,0.0,0.8044589310884476,0.0
61.269241,"[334.29864501953125, 8.694762229919434, 0.0]","[347.03314208984375, 4.5, 0.0]",6.815542159432388,9.670648574829102,2.235727680876831,12.572024304278088,2.8731075977373948,0.8095673471689224,0.0,0.8095673471689224,0.0
61.291097,"[334.43402099609375, 8.69790267944336, 0.0]","[347.2263488769531, 4.5, 0.0]",6.860516187148469,9.68370532989502,2.2487013858040417,12.633794457757872,2.8551064153967136,0.8142458647489548,0.0,0.8142458647489548,0.0
61.309856,"[334.5702819824219, 8.701064109802246, 0.0]","[347.4160461425781, 4.5, 0.0]",6.902899341458085,9.70987606048584,2.1191577154807906,12.691536887716047,2.8231891427465508,0.7673344016075134,0.0,0.7673344016075134,0.0
61.330231,"[334.70745849609375, 8.704246520996094, 0.0]","[347.61114501953125, 4.5, 0.0]",6.945540056810459,9.724277496337898,2.132035767618712,12.744885481700862,2.8069767190277553,0.7720039039850235,0.0,0.7720039039850235,0.0
61.349469,"[334.8454895019531, 8.70744800567627, 0.0]","[347.8057861328125, 4.5, 0.0]",6.988421165464289,9.751964569091797,2.144055432691516,12.802718466667185,2.778737439527439,0.7763434201478958,0.0,0.7763434201478958,0.0
61.369674,"[334.984375, 8.71066951751709, 0.0]","[348.0005187988281, 4.5, 0.0]",7.031525487929117,9.769659042358398,2.155216123241388,12.859238506234906,2.7635434036275077,0.7804084569215775,0.0,0.7804084569215775,0.0
61.392955,"[335.1241149902344, 8.713911056518555, 0.0]","[348.1968078613281, 4.5, 0.0]",7.074849210533561,9.787524223327637,2.166186130222192,12.914996547344083,2.7381335544292815,0.784371867775917,0.0,0.784371867775917,0.0
61.411671,"[335.26470947265625, 8.717172622680664, 0.0]","[348.3952941894531, 4.5, 0.0]",7.116022768919856,9.815707206726074,2.0586779193147553,12.971455239423245,2.712675012794076,0.745437741279602,0.0,0.745437741279602,0.0
61.430314,"[335.4061584472656, 8.720454216003418, 0.0]","[348.59222412109375, 4.5, 0.0]",7.15746343151197,9.830912590026855,2.0720331296057104,13.029255879389106,2.6996844378062184,0.7502745091915131,0.0,0.7502745091915131,0.0
61.44998,"[335.5484313964844, 8.7237548828125, 0.0]","[348.7864990234375, 4.5, 0.0]",7.199127311716276,9.85915756225586,2.0831940102152835,13.084647019720045,2.6734491585148854,0.7543104887008667,0.0,0.7543104887008667,0.0
61.468954,"[335.6915283203125, 8.72707462310791, 0.0]","[348.9837341308594, 4.5, 0.0]",7.240959074668244,9.874397277832031,2.091588147598422,13.136559048684196,2.6600302505395836,0.7573457062244415,0.0,0.7573457062244415,0.0
61.490844,"[335.8354797363281, 8.730413436889648, 0.0]","[349.18170166015625, 4.5, 0.0]",7.283008342673282,9.90305233001709,2.1024634002519083,13.190605085006759,2.633438203163787,0.7613018155097961,0.0,0.7613018155097961,0.0
61.510541,"[335.9802551269531, 8.733772277832031, 0.0]","[349.3789367675781, 4.5, 0.0]",7.323035283239441,9.918288230895996,2.0013470283079204,13.244529244683383,2.6200439873438075,0.724668875336647,0.0,0.724668875336647,0.0
61.529271,"[336.1258850097656, 8.737150192260742, 0.0]","[349.5777282714844, 4.5, 0.0]",7.363380840565511,9.946990966796875,2.017277866303502,13.296896357015672,2.5952529476565553,0.7304678857326508,0.0,0.7304678857326508,0.0
61.549462,"[336.2723083496094, 8.740546226501465, 0.0]","[349.7784729003906, 4.5, 0.0]",7.4039362572871035,9.962574005126953,2.0277708360796343,13.349964741341623,2.583610126231364,0.7342397421598434,0.0,0.7342397421598434,0.0
61.570277,"[336.4195251464844, 8.743961334228516, 0.0]","[349.9781188964844, 4.5, 0.0]",7.444695820845076,9.991371154785156,2.037978177898614,13.404193272762088,2.5586377478398497,0.7379302382469177,0.0,0.7379302382469177,0.0
61.589873,"[336.56756591796875, 8.747395515441895, 0.0]","[350.1777038574219, 4.5, 0.0]",7.4835475272333,10.006828308105469,1.9425853194112275,13.456528568426176,2.5466753339400805,0.7034017890691757,0.0,0.7034017890691757,0.0
61.610953,"[336.7164306640625, 8.750848770141602, 0.0]","[350.37652587890625, 4.5, 0.0]",7.5225156089985035,10.035493850708008,1.9484040882601583,13.507978041327426,2.5232807808721684,0.7055117934942245,0.0,0.7055117934942245,0.0
61.629311,"[336.8660583496094, 8.75432014465332, 0.0]","[350.5776062011719, 4.5, 0.0]",7.561767960983014,10.050750732421877,1.9626175992255135,13.557842406356192,2.5129782417095043,0.7106518000364304,0.0,0.7106518000364304,0.0
61.65038,"[337.0164794921875, 8.757808685302734, 0.0]","[350.7814025878906, 4.5, 0.0]",7.601127155202764,10.07964038848877,1.9679597109875324,13.609199485528373,2.488982771438863,0.7125966250896454,0.0,0.7125966250896454,0.0
61.66955,"[337.16766357421875, 8.761316299438477, 0.0]","[350.9815979003906, 4.5, 0.0]",7.640747726901151,10.09480094909668,1.981028584919331,13.662480082404858,2.478513233286005,0.7173116505146027,0.0,0.7173116505146027,0.0
61.690341,"[337.31964111328125, 8.76484203338623, 0.0]","[351.1845397949219, 4.5, 0.0]",7.680541920169136,10.123600959777832,1.989709663399264,13.711396178312928,2.4540532221955287,0.7204742729663849,0.0,0.7204742729663849,0.0
61.710112,"[337.472412109375, 8.768385887145996, 0.0]","[351.3861389160156, 4.5, 0.0]",7.7188594243659825,10.138792991638184,1.9158752098423104,13.76226506304942,2.4430590396086957,0.6937282532453537,0.0,0.6937282532453537,0.0
61.730242,"[337.6259765625, 8.771947860717773, 0.0]","[351.593994140625, 4.5, 0.0]",7.757360081546274,10.167072296142578,1.9250328590145749,13.810997871625599,2.419933567272201,0.697033479809761,0.0,0.697033479809761,0.0
61.750923,"[337.7803039550781, 8.775527954101562, 0.0]","[351.7939453125, 4.5, 0.0]",7.79603816774731,10.181190490722656,1.9339043100517816,13.865191437344825,2.409712214596304,0.7002481818199158,0.0,0.7002481818199158,0.0
61.770028,"[337.9353942871094, 8.779126167297363, 0.0]","[351.9978332519531, 4.5, 0.0]",7.834844078632908,10.209054946899414,1.940295544279902,13.91071992157475,2.3851523229753466,0.7025725394487381,0.0,0.7025725394487381,0.0
61.790865,"[338.0912780761719, 8.782742500305176, 0.0]","[352.2025146484375, 4.5, 0.0]",7.873827418884805,10.22700023651123,1.949167012594888,13.959420960145504,2.3742108682665064,0.7057953625917435,0.0,0.7057953625917435,0.0
61.810546,"[338.2479248046875, 8.786375999450684, 0.0]","[352.4064025878906, 4.5, 0.0]",7.911057434791412,10.248005867004395,1.8615007953303397,14.008121578504683,2.353172817626425,0.6740600615739822,0.0,0.6740600615739822,0.0
61.830191,"[338.4053649902344, 8.790027618408203, 0.0]","[352.6151428222656, 4.5, 0.0]",7.948472512244952,10.268072128295898,1.870753872676989,14.055265820863177,2.3369484322129823,0.6773809343576431,0.0,0.6773809343576431,0.0
61.850238,"[338.56353759765625, 8.793697357177734, 0.0]","[352.8178405761719, 4.5, 0.0]",7.986059293374252,10.287558555603027,1.8793390564650014,14.10646738931269,2.3195996160509464,0.6805015355348587,0.0,0.6805015355348587,0.0
61.869781,"[338.72247314453125, 8.797384262084961, 0.0]","[353.0243225097656, 4.5, 0.0]",8.023766271499866,10.307405471801758,1.885348906280715,14.150895457256068,2.3014992622287753,0.6826937943696976,0.0,0.6826937943696976,0.0
61.890203,"[338.88214111328125, 8.801088333129883, 0.0]","[353.2303466796875, 4.5, 0.0]",8.061644957448067,10.327211380004883,1.893934297410027,14.198344171045063,2.2836392003018915,0.6857568025588989,0.0,0.6857568025588989,0.0
61.909208,"[339.0425720214844, 8.8048095703125, 0.0]","[353.434814453125, 4.5, 0.0]",8.097963012778544,10.346735954284668,1.8159027665238803,14.244602005676102,2.265566422556816,0.6575249880552292,0.0,0.6575249880552292,0.0
61.929851,"[339.2037658691406, 8.808548927307129, 0.0]","[353.6431884765625, 4.5, 0.0]",8.134448963642544,10.365580558776855,1.824297543199993,14.288540112524693,2.2487729415061235,0.6606049835681915,0.0,0.6606049835681915,0.0
61.951772,"[339.3656921386719, 8.812304496765137, 0.0]","[353.85406494140625, 4.5, 0.0]",8.171098992913048,10.384649276733398,1.8325014635252046,14.335620881221532,2.231131595134311,0.6635323166847229,0.0,0.6635323166847229,0.0
61.970649,"[339.5283508300781, 8.81607723236084, 0.0]","[354.05865478515625, 4.5, 0.0]",8.20790165197354,10.403150558471681,1.8401329530245647,14.384469579831055,2.21355028382035,0.6663242727518082,0.0,0.6663242727518082,0.0
61.991785,"[339.6917419433594, 8.819867134094238, 0.0]","[354.2680969238281, 4.5, 0.0]",8.243036841982322,10.422090530395508,1.75675950043912,14.426302580867057,2.1952489064981417,0.6361393630504608,0.0,0.6361393630504608,0.0
62.009861,"[339.8558654785156, 8.823674201965332, 0.0]","[354.4755859375, 4.5, 0.0]",8.27826742111744,10.440649032592773,1.7615289567558534,14.4722514697824,2.1790536884131857,0.6378207355737686,0.0,0.6378207355737686,0.0
62.034562,"[340.02069091796875, 8.827497482299805, 0.0]","[354.6904296875, 4.5, 0.0]",8.313711680576251,10.458270072937012,1.77221297294059,14.515518235763299,2.1623816114753343,0.641709640622139,0.0,0.641709640622139,0.0
62.048978,"[340.18621826171875, 8.831336975097656, 0.0]","[354.8934326171875, 4.5, 0.0]",8.3492971274288,10.474920272827148,1.779272342627447,14.565433806977518,2.1445583923607607,0.6443028151988983,0.0,0.6443028151988983,0.0
62.068582,"[340.3524475097656, 8.835192680358887, 0.0]","[355.1037292480469, 4.5, 0.0]",8.384981784336006,10.492170333862305,1.7842328453602896,14.602810893704826,2.1256231453983485,0.6460826098918915,0.0,0.6460826098918915,0.0
62.089942,"[340.5193786621094, 8.839065551757812, 0.0]","[355.314453125, 4.5, 0.0]",8.418991336900737,10.509454727172852,1.700477628236552,14.646776384427632,2.107188549526299,0.6157395988702774,0.0,0.6157395988702774,0.0
62.109316,"[340.6870422363281, 8.842954635620117, 0.0]","[355.5230407714844, 4.5, 0.0]",8.453157337073668,10.52643871307373,1.708300008646546,14.690466891414253,2.090463390272115,0.6185502931475639,0.0,0.6185502931475639,0.0
62.129804,"[340.8553771972656, 8.8468599319458, 0.0]","[355.7347106933594, 4.5, 0.0]",8.487468335547122,10.5426607131958,1.7155499236727323,14.731289140308292,2.073281376000063,0.6211841478943825,0.0,0.6211841478943825,0.0
62.150231,"[341.0243835449219, 8.850780487060547, 0.0]","[355.9466552734375, 4.5, 0.0]",8.521916701522759,10.558906555175781,1.722418298781836,14.774521876775507,2.0551923776486785,0.6236626207828522,0.0,0.6236626207828522,0.0
62.168911,"[341.194091796875, 8.854717254638672, 0.0]","[356.1576232910156, 4.5, 0.0]",8.55644138101113,10.575075149536133,1.726233974418534,14.81735763755726,2.036989853653022,0.6250491738319397,0.0,0.6250491738319397,0.0
62.189649,"[341.3644714355469, 8.858670234680176, 0.0]","[356.3702697753906, 4.5, 0.0]",8.589313848897623,10.591373443603516,1.643623394324667,14.858515006987066,2.018633768525003,0.5951245874166489,0.0,0.5951245874166489,0.0
62.20968,"[341.5355529785156, 8.862638473510742, 0.0]","[356.5812683105469, 4.5, 0.0]",8.622266449497358,10.610725402832031,1.6476300299867574,14.900677556492878,2.0020595947058926,0.5965723097324371,0.0,0.5965723097324371,0.0
62.230197,"[341.7073059082031, 8.866621971130371, 0.0]","[356.79791259765625, 4.5, 0.0]",8.655406017097343,10.619320869445803,1.6569783799992521,14.940492409695208,1.988458953334673,0.5999624729156494,0.0,0.5999624729156494,0.0
62.250419,"[341.87969970703125, 8.870621681213379, 0.0]","[357.0069274902344, 4.5, 0.0]",8.688671508421065,10.640710830688477,1.6632745661860682,14.985279309778226,1.9639148523484593,0.6022430956363678,0.0,0.6022430956363678,0.0
62.270832,"[342.0527648925781, 8.87463665008545, 0.0]","[357.22052001953125, 4.5, 0.0]",8.722020944055838,10.649091720581055,1.6674717817386941,15.021796537479705,1.952039322267412,0.6037568673491478,0.0,0.6037568673491478,0.0
62.291115,"[342.22650146484375, 8.878666877746582, 0.0]","[357.4337158203125, 4.5, 0.0]",8.753737250613844,10.670777320861816,1.585815327900253,15.062220495650411,1.9270707765252162,0.5741852521896362,0.0,0.5741852521896362,0.0
62.310735,"[342.4009094238281, 8.882711410522461, 0.0]","[357.6494140625, 4.5, 0.0]",8.785587104091144,10.679161071777346,1.5924926738650313,15.101573753869138,1.9170400702479728,0.5766366794705391,0.0,0.5766366794705391,0.0
62.328903,"[342.575927734375, 8.886772155761719, 0.0]","[357.860595703125, 4.5, 0.0]",8.817562877145223,10.699621200561523,1.5987886527039308,15.142760391168055,1.8935739676862013,0.5789074674248695,0.0,0.5789074674248695,0.0
62.3503,"[342.7515869140625, 8.890847206115723, 0.0]","[358.0747985839844, 4.5, 0.0]",8.849660755413671,10.706941604614258,1.6048939134224227,15.178819187420386,1.8820583234163006,0.5811431631445885,0.0,0.5811431631445885,0.0
62.369658,"[342.9278869628906, 8.894937515258789, 0.0]","[358.2887878417969, 4.5, 0.0]",8.881873102568807,10.727581977844238,1.610617357756805,15.217258013284269,1.8572808492005866,0.5832240357995033,0.0,0.5832240357995033,0.0
62.391139,"[343.1048278808594, 8.899042129516602, 0.0]","[358.5045471191406, 4.5, 0.0]",8.912238645161688,10.735005378723145,1.51827712964403,15.254841590410287,1.845708875275431,0.5497607961297035,0.0,0.5497607961297035,0.0
62.41109,"[343.28240966796875, 8.903162002563477, 0.0]","[358.72381591796875, 4.5, 0.0]",8.942726283983715,10.755922317504883,1.5243819411013604,15.29355494746048,1.8227667335614566,0.5519479140639305,0.0,0.5519479140639305,0.0
62.430387,"[343.4606018066406, 8.907296180725098, 0.0]","[358.9332580566406, 4.5, 0.0]",8.97332839411151,10.762455940246582,1.530105506389745,15.335133297358642,1.8131960335211676,0.5540196597576141,0.0,0.5540196597576141,0.0
62.450103,"[343.639404296875, 8.911443710327148, 0.0]","[359.14971923828125, 4.5, 0.0]",9.003995375010364,10.782768249511719,1.533349044942689,15.36628027958511,1.789127546135072,0.5552005395293236,0.0,0.5552005395293236,0.0
62.469958,"[343.8188171386719, 8.915605545043945, 0.0]","[359.3658447265625, 4.5, 0.0]",9.03477301458054,10.789722442626955,1.5388819785088437,15.40383201696134,1.778772874501355,0.5572569370269775,0.0,0.5572569370269775,0.0
62.489719,"[343.99884033203125, 8.919781684875488, 0.0]","[359.5815734863281, 4.5, 0.0]",9.065661307983808,10.809990882873535,1.544414670163352,15.44043826660326,1.7549494280464142,0.5592181161046028,0.0,0.5592181161046028,0.0
62.510903,"[344.1794738769531, 8.923972129821777, 0.0]","[359.7974548339844, 4.5, 0.0]",9.094988967313492,10.816872596740723,1.4663829664842254,15.476036738785105,1.7443295748897274,0.5309831351041794,0.0,0.5309831351041794,0.0
62.530116,"[344.3607482910156, 8.928176879882812, 0.0]","[360.0144958496094, 4.5, 0.0]",9.124488335156972,10.836737632751465,1.474968392173981,15.511178511643887,1.7218836294272304,0.5340653657913208,0.0,0.5340653657913208,0.0
62.551226,"[344.5426025390625, 8.932395935058594, 0.0]","[360.2337646484375, 4.5, 0.0]",9.154094543162309,10.843400955200195,1.4803104002668377,15.546837337694297,1.712249297594493,0.5360263213515282,0.0,0.5360263213515282,0.0
62.571589,"[344.72503662109375, 8.936628341674805, 0.0]","[360.4493713378906, 4.5, 0.0]",9.183773257920956,10.863178253173828,1.4839357379323737,15.584143336584726,1.6893064120378867,0.5373046174645424,0.0,0.5373046174645424,0.0
62.590813,"[344.9080810546875, 8.940874099731445, 0.0]","[360.6659851074219, 4.5, 0.0]",9.211700549294916,10.869680404663086,1.396364568697983,15.61720822212264,1.679404995252872,0.5056331306695938,0.0,0.5056331306695938,0.0
62.60967,"[345.0917053222656, 8.945134162902832, 0.0]","[360.883544921875, 4.5, 0.0]",9.239746127373802,10.889544486999512,1.4022789039443317,15.650670058317019,1.6579798553681702,0.5077274143695831,0.0,0.5077274143695831,0.0
62.62892,"[345.27587890625, 8.949406623840332, 0.0]","[361.10040283203125, 4.5, 0.0]",9.267898546996923,10.895782470703127,1.4076209811560325,15.684497675171274,1.6497983596257093,0.5096740648150444,0.0,0.5096740648150444,0.0
62.651753,"[345.46063232421875, 8.953692436218262, 0.0]","[361.3207092285156, 4.5, 0.0]",9.296108205556095,10.91556453704834,1.4104829279586006,15.71707412034479,1.6278839237062037,0.5107636749744415,0.0,0.5107636749744415,0.0
62.669938,"[345.64593505859375, 8.957991600036621, 0.0]","[361.5373840332031, 4.5, 0.0]",9.324455230235154,10.921792984008789,1.417351233952946,15.752518136585262,1.6194563314922448,0.5132034048438072,0.0,0.5132034048438072,0.0
62.691484,"[345.8318176269531, 8.962303161621094, 0.0]","[361.7563781738281, 4.5, 0.0]",9.351451484037117,10.941494941711426,1.349812690098151,15.78378141703145,1.597337753773635,0.4887523129582405,0.0,0.4887523129582405,0.0
62.710844,"[346.01824951171875, 8.966628074645996, 0.0]","[361.97503662109375, 4.5, 0.0]",9.378546941673065,10.947879791259766,1.3547728817973947,15.816784729066216,1.5900434576743088,0.49058210104703903,0.0,0.49058210104703903,0.0
62.730845,"[346.2052307128906, 8.970965385437012, 0.0]","[362.195068359375, 4.5, 0.0]",9.40574160245179,10.967966079711914,1.3597330389362838,15.848902961085804,1.5693328495867007,0.4923279210925102,0.0,0.4923279210925102,0.0
62.75049,"[346.39276123046875, 8.975316047668457, 0.0]","[362.4142761230469, 4.5, 0.0]",9.433020202011908,10.977999687194824,1.3639299780058955,15.881844015335327,1.5622244772601235,0.49388252198696136,0.0,0.49388252198696136,0.0
62.77084,"[346.580810546875, 8.979679107666016, 0.0]","[362.63311767578125, 4.5, 0.0]",9.460352209557108,10.99134635925293,1.3666003772599744,15.913412483548548,1.5449794851829157,0.4948236048221588,0.0,0.4948236048221588,0.0
62.790355,"[346.7694091796875, 8.984054565429688, 0.0]","[362.8543701171875, 4.5, 0.0]",9.486230426992128,11.004837989807129,1.2939108717509917,15.944095893864016,1.5309941496958217,0.4685043543577194,0.0,0.4685043543577194,0.0
62.810259,"[346.95855712890625, 8.988442420959473, 0.0]","[363.07373046875, 4.5, 0.0]",9.512165873341049,11.018253326416016,1.2967723174460488,15.976640736157282,1.518607562815001,0.46956464648246765,0.0,0.46956464648246765,0.0
62.829236,"[347.1482238769531, 8.992842674255371, 0.0]","[363.2937927246094, 4.5, 0.0]",9.538231052938096,11.031989097595215,1.303258979852373,16.006743249499088,1.5060874530749668,0.4719212278723717,0.0,0.4719212278723717,0.0
62.850234,"[347.3384094238281, 8.997255325317383, 0.0]","[363.5169982910156, 4.5, 0.0]",9.564380177537462,11.04592037200928,1.3074562299682846,16.037029827447142,1.4937580446571186,0.47342829406261444,0.0,0.47342829406261444,0.0
62.870204,"[347.52911376953125, 9.001679420471191, 0.0]","[363.74072265625, 4.5, 0.0]",9.590613244374467,11.059885025024414,1.3116533418502385,16.069939926430525,1.4815401944718172,0.4749510809779167,0.0,0.4749510809779167,0.0
62.890423,"[347.7203369140625, 9.006115913391113, 0.0]","[363.96343994140625, 4.5, 0.0]",9.615610018206583,11.073787689208984,1.2498386916058202,16.10284846409544,1.4692717806499473,0.452575646340847,0.0,0.452575646340847,0.0
62.910385,"[347.912109375, 9.010564804077148, 0.0]","[364.1807556152344, 4.5, 0.0]",9.64069455416814,11.0874605178833,1.2542267980778732,16.134231245727676,1.4581776710024013,0.45418664813041687,0.0,0.45418664813041687,0.0
62.928795,"[348.1043701171875, 9.01502513885498, 0.0]","[364.400390625, 4.5, 0.0]",9.665863037551123,11.102069854736328,1.2584241691491194,16.15966506334048,1.4467659637151602,0.4556982219219208,0.0,0.4556982219219208,0.0
62.950658,"[348.297119140625, 9.01949691772461, 0.0]","[364.6258544921875, 4.5, 0.0]",9.691111653993065,11.117065429687502,1.2624308220971159,16.1869285277448,1.4362068171852052,0.4571256786584854,0.0,0.4571256786584854,0.0
62.971818,"[348.4903869628906, 9.023980140686035, 0.0]","[364.8482666015625, 4.5, 0.0]",9.716436586021288,11.131857872009277,1.2662466014111473,16.219531518622343,1.4259537756944365,0.4584837704896927,0.0,0.4584837704896927,0.0
62.990754,"[348.68414306640625, 9.028474807739258, 0.0]","[365.0742492675781, 4.5, 0.0]",9.741834013052978,11.146888732910156,1.269871351584495,16.248565954655643,1.415421285987989,0.4597853496670723,0.0,0.4597853496670723,0.0
63.011247,"[348.87841796875, 9.032981872558594, 0.0]","[365.2972717285156, 4.5, 0.0]",9.766151591232127,11.16181755065918,1.2158789089574462,16.280680268977267,1.4050547198571781,0.44026948511600494,0.0,0.44026948511600494,0.0
63.029735,"[349.0732116699219, 9.037500381469727, 0.0]","[365.5209655761719, 4.5, 0.0]",9.79054549156341,11.17739486694336,1.2196950165641596,16.309315574761357,1.3956659594270526,0.44163327664136887,0.0,0.44163327664136887,0.0
63.049832,"[349.26849365234375, 9.042030334472656, 0.0]","[365.74566650390625, 4.5, 0.0]",9.815011892081722,11.193039894104004,1.2233200259156085,16.338103162004135,1.3868493753799491,0.4429653286933899,0.0,0.4429653286933899,0.0
63.070697,"[349.4642639160156, 9.046571731567383, 0.0]","[365.96905517578125, 4.5, 0.0]",9.839550787603507,11.208595275878906,1.2269447760892227,16.367409143155093,1.3780280020222815,0.44427134096622467,0.0,0.44427134096622467,0.0
63.090376,"[349.6605224609375, 9.051124572753906, 0.0]","[366.193603515625, 4.5, 0.0]",9.864154549749422,11.224228858947754,1.23018810729576,16.394915462250857,1.3690444882753994,0.4454338550567627,0.0,0.4454338550567627,0.0
63.110198,"[349.8572692871094, 9.05568790435791, 0.0]","[366.4117736816406, 4.5, 0.0]",9.887804390567469,11.23949909210205,1.1824920409023498,16.423092066585486,1.3600743091983318,0.42819321155548096,0.0,0.42819321155548096,0.0
63.129838,"[350.05450439453125, 9.060262680053711, 0.0]","[366.6376037597656, 4.5, 0.0]",9.911553440057896,11.255911827087402,1.1874524745213222,16.444405134360178,1.3516947015345817,0.42998552322387695,0.0,0.42998552322387695,0.0
63.149512,"[350.252197265625, 9.064848899841309, 0.0]","[366.8637390136719, 4.5, 0.0]",9.935348281249867,11.272347450256348,1.1897420595985864,16.47288500856561,1.3443583870295068,0.43078262358903885,0.0,0.43078262358903885,0.0
63.168862,"[350.45037841796875, 9.069445610046387, 0.0]","[367.0888977050781, 4.5, 0.0]",9.959207985264692,11.292046546936035,1.1929852007412478,16.501214044668757,1.3369991690064804,0.4319937154650688,0.0,0.4319937154650688,0.0
63.190003,"[350.6490173339844, 9.074053764343262, 0.0]","[367.31610107421875, 4.5, 0.0]",9.983140209854751,11.30189323425293,1.1966112295029419,16.528077729407908,1.332838561671343,0.43327946215867996,0.0,0.43327946215867996,0.0
63.211683,"[350.84814453125, 9.078673362731934, 0.0]","[367.5408020019531, 4.5, 0.0]",10.00629021782932,11.32492446899414,1.1575003987284838,16.55652697566971,1.3187530243981787,0.419124960899353,0.0,0.419124960899353,0.0
63.231389,"[351.0477600097656, 9.083303451538086, 0.0]","[367.7701721191406, 4.5, 0.0]",10.029512718733972,11.335208892822266,1.1611250452325805,16.5819853757246,1.31863425116482,0.4204343631863594,0.0,0.4204343631863594,0.0
63.250774,"[351.2478332519531, 9.087944030761719, 0.0]","[367.99658203125, 4.5, 0.0]",10.05280008107918,11.358612060546875,1.1643681172603948,16.61162529881629,1.3056961740882933,0.42163755744695663,0.0,0.42163755744695663,0.0
63.270379,"[351.4483642578125, 9.092596054077148, 0.0]","[368.22186279296875, 4.5, 0.0]",10.076129415925498,11.368594169616701,1.166466742315908,16.63784726802988,1.3058119794676948,0.4223494604229927,0.0,0.4223494604229927,0.0
63.289959,"[351.64935302734375, 9.097258567810059, 0.0]","[368.45135498046875, 4.5, 0.0]",10.099527439015233,11.392226219177246,1.169901154486741,16.662482484567107,1.2924647536912026,0.4235851392149925,0.0,0.4235851392149925,0.0
63.311403,"[351.850830078125, 9.10193157196045, 0.0]","[368.6770324707031, 4.5, 0.0]",10.122341651776066,11.402267456054688,1.1407106380416643,16.690869446550227,1.292698780162013,0.4130774736404419,0.0,0.4130774736404419,0.0
63.330438,"[352.0527648925781, 9.106616020202637, 0.0]","[368.905517578125, 4.5, 0.0]",10.145228360231469,11.426095962524414,1.1443354227701263,16.714955671737584,1.279925804278621,0.4143456369638443,0.0,0.4143456369638443,0.0
63.349509,"[352.2551574707031, 9.111310958862305, 0.0]","[369.135498046875, 4.5, 0.0]",10.168179943950083,11.436701774597168,1.1475791859306916,16.741390189198206,1.280867602292945,0.4155193269252777,0.0,0.4155193269252777,0.0
63.370024,"[352.4580078125, 9.116016387939453, 0.0]","[369.3641357421875, 4.5, 0.0]",10.191165880429624,11.460543632507324,1.149296823977064,16.76886111599178,1.2685218306470851,0.4161465913057327,0.0,0.4161465913057327,0.0
63.393021,"[352.66131591796875, 9.120732307434082, 0.0]","[369.59442138671875, 4.5, 0.0]",10.214220502388136,11.471171379089355,1.1527310979255745,16.794532411918627,1.2693777520777,0.41737787425518036,0.0,0.41737787425518036,0.0
63.40999,"[352.8650817871094, 9.125458717346191, 0.0]","[369.82208251953125, 4.5, 0.0]",10.23656920396551,11.494858741760254,1.1174350788687448,16.821393330022246,1.2569508767012199,0.40458809584379196,0.0,0.40458809584379196,0.0
63.428793,"[353.0693054199219, 9.130196571350098, 0.0]","[370.0526123046875, 4.5, 0.0]",10.258956069210674,11.504778861999512,1.1193432622581767,16.845171222174166,1.2582895377947434,0.40528740733861923,0.0,0.40528740733861923,0.0
63.450477,"[353.27398681640625, 9.134944915771484, 0.0]","[370.2855224609375, 4.5, 0.0]",10.281407791403897,11.528205871582031,1.122586109661139,16.871361092848993,1.2458227927888377,0.40646836161613464,0.0,0.40646836161613464,0.0
63.471207,"[353.4791259765625, 9.139702796936035, 0.0]","[370.5171203613281, 4.5, 0.0]",10.303920566549834,11.538204193115236,1.1256387572968762,16.899471472927434,1.2467980801781344,0.40758270770311356,0.0,0.40758270770311356,0.0
63.492852,"[353.6846923828125, 9.144471168518066, 0.0]","[370.74822998046875, 4.5, 0.0]",10.326490576484733,11.561501502990723,1.1285004967449552,16.9258127571775,1.2342836265654018,0.40863528847694397,0.0,0.40863528847694397,0.0
63.510212,"[353.8907165527344, 9.149250030517578, 0.0]","[370.9754333496094, 4.5, 0.0]",10.348408096140885,11.571125030517578,1.0958759828075593,16.951238517029154,1.2350109265059892,0.39683785289525986,0.0,0.39683785289525986,0.0
63.530377,"[354.0971984863281, 9.15403938293457, 0.0]","[371.2120361328125, 4.5, 0.0]",10.370363756657069,11.594291687011719,1.097783025809207,16.972302536969107,1.2227169343766935,0.39747506380081177,0.0,0.39747506380081177,0.0
63.549679,"[354.3041076660156, 9.158839225769043, 0.0]","[371.4395446777344, 4.5, 0.0]",10.392376667167378,11.603486061096191,1.1006455255154535,17.002302872476477,1.22392793035465,0.39854805916547775,0.0,0.39854805916547775,0.0
63.569758,"[354.5114440917969, 9.163649559020996, 0.0]","[371.6729431152344, 4.5, 0.0]",10.414420096724252,11.62643051147461,1.102171477843683,17.022786057566698,1.2111093939288136,0.3991178050637245,0.0,0.3991178050637245,0.0
63.590017,"[354.71923828125, 9.168469429016113, 0.0]","[371.90753173828125, 4.5, 0.0]",10.436501690640053,11.636118888854982,1.1040796957900945,17.048729504305108,1.2120104147503579,0.39979781955480576,0.0,0.39979781955480576,0.0
63.609636,"[354.9274597167969, 9.173299789428711, 0.0]","[372.138916015625, 4.5, 0.0]",10.458186457123485,11.658814430236816,1.0842383241715936,17.075404280217136,1.1996171982149288,0.39259079843759537,0.0,0.39259079843759537,0.0
63.630216,"[355.1361389160156, 9.178140640258789, 0.0]","[372.37286376953125, 4.5, 0.0]",10.479928442845132,11.667549133300781,1.0870992860823492,17.098448196316333,1.2006279731133311,0.39365731179714203,0.0,0.39365731179714203,0.0
63.651026,"[355.3452453613281, 9.182991027832031, 0.0]","[372.6058654785156, 4.5, 0.0]",10.501727686163504,11.689556121826172,1.0899621659185676,17.123599042230826,1.187620690455649,0.3946821391582489,0.0,0.3946821391582489,0.0
63.670765,"[355.5547790527344, 9.187851905822754, 0.0]","[372.83905029296875, 4.5, 0.0]",10.523557448528441,11.70157527923584,1.091488118246886,17.1473733646253,1.1878284356626683,0.39520446211099625,0.0,0.39520446211099625,0.0
63.69207,"[355.7647705078125, 9.192723274230957, 0.0]","[373.0793151855469, 4.5, 0.0]",10.545444442226607,11.71739387512207,1.0943496849082912,17.170906074182717,1.1780178307073985,0.3962443396449089,0.0,0.3962443396449089,0.0
63.711301,"[355.9751892089844, 9.197604179382324, 0.0]","[373.3125, 4.5, 0.0]",10.56688117320628,11.732571601867676,1.0718365489836401,17.201058397122605,1.1719494328954632,0.38808926939964294,0.0,0.38808926939964294,0.0
63.73002,"[356.18603515625, 9.202495574951172, 0.0]","[373.54693603515625, 4.5, 0.0]",10.588386590356036,11.746713638305664,1.0752708574877978,17.22370519377298,1.1656904286613958,0.3893527388572693,0.0,0.3893527388572693,0.0
63.749831,"[356.3973083496094, 9.207396507263184, 0.0]","[373.7833557128906, 4.5, 0.0]",10.60994161149639,11.760976791381836,1.0777510570177284,17.247176179758476,1.1583270479496282,0.3902626410126686,0.0,0.3902626410126686,0.0
63.770296,"[356.6090087890625, 9.212307929992676, 0.0]","[374.0192565917969, 4.5, 0.0]",10.631500455292963,11.775206565856935,1.07794218982864,17.272202243578807,1.1510351798854455,0.39033617824316025,0.0,0.39033617824316025,0.0
63.792686,"[356.8211364746094, 9.217228889465332, 0.0]","[374.2503662109375, 4.5, 0.0]",10.652372470563773,11.789149284362793,1.0436007635404643,17.29628091147558,1.143706110563972,0.3778652101755142,0.0,0.3778652101755142,0.0
63.811424,"[357.0337219238281, 9.222160339355469, 0.0]","[374.4844665527344, 4.5, 0.0]",10.673294084296002,11.80312728881836,1.0460806866114503,17.31514361657623,1.1367768137990204,0.37879016250371933,0.0,0.37879016250371933,0.0
63.834146,"[357.2467041015625, 9.22710132598877, 0.0]","[374.7290344238281, 4.5, 0.0]",10.694242419299867,11.816555976867676,1.047416750193264,17.336539038641515,1.1298332045223578,0.3792497143149376,0.0,0.3792497143149376,0.0
63.850175,"[357.4601135253906, 9.232051849365234, 0.0]","[374.96282958984375, 4.5, 0.0]",10.715240353801875,11.829394340515137,1.0498967251003855,17.368000283445163,1.122313557567809,0.3801371529698372,0.0,0.3801371529698372,0.0
63.870011,"[357.6739501953125, 9.237011909484863, 0.0]","[375.195556640625, 4.5, 0.0]",10.736242103357492,11.84217357635498,1.050087477780881,17.388266417226102,1.1141539867132622,0.38021035492420197,0.0,0.38021035492420197,0.0
63.889715,"[357.88818359375, 9.241981506347656, 0.0]","[375.4322814941406, 4.5, 0.0]",10.756545568859286,11.855171203613281,1.015173275089687,17.40703668742262,1.1059314729974883,0.3676171228289604,0.0,0.3676171228289604,0.0
63.910672,"[358.10284423828125, 9.24696159362793, 0.0]","[375.6682434082031, 4.5, 0.0]",10.776906275024817,11.867963790893555,1.018035308276577,17.429406842147753,1.0986256347539953,0.3686053678393364,0.0,0.3686053678393364,0.0
63.930267,"[358.31793212890625, 9.25195026397705, 0.0]","[375.9059143066406, 4.5, 0.0]",10.797312779457926,11.879549026489258,1.0203252216554048,17.450586201974378,1.0910575158687372,0.36947768181562424,0.0,0.36947768181562424,0.0
63.950737,"[358.5334167480469, 9.256948471069336, 0.0]","[376.1495666503906, 4.5, 0.0]",10.817768888227246,11.891426086425781,1.0228054384660012,17.47304812864241,1.0822362470313323,0.370369590818882,0.0,0.370369590818882,0.0
63.970455,"[358.7492980957031, 9.261956214904785, 0.0]","[376.3836364746094, 4.5, 0.0]",10.838247883171217,11.90283489227295,1.0239497471985715,17.501091675083444,1.0736571981985357,0.37074752151966095,0.0,0.37074752151966095,0.0
63.99055,"[358.9656066894531, 9.266973495483398, 0.0]","[376.62139892578125, 4.5, 0.0]",10.858753583490344,11.914423942565918,1.0252850159563565,17.519159123194484,1.0645870091017322,0.3712589666247368,0.0,0.3712589666247368,0.0
64.011216,"[359.18231201171875, 9.272000312805176, 0.0]","[376.8593444824219, 4.5, 0.0]",10.878484694536791,11.925830841064453,0.9865555523223435,17.540490852749265,1.0556703590755738,0.35724904388189316,0.0,0.35724904388189316,0.0
64.030712,"[359.3994140625, 9.277036666870117, 0.0]","[377.1032409667969, 4.5, 0.0]",10.898261595211402,11.936033248901369,0.9888450337305343,17.56160879554214,1.0473461465276621,0.35807419568300247,0.0,0.35807419568300247,0.0
64.049443,"[359.6169128417969, 9.282082557678223, 0.0]","[377.3379211425781, 4.5, 0.0]",10.918080479445662,11.945849418640137,0.9909442117129963,17.588279222545626,1.0377716536899673,0.3588184714317322,0.0,0.3588184714317322,0.0
64.06977,"[359.8348083496094, 9.287137031555176, 0.0]","[377.57574462890625, 4.5, 0.0]",10.937914628732452,11.95579719543457,0.9917074643395196,17.605337594104967,1.027768939194475,0.35908985882997513,0.0,0.35908985882997513,0.0
64.091193,"[360.0531005859375, 9.292201042175293, 0.0]","[377.8167724609375, 4.5, 0.0]",10.957794566956304,11.969213485717773,0.9939969111925961,17.625142299054048,1.0178825667021183,0.35991255193948746,0.0,0.35991255193948746,0.0
64.111301,"[360.27178955078125, 9.297274589538574, 0.0]","[378.05474853515625, 4.5, 0.0]",10.976770177130224,11.972286224365236,0.9487805086959789,17.647755028996286,1.0114189187614695,0.3435182198882103,0.0,0.3435182198882103,0.0
64.130651,"[360.4908752441406, 9.302356719970703, 0.0]","[378.2962341308594, 4.5, 0.0]",10.995787756349436,11.98720645904541,0.9508789609606438,17.666918593349543,0.9955160472350126,0.3443274646997452,0.0,0.3443274646997452,0.0
64.15078,"[360.7103576660156, 9.307448387145996, 0.0]","[378.53289794921875, 4.5, 0.0]",11.014847299775735,11.988625526428223,0.952977171314906,17.689195301472225,0.9914187026959738,0.34507937729358673,0.0,0.34507937729358673,0.0
64.170789,"[360.9302062988281, 9.312548637390137, 0.0]","[378.77459716796875, 4.5, 0.0]",11.03392209097534,12.003552436828613,0.95373955998026,17.706253992605145,0.9737782266524881,0.345313623547554,0.0,0.345313623547554,0.0
64.191096,"[361.15045166015625, 9.317657470703125, 0.0]","[379.0155334472656, 4.5, 0.0]",11.051913246606588,12.005117416381836,0.8995577815624323,17.727980418298063,0.9696303458532736,0.32569941133260727,0.0,0.32569941133260727,0.0
64.210286,"[361.3710632324219, 9.322775840759277, 0.0]","[379.253662109375, 4.5, 0.0]",11.069946373356638,12.01976203918457,0.9016563375024766,17.748547288874008,0.9532041697752476,0.3264598175883293,0.0,0.3264598175883293,0.0
64.230385,"[361.592041015625, 9.327901840209961, 0.0]","[379.4949645996094, 4.5, 0.0]",11.088017657554243,12.019911766052246,0.9035642098802477,17.765938872062936,0.9498156658279324,0.3272060677409172,0.0,0.3272060677409172,0.0
64.250338,"[361.8133850097656, 9.333036422729492, 0.0]","[379.7347717285156, 4.5, 0.0]",11.106123292439941,12.033353805541992,0.9052817442849026,17.786138531862584,0.9318941084980032,0.3278179094195366,0.0,0.3278179094195366,0.0
64.270416,"[362.03509521484375, 9.338179588317871, 0.0]","[379.97528076171875, 4.5, 0.0]",11.12424036142761,12.033478736877443,0.9058534493834536,17.804478317026696,0.9272305131020513,0.32803580164909363,0.0,0.32803580164909363,0.0
64.291159,"[362.2571716308594, 9.343331336975098, 0.0]","[380.218017578125, 4.5, 0.0]",11.141426391460858,12.047004699707031,0.8593015016623795,17.823152108737357,0.9092383754498332,0.3111731633543968,0.0,0.3111731633543968,0.0
64.31035,"[362.4795837402344, 9.348491668701172, 0.0]","[380.4583740234375, 4.5, 0.0]",11.158639132398559,12.046891212463379,0.8606370468850599,17.843687471666872,0.9055783082461737,0.31165825203061104,0.0,0.31165825203061104,0.0
64.32983,"[362.7023620605469, 9.353659629821777, 0.0]","[380.69842529296875, 4.5, 0.0]",11.175901474562135,12.058334350585938,0.8631171081788125,17.86150730163652,0.8882520800648201,0.31256169080734253,0.0,0.31256169080734253,0.0
64.349824,"[362.92547607421875, 9.358835220336914, 0.0]","[380.9404296875, 4.5, 0.0]",11.19319815220784,12.056480407714844,0.864833882285243,17.8786557485313,0.8824328760238025,0.31312156468629837,0.0,0.31312156468629837,0.0
64.370163,"[363.14892578125, 9.364019393920898, 0.0]","[381.1856689453125, 4.5, 0.0]",11.21052153937562,12.068026542663574,0.8661693583889907,17.897420312622238,0.8632822555070039,0.3136128932237625,0.0,0.3136128932237625,0.0
64.389695,"[363.37274169921875, 9.369211196899414, 0.0]","[381.423583984375, 4.5, 0.0]",11.22655139944062,12.066091537475586,0.8014930032500089,17.919083769466695,0.8575050032879545,0.29019154608249664,0.0,0.29019154608249664,0.0
64.411424,"[363.5968933105469, 9.374411582946777, 0.0]","[381.6654968261719, 4.5, 0.0]",11.242615589458273,12.077404022216797,0.8032095008826623,17.933059392182862,0.8395401380349661,0.2908547781407833,0.0,0.2908547781407833,0.0
64.429866,"[363.82135009765625, 9.379618644714355, 0.0]","[381.9064025878906, 4.5, 0.0]",11.258714115649243,12.074125289916992,0.8049263095484704,17.95069523698716,0.8347884327585238,0.2914634719491005,0.0,0.2914634719491005,0.0
64.450566,"[364.046142578125, 9.384833335876465, 0.0]","[382.1490783691406, 4.5, 0.0]",11.274835541146997,12.084206581115723,0.8060712748877208,17.967021140379593,0.8154111742677497,0.2919073961675167,0.0,0.2919073961675167,0.0
64.469673,"[364.2712707519531, 9.390055656433105, 0.0]","[382.3899230957031, 4.5, 0.0]",11.290976051589128,12.080925941467285,0.8070255221065636,17.984777280773287,0.8093710399687257,0.29222410172224045,0.0,0.29222410172224045,0.0
64.490902,"[364.4967041015625, 9.395285606384277, 0.0]","[382.6367492675781, 4.5, 0.0]",11.307139455117403,12.091066360473633,0.808170176413725,18.000368489844845,0.789949889878157,0.292655136436224,0.0,0.292655136436224,0.0
64.510607,"[364.72247314453125, 9.40052318572998, 0.0]","[382.8734130859375, 4.5, 0.0]",11.322211550117553,12.087587356567383,0.7536047500074972,18.02163568013189,0.7839269053562301,0.2728697471320629,0.0,0.2728697471320629,0.0
64.530087,"[364.94854736328125, 9.405768394470215, 0.0]","[383.1194152832031, 4.5, 0.0]",11.337325617618811,12.096491813659668,0.7557033750629216,18.03240534793938,0.7653758064498302,0.27363652363419533,0.0,0.27363652363419533,0.0
64.551098,"[365.1749267578125, 9.411020278930664, 0.0]","[383.36187744140625, 4.5, 0.0]",11.352466394642178,12.09202766418457,0.7570388511683568,18.052207029154555,0.7591661960408569,0.27409765869379044,0.0,0.27409765869379044,0.0
64.571031,"[365.401611328125, 9.416278839111328, 0.0]","[383.59942626953125, 4.5, 0.0]",11.367611006072043,12.100855827331543,0.757230571493217,18.068162956582412,0.7395612695423921,0.27417512610554695,0.0,0.27417512610554695,0.0
64.589995,"[365.62860107421875, 9.421545028686523, 0.0]","[383.842529296875, 4.5, 0.0]",11.38278231872988,12.099731445312502,0.7585656328918944,18.078903046789527,0.7332448212595004,0.27464786544442177,0.0,0.27464786544442177,0.0
64.610667,"[365.85589599609375, 9.426817893981934, 0.0]","[384.0835876464844, 4.5, 0.0]",11.396534182634612,12.098448753356934,0.687593195236591,18.094888438926375,0.7169491265826213,0.24895565584301949,0.0,0.24895565584301949,0.0
64.630086,"[366.08349609375, 9.432097434997559, 0.0]","[384.3247985839844, 4.5, 0.0]",11.410320379256842,12.10611343383789,0.689309831111462,18.108527300416533,0.7019145707223213,0.24958841502666473,0.0,0.24958841502666473,0.0
64.650356,"[366.3113708496094, 9.437383651733398, 0.0]","[384.56744384765625, 4.5, 0.0]",11.4241256608234,12.100446701049805,0.6902640783279068,18.122011324500363,0.6957930545810491,0.24995801970362663,0.0,0.24995801970362663,0.0
64.669459,"[366.5395202636719, 9.442676544189453, 0.0]","[384.8087158203125, 4.5, 0.0]",11.437953832711436,12.108111381530762,0.6914085944018211,18.136655261975104,0.676321040226405,0.25034690275788307,0.0,0.25034690275788307,0.0
64.690538,"[366.7679443359375, 9.447975158691406, 0.0]","[385.052978515625, 4.5, 0.0]",11.451808714121574,12.102452278137207,0.692744070506901,18.149652253054043,0.6701575488193257,0.25084465742111206,0.0,0.25084465742111206,0.0
64.70966,"[366.99664306640625, 9.453280448913574, 0.0]","[385.2947082519531, 4.5, 0.0]",11.464370058752525,12.110023498535156,0.6280672315475577,18.165365162004843,0.650643564015633,0.2274450659751892,0.0,0.2274450659751892,0.0
64.728875,"[367.2256164550781, 9.458592414855957, 0.0]","[385.5352783203125, 4.5, 0.0]",11.476977195085194,12.103554725646973,0.6303568166334372,18.178270341185485,0.645653439782631,0.228253323584795,0.0,0.228253323584795,0.0
64.750144,"[367.454833984375, 9.463910102844238, 0.0]","[385.77947998046875, 4.5, 0.0]",11.489607219665913,12.110424041748047,0.631501229035969,18.189740709994226,0.6265775305617787,0.22868577390909195,0.0,0.22868577390909195,0.0
64.76926,"[367.684326171875, 9.469233512878418, 0.0]","[386.0206298828125, 4.5, 0.0]",11.502256324352778,12.103955268859865,0.6324552343432543,18.20459748619574,0.6208168220821335,0.2289835922420025,0.0,0.2289835922420025,0.0
64.791939,"[367.9140625, 9.474562644958496, 0.0]","[386.26397705078125, 4.5, 0.0]",11.51492832212588,12.110823631286621,0.6335998886550342,18.216128608340526,0.6016989445070866,0.22942814975976944,0.0,0.22942814975976944,0.0
64.809927,"[368.14404296875, 9.479897499084473, 0.0]","[386.50494384765625, 4.5, 0.0]",11.526463250080605,12.10430908203125,0.576746397736283,18.229612197477515,0.595895309160742,0.20886341109871864,0.0,0.20886341109871864,0.0
64.829687,"[368.374267578125, 9.485238075256348, 0.0]","[386.745849609375, 4.5, 0.0]",11.538028708140288,12.110777854919434,0.5782729029841782,18.240471848072946,0.5778458319506452,0.20941957831382751,0.0,0.20941957831382751,0.0
64.85052,"[368.604736328125, 9.490584373474121, 0.0]","[386.9921569824219, 4.5, 0.0]",11.549620886780625,12.103906631469727,0.5796089320168285,18.251026272263932,0.5727491467791452,0.209859237074852,0.0,0.209859237074852,0.0
64.8701,"[368.83544921875, 9.495936393737793, 0.0]","[387.231201171875, 4.5, 0.0]",11.56122451334639,12.110377311706543,0.5801813282882762,18.266735926180235,0.5542857446891016,0.21011516451835632,0.0,0.21011516451835632,0.0
64.891323,"[369.0663757324219, 9.501293182373047, 0.0]","[387.474609375, 4.5, 0.0]",11.572851035763005,12.10350799560547,0.5813261208307274,18.274940140842258,0.5491527983601525,0.21052289754152298,0.0,0.21052289754152298,0.0
64.910046,"[369.29754638671875, 9.5066556930542, 0.0]","[387.7152099609375, 4.5, 0.0]",11.58311917101885,12.109932899475098,0.5134067627922789,18.287292795121296,0.5306569598424655,0.18591705709695816,0.0,0.18591705709695816,0.0
64.930288,"[369.5289306640625, 9.51202392578125, 0.0]","[387.96240234375, 4.5, 0.0]",11.59341020212562,12.102652549743652,0.5145515553384605,18.29659654684365,0.5268137284562471,0.18631309270858765,0.0,0.18631309270858765,0.0
64.950777,"[369.7605285644531, 9.517396926879883, 0.0]","[388.1999816894531, 4.5, 0.0]",11.603720309882727,12.108732223510742,0.5155053878553417,18.31227517741034,0.5092423476180326,0.18668470904231071,0.0,0.18668470904231071,0.0
64.969121,"[369.9923400878906, 9.522774696350098, 0.0]","[388.4424133300781, 4.5, 0.0]",11.614038050511763,12.101463317871094,0.5158870314518005,18.318129678800744,0.5050119136280156,0.18680954352021217,0.0,0.18680954352021217,0.0
64.993207,"[370.224365234375, 9.528157234191895, 0.0]","[388.68572998046875, 4.5, 0.0]",11.624371048590485,12.107528686523438,0.516649903936095,18.328622217943483,0.4874252673593311,0.18708189949393272,0.0,0.18708189949393272,0.0
65.009467,"[370.4565734863281, 9.533544540405273, 0.0]","[388.92657470703125, 4.5, 0.0]",11.633696701113939,12.103574752807617,0.4662826261727204,18.339783673514695,0.48315763793295297,0.1688130758702755,0.0,0.1688130758702755,0.0
65.029944,"[370.6889953613281, 9.538936614990234, 0.0]","[389.16796875, 4.5, 0.0]",11.643041435817148,12.102777481079102,0.46723673516044784,18.348293607331986,0.46987805169367824,0.16916334629058838,0.0,0.16916334629058838,0.0
65.051587,"[370.9216003417969, 9.544332504272461, 0.0]","[389.41107177734375, 4.5, 0.0]",11.65240524440594,12.101973533630371,0.46819042943964106,18.357136851527102,0.45973604526195366,0.16953865066170692,0.0,0.16953865066170692,0.0
65.069406,"[371.1543884277344, 9.54973316192627, 0.0]","[389.6533508300781, 4.5, 0.0]",11.66178432288569,12.101173400878906,0.4689539239874918,18.367506929952192,0.4495682892244304,0.169826690107584,0.0,0.169826690107584,0.0
65.090054,"[371.3873596191406, 9.555137634277344, 0.0]","[389.8958435058594, 4.5, 0.0]",11.671182474559815,12.100371360778809,0.46990758370624164,18.376870088596966,0.4393890779932157,0.17016589641571045,0.0,0.17016589641571045,0.0
65.11037,"[371.62054443359375, 9.560546875, 0.0]","[390.137451171875, 4.5, 0.0]",11.67945116924367,12.099573135375977,0.41343473419273025,18.386263668138415,0.4291888862189932,0.1497100293636322,0.0,0.1497100293636322,0.0
65.130235,"[371.8539123535156, 9.565960884094238, 0.0]","[390.3794250488281, 4.5, 0.0]",11.68774656653772,12.098773956298828,0.4147698647025244,18.39455806893455,0.42012196613230657,0.15017589554190636,0.0,0.15017589554190636,0.0
65.150618,"[372.0874328613281, 9.571378707885742, 0.0]","[390.62042236328125, 4.5, 0.0]",11.696057235105158,12.097976684570312,0.4155334283718837,18.40303468225629,0.41102738976110764,0.1504302304238081,0.0,0.1504302304238081,0.0
65.170834,"[372.3211364746094, 9.576800346374512, 0.0]","[390.8639221191406, 4.5, 0.0]",11.704383161122092,12.097171783447266,0.4162963008466747,18.410383822162053,0.40191944946515434,0.1507278997451067,0.0,0.1507278997451067,0.0
65.192849,"[372.55499267578125, 9.582225799560547, 0.0]","[391.1061706542969, 4.5, 0.0]",11.712720536446927,12.0963716506958,0.4168687662417625,18.420050119441463,0.392788622325174,0.15094266273081303,0.0,0.15094266273081303,0.0
65.21072,"[372.7890319824219, 9.587655067443848, 0.0]","[391.3508605957031, 4.5, 0.0]",11.720088719516987,12.095588684082031,0.3684091535030021,18.428316563524188,0.3836511142488739,0.1333748735487461,0.0,0.1333748735487461,0.0
65.230144,"[373.0232238769531, 9.593088150024414, 0.0]","[391.5951232910156, 4.5, 0.0]",11.72747598061967,12.094983100891113,0.3693630551341087,18.438837678543738,0.3754999645650443,0.13372968882322311,0.0,0.13372968882322311,0.0
65.250462,"[373.257568359375, 9.598525047302246, 0.0]","[391.8359069824219, 4.5, 0.0]",11.734878497789355,12.094385147094727,0.3701258584842826,18.44877902556593,0.36750712027144417,0.13399720191955566,0.0,0.13399720191955566,0.0
65.268738,"[373.4920654296875, 9.603964805603027, 0.0]","[392.0723876953125, 4.5, 0.0]",11.742281005282164,12.093798637390137,0.3701253746404731,18.455091876014002,0.3595066493053718,0.13399177230894566,0.0,0.13399177230894566,0.0
65.29147,"[373.7267150878906, 9.609408378601074, 0.0]","[392.3156433105469, 4.5, 0.0]",11.749706401022623,12.093195915222168,0.371269787022932,18.45694734781944,0.3515176321079725,0.1344101969152689,0.0,0.1344101969152689,0.0
65.31045,"[373.96148681640625, 9.61485481262207, 0.0]","[392.5621643066406, 4.5, 0.0]",11.75626182285749,12.092611312866211,0.3277710917434007,18.465425474014243,0.3434895141995451,0.11865179054439068,0.0,0.11865179054439068,0.0
65.329161,"[374.1964111328125, 9.620305061340332, 0.0]","[392.7983093261719, 4.5, 0.0]",11.762840143999341,12.0922212600708,0.3289160570925098,18.47704526203647,0.33634949000872005,0.11910163797438145,0.0,0.11910163797438145,0.0
65.354681,"[374.4314880371094, 9.625758171081543, 0.0]","[393.0440368652344, 4.5, 0.0]",11.769433719134495,12.091814994812012,0.32967875675771197,18.478139229247013,0.3293811160714597,0.11934448033571243,0.0,0.11934448033571243,0.0
65.370555,"[374.66668701171875, 9.631214141845703, 0.0]","[393.28131103515625, 4.5, 0.0]",11.7760425600135,12.091422080993652,0.3304420439502742,18.48865904548302,0.3223812756775164,0.11963118799030781,0.0,0.11963118799030781,0.0
65.391085,"[374.9020080566406, 9.636673927307129, 0.0]","[393.5299377441406, 4.5, 0.0]",11.782029422056217,12.091011047363283,0.2993431021358184,18.49060862198579,0.31537952098015154,0.1084228977560997,0.0,0.1084228977560997,0.0
65.41129,"[375.137451171875, 9.642136573791504, 0.0]","[393.7672119140625, 4.5, 0.0]",11.78803154638674,12.090689659118652,0.30010621652616365,18.5037855608409,0.30898162530706585,0.10866377502679825,0.0,0.10866377502679825,0.0
65.430449,"[375.3730163574219, 9.647602081298828, 0.0]","[394.01385498046875, 4.5, 0.0]",11.794048930931455,12.09422779083252,0.30086922723571163,18.505488687290658,0.3026581127319119,0.10897408239543438,0.0,0.10897408239543438,0.0
65.451256,"[375.60870361328125, 9.653070449829102, 0.0]","[394.2549743652344, 4.5, 0.0]",11.800081571543142,12.087759017944336,0.3016320305843756,18.516437570412396,0.30017885990106485,0.10922255925834179,0.0,0.10922255925834179,0.0
65.471356,"[375.8445129394531, 9.658541679382324, 0.0]","[394.4978332519531, 4.5, 0.0]",11.806118029973245,12.094627380371094,0.3018229215051349,18.521741411794814,0.28767744640119375,0.1093051303178072,0.0,0.1093051303178072,0.0
65.490663,"[376.0804443359375, 9.66401481628418, 0.0]","[394.7346496582031, 4.5, 0.0]",11.811299775403118,12.088155746459961,0.25908727149364097,18.52866069474641,0.28850935039784886,0.09384850971400738,0.0,0.09384850971400738,0.0
65.509884,"[376.3164978027344, 9.669490814208984, 0.0]","[394.975830078125, 4.5, 0.0]",11.81649678934162,12.095067977905273,0.2598506969251346,18.529420018162096,0.27685597105684323,0.0941101647913456,0.0,0.0941101647913456,0.0
65.52996,"[376.55267333984375, 9.674969673156738, 0.0]","[395.21734619140625, 4.5, 0.0]",11.821709065567928,12.08899974822998,0.2606138113153911,18.53441784310534,0.27857118856365304,0.09434769861400127,0.0,0.09434769861400127,0.0
65.552527,"[376.7889404296875, 9.680450439453125, 0.0]","[395.4595947265625, 4.5, 0.0]",11.826932800087727,12.096267700195312,0.261186725989937,18.539628419240202,0.26729068266205225,0.09456767700612545,0.0,0.09456767700612545,0.0
65.571605,"[377.0252990722656, 9.685934066772461, 0.0]","[395.7071838378906, 4.5, 0.0]",11.832156529769113,12.090213775634766,0.2611864840693201,18.545480392192673,0.26933490010758554,0.09457893669605255,0.0,0.09457893669605255,0.0
65.591207,"[377.26177978515625, 9.691420555114746, 0.0]","[395.9448547363281, 4.5, 0.0]",11.837391718435233,12.097471237182617,0.26175943330599694,18.55658215290593,0.25805724586565226,0.09480520151555538,0.0,0.09480520151555538,0.0
65.610899,"[377.49835205078125, 9.696908950805664, 0.0]","[396.1850891113281, 4.5, 0.0]",11.842268223638714,12.091466903686523,0.24382526017401318,18.557644021448976,0.2600795187473839,0.08827056735754013,0.0,0.08827056735754013,0.0
65.62977,"[377.73504638671875, 9.702400207519531, 0.0]","[396.4261779785156, 4.5, 0.0]",11.847152361714132,12.099329948425293,0.24420690377091603,18.561177852702826,0.24919868004780987,0.08841046132147312,0.0,0.08841046132147312,0.0
65.65119,"[377.9718322753906, 9.707893371582031, 0.0]","[396.6686706542969, 4.5, 0.0]",11.852044132661492,12.093864440917969,0.2445885473679965,18.565441591615382,0.2521775867111611,0.08856912143528461,0.0,0.08856912143528461,0.0
65.66974,"[378.2087097167969, 9.713388442993164, 0.0]","[396.9105224609375, 4.5, 0.0]",11.856947346004661,12.101731300354004,0.24516066715847273,18.57102093981107,0.24182030825647693,0.08874692022800446,0.0,0.08874692022800446,0.0
65.69059,"[378.4456787109375, 9.718886375427246, 0.0]","[397.1546630859375, 4.5, 0.0]",11.86128965661994,12.096274375915527,0.21711553076393386,18.57586501480156,0.24478395434934264,0.07862460799515247,0.0,0.07862460799515247,0.0
65.710124,"[378.6827392578125, 9.724386215209961, 0.0]","[397.39544677734375, 4.5, 0.0]",11.865647220537285,12.104181289672852,0.21787819586727153,18.582907952571972,0.2349847192955874,0.07890768349170685,0.0,0.07890768349170685,0.0
65.729651,"[378.9198913574219, 9.729887962341309, 0.0]","[397.6373596191406, 4.5, 0.0]",11.870016236527393,12.099111557006838,0.21845079950537638,18.586502535652315,0.23853406913556618,0.07908064872026443,0.0,0.07908064872026443,0.0
65.75142,"[379.1571350097656, 9.735391616821289, 0.0]","[397.88128662109375, 4.5, 0.0]",11.874396699060563,12.107391357421875,0.21902312665851298,18.59113288499142,0.2290953204794448,0.07928467355668545,0.0,0.07928467355668545,0.0
65.770207,"[379.39447021484375, 9.740898132324219, 0.0]","[398.1219482421875, 4.5, 0.0]",11.878780975264858,12.102313041687012,0.21921381021474673,18.59768754163905,0.23299465836131183,0.07939523085951805,0.0,0.07939523085951805,0.0
65.790618,"[379.63189697265625, 9.746406555175781, 0.0]","[398.3650207519531, 4.5, 0.0]",11.88299353949925,12.110587120056152,0.2106282117195768,18.600886102866898,0.22353206642215362,0.0762425409629941,0.0,0.0762425409629941,0.0
65.810716,"[379.8694152832031, 9.751916885375977, 0.0]","[398.6058654785156, 4.5, 0.0]",11.887209922934485,12.1055326461792,0.2108191717617558,18.606401820843256,0.2275935805569027,0.0763422017917037,0.0,0.0763422017917037,0.0
65.830192,"[380.1070251464844, 9.757429122924805, 0.0]","[398.84771728515625, 4.5, 0.0]",11.891433942006548,12.113997459411621,0.21120095360318558,18.609599538076917,0.21832272324471447,0.0764990272000432,0.0,0.0764990272000432,0.0
65.850876,"[380.3446960449219, 9.762943267822266, 0.0]","[399.091552734375, 4.5, 0.0]",11.895665591185702,12.109140396118164,0.21158245895769312,18.613710976614218,0.22256351740507263,0.07658424787223339,0.0,0.07658424787223339,0.0
65.870984,"[380.58245849609375, 9.76845932006836, 0.0]","[399.3331604003906, 4.5, 0.0]",11.89989723621755,12.117603302001953,0.2115822515923682,18.61974673366925,0.21347480493246174,0.07661776151508093,0.0,0.07661776151508093,0.0
65.890528,"[380.8203125, 9.773977279663086, 0.0]","[399.5761413574219, 4.5, 0.0]",11.90373204103031,12.112740516662598,0.19174024063799422,18.623462976710528,0.21770606578440344,0.06940347608178854,0.0,0.06940347608178854,0.0
65.90952,"[381.0582580566406, 9.779497146606445, 0.0]","[399.8178405761719, 4.5, 0.0]",11.907578292386107,12.121225357055664,0.19231256778988737,18.62846056899558,0.20900847563228808,0.06962699815630913,0.0,0.06962699815630913,0.0
65.93029,"[381.2962646484375, 9.785018920898438, 0.0]","[400.0597839355469, 4.5, 0.0]",11.911432186290966,12.11655330657959,0.19269469524294536,18.63208519545422,0.21364706466955674,0.06978306453675032,0.0,0.06978306453675032,0.0
65.95032,"[381.53436279296875, 9.790542602539062, 0.0]","[400.3021545410156, 4.5, 0.0]",11.915297523973987,12.12522029876709,0.1932668841510221,18.635892072382862,0.20512112028862362,0.07000401616096497,0.0,0.07000401616096497,0.0
65.972063,"[381.77252197265625, 9.79606819152832, 0.0]","[400.5483703613281, 4.5, 0.0]",11.919170487616729,12.123916625976562,0.19364818213709611,18.640035268882805,0.20992277479310317,0.0700987409800291,0.0,0.0700987409800291,0.0
65.991452,"[382.0107727050781, 9.801595687866211, 0.0]","[400.7942810058594, 4.5, 0.0]",11.92298239657854,12.125944137573242,0.19059544809056916,18.647962345853983,0.2047461383598339,0.06899472326040268,0.0,0.06899472326040268,0.0
66.011217,"[382.24908447265625, 9.807125091552734, 0.0]","[401.0306701660156, 4.5, 0.0]",11.926801935647408,12.12791633605957,0.19097695344338916,18.655491994542817,0.2029617409947022,0.0691625801846385,0.0,0.0691625801846385,0.0
66.029969,"[382.48748779296875, 9.812655448913574, 0.0]","[401.2742004394531, 4.5, 0.0]",11.930629114500478,12.130123138427734,0.19135894265351894,18.653440892743724,0.20111440041216255,0.06927143316715956,0.0,0.06927143316715956,0.0
66.050313,"[382.7259521484375, 9.818187713623047, 0.0]","[401.517333984375, 4.5, 0.0]",11.934463923460608,12.13232707977295,0.19174044800651657,18.658438196727232,0.19949402392725624,0.06945333909243345,0.0,0.06945333909243345,0.0
66.069299,"[382.9645080566406, 9.823721885681152, 0.0]","[401.76287841796875, 4.5, 0.0]",11.938306365292707,12.134552955627443,0.19212209160492932,18.662977815944178,0.19786315631234075,0.06957508623600006,0.0,0.06957508623600006,0.0
66.090763,"[383.203125, 9.82925796508789, 0.0]","[402.0022277832031, 4.5, 0.0]",11.942152616648517,12.13672161102295,0.1923125677905091,18.66983610293066,0.19624659033473613,0.06964660249650478,0.0,0.06964660249650478,0.0
66.111404,"[383.44183349609375, 9.834795951843262, 0.0]","[402.24749755859375, 4.5, 0.0]",11.945758474011262,12.138919830322266,0.1802928681372329,18.670439925130147,0.19456899437443198,0.06529297679662704,0.0,0.06529297679662704,0.0
66.129337,"[383.68060302734375, 9.840335845947266, 0.0]","[402.486083984375, 4.5, 0.0]",11.949371964937193,12.140883445739746,0.18067454629653312,18.676870992479948,0.19316135631100373,0.06542408373206854,0.0,0.06542408373206854,0.0
66.150161,"[383.9194641113281, 9.845877647399902, 0.0]","[402.73150634765625, 4.5, 0.0]",11.952989274372785,12.142904281616211,0.180865471779601,18.6765594451463,0.19151148080255354,0.06551049649715424,0.0,0.06551049649715424,0.0
66.172076,"[384.15838623046875, 9.851420402526855, 0.0]","[402.97509765625, 4.5, 0.0]",11.956618034498772,12.144909858703613,0.18143800629939477,18.68299042401883,0.18991500724342636,0.0656824791803956,0.0,0.0656824791803956,0.0
66.19612,"[384.3973693847656, 9.856965065002441, 0.0]","[403.2168884277344, 4.5, 0.0]",11.960086543022387,12.146900177001955,0.17342542618070667,18.68752979992327,0.1882918242048408,0.06282403133809566,0.0,0.06282403133809566,0.0
66.209018,"[384.6364440917969, 9.86251163482666, 0.0]","[403.4570007324219, 4.5, 0.0]",11.963562676123233,12.148897171020508,0.17380665504234116,18.690208060108827,0.1868136339795683,0.06292500533163548,0.0,0.06292500533163548,0.0
66.228628,"[384.8755798339844, 9.868060111999512, 0.0]","[403.7010192871094, 4.5, 0.0]",11.967042621512684,12.151104927062988,0.1739972694725367,18.691116732681092,0.18533449489727438,0.06299735978245735,0.0,0.06299735978245735,0.0
66.250279,"[385.1147766113281, 9.87360954284668, 0.0]","[403.9459533691406, 4.5, 0.0]",11.97053019147933,12.153321266174316,0.174378498332306,18.69586954144932,0.18406230555030412,0.06315926555544138,0.0,0.06315926555544138,0.0
66.269697,"[385.35406494140625, 9.87916088104248, 0.0]","[404.1878967285156, 4.5, 0.0]",11.97402539155302,12.155510902404785,0.17476000368450428,18.701476590417027,0.18279107469498612,0.06327872630208731,0.0,0.06327872630208731,0.0
66.290227,"[385.5934143066406, 9.884714126586914, 0.0]","[404.4323425292969, 4.5, 0.0]",11.977524408062694,12.157722473144531,0.17495082548366625,18.70400214892471,0.1814855108517648,0.06336231250315905,0.0,0.06336231250315905,0.0
66.311008,"[385.83282470703125, 9.890268325805664, 0.0]","[404.6748962402344, 4.5, 0.0]",11.980882241325304,12.159871101379395,0.16789166313051496,18.708968412676043,0.18019806508183756,0.06080126389861107,0.0,0.06080126389861107,0.0
66.330975,"[386.0722961425781, 9.895824432373047, 0.0]","[404.91839599609375, 4.5, 0.0]",11.984251526660783,12.161672592163088,0.16846426677394888,18.71198205472223,0.17898886005409054,0.06102489773184061,0.0,0.06102489773184061,0.0
66.349929,"[386.3118591308594, 9.901382446289062, 0.0]","[405.1600036621094, 4.5, 0.0]",11.98762844625069,12.163459777832031,0.16884597949538005,18.715880424217108,0.17742106550230474,0.06113434210419655,0.0,0.06113434210419655,0.0
66.370426,"[386.5514831542969, 9.906941413879395, 0.0]","[405.40570068359375, 4.5, 0.0]",11.991005364458138,12.165276527404787,0.16884591037236163,18.71779486326338,0.17583133158134068,0.0611534109339118,0.0,0.0611534109339118,0.0
66.392147,"[386.7911682128906, 9.91250228881836, 0.0]","[405.6516418457031, 4.5, 0.0]",11.994279258248506,12.170430183410645,0.16369468951840105,18.723737293332935,0.17427116294664913,0.0592538109049201,0.0,0.0592538109049201,0.0
66.41077,"[387.0309143066406, 9.918065071105957, 0.0]","[405.89263916015625, 4.5, 0.0]",11.997564597199437,12.165520668029787,0.16426694754656523,18.729863514148192,0.1761509251621387,0.05948565434664488,0.0,0.05948565434664488,0.0
66.430093,"[387.2707214355469, 9.923628807067871, 0.0]","[406.1345520019531, 4.5, 0.0]",12.0008575704048,12.173778533935547,0.16464866026817404,18.73098537627174,0.1679560708303498,0.059602921828627586,0.0,0.059602921828627586,0.0
66.450894,"[387.5106201171875, 9.929194450378418, 0.0]","[406.37884521484375, 4.5, 0.0]",12.004154366958478,12.168715476989746,0.1648398276838492,18.732961478594767,0.17292096353074626,0.05968872457742691,0.0,0.05968872457742691,0.0
66.469665,"[387.7505798339844, 9.934761047363281, 0.0]","[406.623046875, 4.5, 0.0]",12.0074511579823,12.176987648010254,0.1648395511911538,18.73722339625772,0.1645611100312685,0.05969121586531401,0.0,0.05969121586531401,0.0
66.489007,"[387.9906005859375, 9.940329551696777, 0.0]","[406.86614990234375, 4.5, 0.0]",12.010484661926982,12.171916961669922,0.15167519723409129,18.741335867532204,0.16953649002795323,0.05492090713232756,0.0,0.05492090713232756,0.0
66.513295,"[388.2306823730469, 9.945899963378906, 0.0]","[407.1099853515625, 4.5, 0.0]",12.01352961241469,12.180163383483887,0.1522475243853627,18.74428894007524,0.16143229974293938,0.05511346738785505,0.0,0.05511346738785505,0.0
66.529877,"[388.4708251953125, 9.951471328735352, 0.0]","[407.3515625, 4.5, 0.0]",12.01657838141209,12.174883842468262,0.1524384498700293,18.74791239271044,0.16663377106919697,0.05521328654140234,0.0,0.05521328654140234,0.0
66.551225,"[388.7110290527344, 9.95704460144043, 0.0]","[407.59722900390625, 4.5, 0.0]",12.019634779825292,12.182963371276855,0.15281992066009664,18.74921711122519,0.15830546105617138,0.055342032574117184,0.0,0.055342032574117184,0.0
66.570545,"[388.9512939453125, 9.962618827819824, 0.0]","[407.83935546875, 4.5, 0.0]",12.022698802815649,12.177685737609865,0.15320114951782315,18.754549022134373,0.1633285914515632,0.05545548163354397,0.0,0.05545548163354397,0.0
66.591493,"[389.1916198730469, 9.968194961547852, 0.0]","[408.0869445800781, 4.5, 0.0]",12.025739932719961,12.185776710510254,0.15205649521563558,18.756280805448863,0.15498693479421632,0.05508517846465111,0.0,0.05508517846465111,0.0
66.611689,"[389.4320068359375, 9.973772048950195, 0.0]","[408.3336486816406, 4.5, 0.0]",12.028784890120026,12.180498123168945,0.15224787000320816,18.763412702737334,0.16003677779029246,0.05514234770089388,0.0,0.05514234770089388,0.0
66.631667,"[389.6724548339844, 9.979350090026855, 0.0]","[408.573486328125, 4.5, 0.0]",12.031833662573622,12.188346862792969,0.1524386226797958,18.769598000427063,0.1517132330489197,0.0552122900262475,0.0,0.0552122900262475,0.0
66.65366,"[389.9129638671875, 9.984930038452148, 0.0]","[408.8153991699219, 4.5, 0.0]",12.03488624869827,12.182868957519531,0.15262930623238802,18.76885843567991,0.15651320021934723,0.055278888903558254,0.0,0.055278888903558254,0.0
66.669725,"[390.1535339355469, 9.990510940551758, 0.0]","[409.05767822265625, 4.5, 0.0]",12.037938832057971,12.190730094909668,0.15262916798510773,18.770132445004062,0.14798270882126197,0.05526667460799217,0.0,0.05526667460799217,0.0
66.694958,"[390.3941650390625, 9.99609375, 0.0]","[409.3077087402344, 4.5, 0.0]",12.04085404722411,12.18529224395752,0.14576075830694535,18.77171152589204,0.15279126285169653,0.05276874639093876,0.0,0.05276874639093876,0.0
66.712399,"[390.6348571777344, 10.001677513122559, 0.0]","[409.5447082519531, 4.5, 0.0]",12.043780702712125,12.193084716796875,0.1463327744007259,18.780978923362568,0.14443819673340919,0.05295713897794485,0.0,0.05295713897794485,0.0
66.729473,"[390.8756103515625, 10.00726318359375, 0.0]","[409.7891540527344, 4.5, 0.0]",12.046711178092322,12.187218666076662,0.146523769009832,18.77715777969564,0.14930401408475014,0.05306179169565439,0.0,0.05306179169565439,0.0
66.751793,"[391.1164245605469, 10.012849807739258, 0.0]","[410.0361633300781, 4.5, 0.0]",12.049649286344499,12.194696426391602,0.14690541260886647,18.780719858927856,0.14050748798434043,0.05321109667420387,0.0,0.05321109667420387,0.0
66.770236,"[391.3572998046875, 10.018438339233398, 0.0]","[410.27862548828125, 4.5, 0.0]",12.052595021938753,12.188823699951172,0.14728677971271864,18.78678368424439,0.14504714004710273,0.05333775654435158,0.0,0.05333775654435158,0.0
66.790988,"[391.5982360839844, 10.024027824401855, 0.0]","[410.5226745605469, 4.5, 0.0]",12.055308001941771,12.196292877197266,0.13564900015090586,18.78824055070243,0.13622867801241867,0.04914419259876013,0.0,0.04914419259876013,0.0
66.809872,"[391.8392333984375, 10.029619216918945, 0.0]","[410.7660217285156, 4.5, 0.0]",12.05802861205182,12.190377235412598,0.1360305055023936,18.791222863457893,0.1409848752554943,0.049262670800089836,0.0,0.049262670800089836,0.0
66.831137,"[392.08026123046875, 10.035211563110352, 0.0]","[411.01580810546875, 4.5, 0.0]",12.060756855033848,12.197454452514648,0.13641214910142807,18.793442397765716,0.13234862336077846,0.04936596844345331,0.0,0.04936596844345331,0.0
66.850267,"[392.32135009765625, 10.040804862976074, 0.0]","[411.25445556640625, 4.5, 0.0]",12.063488917216816,12.191178321838379,0.13660310914840323,18.802068877305377,0.13669759748080068,0.04945699591189623,0.0,0.04945699591189623,0.0
66.870627,"[392.5625, 10.04640007019043, 0.0]","[411.50146484375, 4.5, 0.0]",12.06622098354722,12.198250770568848,0.13660331652021185,18.799496804386525,0.12768940462156309,0.0494519155472517,0.0,0.0494519155472517,0.0
66.890784,"[392.8037109375, 10.051996231079102, 0.0]","[411.7431335449219, 4.5, 0.0]",12.06859818492441,12.195313453674316,0.11886006885948319,18.805225622891452,0.1320297870216276,0.043057664297521114,0.0,0.043057664297521114,0.0
66.910704,"[393.04498291015625, 10.05759334564209, 0.0]","[411.9906005859375, 4.5, 0.0]",12.070983015026147,12.195718765258789,0.11924150508688669,18.80555346501794,0.12671526874990668,0.04318381194025278,0.0,0.04318381194025278,0.0
66.930508,"[393.2862854003906, 10.063191413879395, 0.0]","[412.23028564453125, 4.5, 0.0]",12.073375476617393,12.196111679077148,0.11962307956228102,18.81161704625494,0.1247357502326416,0.04330471623688936,0.0,0.04330471623688936,0.0
66.950468,"[393.52764892578125, 10.068791389465332, 0.0]","[412.47412109375, 4.5, 0.0]",12.075775571080625,12.196512222290039,0.12000472316158195,18.80987020710131,0.12273620245975536,0.04342146683484316,0.0,0.04342146683484316,0.0
66.969348,"[393.76904296875, 10.074392318725586, 0.0]","[412.71893310546875, 4.5, 0.0]",12.078171860167728,12.19691276550293,0.11981445435518268,18.81220997936059,0.12073665120941435,0.04341362044215202,0.0,0.04341362044215202,0.0
66.990962,"[394.010498046875, 10.079994201660156, 0.0]","[412.961669921875, 4.5, 0.0]",12.080426957712858,12.197311401367188,0.11275487725646016,18.815497918698743,0.11874090533520132,0.04081869963556528,0.0,0.04081869963556528,0.0
67.011417,"[394.2519836425781, 10.085597038269043, 0.0]","[413.2065124511719, 4.5, 0.0]",12.082685866164045,12.197689056396484,0.11294542255937401,18.81664938029997,0.11688444365432993,0.04086964763700962,0.0,0.04086964763700962,0.0
67.029383,"[394.4935302734375, 10.091200828552246, 0.0]","[413.4502258300781, 4.5, 0.0]",12.084944780145173,12.19788932800293,0.11294569905642149,18.819876258923923,0.11500319023243932,0.04091884475201368,0.0,0.04091884475201368,0.0
67.050543,"[394.735107421875, 10.096805572509766, 0.0]","[413.69488525390625, 4.5, 0.0]",12.087211320777108,12.198089599609377,0.11332703159672164,18.82191164585366,0.1129445478577562,0.04102578852325678,0.0,0.04102578852325678,0.0
67.068583,"[394.97674560546875, 10.102411270141602, 0.0]","[413.9372863769531, 4.5, 0.0]",12.089481689596186,12.198287963867188,0.11351844095388586,18.82486309381635,0.11087827883226886,0.041126166470348835,0.0,0.041126166470348835,0.0
67.090127,"[395.2184143066406, 10.108017921447754, 0.0]","[414.1835632324219, 4.5, 0.0]",12.091549819104676,12.198490142822266,0.10340647542452786,18.825494198948395,0.10880627427100187,0.037419446744024754,0.0,0.037419446744024754,0.0
67.110693,"[395.46014404296875, 10.113626480102539, 0.0]","[414.426025390625, 4.5, 0.0]",12.093617950686914,12.198688507080078,0.10340657911189766,18.829971874684226,0.10694032371758944,0.03746632253751159,0.0,0.03746632253751159,0.0
67.129284,"[395.701904296875, 10.11923599243164, 0.0]","[414.6691589355469, 4.5, 0.0]",12.09568989524893,12.198887825012207,0.10359722810076022,18.830574012071057,0.10507055639316398,0.03754090750589967,0.0,0.03754090750589967,0.0
67.150469,"[395.9437255859375, 10.124846458435059, 0.0]","[414.9156799316406, 4.5, 0.0]",12.097769468535466,12.199090003967285,0.10397866432683145,18.83181682406714,0.10319792976327768,0.037639159709215164,0.0,0.037639159709215164,0.0
67.171105,"[396.1855773925781, 10.130457878112793, 0.0]","[415.1588439941406, 4.5, 0.0]",12.09984904735199,12.199289321899414,0.1039789408261882,18.836384327673823,0.10132053543181918,0.03763534361496568,0.0,0.03763534361496568,0.0
67.194488,"[396.4274597167969, 10.136070251464844, 0.0]","[415.40618896484375, 4.5, 0.0]",12.101730208823879,12.199491500854492,0.09405807359446072,18.837564459664325,0.09944027454742432,0.034085181541740894,0.0,0.034085181541740894,0.0
67.2104,"[396.6694030761719, 10.141683578491211, 0.0]","[415.6444091796875, 4.5, 0.0]",12.103618997637787,12.199687004089355,0.0944394406953819,18.842897076134722,0.09776129203061323,0.034177207853645086,0.0,0.034177207853645086,0.0
67.230567,"[396.911376953125, 10.147297859191895, 0.0]","[415.89678955078125, 4.5, 0.0]",12.105511600813951,12.199893951416016,0.09463015880823988,18.839044734449658,0.09606800645156888,0.034238719381392,0.0,0.034238719381392,0.0
67.253424,"[397.15338134765625, 10.152912139892578, 0.0]","[416.1346435546875, 4.5, 0.0]",12.107404203298866,12.200088500976562,0.09463012424575368,18.849318208011407,0.09438235060206424,0.03426991403102875,0.0,0.03426991403102875,0.0
67.271013,"[397.3954162597656, 10.158527374267578, 0.0]","[416.3780517578125, 4.5, 0.0]",12.109296798871277,12.200288772583008,0.09462977862053634,18.845038713054784,0.09268429767769604,0.03428201889619231,0.0,0.03428201889619231,0.0
67.291368,"[397.63751220703125, 10.164143562316895, 0.0]","[416.6235656738281, 4.5, 0.0]",12.111189394443688,12.200489044189453,0.09462977862053634,18.84628139157939,0.09099197371173062,0.03428855678066611,0.0,0.03428855678066611,0.0
67.308942,"[397.879638671875, 10.169760704040527, 0.0]","[416.8659973144531, 4.5, 0.0]",12.112944625969998,12.204022407531738,0.08776157631551484,18.8495689883,0.08929964974576521,0.03178510349243879,0.0,0.03178510349243879,0.0
67.329344,"[398.1217956542969, 10.175378799438477, 0.0]","[417.1100769042969, 4.5, 0.0]",12.114703673932311,12.197553634643555,0.08795239811565381,18.849743795454447,0.09107778156174007,0.031874808482825756,0.0,0.031874808482825756,0.0
67.351406,"[398.3639831542969, 10.180997848510742, 0.0]","[417.3568420410156, 4.5, 0.0]",12.116470360296631,12.204423904418945,0.08833431821599902,18.85153557699598,0.0828499607112434,0.03199883969500661,0.0,0.03199883969500661,0.0
67.368957,"[398.606201171875, 10.186617851257324, 0.0]","[417.598876953125, 4.5, 0.0]",12.118240870009478,12.197954177856447,0.08852548564233231,18.85597920665577,0.08795354412231404,0.0320282531902194,0.0,0.0320282531902194,0.0
67.391566,"[398.8484802246094, 10.192238807678223, 0.0]","[417.84417724609375, 4.5, 0.0]",12.119881640253235,12.20482349395752,0.08203851218784308,18.855666610994202,0.07971330784696917,0.02968973945826292,0.0,0.02968973945826292,0.0
67.412459,"[399.0907897949219, 10.197860717773438, 0.0]","[418.08795166015625, 4.5, 0.0]",12.121530030926458,12.198402404785156,0.08241953366114885,18.85855666191073,0.08494185370428475,0.02981486264616251,0.0,0.02981486264616251,0.0
67.431825,"[399.3331298828125, 10.203482627868652, 0.0]","[418.33001708984375, 4.5, 0.0]",12.123178427129702,12.205665588378906,0.08241981016219313,18.85989071294573,0.0768723738586985,0.02984721679240465,0.0,0.02984721679240465,0.0
67.452464,"[399.57550048828125, 10.209105491638184, 0.0]","[418.57476806640625, 4.5, 0.0]",12.124826820567936,12.19959831237793,0.0824196719117154,18.859486547945476,0.08248716124920463,0.029866311233490705,0.0,0.029866311233490705,0.0
67.47422,"[399.8179016113281, 10.214729309082031, 0.0]","[418.81878662109375, 4.5, 0.0]",12.12647521400617,12.206866264343262,0.0824196719117154,18.861735858652217,0.07477149180999376,0.029871126171201468,0.0,0.029871126171201468,0.0
67.491065,"[400.0603332519531, 10.220354080200195, 0.0]","[419.0656433105469, 4.5, 0.0]",12.127856508767964,12.200804710388184,0.06906473808969693,18.863222413039804,0.08039105033709149,0.02498562214896083,0.0,0.02498562214896083,0.0
67.511366,"[400.30279541015625, 10.225979804992676, 0.0]","[419.30828857421875, 4.5, 0.0]",12.129237801455998,12.208139419555664,0.0690646344017054,18.867515807159915,0.07294820162021942,0.025002260226756334,0.0,0.025002260226756334,0.0
67.532103,"[400.5452880859375, 10.231605529785156, 0.0]","[419.5521545410156, 4.5, 0.0]",12.130626724251032,12.202669143676758,0.06944613975168323,18.867568377013075,0.07890161809966578,0.02512774197384715,0.0,0.02512774197384715,0.0
67.552706,"[400.7878112792969, 10.237232208251953, 0.0]","[419.7976379394531, 4.5, 0.0]",12.132019475924649,12.210543632507324,0.06963758368083717,18.86880916880074,0.07204241942572587,0.025239991955459118,0.0,0.025239991955459118,0.0
67.571518,"[401.0303649902344, 10.242859840393066, 0.0]","[420.0383605957031, 4.5, 0.0]",12.133416037121737,12.205058097839357,0.06982805985442653,18.871638889968477,0.07852415658267553,0.025271561462432146,0.0,0.025271561462432146,0.0
67.592641,"[401.27294921875, 10.24848747253418, 0.0]","[420.2857971191406, 4.5, 0.0]",12.134755357308746,12.212942123413086,0.06696600935045538,18.869677796552406,0.07164206071762003,0.02427656902000308,0.0,0.02427656902000308,0.0
67.611754,"[401.51556396484375, 10.25411605834961, 0.0]","[420.5274658203125, 4.5, 0.0]",12.136232041541842,12.207526206970215,0.07383421165476634,18.874398254699607,0.07818676610433961,0.0267305551096797,0.0,0.0267305551096797,0.0
67.630673,"[401.7581787109375, 10.259745597839355, 0.0]","[420.77276611328125, 4.5, 0.0]",12.137708731304983,12.2160005569458,0.07383448815705407,18.873321910831528,0.07129416542837319,0.026741772890090942,0.0,0.026741772890090942,0.0
67.650994,"[402.0008239746094, 10.265375137329102, 0.0]","[421.0180358886719, 4.5, 0.0]",12.139185427980696,12.211139678955078,0.07383483378564648,18.87587533414152,0.07829182564081805,0.026752951089292765,0.0,0.026752951089292765,0.0
67.669707,"[402.2434997558594, 10.271005630493164, 0.0]","[421.2620544433594, 4.5, 0.0]",12.140662114978818,12.219605445861816,0.07383434990613225,18.878368563436357,0.07195425097438246,0.026767849922180176,0.0,0.026767849922180176,0.0
67.691497,"[402.4862060546875, 10.276637077331543, 0.0]","[421.50982666015625, 4.5, 0.0]",12.142142615647922,12.21476173400879,0.07402503345517175,18.87958037716433,0.0789433308829981,0.026781749911606312,0.0,0.026781749911606312,0.0
67.712198,"[402.72894287109375, 10.282269477844238, 0.0]","[421.7515563964844, 4.5, 0.0]",12.143489565941925,12.22332763671875,0.06734751470016676,18.884515139395106,0.0726191183608691,0.024365661665797234,0.0,0.024365661665797234,0.0
67.731628,"[402.9717102050781, 10.287901878356934, 0.0]","[421.99993896484375, 4.5, 0.0]",12.144840330598168,12.219502449035645,0.06753823281213656,18.883377688310457,0.07983807077682492,0.02442640019580722,0.0,0.02442640019580722,0.0
67.75176,"[403.2145080566406, 10.293535232543945, 0.0]","[422.2401428222656, 4.5, 0.0]",12.146194908234135,12.228919982910156,0.06772888179833458,18.88886077005334,0.07466211843747672,0.024512053932994604,0.0,0.024512053932994604,0.0
67.776119,"[403.45733642578125, 10.299169540405273, 0.0]","[422.48675537109375, 4.5, 0.0]",12.147549491400158,12.225074768066408,0.06772915830115522,18.886136809719307,0.08272507467602175,0.024528063368052244,0.0,0.024528063368052244,0.0
67.791957,"[403.7001953125, 10.304803848266602, 0.0]","[422.7309875488281, 4.5, 0.0]",12.149133016486337,12.234539031982422,0.0791762543089547,18.889789285149647,0.07752527666625042,0.028646227438002825,0.0,0.028646227438002825,0.0
67.810972,"[403.9430847167969, 10.310439109802246, 0.0]","[422.97491455078125, 4.5, 0.0]",12.150712733431593,12.234162330627441,0.07898584726282465,18.891031520518354,0.08540601549608517,0.028628178406506777,0.0,0.028628178406506777,0.0
67.830717,"[404.1860046386719, 10.316075325012207, 0.0]","[423.21875, 4.5, 0.0]",12.152296261282803,12.238343238830566,0.07917639256049824,18.89193813072029,0.08344959719584821,0.02867474453523755,0.0,0.02867474453523755,0.0
67.852953,"[404.428955078125, 10.321711540222168, 0.0]","[423.464111328125, 4.5, 0.0]",12.153879787751498,12.242549896240234,0.07917632343472647,18.89272184829762,0.08604697754776325,0.028653640765696764,0.0,0.028653640765696764,0.0
67.871452,"[404.67193603515625, 10.327348709106445, 0.0]","[423.7121276855469, 4.5, 0.0]",12.155463312837677,12.246803283691406,0.0791762543089547,18.895001357175698,0.08867010848873669,0.02864013658836484,0.0,0.02864013658836484,0.0
67.893148,"[404.9149475097656, 10.332986831665039, 0.0]","[423.9546203613281, 4.5, 0.0]",12.157111707658432,12.250960350036621,0.08241974103775362,18.899904649562046,0.09133997085372947,0.02987464889883995,0.0,0.02987464889883995,0.0
67.911423,"[405.1579895019531, 10.33862590789795, 0.0]","[424.1983947753906, 4.5, 0.0]",12.15876391476765,12.255343437194824,0.08261035546093254,18.899255214893103,0.09384864237818924,0.029906556010246277,0.0,0.029906556010246277,0.0
67.929144,"[405.40106201171875, 10.344265937805176, 0.0]","[424.4427795410156, 4.5, 0.0]",12.160419943842946,12.261316299438477,0.08280145376478032,18.899856642182574,0.09657952242717371,0.029962146654725075,0.0,0.029962146654725075,0.0
67.951319,"[405.6441650390625, 10.349905967712402, 0.0]","[424.68927001953125, 4.5, 0.0]",12.162075972918245,12.267341613769531,0.08280145376495796,18.901037725339428,0.10089635559553045,0.02999416785314679,0.0,0.02999416785314679,0.0
67.97306,"[405.8872985839844, 10.355546951293945, 0.0]","[424.9389343261719, 4.5, 0.0]",12.163735805295639,12.273444175720217,0.08299161886968776,18.90429428307967,0.10526564085128598,0.030079716816544533,0.0,0.030079716816544533,0.0
67.993099,"[406.1304626464844, 10.361188888549805, 0.0]","[425.180419921875, 4.5, 0.0]",12.165796281194513,12.27934741973877,0.10302379494371294,18.91069244677675,0.1097083704245776,0.03729372983798385,0.0,0.03729372983798385,0.0
68.011588,"[406.3736572265625, 10.36683177947998, 0.0]","[425.4253234863281, 4.5, 0.0]",12.167852964160131,12.285553932189943,0.10283414828089477,18.908883568396913,0.11355113854425625,0.03724634647369385,0.0,0.03724634647369385,0.0
68.034816,"[406.6169128417969, 10.372475624084473, 0.0]","[425.6740417480469, 4.5, 0.0]",12.16990964159569,12.2936372756958,0.10283387177798531,18.910460367882127,0.117700968029812,0.03725971793755889,0.0,0.03725971793755889,0.0
68.051125,"[406.8601989746094, 10.378120422363281, 0.0]","[425.9184265136719, 4.5, 0.0]",12.17196630658862,12.301579475402832,0.10283324964648344,18.915792317807394,0.1237276341001099,0.037255550269037485,0.0,0.037255550269037485,0.0
68.071037,"[407.1035461425781, 10.383766174316406, 0.0]","[426.1637878417969, 4.5, 0.0]",12.174022959138973,12.309553146362305,0.1028326275176461,18.91675972629784,0.12961316881421148,0.03724195761606097,0.0,0.03724195761606097,0.0
68.092106,"[407.346923828125, 10.389412879943848, 0.0]","[426.4158020019531, 4.5, 0.0]",12.176590924251304,12.317743301391603,0.12839825561652418,18.91864155157842,0.1355301872233312,0.04646696150302887,0.0,0.04646696150302887,0.0
68.112642,"[407.59033203125, 10.395060539245605, 0.0]","[426.6614990234375, 4.5, 0.0]",12.179158903879964,12.326016426086426,0.12839898143299777,18.927145571844257,0.14115237714029938,0.046527162194252014,0.0,0.046527162194252014,0.0
68.130322,"[407.83380126953125, 10.40070915222168, 0.0]","[426.9073181152344, 4.5, 0.0]",12.181734519836894,12.336163520812988,0.1287807978465061,18.929303622990634,0.14685752220646187,0.046608573757112026,0.0,0.046608573757112026,0.0
68.152433,"[408.07733154296875, 10.40635871887207, 0.0]","[427.15130615234375, 4.5, 0.0]",12.18430632143158,12.346237182617188,0.12859007973426984,18.93152013899646,0.15442900097609424,0.046581896021962166,0.0,0.046581896021962166,0.0
68.171951,"[408.3208923339844, 10.412010192871094, 0.0]","[427.3973693847656, 4.5, 0.0]",12.186874292073956,12.356394767761232,0.12839853211881191,18.931847584584446,0.16193086118560807,0.04652719013392925,0.0,0.04652719013392925,0.0
68.191851,"[408.56451416015625, 10.417662620544434, 0.0]","[427.6507873535156, 4.5, 0.0]",12.190113840705372,12.366856575012207,0.16197743157082556,18.934218269160628,0.16952047568727657,0.05868538748472929,0.0,0.05868538748472929,0.0
68.212065,"[408.8081970214844, 10.42331600189209, 0.0]","[427.8987121582031, 4.5, 0.0]",12.193353382424277,12.377391815185547,0.16197708594525295,18.94388151728101,0.17674273430683485,0.05865869112312794,0.0,0.05865869112312794,0.0
68.232545,"[409.05194091796875, 10.428971290588379, 0.0]","[428.1473693847656, 4.5, 0.0]",12.19659292137819,12.393148422241211,0.1619769476956634,18.947990344869815,0.18403843276126963,0.05864684469997883,0.0,0.05864684469997883,0.0
68.25111,"[409.2957458496094, 10.434627532958984, 0.0]","[428.3915710449219, 4.5, 0.0]",12.19984009043913,12.398681640625,0.1623584530469735,18.952773725798224,0.19655550086302043,0.05876622162759304,0.0,0.05876622162759304,0.0
68.270497,"[409.53961181640625, 10.440285682678223, 0.0]","[428.63739013671875, 4.5, 0.0]",12.203087253970116,12.417631149291992,0.1623581765493043,18.953039155647144,0.19884155018587002,0.05881070625036955,0.0,0.05881070625036955,0.0
68.291856,"[409.7835388183594, 10.445944786071777, 0.0]","[428.8860778808594, 4.5, 0.0]",12.207105206236141,12.423386573791504,0.2008976133012652,18.954862218571407,0.21454389532187612,0.07274603471159935,0.0,0.07274603471159935,0.0
68.311194,"[410.02752685546875, 10.451605796813965, 0.0]","[429.1387634277344, 4.5, 0.0]",12.211123148824738,12.44301986694336,0.2008971294298334,18.959488722186176,0.21628136755536254,0.07272227201610804,0.0,0.07272227201610804,0.0
68.329937,"[410.2716064453125, 10.457268714904785, 0.0]","[429.3881530761719, 4.5, 0.0]",12.215144898171966,12.451340675354004,0.20108746736138272,18.96805429223071,0.23189671811862134,0.07280070800334215,0.0,0.07280070800334215,0.0
68.351687,"[410.5157775878906, 10.462933540344238, 0.0]","[429.6355895996094, 4.5, 0.0]",12.219166657196642,12.472881317138672,0.20108795123379153,18.973229872898056,0.2361957771820382,0.07283860351890326,0.0,0.07283860351890326,0.0
68.37236,"[410.760009765625, 10.468600273132324, 0.0]","[429.88775634765625, 4.5, 0.0]",12.223188414838866,12.481369972229006,0.2010878821112172,18.97636554283454,0.25371465994203035,0.07283813785761595,0.0,0.07283813785761595,0.0
68.392125,"[411.00433349609375, 10.474268913269043, 0.0]","[430.1350402832031, 4.5, 0.0]",12.228351072558503,12.502899169921875,0.25813288598186546,18.984166545660102,0.2581815573901398,0.09350249543786049,0.0,0.09350249543786049,0.0
68.412498,"[411.24871826171875, 10.479939460754395, 0.0]","[430.386962890625, 4.5, 0.0]",12.23351372336583,12.511683464050293,0.25813254036632927,18.986994477176868,0.2745480973633718,0.09347066283226013,0.0,0.09347066283226013,0.0
68.42969,"[411.49322509765625, 10.485611915588379, 0.0]","[430.6324462890625, 4.5, 0.0]",12.2386687440662,12.535356521606445,0.25775103501848307,18.99439962490432,0.2781697406844632,0.09336428716778755,0.0,0.09336428716778755,0.0
68.450644,"[411.7378234863281, 10.491287231445312, 0.0]","[430.8858337402344, 4.5, 0.0]",12.243827571525408,12.546241760253906,0.2579413729604241,18.995244359747606,0.2966877775402459,0.09339670650660992,0.0,0.09339670650660992,0.0
68.473081,"[411.9825439453125, 10.496964454650879, 0.0]","[431.1366271972656, 4.5, 0.0]",12.248990231318961,12.570281982421875,0.25813298967767295,19.003898569889913,0.30241418872849835,0.09347641840577126,0.0,0.09347641840577126,0.0
68.494226,"[412.22735595703125, 10.502644538879395, 0.0]","[431.3865661621094, 4.5, 0.0]",12.255167866083317,12.580926895141602,0.3088817382177922,19.009839115408088,0.32129175110291364,0.11185172013938427,0.0,0.11185172013938427,0.0
68.511548,"[412.4722595214844, 10.508326530456543, 0.0]","[431.6377258300781, 4.5, 0.0]",12.261341667822437,12.605228424072266,0.3086900869559983,19.01483466394421,0.32575902905828436,0.1117593515664339,0.0,0.1117593515664339,0.0
68.530407,"[412.71728515625, 10.51401138305664, 0.0]","[431.8949890136719, 4.5, 0.0]",12.267515473709096,12.618486404418945,0.30869029433295836,19.020959017982527,0.34388675624982845,0.11178821325302124,0.0,0.11178821325302124,0.0
68.551841,"[412.9624328613281, 10.519699096679688, 0.0]","[432.1445617675781, 4.5, 0.0]",12.273693107091342,12.644486427307129,0.3088816691122709,19.03306056565015,0.35097093070984897,0.11183873750269413,0.0,0.11183873750269413,0.0
68.570856,"[413.20770263671875, 10.525389671325684, 0.0]","[432.3995056152344, 4.5, 0.0]",12.279874561056912,12.657565116882324,0.3090726982785341,19.037351646955774,0.37079332021578715,0.11188775300979614,0.0,0.11188775300979614,0.0
68.591309,"[413.453125, 10.531083106994629, 0.0]","[432.65118408203125, 4.5, 0.0]",12.287479282976431,12.68372917175293,0.38023609597592767,19.04689371732035,0.3776905558254118,0.13769413344562054,0.0,0.13769413344562054,0.0
68.611818,"[413.69866943359375, 10.536779403686523, 0.0]","[432.9039001464844, 4.5, 0.0]",12.295080181547926,12.696805000305176,0.3800449285747298,19.05301695236048,0.3962498887764987,0.1376474555581808,0.0,0.1376474555581808,0.0
68.630817,"[413.9443664550781, 10.542479515075684, 0.0]","[433.1580505371094, 4.5, 0.0]",12.30267726022751,12.724595069885254,0.37985393397921285,19.060054540737116,0.4017248187572502,0.1375708170235157,0.0,0.1375708170235157,0.0
68.651844,"[414.1902160644531, 10.548182487487793, 0.0]","[433.413818359375, 4.5, 0.0]",12.310278160181586,12.739184379577637,0.38004499770378786,19.06837429787208,0.42191780965774406,0.1375865936279297,0.0,0.1375865936279297,0.0
68.677725,"[414.43621826171875, 10.553889274597168, 0.0]","[433.6760559082031, 4.5, 0.0]",12.31787141758701,12.767646789550781,0.3796628702712468,19.078157575436475,0.4289062193960511,0.13748216442763805,0.0,0.13748216442763805,0.0
68.691347,"[414.6823425292969, 10.559599876403809, 0.0]","[433.9231872558594, 4.5, 0.0]",12.326678072146729,12.78151798248291,0.44033272798591483,19.094257069294603,0.4497753719637707,0.1594698242843151,0.0,0.1594698242843151,0.0
68.710913,"[414.9286193847656, 10.565313339233398, 0.0]","[434.179443359375, 4.5, 0.0]",12.33547708346686,12.809647560119629,0.4399505660065195,19.09513316702192,0.4548399103361813,0.15929298475384712,0.0,0.15929298475384712,0.0
68.730088,"[415.1750793457031, 10.57103157043457, 0.0]","[434.4353942871094, 4.5, 0.0]",12.344283736644647,12.828995704650879,0.4403326588893641,19.10497808927694,0.4741704766527697,0.15942184254527092,0.0,0.15942184254527092,0.0
68.752865,"[415.4217224121094, 10.576753616333008, 0.0]","[434.693603515625, 4.5, 0.0]",12.353098026841618,12.848546028137207,0.4407145098485721,19.11433301727097,0.4847119680062324,0.1595594361424446,0.0,0.1595594361424446,0.0
68.77237,"[415.6685485839844, 10.582479476928711, 0.0]","[434.9504089355469, 4.5, 0.0]",12.361908503367532,12.877971649169922,0.4405238262957134,19.12576596620335,0.4954480012955891,0.15952032059431076,0.0,0.15952032059431076,0.0
68.791269,"[415.9155578613281, 10.58820915222168, 0.0]","[435.20953369140625, 4.5, 0.0]",12.371875136729459,12.894267082214355,0.4983316680963412,19.135608867165853,0.5160631458023897,0.18043143674731255,0.0,0.18043143674731255,0.0
68.810564,"[416.1627197265625, 10.59394359588623, 0.0]","[435.4681091308594, 4.5, 0.0]",12.381841774929809,12.923924446105957,0.498331910017491,19.147589074066616,0.5223919454848964,0.18045973032712936,0.0,0.18045973032712936,0.0
68.830162,"[416.41009521484375, 10.599681854248047, 0.0]","[435.7312316894531, 4.5, 0.0]",12.39181603909044,12.941174507141113,0.4987132080315426,19.158868327329266,0.5420826711761482,0.18058903515338898,0.0,0.18058903515338898,0.0
68.849964,"[416.65765380859375, 10.605424880981445, 0.0]","[435.9851379394531, 4.5, 0.0]",12.401794126598874,12.970926284790039,0.49890437542172705,19.174479825888888,0.5493584680506736,0.180671326816082,0.0,0.180671326816082,0.0
68.870533,"[416.9054260253906, 10.611172676086426, 0.0]","[436.2440490722656, 4.5, 0.0]",12.411768403200846,12.987794876098633,0.49871383009856274,19.18069084121221,0.5691321581911648,0.18059613183140755,0.0,0.18059613183140755,0.0
68.890796,"[417.15338134765625, 10.616925239562988, 0.0]","[436.50433349609375, 4.5, 0.0]",12.423505559406816,13.018125534057617,0.5868578102985467,19.191694333637642,0.5760264728977873,0.2125094085931778,0.0,0.2125094085931778,0.0
68.910481,"[417.40155029296875, 10.622682571411133, 0.0]","[436.7643127441406, 4.5, 0.0]",12.43523889917689,13.035066604614258,0.586666988503648,19.20388758251546,0.5946199746508007,0.2124575711786747,0.0,0.2124575711786747,0.0
68.931427,"[417.64996337890625, 10.62844467163086, 0.0]","[437.02496337890625, 4.5, 0.0]",12.446972225123742,13.065217018127441,0.5866662973426529,19.215561188261113,0.5998277054373684,0.21244985982775688,0.0,0.21244985982775688,0.0
68.951409,"[417.8985900878906, 10.634212493896484, 0.0]","[437.28680419921875, 4.5, 0.0]",12.4587131839425,13.082138061523438,0.5870479409378682,19.22766181460475,0.618244793003699,0.2125936932861805,0.0,0.2125936932861805,0.0
68.970725,"[418.1474609375, 10.639986038208008, 0.0]","[437.5521240234375, 4.5, 0.0]",12.470450324943114,13.112709045410156,0.586857050030698,19.240738608093388,0.6234248775809377,0.21250175312161446,0.0,0.21250175312161446,0.0
68.99069,"[418.3965759277344, 10.645764350891113, 0.0]","[437.8160400390625, 4.5, 0.0]",12.483320729693778,13.129815101623537,0.6435202375332238,19.25705101670827,0.6422587204670425,0.2330334670841694,0.0,0.2330334670841694,0.0
69.011109,"[418.6459045410156, 10.651548385620117, 0.0]","[438.0738220214844, 4.5, 0.0]",12.496191139282633,13.159639358520508,0.6435204794427385,19.271714933897805,0.6464943719297587,0.2330430969595909,0.0,0.2330430969595909,0.0
69.030786,"[418.8955078125, 10.65733814239502, 0.0]","[438.33758544921875, 4.5, 0.0]",12.509069176214203,13.176122665405273,0.6439018465784763,19.280031892030035,0.6634482192378748,0.2331511303782463,0.0,0.2331511303782463,0.0
69.0494,"[419.1453552246094, 10.663134574890137, 0.0]","[438.6026611328125, 4.5, 0.0]",12.521958656924433,13.206060409545898,0.6444740355115108,19.29405572918082,0.6670534891910709,0.23333273828029633,0.0,0.23333273828029633,0.0
69.070189,"[419.3954772949219, 10.668936729431152, 0.0]","[438.8667907714844, 4.5, 0.0]",12.53484050752761,13.222577095031738,0.6440925301588685,19.309146362221508,0.6841017526214657,0.2332126721739769,0.0,0.2332126721739769,0.0
69.09057,"[419.6458435058594, 10.674744606018066, 0.0]","[439.136962890625, 4.5, 0.0]",12.547729996531812,13.252961158752441,0.6444744502100974,19.323015608016703,0.6877365875041281,0.23339562118053436,0.0,0.23339562118053436,0.0
69.111931,"[419.896484375, 10.680558204650879, 0.0]","[439.39630126953125, 4.5, 0.0]",12.56189012508196,13.26889419555664,0.7080064275074349,19.342683265933175,0.7052311622206293,0.2563481777906418,0.0,0.2563481777906418,0.0
69.131514,"[420.1473693847656, 10.686378479003906, 0.0]","[439.6625061035156, 4.5, 0.0]",12.576050248103112,13.29753303527832,0.7080061510575497,19.351242734432155,0.7070040704746798,0.256340391933918,0.0,0.256340391933918,0.0
69.151381,"[420.3985290527344, 10.692204475402832, 0.0]","[439.93408203125, 4.5, 0.0]",12.590210378035675,13.31661319732666,0.7080064966281441,19.366424347591373,0.7214827871752085,0.25636663660407066,0.0,0.25636663660407066,0.0
69.170874,"[420.6499938964844, 10.698037147521973, 0.0]","[440.2008056640625, 4.5, 0.0]",12.604359051749375,13.33862590789795,0.7074336856850216,19.386700010023,0.7264028192909855,0.2561275102198124,0.0,0.2561275102198124,0.0
69.191826,"[420.9017333984375, 10.703876495361328, 0.0]","[440.4627685546875, 4.5, 0.0]",12.618515359717199,13.360246658325195,0.7078153983911761,19.40182031941599,0.7342668561485741,0.2562701515853405,0.0,0.2562701515853405,0.0
69.212523,"[421.15374755859375, 10.709722518920898, 0.0]","[440.7317199707031, 4.5, 0.0]",12.633553104031009,13.382222175598145,0.7518872156905054,19.411906429402826,0.7417312986079967,0.2722525782883167,0.0,0.2722525782883167,0.0
69.231451,"[421.4060363769531, 10.715575218200684, 0.0]","[440.9971923828125, 4.5, 0.0]",12.648598488127844,13.40237808227539,0.752269204841749,19.42870356076755,0.7486690715671358,0.2723970077931881,0.0,0.2723970077931881,0.0
69.251407,"[421.65863037109375, 10.721434593200684, 0.0]","[441.26641845703125, 4.5, 0.0]",12.663647680367133,13.422819137573242,0.75245961196444,19.441747884668334,0.7537795941475469,0.2724570222198963,0.0,0.2724570222198963,0.0
69.270332,"[421.9115295410156, 10.727300643920898, 0.0]","[441.5395202636719, 4.5, 0.0]",12.678685421916652,13.443554878234863,0.7518870774759989,19.45824139021815,0.7591714572061097,0.27222463861107826,0.0,0.27222463861107826,0.0
69.291924,"[422.16473388671875, 10.733174324035645, 0.0]","[441.8097839355469, 4.5, 0.0]",12.693734622449467,13.464075088500977,0.7524600266407333,19.478300782349287,0.7648694563182108,0.272429920732975,0.0,0.272429920732975,0.0
69.310893,"[422.4182434082031, 10.739054679870605, 0.0]","[442.0728759765625, 4.5, 0.0]",12.709466828161151,13.483800888061523,0.7866102855841994,19.495220200278307,0.7703404660515094,0.2848275378346443,0.0,0.2848275378346443,0.0
69.329742,"[422.67205810546875, 10.744941711425781, 0.0]","[442.3477478027344, 4.5, 0.0]",12.725206665362402,13.502490043640138,0.7869918600625248,19.504665560333905,0.7743340599003723,0.28496449813246727,0.0,0.28496449813246727,0.0
69.351649,"[422.9261779785156, 10.750836372375488, 0.0]","[442.6152648925781, 4.5, 0.0]",12.74095033005734,13.520679473876953,0.787183234746891,19.525581400471392,0.7772833782777369,0.28503185138106346,0.0,0.28503185138106346,0.0
69.37119,"[423.18060302734375, 10.756738662719727, 0.0]","[442.8841857910156, 4.5, 0.0]",12.756701616566263,13.538965225219727,0.7875643254461551,19.538837427258116,0.7797291438196137,0.2851570025086403,0.0,0.2851570025086403,0.0
69.392305,"[423.43536376953125, 10.76264762878418, 0.0]","[443.1555480957031, 4.5, 0.0]",12.772887894521032,13.557414054870605,0.809313897738484,19.55319429409734,0.782263608653464,0.29303446412086487,0.0,0.29303446412086487,0.0
69.411303,"[423.6904296875, 10.768564224243164, 0.0]","[443.42694091796875, 4.5, 0.0]",12.789074167638134,13.575568199157715,0.8093136558550817,19.5696543669282,0.7845261603495732,0.29305772855877876,0.0,0.29305772855877876,0.0
69.431766,"[423.9458312988281, 10.77448844909668, 0.0]","[443.6986389160156, 4.5, 0.0]",12.805264269631019,13.591529846191406,0.8095050996442588,19.585838783064272,0.786494031519581,0.2931237407028675,0.0,0.2931237407028675,0.0
69.451701,"[424.2015380859375, 10.780420303344727, 0.0]","[443.9695739746094, 4.5, 0.0]",12.821462005877828,13.607448577880861,0.8098868123404657,19.601993407497705,0.7862655765603872,0.29326893389225006,0.0,0.29326893389225006,0.0
69.470211,"[424.45758056640625, 10.786358833312988, 0.0]","[444.241455078125, 4.5, 0.0]",12.837644470852451,13.623420715332031,0.8091232487311473,19.617080924109693,0.7859865720030328,0.2929982356727123,0.0,0.2929982356727123,0.0
69.490647,"[424.71392822265625, 10.792304992675781, 0.0]","[444.5160827636719, 4.5, 0.0]",12.853968114927314,13.639554977416992,0.8161822037431321,19.632778475024352,0.7857762444795799,0.2955525554716587,0.0,0.2955525554716587,0.0
69.513526,"[424.9706115722656, 10.798258781433105, 0.0]","[444.7899169921875, 4.5, 0.0]",12.870303216602927,13.655362129211426,0.8167550837806736,19.65091660044473,0.7855868624896782,0.29575103893876076,0.0,0.29575103893876076,0.0
69.530017,"[425.2276306152344, 10.804220199584961, 0.0]","[445.0596618652344, 4.5, 0.0]",12.88664214715414,13.66895580291748,0.8169465275606136,19.667923904608124,0.7850589126084984,0.29582679271698,0.0,0.29582679271698,0.0
69.550895,"[425.4849548339844, 10.810189247131348, 0.0]","[445.3351745605469, 4.5, 0.0]",12.902965809197582,13.682841300964355,0.8161831021721078,19.680507171271447,0.7823136557633408,0.2955705299973488,0.0,0.2955705299973488,0.0
69.570945,"[425.74261474609375, 10.816165924072266, 0.0]","[445.6098937988281, 4.5, 0.0]",12.91930090603554,13.700020790100098,0.8167548418978932,19.698554140816,0.7798754917667736,0.2957410365343094,0.0,0.2957410365343094,0.0
69.589828,"[426.0006103515625, 10.822150230407715, 0.0]","[445.8836975097656, 4.5, 0.0]",12.935517715477431,13.707150459289553,0.810840472094565,19.71547028574387,0.780719884064558,0.2936243265867233,0.0,0.2936243265867233,0.0
69.610334,"[426.2589416503906, 10.828142166137695, 0.0]","[446.1576843261719, 4.5, 0.0]",12.951745977682341,13.727313995361328,0.8114131102455069,19.731135369507832,0.7716327438121215,0.29381323605775833,0.0,0.29381323605775833,0.0
69.632257,"[426.517578125, 10.834141731262207, 0.0]","[446.4330749511719, 4.5, 0.0]",12.967985689194785,13.731858253479004,0.8119855756222094,19.746647729493652,0.775568017678987,0.2939947694540024,0.0,0.2939947694540024,0.0
69.650432,"[426.77655029296875, 10.84014892578125, 0.0]","[446.7065734863281, 4.5, 0.0]",12.984233035652192,13.749662399291992,0.8123673228703332,19.763258249946247,0.7638725642842186,0.29416581615805626,0.0,0.29416581615805626,0.0
69.670751,"[427.03582763671875, 10.846163749694824, 0.0]","[446.9809265136719, 4.5, 0.0]",13.0004651198217,13.754164695739748,0.8116042084753694,19.777641409336464,0.7654293636398002,0.293914508074522,0.0,0.293914508074522,0.0
69.692562,"[427.2954406738281, 10.852185249328613, 0.0]","[447.2601623535156, 4.5, 0.0]",13.016407207390362,13.772201538085938,0.7971043784331222,19.792573560500568,0.7536995759180485,0.28860289603471756,0.0,0.28860289603471756,0.0
69.709771,"[427.5553894042969, 10.858214378356934, 0.0]","[447.5310974121094, 4.5, 0.0]",13.03235692506634,13.77631950378418,0.7974858837989096,19.81205145326277,0.7557943306955757,0.2887774631381035,0.0,0.2887774631381035,0.0
69.730891,"[427.8156433105469, 10.864251136779785, 0.0]","[447.8127746582031, 4.5, 0.0]",13.04831427492291,13.792169570922852,0.7978674928285301,19.822895016878917,0.7439625787178397,0.2889111079275608,0.0,0.2889111079275608,0.0
69.755188,"[428.07623291015625, 10.870295524597168, 0.0]","[448.09002685546875, 4.5, 0.0]",13.064279265253154,13.794539451599121,0.7982495165121506,19.844172608740912,0.7438552959999409,0.28906844556331635,0.0,0.28906844556331635,0.0
69.771559,"[428.3371276855469, 10.876347541809082, 0.0]","[448.3599853515625, 4.5, 0.0]",13.080232811804612,13.81000804901123,0.7976773275728988,19.86068874202411,0.7302601863459675,0.28881413862109184,0.0,0.28881413862109184,0.0
69.79195,"[428.5983581542969, 10.882406234741211, 0.0]","[448.6403503417969, 4.5, 0.0]",13.095442291585675,13.812479019165039,0.7604739890531675,19.869610593452066,0.7297752372066189,0.2753910981118679,0.0,0.2753910981118679,0.0
69.811767,"[428.8598937988281, 10.888472557067871, 0.0]","[448.9180603027344, 4.5, 0.0]",13.110670848017207,13.827957153320312,0.7614278215766213,19.888600384445756,0.7170367275793641,0.27568140998482704,0.0,0.27568140998482704,0.0
69.832454,"[429.1217346191406, 10.894545555114746, 0.0]","[449.19580078125, 4.5, 0.0]",13.125907034556054,13.82851028442383,0.7618093269423198,19.904629678792368,0.7172863053031051,0.27585797011852264,0.0,0.27585797011852264,0.0
69.851622,"[429.3838806152344, 10.900626182556152, 0.0]","[449.4726867675781, 4.5, 0.0]",13.141154680077737,13.842378616333008,0.7623822760841392,19.920383320746865,0.7026032498677761,0.2760571613907814,0.0,0.2760571613907814,0.0
69.870921,"[429.6463317871094, 10.906713485717773, 0.0]","[449.7425842285156, 4.5, 0.0]",13.156390879056305,13.842728614807129,0.7618099489284269,19.934977427942616,0.7012239362552712,0.2758621796965599,0.0,0.2758621796965599,0.0
69.891417,"[429.9090881347656, 10.912808418273926, 0.0]","[450.0211486816406, 4.5, 0.0]",13.171638512138314,13.856639862060547,0.7623816541004302,19.942280553752735,0.6863377357508238,0.2760474942624569,0.0,0.2760474942624569,0.0
69.911479,"[430.1721496582031, 10.918910026550293, 0.0]","[450.2979736328125, 4.5, 0.0]",13.186290898714965,13.85700511932373,0.7326193288325733,19.957943070470794,0.6850013499222332,0.26529794558882713,0.0,0.26529794558882713,0.0
69.930652,"[430.4355163574219, 10.925019264221191, 0.0]","[450.57464599609375, 4.5, 0.0]",13.200954734599168,13.869455337524414,0.733191794210164,19.97155947119177,0.6707142206087653,0.26549452915787697,0.0,0.26549452915787697,0.0
69.950171,"[430.69915771484375, 10.931135177612305, 0.0]","[450.8583679199219, 4.5, 0.0]",13.215626197826289,13.8687162399292,0.733573161356027,19.984721720999918,0.6685006029252456,0.2656462974846363,0.0,0.2656462974846363,0.0
69.970878,"[430.9631042480469, 10.937257766723633, 0.0]","[451.1302185058594, 4.5, 0.0]",13.230282409132023,13.881064414978027,0.7328105652867123,20.00465322646208,0.6530900421029102,0.26536595076322556,0.0,0.26536595076322556,0.0
69.99359,"[431.22735595703125, 10.943387031555176, 0.0]","[451.40869140625, 4.5, 0.0]",13.243950347385702,13.880216598510744,0.6833969126839534,20.01241409212394,0.6507820058460041,0.24747895076870918,0.0,0.24747895076870918,0.0
70.012348,"[431.49188232421875, 10.949522972106934, 0.0]","[451.68365478515625, 4.5, 0.0]",13.257629728035942,13.8925199508667,0.6839690325119996,20.02648840443657,0.6362662511250416,0.24768004193902016,0.0,0.24768004193902016,0.0
70.031488,"[431.7566833496094, 10.955665588378906, 0.0]","[451.970458984375, 4.5, 0.0]",13.27130530192582,13.890803337097168,0.6837786944938529,20.036778477246937,0.6348902228307569,0.2475687861442566,0.0,0.2475687861442566,0.0
70.050953,"[432.0217590332031, 10.961813926696777, 0.0]","[452.24139404296875, 4.5, 0.0]",13.284988501085293,13.90214729309082,0.6841599579736624,20.05863328710852,0.6194980351713486,0.2477356232702732,0.0,0.2477356232702732,0.0
70.07083,"[432.287109375, 10.967968940734863, 0.0]","[452.51934814453125, 4.5, 0.0]",13.298664068064193,13.900277137756348,0.6837783489450189,20.064349429526597,0.6171587920055277,0.24757258594036102,0.0,0.24757258594036102,0.0
70.094094,"[432.552734375, 10.974130630493164, 0.0]","[452.79876708984375, 4.5, 0.0]",13.311603202526639,13.911767959594727,0.6469567231222939,20.076805219382216,0.6016130696921547,0.2342485636472702,0.0,0.2342485636472702,0.0
70.111505,"[432.8186340332031, 10.980298042297363, 0.0]","[453.0751953125, 4.5, 0.0]",13.324553785605591,13.91316032409668,0.6475291539476125,20.09045348956804,0.6001647570680877,0.2344643697142601,0.0,0.2344643697142601,0.0
70.129575,"[433.0848083496094, 10.986472129821777, 0.0]","[453.3531799316406, 4.5, 0.0]",13.337496728210626,13.917551040649414,0.6471471302517351,20.100835275605927,0.5886065384910886,0.2343009039759636,0.0,0.2343009039759636,0.0
70.151658,"[433.3512268066406, 10.99265193939209, 0.0]","[453.6344299316406, 4.5, 0.0]",13.350447296776261,13.92199420928955,0.6475284282817739,20.11250107695363,0.5800543124387882,0.23444067686796188,0.0,0.23444067686796188,0.0
70.17038,"[433.617919921875, 10.9988374710083, 0.0]","[453.9119873046875, 4.5, 0.0]",13.363394046141588,13.926379203796387,0.6473374682663291,20.12718532292735,0.5715469125132895,0.2344115450978279,0.0,0.2344115450978279,0.0
70.191402,"[433.8848571777344, 11.005029678344727, 0.0]","[454.1924743652344, 4.5, 0.0]",13.375398315538465,13.93080997467041,0.6002134698438688,20.137903217931743,0.5629851576547988,0.21732890978455544,0.0,0.21732890978455544,0.0
70.210974,"[434.15203857421875, 11.01122760772705, 0.0]","[454.4685974121094, 4.5, 0.0]",13.38741021642484,13.935193061828613,0.6005950443187302,20.151304854134498,0.5554116591319449,0.21749192848801613,0.0,0.21749192848801613,0.0
70.231088,"[434.4194641113281, 11.017431259155273, 0.0]","[454.74737548828125, 4.5, 0.0]",13.399425942731565,13.939789772033691,0.6007863153362436,20.160099440863718,0.5477828454037734,0.2175600826740265,0.0,0.2175600826740265,0.0
70.252132,"[434.6871337890625, 11.023640632629395, 0.0]","[455.02734375, 4.5, 0.0]",13.41144548892976,13.944405555725098,0.6009773099097337,20.17130599427965,0.5403638293021267,0.2176274172961712,0.0,0.2176274172961712,0.0
70.269502,"[434.9550476074219, 11.029855728149414, 0.0]","[455.30517578125, 4.5, 0.0]",13.423445950184194,13.948987007141113,0.6000230627217107,20.183456344734516,0.5329600667953382,0.21729949861764908,0.0,0.21729949861764908,0.0
70.292118,"[435.22320556640625, 11.036075592041016, 0.0]","[455.5852355957031, 4.5, 0.0]",13.43465274482431,13.953604698181152,0.5603397320058434,20.193226829820805,0.5255410569569197,0.20286384969949722,0.0,0.20286384969949722,0.0
70.311789,"[435.4916076660156, 11.042301177978516, 0.0]","[455.86334228515625, 4.5, 0.0]",13.445863356591449,13.958211898803714,0.5605305883569223,20.204981244698676,0.5189519533568419,0.20294571295380592,0.0,0.20294571295380592,0.0
70.331354,"[435.7602233886719, 11.048532485961914, 0.0]","[456.1506042480469, 4.5, 0.0]",13.457077781338887,13.96314525604248,0.5607212373718973,20.21453791833081,0.5123485422122656,0.20303571596741676,0.0,0.20303571596741676,0.0
70.349821,"[436.0290832519531, 11.054768562316895, 0.0]","[456.4226989746094, 4.5, 0.0]",13.468296004553043,13.967819213867188,0.5609111607077999,20.233036507378145,0.5060674747035936,0.20310917869210243,0.0,0.20310917869210243,0.0
70.371071,"[436.29815673828125, 11.061010360717773, 0.0]","[456.7073669433594, 4.5, 0.0]",13.479506579690819,13.972708702087402,0.5605287568887896,20.236127756860178,0.4995232093141446,0.20295687019824982,0.0,0.20295687019824982,0.0
70.392949,"[436.56744384765625, 11.067256927490234, 0.0]","[456.98809814453125, 4.5, 0.0]",13.490030326302808,13.977530479431152,0.5261873305994591,20.251572363171274,0.4932021223965837,0.19050506874918938,0.0,0.19050506874918938,0.0
70.411028,"[436.83697509765625, 11.073509216308594, 0.0]","[457.2607421875, 4.5, 0.0]",13.500561698875417,13.982280731201172,0.5265686286304749,20.26286851997189,0.4875001531283445,0.19064828753471375,0.0,0.19064828753471375,0.0
70.430814,"[437.106689453125, 11.079766273498535, 0.0]","[457.54791259765625, 4.5, 0.0]",13.511081620758295,13.98781967163086,0.525996094143899,20.26583736201829,0.4817190323257545,0.19046951085329056,0.0,0.19046951085329056,0.0
70.45157,"[437.3766174316406, 11.086028099060059, 0.0]","[457.8211669921875, 4.5, 0.0]",13.521605372899353,13.99308967590332,0.526187607052897,20.28314268442546,0.47673805087256405,0.19049964845180511,0.0,0.19049964845180511,0.0
70.470061,"[437.6467590332031, 11.092294692993164, 0.0]","[458.1000061035156, 4.5, 0.0]",13.532117696466191,13.998468399047852,0.5256161783418811,20.286321115707963,0.47148430300396704,0.19030338153243065,0.0,0.19030338153243065,0.0
70.491902,"[437.9171142578125, 11.098566055297852, 0.0]","[458.3869323730469, 4.5, 0.0]",13.54205383635598,14.004002571105959,0.49680699448941823,20.29487284528392,0.46635070258166067,0.1798759028315544,0.0,0.1798759028315544,0.0
70.512089,"[438.18768310546875, 11.104842185974121, 0.0]","[458.6669006347656, 4.5, 0.0]",13.551997610499715,14.009510040283203,0.49718870718677977,20.311293060710938,0.46194873474997955,0.18002459779381752,0.0,0.18002459779381752,0.0
70.531651,"[438.4584655761719, 11.111123085021973, 0.0]","[458.947998046875, 4.5, 0.0]",13.561945209372652,14.01905632019043,0.49737994364686955,20.320542519072117,0.4575124297834883,0.1800868846476078,0.0,0.1800868846476078,0.0
70.551981,"[438.72943115234375, 11.117408752441406, 0.0]","[459.2213134765625, 4.5, 0.0]",13.571896626063689,14.018427848815918,0.4975708345518193,20.330709974595404,0.45711111081777744,0.18015414476394653,0.0,0.18015414476394653,0.0
70.572412,"[439.0006103515625, 11.123699188232422, 0.0]","[459.50323486328125, 4.5, 0.0]",13.581840412647468,14.031326293945312,0.49718932918896286,20.332912486972656,0.44653122275222934,0.1800079084932804,0.0,0.1800079084932804,0.0
70.592357,"[439.27197265625, 11.129993438720703, 0.0]","[459.7857666015625, 4.5, 0.0]",13.591784201304613,14.030901908874512,0.4971894328572368,20.343506854246638,0.4494858812978446,0.1800287514925003,0.0,0.1800287514925003,0.0
70.611351,"[439.5435485839844, 11.136292457580566, 0.0]","[460.06402587890625, 4.5, 0.0]",13.601209055587118,14.043810844421387,0.471242714125264,20.354525428160848,0.4391177075698991,0.1706516183912754,0.0,0.1706516183912754,0.0
70.63201,"[439.8153076171875, 11.142596244812012, 0.0]","[460.34423828125, 4.5, 0.0]",13.610637720085466,14.044117927551271,0.4714332249173836,20.36106185091184,0.4426017888342688,0.17072360962629318,0.0,0.17072360962629318,0.0
70.651824,"[440.0872497558594, 11.148904800415039, 0.0]","[460.6255187988281, 4.5, 0.0]",13.620066397023995,14.05778694152832,0.4714338469264945,20.36936581299,0.43348020746580573,0.1707184687256813,0.0,0.1707184687256813,0.0
70.671631,"[440.359375, 11.155217170715332, 0.0]","[460.9068603515625, 4.5, 0.0]",13.629487428650659,14.058122634887695,0.4710515813331817,20.37855633158991,0.43772054450432485,0.17055094242095947,0.0,0.17055094242095947,0.0
70.693796,"[440.6317138671875, 11.161534309387207, 0.0]","[461.1918029785156, 4.5, 0.0]",13.638725308676127,14.071884155273438,0.46189400127341074,20.387622827164453,0.4286352062370362,0.16726680099964142,0.0,0.16726680099964142,0.0
70.711176,"[440.90423583984375, 11.167855262756348, 0.0]","[461.468017578125, 4.5, 0.0]",13.647970822955614,14.072196960449219,0.462275713974325,20.400075750588567,0.4331588465973102,0.16738273203372955,0.0,0.16738273203372955,0.0
70.732669,"[441.17694091796875, 11.17418098449707, 0.0]","[461.75762939453125, 4.5, 0.0]",13.657208698834383,14.087082862854004,0.4618937939384615,20.403621749798145,0.42422613749360494,0.16725491732358932,0.0,0.16725491732358932,0.0
70.753593,"[441.4498291015625, 11.180510520935059, 0.0]","[462.0395202636719, 4.5, 0.0]",13.666446574713163,14.08841323852539,0.46189379393899443,20.420377245773818,0.42987416401962086,0.16727570444345474,0.0,0.16727570444345474,0.0
70.771234,"[441.722900390625, 11.186844825744629, 0.0]","[462.31500244140625, 4.5, 0.0]",13.675676823249223,14.102897644042969,0.4615124268029902,20.429229773296615,0.4219666638122277,0.1671266369521618,0.0,0.1671266369521618,0.0
70.792114,"[441.99615478515625, 11.193182945251465, 0.0]","[462.5986328125, 4.5, 0.0]",13.684742989923194,14.104275703430176,0.4533083336985655,20.431494071918394,0.427220820793746,0.16410976648330688,0.0,0.16410976648330688,0.0
70.813335,"[442.26959228515625, 11.199525833129883, 0.0]","[462.8800048828125, 4.5, 0.0]",13.693812961974993,14.119017601013184,0.45349860258996344,20.441720274996342,0.41953271350698174,0.16418809071183205,0.0,0.16418809071183205,0.0
70.83201,"[442.543212890625, 11.205872535705566, 0.0]","[463.1603088378906, 4.5, 0.0]",13.702890580721121,14.121071815490724,0.45388093730638346,20.44950561781589,0.4252046390381903,0.1643403246998787,0.0,0.1643403246998787,0.0
70.85209,"[442.8170166015625, 11.212224006652832, 0.0]","[463.4454345703125, 4.5, 0.0]",13.711964384413651,14.136611938476562,0.45369018462650956,20.456039031595093,0.41818123476960345,0.1642550341784954,0.0,0.1642550341784954,0.0
70.872394,"[443.09100341796875, 11.218579292297363, 0.0]","[463.7334899902344, 4.5, 0.0]",13.721030551087654,14.138907432556152,0.4533083337001642,20.467210714668653,0.4246475540629113,0.16414830461144447,0.0,0.16414830461144447,0.0
70.893758,"[443.36517333984375, 11.224939346313477, 0.0]","[464.01422119140625, 4.5, 0.0]",13.729989875526424,14.154311180114746,0.44796622193850055,20.48112815265726,0.4178768814684979,0.16224123537540436,0.0,0.16224123537540436,0.0
70.912269,"[443.6395263671875, 11.231303215026855, 0.0]","[464.292724609375, 4.5, 0.0]",13.738956824543376,14.156351089477539,0.4483474508475638,20.487540174827508,0.4243213045883216,0.16237175092101097,0.0,0.16237175092101097,0.0
70.931813,"[443.9140625, 11.2376708984375, 0.0]","[464.5765686035156, 4.5, 0.0]",13.747919957124449,14.172224044799805,0.44815662905364206,20.491541868233277,0.4173942649341633,0.16229743137955666,0.0,0.16229743137955666,0.0
70.951874,"[444.18878173828125, 11.244043350219727, 0.0]","[464.85980224609375, 4.5, 0.0]",13.756886908214796,14.174739837646486,0.44834755451734765,20.50069955685399,0.4243040876753561,0.16237162053585052,0.0,0.16237162053585052,0.0
70.971507,"[444.4636535644531, 11.250419616699219, 0.0]","[465.1448669433594, 4.5, 0.0]",13.765846227124513,14.190652847290039,0.447965945485862,20.50906389125097,0.4178529294316906,0.16222385689616203,0.0,0.16222385689616203,0.0
70.993272,"[444.73870849609375, 11.256800651550293, 0.0]","[465.4291076660156, 4.5, 0.0]",13.774668176458732,14.193202018737793,0.4410974667109713,20.519106152582037,0.4248066201655263,0.15969814732670784,0.0,0.15969814732670784,0.0
71.011685,"[445.0139465332031, 11.263185501098633, 0.0]","[465.7106628417969, 4.5, 0.0]",13.783493942228832,14.209040641784668,0.4412882885049818,20.528141494093177,0.41853384227906076,0.15981925651431084,0.0,0.15981925651431084,0.0
71.032255,"[445.28936767578125, 11.269574165344238, 0.0]","[465.9974060058594, 4.5, 0.0]",13.792315894327578,14.215376853942871,0.44109760493729055,20.53430886627658,0.4255466995558361,0.15973461791872978,0.0,0.15973461791872978,0.0
71.052819,"[445.5649719238281, 11.27596664428711, 0.0]","[466.2875061035156, 4.5, 0.0]",13.801141672538044,14.2251615524292,0.44128891052332975,20.54547968682049,0.42306095961529344,0.15980560332536697,0.0,0.15980560332536697,0.0
71.072316,"[445.84075927734375, 11.282363891601562, 0.0]","[466.5709533691406, 4.5, 0.0]",13.809959823405825,14.234721183776855,0.44090754338901306,20.55982146142512,0.42401987989115497,0.15966497361660004,0.0,0.15966497361660004,0.0
71.093969,"[446.11669921875, 11.288764953613281, 0.0]","[466.8516540527344, 4.5, 0.0]",13.81877033587279,14.24418830871582,0.4405256233482646,20.567331923565835,0.42476136037103096,0.1595262810587883,0.0,0.1595262810587883,0.0
71.111788,"[446.392822265625, 11.295169830322266, 0.0]","[467.1340637207031, 4.5, 0.0]",13.827718205474858,14.253665924072266,0.4473934801033863,20.57194294099283,0.4254179728430305,0.16197610646486282,0.0,0.16197610646486282,0.0
71.133297,"[446.66912841796875, 11.301579475402832, 0.0]","[467.4217529296875, 4.5, 0.0]",13.836662264170116,14.262933731079102,0.4472029347629025,20.57807933849426,0.4259477185974081,0.16191978007555008,0.0,0.16191978007555008,0.0
71.15337,"[446.94561767578125, 11.307992935180664, 0.0]","[467.7049560546875, 4.5, 0.0]",13.845610139301256,14.27205753326416,0.44739375655700186,20.58931069033634,0.426271466908986,0.16200944781303406,0.0,0.16200944781303406,0.0
71.173239,"[447.2222900390625, 11.314410209655762, 0.0]","[467.9919738769531, 4.5, 0.0]",13.854550378796093,14.281304359436035,0.44701197474186216,20.59587401998239,0.42644739396290454,0.16188526526093483,0.0,0.16188526526093483,0.0
71.191218,"[447.4991149902344, 11.320832252502441, 0.0]","[468.2771911621094, 4.5, 0.0]",13.86348680392845,14.290492057800293,0.44682125661781313,20.60606787628742,0.4267539806399423,0.16175931319594383,0.0,0.16175931319594383,0.0
71.213052,"[447.776123046875, 11.327258110046387, 0.0]","[468.56390380859375, 4.5, 0.0]",13.872469015924395,14.299633026123047,0.4491105997972866,20.614309022280498,0.42700525387184385,0.16260672360658646,0.0,0.16260672360658646,0.0
71.231103,"[448.0533142089844, 11.333687782287598, 0.0]","[468.8488464355469, 4.5, 0.0]",13.881458860792108,14.307989120483402,0.44949224338566296,20.62386198275248,0.427164010198652,0.16276611015200615,0.0,0.16276611015200615,0.0
71.251053,"[448.3306884765625, 11.34012222290039, 0.0]","[469.135498046875, 4.5, 0.0]",13.890444894753013,14.316394805908203,0.449301698045268,20.631462255028787,0.4265302596912939,0.16268622130155563,0.0,0.16268622130155563,0.0
71.26992,"[448.6082458496094, 11.34656047821045, 0.0]","[469.4223937988281, 4.5, 0.0]",13.899427110895767,14.324807167053223,0.4491108071376537,20.64058788526326,0.42594991115518965,0.1626252569258213,0.0,0.1626252569258213,0.0
71.292629,"[448.885986328125, 11.35300350189209, 0.0]","[469.7114562988281, 4.5, 0.0]",13.908420774963906,14.333283424377441,0.44968320340696977,20.64977444577422,0.4253800561574561,0.16283482313156128,0.0,0.16283482313156128,0.0
71.312169,"[449.1639099121094, 11.359450340270996, 0.0]","[469.9964294433594, 4.5, 0.0]",13.917414436267503,14.341498374938965,0.4496830651798511,20.660944004805202,0.42486264941353546,0.16279589384794235,0.0,0.16279589384794235,0.0
71.330917,"[449.4420166015625, 11.365900993347168, 0.0]","[470.2852783203125, 4.5, 0.0]",13.926400472301827,14.348739624023438,0.4493018017162065,20.667840208506647,0.4240839386714619,0.16271235421299934,0.0,0.16271235421299934,0.0
71.351402,"[449.72027587890625, 11.372356414794922, 0.0]","[470.5724182128906, 4.5, 0.0]",13.935394130840882,14.35593605041504,0.4496829269527325,20.678431867516228,0.4223391517216104,0.1628042757511139,0.0,0.1628042757511139,0.0
71.37145,"[449.99871826171875, 11.378815650939941, 0.0]","[470.85784912109375, 4.5, 0.0]",13.94438015927271,14.363090515136719,0.449301421591386,20.687160389372444,0.4205419195741591,0.1627025194466114,0.0,0.1627025194466114,0.0
71.391599,"[450.27734375, 11.385278701782227, 0.0]","[471.14947509765625, 4.5, 0.0]",13.953263164669714,14.370400428771974,0.44415026985022976,20.69399724177456,0.4187103558640093,0.1608082838356495,0.0,0.1608082838356495,0.0
71.411839,"[450.55615234375, 11.391746520996094, 0.0]","[471.43548583984375, 4.5, 0.0]",13.96214998512033,14.377317428588867,0.4443410225308142,20.70684435175731,0.4171372641022604,0.16090106219053268,0.0,0.16090106219053268,0.0
71.429709,"[450.83514404296875, 11.398218154907227, 0.0]","[471.7189636230469, 4.5, 0.0]",13.971040619242288,14.382438659667969,0.4445317060978837,20.71389457070852,0.41516744346853685,0.16094455495476723,0.0,0.16094455495476723,0.0
71.450954,"[451.11431884765625, 11.404693603515625, 0.0]","[472.0147399902344, 4.5, 0.0]",13.979931254055382,14.391115188598633,0.4445317406546856,20.718229367194287,0.41139804042568073,0.1609465852379799,0.0,0.1609465852379799,0.0
71.471057,"[451.3936767578125, 11.411173820495605, 0.0]","[472.2978820800781, 4.5, 0.0]",13.988825704613225,14.389562606811527,0.4447225278921607,20.73467629541878,0.4111839345432511,0.16103612259030342,0.0,0.16103612259030342,0.0
71.491769,"[451.6731872558594, 11.417657852172852, 0.0]","[472.5905456542969, 4.5, 0.0]",13.997529369315872,14.401516914367676,0.4351832351323637,20.73830917732992,0.40073690219830205,0.15756769105792046,0.0,0.15756769105792046,0.0
71.512275,"[451.952880859375, 11.424145698547363, 0.0]","[472.8783264160156, 4.5, 0.0]",14.006233034709656,14.399799346923828,0.43518326968916554,20.751308347608642,0.40398754505180356,0.1575915329158306,0.0,0.1575915329158306,0.0
71.531832,"[452.2327575683594, 11.430638313293457, 0.0]","[473.16619873046875, 4.5, 0.0]",14.014936701485711,14.409862518310547,0.43518333880276927,20.759242873871063,0.3935663122141726,0.1575814001262188,0.0,0.1575814001262188,0.0
71.551663,"[452.5128173828125, 11.437134742736816, 0.0]","[473.4541931152344, 4.5, 0.0]",14.023640353747922,14.406590461730957,0.43518261311055184,20.76708674870445,0.39492581682483596,0.1575450785458088,0.0,0.1575450785458088,0.0
71.570988,"[452.79302978515625, 11.443634986877441, 0.0]","[473.7362976074219, 4.5, 0.0]",14.032328755471573,14.416585922241211,0.434420086182552,20.77486754180178,0.3829501079830351,0.15731623396277428,0.0,0.15731623396277428,0.0
71.592141,"[453.07342529296875, 11.450139045715332, 0.0]","[474.026611328125, 4.5, 0.0]",14.04043716883127,14.413341522216797,0.4054206679848349,20.776608378282205,0.38425716676963795,0.14681619592010975,0.0,0.14681619592010975,0.0
71.611856,"[453.35400390625, 11.456647872924805, 0.0]","[474.3148498535156, 4.5, 0.0]",14.048553210915925,14.423120498657227,0.4058021042327553,20.786373090815434,0.3729043533855272,0.1469348557293415,0.0,0.1469348557293415,0.0
71.631159,"[453.6347351074219, 11.463159561157227, 0.0]","[474.6012268066406, 4.5, 0.0]",14.056676882416678,14.417445182800295,0.40618357503765523,20.79387999932881,0.37456728774130177,0.14704608358442783,0.0,0.14704608358442783,0.0
71.65039,"[453.9156188964844, 11.469675064086914, 0.0]","[474.8901672363281, 4.5, 0.0]",14.06479675545105,14.425114631652832,0.405993651718628,20.799370247930806,0.36076830038361685,0.1469982974231243,0.0,0.1469982974231243,0.0
71.671287,"[454.1966857910156, 11.476194381713867, 0.0]","[475.1793518066406, 4.5, 0.0]",14.07290516673734,14.419448852539062,0.4054205643145181,20.80727560595228,0.3603178762017816,0.14677789062261581,0.0,0.14677789062261581,0.0
71.692307,"[454.4779052734375, 11.482717514038086, 0.0]","[475.46832275390625, 4.5, 0.0]",14.081013580788175,14.427118301391602,0.4054207025417256,20.815239910855592,0.3465436858017217,0.14677057974040508,0.0,0.14677057974040508,0.0
71.711771,"[454.75927734375, 11.48924446105957, 0.0]","[475.75665283203125, 4.5, 0.0]",14.088652674130971,14.421167373657227,0.3819546671397944,20.822836026096017,0.34610472060342623,0.13833189383149147,0.0,0.13833189383149147,0.0
71.730715,"[455.04083251953125, 11.49577522277832, 0.0]","[476.04583740234375, 4.5, 0.0]",14.096295576998305,14.426431655883789,0.3821451433666745,20.82964278673061,0.33251469952625534,0.13837608508765697,0.0,0.13837608508765697,0.0
71.750559,"[455.3225402832031, 11.502309799194336, 0.0]","[476.3314514160156, 4.5, 0.0]",14.103942304595204,14.418377876281738,0.38233637984497193,20.8371176801484,0.33013607888548435,0.13845927082002163,0.0,0.13845927082002163,0.0
71.769411,"[455.6044006347656, 11.508848190307617, 0.0]","[476.6195983886719, 4.5, 0.0]",14.111585216447395,14.4236478805542,0.3821455926095396,20.84087034011136,0.31443557168653413,0.13834195211529732,0.0,0.13834195211529732,0.0
71.792029,"[455.88641357421875, 11.515389442443848, 0.0]","[476.91094970703125, 4.5, 0.0]",14.11827419833252,14.415565490722656,0.3344490942562395,20.84700363866528,0.3120626641068043,0.12112325057387352,0.0,0.12112325057387352,0.0
71.811391,"[456.1685791015625, 11.521934509277344, 0.0]","[477.20489501953125, 4.5, 0.0]",14.124970808251467,14.42042064666748,0.33483049594735803,20.85618680909029,0.2972912923901365,0.12125379405915737,0.0,0.12125379405915737,0.0
71.830125,"[456.45086669921875, 11.528482437133789, 0.0]","[477.485107421875, 4.5, 0.0]",14.131675043439637,14.409669876098633,0.3352117594085158,20.867811638611368,0.2954498384160136,0.12140277773141861,0.0,0.12140277773141861,0.0
71.850811,"[456.7332763671875, 11.5350341796875, 0.0]","[477.78106689453125, 4.5, 0.0]",14.138383104739761,14.41202449798584,0.3354030650061901,20.865584147011322,0.2779948326589956,0.12144532985985279,0.0,0.12144532985985279,0.0
71.871418,"[457.0158386230469, 11.54158878326416, 0.0]","[478.068603515625, 4.5, 0.0]",14.145083533859287,14.401165962219238,0.3350214559763032,20.878979365801978,0.27364139324607883,0.12128548696637154,0.0,0.12128548696637154,0.0
71.891463,"[457.29852294921875, 11.54814624786377, 0.0]","[478.3572998046875, 4.5, 0.0]",14.150940680624556,14.403627395629883,0.2928573382634525,20.883799382148048,0.2560824283599512,0.10602012276649475,0.0,0.10602012276649475,0.0
71.91207,"[457.58135986328125, 11.554706573486328, 0.0]","[478.64520263671875, 4.5, 0.0]",14.15680165626646,14.392410278320312,0.29304878209517327,20.88965664895445,0.2526867150053267,0.10608588345348835,0.0,0.10608588345348835,0.0
71.931556,"[457.8642883300781, 11.561269760131836, 0.0]","[478.92578125, 4.5, 0.0]",14.162662629143828,14.39244556427002,0.2930486438684099,20.894568057151933,0.2356086220538529,0.1060914434492588,0.0,0.1060914434492588,0.0
71.952659,"[458.1473388671875, 11.567835807800293, 0.0]","[479.21771240234375, 4.5, 0.0]",14.168519787658816,14.382210731506351,0.2928579257494235,20.892066625353397,0.22978293512619175,0.10605094954371452,0.0,0.10605094954371452,0.0
71.970568,"[458.4305114746094, 11.5744047164917, 0.0]","[479.5019226074219, 4.5, 0.0]",14.174369318140164,14.37215805053711,0.29247652406736435,20.90079358136568,0.21369094384753495,0.10592547245323658,0.0,0.10592547245323658,0.0
71.990755,"[458.71380615234375, 11.580976486206055, 0.0]","[479.7907409667969, 4.5, 0.0]",14.180215030803371,14.37199878692627,0.2922856331603718,20.901677550994524,0.19778873239694583,0.10584812611341476,0.0,0.10584812611341476,0.0
72.011123,"[458.9972229003906, 11.58755111694336, 0.0]","[480.0787353515625, 4.5, 0.0]",14.184820622967042,14.358161926269531,0.23027960818353677,20.907046329911157,0.19178375612289855,0.08341656997799873,0.0,0.08341656997799873,0.0
72.031596,"[459.28076171875, 11.594128608703613, 0.0]","[480.3651123046875, 4.5, 0.0]",14.189437674114764,14.355046272277832,0.23085255738610755,20.911470258837014,0.17334130330248954,0.0836224015802145,0.0,0.0836224015802145,0.0
72.051195,"[459.56439208984375, 11.6007080078125, 0.0]","[480.6515808105469, 4.5, 0.0]",14.194062345693425,14.338590621948242,0.2312335789330433,20.914152058823102,0.16560859816306817,0.0837476085871458,0.0,0.0837476085871458,0.0
72.068973,"[459.8481140136719, 11.60728931427002, 0.0]","[480.93731689453125, 4.5, 0.0]",14.198683193924534,14.335495948791504,0.231042411555471,20.916838861183404,0.14452827625481746,0.08367280475795269,0.0,0.08367280475795269,0.0
72.09134,"[460.1319274902344, 11.613872528076172, 0.0]","[481.22589111328125, 4.5, 0.0]",14.203304034552826,14.318967819213867,0.23104203141457447,20.918702881117344,0.13681275486696975,0.08367475122213364,0.0,0.08367475122213364,0.0
72.11201,"[460.41583251953125, 11.620458602905273, 0.0]","[481.5140686035156, 4.5, 0.0]",14.206497784571022,14.315438270568848,0.15968750090982198,20.923308656834447,0.11566378466104155,0.05784263834357262,0.0,0.05784263834357262,0.0
72.130588,"[460.6998291015625, 11.627046585083008, 0.0]","[481.8033142089844, 4.5, 0.0]",14.209695339966535,14.296014785766605,0.1598777697756404,20.927429253633033,0.10894048599782558,0.05792600568383932,0.0,0.05792600568383932,0.0
72.151736,"[460.98388671875, 11.633636474609375, 0.0]","[482.0826721191406, 4.5, 0.0]",14.212892896053265,14.290363311767578,0.15987780433652787,20.932523067798993,0.08631944580007023,0.057920683175325394,0.0,0.057920683175325394,0.0
72.170902,"[461.26800537109375, 11.640227317810059, 0.0]","[482.3732604980469, 4.5, 0.0]",14.216086628101394,14.270879745483398,0.15968660240641697,20.927673825684433,0.07747041571431268,0.05779041908681393,0.0,0.05779041908681393,0.0
72.191844,"[461.55218505859375, 11.646820068359375, 0.0]","[482.6553039550781, 4.5, 0.0]",14.219280375355073,14.265109062194824,0.1596873626839468,20.933989978845833,0.05479311738200465,0.057803886011242867,0.0,0.057803886011242867,0.0
72.210695,"[461.83642578125, 11.653413772583008, 0.0]","[482.9399719238281, 4.5, 0.0]",14.221085216401418,14.245556831359863,0.09024205231726867,20.931698380783065,0.0458286868397515,0.032705110497772694,0.0,0.032705110497772694,0.0
72.230063,"[462.1207275390625, 11.660009384155273, 0.0]","[483.22247314453125, 4.5, 0.0]",14.222893882177571,14.236924171447754,0.09043328880764534,20.931972594796385,0.024471614958445187,0.032773048151284456,0.0,0.032773048151284456,0.0
72.251038,"[462.4050598144531, 11.666605949401855, 0.0]","[483.5083312988281, 4.5, 0.0]",14.224710160090796,14.214771270751955,0.09081389566123477,20.930019580549207,0.014030289270182905,0.032861148938536644,0.0,0.032861148938536644,0.0
72.270831,"[462.689453125, 11.673202514648438, 0.0]","[483.7935485839844, 4.5, 0.0]",14.226522610509607,14.2059907913208,0.09062252094054202,20.931394103946964,-0.009938889338840795,0.032781853806227446,0.0,0.032781853806227446,0.0
72.291086,"[462.973876953125, 11.679800033569336, 0.0]","[484.0783996582031, 4.5, 0.0]",14.228331259697976,14.183892250061035,0.09043245941846578,20.932062835014666,-0.020531819188805756,0.03271361347287893,0.0,0.03271361347287893,0.0
72.310175,"[463.2583312988281, 11.68639850616455, 0.0]","[484.360107421875, 4.5, 0.0]",14.228331252095263,14.175003051757812,-3.801356562860292e-07,20.93233900248787,-0.044439009636940696,0.0,4.341499106885749e-07,0.0,4.341499106885749e-07
72.332116,"[463.5428161621094, 11.692997932434082, 0.0]","[484.6442565917969, 4.5, 0.0]",14.228335061619616,14.150238990783691,0.0001904762176430097,20.929441154985824,-0.05332820033745023,7.353795353992609e-05,0.0,7.353795353992609e-05,0.0
72.352067,"[463.8273010253906, 11.699597358703613, 0.0]","[484.9267578125, 4.5, 0.0]",14.22833887805552,14.138916969299316,0.00019082179525398146,20.928950459251695,-0.07809607083592418,6.724355444021057e-05,0.0,6.724355444021057e-05,0.0
72.370385,"[464.1117858886719, 11.706196784973145, 0.0]","[485.2102355957031, 4.5, 0.0]",14.228338891878632,14.117528915405273,6.911555772148859e-07,20.926815324771088,-0.08942190875620426,1.9404679107992706e-06,0.0,1.9404679107992706e-06,0.0
72.390632,"[464.3962707519531, 11.712796211242676, 0.0]","[485.4928894042969, 4.5, 0.0]",14.224446869556097,14.099527359008789,-0.1946011161267691,20.925654442973403,-0.11080997647335877,0.0,0.011963658966124058,0.0,0.011963658966124058
72.413706,"[464.6807556152344, 11.719395637512207, 0.0]","[485.77557373046875, 4.5, 0.0]",14.220558660213706,14.081247329711914,-0.19441046711952126,20.92366980642844,-0.12491951054730777,0.0,0.011946780607104301,0.0,0.011946780607104301
72.430162,"[464.9651794433594, 11.725993156433105, 0.0]","[486.0531005859375, 4.5, 0.0]",14.21667045570946,14.061278343200684,-0.19441022521231588,20.921715677507482,-0.13931133050179234,0.0,0.01195480301976204,0.0,0.01195480301976204
72.451012,"[465.24951171875, 11.732588768005371, 0.0]","[486.3353271484375, 4.5, 0.0]",14.212759352589785,14.040968894958496,-0.19555515598375095,20.914666526278687,-0.1553921125087765,0.0,0.012021118775010109,0.0,0.012021118775010109
72.474058,"[465.5337829589844, 11.739182472229004, 0.0]","[486.6181640625, 4.5, 0.0]",14.208810088566818,14.020618438720703,-0.19746320114837346,20.91240841658622,-0.17179045763128897,0.0,0.01213996671140194,0.0,0.01213996671140194
72.490022,"[465.8179626464844, 11.74577522277832, 0.0]","[486.8960876464844, 4.5, 0.0]",14.20481120465653,14.000619888305664,-0.19994419551441212,20.910823614884475,-0.18819164984611447,0.0,0.012296253815293312,0.0,0.012296253815293312
72.510789,"[466.10205078125, 11.752366065979004, 0.0]","[487.17706298828125, 4.5, 0.0]",14.196752393213902,13.9801607131958,-0.4029405721313495,20.904417328600985,-0.2041913163508653,0.0,0.024768050760030746,0.0,0.024768050760030746
72.530299,"[466.3860778808594, 11.758955001831055, 0.0]","[487.4566345214844, 4.5, 0.0]",14.188655418794486,13.957883834838867,-0.4048487209708185,20.901152522887077,-0.21659168001810158,0.0,0.02488369308412075,0.0,0.02488369308412075
72.551923,"[466.669921875, 11.76554012298584, 0.0]","[487.7347717285156, 4.5, 0.0]",14.180524093687254,13.935720443725586,-0.40656625536161783,20.896544317716348,-0.2307715839556188,0.0,0.02499270997941494,0.0,0.02499270997941494
72.572213,"[466.95361328125, 11.77212142944336, 0.0]","[488.01446533203125, 4.5, 0.0]",14.172305008524287,13.913434028625488,-0.41095425814834385,20.890687379623326,-0.2448036499616677,0.0,0.025264741852879524,0.0,0.025264741852879524
72.590901,"[467.2371520996094, 11.778698921203613, 0.0]","[488.29315185546875, 4.5, 0.0]",14.164028679587394,13.891228675842285,-0.41381644684461705,20.886538023339227,-0.2588709798987985,0.0,0.02543523721396923,0.0,0.02543523721396923
72.611559,"[467.5205078125, 11.785272598266602, 0.0]","[488.57086181640625, 4.5, 0.0]",14.152062548285487,13.868867874145508,-0.5983065650953634,20.88153656111268,-0.27280000374510927,0.0,0.03678329661488533,0.0,0.03678329661488533
72.630379,"[467.8037109375, 11.791842460632324, 0.0]","[488.8465881347656, 4.5, 0.0]",14.140046832345316,13.844919204711914,-0.6007857970085517,20.875738842645017,-0.28319467413997934,0.0,0.03693697974085808,0.0,0.03693697974085808
72.654785,"[468.086669921875, 11.798406600952148, 0.0]","[489.12774658203125, 4.5, 0.0]",14.127889915188295,13.82049560546875,-0.6078458578510748,20.86811272008732,-0.29512762763340206,0.0,0.0373714305460453,0.0,0.0373714305460453
72.670882,"[468.369384765625, 11.804965019226074, 0.0]","[489.3983154296875, 4.5, 0.0]",14.115641420157342,13.79699420928955,-0.6124247515476355,20.866160438307066,-0.3073943097195446,0.0,0.037655945867300034,0.0,0.037655945867300034
72.690644,"[468.65185546875, 11.811517715454102, 0.0]","[489.6769104003906, 4.5, 0.0]",14.100824932365645,13.772794723510742,-0.7408243895848265,20.853867687408023,-0.31864721086779113,0.0,0.04554431885480881,0.0,0.04554431885480881
72.709969,"[468.93408203125, 11.81806468963623, 0.0]","[489.9507141113281, 4.5, 0.0]",14.085878720310909,13.748830795288086,-0.7473106027368281,20.84984311205637,-0.3280302088549032,0.0,0.04593932628631592,0.0,0.04593932628631592
72.730477,"[469.2160339355469, 11.824604988098145, 0.0]","[490.2306213378906, 4.5, 0.0]",14.070776064794936,13.722867965698242,-0.7551327757986392,20.84127069835784,-0.3370479250228229,0.0,0.04641925171017647,0.0,0.04641925171017647
72.751115,"[469.4976806640625, 11.831138610839844, 0.0]","[490.4994201660156, 4.5, 0.0]",14.055516968582278,13.697936058044435,-0.7629548106328876,20.839075937947857,-0.34790809909669385,0.0,0.0469098836183548,0.0,0.0469098836183548
72.77077,"[469.7790222167969, 11.837664604187012, 0.0]","[490.7727966308594, 4.5, 0.0]",14.04012815501781,13.672576904296875,-0.7694406782234431,20.82607685355387,-0.3575809105378429,0.0,0.047307755798101425,0.0,0.047307755798101425
72.792109,"[470.06005859375, 11.844183921813965, 0.0]","[491.05438232421875, 4.5, 0.0]",14.021515061329927,13.64979076385498,-0.9306546843941277,20.817960482013117,-0.3675512507209344,0.0,0.05721880495548248,0.0,0.05721880495548248
72.811419,"[470.3407897949219, 11.850695610046387, 0.0]","[491.32098388671875, 4.5, 0.0]",14.002806569185324,13.618202209472656,-0.9354246072301287,20.818358461244635,-0.3717242974749464,0.0,0.05750580132007599,0.0,0.05750580132007599
72.830359,"[470.62115478515625, 11.857198715209961, 0.0]","[491.5913391113281, 4.5, 0.0]",13.983865297950224,13.59815502166748,-0.9470635617550016,20.804085783509528,-0.38460435971266804,0.0,0.05822236090898514,0.0,0.05822236090898514
72.851057,"[470.901123046875, 11.863693237304688, 0.0]","[491.8629150390625, 4.5, 0.0]",13.964744687403092,13.564653396606445,-0.9560305273565994,20.79392685570482,-0.3857102762827438,0.0,0.058773357421159744,0.0,0.058773357421159744
72.87031,"[471.18072509765625, 11.870179176330566, 0.0]","[492.13433837890625, 4.5, 0.0]",13.945486715574123,13.544500350952148,-0.9628985914484467,20.785387211927976,-0.40009129079664696,0.0,0.059190783649683,0.0,0.059190783649683
72.891863,"[471.4599304199219, 11.876656532287598, 0.0]","[492.410888671875, 4.5, 0.0]",13.926026512729143,13.510506629943848,-0.97301014224902,20.777060288629794,-0.4009863646219749,0.0,0.05981643125414848,0.0,0.05981643125414848
72.911802,"[471.73876953125, 11.883124351501465, 0.0]","[492.676513671875, 4.5, 0.0]",13.904295965948037,13.49073314666748,-1.0865273390552765,20.77425471381331,-0.4155198827852953,0.0,0.06679770350456238,0.0,0.06679770350456238
72.931391,"[472.0172119140625, 11.889583587646484, 0.0]","[492.9439697265625, 4.5, 0.0]",13.882454761878067,13.455971717834473,-1.0920602034985016,20.760895211219637,-0.41356281928055694,0.0,0.06713249534368515,0.0,0.06713249534368515
72.951155,"[472.29522705078125, 11.896032333374023, 0.0]","[493.2181091308594, 4.5, 0.0]",13.860354102370103,13.433844566345215,-1.1050329753982346,20.749760996712237,-0.4264830440435947,0.0,0.06792936474084854,0.0,0.06792936474084854
72.970314,"[472.57281494140625, 11.902471542358398, 0.0]","[493.48223876953125, 4.5, 0.0]",13.83812371168749,13.399432182312012,-1.1115195341306006,20.745736756391942,-0.42650953602488784,0.0,0.06832988560199738,0.0,0.06832988560199738
72.991989,"[472.8499450683594, 11.908900260925293, 0.0]","[493.7509765625, 4.5, 0.0]",13.815687276317542,13.377873420715332,-1.121821768497444,20.732130694801004,-0.43869152937547895,0.0,0.06896822154521942,0.0,0.06896822154521942
73.009808,"[473.12664794921875, 11.915318489074707, 0.0]","[494.0187072753906, 4.5, 0.0]",13.79175508006408,13.34288215637207,-1.1966098126730884,20.723589428719244,-0.43781385560220976,0.0,0.0735602006316185,0.0,0.0735602006316185
73.029357,"[473.40289306640625, 11.92172622680664, 0.0]","[494.2879333496094, 4.5, 0.0]",13.767624458172286,13.31954574584961,-1.2065310945897245,20.71447187955091,-0.4488729236920097,0.0,0.07417074590921402,0.0,0.07417074590921402
73.052207,"[473.67864990234375, 11.928123474121094, 0.0]","[494.5510559082031, 4.5, 0.0]",13.743283971010433,13.283549308776855,-1.2170243580926332,20.70730822752663,-0.44807871232267615,0.0,0.07481779158115387,0.0,0.07481779158115387
73.070224,"[473.95391845703125, 11.93450927734375, 0.0]","[494.8145751953125, 4.5, 0.0]",13.718725973266157,13.260847091674805,-1.2278998872138125,20.69452793795226,-0.4597346622335774,0.0,0.07548707723617554,0.0,0.07548707723617554
73.092145,"[474.22869873046875, 11.94088363647461, 0.0]","[495.0868225097656, 4.5, 0.0]",13.693961934981402,13.223836898803713,-1.2382019142377132,20.682633738014342,-0.4578788815913519,0.0,0.07611797004938126,0.0,0.07611797004938126
73.113166,"[474.50299072265625, 11.947246551513672, 0.0]","[495.34619140625, 4.5, 0.0]",13.667373981764644,13.201443672180176,-1.3293976608379054,20.67995257843831,-0.47012503617768964,0.0,0.08172444999217987,0.0,0.08172444999217987
73.130732,"[474.77679443359375, 11.953598022460938, 0.0]","[495.6065368652344, 4.5, 0.0]",13.64059140828707,13.164433479309082,-1.3391286738786867,20.664885933953446,-0.46593030958446846,0.0,0.08233164250850677,0.0,0.08233164250850677
73.152068,"[475.0500793457031, 11.95993709564209, 0.0]","[495.8763122558594, 4.5, 0.0]",13.613671476292236,13.13966178894043,-1.3459965997417278,20.651284004652783,-0.4761579289779885,0.0,0.0827517956495285,0.0,0.0827517956495285
73.172357,"[475.32281494140625, 11.966263771057129, 0.0]","[496.1347961425781, 4.5, 0.0]",13.586598910360568,13.10287094116211,-1.353628296583409,20.647631589841563,-0.47400968735180626,0.0,0.08322297781705856,0.0,0.08322297781705856
73.191689,"[475.5950012207031, 11.972578048706055, 0.0]","[496.3969421386719, 4.5, 0.0]",13.558583850637794,13.078987121582031,-1.4007529861387091,20.633236994335302,-0.4837279691984584,0.0,0.08611054718494415,0.0,0.08611054718494415
73.211854,"[475.8666687011719, 11.978879928588867, 0.0]","[496.6592102050781, 4.5, 0.0]",13.53032840383382,13.041569709777832,-1.4127723401986536,20.623054038512514,-0.47959672905576234,0.0,0.08685307949781418,0.0,0.08685307949781418
73.230044,"[476.13775634765625, 11.98516845703125, 0.0]","[496.92266845703125, 4.5, 0.0]",13.501832564419525,13.015947341918945,-1.4247919707147894,20.613511008794895,-0.4887586940559885,0.0,0.08759402483701706,0.0,0.08759402483701706
73.252186,"[476.4082946777344, 11.991443634033203, 0.0]","[497.17724609375, 4.5, 0.0]",13.473100161962394,12.97807502746582,-1.4366201228565245,20.605736771588287,-0.4858852225005794,0.0,0.08832354843616486,0.0,0.08832354843616486
73.270152,"[476.6782531738281, 11.997706413269043, 0.0]","[497.4361267089844, 4.5, 0.0]",13.44421130567691,12.953012466430664,-1.4444428142741828,20.58963378418366,-0.4950251344965739,0.0,0.08880333602428436,0.0,0.08880333602428436
73.290464,"[476.9476318359375, 12.003955841064453, 0.0]","[497.6971740722656, 4.5, 0.0]",13.414040368140432,12.914350509643555,-1.5085468768239352,20.57841683086607,-0.4911988392462465,0.0,0.09273845702409744,0.0,0.09273845702409744
73.310226,"[477.2164306640625, 12.010191917419434, 0.0]","[497.9555969238281, 4.5, 0.0]",13.383632864796521,12.889226913452148,-1.5203751671955423,20.569941783305833,-0.4996898584968772,0.0,0.09346345067024231,0.0,0.09346345067024231
73.329122,"[477.4846496582031, 12.016413688659668, 0.0]","[498.21026611328125, 4.5, 0.0]",13.352988790807228,12.853693008422852,-1.5322036994646737,20.559425043549787,-0.4944059513443726,0.0,0.09419836103916168,0.0,0.09419836103916168
73.351973,"[477.75225830078125, 12.022621154785156, 0.0]","[498.4709777832031, 4.5, 0.0]",13.322199725428803,12.820728302001955,-1.5394532689212426,20.545731404126442,-0.499295782384376,0.0,0.094639353454113,0.0,0.094639353454113
73.370477,"[478.0192565917969, 12.028814315795898, 0.0]","[498.72357177734375, 4.5, 0.0]",13.291078697859684,12.788787841796875,-1.5560513784559582,20.538695526932756,-0.5014714234268478,0.0,0.09566158801317215,0.0,0.09566158801317215
73.39131,"[478.2856140136719, 12.034993171691895, 0.0]","[498.98089599609375, 4.5, 0.0]",13.259412007042107,12.75624942779541,-1.5833345408788446,20.52414721765906,-0.5022908560628085,0.0,0.09734348207712173,0.0,0.09734348207712173
73.411587,"[478.5513610839844, 12.041157722473145, 0.0]","[499.2415466308594, 4.5, 0.0]",13.227520193504539,12.72318172454834,-1.5945906768783935,20.51497421797386,-0.5031625792466965,0.0,0.09803468734025955,0.0,0.09803468734025955
73.431168,"[478.81646728515625, 12.047307968139648, 0.0]","[499.4891662597656, 4.5, 0.0]",13.195391799645696,12.691075325012209,-1.6064196929421293,20.509736192666043,-0.5043384689561989,0.0,0.09875500947237015,0.0,0.09875500947237015
73.450833,"[479.0809326171875, 12.05344295501709, 0.0]","[499.7427978515625, 4.5, 0.0]",13.163038266479614,12.65819263458252,-1.6176766583041235,20.492113831705844,-0.5043164746334874,0.0,0.09944550693035126,0.0,0.09944550693035126
73.470621,"[479.3447570800781, 12.059562683105469, 0.0]","[499.9952697753906, 4.5, 0.0]",13.13054737341392,12.625459671020508,-1.6245446532846763,20.481140731881997,-0.5048456318970942,0.0,0.09987694770097733,0.0,0.09987694770097733
73.492274,"[479.6079406738281, 12.065668106079102, 0.0]","[500.2498779296875, 4.5, 0.0]",13.097819909011713,12.592449188232422,-1.6363732201103431,20.46964825649659,-0.5050877023934124,0.0,0.10060299187898636,0.0,0.10060299187898636
73.510075,"[479.8704833984375, 12.071758270263672, 0.0]","[500.5010681152344, 4.5, 0.0]",13.064687980504017,12.559758186340332,-1.6565964253848264,20.460934605833536,-0.5053707207792915,0.0,0.10184410214424133,0.0,0.10184410214424133
73.530929,"[480.1323547363281, 12.07783317565918, 0.0]","[500.74932861328125, 4.5, 0.0]",13.031315654548056,12.526548385620117,-1.6686162977980423,20.44944388616345,-0.5049297941636848,0.0,0.10257897526025772,0.0,0.10257897526025772
73.551566,"[480.3935852050781, 12.083892822265625, 0.0]","[500.9985656738281, 4.5, 0.0]",12.997706762784633,12.493205070495607,-1.6804445881711594,20.43569582690622,-0.5047672689279388,0.0,0.1033082827925682,0.0,0.1033082827925682
73.572148,"[480.6541442871094, 12.089937210083008, 0.0]","[501.2497863769531, 4.5, 0.0]",12.964055893682174,12.45959758758545,-1.6825434551229534,20.423565118164195,-0.5045016922890255,0.0,0.10344384610652924,0.0,0.10344384610652924
73.591537,"[480.9140319824219, 12.095965385437012, 0.0]","[501.4997253417969, 4.5, 0.0]",12.930153187499663,12.426159858703613,-1.6951353091255505,20.414090152536016,-0.5044583060967245,0.0,0.10420943051576614,0.0,0.10420943051576614
73.612083,"[481.1732482910156, 12.101978302001953, 0.0]","[501.7483215332031, 4.5, 0.0]",12.896025359979397,12.392853736877441,-1.706391376013272,20.404002152726807,-0.5039933287960494,0.0,0.10490716993808746,0.0,0.10490716993808746
73.631045,"[481.4317932128906, 12.107975006103516, 0.0]","[501.9939270019531, 4.5, 0.0]",12.86156936735259,12.359552383422852,-1.7227996313403438,20.393247599654348,-0.5031716231019558,0.0,0.1059098094701767,0.0,0.1059098094701767
73.650869,"[481.68963623046875, 12.113956451416016, 0.0]","[502.2410583496094, 4.5, 0.0]",12.826892072588436,12.326044082641602,-1.7338647382077355,20.380172560838794,-0.5020169839297388,0.0,0.10659895092248917,0.0,0.10659895092248917
73.670244,"[481.9468078613281, 12.119921684265137, 0.0]","[502.488037109375, 4.5, 0.0]",12.792176618994525,12.292556762695314,-1.7357726796955575,20.369325059960993,-0.5008479899468341,0.0,0.10670832544565201,0.0,0.10670832544565201
73.691174,"[482.2032775878906, 12.125870704650879, 0.0]","[502.73675537109375, 4.5, 0.0]",12.757304724703815,12.258831024169924,-1.7435947145354902,20.358995516550003,-0.49961985629921024,0.0,0.10719616711139679,0.0,0.10719616711139679
73.71116,"[482.45904541015625, 12.131803512573242, 0.0]","[502.97906494140625, 4.5, 0.0]",12.722188610308804,12.225950241088867,-1.7558057197505583,20.351109254413895,-0.49847370053389106,0.0,0.1079476997256279,0.0,0.1079476997256279
73.731011,"[482.714111328125, 12.137720108032227, 0.0]","[503.2265625, 4.5, 0.0]",12.686839749997832,12.19213390350342,-1.7674430155485865,20.337515958736525,-0.49623836921993636,0.0,0.10865338146686554,0.0,0.10865338146686554
73.750191,"[482.9684753417969, 12.143620491027832, 0.0]","[503.4672546386719, 4.5, 0.0]",12.651261932561578,12.162582397460938,-1.7788908718126883,20.329814586379417,-0.49470584649441207,0.0,0.10936300456523895,0.0,0.10936300456523895
73.771021,"[483.2221374511719, 12.149504661560059, 0.0]","[503.7132873535156, 4.5, 0.0]",12.615550567514765,12.122301101684572,-1.7855682523406635,20.316009557121433,-0.48867953510064055,0.0,0.10976968705654144,0.0,0.10976968705654144
73.793004,"[483.47509765625, 12.155372619628906, 0.0]","[503.95550537109375, 4.5, 0.0]",12.579591178368148,12.095877647399902,-1.7979694573308613,20.308244677710793,-0.4932494658301927,0.0,0.11052976548671722,0.0,0.11052976548671722
73.811647,"[483.72735595703125, 12.161223411560059, 0.0]","[504.1942138671875, 4.5, 0.0]",12.54408586215556,12.05656623840332,-1.7752658106293673,20.297370381611405,-0.4837135309682452,0.0,0.1091407984495163,0.0,0.1091407984495163
73.830681,"[483.9788818359375, 12.167057991027832, 0.0]","[504.4332580566406, 4.5, 0.0]",12.508363048492296,12.03032398223877,-1.7861406831632287,20.28368853986404,-0.4875196237522399,0.0,0.10981057584285736,0.0,0.10981057584285736
73.850999,"[484.2297058105469, 12.172876358032227, 0.0]","[504.6739501953125, 4.5, 0.0]",12.472396019562757,11.990518569946289,-1.7983514464769534,20.271075985892484,-0.4780390662535261,0.0,0.11055867373943329,0.0,0.11055867373943329
73.872139,"[484.47979736328125, 12.178677558898926, 0.0]","[504.9192810058594, 4.5, 0.0]",12.436287822591115,11.963409423828125,-1.8054098485820624,20.260810861827505,-0.4818774496164675,0.0,0.1109880805015564,0.0,0.1109880805015564
73.892049,"[484.72918701171875, 12.184462547302246, 0.0]","[505.15814208984375, 4.5, 0.0]",12.399931601519679,11.92385482788086,-1.8178110535718162,20.25591686897554,-0.4728783987629903,0.0,0.11175557971000671,0.0,0.11175557971000671
73.911923,"[484.97784423828125, 12.190230369567871, 0.0]","[505.3973083496094, 4.5, 0.0]",12.363663141886358,11.897642135620117,-1.8134229816660685,20.245260239129426,-0.4760767736388196,0.0,0.11147940158843994,0.0,0.11147940158843994
73.931169,"[485.22576904296875, 12.1959810256958, 0.0]","[505.6341552734375, 4.5, 0.0]",12.327161930116803,11.858717918395996,-1.8250605884777116,20.235635896443824,-0.46602100626624043,0.0,0.11219606548547745,0.0,0.11219606548547745
73.952418,"[485.47296142578125, 12.201715469360352, 0.0]","[505.8696594238281, 4.5, 0.0]",12.290439412754138,11.83331298828125,-1.836125868133287,20.22442546160013,-0.4684440117208073,0.0,0.11287993937730789,0.0,0.11287993937730789
73.970112,"[485.7194519042969, 12.207432746887207, 0.0]","[506.1023864746094, 4.5, 0.0]",12.2536024161378,11.79494857788086,-1.8418498308168552,20.212610653660665,-0.45712642447288765,0.0,0.11323050409555435,0.0,0.11323050409555435
73.990935,"[485.9651794433594, 12.213132858276367, 0.0]","[506.3440246582031, 4.5, 0.0]",12.216628052710506,11.768704414367676,-1.848718171364716,20.1987172550058,-0.45865383825694117,0.0,0.11366041004657745,0.0,0.11366041004657745
74.01185,"[486.2101745605469, 12.218815803527832, 0.0]","[506.57952880859375, 4.5, 0.0]",12.180546541763,11.730043411254883,-1.8040755473752945,20.194498992783902,-0.44792363834283044,0.0,0.11090903729200363,0.0,0.11090903729200363
74.031644,"[486.4544372558594, 12.224481582641602, 0.0]","[506.8112487792969, 4.5, 0.0]",12.144243727295807,11.705718040466309,-1.815140723359665,20.184878791967733,-0.4505031305081175,0.0,0.11159271001815796,0.0,0.11159271001815796
74.052055,"[486.6979675292969, 12.230131149291992, 0.0]","[507.04095458984375, 4.5, 0.0]",12.107731037883065,11.668325424194336,-1.8256344706371053,20.172210234415015,-0.43852568682949844,0.0,0.11223702132701874,0.0,0.11223702132701874
74.070972,"[486.9407958984375, 12.235763549804688, 0.0]","[507.2751770019531, 4.5, 0.0]",12.07111915016475,11.643662452697754,-1.8305943859157736,20.158256294589297,-0.439405613688729,0.0,0.11254388093948364,0.0,0.11254388093948364
74.093436,"[487.1828918457031, 12.241378784179688, 0.0]","[507.508544921875, 4.5, 0.0]",12.03430121914116,11.605778694152834,-1.840896551179494,20.14952422284958,-0.42745669746699555,0.0,0.11317814141511917,0.0,0.11317814141511917
74.110528,"[487.42425537109375, 12.246976852416992, 0.0]","[507.7392272949219, 4.5, 0.0]",11.998219728236268,11.581704139709473,-1.8040745452445606,20.14066832795964,-0.42852252498832577,0.0,0.11091160029172897,0.0,0.11091160029172897
74.130581,"[487.6648864746094, 12.252558708190918, 0.0]","[507.9697570800781, 4.5, 0.0]",11.961962717910701,11.545193672180176,-1.8128505162783526,20.129860231365477,-0.4165155885267957,0.0,0.11144863814115524,0.0,0.11144863814115524
74.151236,"[487.90478515625, 12.258123397827148, 0.0]","[508.2013854980469, 4.5, 0.0]",11.925568347685246,11.521876335144043,-1.819718511272761,20.119632188790007,-0.41676904573052553,0.0,0.11187262833118439,0.0,0.11187262833118439
74.170668,"[488.1439514160156, 12.263670921325684, 0.0]","[508.4302062988281, 4.5, 0.0]",11.888987023244763,11.485590934753418,-1.8290662220241671,20.11123291567685,-0.4036920125412031,0.0,0.11244434118270874,0.0,0.11244434118270874
74.190396,"[488.38238525390625, 12.26920223236084, 0.0]","[508.6619567871094, 4.5, 0.0]",11.852195833534259,11.462257385253906,-1.8395594855252106,20.100759400545652,-0.4033960884913448,0.0,0.11309715360403061,0.0,0.11309715360403061
74.210117,"[488.6200866699219, 12.2747163772583, 0.0]","[508.891357421875, 4.5, 0.0]",11.81701487013883,11.426036834716797,-1.7590481697713933,20.093953964329284,-0.3899384482803523,0.0,0.10813890397548676,0.0,0.10813890397548676
74.230984,"[488.8570556640625, 12.280213356018066, 0.0]","[509.1175537109375, 4.5, 0.0]",11.781559168974857,11.404643058776855,-1.7727850581986893,20.085525349691803,-0.3909780354220338,0.0,0.10899094492197037,0.0,0.10899094492197037
74.251588,"[489.09332275390625, 12.285694122314453, 0.0]","[509.34564208984375, 4.5, 0.0]",11.745912677809022,11.37301254272461,-1.782324558291748,20.074628067803147,-0.3769161101980014,0.0,0.10957085341215134,0.0,0.10957085341215134
74.274665,"[489.3288879394531, 12.291158676147461, 0.0]","[509.5765380859375, 4.5, 0.0]",11.710186035270251,11.344367027282715,-1.7863321269385501,20.066325557429614,-0.37290013508441255,0.0,0.10981669276952744,0.0,0.10981669276952744
74.292844,"[489.5637512207031, 12.296606063842773, 0.0]","[509.7996826171875, 4.5, 0.0]",11.674344918315818,11.316686630249023,-1.792055847721663,20.061534201548092,-0.3658190079875361,0.0,0.11016915738582611,0.0,0.11016915738582611
74.311527,"[489.7978820800781, 12.302037239074707, 0.0]","[510.0263977050781, 4.5, 0.0]",11.639877461868776,11.28874683380127,-1.723372822352065,20.049693382296656,-0.3576582880667942,0.0,0.105950728058815,0.0,0.105950728058815
74.330487,"[490.03131103515625, 12.307451248168945, 0.0]","[510.255126953125, 4.5, 0.0]",11.605219229933104,11.262063980102539,-1.7329115967836373,20.042152559640986,-0.35113062806750683,0.0,0.10653365403413773,0.0,0.10653365403413773
74.349886,"[490.2640380859375, 12.312849998474121, 0.0]","[510.4808349609375, 4.5, 0.0]",11.570377829809845,11.235732078552246,-1.7420700061629546,20.037330773112267,-0.34315524983056456,0.0,0.10709700733423233,0.0,0.10709700733423233
74.369963,"[490.49609375, 12.318232536315918, 0.0]","[510.70086669921875, 4.5, 0.0]",11.535467753192187,11.210064888000488,-1.7455038308828996,20.03018952846947,-0.33464575125759843,0.0,0.10731283575296402,0.0,0.10731283575296402
74.390419,"[490.7274475097656, 12.323598861694336, 0.0]","[510.9268798828125, 4.5, 0.0]",11.500382153698396,11.183695793151855,-1.75427997468951,20.018042917803445,-0.32540286519169825,0.0,0.10784883052110672,0.0,0.10784883052110672
74.410904,"[490.9580993652344, 12.328948974609375, 0.0]","[511.1524353027344, 4.5, 0.0]",11.467002178976331,11.15757751464844,-1.6689987361032443,20.012580441895057,-0.31668636054654087,0.0,0.10260428488254547,0.0,0.10260428488254547
74.431065,"[491.18804931640625, 12.334282875061035, 0.0]","[511.3721923828125, 4.5, 0.0]",11.43345812653915,11.133427619934082,-1.677202621859042,20.007362418305377,-0.3094246643278922,0.0,0.10311009734869003,0.0,0.10311009734869003
74.450377,"[491.4173278808594, 12.339601516723633, 0.0]","[511.59429931640625, 4.5, 0.0]",11.399814850917082,11.109024047851562,-1.6821637811034407,19.997049706894487,-0.3000305066050686,0.0,0.10342035442590714,0.0,0.10342035442590714
74.469502,"[491.64593505859375, 12.344903945922852, 0.0]","[511.8166809082031, 4.5, 0.0]",11.366083822841162,11.084587097167969,-1.6865514037959883,19.989757778525785,-0.2907908030655193,0.0,0.10367916524410248,0.0,0.10367916524410248
74.490312,"[491.8738708496094, 12.350191116333008, 0.0]","[512.039306640625, 4.5, 0.0]",11.33221924369928,11.060123443603516,-1.6932289570941172,19.983413124625162,-0.2814967256731933,0.0,0.104092076420784,0.0,0.104092076420784
74.510838,"[492.10113525390625, 12.355462074279785, 0.0]","[512.2599487304688, 4.5, 0.0]",11.300365546144853,11.036107063293457,-1.5926848777213287,19.977983001170394,-0.27209580009576406,0.0,0.09791535139083862,0.0,0.09791535139083862
74.529914,"[492.3277282714844, 12.3607177734375, 0.0]","[512.4786376953125, 4.5, 0.0]",11.268382118797781,11.014010429382324,-1.5991713673535912,19.971241351998586,-0.2642584828513961,0.0,0.0983094647526741,0.0,0.0983094647526741
74.5511,"[492.5536804199219, 12.365958213806152, 0.0]","[512.7012939453125, 4.5, 0.0]",11.236280401290582,10.991515159606934,-1.6050858753599684,19.96321866435027,-0.25437168941545707,0.0,0.09867765009403229,0.0,0.09867765009403229
74.570984,"[492.77899169921875, 12.371184349060059, 0.0]","[512.9215087890625, 4.5, 0.0]",11.204079475802313,10.96926498413086,-1.6100462744134347,19.95980324717016,-0.24476524168364833,0.0,0.09897590428590775,0.0,0.09897590428590775
74.591364,"[493.003662109375, 12.376395225524902, 0.0]","[513.1392822265625, 4.5, 0.0]",11.17405351514519,10.947265625,-1.501298032856191,19.95458922008212,-0.23481449167145385,0.0,0.09229739755392075,0.0,0.09229739755392075
74.610864,"[493.2276916503906, 12.381590843200684, 0.0]","[513.359375, 4.5, 0.0]",11.14389018491321,10.92521858215332,-1.5081665115989296,19.947575496498928,-0.2267878901451894,0.0,0.0927196815609932,0.0,0.0927196815609932
74.630167,"[493.45111083984375, 12.386773109436035, 0.0]","[513.5797729492188, 4.5, 0.0]",11.113650539786548,10.904557228088379,-1.5119822563331553,19.943520427257713,-0.2186716027598905,0.0,0.09295277297496796,0.0,0.09295277297496796
74.650354,"[493.6739196777344, 12.39194107055664, 0.0]","[513.7935791015625, 4.5, 0.0]",11.083346033218781,10.88451099395752,-1.5152253283883255,19.940379838103244,-0.2090933116981688,0.0,0.09315404295921326,0.0,0.09315404295921326
74.669938,"[493.8961181640625, 12.3970947265625, 0.0]","[514.0151977539062, 4.5, 0.0]",11.053064432867249,10.867066383361816,-1.5140800175766245,19.93125751804082,-0.19883503926126167,0.0,0.09307877719402313,0.0,0.09307877719402313
74.690366,"[494.11773681640625, 12.40223503112793, 0.0]","[514.2330322265625, 4.5, 0.0]",11.024953970545392,10.83997917175293,-1.405523116092855,19.930559454167852,-0.1859980495054323,0.0,0.08640501648187637,0.0,0.08640501648187637
74.710772,"[494.3387451171875, 12.407361030578613, 0.0]","[514.4465942382812, 4.5, 0.0]",10.996763386567382,10.826815605163574,-1.4095291989004721,19.9266593311126,-0.18497479879246193,0.0,0.08665939420461655,0.0,0.08665939420461655
74.730167,"[494.5591735839844, 12.412473678588867, 0.0]","[514.66162109375, 4.5, 0.0]",10.968507925945442,10.801602363586428,-1.4127730310970144,19.91909730287069,-0.16994778140380795,0.0,0.08685706555843353,0.0,0.08685706555843353
74.750756,"[494.779052734375, 12.417572975158691, 0.0]","[514.87744140625, 4.5, 0.0]",10.9402028585689,10.789651870727539,-1.415253368827063,19.913579713554054,-0.16690556235901433,0.0,0.08700427412986755,0.0,0.08700427412986755
74.771354,"[494.99835205078125, 12.422659873962402, 0.0]","[515.0975341796875, 4.5, 0.0]",10.91193595278611,10.76400089263916,-1.413345289139567,19.909404847580944,-0.15055098784136156,0.0,0.08689400553703308,0.0,0.08689400553703308
74.791034,"[495.21710205078125, 12.427733421325684, 0.0]","[515.3092041015625, 4.5, 0.0]",10.8859623019944,10.752411842346191,-1.2986825395854495,19.91008126083392,-0.14793506014694913,0.0,0.07983635365962982,0.0,0.07983635365962982
74.811008,"[495.4352722167969, 12.432793617248535, 0.0]","[515.5254516601562, 4.5, 0.0]",10.859923784233127,10.727269172668457,-1.301925888063682,19.90288656654874,-0.13355045964820889,0.0,0.08004336804151535,0.0,0.08004336804151535
74.828874,"[495.6529235839844, 12.437841415405273, 0.0]","[515.7372436523438, 4.5, 0.0]",10.833839476152981,10.71710205078125,-1.3042154040072695,19.900844913166996,-0.13265461156466962,0.0,0.08017698675394058,0.0,0.08017698675394058
74.851047,"[495.87005615234375, 12.442877769470215, 0.0]","[515.9544677734375, 4.5, 0.0]",10.807732281896552,10.693170547485352,-1.3053597128214633,19.8948723102442,-0.11673742537173126,0.0,0.08025086671113968,0.0,0.08025086671113968
74.868696,"[496.086669921875, 12.447901725769043, 0.0]","[516.1649169921875, 4.5, 0.0]",10.78159837569944,10.68310832977295,-1.3066953098555878,19.894849303224724,-0.11456173441120043,0.0,0.08032692223787308,0.0,0.08032692223787308
74.891831,"[496.3027648925781, 12.452913284301758, 0.0]","[516.3799438476562, 4.5, 0.0]",10.75721208094121,10.65934944152832,-1.2193147379115032,19.888568804514772,-0.09849004592649102,0.0,0.0749613344669342,0.0,0.0749613344669342
74.910442,"[496.5183410644531, 12.457913398742676, 0.0]","[516.5936279296875, 4.5, 0.0]",10.732799077697285,10.649134635925293,-1.2206501621962573,19.88738477809977,-0.09786263941288986,0.0,0.07504792511463165,0.0,0.07504792511463165
74.930299,"[496.7334289550781, 12.462902069091797, 0.0]","[516.8056640625, 4.5, 0.0]",10.708382246616098,10.626480102539064,-1.2208415540593265,19.885376142574135,-0.08366444177199206,0.0,0.07505350559949875,0.0,0.07505350559949875
74.950532,"[496.9480285644531, 12.467879295349121, 0.0]","[517.018310546875, 4.5, 0.0]",10.683946344412238,10.61711597442627,-1.2217951101930247,19.88221290291346,-0.08190214407703422,0.0,0.07510976493358612,0.0,0.07510976493358612
74.969747,"[497.1621398925781, 12.472845077514648, 0.0]","[517.2294311523438, 4.5, 0.0]",10.6596058493015,10.594529151916504,-1.217024755536933,19.880142656662226,-0.06683036998596847,0.0,0.07481874525547028,0.0,0.07481874525547028
74.992024,"[497.3757629394531, 12.477799415588379, 0.0]","[517.4459838867188, 4.5, 0.0]",10.637589123047059,10.584868431091309,-1.10083631272202,19.87703647774014,-0.06507669738499544,0.0,0.0676812157034874,0.0,0.0676812157034874
75.011304,"[497.5888977050781, 12.482742309570312, 0.0]","[517.6542358398438, 4.5, 0.0]",10.615538063381903,10.562627792358398,-1.1025529832577874,19.87985275334252,-0.052720691955750354,0.0,0.06777717173099518,0.0,0.06777717173099518
75.029839,"[497.8016052246094, 12.487674713134766, 0.0]","[517.864013671875, 4.5, 0.0]",10.59350226669573,10.554559707641602,-1.1017898343086863,19.874855523251494,-0.05291027102350476,0.0,0.06772997230291367,0.0,0.06772997230291367
75.049277,"[498.01385498046875, 12.492597579956055, 0.0]","[518.0753784179688, 4.5, 0.0]",10.571485536986291,10.533040046691896,-1.1008364854719233,19.871814510870816,-0.03894255905412791,0.0,0.06767643988132477,0.0,0.06767643988132477
75.070909,"[498.2256774902344, 12.497509956359863, 0.0]","[518.286376953125, 4.5, 0.0]",10.54949171487431,10.524886131286621,-1.099691105599021,19.870814472486565,-0.0384454902943947,0.0,0.06760235875844955,0.0,0.06760235875844955
75.091175,"[498.4370422363281, 12.502411842346191, 0.0]","[518.4974975585938, 4.5, 0.0]",10.5275284201023,10.503390312194824,-1.0981647386005378,19.869874568193843,-0.024605583587689495,0.0,0.06751551479101181,0.0,0.06751551479101181
75.110267,"[498.6479797363281, 12.507304191589355, 0.0]","[518.7069091796875, 4.5, 0.0]",10.50697311233824,10.495403289794922,-1.0277653882029725,19.869519091567764,-0.024138107907475614,0.0,0.06317935138940811,0.0,0.06317935138940811
75.129747,"[498.85845947265625, 12.512186050415039, 0.0]","[518.9161987304688, 4.5, 0.0]",10.48644069178718,10.474528312683107,-1.0266210275529986,19.867881317063876,-0.011569822543318509,0.0,0.06311380863189697,0.0,0.06311380863189697
75.151215,"[499.06854248046875, 12.517058372497559, 0.0]","[519.1268310546875, 4.5, 0.0]",10.465946437321067,10.466903686523438,-1.0247127233056652,19.866578261671236,-0.011912379104073167,0.0,0.06300130486488342,0.0,0.06300130486488342
75.169822,"[499.2782287597656, 12.521921157836914, 0.0]","[519.3349609375, 4.5, 0.0]",10.44548270673993,10.449440956115723,-1.0231865290568187,19.867013332547454,0.0009572492023703916,0.0,0.06290195137262344,0.0,0.06290195137262344
75.191689,"[499.48748779296875, 12.526774406433105, 0.0]","[519.5447998046875, 4.5, 0.0]",10.426984071228068,10.435202598571777,-0.9249317755931408,19.86534573607522,0.003958249375791922,0.0,0.0568583607673645,0.0,0.0568583607673645
75.21082,"[499.69635009765625, 12.531618118286133, 0.0]","[519.7579956054688, 4.5, 0.0]",10.408508333294167,10.420747756958008,-0.9237868966950558,19.86581288773622,0.008218527343709425,0.0,0.056790318340063095,0.0,0.056790318340063095
75.228949,"[499.90484619140625, 12.536453247070312, 0.0]","[519.9645385742188, 4.5, 0.0]",10.390078371859348,10.40683364868164,-0.921498071740956,19.870034044663505,0.01223942366384101,0.0,0.05664752796292305,0.0,0.05664752796292305
75.249827,"[500.1129455566406, 12.541279792785645, 0.0]","[520.1741333007812, 4.5, 0.0]",10.371698026853108,10.392712593078613,-0.9190172503119598,19.867968207264862,0.01675527682229294,0.0,0.056494783610105515,0.0,0.056494783610105515
75.270508,"[500.3206787109375, 12.546097755432129, 0.0]","[520.3812255859375, 4.5, 0.0]",10.353371097436378,10.378761291503906,-0.9163464708365154,19.869352391688555,0.021014566225504794,0.0,0.056338462978601456,0.0,0.056338462978601456
75.291268,"[500.5280456542969, 12.550907135009766, 0.0]","[520.5880126953125, 4.5, 0.0]",10.336089675860848,10.364831924438477,-0.8640710787765293,19.8685999871546,0.02539019406752807,0.0,0.053126152604818344,0.0,0.053126152604818344
75.311098,"[500.73504638671875, 12.555707931518555, 0.0]","[520.796142578125, 4.5, 0.0]",10.318861668492891,10.350824356079102,-0.8614003683978133,19.86791106774715,0.02874224857762897,0.0,0.052957117557525635,0.0,0.052957117557525635
75.330655,"[500.94171142578125, 12.560501098632812, 0.0]","[521.0018310546875, 4.5, 0.0]",10.301698535695492,10.337075233459476,-0.8581566398699891,19.86892633755581,0.03196268758621024,0.0,0.05275504291057587,0.0,0.05275504291057587
75.350285,"[501.1480407714844, 12.565285682678223, 0.0]","[521.2047729492188, 4.5, 0.0]",10.284607901702769,10.323508262634277,-0.8545316996361407,19.86784117473481,0.035376697763984666,0.0,0.052529849112033844,0.0,0.052529849112033844
75.369109,"[501.3540344238281, 12.570062637329102, 0.0]","[521.4119873046875, 4.5, 0.0]",10.267643186250163,10.309658050537111,-0.8482357726302681,19.86434483726446,0.038900360931508615,0.0,0.05215129628777504,0.0,0.05215129628777504
75.389679,"[501.5596618652344, 12.57483196258545, 0.0]","[521.6182250976562, 4.5, 0.0]",10.251605685023838,10.295869827270508,-0.8018750613162595,19.865453321047998,0.042014864286947784,0.0,0.049297600984573364,0.0,0.049297600984573364
75.411122,"[501.76495361328125, 12.57959270477295, 0.0]","[521.824462890625, 4.5, 0.0]",10.235579634486689,10.282071113586426,-0.8013025268574836,19.865954066690218,0.044264142246669635,0.0,0.049256861209869385,0.0,0.049256861209869385
75.430341,"[501.9699401855469, 12.584346771240234, 0.0]","[522.0298461914062, 4.5, 0.0]",10.219668037635586,10.268250465393066,-0.7955798425551386,19.866789478223172,0.046491479099737276,0.0,0.04891337454319,0.0,0.04891337454319
75.449529,"[502.1745910644531, 12.589093208312988, 0.0]","[522.23486328125, 4.5, 0.0]",10.203825129717826,10.254448890686037,-0.7921453958879887,19.867078152066828,0.04858242775748067,0.0,0.0486961305141449,0.0,0.0486961305141449
75.469426,"[502.3789367675781, 12.593832015991211, 0.0]","[522.4388427734375, 4.5, 0.0]",10.188096684814463,10.240721702575684,-0.7864222451681613,19.867336495956,0.050623760968210973,0.0,0.04834618791937828,0.0,0.04834618791937828
75.490288,"[502.58294677734375, 12.598563194274902, 0.0]","[522.6488647460938, 4.5, 0.0]",10.172997836757629,10.226587295532227,-0.7549424028416851,19.866862794256186,0.05262501776122086,0.0,0.04641181603074074,0.0,0.04641181603074074
75.50953,"[502.7866516113281, 12.603287696838379, 0.0]","[522.849853515625, 4.5, 0.0]",10.15791806673375,10.21300220489502,-0.7539885011939695,19.87276231125663,0.05358945877459753,0.0,0.04634740203619003,0.0,0.04634740203619003
75.529992,"[502.99005126953125, 12.608004570007324, 0.0]","[523.052734375, 4.5, 0.0]",10.142948962290038,10.198858261108398,-0.7484552221855623,19.869937441170546,0.05508413816126989,0.0,0.046018604189157486,0.0,0.046018604189157486
75.550529,"[503.1931457519531, 12.612714767456055, 0.0]","[523.2566528320312, 4.5, 0.0]",10.128052353541797,10.184639930725098,-0.7448304374120696,19.869310564264723,0.05590929881836004,0.0,0.04579569026827812,0.0,0.04579569026827812
75.569177,"[503.39593505859375, 12.61741828918457, 0.0]","[523.4598999023438, 4.5, 0.0]",10.11326259255599,10.170467376708984,-0.7394880492903155,19.870025113970154,0.05658757718330065,0.0,0.04545602947473526,0.0,0.04545602947473526
75.590224,"[503.59844970703125, 12.622114181518555, 0.0]","[523.6685791015625, 4.5, 0.0]",10.098831503284778,10.15925121307373,-0.7215544635606363,19.870374848497466,0.05720478415299368,0.0,0.0443599559366703,0.0,0.0443599559366703
75.612536,"[503.8006591796875, 12.626803398132324, 0.0]","[523.8734130859375, 4.5, 0.0]",10.08446910536491,10.138256072998047,-0.7181198959933965,19.876430014344542,0.0604197097889525,0.0,0.044142499566078186,0.0,0.044142499566078186
75.628715,"[504.0025939941406, 12.631485939025879, 0.0]","[524.0684204101562, 4.5, 0.0]",10.070186841884883,10.131035804748535,-0.7141131740013407,19.878946248702675,0.05378696763313684,0.0,0.04390770569443703,0.0,0.04390770569443703
75.650297,"[504.2042236328125, 12.636161804199219, 0.0]","[524.2722778320312, 4.5, 0.0]",10.055965631702659,10.10985279083252,-0.7110605091112276,19.871913204562567,0.060848962863651934,0.0,0.04370896518230438,0.0,0.04370896518230438
75.669797,"[504.40557861328125, 12.640830993652344, 0.0]","[524.4740600585938, 4.5, 0.0]",10.041816917215884,10.102151870727539,-0.7074357243387119,19.874033129073396,0.05388715912986086,0.0,0.04349316284060478,0.0,0.04349316284060478
75.691785,"[504.6066589355469, 12.645493507385254, 0.0]","[524.6770629882812, 4.5, 0.0]",10.027610958266761,10.081026077270508,-0.7102979474561621,19.874352010765232,0.06033495351165463,0.0,0.043669432401657104,0.0,0.043669432401657104
75.709423,"[504.80743408203125, 12.65014934539795, 0.0]","[524.8788452148438, 4.5, 0.0]",10.013431711603733,10.07324504852295,-0.7089623331514083,19.876167152935757,0.053415119003746625,0.0,0.04358309507369995,0.0,0.04358309507369995
75.730564,"[505.0079345703125, 12.65479850769043, 0.0]","[525.0787353515625, 4.5, 0.0]",9.999382210971483,10.051640510559084,-0.702475031612515,19.877066022923984,0.0598133369192162,0.0,0.04318289831280708,0.0,0.04318289831280708
75.750395,"[505.2081604003906, 12.659441947937012, 0.0]","[525.2801513671875, 4.5, 0.0]",9.985412837178728,10.04326057434082,-0.6984686896377212,19.876346903222487,0.05225829958760109,0.0,0.0429348461329937,0.0,0.0429348461329937
75.770161,"[505.4080810546875, 12.664078712463379, 0.0]","[525.4808349609375, 4.5, 0.0]",9.971561740763645,10.021598815917969,-0.6925548207541432,19.877431412603705,0.05784773716209202,0.0,0.04257166013121605,0.0,0.04257166013121605
75.790644,"[505.60772705078125, 12.668708801269531, 0.0]","[525.6818237304688, 4.5, 0.0]",9.957977752353514,10.013246536254883,-0.6791994205065599,19.878086650399425,0.05003707515432332,0.0,0.041755735874176025,0.0,0.041755735874176025
75.811002,"[505.8070983886719, 12.673332214355469, 0.0]","[525.8826293945312, 4.5, 0.0]",9.944416661175579,9.991503715515137,-0.678054558896779,19.879321721101846,0.05526878390136858,0.0,0.04168131947517395,0.0,0.04168131947517395
75.830056,"[506.0061950683594, 12.677949905395508, 0.0]","[526.0806884765625, 4.5, 0.0]",9.930970045794565,9.982783317565918,-0.6723307690506886,19.880649624725407,0.047087054339558065,0.0,0.04133084416389465,0.0,0.04133084416389465
75.849175,"[506.20501708984375, 12.682560920715332, 0.0]","[526.2805786132812, 4.5, 0.0]",9.917592107255178,9.960582733154297,-0.6688969269693423,19.879504101513728,0.05181327177135309,0.0,0.04112352430820465,0.0,0.04112352430820465
75.868983,"[506.4035949707031, 12.687165260314941, 0.0]","[526.4796142578125, 4.5, 0.0]",9.904317198660316,9.951786994934082,-0.6637454297431233,19.880465030024954,0.04299062589911884,0.0,0.0408039465546608,0.0,0.0408039465546608
75.889329,"[506.6018981933594, 12.691763877868652, 0.0]","[526.6793823242188, 4.5, 0.0]",9.890374530244552,9.929597854614258,-0.6971334207881874,19.880817077657277,0.04746979627376646,0.0,0.0428551584482193,0.0,0.0428551584482193
75.910028,"[506.7999267578125, 12.696355819702148, 0.0]","[526.8776245117188, 4.5, 0.0]",9.87646239158682,9.920783996582031,-0.6956069328865944,19.88217491609446,0.03922332436970599,0.0,0.042767561972141266,0.0,0.042767561972141266
75.92901,"[506.9976806640625, 12.700942039489746, 0.0]","[527.0756225585938, 4.5, 0.0]",9.862626571624002,9.898070335388184,-0.6917909981408954,19.88228202488654,0.04432160499521132,0.0,0.04253469407558441,0.0,0.04253469407558441
75.950907,"[507.1951599121094, 12.705521583557129, 0.0]","[527.2764892578125, 4.5, 0.0]",9.84885944128479,9.888458251953125,-0.688356516960642,19.88242092942054,0.03544376376418157,0.0,0.042312685400247574,0.0,0.042312685400247574
75.970922,"[507.3923645019531, 12.710094451904297, 0.0]","[527.4708251953125, 4.5, 0.0]",9.835206780524196,9.866036415100098,-0.6826330380296675,19.885701301346497,0.039598810668335815,0.0,0.04196474701166153,0.0,0.04196474701166153
75.991006,"[507.58929443359375, 12.71466064453125, 0.0]","[527.6691284179688, 4.5, 0.0]",9.821454911782128,9.856633186340332,-0.6875934371033843,19.88272740596306,0.03082963457590182,0.0,0.04227430000901222,0.0,0.04227430000901222
76.009535,"[507.78594970703125, 12.719221115112305, 0.0]","[527.8665771484375, 4.5, 0.0]",9.807722123836516,9.83388900756836,-0.6866393972805973,19.883994468604865,0.03517827455820388,0.0,0.04220883548259735,0.0,0.04220883548259735
76.030077,"[507.9823303222656, 12.723774909973145, 0.0]","[528.0618286132812, 4.5, 0.0]",9.794096176052777,9.82414436340332,-0.6812973891869412,19.884681985758917,0.02616688373184317,0.0,0.04188985005021095,0.0,0.04188985005021095
76.050113,"[508.1784362792969, 12.72832202911377, 0.0]","[528.2579956054688, 4.5, 0.0]",9.780489307683666,9.800985336303711,-0.6803434184555535,19.88344756699171,0.030048187350542932,0.0,0.04183058440685272,0.0,0.04183058440685272
76.070124,"[508.374267578125, 12.732863426208496, 0.0]","[528.4542846679688, 4.5, 0.0]",9.767015987616887,9.791152954101562,-0.6736660033389796,19.88340201129304,0.020496028620044626,0.0,0.041412144899368286,0.0,0.041412144899368286
76.090721,"[508.56982421875, 12.737398147583008, 0.0]","[528.6507568359375, 4.5, 0.0]",9.753557930529078,9.767967224121094,-0.6729028543904114,19.883754366891203,0.02413696648467578,0.0,0.04136906936764717,0.0,0.04136906936764717
76.109383,"[508.7651062011719, 12.741927146911621, 0.0]","[528.8456420898438, 4.5, 0.0]",9.739256604907803,9.758190155029297,-0.7150662810637698,19.884565676465368,0.01440929359201526,0.0,0.0439579002559185,0.0,0.0439579002559185
76.130206,"[508.9601135253906, 12.74644947052002, 0.0]","[529.0405883789062, 4.5, 0.0]",9.72500869349471,9.737922668457031,-0.7123955706546781,19.88406405756303,0.01893355012149378,0.0,0.043791498988866806,0.0,0.043791498988866806
76.150109,"[509.15484619140625, 12.750965118408203, 0.0]","[529.23388671875, 4.5, 0.0]",9.710779872550846,9.717803001403809,-0.711441047193162,19.88389703678599,0.012913974962321717,0.0,0.043741803616285324,0.0,0.043741803616285324
76.169066,"[509.34930419921875, 12.755474090576172, 0.0]","[529.4329833984375, 4.5, 0.0]",9.696676973947163,9.70718002319336,-0.705144930184165,19.882359568406056,0.0070231288529623015,0.0,0.043345145881175995,0.0,0.043345145881175995
76.192973,"[509.54345703125, 12.759976387023926, 0.0]","[529.6253662109375, 4.5, 0.0]",9.681963564475716,9.683802604675293,-0.7356704735723696,19.886892460834297,0.010503049246196383,0.0,0.04522402584552765,0.0,0.04522402584552765
76.211614,"[509.7373352050781, 12.764472007751465, 0.0]","[529.8204345703125, 4.5, 0.0]",9.667303564376015,9.67347526550293,-0.7330000049850405,19.885016215911755,0.0018390401995773686,0.0,0.0450674332678318,0.0,0.0450674332678318
76.229559,"[509.930908203125, 12.768960952758789, 0.0]","[530.0095825195312, 4.5, 0.0]",9.652731329860002,9.649980545043945,-0.7286117258006541,19.886101857180844,0.006171701126914897,0.0,0.044793982058763504,0.0,0.044793982058763504
76.250126,"[510.12420654296875, 12.773443222045898, 0.0]","[530.2037353515625, 4.5, 0.0]",9.638162902106782,9.639371871948242,-0.7284213876610046,19.881573928072413,-0.0027507848160563952,0.0,0.04478450119495392,0.0,0.04478450119495392
76.271909,"[510.31719970703125, 12.777918815612793, 0.0]","[530.3953857421875, 4.5, 0.0]",9.623651710524705,9.615654945373535,-0.7255595791038516,19.882324275741475,0.001208969841460572,0.0,0.04460694640874863,0.0,0.04460694640874863
76.290136,"[510.5099182128906, 12.782387733459473, 0.0]","[530.5884399414062, 4.5, 0.0]",9.60914816183232,9.605146408081055,-0.7251774346192619,19.88087810312087,-0.007996765151169427,0.0,0.04458586499094963,0.0,0.04458586499094963
76.310531,"[510.70233154296875, 12.786849975585938, 0.0]","[530.7803955078125, 4.5, 0.0]",9.59443093316169,9.581371307373047,-0.7358614335315039,19.881107771826276,-0.004001753751264658,0.0,0.045238472521305084,0.0,0.045238472521305084
76.33101,"[510.89447021484375, 12.791305541992188, 0.0]","[530.97119140625, 4.5, 0.0]",9.579717527836037,9.57081127166748,-0.7356702662826287,19.880547844599047,-0.013059625788642393,0.0,0.04522835835814476,0.0,0.04522835835814476
76.350254,"[511.0863037109375, 12.795754432678223, 0.0]","[531.1613159179688, 4.5, 0.0]",9.565065165444278,9.54698181152344,-0.7326181195879578,19.87909980421703,-0.008906256168556226,0.0,0.04503827169537544,0.0,0.04503827169537544
76.369835,"[511.27783203125, 12.800196647644043, 0.0]","[531.3532104492188, 4.5, 0.0]",9.550492924019132,9.536322593688965,-0.7286120712572952,19.877289302716868,-0.018083353920838263,0.0,0.044797688722610474,0.0,0.044797688722610474
76.391169,"[511.4690856933594, 12.804632186889648, 0.0]","[531.5451049804688, 4.5, 0.0]",9.535001095711173,9.5123291015625,-0.7745914153979072,19.87755242778922,-0.014170330330166792,0.0,0.04762493073940277,0.0,0.04762493073940277
76.4096,"[511.6600341796875, 12.809060096740723, 0.0]","[531.736328125, 4.5, 0.0]",9.519513082457035,9.501716613769531,-0.7744006627069311,19.878090292010516,-0.02267199414867349,0.0,0.04760685935616493,0.0,0.04760685935616493
76.429874,"[511.8506774902344, 12.813481330871582, 0.0]","[531.9240112304688, 4.5, 0.0]",9.504093764354138,9.477986335754395,-0.770965905144827,19.878262220603034,-0.01779646868750362,0.0,0.047392673790454865,0.0,0.047392673790454865
76.451323,"[512.041015625, 12.81789493560791, 0.0]","[532.1139526367188, 4.5, 0.0]",9.488704973591123,9.467389106750488,-0.7694395381507846,19.875197972794165,-0.026107428599743798,0.0,0.04730049520730972,0.0,0.04730049520730972
76.469728,"[512.2310180664062, 12.822301864624023, 0.0]","[532.3030395507812, 4.5, 0.0]",9.473339068659909,9.44353199005127,-0.7682952465606796,19.87469785633263,-0.021315866840634357,0.0,0.0472351536154747,0.0,0.0472351536154747
76.489832,"[512.4207153320312, 12.826701164245605, 0.0]","[532.4924926757812, 4.5, 0.0]",9.458003680704461,9.432979583740234,-0.7667693977723822,19.873681573790027,-0.029807078608639515,0.0,0.04714207351207733,0.0,0.04714207351207733
76.51021,"[512.610107421875, 12.831093788146973, 0.0]","[532.680908203125, 4.5, 0.0]",9.442530932156709,9.412513732910156,-0.7736374273876301,19.87333550512155,-0.025024096964227027,0.0,0.04755668342113495,0.0,0.04755668342113495
76.529893,"[512.7991943359375, 12.835479736328125, 0.0]","[532.867919921875, 4.5, 0.0]",9.427092532221067,9.395480155944824,-0.7719199967820778,19.872256195197924,-0.03001719924655255,0.0,0.04745585098862648,0.0,0.04745585098862648
76.549449,"[512.9879760742188, 12.839858055114746, 0.0]","[533.0596313476562, 4.5, 0.0]",9.411654131939995,9.378015518188477,-0.7719200140535953,19.870081044561424,-0.031612376276243026,0.0,0.04745453968644142,0.0,0.04745453968644142
76.570433,"[513.1764526367188, 12.844229698181152, 0.0]","[533.2447509765625, 4.5, 0.0]",9.396272961611615,9.361150741577148,-0.7690585164190189,19.872906092985943,-0.033638613751518776,0.0,0.04727412015199661,0.0,0.04727412015199661
76.58966,"[513.3646240234375, 12.848593711853027, 0.0]","[533.4327392578125, 4.5, 0.0]",9.380319425771537,9.344029426574707,-0.7976767920038874,19.869448708074177,-0.03512222003446652,0.0,0.049042366445064545,0.0,0.049042366445064545
76.609757,"[513.552490234375, 12.852951049804688, 0.0]","[533.62060546875, 4.5, 0.0]",9.364404043924171,9.326914787292482,-0.7957690923682925,19.86916447506763,-0.03628999919683018,0.0,0.04892168194055557,0.0,0.04892168194055557
76.629045,"[513.7400512695312, 12.857300758361816, 0.0]","[533.8033447265625, 4.5, 0.0]",9.348492478512494,9.310293197631836,-0.7955782705838743,19.86906345308454,-0.037489256631689116,0.0,0.048911165446043015,0.0,0.048911165446043015
76.649404,"[513.9273071289062, 12.861642837524414, 0.0]","[533.9912719726562, 4.5, 0.0]",9.332630519509841,9.293201446533203,-0.7930979501326263,19.864143301180892,-0.03819928088065794,0.0,0.04875503480434418,0.0,0.04875503480434418
76.669651,"[514.1141967773438, 12.86597728729248, 0.0]","[534.1787719726562, 4.5, 0.0]",9.316787653740764,9.27614688873291,-0.7921432884538504,19.864712664735872,-0.039429072976638224,0.0,0.048700932413339615,0.0,0.048700932413339615
76.690577,"[514.30078125, 12.870305061340332, 0.0]","[534.3619384765625, 4.5, 0.0]",9.300689132382972,9.25949001312256,-0.8049260678895998,19.8652211852635,-0.040640765007854185,0.0,0.04948096349835396,0.0,0.04948096349835396
76.711122,"[514.487060546875, 12.874625205993652, 0.0]","[534.551025390625, 4.5, 0.0]",9.284617310183227,9.242295265197754,-0.803591109987245,19.86170379810975,-0.041199119260411976,0.0,0.04940591752529144,0.0,0.04940591752529144
76.72913,"[514.6730346679688, 12.878937721252441, 0.0]","[534.7345581054688, 4.5, 0.0]",9.268564567398151,9.225647926330566,-0.8026371392538145,19.86441050036493,-0.04232204498547354,0.0,0.04934730380773544,0.0,0.04934730380773544
76.749939,"[514.8587036132812, 12.8832426071167, 0.0]","[534.914794921875, 4.5, 0.0]",9.252527081373508,9.20930290222168,-0.801874301232175,19.861869766982082,-0.04291664106758475,0.0,0.049301762133836746,0.0,0.049301762133836746
76.769617,"[515.0440063476562, 12.887539863586426, 0.0]","[535.0995483398438, 4.5, 0.0]",9.236516316271784,9.192543029785156,-0.8005382550861917,19.856339291720456,-0.04322417915182797,0.0,0.04921767860651016,0.0,0.04921767860651016
76.790448,"[515.22900390625, 12.891830444335938, 0.0]","[535.2841796875, 4.5, 0.0]",9.22050174129842,9.175800323486328,-0.8007287486681669,19.855691671845808,-0.04397328648662757,0.0,0.049221716821193695,0.0,0.049221716821193695
76.810498,"[515.4136962890625, 12.896113395690918, 0.0]","[535.468017578125, 4.5, 0.0]",9.204323085155398,9.159126281738281,-0.8089328071511304,19.855223726973893,-0.04470141781209236,0.0,0.04973059892654419,0.0,0.04973059892654419
76.83003,"[515.5980834960938, 12.900388717651367, 0.0]","[535.6491088867188, 4.5, 0.0]",9.18818258127767,9.14271068572998,-0.8070251938863571,19.85427016595341,-0.04519680341711663,0.0,0.04961729422211647,0.0,0.04961729422211647
76.850466,"[515.7821044921875, 12.904656410217285, 0.0]","[535.8345336914062, 4.5, 0.0]",9.172068785194814,9.12590217590332,-0.8056898041428617,19.850876031814945,-0.045471895547690266,0.0,0.04953145235776901,0.0,0.04953145235776901
76.869044,"[515.9658203125, 12.908916473388672, 0.0]","[536.0138549804688, 4.5, 0.0]",9.156023667680662,9.109644889831543,-0.8022558757075693,19.852179337562436,-0.04616660929149319,0.0,0.0493227019906044,0.0,0.0493227019906044
76.89053,"[516.1492309570312, 12.913169860839844, 0.0]","[536.1995849609375, 4.5, 0.0]",9.139986188911019,9.092811584472656,-0.8018739384821671,19.847688400445044,-0.046378777849119146,0.0,0.049294181168079376,0.0,0.049294181168079376
76.909892,"[516.332275390625, 12.917415618896484, 0.0]","[536.3797607421875, 4.5, 0.0]",9.123796081042585,9.07647705078125,-0.8095053934217056,19.849908499855072,-0.04717460443836252,0.0,0.049765247851610184,0.0,0.049765247851610184
76.929766,"[516.5150146484375, 12.921653747558594, 0.0]","[536.5606079101562, 4.5, 0.0]",9.107625051552395,9.060070037841797,-0.808551474509489,19.84694218239436,-0.04731903026133466,0.0,0.049702245742082596,0.0,0.049702245742082596
76.949811,"[516.6974487304688, 12.925884246826172, 0.0]","[536.7412719726562, 4.5, 0.0]",9.091454018952907,9.043687820434572,-0.8085516299743745,19.8449523418191,-0.047555013710598004,0.0,0.049711357802152634,0.0,0.049711357802152634
76.97021,"[516.8795776367188, 12.930107116699219, 0.0]","[536.9214477539062, 4.5, 0.0]",9.075363118029475,9.030677795410156,-0.8045450461716008,19.843083532075866,-0.0477661985183353,0.0,0.049457572400569916,0.0,0.049457572400569916
76.990623,"[517.0613403320312, 12.934322357177734, 0.0]","[537.10400390625, 4.5, 0.0]",9.05927603215983,9.007451057434082,-0.8043542934823122,19.84103302596336,-0.04468532261931912,0.0,0.049446769058704376,0.0,0.049446769058704376
77.00994,"[517.2427978515625, 12.938530921936035, 0.0]","[537.2840576171875, 4.5, 0.0]",9.043101182088208,8.997787475585938,-0.8087425035810725,19.841728540480617,-0.0518249747257471,0.0,0.049723610281944275,0.0,0.049723610281944275
77.030926,"[517.4239501953125, 12.942731857299805, 0.0]","[537.462158203125, 4.5, 0.0]",9.026937782014643,8.974937438964846,-0.8081700036782102,19.84022753477725,-0.04531370650227018,0.0,0.04967855289578438,0.0,0.04967855289578438
77.04995,"[517.604736328125, 12.946925163269043, 0.0]","[537.6420288085938, 4.5, 0.0]",9.010793456519059,8.96525764465332,-0.8072162747792433,19.8370791997128,-0.05200034304979795,0.0,0.04962809756398201,0.0,0.04962809756398201
77.06913,"[517.7852172851562, 12.95111083984375, 0.0]","[537.8203735351562, 4.5, 0.0]",8.99470636961298,8.942388534545898,-0.8043543453039703,19.836066697779387,-0.045535811865738296,0.0,0.04944724589586258,0.0,0.04944724589586258
77.089379,"[517.9653930664062, 12.955288887023926, 0.0]","[538.0007934570312, 4.5, 0.0]",8.978623097415209,8.932663917541504,-0.8041636098885085,19.833833997734004,-0.052317835067080765,0.0,0.04943994805216789,0.0,0.04943994805216789
77.111205,"[518.145263671875, 12.95945930480957, 0.0]","[538.1805419921875, 4.5, 0.0]",8.96263521952699,8.90967082977295,-0.7993938944109935,19.833982393260122,-0.045959179873705125,0.0,0.04914352297782898,0.0,0.04914352297782898
77.129239,"[518.3247680664062, 12.963623046875, 0.0]","[538.356201171875, 4.5, 0.0]",8.94665878472726,8.900431632995605,-0.7988217399864439,19.833763666286313,-0.05296438975403994,0.0,0.04910675436258316,0.0,0.04910675436258316
77.150589,"[518.5039672851562, 12.967779159545898, 0.0]","[538.5394897460938, 4.5, 0.0]",8.930697614288421,8.877166748046875,-0.7980585219419467,19.82982295033268,-0.046227151731654814,0.0,0.04906100779771805,0.0,0.04906100779771805
77.169687,"[518.682861328125, 12.971927642822266, 0.0]","[538.7120361328125, 4.5, 0.0]",8.91474789350216,8.868207931518555,-0.7974860393130889,19.833814848771485,-0.05353086624154635,0.0,0.0490233413875103,0.0,0.0490233413875103
77.190755,"[518.8614501953125, 12.976068496704102, 0.0]","[538.89306640625, 4.5, 0.0]",8.8984204150227,8.845145225524902,-0.8163739239729573,19.827372717834276,-0.04653996198360488,0.0,0.050191957503557205,0.0,0.050191957503557205
77.210416,"[519.0396728515625, 12.980202674865723, 0.0]","[539.06591796875, 4.5, 0.0]",8.882104387232255,8.836165428161621,-0.8158013895222638,19.82971508339898,-0.05327518949779808,0.0,0.05015890672802925,0.0,0.05015890672802925
77.229967,"[519.2175903320312, 12.984329223632812, 0.0]","[539.2431030273438, 4.5, 0.0]",8.865776908407318,8.813530921936035,-0.8163739412468729,19.82425196451252,-0.045938959070634056,0.0,0.05018400400876999,0.0,0.05018400400876999
77.248954,"[519.3952026367188, 12.988448143005371, 0.0]","[539.4193115234375, 4.5, 0.0]",8.849468506578708,8.804314613342285,-0.8154200914304965,19.823424067123806,-0.052245986471282535,0.0,0.05013253912329674,0.0,0.05013253912329674
77.27045,"[519.5724487304688, 12.992559432983398, 0.0]","[539.59912109375, 4.5, 0.0]",8.83324786411538,8.781442642211914,-0.8110321231663775,19.821925140368887,-0.045153893236422604,0.0,0.04985838010907173,0.0,0.04985838010907173
77.290539,"[519.7493896484375, 12.996663093566895, 0.0]","[539.7713012695312, 4.5, 0.0]",8.817443139211036,8.772592544555664,-0.7902362452171907,19.824391416876857,-0.05180522190346615,0.0,0.048579756170511246,0.0,0.048579756170511246
77.309154,"[519.926025390625, 13.00075912475586, 0.0]","[539.9464721679688, 4.5, 0.0]",8.801642232124303,8.750147819519043,-0.7900453543366659,19.819538005013072,-0.04485059465537233,0.0,0.04857543855905533,0.0,0.04857543855905533
77.329118,"[520.1023559570312, 13.004847526550293, 0.0]","[540.120361328125, 4.5, 0.0]",8.785837506529,8.741283416748047,-0.7902362797651108,19.817978590161506,-0.05149441260526011,0.0,0.04857693240046501,0.0,0.04857693240046501
77.350113,"[520.2783203125, 13.008929252624512, 0.0]","[540.2951049804688, 4.5, 0.0]",8.770048047367455,8.719000816345217,-0.7894729580772974,19.815443052193423,-0.04455408978095399,0.0,0.0485333688557148,0.0,0.0485333688557148
77.368787,"[520.4539794921875, 13.0130033493042, 0.0]","[540.4696655273438, 4.5, 0.0]",8.754250956716424,8.710076332092285,-0.7898545325515371,19.814128044000483,-0.05104723102223829,0.0,0.048555437475442886,0.0,0.048555437475442886
77.390774,"[520.6293334960938, 13.017069816589355, 0.0]","[540.6448364257812, 4.5, 0.0]",8.738194395422816,8.687760353088379,-0.8028280646803942,19.812935250192133,-0.044174624624139014,0.0,0.049360767006874084,0.0,0.049360767006874084
77.409007,"[520.8043823242188, 13.02112865447998, 0.0]","[540.8180541992188, 4.5, 0.0]",8.722134025294038,8.678969383239746,-0.803018506438935,19.81265791451918,-0.05043404233443738,0.0,0.049363087862730026,0.0,0.049363087862730026
77.429281,"[520.9791259765625, 13.02518081665039, 0.0]","[540.9901123046875, 4.5, 0.0]",8.706115626284577,8.657089233398438,-0.8009199504730447,19.810733249479032,-0.04316464205429149,0.0,0.04923409968614578,0.0,0.04923409968614578
77.450588,"[521.1535034179688, 13.02922534942627, 0.0]","[541.1643676757812, 4.5, 0.0]",8.690112487490262,8.648355484008789,-0.8001569397157127,19.807954476711945,-0.04902639288613919,0.0,0.04919193312525749,0.0,0.04919193312525749
77.46987,"[521.3275756835938, 13.033262252807617, 0.0]","[541.3358764648438, 4.5, 0.0]",8.674120793511824,8.629861831665039,-0.7995846989219402,19.8077386683319,-0.041757003481473376,0.0,0.049161363393068314,0.0,0.049161363393068314
77.490671,"[521.5013427734375, 13.037291526794434, 0.0]","[541.5103759765625, 4.5, 0.0]",8.658132917696488,8.614436149597168,-0.7993937907667892,19.805082286833876,-0.04425896184678457,0.0,0.049140315502882004,0.0,0.049140315502882004
77.509153,"[521.6748046875, 13.041314125061035, 0.0]","[541.6827392578125, 4.5, 0.0]",8.642618186628836,8.59921646118164,-0.775736553382611,19.805721094723634,-0.04369676809931988,0.0,0.047689590603113174,0.0,0.047689590603113174
77.529663,"[521.847900390625, 13.045329093933105, 0.0]","[541.8564453125, 4.5, 0.0]",8.62711489934062,8.584031105041504,-0.7751643644107631,19.804529494885458,-0.043401725447195005,0.0,0.04765186831355095,0.0,0.04765186831355095
77.550194,"[522.0206909179688, 13.049336433410645, 0.0]","[542.0263061523438, 4.5, 0.0]",8.611619236632322,8.56917667388916,-0.7747831354149248,19.805048995621267,-0.04308379429911646,0.0,0.04762694612145424,0.0,0.04762694612145424
77.569501,"[522.1931762695312, 13.053337097167969, 0.0]","[542.1964111328125, 4.5, 0.0]",8.596146471847295,8.554304122924805,-0.7736382392513619,19.80202718809904,-0.042442562743161716,0.0,0.04756417125463486,0.0,0.04756417125463486
77.590689,"[522.3653564453125, 13.057330131530762, 0.0]","[542.3682861328125, 4.5, 0.0]",8.58062410168966,8.539281845092773,-0.7761185078817512,19.799552303315796,-0.04184234892248995,0.0,0.04771760106086731,0.0,0.04771760106086731
77.608917,"[522.5372314453125, 13.06131649017334, 0.0]","[542.5389404296875, 4.5, 0.0]",8.565101733950378,8.524375915527344,-0.7761183869640753,19.799155833580087,-0.04134225659688617,0.0,0.04771481826901436,0.0,0.04771481826901436
77.629856,"[522.7088012695312, 13.065295219421387, 0.0]","[542.7090454101562, 4.5, 0.0]",8.549621344930912,8.509632110595703,-0.7740194509732845,19.797843036969933,-0.040725818423034355,0.0,0.04758162423968315,0.0,0.04758162423968315
77.648901,"[522.8800659179688, 13.069266319274902, 0.0]","[542.8793334960938, 4.5, 0.0]",8.53415239450877,8.49487590789795,-0.7734475211071512,19.796286342242233,-0.03998923433520929,0.0,0.04754459112882614,0.0,0.04754459112882614
77.669861,"[523.051025390625, 13.073230743408203, 0.0]","[543.0489501953125, 4.5, 0.0]",8.518706338555111,8.480175018310549,-0.7723027976829222,19.79521917690164,-0.03927648661082017,0.0,0.04747557267546654,0.0,0.04747557267546654
77.690966,"[523.2216796875, 13.077187538146973, 0.0]","[543.2205810546875, 4.5, 0.0]",8.503428173988288,8.465301513671875,-0.7639082283411369,19.793786054879437,-0.038531320244562295,0.0,0.046966586261987686,0.0,0.046966586261987686
77.709421,"[523.3920288085938, 13.081137657165527, 0.0]","[543.3878173828125, 4.5, 0.0]",8.488150009421489,8.45081901550293,-0.7639082283399823,19.7946694162065,-0.03812666031641321,0.0,0.0469667948782444,0.0,0.0469667948782444
77.72929,"[523.5620727539062, 13.08508014678955, 0.0]","[543.5556640625, 4.5, 0.0]",8.472910009902556,8.436388969421387,-0.7619999759466367,19.791465879051252,-0.037330993918558875,0.0,0.046846769750118256,0.0,0.046846769750118256
77.749004,"[523.7318115234375, 13.08901596069336, 0.0]","[543.7254028320312, 4.5, 0.0]",8.45767000900173,8.421791076660156,-0.7620000450413222,19.789177800035016,-0.03652104048116911,0.0,0.04684567078948021,0.0,0.04684567078948021
77.768777,"[523.9012451171875, 13.092945098876953, 0.0]","[543.8932495117188, 4.5, 0.0]",8.442468168312127,8.407357215881348,-0.760092034480131,19.789086550806687,-0.03587893234157313,0.0,0.04672444239258766,0.0,0.04672444239258766
77.789497,"[524.0703735351562, 13.096866607666016, 0.0]","[544.0618286132812, 4.5, 0.0]",8.427491452762183,8.392860412597656,-0.748835777497181,19.787408968839102,-0.03511095243077911,0.0,0.04603445529937744,0.0,0.04603445529937744
77.809832,"[524.2391967773438, 13.100781440734863, 0.0]","[544.2315063476562, 4.5, 0.0]",8.412529995009129,8.378292083740234,-0.7480728876527287,19.786771294813846,-0.034631040164526894,0.0,0.04599307104945183,0.0,0.04599307104945183
77.830104,"[524.40771484375, 13.104689598083496, 0.0]","[544.3971557617188, 4.5, 0.0]",8.39758761701622,8.364227294921875,-0.7471188996454714,19.787533588891105,-0.034237911268894194,0.0,0.04592670872807503,0.0,0.04592670872807503
77.852527,"[524.575927734375, 13.108590126037598, 0.0]","[544.5693359375, 4.5, 0.0]",8.382675766363155,8.349600791931152,-0.7455925326532054,19.78457630728867,-0.03336032209434414,0.0,0.045840002596378326,0.0,0.045840002596378326
77.868104,"[524.7438354492188, 13.112483978271484, 0.0]","[544.7294311523438, 4.5, 0.0]",8.367779182834722,8.336004257202148,-0.7448291764216464,19.788452095983093,-0.03307497443200269,0.0,0.04578620195388794,0.0,0.04578620195388794
77.890203,"[524.9114379882812, 13.116371154785156, 0.0]","[544.9013671875, 4.5, 0.0]",8.352909312628734,8.324736595153809,-0.7434935102994089,19.780551420540576,-0.03177492563257367,0.0,0.045712053775787354,0.0,0.045712053775787354
77.91056,"[525.0787353515625, 13.120250701904297, 0.0]","[545.0680541992188, 4.5, 0.0]",8.338188253703965,8.303947448730469,-0.7360529462384413,19.784793631280607,-0.028172717474925335,0.0,0.045250993221998215,0.0,0.045250993221998215
77.929361,"[525.2457275390625, 13.124123573303223, 0.0]","[545.2332153320312, 4.5, 0.0]",8.323486272811971,8.296849250793457,-0.7350990445996963,19.784092290827633,-0.03424080497349635,0.0,0.04519052430987358,0.0,0.04519052430987358
77.951219,"[525.4124755859375, 13.127989768981934, 0.0]","[545.3966674804688, 4.5, 0.0]",8.30881099522376,8.276555061340332,-0.7337638794105317,19.782174358410458,-0.026637022018514145,0.0,0.045112282037734985,0.0,0.045112282037734985
77.97008,"[525.5789184570312, 13.13184928894043, 0.0]","[545.5611572265625, 4.5, 0.0]",8.294150986833001,8.269514083862305,-0.7330004195379658,19.77878850195277,-0.03225593388342851,0.0,0.04506877064704895,0.0,0.04506877064704895
77.990975,"[525.7450561523438, 13.135702133178711, 0.0]","[545.7304077148438, 4.5, 0.0]",8.279548208740398,8.248737335205078,-0.7301389046301843,19.77674642255033,-0.02463690297069654,0.0,0.04488319531083107,0.0,0.04488319531083107
78.009047,"[525.910888671875, 13.139548301696777, 0.0]","[545.8926391601562, 4.5, 0.0]",8.264972130151458,8.241924285888672,-0.7288039294469861,19.779771476838995,-0.030810873535319416,0.0,0.04480559751391411,0.0,0.04480559751391411
78.030099,"[526.076416015625, 13.143387794494629, 0.0]","[546.0592041015625, 4.5, 0.0]",8.250426585120822,8.221744537353516,-0.7272772515317882,19.776082201707048,-0.023047844262785944,0.0,0.044715747237205505,0.0,0.044715747237205505
78.049005,"[526.24169921875, 13.14721965789795, 0.0]","[546.2206420898438, 4.5, 0.0]",8.235896304796515,8.215319633483887,-0.7265140162153294,19.777030506434265,-0.02868204776730643,0.0,0.044665589928627014,0.0,0.044665589928627014
78.070367,"[526.4066772460938, 13.151044845581055, 0.0]","[546.3849487304688, 4.5, 0.0]",8.221423262716169,8.195323944091797,-0.7236521040173471,19.77309748794451,-0.020576671312628747,0.0,0.044484853744506836,0.0,0.044484853744506836
78.090642,"[526.5713500976562, 13.154863357543945, 0.0]","[546.5524291992188, 4.5, 0.0]",8.207537847744527,8.188406944274902,-0.6942707485820598,19.77233759928531,-0.026099318624371648,0.0,0.04267869144678116,0.0,0.04267869144678116
78.110893,"[526.7357177734375, 13.158675193786621, 0.0]","[546.71484375, 4.5, 0.0]",8.19365243208195,8.168634414672852,-0.6942707831288253,19.775055934212627,-0.019130903469624982,0.0,0.04268697649240494,0.0,0.04268697649240494
78.130153,"[526.8998413085938, 13.162481307983398, 0.0]","[546.8770141601562, 4.5, 0.0]",8.179805169030269,8.162742614746094,-0.6923631525840968,19.773013746975177,-0.025018017409099258,0.0,0.042565617710351944,0.0,0.042565617710351944
78.151016,"[527.0636596679688, 13.166280746459961, 0.0]","[547.0398559570312, 4.5, 0.0]",8.165980796992388,8.143460273742676,-0.6912186018940503,19.770976550758288,-0.017062554284175135,0.0,0.04249748960137367,0.0,0.04249748960137367
78.169223,"[527.2272338867188, 13.170073509216309, 0.0]","[547.204833984375, 4.5, 0.0]",8.152217480325065,8.137349128723145,-0.6881658333661278,19.769910950970086,-0.0225205232497121,0.0,0.042308300733566284,0.0,0.042308300733566284
78.190236,"[527.3905029296875, 13.173859596252441, 0.0]","[547.3645629882812, 4.5, 0.0]",8.138377848071958,8.118303298950195,-0.691981612655379,19.771225236241058,-0.014868351601920793,0.0,0.04254559427499771,0.0,0.04254559427499771
78.209143,"[527.5535278320312, 13.177639961242676, 0.0]","[547.52734375, 4.5, 0.0]",8.124557288669672,8.112441062927246,-0.6910279701142663,19.767600805468724,-0.02007454912176243,0.0,0.04248637333512306,0.0,0.04248637333512306
78.229716,"[527.7162475585938, 13.181413650512695, 0.0]","[547.6888427734375, 4.5, 0.0]",8.110755808682056,8.09394645690918,-0.6900739993808358,19.767269088233327,-0.012116225742426323,0.0,0.04242434352636337,0.0,0.04242434352636337
78.249897,"[527.8787231445312, 13.1851806640625, 0.0]","[547.8543701171875, 4.5, 0.0]",8.096973407763642,8.088491439819336,-0.6891200459206992,19.765962443085797,-0.016809351772876013,0.0,0.042359765619039536,0.0,0.042359765619039536
78.268939,"[528.0408935546875, 13.18894100189209, 0.0]","[548.01171875, 4.5, 0.0]",8.083213898550012,8.07030200958252,-0.6879754606814892,19.768926048479603,-0.00848196794430578,0.0,0.042293231934309006,0.0,0.042293231934309006
78.291278,"[528.2028198242188, 13.192695617675781, 0.0]","[548.1746215820312, 4.5, 0.0]",8.070160310059427,8.065041542053223,-0.6526794245292677,19.7640171713199,-0.012911888967492402,0.0,0.04011945426464081,0.0,0.04011945426464081
78.310366,"[528.3644409179688, 13.196443557739258, 0.0]","[548.3355712890625, 4.5, 0.0]",8.05712579407425,8.046680450439453,-0.6517257992588732,19.76490642607354,-0.005118768006203922,0.0,0.040065184235572815,0.0,0.040065184235572815
78.32917,"[528.5258178710938, 13.200185775756836, 0.0]","[548.49560546875, 4.5, 0.0]",8.04411034472169,8.042445182800293,-0.6507724676279913,19.76415076798619,-0.01044534363479599,0.0,0.040010206401348114,0.0,0.040010206401348114
78.349977,"[528.6868896484375, 13.2039213180542, 0.0]","[548.6569213867188, 4.5, 0.0]",8.031098723895926,8.024782180786133,-0.6505810412881452,19.762720378756207,-0.0016651619213963187,0.0,0.03999032825231552,0.0,0.03999032825231552
78.369715,"[528.8477172851562, 13.207651138305664, 0.0]","[548.8171997070312, 4.5, 0.0]",8.018121447881983,8.020527839660645,-0.6488638006971748,19.76287907151409,-0.006316543109793571,0.0,0.03989127650856972,0.0,0.03989127650856972
78.394639,"[529.00830078125, 13.21137523651123, 0.0]","[548.9796752929688, 4.5, 0.0]",8.005174693680479,8.006123542785645,-0.6473377100752131,19.762243433316286,0.002406391778661643,0.0,0.03980181738734245,0.0,0.03980181738734245
78.410323,"[529.1686401367188, 13.215092658996582, 0.0]","[549.138671875, 4.5, 0.0]",7.9923653007623905,7.995379447937012,-0.6404696459044068,19.76405112051219,0.0009488491051659054,0.0,0.039372798055410385,0.0,0.039372798055410385
78.429551,"[529.3286743164062, 13.218804359436035, 0.0]","[549.2973022460938, 4.5, 0.0]",7.979657027498203,7.985334396362305,-0.635413663209361,19.762621305120685,0.003014147174621229,0.0,0.03906133025884628,0.0,0.03906133025884628
78.451335,"[529.4884643554688, 13.22251033782959, 0.0]","[549.4581298828125, 4.5, 0.0]",7.966969738411923,7.975149631500244,-0.6343644543139959,19.761131824961918,0.0056773688641014175,0.0,0.03899681195616722,0.0,0.03899681195616722
78.469733,"[529.6480102539062, 13.226210594177246, 0.0]","[549.6204833984375, 4.5, 0.0]",7.954314879355975,7.96486759185791,-0.6327429527974271,19.762086895963286,0.008179893088320789,0.0,0.03889784216880798,0.0,0.03889784216880798
78.492602,"[529.8073120117188, 13.229904174804688, 0.0]","[549.7785034179688, 4.5, 0.0]",7.942394553581131,7.954861640930176,-0.5960162887421738,19.764806753207964,0.010552712501935346,0.0,0.036644402891397476,0.0,0.036644402891397476
78.510696,"[529.9663696289062, 13.23359203338623, 0.0]","[549.9351806640625, 4.5, 0.0]",7.930479960059764,7.9450249671936035,-0.5957296760683573,19.76343973160303,0.012467087349044448,0.0,0.03662679344415665,0.0,0.03662679344415665
78.529965,"[530.1251831054688, 13.237274169921875, 0.0]","[550.094482421875, 4.5, 0.0]",7.9186512076678515,7.935677528381348,-0.5914376195956361,19.760974505106354,0.014545007133839327,0.0,0.03636055439710617,0.0,0.03636055439710617
78.54967,"[530.2837524414062, 13.240951538085938, 0.0]","[550.2527465820312, 4.5, 0.0]",7.906847249325946,7.926394462585449,-0.590197917095292,19.76137851740165,0.01702632071349619,0.0,0.03628181666135788,0.0,0.03628181666135788
78.570103,"[530.4420776367188, 13.244623184204102, 0.0]","[550.4107055664062, 4.5, 0.0]",7.895077634414061,7.91712760925293,-0.5884807455942109,19.760988172176926,0.019547213259503593,0.0,0.03617919236421585,0.0,0.03617919236421585
78.589764,"[530.6001586914062, 13.248289108276367, 0.0]","[550.5704345703125, 4.5, 0.0]",7.883886107594247,7.907755851745607,-0.5595763409907306,19.760538166598614,0.02204997483886828,0.0,0.03440060839056969,0.0,0.03440060839056969
78.610472,"[530.7579956054688, 13.251949310302734, 0.0]","[550.7283935546875, 4.5, 0.0]",7.872698394446519,7.898557662963867,-0.559385657386402,19.76210068725875,0.02386974415136045,0.0,0.03438704088330269,0.0,0.03438704088330269
78.62917,"[530.9156494140625, 13.25560474395752, 0.0]","[550.8853149414062, 4.5, 0.0]",7.861569832596728,7.889935970306398,-0.556428092489547,19.762139098475416,0.025859268517348433,0.0,0.03420954570174217,0.0,0.03420954570174217
78.648953,"[531.0730590820312, 13.259255409240723, 0.0]","[551.0441284179688, 4.5, 0.0]",7.850479426121683,7.881210803985596,-0.55452032375225,19.761322131452488,0.028366137709670447,0.0,0.034088775515556335,0.0,0.034088775515556335
78.669793,"[531.230224609375, 13.262900352478027, 0.0]","[551.2012329101562, 4.5, 0.0]",7.839402375789589,7.872580051422119,-0.5538525166046693,19.762640931329862,0.03073137786391289,0.0,0.03405049070715904,0.0,0.03405049070715904
78.694558,"[531.38720703125, 13.26654052734375, 0.0]","[551.35888671875, 4.5, 0.0]",7.828399734898093,7.863918781280518,-0.5501320445748359,19.76249787015654,0.03317767563252971,0.0,0.03381796181201935,0.0,0.03381796181201935
78.710017,"[531.5439453125, 13.270174980163574, 0.0]","[551.5154418945312, 4.5, 0.0]",7.817988522696422,7.855371952056886,-0.5205606100835425,19.763085917836243,0.03551904638242487,0.0,0.03200335428118706,0.0,0.03200335428118706
78.730154,"[531.7005004882812, 13.273804664611816, 0.0]","[551.6729736328125, 4.5, 0.0]",7.807649811026654,7.847212791442871,-0.516935583488376,19.762817378273013,0.037383429360463794,0.0,0.03177839145064354,0.0,0.03177839145064354
78.750929,"[531.8568115234375, 13.277429580688477, 0.0]","[551.8298950195312, 4.5, 0.0]",7.797349245750165,7.839084625244141,-0.5150282638244796,19.763710763880457,0.03956298041621675,0.0,0.03166521340608597,0.0,0.03166521340608597
78.770215,"[532.012939453125, 13.281049728393555, 0.0]","[551.986328125, 4.5, 0.0]",7.787100201663818,7.830985069274902,-0.5124522043173485,19.764239378602408,0.04173537949397588,0.0,0.03150537982583046,0.0,0.03150537982583046
78.790784,"[532.1688232421875, 13.28466510772705, 0.0]","[552.1439208984375, 4.5, 0.0]",7.7774368781951555,7.822822093963624,-0.48316617343311385,19.764459320203436,0.043884867611084566,0.0,0.02970617078244686,0.0,0.02970617078244686
78.810542,"[532.3245239257812, 13.288275718688965, 0.0]","[552.301025390625, 4.5, 0.0]",7.767813615555564,7.818060398101807,-0.4811631319795673,19.766086495997108,0.045385215768468434,0.0,0.029580285772681236,0.0,0.029580285772681236
78.829172,"[532.4800415039062, 13.291881561279297, 0.0]","[552.4552001953125, 4.5, 0.0]",7.75824377472413,7.8037428855896,-0.47849204157168757,19.76740499576316,0.050246782546242486,0.0,0.029416339471936226,0.0,0.029416339471936226
78.848911,"[532.6353759765625, 13.295482635498047, 0.0]","[552.612548828125, 4.5, 0.0]",7.748721629665664,7.802602767944336,-0.4761072529233079,19.76598022528754,0.045499110865469206,0.0,0.029271049425005913,0.0,0.029271049425005913
78.868775,"[532.79052734375, 13.299079895019531, 0.0]","[552.7681274414062, 4.5, 0.0]",7.739256712487838,7.788217067718506,-0.47324585889132464,19.76791283033338,0.05388113827867169,0.0,0.02909468114376068,0.0,0.02909468114376068
78.889357,"[532.9454345703125, 13.302672386169434, 0.0]","[552.9241943359375, 4.5, 0.0]",7.729856669879398,7.787138938903809,-0.470002130421987,19.76825657208063,0.04896035523066811,0.0,0.028894558548927307,0.0,0.028894558548927307
78.909266,"[533.1001586914062, 13.30626106262207, 0.0]","[553.0801391601562, 4.5, 0.0]",7.721101477078292,7.772760391235352,-0.4377596400552797,19.769333882922275,0.05728226902441058,0.0,0.026910550892353058,0.0,0.026910550892353058
78.928953,"[533.2546997070312, 13.309844970703125, 0.0]","[553.2352294921875, 4.5, 0.0]",7.712403520793804,7.771933078765869,-0.4348978142244331,19.770471067928217,0.051658914157059144,0.0,0.026734713464975357,0.0,0.026734713464975357
78.949141,"[533.4090576171875, 13.313425064086914, 0.0]","[553.3911743164062, 4.5, 0.0]",7.703730364086741,7.757731914520264,-0.4336578353531184,19.770937157168596,0.05952955797206538,0.0,0.026660790666937828,0.0,0.026660790666937828
78.970924,"[533.5632934570312, 13.317000389099121, 0.0]","[553.545166015625, 4.5, 0.0]",7.695144970199664,7.7569580078125,-0.4292696943538843,19.77244188861288,0.05400155043352228,0.0,0.026392120867967606,0.0,0.026392120867967606
78.991005,"[533.7173461914062, 13.320571899414062, 0.0]","[553.701171875, 4.5, 0.0]",7.686618720010714,7.742753982543947,-0.42631250944746846,19.772114933482897,0.0618130376128363,0.0,0.026207422837615013,0.0,0.026207422837615013
79.011007,"[533.8712158203125, 13.324139595031738, 0.0]","[553.8563842773438, 4.5, 0.0]",7.678149694248437,7.74192476272583,-0.4234512881138741,19.773985977860093,0.056135262533232755,0.0,0.026029959321022034,0.0,0.026029959321022034
79.02968,"[534.02490234375, 13.327703475952148, 0.0]","[554.0133666992188, 4.5, 0.0]",7.669741728001549,7.727719783782959,-0.4203983123443944,19.77524568769622,0.06377506847739323,0.0,0.02584507316350937,0.0,0.02584507316350937
79.049855,"[534.1784057617188, 13.331263542175293, 0.0]","[554.165771484375, 4.5, 0.0]",7.661394817124845,7.727065086364746,-0.4173455438352125,19.77845932298854,0.05797805578141002,0.0,0.025655899196863174,0.0,0.025655899196863174
79.068535,"[534.331787109375, 13.334819793701172, 0.0]","[554.3185424804688, 4.5, 0.0]",7.653110861545952,7.713061332702637,-0.41419777894464715,19.777278459946302,0.06567026923990138,0.0,0.025465160608291626,0.0,0.025465160608291626
79.093128,"[534.4849853515625, 13.338372230529785, 0.0]","[554.4777221679688, 4.5, 0.0]",7.6454584210479934,7.71208381652832,-0.3826220248979162,19.776588310983705,0.05995047115668495,0.0,0.023524776101112366,0.0,0.023524776101112366
79.110851,"[534.6380004882812, 13.341919898986816, 0.0]","[554.6278076171875, 4.5, 0.0]",7.637826972672845,7.698188304901123,-0.3815724187574254,19.782485801399325,0.06662539548032687,0.0,0.02345653809607029,0.0,0.02345653809607029
79.128393,"[534.7908935546875, 13.345464706420898, 0.0]","[554.7811889648438, 4.5, 0.0]",7.630309992840282,7.697312355041504,-0.3758489916281249,19.779473425255606,0.06036133222827811,0.0,0.02310776710510254,0.0,0.02310776710510254
79.150528,"[534.943603515625, 13.349005699157715, 0.0]","[554.936279296875, 4.5, 0.0]",7.622857875487025,7.683020114898682,-0.3726058676628785,19.779881882501826,0.06700236220122147,0.0,0.02290528453886509,0.0,0.02290528453886509
79.169208,"[535.09619140625, 13.352542877197266, 0.0]","[555.0902709960938, 4.5, 0.0]",7.615430561165443,7.682112693786621,-0.3713657160790973,19.782179532090073,0.06016223941165677,0.0,0.022829022258520126,0.0,0.022829022258520126
79.189565,"[535.2485961914062, 13.356077194213867, 0.0]","[555.24365234375, 4.5, 0.0]",7.607829633566976,7.667905330657959,-0.3800463799233267,19.78350097001038,0.06668213262117817,0.0,0.023366738110780716,0.0,0.023366738110780716
79.210416,"[535.40087890625, 13.359607696533203, 0.0]","[555.3963623046875, 4.5, 0.0]",7.600299288610809,7.667012691497803,-0.37651724780838336,19.784396583618285,0.060075697090982594,0.0,0.02314860187470913,0.0,0.02314860187470913
79.230376,"[535.552978515625, 13.363134384155273, 0.0]","[555.5491943359375, 4.5, 0.0]",7.59283381338777,7.652392864227295,-0.37327376115192656,19.784743117791827,0.06671340288699401,0.0,0.022950446233153343,0.0,0.022950446233153343
79.249486,"[535.7049560546875, 13.366658210754395, 0.0]","[555.70263671875, 4.5, 0.0]",7.585391240923149,7.6510725021362305,-0.37212862323103835,19.78539359351355,0.05955905083952473,0.0,0.02287827618420124,0.0,0.02287827618420124
79.269437,"[535.8567504882812, 13.37017822265625, 0.0]","[555.85498046875, 4.5, 0.0]",7.578059328164711,7.636478900909424,-0.3665956379219182,19.786776360629723,0.06568126121308104,0.0,0.02253800630569458,0.0,0.02253800630569458
79.292161,"[536.0084228515625, 13.37369441986084, 0.0]","[556.0088500976562, 4.5, 0.0]",7.571055571871785,7.635137557983398,-0.35018781464630777,19.787243934827195,0.05841957274471277,0.0,0.021526219323277473,0.0,0.021526219323277473
79.311744,"[536.1599731445312, 13.37720775604248, 0.0]","[556.1629638671875, 4.5, 0.0]",7.5640727990662,7.623693466186523,-0.349138640279234,19.78935910386967,0.06408198611161353,0.0,0.021464914083480835,0.0,0.021464914083480835
79.329509,"[536.3113403320312, 13.380717277526855, 0.0]","[556.3129272460938, 4.5, 0.0]",7.557181610351828,7.61182165145874,-0.3445594357186277,19.791840451768927,0.05962066712032321,0.0,0.021179744973778725,0.0,0.021179744973778725
79.349519,"[536.4625854492188, 13.384223937988281, 0.0]","[556.4663696289062, 4.5, 0.0]",7.550345736465018,7.609753131866455,-0.34179369434048645,19.79035691289418,0.05464004110691256,0.0,0.021014351397752762,0.0,0.021014351397752762
79.369076,"[536.6137084960938, 13.387727737426758, 0.0]","[556.6170654296875, 4.5, 0.0]",7.543572825129734,7.594510078430176,-0.3386455667642174,19.792472303473943,0.059407395401437135,0.0,0.020820844918489456,0.0,0.020820844918489456
79.39092,"[536.7646484375, 13.391227722167969, 0.0]","[556.7701416015625, 4.5, 0.0]",7.536820897972627,7.59246301651001,-0.3375963578553076,19.79196270894699,0.05093725330044219,0.0,0.020754024386405945,0.0,0.020754024386405945
79.411237,"[536.9154663085938, 13.39472484588623, 0.0]","[556.9251098632812, 4.5, 0.0]",7.529861008582272,7.576834201812744,-0.347994469517765,19.79401972578086,0.055642118537382323,0.0,0.021395377814769745,0.0,0.021395377814769745
79.429093,"[537.066162109375, 13.398219108581543, 0.0]","[557.0737915039062, 4.5, 0.0]",7.522956445072794,7.574021339416504,-0.3452281754738884,19.798087938108356,0.046973193230472,0.0,0.021224617958068848,0.0,0.021224617958068848
79.449684,"[537.2167358398438, 13.40170955657959, 0.0]","[557.224609375, 4.5, 0.0]",7.5161148472235375,7.557742595672607,-0.3420798924628432,19.79599332233198,0.05106489434370953,0.0,0.021030163392424583,0.0,0.021030163392424583
79.469483,"[537.3671264648438, 13.405197143554688, 0.0]","[557.375732421875, 4.5, 0.0]",7.509326669109825,7.554774761199951,-0.3394089056856231,19.79615524220409,0.04162774844906991,0.0,0.020865628495812416,0.0,0.020865628495812416
79.491402,"[537.5173950195312, 13.408681869506836, 0.0]","[557.5276489257812, 4.5, 0.0]",7.501731467546526,7.53842306137085,-0.37976007816493684,19.796807871992257,0.045448092090126124,0.0,0.02334531396627426,0.0,0.02334531396627426
79.508941,"[537.6675415039062, 13.412162780761719, 0.0]","[557.6803588867188, 4.5, 0.0]",7.494193505608417,7.535194396972656,-0.3768980969054869,19.798374602676375,0.0366915938243233,0.0,0.023170001804828644,0.0,0.023170001804828644
79.530222,"[537.8175659179688, 13.415640830993652, 0.0]","[557.828369140625, 4.5, 0.0]",7.486720406495154,7.517884254455566,-0.37365495566312745,19.800856703134787,0.04100089136423968,0.0,0.022972676903009415,0.0,0.022972676903009415
79.549899,"[537.9674072265625, 13.41911506652832, 0.0]","[557.9796142578125, 4.5, 0.0]",7.47930072815366,7.513676643371582,-0.37098391707468537,19.79876246316237,0.031163847960412383,0.0,0.022806350141763687,0.0,0.022806350141763687
79.573897,"[538.1171264648438, 13.422585487365723, 0.0]","[558.128662109375, 4.5, 0.0]",7.471949735635336,7.496291637420654,-0.3675496259162081,19.800085361987133,0.034375915217921715,0.0,0.02259703353047371,0.0,0.02259703353047371
79.590561,"[538.2666625976562, 13.426053047180176, 0.0]","[558.2781982421875, 4.5, 0.0]",7.464293493900109,7.4922051429748535,-0.3828120867613638,19.799332461947476,0.024341901785318143,0.0,0.02353186160326004,0.0,0.02353186160326004
79.612204,"[538.4160766601562, 13.429516792297363, 0.0]","[558.431640625, 4.5, 0.0]",7.456704029770282,7.474323749542237,-0.3794732064913653,19.799254583698396,0.027911649074744638,0.0,0.02332773245871067,0.0,0.02332773245871067
79.632131,"[538.5653076171875, 13.432977676391602, 0.0]","[558.5808715820312, 4.5, 0.0]",7.44914699567125,7.4689178466796875,-0.3778517049515706,19.80319903170504,0.017619719771955644,0.0,0.023227805271744728,0.0,0.023227805271744728
79.649959,"[538.7144165039062, 13.436434745788574, 0.0]","[558.7261962890625, 4.5, 0.0]",7.441618574822035,7.450492858886719,-0.3764210424607395,19.80311880815162,0.01977085100843734,0.0,0.023143762722611427,0.0,0.023143762722611427
79.668879,"[538.8633422851562, 13.439888000488281, 0.0]","[558.87646484375, 4.5, 0.0]",7.434143575780809,7.445000648498535,-0.37374995206129746,19.799255510122194,0.00887428406468338,0.0,0.022975832223892212,0.0,0.022975832223892212
79.689338,"[539.0121459960938, 13.443338394165039, 0.0]","[559.0255126953125, 4.5, 0.0]",7.425455186492128,7.426275730133057,-0.4344194644340771,19.80051787606099,0.010857072717725735,0.0,0.026704685762524605,0.0,0.026704685762524605
79.708773,"[539.1607666015625, 13.446784973144531, 0.0]","[559.1738891601562, 4.5, 0.0]",7.416803036761585,7.420779705047607,-0.43260748652715897,19.800680718370835,0.0008205436409287614,0.0,0.02659410424530506,0.0,0.02659410424530506
79.729995,"[539.3092651367188, 13.450227737426758, 0.0]","[559.3250732421875, 4.5, 0.0]",7.408183324660846,7.403842449188232,-0.4309856050369376,19.80035675092711,0.003976668286022722,0.0,0.026493014767766,0.0,0.026493014767766
79.749997,"[539.4575805664062, 13.453665733337402, 0.0]","[559.469482421875, 4.5, 0.0]",7.3995960515715735,7.390847206115723,-0.42936365446362146,19.802960518953977,-0.004340875472613526,0.0,0.026398545131087303,0.0,0.026398545131087303
79.769435,"[539.605712890625, 13.457099914550781, 0.0]","[559.6168823242188, 4.5, 0.0]",7.391060301053297,7.377581596374512,-0.42678752591380764,19.798976878347126,-0.008748845455850862,0.0,0.026238858699798584,0.0,0.026238858699798584
79.790523,"[539.753662109375, 13.460530281066895, 0.0]","[559.7656860351562, 4.5, 0.0]",7.381688898292144,7.36418628692627,-0.4685701380576557,19.79816253992202,-0.013478704678785647,0.0,0.02880830317735672,0.0,0.02880830317735672
79.809162,"[539.9014282226562, 13.463956832885742, 0.0]","[559.9129638671875, 4.5, 0.0]",7.372325130474665,7.350788116455079,-0.46818839087396924,19.798936030364203,-0.017502611365873832,0.0,0.02878226898610592,0.0,0.02878226898610592
79.828696,"[540.0490112304688, 13.467378616333008, 0.0]","[560.05908203125, 4.5, 0.0]",7.362997607051017,7.33639669418335,-0.46637617118241437,19.798370960907736,-0.021537014019585854,0.0,0.028672825545072556,0.0,0.028672825545072556
79.850756,"[540.1964111328125, 13.470796585083008, 0.0]","[560.2061767578125, 4.5, 0.0]",7.353687263114181,7.321905612945557,-0.4655171968417804,19.796823426085734,-0.02660091286766697,0.0,0.02861844375729561,0.0,0.02861844375729561
79.868643,"[540.3436279296875, 13.474209785461426, 0.0]","[560.3519287109375, 4.5, 0.0]",7.344397896447172,7.307547092437744,-0.4644683333504318,19.796437845283346,-0.03178165016862433,0.0,0.028553064912557602,0.0,0.028553064912557602
79.890818,"[540.4906616210938, 13.477619171142578, 0.0]","[560.5013427734375, 4.5, 0.0]",7.335118061888218,7.292834281921387,-0.46399172794773236,19.794894274187715,-0.036850804009428195,0.0,0.028525765985250473,0.0,0.028525765985250473
79.909524,"[540.6375122070312, 13.481023788452148, 0.0]","[560.6463623046875, 4.5, 0.0]",7.324733577862517,7.2784247398376465,-0.519224201285029,19.797196229994594,-0.04228377996683097,0.0,0.03192286193370819,0.0,0.03192286193370819
79.930078,"[540.7841796875, 13.484424591064453, 0.0]","[560.7902221679688, 4.5, 0.0]",7.314375802668323,7.263275146484375,-0.5178887597097059,19.795286745777556,-0.046308838024870624,0.0,0.031836479902267456,0.0,0.031836479902267456
79.949227,"[540.9306640625, 13.487820625305176, 0.0]","[560.9345703125, 4.5, 0.0]",7.304035198670882,7.248072624206543,-0.5170301998720372,19.792401049899624,-0.05110065618394799,0.0,0.03178459405899048,0.0,0.03178459405899048
79.969468,"[541.076904296875, 13.491211891174316, 0.0]","[561.0809936523438, 4.5, 0.0]",7.293732747284953,7.232654094696045,-0.5151225692964445,19.790186670866856,-0.055962574464339276,0.0,0.03166812285780907,0.0,0.03166812285780907
79.991539,"[541.2229614257812, 13.494598388671875, 0.0]","[561.2274780273438, 4.5, 0.0]",7.282245501285088,7.217224597930908,-0.5743622999932807,19.790294891108577,-0.06107865258890843,0.0,0.035311345010995865,0.0,0.035311345010995865
80.009888,"[541.3687744140625, 13.497980117797852, 0.0]","[561.3721313476562, 4.5, 0.0]",7.270771616263975,7.201892375946045,-0.5736942510556453,19.790642263104548,-0.06502090335417954,0.0,0.03526892140507698,0.0,0.03526892140507698
80.030477,"[541.514404296875, 13.50135612487793, 0.0]","[561.512451171875, 4.5, 0.0]",7.259305364114028,7.186385154724121,-0.5733126074973338,19.789407035806406,-0.06887924031792991,0.0,0.035245370119810104,0.0,0.035245370119810104
80.050277,"[541.6597900390625, 13.504727363586426, 0.0]","[561.6559448242188, 4.5, 0.0]",7.247825756512083,7.170530319213867,-0.5739803800972609,19.784017627446943,-0.07292020938990706,0.0,0.03528424724936485,0.0,0.03528424724936485
80.069045,"[541.804931640625, 13.508092880249023, 0.0]","[561.7988891601562, 4.5, 0.0]",7.236365233851367,7.154737472534181,-0.5730261330358033,19.782046638649543,-0.07729543729821575,0.0,0.03523097559809685,0.0,0.03523097559809685
80.089402,"[541.9498291015625, 13.511452674865723, 0.0]","[561.9425659179688, 4.5, 0.0]",7.223845847897423,7.138864040374756,-0.625969297697182,19.779773209615236,-0.0816277613171863,0.0,0.03848545253276825,0.0,0.03848545253276825
80.110308,"[542.0945434570312, 13.51480770111084, 0.0]","[562.0855712890625, 4.5, 0.0]",7.211316927072066,7.123010635375977,-0.6264460412678474,19.778473691527495,-0.08498180752266737,0.0,0.03851168975234032,0.0,0.03851168975234032
80.130159,"[542.2389526367188, 13.518157005310059, 0.0]","[562.22705078125, 4.5, 0.0]",7.1987822809025115,7.106940746307373,-0.6267323084777399,19.7766861330426,-0.08830629169608972,0.0,0.03853015601634979,0.0,0.03853015601634979
80.149888,"[542.3831176757812, 13.521500587463379, 0.0]","[562.3689575195312, 4.5, 0.0]",7.186228563953897,7.094159126281738,-0.6276858474307367,19.773680855639675,-0.09184153459513844,0.0,0.038587965071201324,0.0,0.038587965071201324
80.170472,"[542.5270385742188, 13.5248384475708, 0.0]","[562.51171875, 4.5, 0.0]",7.173692016474959,7.071281433105469,-0.626827373946881,19.771341867452684,-0.09206943767215847,0.0,0.03853565454483032,0.0,0.03853565454483032
80.189474,"[542.6707153320312, 13.528169631958008, 0.0]","[562.6531982421875, 4.5, 0.0]",7.161126842274975,7.061875820159912,-0.6282587099991854,19.770106399240593,-0.10241058336949038,0.0,0.03862491250038147,0.0,0.03862491250038147
80.210126,"[542.8141479492188, 13.531495094299316, 0.0]","[562.79443359375, 4.5, 0.0]",7.147821421885505,7.0391578674316415,-0.6652710194735345,19.76783376781389,-0.09925102211506331,0.0,0.04089672490954399,0.0,0.04089672490954399
80.229028,"[542.9573364257812, 13.534814834594727, 0.0]","[562.9371948242188, 4.5, 0.0]",7.134493102191707,7.029503345489502,-0.6664159846899054,19.765558741967972,-0.10866355445386322,0.0,0.04096892476081848,0.0,0.04096892476081848
80.249696,"[543.1002807617188, 13.538128852844238, 0.0]","[563.0753173828125, 4.5, 0.0]",7.121136164412358,7.007053375244141,-0.6678468889674161,19.7650571850134,-0.10498975670220467,0.0,0.04105868563055992,0.0,0.04105868563055992
80.269001,"[543.242919921875, 13.541436195373535, 0.0]","[563.2150268554688, 4.5, 0.0]",7.107746787275995,6.997751712799072,-0.6694688568181562,19.76015988235524,-0.11408278916821768,0.0,0.04116010293364525,0.0,0.04116010293364525
80.290615,"[543.3853149414062, 13.544737815856934, 0.0]","[563.3551635742188, 4.5, 0.0]",7.094336418362286,6.975067615509033,-0.6705184456854418,19.757155581135414,-0.10999507447692292,0.0,0.04121960327029228,0.0,0.04121960327029228
80.30978,"[543.5274047851562, 13.548032760620117, 0.0]","[563.4948120117188, 4.5, 0.0]",7.079832846525238,6.965798377990723,-0.7251785918524156,19.754821354037528,-0.11926880285325314,0.0,0.04458129033446312,0.0,0.04458129033446312
80.329091,"[543.6692504882812, 13.551321983337402, 0.0]","[563.633056640625, 4.5, 0.0]",7.06531019803702,6.943614482879639,-0.726132424410908,19.752305491545563,-0.11403446853451538,0.0,0.04463827982544899,0.0,0.04463827982544899
80.349722,"[543.810791015625, 13.554604530334473, 0.0]","[563.7725830078125, 4.5, 0.0]",7.0507684652984635,6.9346089363098145,-0.7270866369278206,19.74863167273766,-0.1216957151573812,0.0,0.04470130428671837,0.0,0.04470130428671837
80.368507,"[543.9520874023438, 13.557880401611328, 0.0]","[563.91015625, 4.5, 0.0]",7.036203836709862,6.912495136260986,-0.7282314294300818,19.74654196408813,-0.11615952898864901,0.0,0.04476788267493248,0.0,0.04476788267493248
80.38967,"[544.0930786132812, 13.561149597167969, 0.0]","[564.0494384765625, 4.5, 0.0]",7.021499942073663,6.903526782989502,-0.7351947318099405,19.74274388500122,-0.1237087004488755,0.0,0.04519597068428993,0.0,0.04519597068428993
80.41059,"[544.2337646484375, 13.564411163330078, 0.0]","[564.1887817382812, 4.5, 0.0]",7.006761712643092,6.881288051605225,-0.7369114715285452,19.74095957962142,-0.11797315908416106,0.0,0.045301154255867004,0.0,0.045301154255867004
80.430042,"[544.3741455078125, 13.567666053771973, 0.0]","[564.3240356445312, 4.5, 0.0]",6.991992956563776,6.873388767242432,-0.7384378039657857,19.739541563630365,-0.1254736610378675,0.0,0.045396000146865845,0.0,0.045396000146865845
80.451424,"[544.5142211914062, 13.570914268493652, 0.0]","[564.462890625, 4.5, 0.0]",6.977182220729478,6.8517704010009775,-0.7405367917149075,19.734340539482037,-0.11860418932134476,0.0,0.045528851449489594,0.0,0.045528851449489594
80.469609,"[544.654052734375, 13.574155807495117, 0.0]","[564.6008911132812, 4.5, 0.0]",6.96237148454979,6.843573093414307,-0.7405368089844266,19.733043601376547,-0.1254118197285008,0.0,0.04552683234214783,0.0,0.04552683234214783
80.49042,"[544.7935791015625, 13.577390670776367, 0.0]","[564.7359619140625, 4.5, 0.0]",6.947070436915085,6.822365760803223,-0.7650523817352539,19.73113789913897,-0.11879839113548307,0.0,0.047033119946718216,0.0,0.047033119946718216
80.511775,"[544.9328002929688, 13.580618858337402, 0.0]","[564.8756103515625, 4.5, 0.0]",6.93172360759716,6.814120769500732,-0.7673414658962319,19.726606005209916,-0.12470467611186198,0.0,0.04717328026890755,0.0,0.04717328026890755
80.529332,"[545.0717163085938, 13.583839416503906, 0.0]","[565.0076293945312, 4.5, 0.0]",6.916340524904679,6.794183254241943,-0.7691541346240616,19.726958305581704,-0.11760283809642758,0.0,0.04728836193680763,0.0,0.04728836193680763
80.549312,"[545.2103271484375, 13.587053298950195, 0.0]","[565.1444091796875, 4.5, 0.0]",6.9009116546569755,6.7870917320251465,-0.7714435123851615,19.71998980289495,-0.1221572706627354,0.0,0.047428667545318604,0.0,0.047428667545318604
80.569118,"[545.3486328125, 13.590259552001953, 0.0]","[565.2800903320312, 4.5, 0.0]",6.885446539324628,6.766780853271484,-0.7732557666173978,19.718080927662143,-0.11381992263182905,0.0,0.047539159655570984,0.0,0.047539159655570984
80.590317,"[545.4866333007812, 13.593459129333496, 0.0]","[565.4153442382812, 4.5, 0.0]",6.87050417342252,6.759843826293945,-0.7471182951053645,19.715385341130013,-0.1186656860531432,0.0,0.045932747423648834,0.0,0.045932747423648834
80.610285,"[545.6243286132812, 13.596651077270508, 0.0]","[565.5509643554688, 4.5, 0.0]",6.855531285016646,6.739694595336915,-0.7486444202937204,19.71256278528238,-0.11066034712857498,0.0,0.046025920659303665,0.0,0.046025920659303665
80.63016,"[545.76171875, 13.599836349487305, 0.0]","[565.6849365234375, 4.5, 0.0]",6.8405087919291665,6.734173774719238,-0.7511246543739691,19.71041670082507,-0.11583668967973093,0.0,0.04617851600050926,0.0,0.04617851600050926
80.64897,"[545.8988037109375, 13.603014945983887, 0.0]","[565.8193969726562, 4.5, 0.0]",6.82545767833824,6.715280055999756,-0.7525556795463295,19.706925814373076,-0.10633501720992822,0.0,0.046265773475170135,0.0,0.046265773475170135
80.669822,"[546.0355834960938, 13.606185913085938, 0.0]","[565.9533081054688, 4.5, 0.0]",6.810416103072918,6.7097649574279785,-0.7520787632660841,19.704228326494164,-0.11017762233848405,0.0,0.046236760914325714,0.0,0.046236760914325714
80.689624,"[546.1720581054688, 13.609350204467773, 0.0]","[566.0881958007812, 4.5, 0.0]",6.79533446352408,6.694161891937256,-0.7540819774419116,19.701286940444636,-0.10065114564493971,0.0,0.04635889083147049,0.0,0.04635889083147049
80.709202,"[546.3082275390625, 13.612507820129395, 0.0]","[566.222412109375, 4.5, 0.0]",6.780399728420647,6.682131290435793,-0.7467367551716286,19.69962710301541,-0.10117257158682413,0.0,0.045909129083156586,0.0,0.045909129083156586
80.730992,"[546.444091796875, 13.615657806396484, 0.0]","[566.3547973632812, 4.5, 0.0]",6.765424929724533,6.671594619750977,-0.7487399348057089,19.697601307797132,-0.09826843798485463,0.0,0.04603210464119911,0.0,0.04603210464119911
80.750558,"[546.5796508789062, 13.61880111694336, 0.0]","[566.4893798828125, 4.5, 0.0]",6.750419603688836,6.660884380340576,-0.7502663017848743,19.69405022053429,-0.09383030997355668,0.0,0.046125736087560654,0.0,0.046125736087560654
80.76882,"[546.7149047851562, 13.62193775177002, 0.0]","[566.621826171875, 4.5, 0.0]",6.735429543395444,6.650347709655762,-0.7495030146695836,19.69299850626861,-0.08953522334825958,0.0,0.046078480780124664,0.0,0.046078480780124664
80.789759,"[546.849853515625, 13.625067710876465, 0.0]","[566.755126953125, 4.5, 0.0]",6.721408669140115,6.639738559722901,-0.7010437127664471,19.690122761333573,-0.08508183373968237,0.0,0.0431012324988842,0.0,0.0431012324988842
80.813963,"[546.9844970703125, 13.628190040588379, 0.0]","[566.889404296875, 4.5, 0.0]",6.707357270308539,6.629256725311279,-0.7025699415788011,19.68840142520791,-0.08167010941721387,0.0,0.043194711208343506,0.0,0.043194711208343506
80.830473,"[547.118896484375, 13.631305694580078, 0.0]","[567.0203247070312, 4.5, 0.0]",6.693269624319859,6.62044382095337,-0.7043822994340143,19.687961658982736,-0.07810054499725982,0.0,0.04330628365278244,0.0,0.04330628365278244
80.849816,"[547.2529907226562, 13.634415626525879, 0.0]","[567.1519775390625, 4.5, 0.0]",6.679195327565665,6.611582279205322,-0.7037148377096791,19.684413921172837,-0.0728258033664888,0.0,0.04326114058494568,0.0,0.04326114058494568
80.86946,"[547.3868408203125, 13.637518882751465, 0.0]","[567.2841186523438, 4.5, 0.0]",6.665134380045979,6.602689743041992,-0.7030473759843225,19.681902359060174,-0.06761304836034299,0.0,0.04322255402803421,0.0,0.04322255402803421
80.892022,"[547.5203857421875, 13.640615463256836, 0.0]","[567.417236328125, 4.5, 0.0]",6.652115126695292,6.5937299728393555,-0.6509626675343494,19.680121899758703,-0.062444637003986614,0.0,0.04002079740166664,0.0,0.04002079740166664
80.910019,"[547.6536254882812, 13.643705368041992, 0.0]","[567.5502319335938, 4.5, 0.0]",6.6390481754991315,6.584965705871582,-0.6533475598080152,19.679624267317273,-0.058385153855936345,0.0,0.040166694670915604,0.0,0.040166694670915604
80.928843,"[547.78662109375, 13.64678955078125, 0.0]","[567.6801147460938, 4.5, 0.0]",6.625956424380086,6.577754020690918,-0.6545875559522685,19.67930728942207,-0.05408246962754948,0.0,0.04024332016706467,0.0,0.04024332016706467
80.950404,"[547.9193725585938, 13.649867057800293, 0.0]","[567.8118896484375, 4.5, 0.0]",6.612841773956831,6.570433139801025,-0.6557325211627774,19.676125119898717,-0.04820240368916817,0.0,0.04030982777476311,0.0,0.04030982777476311
80.971178,"[548.0518798828125, 13.652938842773438, 0.0]","[567.9427490234375, 4.5, 0.0]",6.599709950609816,6.563162803649902,-0.6565911673507507,19.675077482951234,-0.0424086341558052,0.0,0.0403682142496109,0.0,0.0403682142496109
80.991379,"[548.18408203125, 13.656004905700684, 0.0]","[568.0753173828125, 4.5, 0.0]",6.587806790506162,6.555799961090088,-0.595158005182661,19.673360052175372,-0.036547146959913235,0.0,0.03659118339419365,0.0,0.03659118339419365
81.009897,"[548.3160400390625, 13.659064292907715, 0.0]","[568.2061767578125, 4.5, 0.0]",6.575892180405072,6.548696041107178,-0.5957305050545258,19.673658934346054,-0.03200682941607447,0.0,0.036625735461711884,0.0,0.036625735461711884
81.030537,"[548.44775390625, 13.662117958068848, 0.0]","[568.337158203125, 4.5, 0.0]",6.563979478521836,6.542866230010987,-0.5956350941617838,19.672489681519767,-0.027196139297894106,0.0,0.03661711886525154,0.0,0.03661711886525154
81.052011,"[548.5792236328125, 13.665166854858398, 0.0]","[568.4708862304688, 4.5, 0.0]",6.5520648663484655,6.536914348602295,-0.5957306086685321,19.671687954942556,-0.021113248510848948,0.0,0.0366235189139843,0.0,0.0366235189139843
81.068863,"[548.71044921875, 13.66821002960205, 0.0]","[568.598388671875, 4.5, 0.0]",6.540190313623098,6.5312418937683105,-0.5937276362683708,19.67387497733934,-0.0151505177461706,0.0,0.036503687500953674,0.0,0.036503687500953674
81.090349,"[548.8414306640625, 13.671247482299805, 0.0]","[568.7298583984375, 4.5, 0.0]",6.5296569882655815,6.525390148162842,-0.5266662678758305,19.670084857898217,-0.00894841985478756,0.0,0.03238045424222946,0.0,0.03238045424222946
81.109585,"[548.9722290039062, 13.67427921295166, 0.0]","[568.8592529296875, 4.5, 0.0]",6.519116037290521,6.523092746734619,-0.5270475487530124,19.670502602409147,-0.0042668401027397,0.0,0.03240404650568962,0.0,0.03240404650568962
81.132381,"[549.102783203125, 13.677306175231934, 0.0]","[568.9904174804688, 4.5, 0.0]",6.508590352057683,6.511773586273194,-0.5262842616418961,19.669030180742702,0.003976709444097892,0.0,0.03235596790909767,0.0,0.03235596790909767
81.15142,"[549.233154296875, 13.680328369140625, 0.0]","[569.121826171875, 4.5, 0.0]",6.498083742094642,6.5137786865234375,-0.5253304981520657,19.669571489419294,0.0031832342155109217,0.0,0.03229878842830658,0.0,0.03229878842830658
81.168542,"[549.36328125, 13.683345794677734, 0.0]","[569.2498779296875, 4.5, 0.0]",6.4876267361225075,6.50256872177124,-0.5228502986067252,19.67054004073854,0.015694944428795488,0.0,0.03214443847537041,0.0,0.03214443847537041
81.190498,"[549.4932250976562, 13.686358451843262, 0.0]","[569.38134765625, 4.5, 0.0]",6.478688385503756,6.50457239151001,-0.4469175309375739,19.66839546282073,0.014941985648732725,0.0,0.027473129332065582,0.0,0.027473129332065582
81.210016,"[549.6229248046875, 13.689366340637207, 0.0]","[569.5111694335938, 4.5, 0.0]",6.4697710211357995,6.493405342102051,-0.44586821839782687,19.66985367075462,0.025884006006253735,0.0,0.02741328813135624,0.0,0.02741328813135624
81.228809,"[549.75244140625, 13.69236946105957, 0.0]","[569.6439208984375, 4.5, 0.0]",6.460868922510025,6.496288299560547,-0.445104931288709,19.669905989988763,0.023634320966251288,0.0,0.02736375667154789,0.0,0.02736375667154789
81.249683,"[549.8817749023438, 13.695368766784668, 0.0]","[569.7723999023438, 4.5, 0.0]",6.451995441624495,6.485960960388184,-0.4436740442764986,19.673072946645462,0.03541937705052156,0.0,0.02727643772959709,0.0,0.02727643772959709
81.272259,"[550.010986328125, 13.6983642578125, 0.0]","[569.9027099609375, 4.5, 0.0]",6.443160115423368,6.488912582397461,-0.44176631005634626,19.672151736471424,0.03396551876368825,0.0,0.027160128578543663,0.0,0.027160128578543663
81.290776,"[550.1400146484375, 13.70135498046875, 0.0]","[570.03076171875, 4.5, 0.0]",6.435259645992321,6.478597640991211,-0.3950234715523582,19.673178073015155,0.04575246697409252,0.0,0.024282392114400864,0.0,0.024282392114400864
81.310443,"[550.2688598632812, 13.704341888427734, 0.0]","[570.1597900390625, 4.5, 0.0]",6.4274030545174075,6.481667995452881,-0.39282957374568994,19.672136312152258,0.043337994998889684,0.0,0.024150727316737175,0.0,0.024150727316737175
81.330675,"[550.3975219726562, 13.707324981689453, 0.0]","[570.2888793945312, 4.5, 0.0]",6.419592245762641,6.472050666809082,-0.39054043773831815,19.672251425132334,0.054264940935473405,0.0,0.024011151865124702,0.0,0.024011151865124702
81.349848,"[550.5260620117188, 13.710304260253906, 0.0]","[570.419189453125, 4.5, 0.0]",6.411796706203769,6.475738048553467,-0.3897769779436011,19.67261198945415,0.05245842104644094,0.0,0.023959849029779434,0.0,0.023959849029779434
81.370214,"[550.6544189453125, 13.713279724121094, 0.0]","[570.548828125, 4.5, 0.0]",6.404100373245172,6.466109275817871,-0.38481664792984205,19.674312481532084,0.06394134234969773,0.0,0.023657450452446938,0.0,0.023657450452446938
81.390615,"[550.7825927734375, 13.716252326965332, 0.0]","[570.678466796875, 4.5, 0.0]",6.397907431970423,6.46981143951416,-0.30964706373746154,19.675526199834916,0.062008902572698865,0.0,0.019036736339330673,0.0,0.019036736339330673
81.409837,"[550.91064453125, 13.719221115112305, 0.0]","[570.8078002929688, 4.5, 0.0]",6.391722131164923,6.460251808166504,-0.30926504027499746,19.67692046494563,0.07190400754373716,0.0,0.01901203580200672,0.0,0.01901203580200672
81.428695,"[551.03857421875, 13.722187042236328, 0.0]","[570.9366455078125, 4.5, 0.0]",6.3855997939466995,6.464505195617676,-0.3061168609111764,19.6781369161555,0.06852967700158086,0.0,0.018817074596881866,0.0,0.018817074596881866
81.451496,"[551.1663818359375, 13.725150108337402, 0.0]","[571.0676879882812, 4.5, 0.0]",6.379500353269139,6.4553847312927255,-0.30497203387804817,19.678980878057942,0.07890540167097626,0.0,0.018750960007309914,0.0,0.018750960007309914
81.470641,"[551.2940673828125, 13.728110313415527, 0.0]","[571.1953735351562, 4.5, 0.0]",6.373494397301545,6.459659576416016,-0.3002977983796562,19.68214748604202,0.07588437802358694,0.0,0.018459072336554527,0.0,0.018459072336554527
81.490302,"[551.421630859375, 13.731067657470703, 0.0]","[571.3247680664062, 4.5, 0.0]",6.368140927467342,6.4505696296691895,-0.267673491710152,19.68208016682218,0.08616517911447019,0.0,0.016458306461572647,0.0,0.016458306461572647
81.510108,"[551.549072265625, 13.73402214050293, 0.0]","[571.4535522460938, 4.5, 0.0]",6.362838963625195,6.454878807067871,-0.2650981921073825,19.683843477529376,0.08242870220184706,0.0,0.01629946194589138,0.0,0.01629946194589138
81.52871,"[551.6763916015625, 13.736973762512207, 0.0]","[571.5818481445312, 4.5, 0.0]",6.357607592787574,6.44628381729126,-0.26156854188101875,19.685119995937264,0.09203984344267635,0.0,0.01607808656990528,0.0,0.01607808656990528
81.549428,"[551.8035888671875, 13.739923477172852, 0.0]","[571.7120971679688, 4.5, 0.0]",6.352448724553627,6.450991153717041,-0.2579434116973811,19.68602788751518,0.0886762245036854,0.0,0.015856537967920303,0.0,0.015856537967920303
81.570803,"[551.9307250976562, 13.742870330810547, 0.0]","[571.841796875, 4.5, 0.0]",6.347360445179818,6.442374229431153,-0.25441396869045896,19.689011752665657,0.09854242916341427,0.0,0.01563885435461998,0.0,0.01563885435461998
81.589751,"[552.0577392578125, 13.74581527709961, 0.0]","[571.9702758789062, 4.5, 0.0]",6.342302689346444,6.447107791900635,-0.2528877916686767,19.691506242953974,0.09501378425133566,0.0,0.015545640140771866,0.0,0.015545640140771866
81.610528,"[552.1846313476562, 13.748757362365723, 0.0]","[572.0989379882812, 4.5, 0.0]",6.3384468955224875,6.441898822784424,-0.19278969119782552,19.692903732016635,0.10480510255419073,0.0,0.011850339360535145,0.0,0.011850339360535145
81.629054,"[552.3114624023438, 13.751697540283203, 0.0]","[572.2296752929688, 4.5, 0.0]",6.33464642412615,6.440437316894531,-0.1900235698168551,19.694607674662496,0.1034519272619363,0.0,0.011680428870022297,0.0,0.011680428870022297
81.649787,"[552.4381713867188, 13.75463581085205, 0.0]","[572.3569946289062, 4.5, 0.0]",6.330876475924901,6.439013957977295,-0.18849741006246035,19.698444733635064,0.10579089276838083,0.0,0.011586782522499561,0.0,0.011586782522499561
81.668747,"[552.5648193359375, 13.757572174072266, 0.0]","[572.4854125976562, 4.5, 0.0]",6.327207645304567,6.4375786781311035,-0.1834415310167259,19.69898811712735,0.10813748205239371,0.0,0.011280116625130177,0.0,0.011280116625130177
81.694196,"[552.69140625, 13.760506629943848, 0.0]","[572.6179809570312, 4.5, 0.0]",6.324078740837625,6.436097145080566,-0.15644522334707922,19.700690902097115,0.11037103282653682,0.0,0.009618748910725117,0.0,0.009618748910725117
81.710082,"[552.8179321289062, 13.763439178466797, 0.0]","[572.742919921875, 4.5, 0.0]",6.321026143667723,6.434767246246338,-0.15262985849511246,19.70660273241452,0.1120184042429413,0.0,0.00938339252024889,0.0,0.00938339252024889
81.729072,"[552.9443969726562, 13.76637077331543, 0.0]","[572.8710327148438, 4.5, 0.0]",6.31806321753526,6.433911323547363,-0.14814630662316475,19.70494957504636,0.11374110257861503,0.0,0.009108677506446838,0.0,0.009108677506446838
81.74957,"[553.07080078125, 13.76930046081543, 0.0]","[573.003662109375, 4.5, 0.0]",6.315184241240537,6.433025360107423,-0.14394881473611676,19.706530434982973,0.11584810601210371,0.0,0.00885185319930315,0.0,0.00885185319930315
81.77035,"[553.1971435546875, 13.772229194641113, 0.0]","[573.1296997070312, 4.5, 0.0]",6.31238920649521,6.432183742523195,-0.13975173726636925,19.712686451679698,0.11784111886688553,0.0,0.00859048031270504,0.0,0.00859048031270504
81.790572,"[553.3234252929688, 13.775156021118164, 0.0]","[573.2581176757812, 4.5, 0.0]",6.310137910539925,6.431325435638428,-0.11256479776422523,19.71231477870334,0.11979453602798529,0.0,0.006921651307493448,0.0,0.006921651307493448
81.809853,"[553.4496459960938, 13.778081893920898, 0.0]","[573.3861083984375, 4.5, 0.0]",6.307953397024453,6.430553436279297,-0.10922567577362763,19.714382604989638,0.12118752509850239,0.0,0.0067121670581400394,0.0,0.0067121670581400394
81.832753,"[553.5758056640625, 13.781006813049316, 0.0]","[573.5158081054688, 4.5, 0.0]",6.305854735348177,6.430432319641113,-0.10493308381378519,19.716085637442504,0.12260003925484408,0.0,0.006450071930885315,0.0,0.006450071930885315
81.849664,"[553.701904296875, 13.783930778503418, 0.0]","[573.6436767578125, 4.5, 0.0]",6.303840018674774,6.4303131103515625,-0.10073583367016248,19.71955823692615,0.1245775842929362,0.0,0.0061953128315508366,0.0,0.0061953128315508366
81.869141,"[553.8280029296875, 13.786853790283203, 0.0]","[573.7715454101562, 4.5, 0.0]",6.3019111566033095,6.430193901062012,-0.09644310357321828,19.721261315166327,0.12647309167678866,0.0,0.005926632322371006,0.0,0.005926632322371006
81.889392,"[553.9540405273438, 13.789775848388672, 0.0]","[573.90185546875, 4.5, 0.0]",6.300480248183767,6.43007230758667,-0.07154542097711492,19.7229631184652,0.12828274445870225,0.0,0.004401045851409435,0.0,0.004401045851409435
81.910157,"[554.0800170898438, 13.792696952819824, 0.0]","[574.0303955078125, 4.5, 0.0]",6.2991332892564476,6.430062294006348,-0.06734794636598096,19.72716801140796,0.12959205940290275,0.0,0.004141084384173155,0.0,0.004141084384173155
81.929398,"[554.2059936523438, 13.79561710357666, 0.0]","[574.1604614257812, 4.5, 0.0]",6.297864555168217,6.430871009826661,-0.0634367044115347,19.72966440186383,0.1309290047499001,0.0,0.0038999959360808134,0.0,0.0038999959360808134
81.951157,"[554.3319702148438, 13.79853630065918, 0.0]","[574.2905883789062, 4.5, 0.0]",6.296683581136888,6.431679725646973,-0.059048701566455364,19.73368368625582,0.13300645465844418,0.0,0.0036284681409597397,0.0,0.0036284681409597397
81.969802,"[554.4578857421875, 13.8014554977417, 0.0]","[574.4161987304688, 4.5, 0.0]",6.295582735673004,6.432460308074951,-0.055042273194194635,19.737769208441225,0.1349961445100849,0.0,0.0033827179577201605,0.0,0.0033827179577201605
81.989455,"[554.5838012695312, 13.804373741149902, 0.0]","[574.5448608398438, 4.5, 0.0]",6.294985567132753,6.433259963989258,-0.02985842701255237,19.737396463733184,0.1368775724019473,0.0,0.0018337920773774385,0.0,0.0018337920773774385
82.011038,"[554.7096557617188, 13.807291984558105, 0.0]","[574.6734008789062, 4.5, 0.0]",6.294464709343235,6.434193134307861,-0.02604288947587463,19.740075979561595,0.138274396856505,0.0,0.0016025662189349532,0.0,0.0016025662189349532
82.028919,"[554.8355102539062, 13.810209274291992, 0.0]","[574.8020629882812, 4.5, 0.0]",6.294025895936152,6.439483165740967,-0.02194067035414804,19.74269187619241,0.139728424964626,0.0,0.001349843805655837,0.0,0.001349843805655837
82.048843,"[554.9613647460938, 13.813126564025879, 0.0]","[574.9310913085938, 4.5, 0.0]",6.293629061246433,6.434780120849609,-0.019841734485970264,19.745428530647644,0.14545726980481444,0.0,0.0012171410489827394,0.0,0.0012171410489827394
82.068747,"[555.0872192382812, 13.816043853759766, 0.0]","[575.0601196289062, 4.5, 0.0]",6.293367686530772,6.443408489227295,-0.013068735783061669,19.748535200323957,0.14115105960317642,0.0,0.0008016361971385777,0.0,0.0008016361971385777
82.090103,"[555.2130737304688, 13.818961143493652, 0.0]","[575.1889038085938, 4.5, 0.0]",6.293423013102767,6.438701629638673,0.002766328599745904,19.751639267181773,0.1500408026965232,0.0010180946992477402,0.0,0.0010180946992477402,0.0
82.110706,"[555.3389282226562, 13.821878433227539, 0.0]","[575.317138671875, 4.5, 0.0]",6.2935184053398014,6.44746732711792,0.004769611851740407,19.754500560392827,0.14527861653590612,0.001721444568829611,0.0,0.001721444568829611,0.0
82.129834,"[555.4647827148438, 13.824795722961426, 0.0]","[575.4473876953125, 4.5, 0.0]",6.293651958477483,6.4441304206848145,0.006677656884068739,19.756812684727866,0.15394892177811847,0.0024223714717663825,0.0,0.0024223714717663825,0.0
82.149671,"[555.5906372070312, 13.827713012695312, 0.0]","[575.5758056640625, 4.5, 0.0]",6.293804581360247,6.454079627990723,0.007631144138198209,19.761141034279465,0.15047846220733163,0.0027698033954948187,0.0,0.0027698033954948187,0.0
82.170075,"[555.7164916992188, 13.8306303024292, 0.0]","[575.7061767578125, 4.5, 0.0]",6.294014440414035,6.45074462890625,0.010492952689400425,19.763637519097028,0.16027504663047587,0.0037929366226308048,0.0,0.0037929366226308048,0.0
82.191627,"[555.8423461914062, 13.833547592163086, 0.0]","[575.8359375, 4.5, 0.0]",6.294657384768513,6.460727214813232,0.03214721772391016,19.76808530137902,0.1567301884922152,0.01162623637355864,0.0,0.01162623637355864,0.0
82.209666,"[555.9682006835938, 13.836464881896973, 0.0]","[575.9625244140625, 4.5, 0.0]",6.2953327629532385,6.457465648651123,0.033768909236275846,19.77192159181465,0.16606983004471942,0.012219441123306751,0.0,0.012219441123306751,0.0
82.230959,"[556.0940551757812, 13.83938217163086, 0.0]","[576.0933227539062, 4.5, 0.0]",6.296038659843963,6.469019889831543,0.035294844536215564,19.77258751489417,0.16213288569788453,0.012794052017852664,0.0,0.012794052017852664,0.0
82.24997,"[556.2199096679688, 13.842300415039062, 0.0]","[576.2222290039062, 4.5, 0.0]",6.296761732765925,6.467169761657715,0.03615364609812488,19.777462428528132,0.17298122998758014,0.013074305607005954,0.0,0.013074305607005954,0.0
82.269124,"[556.3458251953125, 13.845218658447266, 0.0]","[576.3513793945312, 4.5, 0.0]",6.297532504223705,6.478662490844727,0.03853857288897977,19.78044573835973,0.17040802889178952,0.01395113067701459,0.0,0.01395113067701459,0.0
82.291094,"[556.4717407226562, 13.848136901855469, 0.0]","[576.4822387695312, 4.5, 0.0]",6.298547481272507,6.476887226104736,0.05074885244011895,19.78361341027596,0.18112998662102164,0.018381233094260097,0.0,0.018381233094260097,0.0
82.309815,"[556.59765625, 13.851056098937988, 0.0]","[576.6109619140625, 4.5, 0.0]",6.299592984969839,6.488555431365967,0.052275184866568125,19.788486996018207,0.17833974483222903,0.018945743795484304,0.0,0.018945743795484304,0.0
82.3282,"[556.7235717773438, 13.853975296020508, 0.0]","[576.7404174804688, 4.5, 0.0]",6.30066901186245,6.488379955291748,0.05380134463055519,19.791228821874295,0.18896244639612814,0.019473741995170712,0.0,0.019473741995170712,0.0
82.348873,"[556.8495483398438, 13.856895446777344, 0.0]","[576.871826171875, 4.5, 0.0]",6.3017793856375395,6.501631259918213,0.05551868875448562,19.794698953529586,0.18771094342929828,0.020089850295335054,0.0,0.020089850295335054,0.0
82.37095,"[556.9755249023438, 13.85981559753418, 0.0]","[577.0013427734375, 4.5, 0.0]",6.302920291241017,6.501458168029785,0.05704528017389521,19.800060643986257,0.1998518742806734,0.020653659012168646,0.0,0.020653659012168646,0.0
82.390862,"[557.1015014648438, 13.862736701965332, 0.0]","[577.1340942382812, 4.5, 0.0]",6.304706043891535,6.514777183532715,0.08928763252589178,19.80353205973282,0.19853787678876778,0.032332236878573895,0.0,0.032332236878573895,0.0
82.411095,"[557.2275390625, 13.865657806396484, 0.0]","[577.2622680664062, 4.5, 0.0]",6.306518509517789,6.514746665954591,0.09062328131270725,19.810237447900665,0.21007113964117963,0.032827111426740885,0.0,0.032827111426740885,0.0
82.428354,"[557.3535766601562, 13.868579864501953, 0.0]","[577.3917236328125, 4.5, 0.0]",6.308363401031843,6.529605865478516,0.09224457570269351,19.812309335765956,0.20822815643680137,0.03338572569191456,0.0,0.03338572569191456,0.0
82.448852,"[557.4796752929688, 13.871502876281738, 0.0]","[577.5236206054688, 4.5, 0.0]",6.310235004140352,6.531287670135498,0.0935801554254212,19.815658670980437,0.2212424644466724,0.033871522173285484,0.0,0.033871522173285484,0.0
82.469616,"[557.6058349609375, 13.87442684173584, 0.0]","[577.6544189453125, 4.5, 0.0]",6.312135225334384,6.546233654022217,0.09501105970159962,19.821387715934673,0.2210526659951464,0.0344141386449337,0.0,0.0344141386449337,0.0
82.489563,"[557.7319946289062, 13.877351760864258, 0.0]","[577.7850952148438, 4.5, 0.0]",6.314506694456245,6.547837257385255,0.11857345609307401,19.82595607243972,0.23409842868783315,0.04295041784644127,0.0,0.04295041784644127,0.0
82.509042,"[557.8582153320312, 13.880277633666992, 0.0]","[577.915771484375, 4.5, 0.0]",6.316902966264198,6.562964916229248,0.11981359039765493,19.830403678722067,0.23333056292900967,0.043390290811657906,0.0,0.043390290811657906,0.0
82.529983,"[557.9844970703125, 13.883204460144043, 0.0]","[578.0492553710938, 4.5, 0.0]",6.319325938616318,6.569746017456055,0.12114861760599283,19.834792865374244,0.24606194996504982,0.043873018585145473,0.0,0.043873018585145473,0.0
82.550386,"[558.1107788085938, 13.88613224029541, 0.0]","[578.181640625, 4.5, 0.0]",6.321777531125889,6.57977294921875,0.12257962547854717,19.841926564965746,0.2504200788397366,0.044388165697455406,0.0,0.044388165697455406,0.0
82.569603,"[558.2371215820312, 13.889060974121094, 0.0]","[578.3110961914062, 4.5, 0.0]",6.324255835575206,6.5895795822143555,0.12391522246586462,19.8479605940608,0.257995418092861,0.04486792255192995,0.0,0.04486792255192995,0.0
82.592061,"[558.363525390625, 13.891990661621094, 0.0]","[578.4429321289062, 4.5, 0.0]",6.327529715549786,6.599566459655762,0.1636939987289754,19.851005993382472,0.26532374663914915,0.05928391125053167,0.0,0.05928391125053167,0.0
82.608865,"[558.489990234375, 13.894922256469727, 0.0]","[578.5740966796875, 4.5, 0.0]",6.3308188553954805,6.609673023223877,0.16445699228473387,19.856370084506516,0.2720367441059759,0.05953560583293438,0.0,0.05953560583293438,0.0
82.628908,"[558.6165161132812, 13.897854804992676, 0.0]","[578.707763671875, 4.5, 0.0]",6.334146157868277,6.621287822723389,0.16636512363983336,19.8610005944038,0.27885416782839645,0.060226148925721645,0.0,0.060226148925721645,0.0
82.648831,"[558.7431030273438, 13.900789260864258, 0.0]","[578.83984375, 4.5, 0.0]",6.337498263717799,6.63276481628418,0.1676052924760807,19.868071832836613,0.2871416648551115,0.06069172639399767,0.0,0.06069172639399767,0.0
82.670235,"[558.8697509765625, 13.903724670410156, 0.0]","[578.9727783203125, 4.5, 0.0]",6.340875168109643,6.644313335418701,0.16884521959221743,19.873496833858265,0.2952665525663809,0.0611477205529809,0.0,0.0611477205529809,0.0
82.689941,"[558.9964599609375, 13.906661987304688, 0.0]","[579.1055297851562, 4.5, 0.0]",6.345049561078854,6.655851364135742,0.20871964846054247,19.879712429801454,0.30343816730905804,0.07556800730526447,0.0,0.07556800730526447,0.0
82.709867,"[559.1232299804688, 13.909601211547852, 0.0]","[579.23828125, 4.5, 0.0]",6.349248747065422,6.667516231536865,0.2099592993284105,19.88568784852325,0.3108018030568882,0.07602168247103691,0.0,0.07602168247103691,0.0
82.729813,"[559.2501220703125, 13.912542343139648, 0.0]","[579.3724365234375, 4.5, 0.0]",6.3534708302829435,6.680346488952637,0.21110416087606332,19.89159957652444,0.31826748447144304,0.07643955294042826,0.0,0.07643955294042826,0.0
82.748835,"[559.3770751953125, 13.915485382080078, 0.0]","[579.507080078125, 4.5, 0.0]",6.357721536765646,6.693229675292969,0.21253532413512133,19.898792654417853,0.32687565866969326,0.0769433006644249,0.0,0.0769433006644249,0.0
82.769543,"[559.5040893554688, 13.91843032836914, 0.0]","[579.640869140625, 4.5, 0.0]",6.361997049042215,6.706027984619141,0.21377561382847077,19.906414135001683,0.33550813852732286,0.07739050779491663,0.0,0.07739050779491663,0.0
82.791364,"[559.6312255859375, 13.921377182006836, 0.0]","[579.7748413085938, 4.5, 0.0]",6.366951757320368,6.718842506408691,0.24773541390765708,19.913120290717828,0.3440309355769253,0.08971794508397579,0.0,0.08971794508397579,0.0
82.809949,"[559.7584228515625, 13.924325942993164, 0.0]","[579.9088745117188, 4.5, 0.0]",6.371927449777414,6.731746673583984,0.24878462285227165,19.919886105476333,0.35189074908832296,0.09008112363517284,0.0,0.09008112363517284,0.0
82.828929,"[559.8857421875, 13.927276611328125, 0.0]","[580.04443359375, 4.5, 0.0]",6.376926031868592,6.745447158813477,0.24992910455892137,19.926654509565964,0.3598192238065705,0.09050337597727776,0.0,0.09050337597727776,0.0
82.849587,"[560.0131225585938, 13.930230140686035, 0.0]","[580.18017578125, 4.5, 0.0]",6.381951329007219,6.759163856506348,0.2512648569313214,19.934819716846025,0.36852112694488426,0.09097007103264332,0.0,0.09097007103264332,0.0
82.868991,"[560.140625, 13.933185577392578, 0.0]","[580.3145141601562, 4.5, 0.0]",6.387003333596563,6.772739887237549,0.2526002294672036,19.943113480860827,0.3772125274991289,0.09146763943135738,0.0,0.09146763943135738,0.0
82.891499,"[560.2682495117188, 13.936142921447754, 0.0]","[580.451904296875, 4.5, 0.0]",6.392944401529058,6.786625862121582,0.29705339662475794,19.94988173317203,0.385736553640986,0.10754638351500034,0.0,0.10754638351500034,0.0
82.91023,"[560.3959350585938, 13.939103126525879, 0.0]","[580.5860595703125, 4.5, 0.0]",6.398900731404612,6.80022668838501,0.2978164937776917,19.95957620690741,0.39368146059252407,0.10784229263663292,0.0,0.10784229263663292,0.0
82.929477,"[560.5237426757812, 13.942066192626953, 0.0]","[580.7217407226562, 4.5, 0.0]",6.4048742324768035,6.8142547607421875,0.29867505360958724,19.965974282062767,0.40132595698039797,0.10816344060003757,0.0,0.10816344060003757,0.0
82.948633,"[560.6516723632812, 13.945032119750977, 0.0]","[580.8595581054688, 4.5, 0.0]",6.410874441690364,6.831838607788086,0.30001046067802406,19.973780998819223,0.40938052826538396,0.10862432420253754,0.0,0.10862432420253754,0.0
82.970409,"[560.7797241210938, 13.94800090789795, 0.0]","[580.9983520507812, 4.5, 0.0]",6.416899451518247,6.839524269104004,0.30125049139413385,19.98359731204864,0.4209641660977219,0.10907446034252644,0.0,0.10907446034252644,0.0
82.992797,"[560.9078979492188, 13.950971603393555, 0.0]","[581.1333618164062, 4.5, 0.0]",6.424034841682022,6.8601484298706055,0.35676950818874786,19.99426914185332,0.4226248175857572,0.12917455285787582,0.0,0.12917455285787582,0.0
83.00956,"[561.0361938476562, 13.95394515991211, 0.0]","[581.2694702148438, 4.5, 0.0]",6.4311797750059085,6.867539882659912,0.3572466661943441,20.001034406626513,0.4361135881885838,0.12934875674545765,0.0,0.12934875674545765,0.0
83.028964,"[561.1646118164062, 13.95692253112793, 0.0]","[581.4073486328125, 4.5, 0.0]",6.4383418740016705,6.888298988342285,0.35810494978809615,20.008774584426227,0.43636010765400357,0.1296597719192505,0.0,0.1296597719192505,0.0
83.050844,"[561.293212890625, 13.9599027633667, 0.0]","[581.5466918945312, 4.5, 0.0]",6.445524957521728,6.895869731903076,0.359154176002896,20.018163501097558,0.4499571143406147,0.13003421016037464,0.0,0.13003421016037464,0.0
83.068671,"[561.4219360351562, 13.962886810302734, 0.0]","[581.6840209960938, 4.5, 0.0]",6.452732846144932,6.916575908660889,0.36039443116018255,20.02883771104272,0.4503447743813478,0.1304887793958187,0.0,0.1304887793958187,0.0
83.09012,"[561.5508422851562, 13.965873718261719, 0.0]","[581.822509765625, 4.5, 0.0]",6.460570327814809,6.924059867858888,0.39187408349383723,20.037369567066886,0.46384306251595664,0.1418983656913042,0.0,0.1418983656913042,0.0
83.10902,"[561.6798706054688, 13.968864440917969, 0.0]","[581.960693359375, 4.5, 0.0]",6.4684211621742485,6.944783687591553,0.3925417179719837,20.04688426871584,0.46348954004407883,0.14212965033948421,0.0,0.14212965033948421,0.0
83.129393,"[561.8090209960938, 13.971858978271484, 0.0]","[582.099609375, 4.5, 0.0]",6.4763025242180365,6.951732635498047,0.39406810218940436,20.05596513768465,0.4763625254173043,0.14269846491515636,0.0,0.14269846491515636,0.0
83.149806,"[561.9383544921875, 13.97485637664795, 0.0]","[582.2439575195312, 4.5, 0.0]",6.484208684459161,6.972548961639404,0.395308012056228,20.06566007479665,0.47543011128001034,0.14315251260995865,0.0,0.14315251260995865,0.0
83.169275,"[562.06787109375, 13.97785758972168, 0.0]","[582.3817138671875, 4.5, 0.0]",6.492133930329739,6.97938871383667,0.39626229352891507,20.080602560547803,0.4883402771802432,0.14350282028317451,0.0,0.14350282028317451,0.0
83.191003,"[562.197509765625, 13.980862617492676, 0.0]","[582.5195922851562, 4.5, 0.0]",6.500868098200239,6.99957275390625,0.43670839352496493,20.088774524274477,0.4872547835069305,0.15813089907169342,0.0,0.15813089907169342,0.0
83.211327,"[562.3273315429688, 13.983871459960938, 0.0]","[582.65869140625, 4.5, 0.0]",6.509619444173085,7.006437301635743,0.43756729864230515,20.09694242770861,0.4987046557060113,0.1584319956600666,0.0,0.1584319956600666,0.0
83.229625,"[562.4573364257812, 13.986884117126465, 0.0]","[582.7988891601562, 4.5, 0.0]",6.518387966176503,7.025960922241211,0.4384261001709078,20.106148887068475,0.4968178574626583,0.15874750912189484,0.0,0.15874750912189484,0.0
83.250192,"[562.5874633789062, 13.989900588989258, 0.0]","[582.94140625, 4.5, 0.0]",6.527173655233119,7.032363414764404,0.43928445283079043,20.116269214756965,0.507572956064708,0.15907064080238342,0.0,0.15907064080238342,0.0
83.268527,"[562.7177734375, 13.992921829223633, 0.0]","[583.0809936523438, 4.5, 0.0]",6.535984146975797,7.051833629608154,0.44052458713390585,20.128586129741645,0.5051897595312855,0.1595168188214302,0.0,0.1595168188214302,0.0
83.290735,"[562.8482666015625, 13.995946884155273, 0.0]","[583.2223510742188, 4.5, 0.0]",6.544817536294411,7.058131217956543,0.4416694659306941,20.137792303562847,0.5158494826323574,0.15993742272257805,0.0,0.15993742272257805,0.0
83.30976,"[562.9789428710938, 13.99897575378418, 0.0]","[583.3633422851562, 4.5, 0.0]",6.554021046291622,7.077597618103027,0.46017549986054895,20.148583550876946,0.5133136816621322,0.16662580892443657,0.0,0.16662580892443657,0.0
83.329509,"[563.1098022460938, 14.002008438110352, 0.0]","[583.505126953125, 4.5, 0.0]",6.56324173024766,7.082822799682617,0.4610341978019239,20.158825540877128,0.5235765718114056,0.16694476827979088,0.0,0.16694476827979088,0.0
83.348755,"[563.2408447265625, 14.005045890808105, 0.0]","[583.6475219726562, 4.5, 0.0]",6.572473856604021,7.101431369781494,0.46160631781804184,20.16967763017962,0.519581069434957,0.1671435311436653,0.0,0.1671435311436653,0.0
83.368932,"[563.3720703125, 14.008087158203125, 0.0]","[583.7918701171875, 4.5, 0.0]",6.581732700769624,7.106872081756592,0.4629422082801593,20.180956740379003,0.5289575131774731,0.16762351617217064,0.0,0.16762351617217064,0.0
83.389834,"[563.5034790039062, 14.011133193969727, 0.0]","[583.9317016601562, 4.5, 0.0]",6.591502854038592,7.125267505645752,0.4885076634483898,20.194005306496933,0.5251393809869676,0.1768781617283821,0.0,0.1768781617283821,0.0
83.410085,"[563.6350708007812, 14.014183044433594, 0.0]","[584.07666015625, 4.5, 0.0]",6.601282547014666,7.1305999755859375,0.48898464880369197,20.202355316892604,0.5337646516071599,0.17705140635371208,0.0,0.17705140635371208,0.0
83.429356,"[563.766845703125, 14.017237663269043, 0.0]","[584.2171020507812, 4.5, 0.0]",6.611083218990687,7.147895336151123,0.4900335988010429,20.21565041844966,0.5293174285712716,0.1774383895099163,0.0,0.1774383895099163,0.0
83.449587,"[563.8988647460938, 14.020297050476074, 0.0]","[584.3609619140625, 4.5, 0.0]",6.6208991570531275,7.155446529388428,0.49079690312203716,20.224241645803442,0.5368121171604363,0.17770742997527122,0.0,0.17770742997527122,0.0
83.475751,"[564.0310668945312, 14.023361206054688, 0.0]","[584.5059204101562, 4.5, 0.0]",6.630734171422311,7.16308355331421,0.49175071845919405,20.23601105890689,0.5345473723353003,0.17805000767111778,0.0,0.17805000767111778,0.0
83.490603,"[564.1634521484375, 14.026429176330566, 0.0]","[584.6492919921875, 4.5, 0.0]",6.640706553292359,7.180597305297852,0.49861909350239486,20.248691652016547,0.5323493818918985,0.18054630607366562,0.0,0.18054630607366562,0.0
83.511048,"[564.2960205078125, 14.029501914978027, 0.0]","[584.79052734375, 4.5, 0.0]",6.650680843725331,7.184474468231201,0.49871452164858,20.25960793707853,0.5398907520054923,0.1805681362748146,0.0,0.1805681362748146,0.0
83.529841,"[564.4287719726562, 14.03257942199707, 0.0]","[584.9373168945312, 4.5, 0.0]",6.660681847133607,7.2010297775268555,0.5000501704138127,20.26820007373949,0.5337936245058703,0.1810714788734913,0.0,0.1810714788734913,0.0
83.550577,"[564.561767578125, 14.035661697387695, 0.0]","[585.0792236328125, 4.5, 0.0]",6.670700017595178,7.203925609588624,0.500908523078536,20.28216041849549,0.5403479303932484,0.18138037994503975,0.0,0.18138037994503975,0.0
83.574605,"[564.6949462890625, 14.038748741149902, 0.0]","[585.2313232421875, 4.5, 0.0]",6.680748715395691,7.2208356857299805,0.5024348900256381,20.29100173791328,0.5332255919934461,0.1819317787885666,0.0,0.1819317787885666,0.0
83.59141,"[564.8283081054688, 14.041839599609375, 0.0]","[585.3672485351562, 4.5, 0.0]",6.690774521489998,7.223326206207275,0.5012903047153738,20.30984602830445,0.5400869703342899,0.18151180818676949,0.0,0.18151180818676949,0.0
83.610707,"[564.9619140625, 14.04493522644043, 0.0]","[585.5119018554688, 4.5, 0.0]",6.700804143674309,7.239612102508545,0.5014811092155291,20.312334532736312,0.5325516847172773,0.18160220235586166,0.0,0.18160220235586166,0.0
83.629762,"[565.095703125, 14.048035621643066, 0.0]","[585.65673828125, 4.5, 0.0]",6.710856659981732,7.2416229248046875,0.5026258153711716,20.323307202027507,0.5388079588342363,0.18200749531388283,0.0,0.18200749531388283,0.0
83.649007,"[565.2296752929688, 14.051140785217285, 0.0]","[585.8025512695312, 4.5, 0.0]",6.7209263426519295,7.257028579711914,0.5034841335098683,20.334282429821144,0.5307662648229554,0.1823178119957447,0.0,0.1823178119957447,0.0
83.671005,"[565.3638305664062, 14.054250717163086, 0.0]","[585.9483642578125, 4.5, 0.0]",6.731015096449871,7.259096145629883,0.504437689897097,20.346049457988013,0.5361022370599846,0.18266577273607254,0.0,0.18266577273607254,0.0
83.691039,"[565.4982299804688, 14.057365417480469, 0.0]","[586.0929565429688, 4.5, 0.0]",6.741183980196666,7.27442741394043,0.5084441873397516,20.357633320258884,0.5280810491800114,0.18412040546536446,0.0,0.18412040546536446,0.0
83.70981,"[565.6328125, 14.060484886169434, 0.0]","[586.2374267578125, 4.5, 0.0]",6.751364315320904,7.27631425857544,0.5090167562118886,20.367751286612176,0.5332434337437633,0.18431488424539566,0.0,0.18431488424539566,0.0
83.730072,"[565.767578125, 14.06360912322998, 0.0]","[586.3866577148438, 4.5, 0.0]",6.761565640148575,7.290990829467773,0.5100662413835444,20.37756404862921,0.5249499432545361,0.18468601629137993,0.0,0.18468601629137993,0.0
83.750096,"[565.902587890625, 14.06673812866211, 0.0]","[586.5297241210938, 4.5, 0.0]",6.771778414972571,7.2920050621032715,0.5106387411998092,20.391953107942395,0.5294251893191984,0.18489133566617966,0.0,0.18489133566617966,0.0
83.769966,"[566.0377807617188, 14.06987190246582, 0.0]","[586.6787719726562, 4.5, 0.0]",6.781991188415513,7.306675910949707,0.5106386721470901,20.39993508587879,0.5202266471307002,0.1849079318344593,0.0,0.1849079318344593,0.0
83.791161,"[566.1731567382812, 14.073010444641113, 0.0]","[586.8258056640625, 4.5, 0.0]",6.791892982460886,7.3079023361206055,0.49508970226863624,20.41371373651945,0.524684722534194,0.17928440123796463,0.0,0.17928440123796463,0.0
83.810577,"[566.3087768554688, 14.076152801513672, 0.0]","[586.9682006835938, 4.5, 0.0]",6.801817673736756,7.3221306800842285,0.4962345637935073,20.425295600941286,0.5160093536597197,0.1796826533973217,0.0,0.1796826533973217,0.0
83.829501,"[566.444580078125, 14.079299926757812, 0.0]","[587.1151733398438, 4.5, 0.0]",6.8117576273010165,7.32265567779541,0.4969976782130292,20.4319958753433,0.5203130063474726,0.17997592687606812,0.0,0.17997592687606812,0.0
83.84964,"[566.58056640625, 14.082451820373535, 0.0]","[587.2621459960938, 4.5, 0.0]",6.821716659588927,7.336510181427002,0.4979516143955198,20.443089390730265,0.5108980504943936,0.18030013889074326,0.0,0.18030013889074326,0.0
83.870224,"[566.7167358398438, 14.08560848236084, 0.0]","[587.4082641601562, 4.5, 0.0]",6.831687139111027,7.336992263793946,0.4985239761050142,20.45399973932177,0.514793521838075,0.18052682280540466,0.0,0.18052682280540466,0.0
83.889851,"[566.8531494140625, 14.088769912719727, 0.0]","[587.5581665039062, 4.5, 0.0]",6.841560323012007,7.350988864898682,0.4936591950489788,20.463872658332146,0.505305124682919,0.17875583842396736,0.0,0.17875583842396736,0.0
83.909965,"[566.98974609375, 14.091936111450195, 0.0]","[587.7017822265625, 4.5, 0.0]",6.851443042476905,7.354629993438721,0.49413597324492464,20.47728321518121,0.5094285418866749,0.17891177907586098,0.0,0.17891177907586098,0.0
83.930831,"[567.1265258789062, 14.09510612487793, 0.0]","[587.850341796875, 4.5, 0.0]",6.861341024920723,7.361439228057863,0.49489912219087273,20.48422701180051,0.5031869509618154,0.1791892945766449,0.0,0.1791892945766449,0.0
83.950082,"[567.2634887695312, 14.098280906677246, 0.0]","[587.996337890625, 4.5, 0.0]",6.871254268962403,7.368132591247559,0.4956622020840129,20.495930184108836,0.5000982031371404,0.17947157844901085,0.0,0.17947157844901085,0.0
83.970488,"[567.4006958007812, 14.101460456848145, 0.0]","[588.14404296875, 4.5, 0.0]",6.881167516801993,7.374902248382568,0.49566239197949,20.50488740127253,0.4968783222851556,0.1794922724366188,0.0,0.1794922724366188,0.0
83.99038,"[567.5380859375, 14.104644775390625, 0.0]","[588.2925415039062, 4.5, 0.0]",6.890725909013331,7.38170862197876,0.47791961056691257,20.515308958436552,0.49373473158057557,0.17305057495832443,0.0,0.17305057495832443,0.0
84.009974,"[567.6756591796875, 14.107833862304688, 0.0]","[588.4397583007812, 4.5, 0.0]",6.900297651842788,7.38843297958374,0.47858714147284154,20.526337907563967,0.4909827129654287,0.17329147085547447,0.0,0.17329147085547447,0.0
84.029874,"[567.8134155273438, 14.111026763916016, 0.0]","[588.5869140625, 4.5, 0.0]",6.909884654198509,7.394968032836914,0.4793501177860371,20.53590632314806,0.48813532774095236,0.17358280718326569,0.0,0.17358280718326569,0.0
84.04961,"[567.9513549804688, 14.114224433898926, 0.0]","[588.7359008789062, 4.5, 0.0]",6.91948310378842,7.401585102081299,0.47992247949557587,20.545229232636483,0.48508337863840545,0.17379362136125565,0.0,0.17379362136125565,0.0
84.069094,"[568.0895385742188, 14.117426872253418, 0.0]","[588.8834838867188, 4.5, 0.0]",6.929096811868791,7.408138751983643,0.48068540401855486,20.556199538430178,0.4821019982928787,0.17405834048986435,0.0,0.17405834048986435,0.0
84.09064,"[568.2279052734375, 14.120633125305176, 0.0]","[589.0324096679688, 4.5, 0.0]",6.938414810090575,7.414754867553713,0.4658999110891848,20.565520882497022,0.47904194011485135,0.16870500519871712,0.0,0.16870500519871712,0.0
84.109297,"[568.366455078125, 14.123844146728516, 0.0]","[589.180908203125, 4.5, 0.0]",6.9477423500910644,7.421359062194824,0.466377000024476,20.57600149388685,0.4763400574631378,0.16886737197637558,0.0,0.16886737197637558,0.0
84.129775,"[568.5051879882812, 14.127059936523438, 0.0]","[589.328857421875, 4.5, 0.0]",6.957083238638039,7.428000450134277,0.4670444273487284,20.585874496912773,0.4736167121037598,0.16909943893551826,0.0,0.16909943893551826,0.0
84.150522,"[568.6441040039062, 14.130279541015625, 0.0]","[589.4778442382812, 4.5, 0.0]",6.966431756602869,7.434687614440918,0.4674258982415136,20.59501381930415,0.47091721149623833,0.1692691631615162,0.0,0.1692691631615162,0.0
84.169731,"[568.783203125, 14.133503913879395, 0.0]","[589.6264038085938, 4.5, 0.0]",6.975793632091128,7.441354274749756,0.46809377441294764,20.6050086623687,0.4682558578380487,0.16950935125350952,0.0,0.16950935125350952,0.0
84.189819,"[568.9224853515625, 14.13673210144043, 0.0]","[589.7764892578125, 4.5, 0.0]",6.984878866431723,7.448093414306641,0.45426171702973583,20.6143918614228,0.4655606426586276,0.16449442133307457,0.0,0.16449442133307457,0.0
84.210045,"[569.0619506835938, 14.139965057373047, 0.0]","[589.9246215820312, 4.5, 0.0]",6.993973646003703,7.454780578613281,0.454738978599023,20.625113343410586,0.46321454787491767,0.16465581953525543,0.0,0.16465581953525543,0.0
84.229655,"[569.2015991210938, 14.14320182800293, 0.0]","[590.0731201171875, 4.5, 0.0]",7.003081780336983,7.4617743492126465,0.45540671666399746,20.633705793536006,0.46080693260957784,0.16489606350660324,0.0,0.16489606350660324,0.0
84.249785,"[569.3414306640625, 14.146443367004395, 0.0]","[590.22314453125, 4.5, 0.0]",7.012199450234135,7.468836784362793,0.4558834948575896,20.642478517169312,0.4586925688756631,0.16508102416992188,0.0,0.16508102416992188,0.0
84.268397,"[569.4814453125, 14.149688720703125, 0.0]","[590.3724365234375, 4.5, 0.0]",7.021324754382908,7.475868225097656,0.4562652074386442,20.652593543252962,0.4566373341286578,0.16521986573934555,0.0,0.16521986573934555,0.0
84.289886,"[569.6216430664062, 14.152937889099121, 0.0]","[590.52294921875, 4.5, 0.0]",7.030215395755107,7.482957363128663,0.44453206860994854,20.661793199400094,0.4545434707147482,0.1609649881720543,0.0,0.1609649881720543,0.0
84.309706,"[569.7620239257812, 14.1561918258667, 0.0]","[590.6713256835938, 4.5, 0.0]",7.039119385328459,7.490002155303955,0.4451994786676128,20.6720300862456,0.452741967373556,0.16119057312607765,0.0,0.16119057312607765,0.0
84.328911,"[569.902587890625, 14.159449577331543, 0.0]","[590.8214721679688, 4.5, 0.0]",7.048032907703491,7.50095272064209,0.4456761187515923,20.67994679938371,0.4508827699754958,0.16137240454554558,0.0,0.16137240454554558,0.0
84.349885,"[570.0433349609375, 14.162711143493652, 0.0]","[590.9727172851562, 4.5, 0.0]",7.056954063294339,7.501955986022949,0.4460577795423859,20.689451261652827,0.45291981293859873,0.16151746734976768,0.0,0.16151746734976768,0.0
84.368752,"[570.1842651367188, 14.165977478027344, 0.0]","[591.122802734375, 4.5, 0.0]",7.065880944919177,7.516235828399658,0.4463440812418895,20.699870917077302,0.4450019227286104,0.16163283959031105,0.0,0.16163283959031105,0.0
84.39026,"[570.3253784179688, 14.1692476272583, 0.0]","[591.2733764648438, 4.5, 0.0]",7.074578885658174,7.517206668853761,0.43489703694987725,20.708948049082657,0.4503548834804816,0.1574832946062088,0.0,0.1574832946062088,0.0
84.410159,"[570.4666748046875, 14.172521591186523, 0.0]","[591.4237060546875, 4.5, 0.0]",7.08328827466718,7.531581878662109,0.4354694504502987,20.718328834721756,0.4426277831955865,0.15768755227327347,0.0,0.15768755227327347,0.0
84.429983,"[570.608154296875, 14.175800323486328, 0.0]","[591.574462890625, 4.5, 0.0]",7.092007196823132,7.53328275680542,0.43594610779758014,20.727283751945254,0.44829360399492924,0.15785694122314453,0.0,0.15785694122314453,0.0
84.450087,"[570.749755859375, 14.179082870483398, 0.0]","[591.7257690429688, 4.5, 0.0]",7.100733752540171,7.548343658447266,0.4363277858519421,20.736482633759195,0.4412755599822882,0.1579800806939602,0.0,0.1579800806939602,0.0
84.469319,"[570.8915405273438, 14.182369232177734, 0.0]","[591.8760986328125, 4.5, 0.0]",7.1094564952746495,7.550016403198242,0.4361371367239464,20.746109911790274,0.44760990590709504,0.15794122591614723,0.0,0.15794122591614723,0.0
84.489215,"[571.0335083007812, 14.185659408569336, 0.0]","[592.0278930664062, 4.5, 0.0]",7.118186875713486,7.565105438232422,0.4365190219418391,20.754576392054645,0.4405599079235927,0.15807544812560081,0.0,0.15807544812560081,0.0
84.509442,"[571.1756591796875, 14.18895435333252, 0.0]","[592.1787719726562, 4.5, 0.0]",7.12697830668694,7.566910266876222,0.4395715486726903,20.764321469785937,0.4469185625189356,0.1591648906469345,0.0,0.1591648906469345,0.0
84.529142,"[571.3179931640625, 14.192253112792969, 0.0]","[592.3299560546875, 4.5, 0.0]",7.1357830896595065,7.582788944244385,0.4402391486283186,20.772970806551943,0.4399319601892815,0.15939373522996902,0.0,0.15939373522996902,0.0
84.550199,"[571.4605102539062, 14.195555686950684, 0.0]","[592.483154296875, 4.5, 0.0]",7.144597408541168,7.585464000701904,0.440715944083081,20.781742092466065,0.4470058545848783,0.15958497300744057,0.0,0.15958497300744057,0.0
84.570912,"[571.6032104492188, 14.198862075805664, 0.0]","[592.63427734375, 4.5, 0.0]",7.153421265403562,7.601341247558594,0.44119284311969764,20.792343853068008,0.4408665921607362,0.15974648296833038,0.0,0.15974648296833038,0.0
84.589453,"[571.74609375, 14.202173233032227, 0.0]","[592.7866821289062, 4.5, 0.0]",7.1621115756889475,7.6039652824401855,0.4345155142692736,20.80068918684043,0.4479199821550317,0.15735283493995667,0.0,0.15735283493995667,0.0
84.610672,"[571.8890991210938, 14.205488204956055, 0.0]","[592.9385986328125, 4.5, 0.0]",7.170809514356331,7.619999408721924,0.4348969333691777,20.810131392417823,0.44185370675123803,0.1574830524623394,0.0,0.1574830524623394,0.0
84.62887,"[572.0322875976562, 14.208806991577148, 0.0]","[593.0909423828125, 4.5, 0.0]",7.179513176295536,7.623536586761475,0.4351830969602677,20.818961964947587,0.44918989436559276,0.15759442001581192,0.0,0.15759442001581192,0.0
84.650156,"[572.1756591796875, 14.212130546569824, 0.0]","[593.24462890625, 4.5, 0.0]",7.188222562887661,7.640494346618652,0.43546932960620843,20.828037880658286,0.4440234104659382,0.15769094228744507,0.0,0.15769094228744507,0.0
84.669366,"[572.3192138671875, 14.215457916259766, 0.0]","[593.396484375, 4.5, 0.0]",7.196943396023428,7.643998146057129,0.43604165678838847,20.83827304249717,0.45227178373099175,0.15789741650223732,0.0,0.15789741650223732,0.0
84.689669,"[572.4629516601562, 14.218789100646973, 0.0]","[593.5504150390625, 4.5, 0.0]",7.205910340896298,7.660975933074951,0.44834724364348766,20.84649449655953,0.44705475003370054,0.16234979033470154,0.0,0.16234979033470154,0.0
84.710213,"[572.6068725585938, 14.222124099731445, 0.0]","[593.7033081054688, 4.5, 0.0]",7.214883009731538,7.664660930633546,0.44863344176198083,20.85660744407899,0.45506559217865306,0.16246143728494644,0.0,0.16246143728494644,0.0
84.728148,"[572.7509765625, 14.2254638671875, 0.0]","[593.8562622070312, 4.5, 0.0]",7.223861399766956,7.68251371383667,0.4489195017709058,20.865499927822505,0.4497779209020081,0.16256073489785194,0.0,0.16256073489785194,0.0
84.749389,"[572.895263671875, 14.22880744934082, 0.0]","[594.0118408203125, 4.5, 0.0]",7.232843607964022,7.68722677230835,0.44911040985331496,20.87427026353942,0.4586523140697141,0.16263429075479507,0.0,0.16263429075479507,0.0
84.7687,"[573.0396728515625, 14.232154846191406, 0.0]","[594.1647338867188, 4.5, 0.0]",7.241837265121651,7.705074787139893,0.44968285788145046,20.885478541087124,0.45438316434432746,0.1628132164478302,0.0,0.1628132164478302,0.0
84.797468,"[573.1842651367188, 14.235507011413574, 0.0]","[594.3189086914062, 4.5, 0.0]",7.250882429999307,7.709681510925293,0.4522582438827971,20.893885307957305,0.4632375220182414,0.16374878585338593,0.0,0.16374878585338593,0.0
84.810871,"[573.3290405273438, 14.238862991333008, 0.0]","[594.4721069335938, 4.5, 0.0]",7.259933323673166,7.727656841278076,0.45254468369293477,20.903387581636604,0.45879908092598587,0.1638556271791458,0.0,0.1638556271791458,0.0
84.845021,"[573.4739990234375, 14.242222785949707, 0.0]","[594.6282958984375, 4.5, 0.0]",7.2689784930393815,7.7366623878479,0.4522584683107844,20.911730410309236,0.4677235176049104,0.16376210376620293,0.0,0.16376210376620293,0.0
84.856061,"[573.619140625, 14.245587348937988, 0.0]","[594.8311157226562, 4.5, 0.0]",7.278033202112698,7.752690315246582,0.45273545366582013,20.922880013978094,0.4676838948085189,0.16392624005675316,0.0,0.16392624005675316,0.0
84.869746,"[573.7644653320312, 14.248955726623535, 0.0]","[594.937255859375, 4.5, 0.0]",7.287080281077651,7.761079788208008,0.4523539482476746,20.980464790577496,0.47465711313388415,0.1637841947376728,0.0,0.1637841947376728,0.0
84.892578,"[573.9099731445312, 14.252328872680664, 0.0]","[595.0945434570312, 4.5, 0.0]",7.296127360042606,7.773509502410889,0.452353948247719,20.941212691946383,0.47399950713035643,0.16381319612264633,0.0,0.16381319612264633,0.0
84.910451,"[574.0556640625, 14.255705833435059, 0.0]","[595.2510986328125, 4.5, 0.0]",7.30560370027679,7.785998344421387,0.47381701170921,20.952913882402516,0.4773821423682829,0.17157098278403282,0.0,0.17157098278403282,0.0
84.930881,"[574.2015380859375, 14.259086608886719, 0.0]","[595.404541015625, 4.5, 0.0]",7.315081952181358,7.79900598526001,0.47391259522839846,20.96369561256685,0.48039464414459676,0.1715962216258049,0.0,0.1715962216258049,0.0
84.950223,"[574.3475952148438, 14.262472152709961, 0.0]","[595.5614013671875, 4.5, 0.0]",7.324571650974843,7.812304973602295,0.47448493967423566,20.971183604405187,0.48392403307865184,0.17182299867272377,0.0,0.17182299867272377,0.0
84.969589,"[574.4938354492188, 14.265862464904785, 0.0]","[595.71826171875, 4.5, 0.0]",7.3340613542568915,7.825604438781738,0.474485164102445,20.98190548053769,0.4877333226274523,0.17182255163788795,0.0,0.17182255163788795,0.0
84.992782,"[574.6402587890625, 14.269256591796875, 0.0]","[595.8762817382812, 4.5, 0.0]",7.343566312231284,7.838998794555664,0.475247898719644,20.99244418987439,0.49154308452484674,0.1721007376909256,0.0,0.1721007376909256,0.0
85.009327,"[574.7869262695312, 14.272655487060547, 0.0]","[596.0297241210938, 4.5, 0.0]",7.353351716739908,7.852097988128664,0.48927022543119314,21.003961843186573,0.49543248232437964,0.17716683447360992,0.0,0.17716683447360992,0.0
85.030231,"[574.9337768554688, 14.276058197021484, 0.0]","[596.1883544921875, 4.5, 0.0]",7.363139027394589,7.866372585296631,0.48936553273404293,21.010656172116462,0.4987462713887556,0.17719678580760956,0.0,0.17719678580760956,0.0
85.050008,"[575.080810546875, 14.279465675354004, 0.0]","[596.3463134765625, 4.5, 0.0]",7.372937795641633,7.880584239959717,0.4899384123521866,21.022353951784346,0.5032335579020417,0.17739607021212578,0.0,0.17739607021212578,0.0
85.069225,"[575.22802734375, 14.282877922058105, 0.0]","[596.5033569335938, 4.5, 0.0]",7.38273656872247,7.894719123840332,0.4899386540418771,21.033193255756725,0.5076464443180839,0.1774141564965248,0.0,0.1774141564965248,0.0
85.090506,"[575.3754272460938, 14.286294937133789, 0.0]","[596.6621704101562, 4.5, 0.0]",7.39254677867939,7.909011363983154,0.490510497845964,21.042943684210055,0.5119825551178616,0.17762398347258568,0.0,0.17762398347258568,0.0
85.10973,"[575.5230712890625, 14.289715766906738, 0.0]","[596.820068359375, 4.5, 0.0]",7.402782438994718,7.923312664031982,0.5117830157664205,21.054273651839438,0.5164645853037646,0.18531965091824532,0.0,0.18531965091824532,0.0
85.128842,"[575.6708984375, 14.29314136505127, 0.0]","[596.978271484375, 4.5, 0.0]",7.413023826034594,7.938357830047607,0.5120693519938158,21.064445542413974,0.5205302250372643,0.18543239682912827,0.0,0.18543239682912827,0.0
85.149619,"[575.8189086914062, 14.296571731567383, 0.0]","[597.137939453125, 4.5, 0.0]",7.423274761413273,7.95353364944458,0.5125467689339303,21.07473936004204,0.525334004013013,0.18558857962489128,0.0,0.18558857962489128,0.0
85.168988,"[575.9671020507812, 14.300006866455078, 0.0]","[597.2966918945312, 4.5, 0.0]",7.433535236844313,7.9686279296875,0.5130237715520014,21.086315831269427,0.530258888031307,0.18577806651592255,0.0,0.18577806651592255,0.0
85.190971,"[576.1155395507812, 14.303446769714355, 0.0]","[597.458251953125, 4.5, 0.0]",7.443801438999858,7.983983516693116,0.513310107777265,21.09678974390688,0.535092692843187,0.185870211571455,0.0,0.185870211571455,0.0
85.209064,"[576.26416015625, 14.306891441345215, 0.0]","[597.6159057617188, 4.5, 0.0]",7.454540780381761,7.999063014984131,0.5369670690951178,21.10983318694219,0.5401820776932578,0.19445084035396576,0.0,0.19445084035396576,0.0
85.22929,"[576.4130249023438, 14.310340881347656, 0.0]","[597.776611328125, 4.5, 0.0]",7.465285844344972,8.015129089355469,0.537253198160581,21.118784150662066,0.5445222346023701,0.19455410540103912,0.0,0.19455410540103912,0.0
85.249645,"[576.5620727539062, 14.31379508972168, 0.0]","[597.938720703125, 4.5, 0.0]",7.476038543250322,8.034673690795898,0.5376349452674845,21.130543239215566,0.5498432450104964,0.19468175247311592,0.0,0.19468175247311592,0.0
85.269049,"[576.7113647460938, 14.317255020141602, 0.0]","[598.098388671875, 4.5, 0.0]",7.486798869847214,8.043968200683594,0.5380163298446039,21.14351984891151,0.5586351475455764,0.1948283612728119,0.0,0.1948283612728119,0.0
85.292112,"[576.86083984375, 14.320719718933105, 0.0]","[598.2599487304688, 4.5, 0.0]",7.497561102244901,8.06679630279541,0.5381116198843294,21.153814244905814,0.5571693308363797,0.19486496224999428,0.0,0.19486496224999428,0.0
85.309533,"[577.0105590820312, 14.324189186096191, 0.0]","[598.4205322265625, 4.5, 0.0]",7.508916688817599,8.07626724243164,0.5677793286348987,21.16581568359859,0.5692352005505095,0.20560188218951225,0.0,0.20560188218951225,0.0
85.329716,"[577.1604614257812, 14.32766342163086, 0.0]","[598.5856323242188, 4.5, 0.0]",7.520270370625313,8.100208282470703,0.5676840903857006,21.176596636399022,0.567350553614042,0.20555241033434868,0.0,0.20555241033434868,0.0
85.350066,"[577.3106079101562, 14.331143379211426, 0.0]","[598.74951171875, 4.5, 0.0]",7.531625949602195,8.110688209533691,0.5677789488441221,21.191711185798145,0.5799379118453905,0.2055913768708706,0.0,0.2055913768708706,0.0
85.370516,"[577.4609985351562, 14.334628105163574, 0.0]","[598.9117431640625, 4.5, 0.0]",7.5429853484669875,8.134332656860352,0.5679699432396212,21.20535977824793,0.5790622599314963,0.20564692094922066,0.0,0.20564692094922066,0.0
85.39073,"[577.611572265625, 14.338118553161621, 0.0]","[599.0742797851562, 4.5, 0.0]",7.554770202523894,8.144674301147461,0.5892427028453273,21.217116678325713,0.591347308393364,0.21337460726499557,0.0,0.21337460726499557,0.0
85.409968,"[577.7623901367188, 14.34161376953125, 0.0]","[599.2328491210938, 4.5, 0.0]",7.566556959274223,8.16801643371582,0.589337837516446,21.228994107472584,0.5899040986235669,0.21339677274227142,0.0,0.21339677274227142,0.0
85.429716,"[577.9134521484375, 14.345114707946777, 0.0]","[599.3968505859375, 4.5, 0.0]",7.578351344061405,8.179286003112793,0.5897192393590878,21.23666388274844,0.6014594744415973,0.21354587748646736,0.0,0.21354587748646736,0.0
85.450245,"[578.0647583007812, 14.348621368408203, 0.0]","[599.5654296875, 4.5, 0.0]",7.590153367243299,8.204394340515137,0.5901011590947025,21.249517368165698,0.6009346590513882,0.21367482841014862,0.0,0.21367482841014862,0.0
85.469368,"[578.21630859375, 14.352132797241211, 0.0]","[599.7283325195312, 4.5, 0.0]",7.601961109553898,8.21554183959961,0.5903871155299445,21.266707184895377,0.6142409732718379,0.21378183737397194,0.0,0.21378183737397194,0.0
85.490158,"[578.3680419921875, 14.355649948120117, 0.0]","[599.8939819335938, 4.5, 0.0]",7.614501463113758,8.240324974060059,0.6270176779930026,21.27797669451149,0.6135807300457117,0.22705884650349617,0.0,0.22705884650349617,0.0
85.508794,"[578.52001953125, 14.359172821044922, 0.0]","[600.0572509765625, 4.5, 0.0]",7.627049448163136,8.251611709594727,0.6273992524689298,21.291807482523243,0.6258235109463008,0.2271769940853119,0.0,0.2271769940853119,0.0
85.528327,"[578.6722412109375, 14.362701416015625, 0.0]","[600.2230224609375, 4.5, 0.0]",7.639599346263794,8.277124404907227,0.6274949050328882,21.303014330804473,0.6245622614315902,0.2272067591547966,0.0,0.2272067591547966,0.0
85.555178,"[578.8247680664062, 14.366235733032227, 0.0]","[600.3949584960938, 4.5, 0.0]",7.65216260257834,8.29000473022461,0.6281628157272845,21.316480120467705,0.6375250586434325,0.22746026515960693,0.0,0.22746026515960693,0.0
85.569377,"[578.9775390625, 14.369775772094727, 0.0]","[600.5517578125, 4.5, 0.0]",7.664723951020534,8.314496994018555,0.6280674221097016,21.33580082069548,0.6378421276462696,0.22742925211787224,0.0,0.22742925211787224,0.0
85.589942,"[579.1305541992188, 14.373321533203125, 0.0]","[600.7188110351562, 4.5, 0.0]",7.67727576217245,8.326822280883789,0.6275905575958252,21.33974879839241,0.6497730429980209,0.22726444527506828,0.0,0.22726444527506828,0.0
85.609889,"[579.2838134765625, 14.376873016357422, 0.0]","[600.88525390625, 4.5, 0.0]",7.690317896867339,8.35249137878418,0.6521067347444287,21.3537023430463,0.6495465187113387,0.23611344397068024,0.0,0.23611344397068024,0.0
85.629189,"[579.4373168945312, 14.380430221557617, 0.0]","[601.0526733398438, 4.5, 0.0]",7.703367660289646,8.365513801574707,0.6524881711153618,21.366797348919597,0.6621734819168408,0.2362631820142269,0.0,0.2362631820142269,0.0
85.648681,"[579.591064453125, 14.383994102478027, 0.0]","[601.2218627929688, 4.5, 0.0]",7.716428868874616,8.392082214355469,0.6530604292485087,21.380629973383556,0.6621461412850609,0.2364594303071499,0.0,0.2364594303071499,0.0
85.669067,"[579.7451171875, 14.387563705444336, 0.0]","[601.388427734375, 4.5, 0.0]",7.729495794516868,8.405010223388672,0.653346282112599,21.395983766993368,0.6756533454808524,0.23656614124774933,0.0,0.23656614124774933,0.0
85.689928,"[579.8994140625, 14.391139030456543, 0.0]","[601.5570068359375, 4.5, 0.0]",7.743360207700267,8.431504249572754,0.6932206591699241,21.408409908994727,0.6755144288718036,0.2510128542780876,0.0,0.2510128542780876,0.0
85.710222,"[580.053955078125, 14.394721031188965, 0.0]","[601.72802734375, 4.5, 0.0]",7.757228436283172,8.445029258728027,0.693411429145252,21.42260961343481,0.6881440418724871,0.2510933019220829,0.0,0.2510933019220829,0.0
85.729987,"[580.2088012695312, 14.398308753967285, 0.0]","[601.8977661132812, 4.5, 0.0]",7.771102391245209,8.472224235534668,0.6936977481018403,21.43899892175305,0.6878008224448555,0.251197274774313,0.0,0.251197274774313,0.0
85.750095,"[580.3638916015625, 14.40190315246582, 0.0]","[602.0692138671875, 4.5, 0.0]",7.784983984256481,8.489625930786133,0.6940796505636282,21.453805761132664,0.7011218442894593,0.25131650269031525,0.0,0.25131650269031525,0.0
85.769191,"[580.519287109375, 14.40550422668457, 0.0]","[602.2362060546875, 4.5, 0.0]",7.7988713039921045,8.509819030761719,0.6943659867811647,21.47007412715608,0.7046419465296516,0.25144390761852264,0.0,0.25144390761852264,0.0
85.790593,"[580.6749267578125, 14.409111976623535, 0.0]","[602.4057006835938, 4.5, 0.0]",7.813367219475724,8.530313491821289,0.7247957741809863,21.481587030215675,0.7109477267696143,0.26244474574923515,0.0,0.26244474574923515,0.0
85.810174,"[580.8308715820312, 14.412725448608398, 0.0]","[602.5760498046875, 4.5, 0.0]",7.827865052153472,8.550976753234863,0.7248916338873812,21.4953560890738,0.7169462723455649,0.26249755173921585,0.0,0.26249755173921585,0.0
85.830009,"[580.9871215820312, 14.416345596313477, 0.0]","[602.750244140625, 4.5, 0.0]",7.842366712314455,8.572532653808594,0.7250830080491433,21.50966863858566,0.7231117010813914,0.2625473029911518,0.0,0.2625473029911518,0.0
85.849783,"[581.1436157226562, 14.419973373413086, 0.0]","[602.9229125976562, 4.5, 0.0]",7.856870275169057,8.593907356262207,0.7251781427301207,21.527525667905007,0.730165941494139,0.2625920809805393,0.0,0.2625920809805393,0.0
85.870163,"[581.3004150390625, 14.42360782623291, 0.0]","[603.0947875976562, 4.5, 0.0]",7.871360488441143,8.615180015563965,0.7245106636042831,21.543608813857574,0.7370370810931499,0.2623416297137737,0.0,0.2623416297137737,0.0
85.88937,"[581.45751953125, 14.42724895477295, 0.0]","[603.2642211914062, 4.5, 0.0]",7.886526076446464,8.636150360107422,0.7582794002660709,21.55859624171303,0.7438195271228221,0.27457963675260544,0.0,0.27457963675260544,0.0
85.908371,"[581.6149291992188, 14.430896759033203, 0.0]","[603.4357299804688, 4.5, 0.0]",7.901699297322255,8.657404899597168,0.7586610437895214,21.57083905900081,0.7496242836609577,0.2747254818677902,0.0,0.2747254818677902,0.0
85.929102,"[581.7726440429688, 14.434551239013672, 0.0]","[603.613037109375, 4.5, 0.0]",7.916876336704801,8.679647445678711,0.7588519691273277,21.5848484883513,0.7557056022749133,0.2747849375009537,0.0,0.2747849375009537,0.0
85.949225,"[581.9306640625, 14.438212394714355, 0.0]","[603.7886962890625, 4.5, 0.0]",7.932062915794435,8.701683044433594,0.7593289544816972,21.604349451373086,0.7627711089739098,0.2749602682888508,0.0,0.2749602682888508,0.0
85.970495,"[582.0889892578125, 14.44188117980957, 0.0]","[603.9618530273438, 4.5, 0.0]",7.947257112563395,8.723402976989746,0.759709838447975,21.621897657954307,0.7696201286391586,0.2750815637409687,0.0,0.2750815637409687,0.0
85.989595,"[582.24755859375, 14.445556640625, 0.0]","[604.1336669921875, 4.5, 0.0]",7.963136238618513,8.744959831237793,0.793956302755916,21.63664577806688,0.7761458644263515,0.28749192133545876,0.0,0.28749192133545876,0.0
86.008778,"[582.4064331054688, 14.449239730834961, 0.0]","[604.307861328125, 4.5, 0.0]",7.979017265295685,8.766837120056152,0.794051333858592,21.649798910708302,0.78182359261928,0.28753040358424187,0.0,0.28753040358424187,0.0
86.029387,"[582.565673828125, 14.452929496765137, 0.0]","[604.4869995117188, 4.5, 0.0]",7.994904015244709,8.78953742980957,0.7943374974511919,21.66503207081419,0.7878198547604676,0.28763066977262497,0.0,0.28763066977262497,0.0
86.050057,"[582.7252197265625, 14.456626892089844, 0.0]","[604.664794921875, 4.5, 0.0]",8.010792678244885,8.812060356140137,0.7944331500087998,21.68483870113085,0.7946334145648617,0.28765734285116196,0.0,0.28765734285116196,0.0
86.069145,"[582.8850708007812, 14.460331916809082, 0.0]","[604.8399047851562, 4.5, 0.0]",8.026685152156267,8.834254264831543,0.7946236955691077,21.702997647843304,0.8012676778952521,0.2877414599061012,0.0,0.2877414599061012,0.0
86.089679,"[583.0452270507812, 14.464043617248535, 0.0]","[605.0171508789062, 4.5, 0.0]",8.04258525410461,8.856709480285645,0.7950050974171674,21.7181678916504,0.8075691126752762,0.2878713235259056,0.0,0.2878713235259056,0.0
86.108939,"[583.2056884765625, 14.46776294708252, 0.0]","[605.18994140625, 4.5, 0.0]",8.059149297707307,8.878612518310547,0.8282021801348627,21.735165756583967,0.8141242261810344,0.29986150562763214,0.0,0.29986150562763214,0.0
86.128836,"[583.3665161132812, 14.471489906311035, 0.0]","[605.367919921875, 4.5, 0.0]",8.075709526946278,8.901236534118652,0.8280114619485524,21.747405374232194,0.8194632206032395,0.2998462878167629,0.0,0.2998462878167629,0.0
