time[s],position_ego[m],position_pre[m],speed_ego[m/s],speed_pre[m/s],acceleration_ego[m/s2],headway[m],deltav[m/s],engine_throttle,engine_brake,Controller_throttle,Controller_brake
0.041545,"[5.0, 4.5, 0.0]","[13.0, 4.5, 0.0]",0.007272727321833372,0.0,0.3636363660916686,,,0.0,-0.0,0.0,-0.0
0.072748,"[5.0, 4.5, 0.0]","[13.0, 4.5, 0.0]",0.00421274034306407,0.0,-0.15299934893846512,8.0,-0.007272727321833372,0.0,-0.0,0.0,-0.0
0.092507,"[5.000145435333252, 4.5, 0.0]","[13.0, 4.5, 0.0]",0.01148546766489749,0.0,0.36363636609167105,8.0,-0.00421274034306407,0.0,-0.0,0.0,-0.0
0.112088,"[5.000229835510254, 4.5, 0.0]","[13.000160217285156, 4.5, 0.0]",0.018758194521076965,0.0032087271101772785,0.3636363428089737,7.999854564666748,-0.01148546766489749,0.0,-0.0,0.0,-0.0
0.131649,"[5.000459671020508, 4.5, 0.0]","[13.000658988952637, 4.5, 0.0]",0.026030922308614007,0.013183554634451866,0.3636363893768521,7.999930381774902,-0.015549467410899687,0.0,-0.0,0.0,-0.0
0.15185,"[5.000834941864014, 4.5, 0.0]","[13.001157760620117, 4.5, 0.0]",0.03330364823346285,0.023162562400102615,0.3636362962424422,8.000199317932129,-0.012847367674162141,0.0,-0.0,0.0,-0.0
0.173044,"[5.0013556480407715, 4.5, 0.0]","[13.001659393310547, 4.5, 0.0]",0.04057636857036524,0.03318514674901962,0.36363601684511954,8.00032281875582,-0.010141085833360236,0.0,-0.0,0.0,-0.0
0.191276,"[5.002021789550781, 4.5, 0.0]","[13.002147674560547, 4.5, 0.0]",0.04148080945017343,0.04294950142502785,0.0452220439904092,8.000303745269704,-0.00739122182134562,0.0,-0.0,0.0,-0.0
0.212026,"[5.002833366394043, 4.5, 0.0]","[13.002984046936035, 4.5, 0.0]",0.048753529787064036,0.05322718247771263,0.36363601684453045,8.000125885009481,0.0014686919748544205,0.0,-0.0,0.0,-0.0
0.232899,"[5.003663063049316, 4.5, 0.0]","[13.004449844360352, 4.5, 0.0]",0.04148080945016562,0.06299646943807602,-0.36363601684492075,8.000150680541921,0.0044736526906485954,0.0,-0.0,0.0,-0.0
0.253352,"[5.004638195037842, 4.5, 0.0]","[13.005956649780273, 4.5, 0.0]",0.048753529787091424,0.07304534316062927,0.36363601684629016,8.000786781311035,0.0215156599879104,0.0,-0.0,0.0,-0.0
0.273915,"[5.005467891693115, 4.5, 0.0]","[13.007453918457031, 4.5, 0.0]",0.041480809450165114,0.08302705734968185,-0.36363601684631547,8.001318454742432,0.02429181337353785,0.0,-0.0,0.0,-0.0
0.29164,"[5.006443023681641, 4.5, 0.0]","[13.008943557739258, 4.5, 0.0]",0.03420808911324225,0.09295747429132462,-0.36363601684614305,8.001986026763277,0.04154624789951674,-0.0,0.0,-0.0,0.0
0.313212,"[5.007272720336914, 4.5, 0.0]","[13.010807037353516, 4.5, 0.0]",0.026935363188390564,0.10322877764701843,-0.3636362962425844,8.002500534057617,0.05874938517808236,-0.0,0.0,-0.0,0.0
0.334842,"[5.0079569816589355, 4.5, 0.0]","[13.013273239135742, 4.5, 0.0]",0.019662635400897674,0.11309298127889633,-0.3636363893746445,8.003534317015962,0.07629341445862786,-0.0,0.0,-0.0,0.0
0.352768,"[5.008495807647705, 4.5, 0.0]","[13.015769004821777, 4.5, 0.0]",0.01238990761340503,0.12307721376419067,-0.36363638937463216,8.005316257476736,0.09343034587799866,-0.0,0.0,-0.0,0.0
0.371874,"[5.008889198303223, 4.5, 0.0]","[13.018261909484863, 4.5, 0.0]",0.005117179825913687,0.13304951786994934,-0.36363638937456716,8.007273197174001,0.11068730615078565,-0.0,0.0,-0.0,0.0
0.392164,"[5.009137153625488, 4.5, 0.0]","[13.020767211914062, 4.5, 0.0]",0.0021555474960647564,0.14306950569152832,-0.14808161649244653,8.00937271118164,0.12793233804403564,-0.0,0.0,-0.0,0.0
0.412493,"[5.009239673614502, 4.5, 0.0]","[13.023580551147461, 4.5, 0.0]",0.00942827481778347,0.15308751165866852,0.3636363660859357,8.011630058288503,0.14091395819546357,-0.0,0.0,-0.0,0.0
0.432266,"[5.009196758270264, 4.5, 0.0]","[13.027068138122559, 4.5, 0.0]",0.016701001673937087,0.16305120289325714,0.3636363428076808,8.014340877532675,0.14365923684088505,-0.0,0.0,-0.0,0.0
0.452551,"[5.009008407592773, 4.5, 0.0]","[13.030564308166504, 4.5, 0.0]",0.02226289361716397,0.17304132878780365,0.2780945971613442,8.017871379852295,0.14635020121932005,-0.0,0.0,-0.0,0.0
0.473218,"[5.008674621582031, 4.5, 0.0]","[13.034074783325195, 4.5, 0.0]",0.014990165829664025,0.17640338838100433,-0.3636363893749973,8.02155590057373,0.15077843517063969,-0.0,0.0,-0.0,0.0
0.493121,"[5.0082292556762695, 4.5, 0.0]","[13.037569046020508, 4.5, 0.0]",0.019523797556758874,0.193055659532547,0.22668158635474248,8.025400161743164,0.1614132225513403,-0.0,0.0,-0.0,0.0
0.512917,"[5.00792932510376, 4.5, 0.0]","[13.04146671295166, 4.5, 0.0]",0.01225106976926386,0.19659370183944702,-0.3636363893747507,8.029339790344167,0.17353186197578813,-0.0,0.0,-0.0,0.0
0.532501,"[5.007538795471191, 4.5, 0.0]","[13.045869827270508, 4.5, 0.0]",0.013142740353967083,0.21304377913475037,0.04458352923516111,8.0335373878479,0.18434263207018317,-0.0,0.0,-0.0,0.0
0.552081,"[5.007293701171875, 4.5, 0.0]","[13.050385475158691, 4.5, 0.0]",0.0058700125664687885,0.21641126275062564,-0.3636363893749147,8.038331031799032,0.19990103878078327,-0.0,0.0,-0.0,0.0
0.572468,"[5.007030963897705, 4.5, 0.0]","[13.054861068725586, 4.5, 0.0]",0.013062203302979471,0.2330247163772583,0.3596095368255341,8.043091773986532,0.21054125018415684,-0.0,0.0,-0.0,0.0
0.592185,"[5.006913661956787, 4.5, 0.0]","[13.059367179870605, 4.5, 0.0]",0.005789475515491942,0.236372172832489,-0.3636363893743764,8.04783010482788,0.21996251307427883,-0.0,0.0,-0.0,0.0
0.613368,"[5.006652355194092, 4.5, 0.0]","[13.064253807067871, 4.5, 0.0]",0.0027528984938136407,0.25318795442581177,-0.15182885108391506,8.052453517913818,0.23058269731699707,-0.0,0.0,-0.0,0.0
0.632615,"[5.006536483764648, 4.5, 0.0]","[13.06967544555664, 4.5, 0.0]",0.004494024440667869,0.2563796043395996,0.08705629734271139,8.05760145187378,0.2504350559319981,-0.0,0.0,-0.0,0.0
0.652076,"[5.006481647491455, 4.5, 0.0]","[13.07518482208252, 4.5, 0.0]",0.002778702881224909,0.273063600063324,-0.08576607797214797,8.063138961791921,0.25188557989893173,-0.0,0.0,-0.0,0.0
0.672129,"[5.006392002105713, 4.5, 0.0]","[13.080656051635742, 4.5, 0.0]",0.00449402444064949,0.27967849373817444,0.08576607797122905,8.06870317459042,0.2702848971820991,-0.0,0.0,-0.0,0.0
0.692496,"[5.006447792053223, 4.5, 0.0]","[13.086150169372559, 4.5, 0.0]",0.002778702881278649,0.2896670401096344,-0.08576607796854205,8.07426404952824,0.27518446929752494,-0.0,0.0,-0.0,0.0
0.714353,"[5.0063581466674805, 4.5, 0.0]","[13.09197998046875, 4.5, 0.0]",0.0037542695645549993,0.2997127175331116,0.04877833416381751,8.079702377319265,0.28688833722835577,-0.0,0.0,-0.0,0.0
0.73541,"[5.00641393661499, 4.5, 0.0]","[13.0985107421875, 4.5, 0.0]",0.003518457757369615,0.30976083874702454,-0.011790590359269217,8.085621833800625,0.2959584479685566,-0.0,0.0,-0.0,0.0
0.753039,"[5.006339073181152, 4.5, 0.0]","[13.105181694030762, 4.5, 0.0]",0.00193823245381289,0.3200231194496155,-0.07901126517783624,8.092096805572439,0.3062423809896549,-0.0,0.0,-0.0,0.0
0.77213,"[5.006409645080566, 4.5, 0.0]","[13.111473083496094, 4.5, 0.0]",0.005334495101230151,0.3297015130519868,0.16981313237086304,8.09884262084961,0.31808488699580256,-0.0,0.0,-0.0,0.0
0.792635,"[5.006371021270752, 4.5, 0.0]","[13.1179780960083, 4.5, 0.0]",0.0019382323376413027,0.33970916271209717,-0.1698131381794424,8.105063438415527,0.3243670179507567,-0.0,0.0,-0.0,0.0
0.812749,"[5.0064778327941895, 4.5, 0.0]","[13.1249418258667, 4.5, 0.0]",0.0053344951012887715,0.34992289543151855,0.16981313818237342,8.111607074737549,0.3377709303744559,-0.0,0.0,-0.0,0.0
0.83289,"[5.006439208984375, 4.5, 0.0]","[13.132447242736816, 4.5, 0.0]",0.0019382323372084587,0.35992920398712164,-0.16981313820401564,8.118463993072437,0.3445884003302298,-0.0,0.0,-0.0,0.0
0.852471,"[5.0065460205078125, 4.5, 0.0]","[13.139866828918457, 4.5, 0.0]",0.005334495101124983,0.3698218762874603,0.16981313819582622,8.126008033752441,0.35799097164991317,-0.0,0.0,-0.0,0.0
0.873362,"[5.006507396697998, 4.5, 0.0]","[13.147371292114258, 4.5, 0.0]",0.001938232337164525,0.37982878088951116,-0.1698131381980229,8.133320808410645,0.36448738118633534,-0.0,0.0,-0.0,0.0
0.892883,"[5.0066142082214355, 4.5, 0.0]","[13.154751777648926, 4.5, 0.0]",0.005334495101197638,0.38966882228851324,0.1698131382016556,8.14086389541626,0.37789054855234666,-0.0,0.0,-0.0,0.0
0.912572,"[5.006575584411621, 4.5, 0.0]","[13.162684440612793, 4.5, 0.0]",0.0019382323374987115,0.3998251855373383,-0.1698131381849463,8.148137569427417,0.3843343271873156,-0.0,0.0,-0.0,0.0
0.934254,"[5.006682395935059, 4.5, 0.0]","[13.171292304992676, 4.5, 0.0]",0.005334495101366647,0.4099512994289399,0.16981313819339675,8.156108856201099,0.3978869531998396,-0.0,0.0,-0.0,0.0
0.952743,"[5.006643772125244, 4.5, 0.0]","[13.179594993591309, 4.5, 0.0]",0.001938232339067866,0.4197201430797577,-0.16981313811493903,8.164609909057617,0.40461680432757324,-0.0,0.0,-0.0,0.0
0.972435,"[5.006750583648682, 4.5, 0.0]","[13.188249588012695, 4.5, 0.0]",0.005263770000118418,0.429901272058487,0.1662768830525276,8.172951221465775,0.4177819107406898,-0.0,0.0,-0.0,0.0
0.993957,"[5.006711959838867, 4.5, 0.0]","[13.196785926818848, 4.5, 0.0]",0.002008957324649865,0.4399438202381134,-0.16274063377342765,8.18149900436336,0.4246375020583686,-0.0,0.0,-0.0,0.0
1.012624,"[5.00681734085083, 4.5, 0.0]","[13.2056245803833, 4.5, 0.0]",0.003642682685364371,0.4499552249908448,0.08168626803572529,8.190073966979908,0.43793486291346356,-0.0,0.0,-0.0,0.0
1.03256,"[5.006777286529541, 4.5, 0.0]","[13.21504020690918, 4.5, 0.0]",0.0036300446378556483,0.4598666429519654,-0.0006319023754361398,8.19880723953247,0.4463125423054804,-0.0,0.0,-0.0,0.0
1.052718,"[5.006850242614746, 4.5, 0.0]","[13.22460651397705, 4.5, 0.0]",0.0036426826846477425,0.4699362218379976,0.0006319023396047108,8.208262920378983,0.45623659831410973,-0.0,0.0,-0.0,0.0
1.072596,"[5.006777763366699, 4.5, 0.0]","[13.234042167663574, 4.5, 0.0]",0.0036300446372479213,0.47986903786659246,-0.0006319023699910596,8.21775627136165,0.46629353915334987,-0.0,0.0,-0.0,0.0
1.09278,"[5.006850719451904, 4.5, 0.0]","[13.243624687194824, 4.5, 0.0]",0.003642682684585481,0.49328893423080444,0.00063190236687799,8.227264404295708,0.47623899322934454,-0.0,0.0,-0.0,0.0
1.112572,"[5.006778240203857, 4.5, 0.0]","[13.253223419189453, 4.5, 0.0]",0.003630044637248697,0.49640363454818737,-0.0006319023668391972,8.236773967742263,0.48964625154621894,-0.0,0.0,-0.0,0.0
1.134008,"[5.0068511962890625, 4.5, 0.0]","[13.263861656188965, 4.5, 0.0]",0.0036426826847777947,0.513201117515564,0.0006319023764548778,8.246445178984937,0.49277358991093867,-0.0,0.0,-0.0,0.0
1.153416,"[5.006778717041016, 4.5, 0.0]","[13.274489402770996, 4.5, 0.0]",0.0036300446375831723,0.5166568160057069,-0.0006319023597311244,8.257010459899243,0.5095584348307862,-0.0,0.0,-0.0,0.0
1.17198,"[5.006851673126221, 4.5, 0.0]","[13.284676551818848, 4.5, 0.0]",0.0036426826848775045,0.5330250263214111,0.0006319023647166112,8.267710685729687,0.5130267713681237,-0.0,0.0,-0.0,0.0
1.192376,"[5.006779193878174, 4.5, 0.0]","[13.295388221740723, 4.5, 0.0]",0.003630044637400376,0.5365604758262639,-0.0006319023738564139,8.277824878692334,0.5293823436365336,-0.0,0.0,-0.0,0.0
1.212537,"[5.006852149963379, 4.5, 0.0]","[13.306245803833008, 4.5, 0.0]",0.003642682685096092,0.553257167339325,0.0006319023847857789,8.288609027861888,0.5329304311888635,-0.0,0.0,-0.0,0.0
1.232039,"[5.006779670715332, 4.5, 0.0]","[13.317464828491211, 4.5, 0.0]",0.0036300446376857885,0.55634605884552,-0.000631902370515163,8.29939365386698,0.5496144846542289,-0.0,0.0,-0.0,0.0
1.252573,"[5.006852626800537, 4.5, 0.0]","[13.329264640808105, 4.5, 0.0]",0.0036426826845866248,0.5732734799385071,0.0006319023450418113,8.310685157775216,0.5527160142078342,-0.0,0.0,-0.0,0.0
1.272245,"[5.00678014755249, 4.5, 0.0]","[13.340462684631348, 4.5, 0.0]",0.0036300446374133905,0.5763441324234009,-0.0006319023586617107,8.322412014006387,0.5696307972539204,-0.0,0.0,-0.0,0.0
1.292273,"[5.006853103637695, 4.5, 0.0]","[13.351981163024902, 4.5, 0.0]",0.0036426826846844376,0.593026876449585,0.0006319023635523516,8.333682537078193,0.5727140877859875,-0.0,0.0,-0.0,0.0
1.313708,"[5.006780624389648, 4.5, 0.0]","[13.363808631896973, 4.5, 0.0]",0.00363004463728029,0.5963801741600037,-0.0006319023702073797,8.345128059386022,0.5893841937649005,-0.0,0.0,-0.0,0.0
1.332933,"[5.0068535804748535, 4.5, 0.0]","[13.376506805419922, 4.5, 0.0]",0.0036426826846661484,0.6132053136825562,0.0006319023692929202,8.357028007507028,0.5927501295227233,-0.0,0.0,-0.0,0.0
1.352439,"[5.006781101226807, 4.5, 0.0]","[13.388792991638184, 4.5, 0.0]",0.0036300446372590413,0.6163676977157593,-0.0006319023703553516,8.3696532249444,0.60956263099789,-0.0,0.0,-0.0,0.0
1.372416,"[5.006854057312012, 4.5, 0.0]","[13.4013090133667, 4.5, 0.0]",0.003642682684585528,0.6330468654632568,0.0006319023663243313,8.382011890410187,0.6127376530785003,-0.0,0.0,-0.0,0.0
1.392881,"[5.006781578063965, 4.5, 0.0]","[13.41405963897705, 4.5, 0.0]",0.003630044637258802,0.6365812420845035,-0.0006319023663363009,8.394454956054018,0.6294041827786713,-0.0,0.0,-0.0,0.0
1.412702,"[5.00685453414917, 4.5, 0.0]","[13.426899909973145, 4.5, 0.0]",0.003642682684632311,0.6532589197158813,0.0006319023686754454,8.407278060912788,0.6329511974472447,-0.0,0.0,-0.0,0.0
1.432524,"[5.006782054901123, 4.5, 0.0]","[13.440333366394043, 4.5, 0.0]",0.0036300446372507854,0.6565432548522949,-0.0006319023690762749,8.42004537582278,0.649616237031249,-0.0,0.0,-0.0,0.0
1.455297,"[5.006855010986328, 4.5, 0.0]","[13.45429801940918, 4.5, 0.0]",0.003642682684600883,0.6735541224479675,0.0006319023675048756,8.433551311492621,0.6529132102150441,-0.0,0.0,-0.0,0.0
1.471979,"[5.006782531738281, 4.5, 0.0]","[13.467086791992188, 4.5, 0.0]",0.0036300446372598194,0.6763607263565063,-0.0006319023670531753,8.447443008422177,0.6699114397633666,-0.0,0.0,-0.0,0.0
1.491985,"[5.006855487823486, 4.5, 0.0]","[13.480578422546387, 4.5, 0.0]",0.0036426826846289824,0.6930211186408997,0.0006319023684581496,8.460304260253832,0.6727306817192465,-0.0,0.0,-0.0,0.0
1.512567,"[5.0067830085754395, 4.5, 0.0]","[13.494438171386719, 4.5, 0.0]",0.003630044637250607,0.6963944435119631,-0.000631902368918762,8.4737229347226,0.6893784359562707,-0.0,0.0,-0.0,0.0
1.53188,"[5.0068559646606445, 4.5, 0.0]","[13.508885383605957, 4.5, 0.0]",0.003642682684586098,0.7130245566368103,0.0006319023667745354,8.487655162811205,0.6927643988747125,-0.0,0.0,-0.0,0.0
1.552995,"[5.006783485412598, 4.5, 0.0]","[13.523449897766113, 4.5, 0.0]",0.0036300446372571618,0.7164022326469421,-0.0006319023664468027,8.50202941894501,0.7093818739522242,-0.0,0.0,-0.0,0.0
1.572319,"[5.006856441497803, 4.5, 0.0]","[13.538183212280273, 4.5, 0.0]",0.0036426826846449657,0.7332295775413513,0.0006319023693901948,8.516666412352835,0.712772188009685,-0.0,0.0,-0.0,0.0
1.592184,"[5.006783962249756, 4.5, 0.0]","[13.552372932434082, 4.5, 0.0]",0.003630044637262984,0.7396826148033142,-0.0006319023690990865,8.53132677078179,0.7295868948567064,-0.0,0.0,-0.0,0.0
1.612618,"[5.006856918334961, 4.5, 0.0]","[13.567588806152344, 4.5, 0.0]",0.0036426826846169395,0.7499495148658752,0.0006319023676977769,8.545588970183644,0.7360525701660512,-0.0,0.0,-0.0,0.0
1.632123,"[5.006784439086914, 4.5, 0.0]","[13.582676887512207, 4.5, 0.0]",0.0036300446374124616,0.7596842646598816,-0.0006319023602238943,8.560731887816699,0.7463068321812583,-0.0,0.0,-0.0,0.0
1.652106,"[5.006857395172119, 4.5, 0.0]","[13.598230361938477, 4.5, 0.0]",0.003642682684646185,0.7697184681892395,0.0006319023616861794,8.575892448424609,0.7560542200224691,-0.0,0.0,-0.0,0.0
1.672883,"[5.006784915924072, 4.5, 0.0]","[13.614139556884766, 4.5, 0.0]",0.0036300446372633426,0.7799825072288513,-0.0006319023691421293,8.591372966765672,0.7660757855045933,-0.0,0.0,-0.0,0.0
1.693477,"[5.006857872009277, 4.5, 0.0]","[13.629159927368164, 4.5, 0.0]",0.0036426826845860844,0.7896729111671449,0.0006319023661370896,8.607354640960006,0.776352462591588,-0.0,0.0,-0.0,0.0
1.71259,"[5.0067853927612305, 4.5, 0.0]","[13.645076751708984, 4.5, 0.0]",0.0036300446372487835,0.79974365234375,-0.0006319023668650446,8.6223020553582,0.7860302284825588,-0.0,0.0,-0.0,0.0
1.732096,"[5.0068583488464355, 4.5, 0.0]","[13.661489486694336, 4.5, 0.0]",0.0036426826846107643,0.8096907734870911,0.0006319023680990401,8.638291358947065,0.7961136077065012,-0.0,0.0,-0.0,0.0
1.752531,"[5.006785869598389, 4.5, 0.0]","[13.67809772491455, 4.5, 0.0]",0.003630044637699836,0.819756031036377,-0.0006319023455464206,8.65463113784721,0.8060480908024803,-0.0,0.0,-0.0,0.0
1.772333,"[5.006858825683594, 4.5, 0.0]","[13.694531440734863, 4.5, 0.0]",0.003642682684847282,0.8297162055969238,0.0006319023573723125,8.67131185531547,0.8161259863986772,-0.0,0.0,-0.0,0.0
1.792624,"[5.006786346435547, 4.5, 0.0]","[13.711312294006348, 4.5, 0.0]",0.003630044637296304,0.8398861885070801,-0.0006319023775489029,8.687672615050577,0.8260735229120766,-0.0,0.0,-0.0,0.0
1.81277,"[5.006859302520752, 4.5, 0.0]","[13.7282075881958, 4.5, 0.0]",0.0036426826845870315,0.8499280214309692,0.0006319023645363735,8.704525947570106,0.8362561438697838,-0.0,0.0,-0.0,0.0
1.833231,"[5.006786823272705, 4.5, 0.0]","[13.745259284973145, 4.5, 0.0]",0.003630044637275934,0.8596720099449158,-0.000631902365554873,8.72134828567474,0.8462853387463822,-0.0,0.0,-0.0,0.0
1.854215,"[5.00685977935791, 4.5, 0.0]","[13.763080596923828, 4.5, 0.0]",0.0036426826849645824,0.8698553442955017,0.0006319023844324157,8.738472461699741,0.8560419653076399,-0.0,0.0,-0.0,0.0
1.871961,"[5.006787300109863, 4.5, 0.0]","[13.780323028564453, 4.5, 0.0]",0.0036300446376796983,0.8797081708908081,-0.0006319023642442027,8.756220817565607,0.8662126616105371,-0.0,0.0,-0.0,0.0
1.892135,"[5.006860256195068, 4.5, 0.0]","[13.797797203063965, 4.5, 0.0]",0.0036426826847715974,0.8896936774253845,0.0006319023545949551,8.77353572845389,0.8760781262531284,-0.0,0.0,-0.0,0.0
1.912809,"[5.0067877769470215, 4.5, 0.0]","[13.815648078918457, 4.5, 0.0]",0.003630044637251756,0.899719774723053,-0.0006319023759920753,8.790936946868586,0.8860509947406129,-0.0,0.0,-0.0,0.0
1.932275,"[5.006860733032227, 4.5, 0.0]","[13.834113121032715, 4.5, 0.0]",0.003642682684753282,0.9097009301185608,0.0006319023750762931,8.808860301970732,0.8960897300858012,-0.0,0.0,-0.0,0.0
1.95357,"[5.00678825378418, 4.5, 0.0]","[13.852691650390625, 4.5, 0.0]",0.003630044638205166,0.9197434782981875,-0.0006319023274057884,8.827252388000176,0.9060582474338075,-0.0,0.0,-0.0,0.0
1.972427,"[5.006861209869385, 4.5, 0.0]","[13.871448516845703, 4.5, 0.0]",0.003642682685925576,0.929882287979126,0.00063190238602049,8.845903396605738,0.9161134336599823,-0.0,0.0,-0.0,0.0
1.992269,"[5.006788730621338, 4.5, 0.0]","[13.889951705932617, 4.5, 0.0]",0.0036300446381014005,0.9398836493492126,-0.0006319023912087661,8.864587306976004,0.9262396052932004,-0.0,0.0,-0.0,0.0
2.012841,"[5.006861686706543, 4.5, 0.0]","[13.90882682800293, 4.5, 0.0]",0.0036426826854116757,0.9532443881034851,0.00063190236551376,8.88316297531057,0.9362536047111113,-0.0,0.0,-0.0,0.0
2.035933,"[5.006789207458496, 4.5, 0.0]","[13.927857398986816, 4.5, 0.0]",0.0036300446374955323,0.9563371539115908,-0.000631902395807171,8.901965141296072,0.9496017054180734,-0.0,0.0,-0.0,0.0
2.052425,"[5.006862163543701, 4.5, 0.0]","[13.947863578796387, 4.5, 0.0]",0.0036426826845937323,0.9732635617256165,0.0006319023549100026,8.921068191527608,0.9527071092740953,-0.0,0.0,-0.0,0.0
2.071979,"[5.006789684295654, 4.5, 0.0]","[13.966933250427246, 4.5, 0.0]",0.0036300446372852417,0.9763758182525635,-0.0006319023654245302,8.94100141525237,0.9696208790410227,-0.0,0.0,-0.0,0.0
2.092293,"[5.006862640380859, 4.5, 0.0]","[13.986737251281738, 4.5, 0.0]",0.003642682684802968,0.993198812007904,0.0006319023758863222,8.960143566130876,0.9727457736152783,-0.0,0.0,-0.0,0.0
2.114945,"[5.0067901611328125, 4.5, 0.0]","[14.00723934173584, 4.5, 0.0]",0.0036300446382397608,0.9968646764755249,-0.0006319023281603714,8.979874610900561,0.9895561293231011,-0.0,0.0,-0.0,0.0
2.131814,"[5.006863117218018, 4.5, 0.0]","[14.026636123657227, 4.5, 0.0]",0.0036426826861885165,1.0129932165145874,0.0006319023974377894,9.00044918060231,0.9932346318372851,-0.0,0.0,-0.0,0.0
2.152676,"[5.006790637969971, 4.5, 0.0]","[14.047574043273926, 4.5, 0.0]",0.0036300446388478217,1.0165401697158813,-0.0006319023670347439,9.01977300643889,1.0093505338283988,-0.0,0.0,-0.0,0.0
2.172307,"[5.006863594055176, 4.5, 0.0]","[14.067697525024414, 4.5, 0.0]",0.003642682685455779,1.0330229997634888,0.0006319023303978611,9.040783405303234,1.0129101250770336,-0.0,0.0,-0.0,0.0
2.192043,"[5.006791114807129, 4.5, 0.0]","[14.088129997253418, 4.5, 0.0]",0.0036300446374619385,1.0363234281539917,-0.0006319023996920192,9.060833930968917,1.029380317078033,-0.0,0.0,-0.0,0.0
2.212458,"[5.006864070892334, 4.5, 0.0]","[14.109487533569336, 4.5, 0.0]",0.003642682684658453,1.0532500743865967,0.0006319023598257319,9.081338882445564,1.0326933835165297,-0.0,0.0,-0.0,0.0
2.232273,"[5.006791591644287, 4.5, 0.0]","[14.130499839782715, 4.5, 0.0]",0.003630044637339117,1.0563565492630005,-0.0006319023659668048,9.10262346267668,1.0496073917019382,-0.0,0.0,-0.0,0.0
2.252125,"[5.006864547729492, 4.5, 0.0]","[14.152066230773926, 4.5, 0.0]",0.0036426826846712263,1.0730540752410889,0.0006319023666054649,9.1237082481377,1.0527265046256613,-0.0,0.0,-0.0,0.0
2.271847,"[5.006792068481445, 4.5, 0.0]","[14.173479080200195, 4.5, 0.0]",0.0036300446373618957,1.076346755027771,-0.0006319023654665322,9.14520168304411,1.0694113925564177,-0.0,0.0,-0.0,0.0
2.291992,"[5.00686502456665, 4.5, 0.0]","[14.194958686828613, 4.5, 0.0]",0.003642682684658534,1.0930041074752808,0.0006319023648319053,9.166687011718018,1.0727167103904092,-0.0,0.0,-0.0,0.0
2.31216,"[5.0067925453186035, 4.5, 0.0]","[14.216846466064453, 4.5, 0.0]",0.003630044637333286,1.0963760614395142,-0.00063190236626238,9.188093662261638,1.0893614247906223,-0.0,0.0,-0.0,0.0
2.332159,"[5.006865501403809, 4.5, 0.0]","[14.239300727844238, 4.5, 0.0]",0.0036426826846293475,1.1130225658416748,0.0006319023648030655,9.210053920745114,1.092746016802181,-0.0,0.0,-0.0,0.0
2.352206,"[5.006793022155762, 4.5, 0.0]","[14.261882781982422, 4.5, 0.0]",0.003630044637278608,1.1163922548294067,-0.000631902367536968,9.232435226440103,1.1093798831570454,-0.0,0.0,-0.0,0.0
2.372002,"[5.006865978240967, 4.5, 0.0]","[14.284320831298828, 4.5, 0.0]",0.0036426826846738367,1.1330314874649048,0.0006319023697614256,9.255089759825921,1.1127622101921282,-0.0,0.0,-0.0,0.0
2.396146,"[5.00679349899292, 4.5, 0.0]","[14.306784629821777, 4.5, 0.0]",0.0036300446372837165,1.136348843574524,-0.0006319023695060093,9.277454853057533,1.129388804780231,-0.0,0.0,-0.0,0.0
2.412044,"[5.006866455078125, 4.5, 0.0]","[14.329657554626465, 4.5, 0.0]",0.0036426826845895955,1.153045892715454,0.0006319023652939489,9.299991130828115,1.1327187989372403,-0.0,0.0,-0.0,0.0
2.431748,"[5.006793975830078, 4.5, 0.0]","[14.353036880493164, 4.5, 0.0]",0.0036300446372589936,1.156327724456787,-0.0006319023665300912,9.32279109954801,1.1494032100308644,-0.0,0.0,-0.0,0.0
2.45261,"[5.006866931915283, 4.5, 0.0]","[14.37662124633789, 4.5, 0.0]",0.0036426826847163044,1.173030138015747,0.0006319023728655398,9.34624290466234,1.152697679819528,-0.0,0.0,-0.0,0.0
2.472181,"[5.006794452667236, 4.5, 0.0]","[14.400105476379395, 4.5, 0.0]",0.003630044637359002,1.1763571500778198,-0.0006319023678651127,9.369754314422275,1.1693874553310308,-0.0,0.0,-0.0,0.0
2.491988,"[5.006867408752441, 4.5, 0.0]","[14.423543930053711, 4.5, 0.0]",0.0036426826848673525,1.1929973363876343,0.0006319023754175132,9.393311023711409,1.1727271054404609,-0.0,0.0,-0.0,0.0
2.512797,"[5.0067949295043945, 4.5, 0.0]","[14.4481782913208, 4.5, 0.0]",0.0036300446372526268,1.2000046968460087,-0.0006319023807362838,9.416676521300936,1.1893546537027668,-0.0,0.0,-0.0,0.0
2.532079,"[5.0068678855896, 4.5, 0.0]","[14.471914291381836, 4.5, 0.0]",0.003642682684593016,1.2063595056533813,0.0006319023670194567,9.441383361815653,1.1963746522087562,-0.0,0.0,-0.0,0.0
2.552722,"[5.006795406341553, 4.5, 0.0]","[14.496917724609375, 4.5, 0.0]",0.003630044637416608,1.2232316732406616,-0.0006319023588203946,9.4650464057919,1.2027168229687883,-0.0,0.0,-0.0,0.0
2.57255,"[5.006868362426758, 4.5, 0.0]","[14.52101993560791, 4.5, 0.0]",0.0036426826846378568,1.2264026403427124,0.0006319023610624379,9.490122318267066,1.219601628603245,-0.0,0.0,-0.0,0.0
2.592038,"[5.006795883178711, 4.5, 0.0]","[14.545395851135254, 4.5, 0.0]",0.0036300446374209596,1.2430187463760376,-0.0006319023608448602,9.514151573180815,1.2227599576580745,-0.0,0.0,-0.0,0.0
2.612292,"[5.006868839263916, 4.5, 0.0]","[14.57033634185791, 4.5, 0.0]",0.00364268268463955,1.2464063167572021,0.0006319023609295147,9.538599967955781,1.2393887017386167,-0.0,0.0,-0.0,0.0
2.632632,"[5.006796360015869, 4.5, 0.0]","[14.595793724060059, 4.5, 0.0]",0.003630044637290385,1.2630561590194702,-0.0006319023674582333,9.563467502593655,1.2427636340725625,-0.0,0.0,-0.0,0.0
2.653044,"[5.006869316101074, 4.5, 0.0]","[14.621365547180176, 4.5, 0.0]",0.0036426826845937185,1.2664177417755127,0.0006319023651666636,9.588997364043424,1.2594261143821799,-0.0,0.0,-0.0,0.0
2.672086,"[5.006796836853027, 4.5, 0.0]","[14.646832466125488, 4.5, 0.0]",0.0036300446372703327,1.2830713987350464,-0.0006319023661692904,9.61449623107876,1.262775059090919,-0.0,0.0,-0.0,0.0
2.692781,"[5.006869792938232, 4.5, 0.0]","[14.672242164611816, 4.5, 0.0]",0.0036426826847272835,1.2863695621490479,0.0006319023728475421,9.640035629271692,1.279441354097776,-0.0,0.0,-0.0,0.0
2.712134,"[5.0067973136901855, 4.5, 0.0]","[14.6981201171875, 4.5, 0.0]",0.003630044637365827,1.3030643463134766,-0.0006319023680728241,9.665372371673241,1.2827268794643205,-0.0,0.0,-0.0,0.0
2.732965,"[5.006870269775391, 4.5, 0.0]","[14.724470138549805, 4.5, 0.0]",0.003642682684691517,1.3063410520553589,0.0006319023662844977,9.69132280349654,1.2994343016761107,-0.0,0.0,-0.0,0.0
2.753688,"[5.006797790527344, 4.5, 0.0]","[14.75129222869873, 4.5, 0.0]",0.0036300446372776324,1.3231291770935059,-0.0006319023706942298,9.71759986877407,1.3026983693706673,-0.0,0.0,-0.0,0.0
2.772139,"[5.006870746612549, 4.5, 0.0]","[14.777546882629395, 4.5, 0.0]",0.0036426826845914685,1.3263697624206543,0.0006319023656918077,9.744494438170609,1.3194991324562282,-0.0,0.0,-0.0,0.0
2.792374,"[5.006798267364502, 4.5, 0.0]","[14.804061889648438, 4.5, 0.0]",0.0036300446373042773,1.3430423736572266,-0.0006319023643595618,9.7706761360165,1.3227270797360628,-0.0,0.0,-0.0,0.0
2.812584,"[5.006871223449707, 4.5, 0.0]","[14.831452369689941, 4.5, 0.0]",0.003642682684639775,1.3465888500213623,0.0006319023667748823,9.797263622283154,1.3394123290199222,-0.0,0.0,-0.0,0.0
2.831848,"[5.00679874420166, 4.5, 0.0]","[14.858247756958008, 4.5, 0.0]",0.0036300446372527734,1.3629992008209229,-0.0006319023693500793,9.824581146239886,1.3429461673367225,-0.0,0.0,-0.0,0.0
2.852369,"[5.006871700286865, 4.5, 0.0]","[14.886004447937012, 4.5, 0.0]",0.00364268268458645,1.3664259910583496,0.000631902366683831,9.85144901275556,1.35936915618367,-0.0,0.0,-0.0,0.0
2.872084,"[5.006799221038818, 4.5, 0.0]","[14.913323402404785, 4.5, 0.0]",0.003630044637276929,1.3830267190933228,-0.0006319023654760515,9.879132747649797,1.3627833083737633,-0.0,0.0,-0.0,0.0
2.892776,"[5.006872177124023, 4.5, 0.0]","[14.940906524658203, 4.5, 0.0]",0.0036426826846500952,1.386390209197998,0.000631902368658315,9.906524181365176,1.3793966744560457,-0.0,0.0,-0.0,0.0
2.912042,"[5.006799697875977, 4.5, 0.0]","[14.968750953674316, 4.5, 0.0]",0.0036300446372766284,1.4030704498291016,-0.000631902368673342,9.934034347533828,1.382747526513348,-0.0,0.0,-0.0,0.0
2.932236,"[5.006872653961182, 4.5, 0.0]","[14.997671127319336, 4.5, 0.0]",0.0036426826846171095,1.4098846912384033,0.0006319023670240537,9.961951255797544,1.399440405191825,-0.0,0.0,-0.0,0.0
2.952474,"[5.006800174713135, 4.5, 0.0]","[15.025725364685059, 4.5, 0.0]",0.0036300446372531394,1.4197282791137695,-0.0006319023681985048,9.9907984733578,1.4062420085537861,-0.0,0.0,-0.0,0.0
2.97219,"[5.00687313079834, 4.5, 0.0]","[15.054673194885254, 4.5, 0.0]",0.0036426826846023704,1.4298855066299438,0.0006319023674615509,10.018925189971124,1.4160982344765163,-0.0,0.0,-0.0,0.0
2.992238,"[5.006800651550293, 4.5, 0.0]","[15.082606315612793, 4.5, 0.0]",0.003630044637314411,1.4396864175796509,-0.0006319023643979642,10.047800064086559,1.4262428239453415,-0.0,0.0,-0.0,0.0
3.012318,"[5.006873607635498, 4.5, 0.0]","[15.111565589904785, 4.5, 0.0]",0.003642682684769302,1.449739694595337,0.0006319023727445429,10.075805664061695,1.4360563729423366,-0.0,0.0,-0.0,0.0
3.032439,"[5.006801128387451, 4.5, 0.0]","[15.140979766845703, 4.5, 0.0]",0.003630044637519415,1.4597104787826538,-0.0006319023624943437,10.10469198226893,1.4460970119105676,-0.0,0.0,-0.0,0.0
3.052424,"[5.006874084472656, 4.5, 0.0]","[15.170597076416016, 4.5, 0.0]",0.0036426826846601193,1.4697505235671997,0.0006319023570352123,10.134178638457444,1.4560804341451343,-0.0,0.0,-0.0,0.0
3.072204,"[5.006801605224609, 4.5, 0.0]","[15.20000171661377, 4.5, 0.0]",0.003630044637302521,1.4797182083129883,-0.0006319023678799229,10.163722991942999,1.4661078408825396,-0.0,0.0,-0.0,0.0
3.092507,"[5.0068745613098145, 4.5, 0.0]","[15.229374885559082, 4.5, 0.0]",0.003642682684587211,1.4896750450134277,0.0006319023642345099,10.193200111388347,1.4760881636756857,-0.0,0.0,-0.0,0.0
3.112266,"[5.006802082061768, 4.5, 0.0]","[15.259337425231934, 4.5, 0.0]",0.0036300446372553377,1.4997282028198242,-0.0006319023665936688,10.222500324248905,1.4860323623288405,-0.0,0.0,-0.0,0.0
3.132428,"[5.006875038146973, 4.5, 0.0]","[15.289939880371094, 4.5, 0.0]",0.0036426826846868935,1.5097618103027344,0.0006319023715777895,10.252535343169347,1.496098158182569,-0.0,0.0,-0.0,0.0
3.152448,"[5.006802558898926, 4.5, 0.0]","[15.320479393005371, 4.5, 0.0]",0.003630044637340312,1.5197747945785522,-0.0006319023673290831,10.283064842223757,1.5061191276180474,-0.0,0.0,-0.0,0.0
3.172342,"[5.006875514984131, 4.5, 0.0]","[15.351306915283203, 4.5, 0.0]",0.003642682684666039,1.5298819541931152,0.0006319023662863625,10.313676834105623,1.516144749941212,-0.0,0.0,-0.0,0.0
3.192434,"[5.006803035736084, 4.5, 0.0]","[15.381842613220215, 4.5, 0.0]",0.0036300446372838427,1.5398938655853271,-0.0006319023691098201,10.344431400298706,1.5262392715084492,-0.0,0.0,-0.0,0.0
3.212005,"[5.006875991821289, 4.5, 0.0]","[15.412166595458984, 4.5, 0.0]",0.0036426826845867297,1.5497353076934814,0.0006319023651443507,10.375039577483303,1.5362638209480433,-0.0,0.0,-0.0,0.0
3.232228,"[5.006803512573242, 4.5, 0.0]","[15.44361686706543, 4.5, 0.0]",0.003630044637291646,1.5597196817398071,-0.0006319023647541897,10.405290603637328,1.5460926250088947,-0.0,0.0,-0.0,0.0
3.252596,"[5.006876468658447, 4.5, 0.0]","[15.475207328796387, 4.5, 0.0]",0.003642682684637959,1.5697482824325562,0.0006319023673156607,10.436813354491354,1.5560896371025155,-0.0,0.0,-0.0,0.0
3.271991,"[5.0068039894104, 4.5, 0.0]","[15.50648307800293, 4.5, 0.0]",0.0036300446373347547,1.5796772241592407,-0.0006319023651602234,10.468330860137568,1.5661055997479183,-0.0,0.0,-0.0,0.0
3.292469,"[5.0068769454956055, 4.5, 0.0]","[15.53795051574707, 4.5, 0.0]",0.0036426826845890204,1.5896668434143066,0.0006319023627132875,10.49967908859169,1.576047179521906,-0.0,0.0,-0.0,0.0
3.312758,"[5.006804466247559, 4.5, 0.0]","[15.569925308227539, 4.5, 0.0]",0.003630044637248716,1.5997207164764409,-0.0006319023670152283,10.531073570251092,1.5860241607297176,-0.0,0.0,-0.0,0.0
3.331891,"[5.006877422332764, 4.5, 0.0]","[15.602316856384277, 4.5, 0.0]",0.0036426826846299963,1.609687328338623,0.0006319023690640234,10.563120841979137,1.596090671839192,-0.0,0.0,-0.0,0.0
3.352408,"[5.006804943084717, 4.5, 0.0]","[15.634834289550781, 4.5, 0.0]",0.003630044637288257,1.6230260133743286,-0.0006319023670869591,10.595439434051139,1.606044645653993,-0.0,0.0,-0.0,0.0
3.3721,"[5.006877899169922, 4.5, 0.0]","[15.667308807373047, 4.5, 0.0]",0.0036426826846139475,1.6263513565063477,0.0006319023662845194,10.628029346465215,1.6193959687370403,-0.0,0.0,-0.0,0.0
3.392314,"[5.006805419921875, 4.5, 0.0]","[15.699874877929688, 4.5, 0.0]",0.003630044637252282,1.6430383920669556,-0.0006319023680832758,10.660430908202747,1.6227086738217338,-0.0,0.0,-0.0,0.0
3.412412,"[5.00687837600708, 4.5, 0.0]","[15.732807159423828, 4.5, 0.0]",0.0036426826845893795,1.6464099884033203,0.0006319023668548748,10.693069458006958,1.6394083474297032,-0.0,0.0,-0.0,0.0
3.432431,"[5.006805896759033, 4.5, 0.0]","[15.766183853149414, 4.5, 0.0]",0.0036300446372505616,1.6630399227142334,-0.0006319023669408954,10.725928783416368,1.6427673057187309,-0.0,0.0,-0.0,0.0
3.454149,"[5.006878852844238, 4.5, 0.0]","[15.799860954284668, 4.5, 0.0]",0.0036426826845876543,1.6664260625839233,0.0006319023668546362,10.759377956389523,1.6594098780769828,-0.0,0.0,-0.0,0.0
3.472142,"[5.006806373596191, 4.5, 0.0]","[15.833282470703125, 4.5, 0.0]",0.0036300446372601342,1.6830694675445557,-0.0006319023663760043,10.792982101440048,1.6627833798993357,-0.0,0.0,-0.0,0.0
3.493115,"[5.0068793296813965, 4.5, 0.0]","[15.866604804992676, 4.5, 0.0]",0.0036426826845975657,1.686349630355835,0.0006319023668715715,10.826476097106069,1.6794394229072955,-0.0,0.0,-0.0,0.0
3.512081,"[5.00680685043335, 4.5, 0.0]","[15.900596618652344, 4.5, 0.0]",0.0036300446372616577,1.7030714750289917,-0.0006319023667953954,10.859725475310894,1.6827069476712373,-0.0,0.0,-0.0,0.0
3.532567,"[5.006879806518555, 4.5, 0.0]","[15.935059547424316, 4.5, 0.0]",0.0036426826846057774,1.7063939571380615,0.0006319023672059828,10.893789768218124,1.69944143039173,-0.0,0.0,-0.0,0.0
3.552647,"[5.006807327270508, 4.5, 0.0]","[15.969574928283691, 4.5, 0.0]",0.0036300446372519325,1.7230650186538696,-0.0006319023676922475,10.928179740905374,1.7027512744534556,-0.0,0.0,-0.0,0.0
3.572006,"[5.006880283355713, 4.5, 0.0]","[16.003860473632812, 4.5, 0.0]",0.003642682684651878,1.7263364791870117,0.000631902369997283,10.962767601012308,1.7194349740166177,-0.0,0.0,-0.0,0.0
3.592059,"[5.006807804107666, 4.5, 0.0]","[16.03850746154785, 4.5, 0.0]",0.0036300446373019658,1.7430455684661865,-0.0006319023674956166,10.99698019027671,1.7226937965023599,-0.0,0.0,-0.0,0.0
3.612179,"[5.006880760192871, 4.5, 0.0]","[16.073331832885742, 4.5, 0.0]",0.0036426826845860063,1.7463847398757935,0.0006319023642020272,11.031699657439304,1.7394155238288846,-0.0,0.0,-0.0,0.0
3.632245,"[5.006808280944824, 4.5, 0.0]","[16.108896255493164, 4.5, 0.0]",0.026297334581613808,1.7630695104599,1.13273259485139,11.066451072692479,1.7427420571912076,0.4101598262786865,0.0,0.4101598262786865,0.0
3.652757,"[5.006881237030029, 4.5, 0.0]","[16.144447326660156, 4.5, 0.0]",0.050195474177614226,1.7664172649383547,1.194906979800021,11.102087974547453,1.7367721758782861,0.43267298489809036,0.0,0.43267298489809036,0.0
3.672267,"[5.007407188415527, 4.5, 0.0]","[16.179737091064453, 4.5, 0.0]",0.07413854449990431,1.783024549484253,1.1971535161145044,11.137566089628546,1.7162217907607404,0.4334864765405655,0.0,0.4334864765405655,0.0
3.693283,"[5.008410930633545, 4.5, 0.0]","[16.21529769897461, 4.5, 0.0]",0.09814812988047508,1.7863751649856567,1.2004792690285384,11.17232990264645,1.7088860049843486,0.4346909373998642,0.0,0.4346909373998642,0.0
3.712076,"[5.009893894195557, 4.5, 0.0]","[16.251235961914062, 4.5, 0.0]",0.12229778617628143,1.8030781745910645,1.2074828147903172,11.206886768338581,1.6882270351051816,0.4372268170118332,0.0,0.4372268170118332,0.0
3.732253,"[5.011857032775879, 4.5, 0.0]","[16.287551879882812, 4.5, 0.0]",0.14660914242276976,1.806361436843872,1.2155678123244167,11.24134206771691,1.680780388414783,0.44015437364578247,0.0,0.44015437364578247,0.0
3.752801,"[5.014303207397461, 4.5, 0.0]","[16.324249267578125, 4.5, 0.0]",0.1698187142611574,1.8230820894241333,1.1604785919193825,11.275694847106033,1.6597522944211023,0.42020656168460846,0.0,0.42020656168460846,0.0
3.771905,"[5.017235279083252, 4.5, 0.0]","[16.360567092895508, 4.5, 0.0]",0.19323052465921753,1.826365351676941,1.1705905199030058,11.30994606017906,1.653263375162976,0.42386773973703384,0.0,0.42386773973703384,0.0
3.792846,"[5.020631790161133, 4.5, 0.0]","[16.39723777770996, 4.5, 0.0]",0.21684260666376756,1.843078851699829,1.1806041002275016,11.343331813810646,1.6331348270177233,0.42749445885419846,0.0,0.42749445885419846,0.0
3.813388,"[5.024496555328369, 4.5, 0.0]","[16.434797286987305, 4.5, 0.0]",0.24065585434442968,1.8466124534606934,1.1906623840331059,11.376605987546307,1.6262362450360615,0.4311361163854599,0.0,0.4311361163854599,0.0
3.833952,"[5.028833389282227, 4.5, 0.0]","[16.471710205078125, 4.5, 0.0]",0.26466053724297783,1.8631229400634766,1.2002341449274077,11.410300731656408,1.6059565991162637,0.4346013441681862,0.0,0.4346013441681862,0.0
3.852325,"[5.033646583557129, 4.5, 0.0]","[16.509119033813477, 4.5, 0.0]",0.28769749403012806,1.8664319515228271,1.1518478393575116,11.442876815794275,1.5984624028204988,0.4170817509293556,0.0,0.4170817509293556,0.0
3.872487,"[5.038939952850342, 4.5, 0.0]","[16.547298431396484, 4.5, 0.0]",0.31089633703241937,1.8832796812057495,1.159942150114565,11.475472450251363,1.5787344574926991,0.4200120270252228,0.0,0.4200120270252228,0.0
3.892311,"[5.044693946838379, 4.5, 0.0]","[16.583850860595703, 4.5, 0.0]",0.3342525362969399,1.8896936178207397,1.1678099632260268,11.508358478542469,1.5723833441733301,0.4228610172867775,0.0,0.4228610172867775,0.0
3.912438,"[5.050911903381348, 4.5, 0.0]","[16.621850967407227, 4.5, 0.0]",0.3577609658242455,1.8997448682785034,1.1754214763652793,11.539156913753642,1.5554410815237998,0.4256182536482811,0.0,0.4256182536482811,0.0
3.932845,"[5.0575971603393555, 4.5, 0.0]","[16.66100311279297, 4.5, 0.0]",0.38141340017327585,1.9099143743515015,1.182621717451518,11.570939064022186,1.5419839024542579,0.4282246530056,0.0,0.4282246530056,0.0
3.95226,"[5.064752578735352, 4.5, 0.0]","[16.698949813842773, 4.5, 0.0]",0.4037732481957385,1.9197704792022705,1.1179924011231328,11.60340595244991,1.5285009741782256,0.40482237935066223,0.0,0.40482237935066223,0.0
3.971884,"[5.072381019592285, 4.5, 0.0]","[16.737178802490234, 4.5, 0.0]",0.42629879713067875,1.929700255393982,1.126277446747012,11.634197235104844,1.515997231006532,0.407821424305439,0.0,0.407821424305439,0.0
3.992216,"[5.080456256866455, 4.5, 0.0]","[16.775732040405273, 4.5, 0.0]",0.44897764921196875,1.9397139549255378,1.1339426040645,11.664797782895365,1.503401458263303,0.4105985537171364,0.0,0.4105985537171364,0.0
4.012803,"[5.088982105255127, 4.5, 0.0]","[16.814697265625, 4.5, 0.0]",0.47179895639427416,1.9497544765472414,1.1410653591152702,11.695275783536227,1.490736305713569,0.41317805647850037,0.0,0.41317805647850037,0.0
4.032315,"[5.09796142578125, 4.5, 0.0]","[16.85395050048828, 4.5, 0.0]",0.49476009607325255,1.9596918821334839,1.1480569839489196,11.725715160367274,1.4779555201529673,0.41570790112018585,0.0,0.41570790112018585,0.0
4.05331,"[5.107397556304932, 4.5, 0.0]","[16.894487380981445, 4.5, 0.0]",0.516252338886389,1.9699548482894897,1.074612140656822,11.755989074701924,1.4649317860602313,0.3891153261065483,0.0,0.3891153261065483,0.0
4.072214,"[5.117292881011963, 4.5, 0.0]","[16.9331111907959, 4.5, 0.0]",0.5378783345224163,1.979732871055603,1.0812997818013648,11.787089824673902,1.4537025094031009,0.3915371000766754,0.0,0.3915371000766754,0.0
4.092646,"[5.127617835998535, 4.5, 0.0]","[16.972564697265625, 4.5, 0.0]",0.5596058964731302,1.9897210597991946,1.0863780975356951,11.815818309781317,1.4418545365331867,0.3933752328157425,0.0,0.3933752328157425,0.0
4.112352,"[5.138375282287598, 4.5, 0.0]","[17.012439727783203, 4.5, 0.0]",0.5814602971078922,1.9997380971908572,1.092720031738098,11.84494686126331,1.4301151633260645,0.3956693783402443,0.0,0.3956693783402443,0.0
4.132401,"[5.149567604064941, 4.5, 0.0]","[17.052934646606445, 4.5, 0.0]",0.6034300923349337,2.0097367763519287,1.0984897613520783,11.874064445492975,1.418277800082965,0.39775993674993515,0.0,0.39775993674993515,0.0
4.152193,"[5.161196708679199, 4.5, 0.0]","[17.093496322631836, 4.5, 0.0]",0.6242766976358471,2.019752025604248,1.0423302650456712,11.903367042539815,1.4063066840169949,0.37742331624031067,0.0,0.37742331624031067,0.0
4.172171,"[5.17326545715332, 4.5, 0.0]","[17.133703231811523, 4.5, 0.0]",0.6452425122263071,2.029679536819458,1.0482907295229993,11.932299613951685,1.395475327968401,0.37958327680826187,0.0,0.37958327680826187,0.0
4.192263,"[5.185750961303711, 4.5, 0.0]","[17.174192428588867, 4.5, 0.0]",0.6663001179697245,2.0396769046783447,1.052880287170871,11.960437774655553,1.3844370245931508,0.3812458738684654,0.0,0.3812458738684654,0.0
4.21239,"[5.198655605316162, 4.5, 0.0]","[17.215251922607422, 4.5, 0.0]",0.6874495148660748,2.049739360809326,1.0574698448175102,11.988441467282499,1.3733767867086202,0.3829069435596466,0.0,0.3829069435596466,0.0
4.2325,"[5.211981773376465, 4.5, 0.0]","[17.256732940673828, 4.5, 0.0]",0.7087169289590906,2.059734344482422,1.06337070465079,12.016596317287425,1.3622898459432515,0.3850460797548294,0.0,0.3850460797548294,0.0
4.252642,"[5.225730895996094, 4.5, 0.0]","[17.29920196533203, 4.5, 0.0]",0.7289355397226227,2.0699679851531987,1.0109305381766076,12.044751167290528,1.3510174155233314,0.3660547360777855,0.0,0.3660547360777855,0.0
4.272256,"[5.23990535736084, 4.5, 0.0]","[17.33959197998047, 4.5, 0.0]",0.7492728829385871,2.079700469970703,1.0168671607982183,12.073471069332085,1.341032445430576,0.36820583045482635,0.0,0.36820583045482635,0.0
4.292652,"[5.254484176635742, 4.5, 0.0]","[17.381103515625, 4.5, 0.0]",0.7696993947031614,2.0897035598754887,1.0213255882287164,12.099686622614373,1.330427587032116,0.3698212280869484,0.0,0.3698212280869484,0.0
4.313193,"[5.269469738006592, 4.5, 0.0]","[17.423107147216797, 4.5, 0.0]",0.7902424931528568,2.103083848953247,1.0271549224847687,12.12661933898055,1.3200041651723273,0.37192847579717636,0.0,0.37192847579717636,0.0
4.332486,"[5.2848639488220215, 4.5, 0.0]","[17.46546173095703, 4.5, 0.0]",0.810895025730377,2.1063826084136963,1.03262662887601,12.153637409206326,1.3128413558003902,0.3739117458462715,0.0,0.3739117458462715,0.0
4.352095,"[5.300668716430664, 4.5, 0.0]","[17.508102416992188, 4.5, 0.0]",0.8307526707651722,2.1230831146240234,0.9928822517397629,12.180597782133281,1.2954875826833194,0.35952094942331314,0.0,0.35952094942331314,0.0
4.37312,"[5.3168864250183105, 4.5, 0.0]","[17.551172256469727, 4.5, 0.0]",0.8507254719736745,2.12654972076416,0.9986400604251155,12.207433700558818,1.2923304438588512,0.36160554736852646,0.0,0.36160554736852646,0.0
4.392217,"[5.33350133895874, 4.5, 0.0]","[17.593730926513672, 4.5, 0.0]",0.8707848191263814,2.14323091506958,1.0029673576353426,12.234285831448705,1.2758242487904856,0.3631724789738655,0.0,0.3631724789738655,0.0
4.412921,"[5.350515842437744, 4.5, 0.0]","[17.635896682739258, 4.5, 0.0]",0.8909519314768615,2.1464126110076904,1.0083556175240038,12.260229587552216,1.2724460959431987,0.36512117832899094,0.0,0.36512117832899094,0.0
4.432692,"[5.367931365966797, 4.5, 0.0]","[17.6791934967041, 4.5, 0.0]",0.9112213253977638,2.1630327701568604,1.0134696960451162,12.28538084029879,1.255460679530829,0.3669748082756996,0.0,0.3669748082756996,0.0
4.452146,"[5.3857502937316895, 4.5, 0.0]","[17.722942352294922, 4.5, 0.0]",0.9305842518809273,2.1664228439331055,0.9681463241581756,12.311262130733375,1.2518114447590967,0.3505650535225868,0.0,0.3505650535225868,0.0
4.472184,"[5.403974533081055, 4.5, 0.0]","[17.766313552856445, 4.5, 0.0]",0.9500353932383362,2.18306040763855,0.9725570678704443,12.337192058560499,1.2358385920521782,0.3521618992090225,0.0,0.3521618992090225,0.0
4.49234,"[5.422586441040039, 4.5, 0.0]","[17.809593200683594, 4.5, 0.0]",0.9695737957957178,2.186342716217041,0.9769201278690798,12.362339019772651,1.2330250144002135,0.3537418320775032,0.0,0.3537418320775032,0.0
4.512239,"[5.441586971282959, 4.5, 0.0]","[17.853694915771484, 4.5, 0.0]",0.9892211556437522,2.203077554702759,0.9823679924017226,12.38700675964081,1.2167689204213232,0.35571329295635223,0.0,0.35571329295635223,0.0
4.532239,"[5.4609785079956055, 4.5, 0.0]","[17.89802360534668, 4.5, 0.0]",1.0089722871783793,2.206371784210205,0.9875565767313521,12.412107944483132,1.2138563990590066,0.35759229212999344,0.0,0.35759229212999344,0.0
4.553594,"[5.480762958526611, 4.5, 0.0]","[17.942533493041992, 4.5, 0.0]",1.0276085138324267,2.223041296005249,0.9318113327023703,12.43704509734567,1.1973994970318258,0.3374098613858223,0.0,0.3374098613858223,0.0
4.57206,"[5.500942230224609, 4.5, 0.0]","[17.987031936645508, 4.5, 0.0]",1.0463472604754844,2.2263739109039307,0.9369373321528873,12.461770534511404,1.1954327821728223,0.33926665782928467,0.0,0.33926665782928467,0.0
4.592396,"[5.521494388580322, 4.5, 0.0]","[18.032480239868164, 4.5, 0.0]",1.0651842355731893,2.2432541847229004,0.9418487548852439,12.486089706416912,1.1800266504284462,0.3410426154732704,0.0,0.3410426154732704,0.0
4.612151,"[5.542421340942383, 4.5, 0.0]","[18.07649040222168, 4.5, 0.0]",1.084115147591069,2.2464075088500977,0.9465456008939888,12.510985851282406,1.178069949149711,0.34274592995643616,0.0,0.34274592995643616,0.0
4.632006,"[5.563724994659424, 4.5, 0.0]","[18.121728897094727, 4.5, 0.0]",1.103129982948774,2.263017416000366,0.9507417678852437,12.534069061273852,1.1622923612590286,0.3442636877298355,0.0,0.3442636877298355,0.0
4.6528,"[5.585407257080078, 4.5, 0.0]","[18.167810440063477, 4.5, 0.0]",1.1211587190633014,2.2664780616760254,0.9014368057263744,12.558003902429848,1.1598874330515923,0.3264116123318672,0.0,0.3264116123318672,0.0
4.672148,"[5.6074700355529785, 4.5, 0.0]","[18.213054656982422, 4.5, 0.0]",1.1392756700521756,2.2830889225006104,0.9058475494437057,12.58240318297626,1.145319342612724,0.32800454646348953,0.0,0.32800454646348953,0.0
4.692269,"[5.6298933029174805, 4.5, 0.0]","[18.25840187072754, 4.5, 0.0]",1.1574794054037645,2.2863881587982178,0.9101867675794462,12.60558462142229,1.1438132524484348,0.32957345247268677,0.0,0.32957345247268677,0.0
4.712313,"[5.652678966522217, 4.5, 0.0]","[18.304317474365234, 4.5, 0.0]",1.175761818886408,2.3030788898468018,0.9141206741321795,12.628508567802893,1.1289087533944533,0.3310001641511917,0.0,0.3310001641511917,0.0
4.73254,"[5.675828456878662, 4.5, 0.0]","[18.350618362426758, 4.5, 0.0]",1.1941233873373505,2.3063690662384033,0.9180784225471195,12.65163850783898,1.1273170709603937,0.33243052661418915,0.0,0.33243052661418915,0.0
4.751922,"[5.699343681335449, 4.5, 0.0]","[18.397157669067383, 4.5, 0.0]",1.211846470833407,2.323044538497925,0.8861541748028223,12.674789905542589,1.1122456789010529,0.32087773084640503,0.0,0.32087773084640503,0.0
4.775852,"[5.723226070404053, 4.5, 0.0]","[18.444612503051758, 4.5, 0.0]",1.2296524047856665,2.326582670211792,0.89029669761298,12.69781398772788,1.111198067664518,0.322372205555439,0.0,0.322372205555439,0.0
4.792739,"[5.747463226318359, 4.5, 0.0]","[18.490148544311523, 4.5, 0.0]",1.247535228729714,2.3430426120758057,0.8941411972023694,12.721386432642179,1.0969302654261255,0.32376334071159363,0.0,0.32376334071159363,0.0
4.812454,"[5.7720561027526855, 4.5, 0.0]","[18.53716278076172, 4.5, 0.0]",1.265474319458458,2.3497531414031982,0.8969545364372,12.742685317989096,1.0955073833460918,0.3247816115617752,0.0,0.3247816115617752,0.0
4.832434,"[5.797006607055664, 4.5, 0.0]","[18.584619522094727, 4.5, 0.0]",1.283490657806814,2.359744071960449,0.9008169174178016,12.765106678004958,1.0842788219447403,0.3261870890855789,0.0,0.3261870890855789,0.0
4.852227,"[5.8223161697387695, 4.5, 0.0]","[18.632110595703125, 4.5, 0.0]",1.3008971214298297,2.3697423934936523,0.8703231811507894,12.78761291503498,1.0762534141536353,0.3151450678706169,0.0,0.3151450678706169,0.0
4.873788,"[5.847986221313477, 4.5, 0.0]","[18.679513931274414, 4.5, 0.0]",1.318363189697667,2.3797218799591064,0.8733034133918682,12.809794425961517,1.0688452720638226,0.31622331589460373,0.0,0.31622331589460373,0.0
4.894014,"[5.874004364013672, 4.5, 0.0]","[18.7269287109375, 4.5, 0.0]",1.3358874320988667,2.3897039890289307,0.8762121200599826,12.831527709955363,1.0613586902614394,0.31727857887744904,0.0,0.31727857887744904,0.0
4.913401,"[5.900371551513672, 4.5, 0.0]","[18.77595329284668, 4.5, 0.0]",1.3534731864934755,2.3999557495117188,0.8792877197304372,12.852924346914598,1.053816556930064,0.31838390976190567,0.0,0.31838390976190567,0.0
4.932868,"[5.927089214324951, 4.5, 0.0]","[18.824337005615234, 4.5, 0.0]",1.3711218833929062,2.4099316596984863,0.8824348449715358,12.875581741323762,1.0464825630182433,0.31952865421772003,0.0,0.31952865421772003,0.0
4.952473,"[5.954158782958984, 4.5, 0.0]","[18.872066497802734, 4.5, 0.0]",1.3879909515387006,2.4197731018066406,0.8434534072897182,12.897247791281021,1.0388097763055801,0.3054145723581314,0.0,0.3054145723581314,0.0
4.972022,"[5.981581211090088, 4.5, 0.0]","[18.920289993286133, 4.5, 0.0]",1.4049263000494392,2.4297158718109135,0.8467674255369317,12.917907714838138,1.03178215026794,0.30661100521683693,0.0,0.30661100521683693,0.0
4.992251,"[6.009341239929199, 4.5, 0.0]","[18.96867561340332, 4.5, 0.0]",1.4219479560857529,2.439692258834839,0.8510828018156835,12.938708782190425,1.0247895717614743,0.30817870050668716,0.0,0.30817870050668716,0.0
5.012045,"[6.037439823150635, 4.5, 0.0]","[19.01772117614746, 4.5, 0.0]",1.439031124115551,2.4497416019439697,0.8541584014899017,12.959334373469984,1.017744302749086,0.30929019674658775,0.0,0.30929019674658775,0.0
5.032531,"[6.065878868103027, 4.5, 0.0]","[19.06713104248047, 4.5, 0.0]",1.4561929702764027,2.4597229957580566,0.8580923080425906,12.98028135299395,1.0107104778284188,0.310714915394783,0.0,0.310714915394783,0.0
5.052488,"[6.094659328460693, 4.5, 0.0]","[19.11719512939453, 4.5, 0.0]",1.4724249839787757,2.469836950302124,0.8116006851186519,13.00125217437456,1.003530025481654,0.29387859627604485,0.0,0.29387859627604485,0.0
5.072119,"[6.123783111572266, 4.5, 0.0]","[19.16609001159668, 4.5, 0.0]",1.4887146949772794,2.47971510887146,0.8144855499251813,13.022535800930951,0.9974119663233483,0.2949255704879761,0.0,0.2949255704879761,0.0
5.092405,"[6.153231620788574, 4.5, 0.0]","[19.21562957763672, 4.5, 0.0]",1.505061626434777,2.489722967147827,0.8173465728748774,13.042306900021524,0.9910004138941806,0.2959604561328888,0.0,0.2959604561328888,0.0
5.112446,"[6.1830058097839355, 4.5, 0.0]","[19.26651954650879, 4.5, 0.0]",1.521484851837559,2.4999375343322754,0.8211612701391036,13.062397956847102,0.9846613407130502,0.2973386272788048,0.0,0.2973386272788048,0.0
5.131946,"[6.213107109069824, 4.5, 0.0]","[19.315767288208008, 4.5, 0.0]",1.5379805564884035,2.5096898078918457,0.8247852325422245,13.08351373672439,0.9784526824947164,0.2986488677561283,0.0,0.2986488677561283,0.0
5.152155,"[6.243536949157715, 4.5, 0.0]","[19.366561889648438, 4.5, 0.0]",1.5538768768314057,2.5197479724884033,0.7948160171501129,13.102660179136324,0.9717092514034422,0.2877984941005707,0.0,0.2877984941005707,0.0
5.172198,"[6.274296760559082, 4.5, 0.0]","[19.416790008544922, 4.5, 0.0]",1.5698432922366719,2.529694080352783,0.7983207702633055,13.123024940488861,0.9658710956569976,0.28907058760523796,0.0,0.28907058760523796,0.0
5.192291,"[6.3053741455078125, 4.5, 0.0]","[19.467418670654297, 4.5, 0.0]",1.5858702659610704,2.539719581604004,0.801348686219927,13.142493247983975,0.9598507881161114,0.29016749933362007,0.0,0.29016749933362007,0.0
5.212512,"[6.336771011352539, 4.5, 0.0]","[19.518369674682617, 4.5, 0.0]",1.6019563674931,2.549747943878174,0.8043050766014859,13.162044525142283,0.9538493156429335,0.29123976826667786,0.0,0.29123976826667786,0.0
5.232225,"[6.368488311767578, 4.5, 0.0]","[19.56964111328125, 4.5, 0.0]",1.6181006431583693,2.5630369186401367,0.8072137832634607,13.181598663328208,0.9477915763850737,0.29229331761598587,0.0,0.29229331761598587,0.0
5.252257,"[6.400527477264404, 4.5, 0.0]","[19.621322631835938, 4.5, 0.0]",1.6337757110599436,2.5664052963256836,0.7837533950787123,13.2011528015118,0.9449362754817674,0.2837911993265152,0.0,0.2837911993265152,0.0
5.27323,"[6.432889461517334, 4.5, 0.0]","[19.672624588012695, 4.5, 0.0]",1.6494956016544133,2.583033800125122,0.7859945297234883,13.220795154569657,0.93262958526574,0.28460361063480377,0.0,0.28460361063480377,0.0
5.292753,"[6.465565204620361, 4.5, 0.0]","[19.724349975585938, 4.5, 0.0]",1.6652755737307519,2.586410522460938,0.7889986038169261,13.239735126493482,0.9335381984707087,0.28569674119353294,0.0,0.28569674119353294,0.0
5.31227,"[6.4985551834106445, 4.5, 0.0]","[19.77634620666504, 4.5, 0.0]",1.681116104126222,2.6031136512756348,0.7920265197735032,13.258784770963695,0.9211349487301861,0.2867934852838516,0.0,0.2867934852838516,0.0
5.332276,"[6.531860828399658, 4.5, 0.0]","[19.82847023010254, 4.5, 0.0]",1.6970105171206273,2.606374979019165,0.7947206497202708,13.277791023253334,0.9219975471494128,0.28776640072464943,0.0,0.28776640072464943,0.0
5.352634,"[6.565483093261719, 4.5, 0.0]","[19.881166458129883, 4.5, 0.0]",1.7123022079471095,2.6230790615081787,0.7645845413241092,13.296609401699934,0.9093644618985377,0.2768515609204769,0.0,0.2768515609204769,0.0
5.372031,"[6.599423408508301, 4.5, 0.0]","[19.933589935302734, 4.5, 0.0]",1.7276535034183824,2.6263976097106934,0.7675647735636448,13.315683364862378,0.9107768535610692,0.27793170884251595,0.0,0.27793170884251595,0.0
5.392451,"[6.633669376373291, 4.5, 0.0]","[19.98587417602539, 4.5, 0.0]",1.74305772781419,2.6430234909057617,0.7702112197903843,13.334166526790177,0.8987441062923109,0.2788936719298363,0.0,0.2788936719298363,0.0
5.413081,"[6.668222427368164, 4.5, 0.0]","[20.03888511657715, 4.5, 0.0]",1.7585163116460194,2.646395444869995,0.7729291915914649,13.352204799647838,0.8999657630915716,0.2798765152692795,0.0,0.2798765152692795,0.0
5.432312,"[6.703083515167236, 4.5, 0.0]","[20.092411041259766, 4.5, 0.0]",1.77403020858817,2.66306734085083,0.7756948471075331,13.370662689204716,0.8878791332239757,0.28087520971894264,0.0,0.28087520971894264,0.0
5.453788,"[6.738254070281982, 4.5, 0.0]","[20.14602279663086, 4.5, 0.0]",1.7888889312749576,2.6664211750030518,0.7429361343393781,13.389327526088255,0.88903713226266,0.26901310309767723,0.0,0.26901310309767723,0.0
5.471849,"[6.7737345695495605, 4.5, 0.0]","[20.1990966796875, 4.5, 0.0]",1.8037838935857609,2.6830086708068848,0.7447481155401614,13.407768726344598,0.8775322437280941,0.2696690149605274,0.0,0.2696690149605274,0.0
5.492662,"[6.809512138366699, 4.5, 0.0]","[20.252805709838867, 4.5, 0.0]",1.8187322616582673,2.6863806247711186,0.7474184036253217,13.425362110133655,0.8792247772211239,0.2706392854452133,0.0,0.2706392854452133,0.0
5.512238,"[6.845587730407715, 4.5, 0.0]","[20.3067569732666, 4.5, 0.0]",1.8337292671209335,2.7030746936798096,0.7498502731333123,13.443293571467876,0.8676483631128513,0.2715221606194973,0.0,0.2715221606194973,0.0
5.533107,"[6.881962299346924, 4.5, 0.0]","[20.3619441986084, 4.5, 0.0]",1.8487777709966409,2.706533670425415,0.7524251937853665,13.46116924285459,0.869345426558876,0.27245135977864265,0.0,0.27245135977864265,0.0
5.552082,"[6.918636798858643, 4.5, 0.0]","[20.41571807861328, 4.5, 0.0]",1.8634891510015092,2.72306752204895,0.735569000243419,13.479981899257172,0.8577558994287742,0.2663450874388218,0.0,0.2663450874388218,0.0
5.572205,"[6.9556121826171875, 4.5, 0.0]","[20.470073699951172, 4.5, 0.0]",1.8782525062566873,2.7263736724853516,0.7381677627589012,13.497081279751647,0.859578371047441,0.2672855742275715,0.0,0.2672855742275715,0.0
5.592541,"[6.992881774902344, 4.5, 0.0]","[20.524641036987305, 4.5, 0.0]",1.8930630683903864,2.743053436279297,0.7405281066849567,13.514461517329671,0.8481211662286643,0.26814140379428864,0.0,0.26814140379428864,0.0
5.612339,"[7.030447006225586, 4.5, 0.0]","[20.579511642456055, 4.5, 0.0]",1.9079165458683742,2.746397972106934,0.742673873899391,13.531759262081962,0.8499903678889105,0.2689245715737343,0.0,0.2689245715737343,0.0
5.632605,"[7.068308353424072, 4.5, 0.0]","[20.635183334350586, 4.5, 0.0]",1.9228167533878886,2.7630960941314697,0.7450103759757187,13.549064636228547,0.8384814262385598,0.26976851746439934,0.0,0.26976851746439934,0.0
5.653262,"[7.106466770172119, 4.5, 0.0]","[20.690771102905273, 4.5, 0.0]",1.9373602867131094,2.7664449214935303,0.7271766662610424,13.566874980924588,0.8402793407435811,0.2633078210055828,0.0,0.2633078210055828,0.0
5.672301,"[7.144923210144043, 4.5, 0.0]","[20.745899200439453, 4.5, 0.0]",1.9519457817082828,2.7830450534820557,0.7292747497586682,13.584304332731227,0.8290846347804208,0.26406873017549515,0.0,0.26406873017549515,0.0
5.693079,"[7.183670520782471, 4.5, 0.0]","[20.801420211791992, 4.5, 0.0]",1.9665703773503884,2.7863814830780034,0.7312297821052804,13.600975990293481,0.8310992717737729,0.2647780068218708,0.0,0.2647780068218708,0.0
5.712073,"[7.222709655761719, 4.5, 0.0]","[20.85746955871582, 4.5, 0.0]",1.9812388420110232,2.8030920028686523,0.7334232330317381,13.617749691006503,0.819811105727615,0.2655668370425701,0.0,0.2655668370425701,0.0
5.733439,"[7.262041091918945, 4.5, 0.0]","[20.91463851928711, 4.5, 0.0]",1.9959316253667168,2.8098766803741455,0.7346391677846786,13.63475990295108,0.8218531608576292,0.26601068675518036,0.0,0.26601068675518036,0.0
5.752708,"[7.301665782928467, 4.5, 0.0]","[20.970487594604492, 4.5, 0.0]",2.010042428970961,2.8197615146636963,0.7055401802122052,13.652597427363807,0.8139450550074288,0.25547562167048454,0.0,0.25547562167048454,0.0
5.772912,"[7.341584205627441, 4.5, 0.0]","[21.02787208557129, 4.5, 0.0]",2.0242025852210896,2.829918146133423,0.7080078125064393,13.66882181166621,0.8097190856927354,0.2563755214214325,0.0,0.2563755214214325,0.0
5.792638,"[7.381784915924072, 4.5, 0.0]","[21.084365844726562, 4.5, 0.0]",2.038409471512687,2.839916944503784,0.7103443145798582,13.686287879936081,0.8057155609123332,0.25721319019794464,0.0,0.25721319019794464,0.0
5.813637,"[7.422268867492676, 4.5, 0.0]","[21.141313552856445, 4.5, 0.0]",2.0526592731485236,2.849938154220581,0.7124900817918389,13.702580928794715,0.8015074729910974,0.2579937130212784,0.0,0.2579937130212784,0.0
5.832404,"[7.463037014007568, 4.5, 0.0]","[21.197731018066406, 4.5, 0.0]",2.066949129105697,2.8597500324249268,0.7144927978586679,13.719044685353918,0.7972788810720575,0.2587231993675232,0.0,0.2587231993675232,0.0
5.852862,"[7.504090309143066, 4.5, 0.0]","[21.255773544311523, 4.5, 0.0]",2.080899477006385,2.869844436645508,0.6975173950344082,13.734694004044105,0.7928009033192298,0.25256868451833725,0.0,0.25256868451833725,0.0
5.872145,"[7.545429229736328, 4.5, 0.0]","[21.31255340576172, 4.5, 0.0]",2.094887971879825,2.8797190189361572,0.6994247436719947,13.751683235144561,0.7889449596391227,0.2532639354467392,0.0,0.2532639354467392,0.0
5.89311,"[7.587047100067139, 4.5, 0.0]","[21.369863510131836, 4.5, 0.0]",2.1089136600515017,2.8896861076354985,0.7012844085838355,13.767124176004764,0.7848310470563322,0.25392724201083183,0.0,0.25392724201083183,0.0
5.912706,"[7.6289448738098145, 4.5, 0.0]","[21.428037643432617, 4.5, 0.0]",2.122958421709458,2.899749994277954,0.7022380828978214,13.78281641005248,0.7807724475839968,0.2542751654982567,0.0,0.2542751654982567,0.0
5.93228,"[7.671123027801514, 4.5, 0.0]","[21.48628807067871, 4.5, 0.0]",2.1370403766657913,2.909707069396973,0.7040977478166566,13.799092769608,0.776791572568496,0.25494862347841263,0.0,0.25494862347841263,0.0
5.952653,"[7.7135820388793945, 4.5, 0.0]","[21.546199798583984, 4.5, 0.0]",2.1507303714779904,2.9199483394622803,0.6844997406099562,13.815165042862377,0.7726666927311818,0.2478548139333725,0.0,0.2478548139333725,0.0
5.97251,"[7.756322860717773, 4.5, 0.0]","[21.60466194152832, 4.5, 0.0]",2.1644585132627907,2.9299421310424805,0.6864070892400154,13.832617759686931,0.7692179679842899,0.24854445829987526,0.0,0.24854445829987526,0.0
5.992151,"[7.799337387084961, 4.5, 0.0]","[21.66208839416504, 4.5, 0.0]",2.178223848345723,2.939758539199829,0.6882667541466159,13.848339080792867,0.7654836177796898,0.24921515956521034,0.0,0.24921515956521034,0.0
6.013255,"[7.842626571655273, 4.5, 0.0]","[21.721288681030273, 4.5, 0.0]",2.192025423052749,2.9498240947723393,0.690078735351296,13.86275100706779,0.7615346908541061,0.2498677745461464,0.0,0.2498677745461464,0.0
6.032277,"[7.886190891265869, 4.5, 0.0]","[21.780284881591797, 4.5, 0.0]",2.205861330035175,2.9597394466400146,0.6917953491212936,13.878662109362697,0.7577986717195904,0.2505033276975155,0.0,0.2505033276975155,0.0
6.052128,"[7.9300312995910645, 4.5, 0.0]","[21.839353561401367, 4.5, 0.0]",2.2193348407771913,2.9696669578552246,0.6736755371008263,13.894093990311024,0.7538781166048398,0.24393396452069283,0.0,0.24393396452069283,0.0
6.071993,"[7.974148750305176, 4.5, 0.0]","[21.89911460876465, 4.5, 0.0]",2.232844591143336,2.9797110557556152,0.6754875183072384,13.909322261797971,0.7503321170780333,0.24458827450871468,0.0,0.24458827450871468,0.0
6.092853,"[8.018535614013672, 4.5, 0.0]","[21.959924697875977, 4.5, 0.0]",2.246389627459207,2.9899311065673833,0.6772518157935448,13.924965858447129,0.7468664646122791,0.24522759020328522,0.0,0.24522759020328522,0.0
6.112874,"[8.063192367553711, 4.5, 0.0]","[22.019912719726562, 4.5, 0.0]",2.2599689960504787,2.999957799911499,0.6789684295635867,13.941389083849945,0.7435414791081763,0.2458527684211731,0.0,0.2458527684211731,0.0
6.132147,"[8.10811996459961, 4.5, 0.0]","[22.078920364379883, 4.5, 0.0]",2.273581743242859,3.0097110271453857,0.6806373596190074,13.95672035216048,0.7399888038610203,0.24646462872624397,0.0,0.24646462872624397,0.0
6.152596,"[8.153319358825684, 4.5, 0.0]","[22.140840530395508, 4.5, 0.0]",2.2868568897272685,3.0232794284820557,0.663757324220482,13.970800399767889,0.7361292839025269,0.2403399907052517,0.0,0.2403399907052517,0.0
6.17243,"[8.198790550231934, 4.5, 0.0]","[22.201047897338867, 4.5, 0.0]",2.3001596927667176,3.026564121246338,0.6651401519724542,13.987521171557423,0.7364225387547871,0.24085236713290215,0.0,0.24085236713290215,0.0
6.192939,"[8.244527816772461, 4.5, 0.0]","[22.26175308227539, 4.5, 0.0]",2.313492059710018,3.043264865875244,0.6666183471650156,14.00225734709452,0.7264044284796203,0.2413751557469368,0.0,0.2413751557469368,0.0
6.212339,"[8.290531158447266, 4.5, 0.0]","[22.321504592895508, 4.5, 0.0]",2.326853990557166,3.0464229583740234,0.6680965423573992,14.017225265490504,0.7297728061652262,0.2419084496796131,0.0,0.2419084496796131,0.0
6.232565,"[8.336800575256348, 4.5, 0.0]","[22.382932662963867, 4.5, 0.0]",2.3402454853079955,3.0630784034729004,0.6695747375414784,14.030973434435804,0.7195689678168575,0.24245105683803558,0.0,0.24245105683803558,0.0
6.252606,"[8.38333797454834, 4.5, 0.0]","[22.444421768188477, 4.5, 0.0]",2.3533833026907622,3.0664095878601074,0.6568908691383379,14.046132087695067,0.7228329181649049,0.23785565048456192,0.0,0.23785565048456192,0.0
6.272429,"[8.430143356323242, 4.5, 0.0]","[22.50719451904297, 4.5, 0.0]",2.3665344715139844,3.0832836627960205,0.6575584411611102,14.061083793627672,0.7130262851693452,0.23809298872947693,0.0,0.23809298872947693,0.0
6.292544,"[8.477210998535156, 4.5, 0.0]","[22.568429946899414, 4.5, 0.0]",2.379698991777621,3.0865733623504643,0.6582260131818174,14.077051162709617,0.7167491912820361,0.23834262043237686,0.0,0.23834262043237686,0.0
6.312228,"[8.524541854858398, 4.5, 0.0]","[22.62915802001953, 4.5, 0.0]",2.392897844316646,3.103065252304077,0.6599426269512598,14.09121894835414,0.7068743705728435,0.23895861580967903,0.0,0.23895861580967903,0.0
6.332311,"[8.572135925292969, 4.5, 0.0]","[22.691570281982422, 4.5, 0.0]",2.4061005115529683,3.106384038925171,0.6601333618161176,14.104616165151004,0.7101674079874312,0.23903710767626762,0.0,0.23903710767626762,0.0
6.352193,"[8.619994163513184, 4.5, 0.0]","[22.75410270690918, 4.5, 0.0]",2.418863534929557,3.123056411743164,0.6381511688294372,14.119434356679314,0.7002835273722026,0.23107551038265228,0.0,0.23107551038265228,0.0
6.372192,"[8.668116569519043, 4.5, 0.0]","[22.816593170166016, 4.5, 0.0]",2.4316647052788825,3.12638783454895,0.6400585174662687,14.134108543380835,0.704192876813607,0.23176409304141998,0.0,0.23176409304141998,0.0
6.39572,"[8.716493606567383, 4.5, 0.0]","[22.881267547607422, 4.5, 0.0]",2.444487810137564,3.1434028148651123,0.6411552429340883,14.148476600622388,0.6947231292700677,0.2321690320968628,0.0,0.2321690320968628,0.0
6.412716,"[8.765127182006836, 4.5, 0.0]","[22.942134857177734, 4.5, 0.0]",2.4573462009457248,3.1464247703552246,0.6429195404080268,14.164773941024844,0.6989150047275481,0.2327953465282917,0.0,0.2327953465282917,0.0
6.43239,"[8.814017295837402, 4.5, 0.0]","[23.005460739135742, 4.5, 0.0]",2.470074892046979,3.16306471824646,0.6364345550627037,14.177007675155691,0.6890785694094999,0.23044686764478683,0.0,0.23044686764478683,0.0
6.452221,"[8.863163948059082, 4.5, 0.0]","[23.068893432617188, 4.5, 0.0]",2.4828398227722213,3.166386842727661,0.6382465362621215,14.191443443283116,0.6929898261994811,0.23110544309020042,0.0,0.23110544309020042,0.0
6.472911,"[8.912565231323242, 4.5, 0.0]","[23.132164001464844, 4.5, 0.0]",2.4956209659608404,3.1830179691314697,0.6390571594309558,14.20572948453997,0.6835470199554399,0.23140592500567436,0.0,0.23140592500567436,0.0
6.492474,"[8.9622220993042, 4.5, 0.0]","[23.195775985717773, 4.5, 0.0]",2.5084345340764913,3.186368465423584,0.6406784057825465,14.219598770120298,0.6873970031706294,0.23199617862701416,0.0,0.23199617862701416,0.0
6.512452,"[9.012134552001953, 4.5, 0.0]","[23.259838104248047, 4.5, 0.0]",2.5212748050729243,3.203075647354126,0.6420135498216517,14.23355388638127,0.6779339313470927,0.2324722334742546,0.0,0.2324722334742546,0.0
6.532429,"[9.06230354309082, 4.5, 0.0]","[23.32428550720215, 4.5, 0.0]",2.533707857136321,3.2064003944396973,0.6216526031698422,14.247703552217674,0.6818008422812016,0.22510413080453873,0.0,0.22510413080453873,0.0
6.552346,"[9.1127290725708, 4.5, 0.0]","[23.388874053955078, 4.5, 0.0]",2.5461723804518708,3.223081350326538,0.6232261657774796,14.26198196408288,0.6726925373033761,0.22567711770534515,0.0,0.22567711770534515,0.0
6.572008,"[9.163403511047363, 4.5, 0.0]","[23.452957153320312, 4.5, 0.0]",2.5586626529739496,3.226349353790283,0.6245136261039397,14.27614498135947,0.6769089698746673,0.22614041343331337,0.0,0.22614041343331337,0.0
6.591986,"[9.214326858520508, 4.5, 0.0]","[23.517580032348633, 4.5, 0.0]",2.5711805820516074,3.2430355548858643,0.6258964538828904,14.289553642244446,0.6676867008163336,0.2266329526901245,0.0,0.2266329526901245,0.0
6.613162,"[9.26550006866455, 4.5, 0.0]","[23.583938598632812, 4.5, 0.0]",2.5837204456386202,3.24660587310791,0.6269931793506434,14.30325317378704,0.6718549728342569,0.22702829912304878,0.0,0.22702829912304878,0.0
6.63268,"[9.316924095153809, 4.5, 0.0]","[23.647947311401367, 4.5, 0.0]",2.596158266073539,3.2630455493927,0.6218910217459461,14.318438529927132,0.6628854274692899,0.22518526762723923,0.0,0.22518526762723923,0.0
6.652574,"[9.368598937988281, 4.5, 0.0]","[23.713788986206055, 4.5, 0.0]",2.608603715903157,3.269763946533203,0.6222724914809019,14.331023216215032,0.666887283319161,0.2253202348947525,0.0,0.2253202348947525,0.0
6.672137,"[9.42052173614502, 4.5, 0.0]","[23.778993606567383, 4.5, 0.0]",2.6208899021218497,3.2763853073120117,0.6143093109346243,14.345190048181019,0.6611602306300459,0.2224314585328102,0.0,0.2224314585328102,0.0
6.69259,"[9.47269344329834, 4.5, 0.0]","[23.845678329467773, 4.5, 0.0]",2.6331856250836307,3.2932333946228027,0.6147861480890526,14.358471870385575,0.655495405190162,0.2226066216826439,0.0,0.2226066216826439,0.0
6.712604,"[9.525111198425293, 4.5, 0.0]","[23.91056251525879, 4.5, 0.0]",2.645509004600445,3.2964251041412354,0.6161689758407141,14.372984886132608,0.660047769539172,0.22311223670840263,0.0,0.22311223670840263,0.0
6.732456,"[9.577775001525879, 4.5, 0.0]","[23.97694206237793, 4.5, 0.0]",2.6578428745346283,3.3130741119384766,0.6166934967091642,14.385451316796638,0.6509160995407903,0.22330628708004951,0.0,0.22330628708004951,0.0
6.753397,"[9.630684852600098, 4.5, 0.0]","[24.04346466064453, 4.5, 0.0]",2.6701986789780428,3.3164103031158447,0.6177902221707221,14.399167060815158,0.6552312374038483,0.2237073890864849,0.0,0.2237073890864849,0.0
6.772486,"[9.683841705322266, 4.5, 0.0]","[24.110950469970703, 4.5, 0.0]",2.6823332309800754,3.333225727081299,0.6067276001016308,14.412779808007505,0.646211624137802,0.2196962758898735,0.0,0.2196962758898735,0.0
6.792548,"[9.737245559692383, 4.5, 0.0]","[24.176712036132812, 4.5, 0.0]",2.6944782733995427,3.3364474773406982,0.6072521209733672,14.427108764611473,0.6508924961012235,0.21988272666931152,0.0,0.21988272666931152,0.0
6.812373,"[9.790892601013184, 4.5, 0.0]","[24.24327278137207, 4.5, 0.0]",2.706651926048413,3.3530776500701904,0.6086826324435135,14.439466476403434,0.6419692039411555,0.22040190175175667,0.0,0.22040190175175667,0.0
6.832236,"[9.844781875610352, 4.5, 0.0]","[24.31062889099121, 4.5, 0.0]",2.7188370227891774,3.356389045715332,0.60925483703822,14.452380180321857,0.6464257240217774,0.22061001509428024,0.0,0.22061001509428024,0.0
6.85338,"[9.89891529083252, 4.5, 0.0]","[24.378232955932617, 4.5, 0.0]",2.7308475971299537,3.3730714321136475,0.6005287170388174,14.465847015343796,0.6375520229261546,0.2174496278166771,0.0,0.2174496278166771,0.0
6.873039,"[9.953291893005371, 4.5, 0.0]","[24.44586944580078, 4.5, 0.0]",2.742872476585495,3.376424551010132,0.6012439727770547,14.479317665062998,0.6422238349836937,0.21770277991890907,0.0,0.21770277991890907,0.0
6.89286,"[10.007908821105957, 4.5, 0.0]","[24.513391494750977, 4.5, 0.0]",2.7549259662705694,3.393095016479492,0.602674484253729,14.492577552758277,0.633552074424637,0.21822385489940643,0.0,0.21822385489940643,0.0
6.912335,"[10.062766075134277, 4.5, 0.0]","[24.581539154052734, 4.5, 0.0]",2.7669909000474653,3.3964772224426274,0.603246688844794,14.505482673607855,0.6381690502089228,0.2184399589896202,0.0,0.2184399589896202,0.0
6.932379,"[10.117864608764648, 4.5, 0.0]","[24.650728225708008, 4.5, 0.0]",2.779086351402457,3.4132449626922607,0.6047725677495785,14.518773078881257,0.6294863223951621,0.21898722276091576,0.0,0.21898722276091576,0.0
6.952554,"[10.17320442199707, 4.5, 0.0]","[24.718219757080078, 4.5, 0.0]",2.79094910622456,3.416430711746216,0.5931377411051653,14.532863616891824,0.6341586112898039,0.21476980298757553,0.0,0.21476980298757553,0.0
6.97191,"[10.22878646850586, 4.5, 0.0]","[24.786434173583984, 4.5, 0.0]",2.802834749230091,3.433055877685547,0.5942821502765483,14.54501533503143,0.6254816055216557,0.21518956869840622,0.0,0.21518956869840622,0.0
6.994024,"[10.284605026245117, 4.5, 0.0]","[24.8554744720459, 4.5, 0.0]",2.81474614144212,3.4364678859710693,0.5955696106014541,14.557647705036308,0.6302211284554557,0.21566292271018028,0.0,0.21566292271018028,0.0
7.012572,"[10.340662002563477, 4.5, 0.0]","[24.925453186035156, 4.5, 0.0]",2.8266794681634333,3.4533026218414307,0.5966663360656543,14.570869445758927,0.6217217445289491,0.21605635061860085,0.0,0.21605635061860085,0.0
7.032245,"[10.396957397460938, 4.5, 0.0]","[24.993370056152344, 4.5, 0.0]",2.838630914696769,3.4564077854156494,0.5975723266667954,14.584791183429784,0.6266231536779974,0.2163807861506939,0.0,0.2163807861506939,0.0
7.05258,"[10.4534912109375, 4.5, 0.0]","[25.0631160736084, 4.5, 0.0]",2.8504440784542244,3.4731104373931885,0.5906581878727613,14.596412658649479,0.6177768707188802,0.21386783570051193,0.0,0.21386783570051193,0.0
7.072256,"[10.510263442993164, 4.5, 0.0]","[25.132488250732422, 4.5, 0.0]",2.862275362023668,3.4797582626342773,0.5915641784721704,14.609624862628932,0.622666358938964,0.21420804783701897,0.0,0.21420804783701897,0.0
7.092842,"[10.567272186279297, 4.5, 0.0]","[25.202011108398438, 4.5, 0.0]",2.8741228580565554,3.4897613525390625,0.5923748016443797,14.622224807697256,0.6174829006106095,0.21449044346809387,0.0,0.21449044346809387,0.0
7.112515,"[10.624517440795898, 4.5, 0.0]","[25.27177619934082, 4.5, 0.0]",2.8859827518553893,3.4997551441192627,0.5929946899416949,14.634738922077103,0.6156384944825071,0.21472623571753502,0.0,0.21472623571753502,0.0
7.132164,"[10.682000160217285, 4.5, 0.0]","[25.34186553955078, 4.5, 0.0]",2.897860765466271,3.5096969604492188,0.5939006805440794,14.647258758502847,0.6137723922638734,0.21504713222384453,0.0,0.21504713222384453,0.0
7.152266,"[10.73971939086914, 4.5, 0.0]","[25.412839889526367, 4.5, 0.0]",2.9096281528564574,3.5197641849517822,0.5883693695093228,14.659865379291386,0.6118361949829478,0.21304521709680557,0.0,0.21304521709680557,0.0
7.172289,"[10.797677040100098, 4.5, 0.0]","[25.48314094543457, 4.5, 0.0]",2.9213964939209367,3.529736042022705,0.5884170532239663,14.673120498615079,0.6101360320953249,0.21305972710251808,0.0,0.21305972710251808,0.0
7.192757,"[10.85586929321289, 4.5, 0.0]","[25.553762435913086, 4.5, 0.0]",2.93317914010014,3.5397531986236572,0.5891323089601608,14.68546390529229,0.6083395481017684,0.2133183740079403,0.0,0.2133183740079403,0.0
7.212052,"[10.914297103881836, 4.5, 0.0]","[25.624496459960938, 4.5, 0.0]",2.944980859765666,3.5497429370880127,0.5900859832763006,14.697893142657977,0.6065740585235173,0.21367132663726807,0.0,0.21367132663726807,0.0
7.232977,"[10.972960472106934, 4.5, 0.0]","[25.69672393798828, 4.5, 0.0]",2.9567997455688415,3.559844493865967,0.5909442901587791,14.710199356036847,0.6047620773223468,0.2139788120985031,0.0,0.2139788120985031,0.0
7.252515,"[11.0318603515625, 4.5, 0.0]","[25.767610549926758, 4.5, 0.0]",2.968408823022557,3.569758892059327,0.5804538726857711,14.723763465839054,0.6030447482971253,0.21018104627728462,0.0,0.21018104627728462,0.0
7.272118,"[11.090996742248535, 4.5, 0.0]","[25.83901596069336, 4.5, 0.0]",2.9800198078249394,3.5797455310821533,0.5805492401191215,14.735750198321929,0.6013500690367701,0.21020913496613503,0.0,0.21020913496613503,0.0
7.292076,"[11.150364875793457, 4.5, 0.0]","[25.910120010375977, 4.5, 0.0]",2.991652727136505,3.5896904468536377,0.5816459655782813,14.748019218402462,0.599725723257214,0.2106059342622757,0.0,0.2106059342622757,0.0
7.31225,"[11.209965705871582, 4.5, 0.0]","[25.982379913330078, 4.5, 0.0]",3.0033047199344067,3.5997533798217773,0.5825996398950872,14.759755134540123,0.5980377197171327,0.2109541930258274,0.0,0.2109541930258274,0.0
7.33243,"[11.26979923248291, 4.5, 0.0]","[26.054683685302734, 4.5, 0.0]",3.014972925195382,3.6097261905670166,0.5834102630487559,14.772414207420647,0.5964486598873706,0.21125726401805878,0.0,0.21125726401805878,0.0
7.353576,"[11.329865455627441, 4.5, 0.0]","[26.128890991210938, 4.5, 0.0]",3.0265038013550365,3.619961738586426,0.5765438079827323,14.784884452781943,0.5947532653716348,0.20876703783869743,0.0,0.20876703783869743,0.0
7.372276,"[11.390165328979492, 4.5, 0.0]","[26.19941520690918, 4.5, 0.0]",3.038050889978031,3.62968921661377,0.5773544311497236,14.799025535545578,0.5934579372313893,0.20905883982777596,0.0,0.20905883982777596,0.0
7.392612,"[11.450695037841797, 4.5, 0.0]","[26.272178649902344, 4.5, 0.0]",3.049618959436238,3.639725685119629,0.5784034729103604,14.809249877891745,0.591638326635739,0.20944155752658844,0.0,0.20944155752658844,0.0
7.413101,"[11.511456489562988, 4.5, 0.0]","[26.346858978271484, 4.5, 0.0]",3.0611927509402785,3.6499805450439453,0.5786895752020182,14.821483612022572,0.5901067256833907,0.2095431461930275,0.0,0.2095431461930275,0.0
7.432483,"[11.57244873046875, 4.5, 0.0]","[26.418689727783203, 4.5, 0.0]",3.0727722644901223,3.6597535610198975,0.5789756774921884,14.835402488665881,0.5887877941036668,0.20964518189430237,0.0,0.20964518189430237,0.0
7.452415,"[11.633672714233398, 4.5, 0.0]","[26.49231719970703, 4.5, 0.0]",3.084206819543819,3.6697709560394287,0.5717277526848363,14.846240997271808,0.5869812965297752,0.2070194110274315,0.0,0.2070194110274315,0.0
7.472565,"[11.695128440856934, 4.5, 0.0]","[26.567039489746094, 4.5, 0.0]",3.0956461429690885,3.6799371242523193,0.5719661712634716,14.858644485430952,0.5855641364956097,0.2071075141429901,0.0,0.2071075141429901,0.0
7.492251,"[11.756813049316406, 4.5, 0.0]","[26.638639450073242, 4.5, 0.0]",3.107091188440301,3.693011999130249,0.5722522735606361,14.87191104884644,0.5842909812832309,0.20720480009913445,0.0,0.20720480009913445,0.0
7.512553,"[11.8187255859375, 4.5, 0.0]","[26.71308135986328, 4.5, 0.0]",3.1185543537235785,3.696430921554566,0.5731582641638644,14.881826400714088,0.5859208106899478,0.2075449749827385,0.0,0.2075449749827385,0.0
7.532788,"[11.880867004394531, 4.5, 0.0]","[26.787582397460938, 4.5, 0.0]",3.1300413608651523,3.7130985260009766,0.5743503570786901,14.894355773878113,0.5778765678309874,0.20797275006771088,0.0,0.20797275006771088,0.0
7.552141,"[11.943238258361816, 4.5, 0.0]","[26.862001419067383, 4.5, 0.0]",3.1414625644787395,3.7164204120635986,0.5710601806793614,14.906715393018699,0.5830571651358243,0.20678065717220306,0.0,0.20678065717220306,0.0
7.571768,"[12.005839347839355, 4.5, 0.0]","[26.935962677001953, 4.5, 0.0]",3.152889490138218,3.733015298843384,0.571346282973928,14.91876316065782,0.5749578475848591,0.2068793773651123,0.0,0.2068793773651123,0.0
7.592958,"[12.068668365478516, 4.5, 0.0]","[27.01089859008789, 4.5, 0.0]",3.164321184169099,3.7364063262939458,0.5715847015440367,14.930123329114815,0.5801258087051657,0.2069760113954544,0.0,0.2069760113954544,0.0
7.612321,"[12.131726264953613, 4.5, 0.0]","[27.085790634155273, 4.5, 0.0]",3.17575860024646,3.753084897994995,0.5718708038680687,14.94223022454526,0.572085142124847,0.2070755697786808,0.0,0.2070755697786808,0.0
7.632409,"[12.195013046264648, 4.5, 0.0]","[27.161102294921875, 4.5, 0.0]",3.1872017383697138,3.75639271736145,0.5721569061626797,14.954064369125296,0.577326297748535,0.2071811631321907,0.0,0.2071811631321907,0.0
7.652736,"[12.258527755737305, 4.5, 0.0]","[27.236888885498047, 4.5, 0.0]",3.1984865665570834,3.7730977535247803,0.5642414093684822,14.9660892485743,0.5691909789917364,0.20431408658623695,0.0,0.20431408658623695,0.0
7.672015,"[12.322271347045898, 4.5, 0.0]","[27.31230354309082, 4.5, 0.0]",3.2097895145565,3.7764194011688232,0.5651473999708223,14.978361129670976,0.5746111869676969,0.20464297384023666,0.0,0.20464297384023666,0.0
7.692303,"[12.38624095916748, 4.5, 0.0]","[27.387569427490234, 4.5, 0.0]",3.221096277253172,3.793055534362793,0.5653381348336151,14.990032195948043,0.5666298866123234,0.20470323041081429,0.0,0.20470323041081429,0.0
7.712493,"[12.45043659210205, 4.5, 0.0]","[27.4637451171875, 4.5, 0.0]",3.23241066934415,3.7964367866516113,0.5657196045488977,15.001328468232849,0.5719592571096208,0.20483845844864845,0.0,0.20483845844864845,0.0
7.731884,"[12.51485824584961, 4.5, 0.0]","[27.53959083557129, 4.5, 0.0]",3.2437355518522617,3.813018321990967,0.5662441254055794,15.013308524995473,0.5640261173074612,0.2050342783331871,0.0,0.2050342783331871,0.0
7.752886,"[12.579506874084473, 4.5, 0.0]","[27.616622924804688, 4.5, 0.0]",3.2549593448826237,3.8164207935333256,0.5611896515181014,15.024732589631634,0.5692827701387051,0.20320935174822807,0.0,0.20320935174822807,0.0
7.774053,"[12.644381523132324, 4.5, 0.0]","[27.695270538330078, 4.5, 0.0]",3.266193628330372,3.8333687782287598,0.5617141723874175,15.037116050630097,0.5614614486507019,0.20340334624052048,0.0,0.20340334624052048,0.0
7.792539,"[12.709480285644531, 4.5, 0.0]","[27.769573211669922, 4.5, 0.0]",3.2774384021955774,3.836414337158203,0.5622386932602641,15.050889015107552,0.5671751498983877,0.2035900205373764,0.0,0.2035900205373764,0.0
7.812106,"[12.77480411529541, 4.5, 0.0]","[27.846311569213867, 4.5, 0.0]",3.288706064243978,3.8530726432800293,0.5633831024200342,15.060092925935134,0.5589759349626258,0.20400125533342361,0.0,0.20400125533342361,0.0
7.83235,"[12.840353012084961, 4.5, 0.0]","[27.92351722717285, 4.5, 0.0]",3.2999937534530708,3.856367349624634,0.5643844604546366,15.071507453828133,0.5643665790360513,0.20436037331819534,0.0,0.20436037331819534,0.0
7.85237,"[12.906126976013184, 4.5, 0.0]","[28.00120735168457, 4.5, 0.0]",3.3110306263168985,3.873059034347534,0.5518436431913853,15.083164214997495,0.556373596171563,0.19981758669018745,0.0,0.19981758669018745,0.0
7.872827,"[12.972126960754395, 4.5, 0.0]","[28.078927993774414, 4.5, 0.0]",3.322083711644265,3.876420497894287,0.5526542663683243,15.09508037558092,0.5620284080306357,0.20011423155665398,0.0,0.20011423155665398,0.0
7.892686,"[13.038347244262695, 4.5, 0.0]","[28.157455444335938, 4.5, 0.0]",3.333137750645836,3.8932201862335205,0.552701950078549,15.106801032929482,0.5543367862500221,0.20013868808746338,0.0,0.20013868808746338,0.0
7.91274,"[13.104788780212402, 4.5, 0.0]","[28.235864639282227, 4.5, 0.0]",3.3442070484363358,3.8966276645660405,0.5534648895249905,15.119108199982632,0.5600824355876846,0.2004059962928295,0.0,0.2004059962928295,0.0
7.932616,"[13.171451568603516, 4.5, 0.0]","[28.312707901000977, 4.5, 0.0]",3.3552896976672324,3.913084030151367,0.5541324615448318,15.131075858979143,0.5524206161297047,0.20064381882548332,0.0,0.20064381882548332,0.0
7.952398,"[13.238335609436035, 4.5, 0.0]","[28.391307830810547, 4.5, 0.0]",3.3663933277331632,3.916429281234741,0.5551815032965424,15.141256332306718,0.5577943324841348,0.20103802904486656,0.0,0.20103802904486656,0.0
7.971927,"[13.305441856384277, 4.5, 0.0]","[28.469404220581055, 4.5, 0.0]",3.377510309239626,3.9330451488494873,0.5558490753231338,15.152972221283699,0.550035953501578,0.20127151161432266,0.0,0.20127151161432266,0.0
7.992592,"[13.372769355773926, 4.5, 0.0]","[28.548114776611328, 4.5, 0.0]",3.3886263370716225,3.9364049434661865,0.5558013915998306,15.163962364105899,0.5555348396098614,0.20125459879636765,0.0,0.20125459879636765,0.0
8.012311,"[13.440320014953613, 4.5, 0.0]","[28.627031326293945, 4.5, 0.0]",3.399755716344171,3.9530856609344482,0.5564689636274212,15.175345420746455,0.547778606394564,0.2014973759651184,0.0,0.2014973759651184,0.0
8.032147,"[13.508092880249023, 4.5, 0.0]","[28.706132888793945, 4.5, 0.0]",3.410897493382831,3.9597020149230957,0.5570888519329964,15.186711311249317,0.5533299445902773,0.20172299817204475,0.0,0.20172299817204475,0.0
8.053119,"[13.576087951660156, 4.5, 0.0]","[28.786724090576172, 4.5, 0.0]",3.421797037144968,3.969839334487915,0.5449771881068655,15.19804000845384,0.5488045215402648,0.1973334513604641,0.0,0.1973334513604641,0.0
8.072049,"[13.644306182861328, 4.5, 0.0]","[28.865243911743164, 4.5, 0.0]",3.4327089786728657,3.9797158241271973,0.545597076394877,15.210636138824857,0.5480422973429468,0.19755681976675987,0.0,0.19755681976675987,0.0
8.092462,"[13.71274185180664, 4.5, 0.0]","[28.944719314575195, 4.5, 0.0]",3.4436323642928643,3.989712953567505,0.5461692809999308,15.220937728797496,0.5470068454543315,0.19776420667767525,0.0,0.19776420667767525,0.0
8.113545,"[13.78139591217041, 4.5, 0.0]","[29.025827407836914, 4.5, 0.0]",3.454566240330485,3.9998748302459717,0.5466938018810374,15.231977462690772,0.5460805892746405,0.19795740023255348,0.0,0.19795740023255348,0.0
8.132102,"[13.85026741027832, 4.5, 0.0]","[29.104795455932617, 4.5, 0.0]",3.4655106067855592,4.009685039520264,0.5472183227537064,15.244431495582035,0.5453085899154866,0.1981383003294468,0.0,0.1981383003294468,0.0
8.152223,"[13.91935920715332, 4.5, 0.0]","[29.18586540222168, 4.5, 0.0]",3.476429224034111,4.019755840301514,0.5459308624275794,15.254528045576398,0.5441744327347044,0.19767429679632187,0.0,0.19767429679632187,0.0
8.172491,"[13.988669395446777, 4.5, 0.0]","[29.267799377441406, 4.5, 0.0]",3.4873440265854856,4.029933929443359,0.545740127568739,15.266506194983767,0.5433266162674029,0.1976093277335167,0.0,0.1976093277335167,0.0
8.192062,"[14.058197975158691, 4.5, 0.0]","[29.34798240661621, 4.5, 0.0]",3.4982702732290685,4.0398945808410645,0.5463123321791441,15.279129981909968,0.5425899028578738,0.19781477749347687,0.0,0.19781477749347687,0.0
8.212628,"[14.127944946289062, 4.5, 0.0]","[29.42919921875, 4.5, 0.0]",3.509200334569159,4.049942970275879,0.5465030670045223,15.289784431365886,0.541624307611996,0.197891965508461,0.0,0.197891965508461,0.0
8.232608,"[14.19791030883789, 4.499999523162842, 0.0]","[29.5091552734375, 4.5, 0.0]",3.5201227665152004,4.059753417968751,0.5461215973020739,15.301254272376154,0.54074263570672,0.19775254651904106,0.0,0.19775254651904106,0.0
8.252618,"[14.268094062805176, 4.499999523162842, 0.0]","[29.590665817260742, 4.5, 0.0]",3.5309488773548425,4.069754600524902,0.5413055419821067,15.311244964506198,0.5396306514535505,0.19600793719291687,0.0,0.19600793719291687,0.0
8.272344,"[14.338496208190918, 4.499999046325684, 0.0]","[29.67202377319336, 4.5, 0.0]",3.541774988195017,4.079737186431885,0.5413055420087298,15.322571754369076,0.5388057231700598,0.1959972269833088,0.0,0.1959972269833088,0.0
8.293026,"[14.409114837646484, 4.499998569488525, 0.0]","[29.753677368164062, 4.5, 0.0]",3.5526030063832588,4.089756011962891,0.541400909412082,15.333527564907245,0.5379621982368676,0.19603770226240158,0.0,0.19603770226240158,0.0
8.312136,"[14.479949951171875, 4.499998092651367, 0.0]","[29.835386276245117, 4.5, 0.0]",3.563448190709724,4.099743843078613,0.5422592163232709,15.344562530427792,0.5371530055796319,0.1963532343506813,0.0,0.1963532343506813,0.0
8.332164,"[14.55100154876709, 4.499997615814209, 0.0]","[29.917455673217773, 4.5, 0.0]",3.574297189732995,4.109691619873047,0.5424499511635483,15.355436324974614,0.5362956523688891,0.19642701372504234,0.0,0.19642701372504234,0.0
8.352264,"[14.622270584106445, 4.499997138977051, 0.0]","[30.000425338745117, 4.5, 0.0]",3.585054636021899,4.119748592376709,0.537872314445198,15.3664541243576,0.5353944301400517,0.19476966932415962,0.0,0.19476966932415962,0.0
8.372025,"[14.693756103515625, 4.499996662139893, 0.0]","[30.082624435424805, 4.5, 0.0]",3.5958178043568254,4.1297125816345215,0.5381584167463149,15.378154754543937,0.5346939563548099,0.19486354663968086,0.0,0.19486354663968086,0.0
8.392828,"[14.765457153320312, 4.499996185302734, 0.0]","[30.16524887084961, 4.5, 0.0]",3.6066000461781016,4.139727592468262,0.5391120910638092,15.388868331812798,0.5338947772776961,0.19520804286003113,0.0,0.19520804286003113,0.0
8.412347,"[14.837373733520508, 4.499995708465576, 0.0]","[30.248205184936523, 4.5, 0.0]",3.6173927784168605,4.149745464324951,0.5396366119379437,15.399791717431267,0.5331275462901601,0.19540166482329369,0.0,0.19540166482329369,0.0
8.432034,"[14.909505844116211, 4.499995231628418, 0.0]","[30.33148193359375, 4.5, 0.0]",3.628182649632235,4.1597185134887695,0.5394935607687223,15.410831451316339,0.5323526859080907,0.19535550847649574,0.0,0.19535550847649574,0.0
8.457624,"[14.981853485107422, 4.49999475479126, 0.0]","[30.41792106628418, 4.5, 0.0]",3.6389200687603895,4.173403739929199,0.5368709564077312,15.421976089376212,0.5315358638565346,0.1943945698440075,0.0,0.1943945698440075,0.0
8.472133,"[15.05441665649414, 4.499994277954102, 0.0]","[30.49852752685547, 4.5, 0.0]",3.649669885654699,4.176391124725342,0.5374908447154825,15.436067581081168,0.5344836711688097,0.19461657851934433,0.0,0.19461657851934433,0.0
8.492226,"[15.127195358276367, 4.499993801116943, 0.0]","[30.581941604614258, 4.5, 0.0]",3.6604311466409674,4.193047046661377,0.5380630493134086,15.444110870264176,0.5267212390706426,0.19482748582959175,0.0,0.19482748582959175,0.0
8.512362,"[15.200188636779785, 4.499993801116943, 0.0]","[30.666301727294922, 4.5, 0.0]",3.6712028980446823,4.196446418762207,0.5385875701857445,15.454746246239159,0.5326159000204096,0.19502660259604454,0.0,0.19502660259604454,0.0
8.532424,"[15.273397445678711, 4.499993801116943, 0.0]","[30.75054931640625, 4.5, 0.0]",3.6819851398658807,4.213082790374756,0.5391120910599234,15.466113090416348,0.5252435207175248,0.1952139474451542,0.0,0.1952139474451542,0.0
8.552301,"[15.346821784973145, 4.499993801116943, 0.0]","[30.834867477416992, 4.5, 0.0]",3.692766428012856,4.216394901275635,0.539064407348766,15.477151870628694,0.5310976505088751,0.19519884139299393,0.0,0.19519884139299393,0.0
8.571956,"[15.420461654663086, 4.499993801116943, 0.0]","[30.91888427734375, 4.5, 0.0]",3.703557252902975,4.233004093170166,0.5395412445059478,15.488045692344947,0.5236284732627787,0.19536597654223442,0.0,0.19536597654223442,0.0
8.592615,"[15.494317054748535, 4.499993801116943, 0.0]","[31.003419876098633, 4.5, 0.0]",3.714340448398595,4.236341953277588,0.5391597747810062,15.49842262258171,0.529446840267191,0.19522907212376595,0.0,0.19522907212376595,0.0
8.612079,"[15.568387985229492, 4.499993801116943, 0.0]","[31.088878631591797, 4.5, 0.0]",3.7251284122658563,4.253085136413574,0.5393981933630609,15.509102821251089,0.5220015048789928,0.19531508907675743,0.0,0.19531508907675743,0.0
8.632151,"[15.642674446105957, 4.499993801116943, 0.0]","[31.173967361450195, 4.5, 0.0]",3.7359220981790764,4.256371021270752,0.5396842956610026,15.520490646263237,0.5279567241477179,0.19541587680578232,0.0,0.19541587680578232,0.0
8.65269,"[15.717177391052246, 4.499993324279785, 0.0]","[31.260204315185547, 4.5, 0.0]",3.746489763279207,4.273123264312744,0.5283832550065259,15.531292915245116,0.5204489230916756,0.1913314126431942,0.0,0.1913314126431942,0.0
8.672413,"[15.791895866394043, 4.499992847442627, 0.0]","[31.34503173828125, 4.5, 0.0]",3.7570555210306162,4.276378631591797,0.5282878875704666,15.543026924032596,0.5266335010335372,0.19129693508148193,0.0,0.19129693508148193,0.0
8.693394,"[15.866826057434082, 4.499992370605469, 0.0]","[31.431509017944336, 4.5, 0.0]",3.767635583896861,4.293159008026123,0.5290031433122344,15.553135871784926,0.5193231105611806,0.19154546782374382,0.0,0.19154546782374382,0.0
8.713139,"[15.941967964172363, 4.4999918937683105, 0.0]","[31.516536712646484, 4.5, 0.0]",3.778228998203613,4.296401500701904,0.5296707153376046,15.564682960406389,0.5255234241292621,0.19179342314600945,0.0,0.19179342314600945,0.0
8.731938,"[16.01732063293457, 4.499991416931152, 0.0]","[31.60259437561035, 4.5, 0.0]",3.7888195514872813,4.313016414642334,0.5295276641834157,15.574568748368682,0.5181725024982913,0.19174013286828995,0.0,0.19174013286828995,0.0
8.752216,"[16.092885971069336, 4.499990940093994, 0.0]","[31.689668655395508, 4.5, 0.0]",3.7994921207621655,4.3164167404174805,0.5336284637442068,15.585273742568763,0.5241968631550527,0.19322335720062256,0.0,0.19322335720062256,0.0
8.772196,"[16.168663024902344, 4.499990463256836, 0.0]","[31.776071548461914, 4.5, 0.0]",3.8101742267803327,4.333071708679199,0.5341053009083607,15.596782684217573,0.516924619655315,0.1933901011943817,0.0,0.1933901011943817,0.0
8.793607,"[16.244653701782227, 4.499989986419678, 0.0]","[31.862367630004883, 4.5, 0.0]",3.8208525181012156,4.3363823890686035,0.5339145660441469,15.607408523449394,0.5228974818988665,0.19333003088831902,0.0,0.19333003088831902,0.0
8.812295,"[16.320858001708984, 4.4999895095825195, 0.0]","[31.949419021606445, 4.5, 0.0]",3.8315432071886386,4.353076457977295,0.5345344543711494,15.617713928110902,0.5155298709673879,0.1935482770204544,0.0,0.1935482770204544,0.0
8.832225,"[16.397275924682617, 4.499989032745361, 0.0]","[32.036521911621094, 4.5, 0.0]",3.842232942601691,4.356365203857422,0.5344867706526202,15.628561019784128,0.5215332507886563,0.1935320347547531,0.0,0.1935320347547531,0.0
8.852871,"[16.473907470703125, 4.499988555908203, 0.0]","[32.12461471557617, 4.5, 0.0]",3.852723360082497,4.373098850250244,0.5245208740402907,15.63924598681531,0.5141322612557309,0.18992990255355835,0.0,0.18992990255355835,0.0
8.872298,"[16.550752639770508, 4.499988079071045, 0.0]","[32.21187210083008, 4.5, 0.0]",3.8632233143063863,4.376404762268066,0.5249977111944748,15.65070724474823,0.5203754901677473,0.1900993287563324,0.0,0.1900993287563324,0.0
8.892263,"[16.6278076171875, 4.499987602233887, 0.0]","[32.29899597167969, 4.5, 0.0]",3.873720407507409,4.393028259277344,0.5248546600511439,15.661119460933108,0.5131814479616801,0.19004404544830322,0.0,0.19004404544830322,0.0
8.912957,"[16.7050724029541, 4.4999871253967285, 0.0]","[32.38825225830078, 4.5, 0.0]",3.8842298984744685,4.396526336669922,0.5254745483529666,15.671188354364082,0.5193078517699345,0.19026929512619972,0.0,0.19026929512619972,0.0
8.932485,"[16.782546997070312, 4.49998664855957, 0.0]","[32.47564697265625, 4.5, 0.0]",3.89475178720755,4.413067817687988,0.5260944366540787,15.68317985521692,0.5122964381954533,0.1904934085905552,0.0,0.1904934085905552,0.0
8.952629,"[16.860231399536133, 4.499986171722412, 0.0]","[32.564491271972656, 4.5, 0.0]",3.905356645606093,4.419773101806641,0.5302429199271375,15.693099975454535,0.5183160304804382,0.19200235605239868,0.0,0.19200235605239868,0.0
8.972354,"[16.938125610351562, 4.499985694885254, 0.0]","[32.65217590332031, 4.5, 0.0]",3.9159672260505283,4.429681301116943,0.5305290222217707,15.704259872303473,0.5144164562005478,0.19210394471883774,0.0,0.19210394471883774,0.0
8.993665,"[17.016233444213867, 4.499985218048096, 0.0]","[32.74152755737305, 4.5, 0.0]",3.9265844822151483,4.439777374267578,0.530862808231003,15.714050292834058,0.5137140750664151,0.19221777096390724,0.0,0.19221777096390724,0.0
9.012201,"[17.094552993774414, 4.4999847412109375, 0.0]","[32.830448150634766, 4.5, 0.0]",3.9372084140998886,4.449789524078369,0.5311965942370156,15.725294113022837,0.5131928920524298,0.19234145060181618,0.0,0.19234145060181618,0.0
9.032318,"[17.173084259033203, 4.499984264373779, 0.0]","[32.9195556640625, 4.5, 0.0]",3.947826623938797,4.45974588394165,0.5309104919454244,15.735895156722364,0.5125811099784805,0.19224120303988457,0.0,0.19224120303988457,0.0
9.052474,"[17.251829147338867, 4.499983787536621, 0.0]","[33.01001739501953, 4.5, 0.0]",3.9583218097908768,4.469852924346925,0.5247592926039824,15.746471404889663,0.5119192600028533,0.19001707434654236,0.0,0.19001707434654236,0.0
9.072193,"[17.330785751342773, 4.499983310699463, 0.0]","[33.09850311279297, 4.5, 0.0]",3.9688227176889126,4.479740142822266,0.5250453949017908,15.758188247539376,0.5115311145560479,0.19011830911040306,0.0,0.19011830911040306,0.0
9.092823,"[17.40995216369629, 4.499982833862305, 0.0]","[33.188026428222656, 4.5, 0.0]",3.979330301307102,4.489742755889893,0.5253791809094688,15.76771736130727,0.510917425133353,0.19023925065994263,0.0,0.19023925065994263,0.0
9.111885,"[17.489328384399414, 4.4999823570251465, 0.0]","[33.27774429321289, 4.5, 0.0]",3.9898455143198466,4.499732494354248,0.5257606506372303,15.778074264381795,0.5104124545827906,0.19037539139389992,0.0,0.19037539139389992,0.0
9.132679,"[17.56891441345215, 4.499981880187988, 0.0]","[33.369876861572266, 4.5, 0.0]",4.000356197379574,4.509912967681885,0.5255341529863733,15.78841590866726,0.5098869800344015,0.19029106944799423,0.0,0.19029106944799423,0.0
9.152796,"[17.648712158203125, 4.49998140335083, 0.0]","[33.458988189697266, 4.5, 0.0]",4.01081418993331,4.51975965499878,0.5228996276867903,15.800962447972244,0.5095567703023107,0.1893308013677597,0.0,0.1893308013677597,0.0
9.172389,"[17.72871971130371, 4.499980926513672, 0.0]","[33.5505485534668, 4.5, 0.0]",4.021264553092417,4.529876708984375,0.5225181579553428,15.810276031344628,0.5089454650654703,0.18921060487627983,0.0,0.18921060487627983,0.0
9.192851,"[17.808935165405273, 4.499980449676514, 0.0]","[33.64149856567383, 4.5, 0.0]",4.0317130089029645,4.539926052093506,0.5224227905273882,15.821828842011923,0.5086121558919583,0.18915623426437378,0.0,0.18915623426437378,0.0
9.212566,"[17.889360427856445, 4.4999799728393555, 0.0]","[33.73061752319336, 4.5, 0.0]",4.042172908805357,4.549739837646484,0.52299499511963,15.832563400115744,0.5082130431905414,0.18939241766929626,0.0,0.18939241766929626,0.0
9.234383,"[17.969995498657227, 4.499979496002197, 0.0]","[33.823829650878906, 4.5, 0.0]",4.052630901359176,4.559926986694336,0.5228996276909648,15.841257095182467,0.5075669288411273,0.189338568598032,0.0,0.189338568598032,0.0
9.254716,"[18.050838470458984, 4.499979019165039, 0.0]","[33.914581298828125, 4.5, 0.0]",4.063052654289347,4.569845199584961,0.5210876465085335,15.85383415205568,0.5072960853351596,0.18869059160351753,0.0,0.18869059160351753,0.0
9.272271,"[18.13189125061035, 4.499978542327881, 0.0]","[34.004608154296875, 4.5, 0.0]",4.073472499870786,4.579684257507324,0.5209922790719634,15.86374282820143,0.5067925452956139,0.18865182995796204,0.0,0.18865182995796204,0.0
9.293111,"[18.213151931762695, 4.499978065490723, 0.0]","[34.09729766845703, 4.5, 0.0]",4.083892345452793,4.589814186096191,0.5209922791003407,15.872716903517107,0.5062117576365379,0.18866494297981262,0.0,0.18866494297981262,0.0
9.312262,"[18.294620513916016, 4.4999775886535645, 0.0]","[34.188446044921875, 4.5, 0.0]",4.094312191034468,4.599741935729981,0.5209922790837318,15.88414573650215,0.5059218406433983,0.18865980207920074,0.0,0.18865980207920074,0.0
9.332824,"[18.376298904418945, 4.499977111816406, 0.0]","[34.28113555908203, 4.5, 0.0]",4.104745388056416,4.609762668609619,0.5216598510974002,15.893825530833015,0.5054297446955136,0.1888768933713436,0.0,0.1888768933713436,0.0
9.352446,"[18.45818519592285, 4.499976634979248, 0.0]","[34.37363052368164, 4.5, 0.0]",4.1151423454542,4.619762420654297,0.5198478698892117,15.904836654488525,0.5050172805532034,0.18824419006705284,0.0,0.18824419006705284,0.0
9.372079,"[18.540279388427734, 4.49997615814209, 0.0]","[34.46721649169922, 4.5, 0.0]",4.1255526542923695,4.633212566375732,0.5205154419084757,15.915445327582514,0.5046200752000969,0.18847262486815453,0.0,0.18847262486815453,0.0
9.3921,"[18.622581481933594, 4.499975681304932, 0.0]","[34.55982971191406, 4.5, 0.0]",4.135968685176484,4.636559009552003,0.5208015442057068,15.92693710309349,0.5076599120833629,0.18857348710298538,0.0,0.18857348710298538,0.0
9.41293,"[18.705093383789062, 4.499975204467773, 0.0]","[34.651344299316406, 4.5, 0.0]",4.146390438106377,4.653085231781006,0.5210876464946779,15.937248229800762,0.5005903243755192,0.18868740648031235,0.0,0.18868740648031235,0.0
9.432258,"[18.787813186645508, 4.499974727630615, 0.0]","[34.744239807128906, 4.5, 0.0]",4.156806468990416,4.656353950500488,0.520801544201932,15.946250915345932,0.5066947936746287,0.18858078867197037,0.0,0.18858078867197037,0.0
9.453158,"[18.87074089050293, 4.499974250793457, 0.0]","[34.8401985168457, 4.5, 0.0]",4.167121410396804,4.673283100128174,0.5157470703194278,15.956426620300274,0.49954748151007244,0.18676750361919403,0.0,0.18676750361919403,0.0
9.472431,"[18.953876495361328, 4.499973773956299, 0.0]","[34.93185806274414, 4.5, 0.0]",4.177432537105858,4.676420211791992,0.5155563354526826,15.96945762615792,0.5061616897313694,0.18667010590434074,0.0,0.18667010590434074,0.0
9.493093,"[19.03721809387207, 4.499973297119141, 0.0]","[35.025634765625, 4.5, 0.0]",4.187751293208789,4.693116188049316,0.5159378051465602,15.977981567196258,0.49898767468613414,0.18680334091186523,0.0,0.18680334091186523,0.0
9.51206,"[19.12076759338379, 4.499972820281982, 0.0]","[35.119232177734375, 4.5, 0.0]",4.198064327266068,4.696426868438721,0.5156517028639396,15.98841667156466,0.5053648948405272,0.18672311678528786,0.0,0.18672311678528786,0.0
9.532515,"[19.20452308654785, 4.499972343444824, 0.0]","[35.213233947753906, 4.5, 0.0]",4.208388805415337,4.713040828704834,0.5162239074634645,15.998464584160606,0.49836254117265266,0.1869325153529644,0.0,0.1869325153529644,0.0
9.554223,"[19.288484573364258, 4.499971866607666, 0.0]","[35.30835723876953, 4.5, 0.0]",4.21880865099627,4.716440677642823,0.5209922790466504,16.008710861014364,0.5046520232894967,0.18863726407289505,0.0,0.18863726407289505,0.0
9.572111,"[19.372652053833008, 4.499971389770508, 0.0]","[35.4023323059082, 4.5, 0.0]",4.2292361259718305,4.73305082321167,0.521373748778009,16.019872665211864,0.4976320266465528,0.18877586349844933,0.0,0.18877586349844933,0.0
9.592872,"[19.457027435302734, 4.49997091293335, 0.0]","[35.49770736694336, 4.5, 0.0]",4.239671230341667,4.736477375030518,0.5217552184918262,16.029680251880073,0.5038146972398394,0.18893102183938026,0.0,0.18893102183938026,0.0
9.612296,"[19.54161262512207, 4.499970436096191, 0.0]","[35.592037200927734, 4.5, 0.0]",4.250115871454806,4.753093242645264,0.5222320556569571,16.04067993144379,0.49680614468885054,0.18909620121121407,0.0,0.18909620121121407,0.0
9.632191,"[19.626405715942383, 4.499969959259033, 0.0]","[35.68723678588867, 4.5, 0.0]",4.260562419916632,4.756394863128662,0.5223274230913066,16.050424575607117,0.5029773711904575,0.18914466723799706,0.0,0.18914466723799706,0.0
9.652583,"[19.711408615112305, 4.499969482421875, 0.0]","[35.78361511230469, 4.5, 0.0]",4.270837307001495,4.773153305053711,0.5137443542431175,16.06083106974603,0.4958324432120298,0.18601808696985245,0.0,0.18601808696985245,0.0
9.672533,"[19.796619415283203, 4.499969005584717, 0.0]","[35.87851333618164, 4.5, 0.0]",4.281104564691944,4.776423931121826,0.5133628845224614,16.072206496990407,0.5023159980522163,0.1859004609286785,0.0,0.1859004609286785,0.0
9.692657,"[19.882036209106445, 4.499968528747559, 0.0]","[35.97344207763672, 4.5, 0.0]",4.291369915033837,4.793030738830566,0.5132675170946399,16.08189392069475,0.4953193664298823,0.18584437668323517,0.0,0.18584437668323517,0.0
9.712335,"[19.96765899658203, 4.4999680519104, 0.0]","[36.07006072998047, 4.5, 0.0]",4.301631450678439,4.796448707580566,0.5130767822301152,16.091405868324877,0.5016608237967297,0.18578138202428818,0.0,0.18578138202428818,0.0
9.73252,"[20.053485870361328, 4.499967575073242, 0.0]","[36.16639709472656, 4.5, 0.0]",4.311889171625803,4.813097953796387,0.5128860473682106,16.10240173319133,0.4948172569021274,0.18572108820080757,0.0,0.18572108820080757,0.0
9.752404,"[20.13951873779297, 4.499967098236084, 0.0]","[36.2630615234375, 4.5, 0.0]",4.322261333491258,4.816449165344238,0.5186080932727322,16.11291122415641,0.5012087821705835,0.18777010962367058,0.0,0.18777010962367058,0.0
9.771777,"[20.22575569152832, 4.499966621398926, 0.0]","[36.35879898071289, 4.5, 0.0]",4.33263921740257,4.833035945892334,0.5188941955656112,16.12354278543399,0.49418783185298043,0.18787931650877,0.0,0.18787931650877,0.0
9.794336,"[20.31220054626465, 4.499966144561768, 0.0]","[36.45624542236328, 4.5, 0.0]",4.343022823359773,4.836467742919922,0.5191802978601334,16.133043288972324,0.5003967284897639,0.18801085650920868,0.0,0.18801085650920868,0.0
9.812546,"[20.398853302001953, 4.499965667724609, 0.0]","[36.55265426635742, 4.5, 0.0]",4.353415966060195,4.853092670440674,0.5196571350211343,16.14404487588467,0.49344491956014913,0.18815802410244942,0.0,0.18815802410244942,0.0
9.832317,"[20.485713958740234, 4.499965190887451, 0.0]","[36.64962387084961, 4.5, 0.0]",4.3638110161091115,4.856371879577637,0.5197525024458027,16.153800964139794,0.4996767043804784,0.18819361925125122,0.0,0.18819361925125122,0.0
9.852248,"[20.572782516479492, 4.499964714050293, 0.0]","[36.74745559692383, 4.5, 0.0]",4.374040126826906,4.873072147369385,0.5114555358897377,16.16390991189199,0.49256086346852523,0.18518676981329918,0.0,0.18518676981329918,0.0
9.87216,"[20.660058975219727, 4.499964237213135, 0.0]","[36.84498977661133, 4.5, 0.0]",4.384261608150083,4.879742622375489,0.5110740661588231,16.174673080225237,0.4990320205424785,0.18506348133087158,0.0,0.18506348133087158,0.0
9.892475,"[20.747539520263672, 4.499963760375977, 0.0]","[36.94244384765625, 4.5, 0.0]",4.394479274775991,4.886404991149902,0.5108833312954086,16.18493080117079,0.49548101422540647,0.1850048452615738,0.0,0.1850048452615738,0.0
9.912896,"[20.835224151611328, 4.499963283538818, 0.0]","[37.04035568237305, 4.5, 0.0]",4.404695034053312,4.903081893920898,0.5107879638660773,16.194904327170057,0.49192571637391147,0.18494149670004845,0.0,0.18494149670004845,0.0
9.932032,"[20.923112869262695, 4.49996280670166, 0.0]","[37.138023376464844, 4.5, 0.0]",4.414920330073789,4.9063310623168945,0.5112648010238363,16.205131530537482,0.498386859867586,0.1851138286292553,0.0,0.1851138286292553,0.0
9.952774,"[21.011207580566406, 4.499962329864502, 0.0]","[37.23719024658203, 4.5, 0.0]",4.425124645259331,4.923065185546875,0.5102157592770773,16.214910506976203,0.4914107322431054,0.18473723903298378,0.0,0.18473723903298378,0.0
9.97238,"[21.099506378173828, 4.499961853027344, 0.0]","[37.33565139770508, 4.5, 0.0]",4.435323238399008,4.926394939422607,0.5099296569838874,16.225982665800313,0.4979405402875443,0.18464762717485428,0.0,0.18464762717485428,0.0
9.993769,"[21.18800926208496, 4.4999613761901855, 0.0]","[37.43414306640625, 4.5, 0.0]",4.445529460934544,4.943060398101807,0.5103111267767968,16.236145019276172,0.491071701023599,0.18479203805327415,0.0,0.18479203805327415,0.0
10.012317,"[21.276716232299805, 4.499960899353027, 0.0]","[37.53300857543945, 4.5, 0.0]",4.455745220213498,4.946400165557861,0.5107879639477009,16.24613380403737,0.49753093716726227,0.18495585769414902,0.0,0.18495585769414902,0.0
10.032303,"[21.36562728881836, 4.499960422515869, 0.0]","[37.632320404052734, 4.5, 0.0]",4.465964794190457,4.963047027587891,0.5109786988479303,16.256292342839746,0.49065494534436294,0.18501069396734238,0.0,0.18501069396734238,0.0
10.052823,"[21.454742431640625, 4.499959945678711, 0.0]","[37.73210144042969, 4.5, 0.0]",4.476304531131279,4.966409206390382,0.5169868470411121,16.266693114903415,0.4970822333974336,0.1871892437338829,0.0,0.1871892437338829,0.0
10.07199,"[21.5440616607666, 4.499959468841553, 0.0]","[37.831546783447266, 4.5, 0.0]",4.486648082769367,4.983070373535156,0.5171775819043933,16.2773590084409,0.4901046752591025,0.18728291615843773,0.0,0.18728291615843773,0.0
10.093868,"[21.633586883544922, 4.4999589920043945, 0.0]","[37.93183898925781, 4.5, 0.0]",4.4969916344076575,4.986483573913574,0.5171775819145186,16.28748512237459,0.49642229076578914,0.1872744970023632,0.0,0.1872744970023632,0.0
10.112422,"[21.72332000732422, 4.499958515167236, 0.0]","[38.03125, 4.5, 0.0]",4.507323741952822,5.003109455108643,0.5166053772582391,16.29825210537534,0.48949193950591674,0.18707182258367538,0.0,0.18707182258367538,0.0
10.131915,"[21.81325912475586, 4.499958038330078, 0.0]","[38.130977630615234, 4.5, 0.0]",4.517661571545143,5.006366729736328,0.516891479616044,16.30792999232083,0.4957857131558203,0.1871788129210472,0.0,0.1871788129210472,0.0
10.1527,"[21.903406143188477, 4.49995756149292, 0.0]","[38.232139587402344, 4.5, 0.0]",4.5278410912008855,5.023098468780518,0.5089759827871188,16.317718505470737,0.488705158191185,0.1843070425093174,0.0,0.1843070425093174,0.0
10.172104,"[21.993759155273438, 4.499957084655762, 0.0]","[38.33234405517578, 4.5, 0.0]",4.538024425554767,5.026402950286866,0.509166717694054,16.3287334438066,0.49525737757963206,0.18435614183545113,0.0,0.18435614183545113,0.0
10.19205,"[22.08431625366211, 4.4999566078186035, 0.0]","[38.432403564453125, 4.5, 0.0]",4.548198223165309,5.043025016784668,0.5086898805271023,16.33858489945916,0.48837852473209953,0.1842067390680313,0.0,0.1842067390680313,0.0
10.213761,"[22.175077438354492, 4.499956130981445, 0.0]","[38.53473663330078, 4.5, 0.0]",4.55836820607922,5.046509742736816,0.5084991456955734,16.348087310327998,0.49482679361935933,0.18413035199046135,0.0,0.18413035199046135,0.0
10.232587,"[22.266040802001953, 4.499955654144287, 0.0]","[38.63532257080078, 4.5, 0.0]",4.568543911038796,5.063086032867432,0.5087852479788157,16.359659194462978,0.4881415366575963,0.18422961235046387,0.0,0.18422961235046387,0.0
10.252718,"[22.357208251953125, 4.499955177307129, 0.0]","[38.73712158203125, 4.5, 0.0]",4.578837871613621,5.066449165344238,0.514698028741245,16.369281768276583,0.4945421218286352,0.18635544925928116,0.0,0.18635544925928116,0.0
10.271834,"[22.448579788208008, 4.499954700469971, 0.0]","[38.837703704833984, 4.5, 0.0]",4.589126110143393,5.083024978637695,0.5144119264886005,16.379913329552977,0.48761129373061696,0.1862664707005024,0.0,0.1862664707005024,0.0
10.292313,"[22.540157318115234, 4.4999542236328125, 0.0]","[38.938838958740234, 4.5, 0.0]",4.599408626627203,5.089655876159668,0.5141258241904811,16.389123916060306,0.493898868494302,0.18617607653141022,0.0,0.18617607653141022,0.0
10.312301,"[22.631938934326172, 4.499953746795654, 0.0]","[39.04167556762695, 4.5, 0.0]",4.6097006798549485,5.099757194519043,0.5146026613872756,16.398681640036976,0.490247249532465,0.18632438033819199,0.0,0.18632438033819199,0.0
10.332072,"[22.723926544189453, 4.499953269958496, 0.0]","[39.14348220825195, 4.5, 0.0]",4.620002269825193,5.109689235687256,0.5150794985122165,16.40973663266996,0.4900565146640945,0.18649401143193245,0.0,0.18649401143193245,0.0
10.352642,"[22.816120147705078, 4.499952793121338, 0.0]","[39.24871826171875, 4.5, 0.0]",4.630202770318924,5.1199564933776855,0.5100250246865556,16.41955566340809,0.48968696586206306,0.1846698299050331,0.0,0.1846698299050331,0.0
10.372294,"[22.908519744873047, 4.49995231628418, 0.0]","[39.34902572631836, 4.5, 0.0]",4.640410900206611,5.129742622375488,0.5104064943843412,16.432598113335164,0.48975372305876164,0.18480464816093445,0.0,0.18480464816093445,0.0
10.39277,"[23.001123428344727, 4.4999518394470215, 0.0]","[39.451255798339844, 4.5, 0.0]",4.650626659488626,5.139716625213623,0.5107879641007784,16.440505980742383,0.48933172216887755,0.18496014177799225,0.0,0.18496014177799225,0.0
10.412804,"[23.093931198120117, 4.499951362609863, 0.0]","[39.554134368896484, 4.5, 0.0]",4.660851955514849,5.149723529815674,0.5112648013111176,16.450132369267294,0.48908996572499674,0.18512878566980362,0.0,0.18512878566980362,0.0
10.433962,"[23.18694305419922, 4.499950885772705, 0.0]","[39.65864944458008, 4.5, 0.0]",4.6710810662380915,5.159821510314941,0.511455536162142,16.46020317000111,0.4888715743008252,0.1851831190288067,0.0,0.1851831190288067,0.0
10.452839,"[23.280160903930664, 4.499950408935547, 0.0]","[39.761436462402344, 4.5, 0.0]",4.681289196127306,5.169752597808838,0.5104064944607245,16.47170638957942,0.4887404440768499,0.1848296821117401,0.0,0.1848296821117401,0.0
10.472606,"[23.37358283996582, 4.499949932098389, 0.0]","[39.864864349365234, 4.5, 0.0]",4.726024150968103,5.179745674133301,2.236747742039835,16.481275557643666,0.4884634016815319,0.8099325001239777,0.0,0.8099325001239777,0.0
10.492754,"[23.467208862304688, 4.4999494552612305, 0.0]","[39.96840286254883, 4.5, 0.0]",4.77075910580984,5.189749240875244,2.236747742086864,16.4912815085209,0.4537215231651981,0.8099303394556046,0.0,0.8099303394556046,0.0
10.512223,"[23.561729431152344, 4.499948978424072, 0.0]","[40.07224655151367, 4.5, 0.0]",4.81557607664205,5.1997528076171875,2.2408485416105073,16.501193999313664,0.41899013506540417,0.8114186674356461,0.0,0.8114186674356461,0.0
10.532975,"[23.65714454650879, 4.499948501586914, 0.0]","[40.17678451538086, 4.5, 0.0]",4.860543728013101,5.209756374359131,2.248382568552554,16.510517119498505,0.3841767309751374,0.8141182363033295,0.0,0.8141182363033295,0.0
10.552208,"[23.753456115722656, 4.499947547912598, 0.0]","[40.28123474121094, 4.5, 0.0]",4.9042716027722815,5.219751358032227,2.1863937379590137,16.519639967981664,0.34921264634602966,0.7916782796382904,0.0,0.7916782796382904,0.0
10.571852,"[23.850666046142578, 4.499946594238281, 0.0]","[40.385040283203125, 4.5, 0.0]",4.9482016564843505,5.229685306549072,2.196502685603452,16.5277786246141,0.3154797552599451,0.7953432947397232,0.0,0.7953432947397232,0.0
10.592194,"[23.94875144958496, 4.499945640563965, 0.0]","[40.489784240722656, 4.5, 0.0]",4.992417812489826,5.239708423614502,2.210807800273784,16.534374236225997,0.28148365006472176,0.8005393296480179,0.0,0.8005393296480179,0.0
10.612261,"[24.04771614074707, 4.499944686889648, 0.0]","[40.595027923583984, 4.5, 0.0]",5.036927700185333,5.249750137329102,2.2254943847753506,16.541032790342133,0.24729061112467576,0.8058370649814606,0.0,0.8058370649814606,0.0
10.632429,"[24.147563934326172, 4.499943733215332, 0.0]","[40.70032501220703, 4.5, 0.0]",5.0817346574305615,5.259730815887451,2.240347862261416,16.54731178198805,0.21282243714376836,0.8112160861492157,0.0,0.8112160861492157,0.0
10.652534,"[24.248302459716797, 4.499942779541016, 0.0]","[40.80622482299805, 4.5, 0.0]",5.12329196944246,5.269768714904785,2.077865600594908,16.552761077024865,0.17799615845688965,0.7523889094591141,0.0,0.7523889094591141,0.0
10.672274,"[24.349937438964844, 4.499941825866699, 0.0]","[40.91145324707031, 4.5, 0.0]",5.165160179284932,5.279743194580079,2.093410492123615,16.55792236237001,0.14647674546232547,0.7580327987670898,0.0,0.7580327987670898,0.0
10.692776,"[24.452404022216797, 4.499940872192383, 0.0]","[41.01690673828125, 4.5, 0.0]",5.207322120815771,5.289738655090332,2.1080970765419593,16.56151580713733,0.11458301529514703,0.7633508741855621,0.0,0.7633508741855621,0.0
10.712103,"[24.555707931518555, 4.499939918518066, 0.0]","[41.122920989990234, 4.5, 0.0]",5.249711036833198,5.303091049194336,2.1194458008713557,16.564502715113782,0.08241653427456086,0.7674634456634521,0.0,0.7674634456634521,0.0
10.731788,"[24.659854888916016, 4.49993896484375, 0.0]","[41.228668212890625, 4.5, 0.0]",5.292323112640517,5.30635404586792,2.130603790365937,16.567213057538456,0.05338001236113765,0.7714817672967911,0.0,0.7714817672967911,0.0
10.753693,"[24.764848709106445, 4.499938011169434, 0.0]","[41.336952209472656, 4.5, 0.0]",5.331795692598506,5.323187828063965,1.973628997899457,16.568813323034103,0.014030933227402898,0.714661031961441,0.0,0.714661031961441,0.0
10.77298,"[24.870695114135742, 4.499937057495117, 0.0]","[41.44224166870117, 4.5, 0.0]",5.371491432346009,5.326408386230469,1.98478698737512,16.572103499418372,-0.00860786453454132,0.7186891138553619,0.0,0.7186891138553619,0.0
10.792558,"[24.977331161499023, 4.499936103820801, 0.0]","[41.548519134521484, 4.5, 0.0]",5.411398887791614,5.343053340911865,1.9953727722802572,16.571546553610368,-0.045083046115539815,0.7225176692008972,0.0,0.7225176692008972,0.0
10.812046,"[25.084760665893555, 4.499935150146484, 0.0]","[41.65556335449219, 4.5, 0.0]",5.451508522193913,5.346409797668457,2.0054817201149433,16.571187972034764,-0.06834554687974848,0.72618767619133,0.0,0.72618767619133,0.0
10.832361,"[25.192989349365234, 4.499934196472168, 0.0]","[41.76305389404297, 4.5, 0.0]",5.491858482521528,5.363074779510498,2.017498016380781,16.570802687629115,-0.10509872452545554,0.7305347174406052,0.0,0.7305347174406052,0.0
10.85335,"[25.302019119262695, 4.499933242797852, 0.0]","[41.870887756347656, 4.5, 0.0]",5.529326439065272,5.3664398193359375,1.8733978271872065,16.57006454372636,-0.12878370301103015,0.6783386319875717,0.0,0.6783386319875717,0.0
10.872104,"[25.411855697631836, 4.499932289123535, 0.0]","[41.97789001464844, 4.5, 0.0]",5.566981315776858,5.383059501647949,1.8827438355792925,16.56886863607524,-0.16288661972933483,0.6817483901977539,0.0,0.6817483901977539,0.0
10.893931,"[25.522441864013672, 4.499931335449219, 0.0]","[42.08650207519531, 4.5, 0.0]",5.604863166975036,5.3864970207214355,1.894092559908911,16.566034315999598,-0.18392181412890896,0.6858493387699127,0.0,0.6858493387699127,0.0
10.912922,"[25.63378143310547, 4.499930381774902, 0.0]","[42.19356918334961, 4.5, 0.0]",5.64295101182367,5.403094291687012,1.904392242431685,16.564060210183364,-0.21836614625360085,0.6895861029624939,0.0,0.6895861029624939,0.0
10.931738,"[25.745878219604492, 4.499929428100586, 0.0]","[42.3011589050293, 4.5, 0.0]",5.6811914445637255,5.406343936920166,1.9120216370027698,16.559787749238748,-0.23985672013665837,0.692325234413147,0.0,0.692325234413147,0.0
10.952571,"[25.85873794555664, 4.4999284744262695, 0.0]","[42.412837982177734, 4.5, 0.0]",5.716525077987459,5.423303127288818,1.7666816711866762,16.555280684412303,-0.2748475076435595,0.6396965682506561,0.0,0.6396965682506561,0.0
10.972493,"[25.972362518310547, 4.499927520751953, 0.0]","[42.52100372314453, 4.5, 0.0]",5.752018928696176,5.426606178283691,1.774692535435829,16.554100035574987,-0.29322195069864065,0.6425965577363968,0.0,0.6425965577363968,0.0
10.993383,"[26.086692810058594, 4.499926567077637, 0.0]","[42.62725067138672, 4.5, 0.0]",5.7876710893416385,5.4430646896362305,1.7826080322731475,16.548641203859365,-0.3254127504124842,0.6454914808273315,0.0,0.6454914808273315,0.0
11.012529,"[26.201732635498047, 4.49992561340332, 0.0]","[42.73848342895508, 4.5, 0.0]",5.823481559921638,5.446619987487794,1.7905235289999766,16.540557860346738,-0.3446063997054081,0.64834363758564,0.0,0.64834363758564,0.0
11.032974,"[26.317485809326172, 4.499924659729004, 0.0]","[42.84782791137695, 4.5, 0.0]",5.8594903947602655,5.4632720947265625,1.800441741931369,16.536750792389345,-0.3768615724338442,0.6519254297018051,0.0,0.6519254297018051,0.0
11.052813,"[26.433956146240234, 4.4999237060546875, 0.0]","[42.95785903930664, 4.5, 0.0]",5.892407417463931,5.466654300689697,1.645851135183296,16.530342101029397,-0.39621830003370295,0.5959565564990044,0.0,0.5959565564990044,0.0
11.071898,"[26.551145553588867, 4.499922752380371, 0.0]","[43.064308166503906, 4.5, 0.0]",5.925522804424628,5.483041763305664,1.6557693480348412,16.523902892090636,-0.4257531167742341,0.5995422601699829,0.0,0.5995422601699829,0.0
11.093227,"[26.66899299621582, 4.499921798706055, 0.0]","[43.1734504699707, 4.5, 0.0]",5.958783149878656,5.486342906951904,1.6630172727013726,16.513162612009666,-0.44248104111896414,0.6021910160779953,0.0,0.6021910160779953,0.0
11.11273,"[26.787504196166992, 4.499920845031738, 0.0]","[43.28400802612305, 4.5, 0.0]",5.992186546482155,5.503077507019043,1.6701698301749612,16.504457472817748,-0.47244024292675135,0.6047706305980682,0.0,0.6047706305980682,0.0
11.132517,"[26.906679153442383, 4.499919891357422, 0.0]","[43.39415740966797, 4.5, 0.0]",6.025769233856579,5.506380081176758,1.6791343687212024,16.496503829063425,-0.4891090394631119,0.6080057099461555,0.0,0.6080057099461555,0.0
11.152507,"[27.02652359008789, 4.4999189376831055, 0.0]","[43.5051383972168, 4.5, 0.0]",6.05952167526228,5.523089408874512,1.6876220702850553,16.487478255326806,-0.5193891526798211,0.6110846251249313,0.0,0.6110846251249313,0.0
11.172444,"[27.14703941345215, 4.499917984008789, 0.0]","[43.61547088623047, 4.5, 0.0]",6.0911188127143845,5.5264081954956055,1.5798568726052231,16.47861480617258,-0.5364322663877683,0.5720784142613411,0.0,0.5720784142613411,0.0
11.19246,"[27.268230438232422, 4.499917030334473, 0.0]","[43.72591018676758, 4.5, 0.0]",6.122887611543542,5.543068885803223,1.5884399414578976,16.468431471736004,-0.564710617218779,0.5751852318644524,0.0,0.5751852318644524,0.0
11.212336,"[27.390052795410156, 4.499916076660156, 0.0]","[43.83705139160156, 4.5, 0.0]",6.154822349703688,5.5464324951171875,1.5967369080072569,16.457679747513097,-0.5798187257403198,0.5781801789999008,0.0,0.5781801789999008,0.0
11.232428,"[27.512510299682617, 4.49991512298584, 0.0]","[43.948524475097656, 4.5, 0.0]",6.186911583101489,5.563096523284912,1.6044616698900782,16.44699859518954,-0.6083898545865001,0.5809571593999863,0.0,0.5809571593999863,0.0
11.256726,"[27.63560676574707, 4.499914169311523, 0.0]","[44.05995178222656, 4.5, 0.0]",6.217278480684451,5.569756984710693,1.5183448791480814,16.436014174459633,-0.623815059816577,0.5497767776250839,0.0,0.5497767776250839,0.0
11.272503,"[27.75934410095215, 4.499913215637207, 0.0]","[44.17113494873047, 4.5, 0.0]",6.247763633883069,5.579728126525879,1.5242576599308943,16.42434501549145,-0.6475214959737574,0.5519213154911995,0.0,0.5519213154911995,0.0
11.293323,"[27.883689880371094, 4.499912261962891, 0.0]","[44.28390884399414, 4.5, 0.0]",6.278401374972364,5.589842319488525,1.5318870544647645,16.411790846783976,-0.6680355073571898,0.5546842142939568,0.0,0.5546842142939568,0.0
11.312223,"[28.00864601135254, 4.499911308288574, 0.0]","[44.394813537597656, 4.5, 0.0]",6.309184074557918,5.599761486053467,1.539134979277712,16.400218962622375,-0.6885590554838386,0.5573265254497528,0.0,0.5573265254497528,0.0
11.33192,"[28.134214401245117, 4.499910354614258, 0.0]","[44.50657272338867, 4.5, 0.0]",6.340071678319932,5.6096954345703125,1.5443801881006802,16.38616752523818,-0.7094225885044514,0.5592295527458191,0.0,0.5592295527458191,0.0
11.35247,"[28.260398864746094, 4.499909400939941, 0.0]","[44.62059783935547, 4.5, 0.0]",6.368823051615999,5.619831085205079,1.4375686648033792,16.3723583210757,-0.7303762437496193,0.5205370113253593,0.0,0.5205370113253593,0.0
11.37208,"[28.38719940185547, 4.499908447265625, 0.0]","[44.73165512084961, 4.5, 0.0]",6.397700309918448,5.629703044891357,1.443862915122418,16.360198973450487,-0.7489919664109204,0.5228099226951599,0.0,0.5228099226951599,0.0
11.392729,"[28.514575958251953, 4.499907493591309, 0.0]","[44.84415817260742, 4.5, 0.0]",6.426739692852934,5.639703273773193,1.4519691467242968,16.34445571794099,-0.7679972650270903,0.5257640779018402,0.0,0.5257640779018402,0.0
11.413378,"[28.64253044128418, 4.499906539916992, 0.0]","[44.95756912231445, 4.5, 0.0]",6.455931663676669,5.649756908416748,1.4595985411867574,16.329582213350704,-0.7870364190797403,0.5285105854272842,0.0,0.5285105854272842,0.0
11.432393,"[28.77106475830078, 4.499905586242676, 0.0]","[45.070762634277344, 4.5, 0.0]",6.485270500346289,5.659729480743408,1.4669418334809947,16.315038679992025,-0.8061747552599208,0.5311885103583336,0.0,0.5311885103583336,0.0
11.452455,"[28.900182723999023, 4.499904632568359, 0.0]","[45.1849365234375, 4.5, 0.0]",6.512320518656995,5.6697893142700195,1.352500915535293,16.299697874959534,-0.8255410196028805,0.4897237569093704,0.0,0.4897237569093704,0.0
11.472324,"[29.029888153076172, 4.499903678894043, 0.0]","[45.297977447509766, 4.5, 0.0]",6.539521217509713,5.679748535156251,1.3600349426359237,16.284753798387747,-0.842531204386975,0.49246829003095627,0.0,0.49246829003095627,0.0
11.492526,"[29.16013526916504, 4.499902725219727, 0.0]","[45.41117477416992, 4.5, 0.0]",6.5668573381136754,5.689722061157227,1.36680603019812,16.26808929340434,-0.8597726823534622,0.49491938203573227,0.0,0.49491938203573227,0.0
11.512573,"[29.290925979614258, 4.49990177154541, 0.0]","[45.52528381347656, 4.5, 0.0]",6.594290733498729,5.699748516082764,1.3716697692526925,16.251039503997053,-0.8771352769564489,0.49666713923215866,0.0,0.49666713923215866,0.0
11.532643,"[29.42226219177246, 4.499900817871094, 0.0]","[45.63947677612305, 4.5, 0.0]",6.621821403664353,5.709721565246582,1.376533508281197,16.234357832820876,-0.8945422174159656,0.4984283819794655,0.0,0.4984283819794655,0.0
11.552559,"[29.554147720336914, 4.499899864196777, 0.0]","[45.75528335571289, 4.5, 0.0]",6.647980690161392,5.7198357582092285,1.307964324851918,16.21721458330308,-0.9120998384177712,0.4736097529530525,0.0,0.4736097529530525,0.0
11.572031,"[29.68658447265625, 4.499898910522461, 0.0]","[45.868141174316406, 4.5, 0.0]",6.6742830278050045,5.729692459106445,1.3151168821806447,16.2011356343502,-0.9281449319521631,0.47620292752981186,0.0,0.47620292752981186,0.0
11.592726,"[29.819543838500977, 4.4998979568481445, 0.0]","[45.98345184326172, 4.5, 0.0]",6.700716972505521,5.739763259887695,1.3216972350258427,16.181556700628466,-0.9445905686985592,0.4785943031311035,0.0,0.4785943031311035,0.0
11.612278,"[29.95302963256836, 4.499897003173828, 0.0]","[46.098609924316406, 4.5, 0.0]",6.727248191986806,5.749793052673341,1.3265609740642503,16.163908003723094,-0.960953712617826,0.4803488403558731,0.0,0.4803488403558731,0.0
11.632239,"[30.08704376220703, 4.499896049499512, 0.0]","[46.2133674621582, 4.5, 0.0]",6.753876686248863,5.759728908538818,1.3314247131028356,16.14558029070446,-0.9774551393134656,0.4820980876684189,0.0,0.4820980876684189,0.0
11.652247,"[30.221588134765625, 4.499895095825195, 0.0]","[46.32926559448242, 4.5, 0.0]",6.778866768033531,5.769763469696046,1.2495040892333886,16.126323698901658,-0.9941477777100447,0.4524257406592369,0.0,0.4524257406592369,0.0
11.672688,"[30.356666564941406, 4.499894142150879, 0.0]","[46.4470329284668, 4.5, 0.0]",6.803994178919278,5.783292770385742,1.2563705442873552,16.10767745874481,-1.009103298337485,0.45493409037590027,0.0,0.45493409037590027,0.0
11.69714,"[30.492244720458984, 4.4998931884765625, 0.0]","[46.5634765625, 4.5, 0.0]",6.829251289515046,5.786708354949952,1.262855529788398,16.090366362575136,-1.0207014085335357,0.4572858661413193,0.0,0.4572858661413193,0.0
11.7122,"[30.628324508666992, 4.499892234802246, 0.0]","[46.6759147644043, 4.5, 0.0]",6.854630470423244,5.8030829429626465,1.2689590454098898,16.071231841002003,-1.0425429345650938,0.459492988884449,0.0,0.459492988884449,0.0
11.732993,"[30.764909744262695, 4.49989128112793, 0.0]","[46.79404830932617, 4.5, 0.0]",6.880131721644267,5.806556701660156,1.2750625610511435,16.04759025463542,-1.0515475274605972,0.46169161796569824,0.0,0.46169161796569824,0.0
11.755011,"[30.902002334594727, 4.499890327453613, 0.0]","[46.909339904785156, 4.5, 0.0]",6.903870582730125,5.823119163513184,1.1869430542929216,16.029138564012914,-1.0735750199841103,0.4297814145684242,0.0,0.4297814145684242,0.0
11.772127,"[31.03960418701172, 4.499889373779297, 0.0]","[47.0250358581543, 4.5, 0.0]",6.92770099655185,5.8263840675354,1.1915206910862342,16.007337569134112,-1.0807514192169414,0.4314406216144562,0.0,0.4314406216144562,0.0
11.792099,"[31.17768096923828, 4.4998884201049805, 0.0]","[47.141151428222656, 4.5, 0.0]",6.951643943942034,5.843017578125,1.1971473695091994,15.985431670022697,-1.1013169290164493,0.43349552899599075,0.0,0.43349552899599075,0.0
11.81226,"[31.316234588623047, 4.499887466430664, 0.0]","[47.258628845214844, 4.5, 0.0]",6.975697517554395,5.846408367156982,1.2026786806180745,15.963470457858524,-1.1086263658170337,0.4354798048734665,0.0,0.4354798048734665,0.0
11.835801,"[31.45526695251465, 4.499886512756348, 0.0]","[47.37584686279297, 4.5, 0.0]",6.999855995342289,5.863050937652588,1.2079238893946798,15.942394255459956,-1.1292891503974127,0.43740272521972656,0.0,0.43740272521972656,0.0
11.852843,"[31.59477996826172, 4.499885559082031, 0.0]","[47.49619674682617, 4.5, 0.0]",7.022501945664789,5.866627216339111,1.1322975161250248,15.920579909020214,-1.1368050576897009,0.40999826043844223,0.0,0.40999826043844223,0.0
11.872542,"[31.734777450561523, 4.499884605407715, 0.0]","[47.612815856933594, 4.5, 0.0]",7.045254707509207,5.883218288421631,1.1376380922208718,15.901416777390844,-1.155874729325678,0.41192665696144104,0.0,0.41192665696144104,0.0
11.892665,"[31.875226974487305, 4.499883651733398, 0.0]","[47.72883605957031, 4.5, 0.0]",7.068079948602693,5.886425971984863,1.1412620546743302,15.878038405131845,-1.1620364190875758,0.41324932128190994,0.0,0.41324932128190994,0.0
11.912058,"[32.01613235473633, 4.499882698059082, 0.0]","[47.84665298461914, 4.5, 0.0]",7.090977668947188,5.903093338012695,1.1448860172247333,15.853609083743276,-1.18165397661783,0.41454676538705826,0.0,0.41454676538705826,0.0
11.932041,"[32.157493591308594, 4.499881744384766, 0.0]","[47.966468811035156, 4.5, 0.0]",7.113978386115638,5.906538009643555,1.1500358584224823,15.830520628536506,-1.1878843309344926,0.4164240136742592,0.0,0.4164240136742592,0.0
11.952742,"[32.299312591552734, 4.499880790710449, 0.0]","[48.08599853515625, 4.5, 0.0]",7.1358633043344355,5.923291206359863,1.094245910939895,15.808975218341772,-1.207440376472083,0.3962220624089241,0.0,0.3962220624089241,0.0
11.972683,"[32.441593170166016, 4.499879837036133, 0.0]","[48.20417404174805, 4.5, 0.0]",7.157849312031591,5.926597595214844,1.0993003848577931,15.786685942243995,-1.2125720979745722,0.39805028587579727,0.0,0.39805028587579727,0.0
11.992739,"[32.58430862426758, 4.499878883361816, 0.0]","[48.322784423828125, 4.5, 0.0]",7.179930687158555,5.943273067474365,1.1040687563481644,15.762580870118915,-1.2312517168167476,0.39979081600904465,0.0,0.39979081600904465,0.0
12.015198,"[32.72746658325195, 4.4998779296875, 0.0]","[48.44340133666992, 4.5, 0.0]",7.20207881948857,5.94675636291504,1.1074066165007501,15.73847579812331,-1.2366576196841894,0.4009922593832016,0.0,0.4009922593832016,0.0
12.032461,"[32.87106704711914, 4.499876976013184, 0.0]","[48.558677673339844, 4.5, 0.0]",7.224320411904579,5.963069438934326,1.112079620800488,15.715934751907987,-1.2553224565735297,0.40268316864967346,0.0,0.40268316864967346,0.0
12.054032,"[33.01511001586914, 4.499876022338867, 0.0]","[48.68069839477539, 4.5, 0.0]",7.245646476976394,5.966614246368408,1.066303253590739,15.687610624703911,-1.2612509729702532,0.3860900178551674,0.0,0.3860900178551674,0.0
12.071858,"[33.15959548950195, 4.499875068664551, 0.0]","[48.79720687866211, 4.5, 0.0]",7.267041206594313,5.983029842376709,1.0697364808959442,15.665588377348847,-1.279032230607986,0.38733232766389847,0.0,0.38733232766389847,0.0
12.093946,"[33.304508209228516, 4.499874114990234, 0.0]","[48.91720962524414, 4.5, 0.0]",7.288502693413598,5.986405849456787,1.0730743409642418,15.63761138766293,-1.284011364217604,0.38855113089084625,0.0,0.38855113089084625,0.0
12.112838,"[33.44984817504883, 4.499873161315918, 0.0]","[49.03996276855469, 4.5, 0.0]",7.310030937436911,6.003316402435303,1.076412201165633,15.612701414511577,-1.3020968439568108,0.38976535201072693,0.0,0.38976535201072693,0.0
12.131891,"[33.595619201660156, 4.499872207641602, 0.0]","[49.15693283081055, 4.5, 0.0]",7.331629753355676,6.006357192993164,1.0799407959382723,15.59011459199491,-1.3067145350016078,0.3910413756966591,0.0,0.3910413756966591,0.0
12.152863,"[33.7418212890625, 4.499871253967285, 0.0]","[49.2772102355957, 4.5, 0.0]",7.351977348571326,6.02300500869751,1.0173797607825108,15.561313627599032,-1.325272560362512,0.36838069558143616,0.0,0.36838069558143616,0.0
12.17266,"[33.88845443725586, 4.4998698234558105, 0.0]","[49.400943756103516, 4.5, 0.0]",7.37242412591852,6.029940605163574,1.0223388673596734,15.535388945008764,-1.3289723398738165,0.3701738268136978,0.0,0.3701738268136978,0.0
12.192837,"[34.03549575805664, 4.499868392944336, 0.0]","[49.52075958251953, 4.5, 0.0]",7.392966270699133,6.039883136749268,1.0271072390306557,15.512489317278543,-1.3424835207549455,0.37192948162555695,0.0,0.37192948162555695,0.0
12.212442,"[34.182945251464844, 4.499866962432861, 0.0]","[49.64027404785156, 4.5, 0.0]",7.4135980608610295,6.04977560043335,1.0315895080948323,15.485263822813959,-1.3530831339498652,0.37352152168750763,0.0,0.37352152168750763,0.0
12.233206,"[34.33080291748047, 4.499865531921387, 0.0]","[49.761600494384766, 4.5, 0.0]",7.434309959663034,6.0597615242004395,1.0355949401002373,15.457328794830483,-1.3638224604276799,0.37497032433748245,0.0,0.37497032433748245,0.0
12.252322,"[34.47907638549805, 4.499864101409912, 0.0]","[49.88252639770508, 4.5, 0.0]",7.453825950872955,6.069714546203613,0.9757995604960268,15.430797575371665,-1.3745484354625948,0.3533385694026947,0.0,0.3533385694026947,0.0
12.272577,"[34.62776184082031, 4.4998626708984375, 0.0]","[50.00387191772461, 4.5, 0.0]",7.473423958072376,6.0797014236450195,0.9799003599710421,15.403450010595037,-1.3841114046693415,0.35482384264469147,0.0,0.35482384264469147,0.0
12.29277,"[34.77684020996094, 4.499861240386963, 0.0]","[50.128082275390625, 4.5, 0.0]",7.493098259220162,6.0899248123168945,0.9837150573893005,15.376110075316365,-1.393722534427356,0.356203131377697,0.0,0.356203131377697,0.0
12.312734,"[34.926307678222656, 4.499859809875488, 0.0]","[50.250282287597656, 4.5, 0.0]",7.512843132269435,6.099955081939697,0.9872436524636541,15.35124206383112,-1.403173446903267,0.35749588161706924,0.0,0.35749588161706924,0.0
12.332752,"[35.076168060302734, 4.499858379364014, 0.0]","[50.37253189086914, 4.5, 0.0]",7.532662391912299,6.109934806823731,0.9909629821432286,15.323974607659741,-1.4128880503297374,0.3588410094380379,0.0,0.3588410094380379,0.0
12.352322,"[35.22642517089844, 4.499856948852539, 0.0]","[50.49308776855469, 4.5, 0.0]",7.551535606633527,6.119776248931885,0.9436607360613802,15.296363828981729,-1.422727585088568,0.34170985221862793,0.0,0.34170985221862793,0.0
12.3727,"[35.377079010009766, 4.4998555183410645, 0.0]","[50.61689758300781, 4.5, 0.0]",7.570483207954267,6.1298828125,0.9473800660370291,15.266662596026096,-1.431759357701642,0.34304287284612656,0.0,0.34304287284612656,0.0
12.392386,"[35.52811050415039, 4.49985408782959, 0.0]","[50.739540100097656, 4.5, 0.0]",7.5895013811763326,6.139894485473633,0.9509086611032558,15.239818571285877,-1.4406003954542674,0.34432146698236465,0.0,0.34432146698236465,0.0
12.412446,"[35.67951965332031, 4.499852657318115, 0.0]","[50.86075973510742, 4.5, 0.0]",7.608561516066993,6.149764537811279,0.9530067445330026,15.211429594224253,-1.4496068957026997,0.3450876474380493,0.0,0.3450876474380493,0.0
12.43287,"[35.8313102722168, 4.499851226806641, 0.0]","[50.986080169677734, 4.5, 0.0]",7.6276636126271065,6.159912109375,0.9551048280056929,15.181240080053316,-1.4587969782557133,0.3458523377776146,0.0,0.3458523377776146,0.0
12.452768,"[35.983482360839844, 4.499849796295166, 0.0]","[51.11045455932617, 4.5, 0.0]",7.646052360800483,6.16998291015625,0.9194374086688217,15.154769895716235,-1.4677515032521065,0.3329199552536011,0.0,0.3329199552536011,0.0
12.472895,"[36.13603591918945, 4.499848365783691, 0.0]","[51.23387908935547, 4.5, 0.0]",7.664519310268916,6.179976940155029,0.9233474734216429,15.126972196694,-1.476069450644233,0.3343280032277107,0.0,0.3343280032277107,0.0
12.492794,"[36.28895568847656, 4.499846935272217, 0.0]","[51.354312896728516, 4.5, 0.0]",7.683039665494843,6.189728736877442,0.9260177612963716,15.097843168250337,-1.4845423701138865,0.3353116661310196,0.0,0.3353116661310196,0.0
12.512624,"[36.44224548339844, 4.499845504760742, 0.0]","[51.478172302246094, 4.5, 0.0]",7.701613426480386,6.199733257293701,0.9286880492771488,15.065357206474868,-1.493310928617401,0.33628493547439575,0.0,0.33628493547439575,0.0
12.532199,"[36.59590530395508, 4.499844074249268, 0.0]","[51.6024284362793, 4.5, 0.0]",7.720240593226043,6.209713459014893,0.9313583372828393,15.035926817133435,-1.501880169186685,0.33725716173648834,0.0,0.33725716173648834,0.0
12.553097,"[36.74993896484375, 4.499842643737793, 0.0]","[51.727413177490234, 4.5, 0.0]",7.73786449459173,6.219752311706543,0.8811950682843683,15.006523130525519,-1.5105271342111504,0.31909044831991196,0.0,0.31909044831991196,0.0
12.572322,"[36.90434265136719, 4.499841213226318, 0.0]","[51.85177993774414, 4.5, 0.0]",7.755566597254443,6.22974157333374,0.8851051331356441,14.977474210874249,-1.5181121828851873,0.32050807029008865,0.0,0.32050807029008865,0.0
12.591975,"[37.05910110473633, 4.499839782714844, 0.0]","[51.97608184814453, 4.5, 0.0]",7.773324013029385,6.243058681488037,0.8878707887471027,14.947437284518937,-1.525825023920703,0.32149773091077805,0.0,0.32149773091077805,0.0
12.612513,"[37.21421432495117, 4.499838352203369, 0.0]","[52.10328674316406, 4.5, 0.0]",7.7911348345648195,6.246583938598633,0.8905410767717115,14.916980741462735,-1.5302653315413481,0.3224753960967064,0.0,0.3224753960967064,0.0
12.633487,"[37.36968231201172, 4.4998369216918945, 0.0]","[52.2274055480957, 4.5, 0.0]",7.808997154512721,6.263139724731445,0.8931159973950553,14.889072416332928,-1.5445508959661867,0.32338857650756836,0.0,0.32338857650756836,0.0
12.652925,"[37.52550506591797, 4.49983549118042, 0.0]","[52.35347366333008, 4.5, 0.0]",7.826321602145959,6.266519069671632,0.8662223816619186,14.857723234193124,-1.5458574297812753,0.3136703744530678,0.0,0.3136703744530678,0.0
12.672281,"[37.68168640136719, 4.499834060668945, 0.0]","[52.47843933105469, 4.5, 0.0]",7.843722343724085,6.283142566680908,0.8700370789063161,14.82796859543283,-1.5598025324743272,0.31502626836299896,0.0,0.31502626836299896,0.0
12.69339,"[37.83821105957031, 4.499832630157471, 0.0]","[52.60491180419922, 4.5, 0.0]",7.861189842504315,6.286553859710693,0.8733749390114731,14.796752927774785,-1.560579777043177,0.31626053154468536,0.0,0.31626053154468536,0.0
12.712665,"[37.995086669921875, 4.499831199645996, 0.0]","[52.731571197509766, 4.5, 0.0]",7.878726005838059,6.303286075592041,0.8768081666872263,14.766700742705247,-1.5746359827936214,0.31750522553920746,0.0,0.31750522553920746,0.0
12.732804,"[38.15230941772461, 4.4998297691345215, 0.0]","[52.85799026489258, 4.5, 0.0]",7.896325111678583,6.306613922119141,0.87995529202618,14.736484525574895,-1.5754399302460182,0.3186297044157982,0.0,0.3186297044157982,0.0
12.753323,"[38.30988311767578, 4.499828338623047, 0.0]","[52.98471450805664, 4.5, 0.0]",7.9130449297975565,6.323297500610352,0.8359909059486803,14.705680845063991,-1.5897111895594422,0.30270813032984734,0.0,0.30270813032984734,0.0
12.77213,"[38.46780776977539, 4.499826908111572, 0.0]","[53.10775375366211, 4.5, 0.0]",7.9298295977691655,6.326357841491699,0.8392333985804523,14.674831388345408,-1.589747429187205,0.30387667939066887,0.0,0.30387667939066887,0.0
12.792364,"[38.626068115234375, 4.499825477600098, 0.0]","[53.23585510253906, 4.5, 0.0]",7.946673393544872,6.343150615692139,0.8421897887853191,14.639945981840194,-1.6034717562774663,0.3049462102353573,0.0,0.3049462102353573,0.0
12.812655,"[38.784664154052734, 4.499824047088623, 0.0]","[53.36445617675781, 4.5, 0.0]",7.963570595082905,6.346624374389648,0.8448600769016767,14.609786985365977,-1.6035227778527332,0.3059317171573639,0.0,0.3059317171573639,0.0
12.833219,"[38.94359588623047, 4.499822616577148, 0.0]","[53.48895263671875, 4.5, 0.0]",7.980519295036928,6.363055229187012,0.8474349977011464,14.579792020715992,-1.616946220693257,0.3068481758236885,0.0,0.3068481758236885,0.0
12.852605,"[39.102867126464844, 4.499821186065674, 0.0]","[53.61708450317383, 4.5, 0.0]",7.996935844719009,6.366438388824464,0.8208274841040364,14.545356748408155,-1.6174640658499166,0.29721494764089584,0.0,0.29721494764089584,0.0
12.872539,"[39.26247787475586, 4.499819755554199, 0.0]","[53.74421310424805, 4.5, 0.0]",8.013381004628526,6.383075714111328,0.8222579954758391,14.514217374658054,-1.6304974558945453,0.297758299857378,0.0,0.297758299857378,0.0
12.892232,"[39.42241668701172, 4.499818325042725, 0.0]","[53.871124267578125, 4.5, 0.0]",8.029860496814784,6.3863630294799805,0.8239746093129163,14.481735227510603,-1.6303052905171977,0.29833637177944183,0.0,0.29833637177944183,0.0
12.91226,"[39.58268356323242, 4.49981689453125, 0.0]","[53.9996452331543, 4.5, 0.0]",8.046374321276666,6.403085231781006,0.8256912230940827,14.448707578574135,-1.6434974673348037,0.29895564541220665,0.0,0.29895564541220665,0.0
12.93222,"[39.743282318115234, 4.499815464019775, 0.0]","[54.12730026245117, 4.5, 0.0]",8.06292247801437,6.40635347366333,0.8274078368851967,14.416961667837903,-1.64328908949566,0.29961686581373215,0.0,0.29961686581373215,0.0
12.952275,"[39.90420913696289, 4.499814033508301, 0.0]","[54.25700378417969, 4.5, 0.0]",8.078703880601774,6.4231133460998535,0.7890701293701952,14.384017942281737,-1.6565690043510397,0.2857263758778572,0.0,0.2857263758778572,0.0
12.972473,"[40.065467834472656, 4.499812602996826, 0.0]","[54.38488006591797, 4.5, 0.0]",8.094527244862142,6.426398277282716,0.7911682130184339,14.352794645151695,-1.6555905345019202,0.28649507090449333,0.0,0.28649507090449333,0.0
12.992936,"[40.22704315185547, 4.499811172485352, 0.0]","[54.513545989990234, 4.5, 0.0]",8.11039257079436,6.443077564239502,0.793266296610895,14.31941222928698,-1.6681289675794266,0.2872271090745926,0.0,0.2872271090745926,0.0
13.01226,"[40.38893508911133, 4.499809741973877, 0.0]","[54.64229965209961, 4.5, 0.0]",8.126315117184122,6.446407318115234,0.7961273194880825,14.286502835881558,-1.6673150065548583,0.2882828563451767,0.0,0.2882828563451767,0.0
13.032182,"[40.551143646240234, 4.499808311462402, 0.0]","[54.77159881591797, 4.5, 0.0]",8.142275810542762,6.463057994842529,0.7980346679319794,14.253364560807658,-1.6799077990688875,0.2889631874859333,0.0,0.2889631874859333,0.0
13.053006,"[40.71366882324219, 4.499806880950928, 0.0]","[54.9015998840332, 4.5, 0.0]",8.157782554927572,6.466430664062501,0.7753372192405017,14.220455167527753,-1.6792178157002322,0.2807158976793289,0.0,0.2807158976793289,0.0
13.072121,"[40.87651443481445, 4.499805450439453, 0.0]","[55.03090286254883, 4.5, 0.0]",8.173346519774466,6.483081340789795,0.7781982423447076,14.187931058671714,-1.6913518908650707,0.2817625366151333,0.0,0.2817625366151333,0.0
13.092945,"[41.039669036865234, 4.4998040199279785, 0.0]","[55.160404205322266, 4.5, 0.0]",8.188967705079483,6.489748477935791,0.7810592652508497,14.154388425520315,-1.6902651789846708,0.28278758749365807,0.0,0.28278758749365807,0.0
13.113137,"[41.2031364440918, 4.499802589416504, 0.0]","[55.290531158447266, 4.5, 0.0]",8.204634666751147,6.499772548675537,0.783348083583224,14.120735166274098,-1.6992192271436917,0.2836637385189533,0.0,0.2836637385189533,0.0
13.132162,"[41.36691665649414, 4.499801158905029, 0.0]","[55.420082092285156, 4.5, 0.0]",8.22035121948966,6.509699821472168,0.7858276369256068,14.087394712161554,-1.70486211807561,0.28453176841139793,0.0,0.28453176841139793,0.0
13.152351,"[41.531009674072266, 4.499799728393555, 0.0]","[55.551395416259766, 4.5, 0.0]",8.235457420664101,6.5197625160217285,0.7553100587220918,14.05316543341446,-1.7106513980174913,0.273467805236578,0.0,0.273467805236578,0.0
13.172228,"[41.69541549682617, 4.49979829788208, 0.0]","[55.681549072265625, 4.5, 0.0]",8.250605583508081,6.529736042022705,0.7574081421990009,14.020385739885985,-1.7156949046423726,0.27427567169070244,0.0,0.27427567169070244,0.0
13.192455,"[41.86012649536133, 4.4997968673706055, 0.0]","[55.81387710571289, 4.5, 0.0]",8.265799522716089,6.5398759841918945,0.7596969604003689,13.986133573126688,-1.720869541485376,0.2750919759273529,0.0,0.2750919759273529,0.0
13.21336,"[42.02513885498047, 4.499795436859131, 0.0]","[55.944252014160156, 4.5, 0.0]",8.281016350108638,6.54984188079834,0.7608413696274852,13.953750608156497,-1.725923538524194,0.27550483122467995,0.0,0.27550483122467995,0.0
13.232635,"[42.19045639038086, 4.499794006347656, 0.0]","[56.07432174682617, 4.5, 0.0]",8.296256065687873,6.559732913970947,0.7619857789617157,13.91911315693093,-1.7311744693102984,0.27594493702054024,0.0,0.27594493702054024,0.0
13.252283,"[42.356075286865234, 4.499792575836182, 0.0]","[56.20610046386719, 4.5, 0.0]",8.310988426530024,6.569754600524904,0.7366180421075619,13.883865354054981,-1.7365231517169253,0.2667233347892761,0.0,0.2667233347892761,0.0
13.271992,"[42.52199935913086, 4.499791145324707, 0.0]","[56.33681106567383, 4.5, 0.0]",8.325747490252262,6.5796942710876465,0.7379531861118949,13.850025174644157,-1.7412338260051197,0.2672388032078743,0.0,0.2672388032078743,0.0
13.295009,"[42.6882209777832, 4.499789714813232, 0.0]","[56.472225189208984, 4.5, 0.0]",8.34055233034419,6.589992046356202,0.7402420045964142,13.81481170417396,-1.7460532191646152,0.2680722624063492,0.0,0.2680722624063492,0.0
13.312284,"[42.854736328125, 4.499788284301758, 0.0]","[56.60086441040039, 4.5, 0.0]",8.355399132098947,6.599750995635986,0.7423400877378583,13.784004209001136,-1.750560283987988,0.2688182704150677,0.0,0.2688182704150677,0.0
13.33209,"[43.021549224853516, 4.499786853790283, 0.0]","[56.732303619384766, 4.5, 0.0]",8.370272636736303,6.609671115875244,0.7436752318677797,13.746128080059053,-1.7556481364629608,0.26926130056381226,0.0,0.26926130056381226,0.0
13.352482,"[43.188655853271484, 4.499785423278809, 0.0]","[56.86589050292969, 4.5, 0.0]",8.384680748310519,6.619752883911133,0.7204055787108032,13.710754392216913,-1.7606015208610586,0.2608247846364975,0.0,0.2608247846364975,0.0
13.373352,"[43.35606002807617, 4.499783992767334, 0.0]","[56.99908447265625, 4.5, 0.0]",8.39912700685658,6.629805564880372,0.722312927303026,13.67723464724422,-1.764927864399386,0.26157908141613007,0.0,0.26157908141613007,0.0
13.392449,"[43.52375411987305, 4.499782562255859, 0.0]","[57.130653381347656, 4.5, 0.0]",8.41359615358607,6.639735221862793,0.7234573364745422,13.643024442154845,-1.7693214419762073,0.26197224855422974,0.0,0.26197224855422974,0.0
13.412255,"[43.69173812866211, 4.499781131744385, 0.0]","[57.26358413696289, 4.5, 0.0]",8.428092003193393,6.649744510650635,0.7247924803661654,13.606899259038197,-1.7738609317232772,0.26242492720484734,0.0,0.26242492720484734,0.0
13.432606,"[43.860008239746094, 4.49977970123291, 0.0]","[57.396949768066406, 4.5, 0.0]",8.442629814471681,6.65973424911499,0.7268905639143952,13.571846005853152,-1.7783474925427587,0.26321763172745705,0.0,0.26321763172745705,0.0
13.4525,"[44.028568267822266, 4.4997782707214355, 0.0]","[57.5307731628418, 4.5, 0.0]",8.456633568133483,6.669758319854737,0.7001876830901033,13.536941525995907,-1.7828955653566911,0.2535557933151722,0.0,0.2535557933151722,0.0
13.472213,"[44.19742202758789, 4.499776840209961, 0.0]","[57.66386795043945, 4.5, 0.0]",8.470679283462145,6.6797285079956055,0.702285766433075,13.502204892549447,-1.7868752482787462,0.2542838454246521,0.0,0.2542838454246521,0.0
13.492966,"[44.366554260253906, 4.499775409698486, 0.0]","[57.79766845703125, 4.5, 0.0]",8.484759331067446,6.689750671386719,0.7040023802650452,13.466445920460759,-1.7909507754665395,0.25495197623968124,0.0,0.25495197623968124,0.0
13.512472,"[44.53596878051758, 4.499773979187012, 0.0]","[57.93191909790039, 4.5, 0.0]",8.498873710948974,6.703116416931152,0.7057189940764097,13.431114194465453,-1.795008659680727,0.25556808337569237,0.0,0.25556808337569237,0.0
13.532025,"[44.705665588378906, 4.499772548675537, 0.0]","[58.06513214111328, 4.5, 0.0]",8.513026237806798,6.70635461807251,0.70762634289121,13.395950314879116,-1.7957572940178217,0.25626184418797493,0.0,0.25626184418797493,0.0
13.552514,"[44.87564468383789, 4.4997711181640625, 0.0]","[58.20065689086914, 4.5, 0.0]",8.52685451539623,6.72309684753418,0.6914138794716251,13.359466550356213,-1.8066716197342885,0.2503599226474762,0.0,0.2503599226474762,0.0
13.572246,"[45.04590606689453, 4.499769687652588, 0.0]","[58.33480453491211, 4.5, 0.0]",8.540705681168806,6.726404666900635,0.6925582886287529,13.3250122045511,-1.803757667862051,0.25075579062104225,0.0,0.25075579062104225,0.0
13.592314,"[45.2164421081543, 4.499768257141113, 0.0]","[58.468505859375, 4.5, 0.0]",8.554594993913609,6.743011474609375,0.6944656372401603,13.288898465572268,-1.814301014268171,0.25145256891846657,0.0,0.25145256891846657,0.0
13.613292,"[45.38725662231445, 4.499766826629639, 0.0]","[58.60438919067383, 4.5, 0.0]",8.56851863893383,6.746425151824951,0.6961822510110238,13.252063748718523,-1.811583519304234,0.25210656225681305,0.0,0.25210656225681305,0.0
13.632643,"[45.558349609375, 4.499765396118164, 0.0]","[58.739871978759766, 4.5, 0.0]",8.582476616229378,6.763090133666992,0.6978988647774464,13.217132565846123,-1.8220934871088783,0.25272004306316376,0.0,0.25272004306316376,0.0
13.653245,"[45.72972106933594, 4.4997639656066895, 0.0]","[58.875362396240234, 4.5, 0.0]",8.595908165302196,6.766423225402833,0.6715774536409036,13.181522366860465,-1.8193864825623862,0.24317527189850807,0.0,0.24317527189850807,0.0
13.672594,"[45.901371002197266, 4.499762535095215, 0.0]","[59.01122283935547, 4.5, 0.0]",8.609358787864165,6.783116340637207,0.6725311280984414,13.145641324180774,-1.8294849398993636,0.24349967017769814,0.0,0.24349967017769814,0.0
13.692732,"[46.07328796386719, 4.49976110458374, 0.0]","[59.145545959472656, 4.5, 0.0]",8.622843742697716,6.786363124847412,0.6742477416775472,13.109851834517901,-1.8262424472269583,0.24414097890257835,0.0,0.24414097890257835,0.0
13.712137,"[46.24547576904297, 4.499759674072266, 0.0]","[59.282379150390625, 4.5, 0.0]",8.636343956320975,6.803104877471924,0.6750106811629131,13.072257992953901,-1.8364806178503041,0.24440251290798187,0.0,0.24440251290798187,0.0
13.731934,"[46.41793441772461, 4.499758243560791, 0.0]","[59.41758346557617, 4.5, 0.0]",8.649874687522559,6.8063435554504395,0.6765365600791995,13.036903378779247,-1.8332390788490507,0.24493834003806114,0.0,0.24493834003806114,0.0
13.752294,"[46.590660095214844, 4.499756813049316, 0.0]","[59.55516815185547, 4.5, 0.0]",8.663203239769405,6.823089122772217,0.6664276123423463,12.999649045272168,-1.843531132072119,0.2412913553416729,0.0,0.2412913553416729,0.0
13.772616,"[46.76365661621094, 4.499755382537842, 0.0]","[59.69227600097656, 4.5, 0.0]",8.676562309594354,6.826467514038086,0.6679534912474416,12.964508054050166,-1.8401141169971886,0.24184821173548698,0.0,0.24184821173548698,0.0
13.792319,"[46.936920166015625, 4.499753952026367, 0.0]","[59.827823638916016, 4.5, 0.0]",8.689951896997504,6.843064308166504,0.6694793701575108,12.928619382164127,-1.8500947955562683,0.2423979714512825,0.0,0.2423979714512825,0.0
13.812086,"[47.110450744628906, 4.499752521514893, 0.0]","[59.96503829956055, 4.5, 0.0]",8.703372001975179,6.8464274406433105,0.671005248883727,12.890903470287926,-1.8468875888310006,0.24293940514326096,0.0,0.24293940514326096,0.0
13.833418,"[47.28424835205078, 4.499751091003418, 0.0]","[60.103729248046875, 4.5, 0.0]",8.716814995138003,6.863180160522461,0.672149658141219,12.85458755235581,-1.8569445613318685,0.24335015565156937,0.0,0.24335015565156937,0.0
13.853121,"[47.458316802978516, 4.499749660491943, 0.0]","[60.23991775512695, 4.5, 0.0]",8.729998588886906,6.866418838500977,0.6591796874451106,12.819480893409347,-1.8536348346155425,0.23867350071668625,0.0,0.23867350071668625,0.0
13.87211,"[47.632652282714844, 4.499748229980469, 0.0]","[60.377357482910156, 4.5, 0.0]",8.743208885517058,6.88308048248291,0.6605148315076192,12.781600949550874,-1.863579750385929,0.23914441466331482,0.0,0.23914441466331482,0.0
13.893254,"[47.8072509765625, 4.499746799468994, 0.0]","[60.51490783691406, 4.5, 0.0]",8.756445885028347,6.886417865753174,0.6618499755644436,12.744705197586898,-1.8601284030341478,0.23962488397955894,0.0,0.23962488397955894,0.0
13.913034,"[47.98211669921875, 4.4997453689575195, 0.0]","[60.65279769897461, 4.5, 0.0]",8.769709587420616,6.903090000152588,0.663185119613452,12.707656857732303,-1.870028019275173,0.24011235684156418,0.0,0.24011235684156418,0.0
13.932581,"[48.15724563598633, 4.499743938446045, 0.0]","[60.790470123291016, 4.5, 0.0]",8.782980919207496,6.906364440917969,0.6635665893440112,12.670680997125752,-1.866619587268028,0.24025149643421173,0.0,0.24025149643421173,0.0
13.953211,"[48.3326416015625, 4.49974250793457, 0.0]","[60.92972183227539, 4.5, 0.0]",8.795866966571111,6.923084259033203,0.6443023681807603,12.633224484663748,-1.8766164782895274,0.23329300805926323,0.0,0.23329300805926323,0.0
13.973327,"[48.50830078125, 4.499741077423096, 0.0]","[61.067867279052734, 4.5, 0.0]",8.808764458029433,6.926392555236816,0.6448745729160876,12.597080228061074,-1.8727827075379082,0.23351645097136497,0.0,0.23351645097136497,0.0
13.993232,"[48.68421936035156, 4.499739646911621, 0.0]","[61.206539154052734, 4.5, 0.0]",8.821696281765163,6.943071365356445,0.646591186786516,12.559566494992895,-1.8823719027926167,0.2340996451675892,0.0,0.2340996451675892,0.0
14.01281,"[48.86039352416992, 4.4997382164001465, 0.0]","[61.345497131347656, 4.5, 0.0]",8.834650993686015,6.949748992919922,0.6477355960425868,12.522319790880053,-1.878624916408718,0.23456674069166183,0.0,0.23456674069166183,0.0
14.033188,"[49.036827087402344, 4.499736785888672, 0.0]","[61.48451232910156, 4.5, 0.0]",8.847632408488543,6.956381320953369,0.6490707401264117,12.485103604195265,-1.8849020007660933,0.23505393415689468,0.0,0.23505393415689468,0.0
14.053767,"[49.21352005004883, 4.499735355377197, 0.0]","[61.6246452331543, 4.5, 0.0]",8.860259056440265,6.973092555999756,0.6313323975860818,12.447685238805597,-1.8912510875351742,0.22857777774333954,0.0,0.22857777774333954,0.0
14.073157,"[49.390472412109375, 4.499733924865723, 0.0]","[61.76634979248047, 4.5, 0.0]",8.872893333789634,6.9765849113464355,0.6317138674684308,12.411125180250488,-1.8871665004405092,0.22874660789966583,0.0,0.22874660789966583,0.0
14.093548,"[49.56767654418945, 4.499732494354248, 0.0]","[61.906429290771484, 4.5, 0.0]",8.885558128715408,6.993292331695557,0.6332397462887052,12.375877377504754,-1.896308422443198,0.22928647696971893,0.0,0.22928647696971893,0.0
14.114293,"[49.74513626098633, 4.499731063842773, 0.0]","[62.042869567871094, 4.5, 0.0]",8.898234367732144,6.996385097503662,0.6338119508368045,12.338752743654018,-1.892265797019851,0.22949006408452988,0.0,0.22949006408452988,0.0
14.133411,"[49.922847747802734, 4.499729633331299, 0.0]","[62.18352127075195, 4.5, 0.0]",8.910922050846208,7.013062000274658,0.634384155703227,12.297733303894733,-1.9018492702284817,0.22971246391534805,0.0,0.22971246391534805,0.0
14.153427,"[50.10081100463867, 4.499728202819824, 0.0]","[62.32439422607422, 4.5, 0.0]",8.923285484693249,7.016422271728516,0.618171692352032,12.260673519947607,-1.8978600505715502,0.2238265983760357,0.0,0.2238265983760357,0.0
14.172752,"[50.279029846191406, 4.49972677230835, 0.0]","[62.4639892578125, 4.5, 0.0]",8.935664177326474,7.033024311065674,0.618934631661272,12.223583218319629,-1.9068632129647334,0.22408410906791687,0.0,0.22408410906791687,0.0
14.193269,"[50.457496643066406, 4.499725341796875, 0.0]","[62.604896545410156, 4.5, 0.0]",8.948069572841908,7.036386966705322,0.6202697757716535,12.184959408493379,-1.9026398662608006,0.22458763793110847,0.0,0.22458763793110847,0.0
14.213387,"[50.63621139526367, 4.4997239112854, 0.0]","[62.74641036987305, 4.5, 0.0]",8.960505485939501,7.053102970123291,0.6217956548796977,12.147399899047624,-1.9116826061365852,0.22512320429086685,0.0,0.22512320429086685,0.0
14.233922,"[50.8151741027832, 4.499722003936768, 0.0]","[62.88796615600586, 4.5, 0.0]",8.972964287223522,7.056440830230713,0.6229400642010496,12.110198971142033,-1.9074025158162105,0.22555772215127945,0.0,0.22555772215127945,0.0
14.253338,"[50.994384765625, 4.499720096588135, 0.0]","[63.02886962890625, 4.5, 0.0]",8.985335350463032,7.073064804077148,0.6185531619754769,12.072792049950014,-1.9165234569928096,0.2239430882036686,0.0,0.2239430882036686,0.0
14.272904,"[51.17384338378906, 4.499718189239502, 0.0]","[63.170047760009766, 4.5, 0.0]",8.997725487187532,7.076375961303712,0.6195068362250034,12.034484859885751,-1.9122705463858836,0.22432882338762283,0.0,0.22432882338762283,0.0
14.293045,"[51.35354995727539, 4.499716281890869, 0.0]","[63.310935974121094, 4.5, 0.0]",9.010123253305126,7.09299898147583,0.6198883058797122,11.996204372808066,-1.9213495258838202,0.22446434944868088,0.0,0.22446434944868088,0.0
14.313721,"[51.533504486083984, 4.499714374542236, 0.0]","[63.45445251464844, 4.5, 0.0]",9.022528648816454,7.0964531898498535,0.6202697755663955,11.95738601346953,-1.9171242718292962,0.22462550550699234,0.0,0.22462550550699234,0.0
14.333403,"[51.713706970214844, 4.4997124671936035, 0.0]","[63.595890045166016, 4.5, 0.0]",9.034960747207865,7.1130452156066895,0.6216049195705509,11.920948025171253,-1.9260754589666007,0.22510875016450882,0.0,0.22510875016450882,0.0
14.353394,"[51.89415740966797, 4.499710559844971, 0.0]","[63.73844528198242, 4.5, 0.0]",9.047015190568906,7.116382598876953,0.6027221680520611,11.882183071541059,-1.9219155316011758,0.21826952695846558,0.0,0.21826952695846558,0.0
14.372912,"[52.07485580444336, 4.499708652496338, 0.0]","[63.88035583496094, 4.5, 0.0]",9.059084892718989,7.133007526397705,0.6034851075041203,11.844287868887386,-1.9306325916919533,0.2185124158859253,0.0,0.2185124158859253,0.0
14.393703,"[52.255794525146484, 4.499706745147705, 0.0]","[64.02603149414062, 4.5, 0.0]",9.071169853657539,7.136564254760742,0.6042480469274913,11.805500027073599,-1.9260773663212838,0.21877901628613472,0.0,0.21877901628613472,0.0
14.414428,"[52.43697738647461, 4.499704837799072, 0.0]","[64.16681671142578, 4.5, 0.0]",9.08326625868729,7.153088569641113,0.6048202514875811,11.77023696553308,-1.9346055988967965,0.21900832653045654,0.0,0.21900832653045654,0.0
14.433326,"[52.61840057373047, 4.4997029304504395, 0.0]","[64.3099136352539, 4.5, 0.0]",9.095377922505921,7.159727573394775,0.6055831909315579,11.729839321473278,-1.930177689046177,0.21927163004875183,0.0,0.21927163004875183,0.0
14.453315,"[52.80006408691406, 4.499701023101807, 0.0]","[64.45411682128906, 4.5, 0.0]",9.107329369039698,7.169776439666749,0.5975723266888444,11.691513058028608,-1.935650349111146,0.21636031568050385,0.0,0.21636031568050385,0.0
14.47469,"[52.981971740722656, 4.499699115753174, 0.0]","[64.59719848632812, 4.5, 0.0]",9.119307518457529,7.179747104644775,0.5989074708915076,11.654052730863196,-1.9375529293729494,0.2168622799217701,0.0,0.2168622799217701,0.0
14.497286,"[53.164119720458984, 4.499697208404541, 0.0]","[64.74076843261719, 4.5, 0.0]",9.131300926670203,7.189751625061035,0.5996704106337347,11.615226741965731,-1.9395604138127531,0.2171168103814125,0.0,0.2171168103814125,0.0
14.513692,"[53.34650421142578, 4.499695301055908, 0.0]","[64.88605499267578, 4.5, 0.0]",9.143309593672013,7.199853897094727,0.6004333500905012,11.576648708388891,-1.941549301609168,0.2173919789493084,0.0,0.2173919789493084,0.0
14.534452,"[53.52912902832031, 4.499693393707275, 0.0]","[65.02875518798828, 4.5, 0.0]",9.155329704766519,7.2097296714782715,0.6010055547252868,11.539550777462876,-1.9434556965772867,0.21762631833553314,0.0,0.21762631833553314,0.0
14.554575,"[53.71199417114258, 4.499691486358643, 0.0]","[65.17398071289062, 4.5, 0.0]",9.167197227967105,7.2197794914245605,0.5933761600292797,11.49962615586319,-1.9456000332882475,0.21486148238182068,0.0,0.21486148238182068,0.0
14.574622,"[53.89509963989258, 4.49968957901001, 0.0]","[65.31745910644531, 4.5, 0.0]",9.17908000995471,7.229709148406982,0.5941390993802642,11.461986537925489,-1.947417736542544,0.21511245518922806,0.0,0.21511245518922806,0.0
14.595565,"[54.07844543457031, 4.499687671661377, 0.0]","[65.46231079101562, 4.5, 0.0]",9.19097423603319,7.239733219146729,0.5947113039240115,11.422359462712503,-1.9493708615477274,0.2153223194181919,0.0,0.2153223194181919,0.0
14.615275,"[54.262027740478516, 4.499685764312744, 0.0]","[65.60774993896484, 4.5, 0.0]",9.202891350294475,7.249776840209963,0.5958557130642639,11.383865352587348,-1.9512410168864607,0.21573202684521675,0.0,0.21573202684521675,0.0
14.634428,"[54.44584655761719, 4.499683856964111, 0.0]","[65.7526626586914, 4.5, 0.0]",9.214831352738859,7.25973653793335,0.5970001222191712,11.345722194610609,-1.9531145100845126,0.21619383245706558,0.0,0.21619383245706558,0.0
14.654103,"[54.629905700683594, 4.4996819496154785, 0.0]","[65.89952850341797, 4.5, 0.0]",9.22659206441099,7.269830226898193,0.5880355836065831,11.306816097180787,-1.9550948148055092,0.2129501849412918,0.0,0.2129501849412918,0.0
14.673378,"[54.81420135498047, 4.499680042266846, 0.0]","[66.04405975341797, 4.5, 0.0]",9.23836040547342,7.279763698577881,0.5884170531214927,11.269622798823141,-1.956761837512797,0.2130487561225891,0.0,0.2130487561225891,0.0
14.693164,"[54.99873352050781, 4.499678134918213, 0.0]","[66.18862915039062, 4.5, 0.0]",9.25013637592792,7.289700031280518,0.5887985227249537,11.229858394624472,-1.9585967068955394,0.2131941355764866,0.0,0.2131941355764866,0.0
14.714019,"[55.183502197265625, 4.49967622756958, 0.0]","[66.335205078125, 4.5, 0.0]",9.261935234567934,7.299752712249756,0.5899429320007421,11.189895626110369,-1.9604363446474018,0.21361080929636955,0.0,0.21361080929636955,0.0
14.734146,"[55.36850357055664, 4.499674320220947, 0.0]","[66.48140716552734, 4.5, 0.0]",9.273741722607022,7.309731960296632,0.5903244019544118,11.151702876953507,-1.9621825223181784,0.21372824907302856,0.0,0.21372824907302856,0.0
14.754173,"[55.553741455078125, 4.4996724128723145, 0.0]","[66.6285400390625, 4.5, 0.0]",9.285399437455581,7.319775104522705,0.5828857424279299,11.112903591047317,-1.9640097623103907,0.2110854722559452,0.0,0.2110854722559452,0.0
14.774329,"[55.73921585083008, 4.499670505523682, 0.0]","[66.77375793457031, 4.5, 0.0]",9.297068596393762,7.32968807220459,0.5834579469090606,11.074798579984597,-1.965624332932876,0.21126393228769302,0.0,0.21126393228769302,0.0
14.793749,"[55.924922943115234, 4.499668598175049, 0.0]","[66.92123413085938, 4.5, 0.0]",9.308749199430066,7.339754581451416,0.5840301518151847,11.034542079544527,-1.9673805241891724,0.2114868350327015,0.0,0.2114868350327015,0.0
14.814678,"[56.110862731933594, 4.499666690826416, 0.0]","[67.06798553466797, 4.5, 0.0]",9.320441246558886,7.349750518798828,0.5846023564409997,10.996311183470066,-1.96899461797865,0.21168863400816917,0.0,0.21168863400816917,0.0
14.833174,"[56.29703903198242, 4.499664783477783, 0.0]","[67.21498107910156, 4.5, 0.0]",9.332156181868276,7.359716892242432,0.5857467654695192,10.95712279844181,-1.9706907277600578,0.21210409700870514,0.0,0.21210409700870514,0.0
14.854261,"[56.48344802856445, 4.49966287612915, 0.0]","[67.36468505859375, 4.5, 0.0]",9.343699455799296,7.373198986053467,0.5771636965509863,10.9179420428685,-1.9724392896258447,0.20901836454868317,0.0,0.20901836454868317,0.0
14.874466,"[56.67008972167969, 4.499660968780518, 0.0]","[67.509765625, 4.5, 0.0]",9.35525417382114,7.376368999481202,0.5777359010921579,10.88123702576022,-1.9705004697458293,0.20921776071190834,0.0,0.20921776071190834,0.0
14.893581,"[56.856964111328125, 4.499659061431885, 0.0]","[67.65786743164062, 4.5, 0.0]",9.366824150631219,7.393075466156006,0.5784988405039826,10.83967589903308,-1.9788851743399372,0.20945817232131958,0.0,0.20945817232131958,0.0
14.914816,"[57.0440673828125, 4.499657154083252, 0.0]","[67.80608367919922, 4.5, 0.0]",9.378405571532616,7.39643669128418,0.5790710450698455,10.800903316006949,-1.973748684475213,0.20967375487089157,0.0,0.20967375487089157,0.0
14.934111,"[57.23140335083008, 4.499655246734619, 0.0]","[67.95340728759766, 4.5, 0.0]",9.389998436525246,7.413023948669434,0.579643249631534,10.762016292062858,-1.981968880248436,0.20986812189221382,0.0,0.20986812189221382,0.0
14.953474,"[57.41897201538086, 4.499653339385986, 0.0]","[68.10267639160156, 4.5, 0.0]",9.401343346194965,7.416409492492677,0.5672454834859231,10.722003932425473,-1.9769744878558129,0.20541084930300713,0.0,0.20541084930300713,0.0
14.974736,"[57.606773376464844, 4.4996514320373535, 0.0]","[68.25106811523438, 4.5, 0.0]",9.41269588525864,7.433068752288818,0.5676269531837974,10.683704371860253,-1.9849338537022883,0.2055610902607441,0.0,0.2055610902607441,0.0
14.994263,"[57.7947998046875, 4.499649524688721, 0.0]","[68.40031433105469, 4.5, 0.0]",9.424056053717164,7.436452388763428,0.5680084229261695,10.644294734390803,-1.9796271329698225,0.20570103079080582,0.0,0.20570103079080582,0.0
15.013909,"[57.983055114746094, 4.499647617340088, 0.0]","[68.5501480102539, 4.5, 0.0]",9.43542766626729,7.453186988830566,0.5685806275062433,10.605514521970141,-1.9876036649537365,0.20589914172887802,0.0,0.20589914172887802,0.0
15.034408,"[58.17153549194336, 4.499645709991455, 0.0]","[68.70169830322266, 4.5, 0.0]",9.44682598170183,7.456657886505127,0.5699157717270253,10.567092891092429,-1.9822406774367227,0.20637331530451775,0.0,0.20637331530451775,0.0
15.054927,"[58.36024475097656, 4.499643802642822, 0.0]","[68.84850311279297, 4.5, 0.0]",9.458243370624972,7.473144054412842,0.5708694461571184,10.530162806783096,-1.9901680951967027,0.20667748525738716,0.0,0.20667748525738716,0.0
15.073638,"[58.5491828918457, 4.4996418952941895, 0.0]","[68.99701690673828, 4.5, 0.0]",9.469676018342977,7.476411819458008,0.5716323859002337,10.48825835704967,-1.9850993162121302,0.20701991394162178,0.0,0.20701991394162178,0.0
15.095034,"[58.738346099853516, 4.499639987945557, 0.0]","[69.14669799804688, 4.5, 0.0]",9.481127739547201,7.4930901527404785,0.572586060211222,10.447834010042941,-1.9932641988849689,0.20730460062623024,0.0,0.20730460062623024,0.0
15.115133,"[58.927738189697266, 4.499638080596924, 0.0]","[69.29672241210938, 4.5, 0.0]",9.492590904839176,7.496438503265382,0.5731582645987388,10.408351893324276,-1.9880375868067226,0.20753927528858185,0.0,0.20753927528858185,0.0
15.133857,"[59.11735916137695, 4.499636173248291, 0.0]","[69.44679260253906, 4.5, 0.0]",9.504065514220757,7.513075828552246,0.5737304690790701,10.368984217587668,-1.9961524015737941,0.207732692360878,0.0,0.207732692360878,0.0
15.155496,"[59.307212829589844, 4.499634265899658, 0.0]","[69.59890747070312, 4.5, 0.0]",9.515261650700271,7.516517162322998,0.5598068239756948,10.32943343631842,-1.9909896856685112,0.2026762254536152,0.0,0.2026762254536152,0.0
15.174244,"[59.49729537963867, 4.499631881713867, 0.0]","[69.74742889404297, 4.5, 0.0]",9.52645397248198,7.533051490783691,0.5596160890854129,10.291694636250224,-1.9987444883772731,0.20261649042367935,0.0,0.20261649042367935,0.0
15.194549,"[59.687599182128906, 4.499629497528076, 0.0]","[69.89794921875, 4.5, 0.0]",9.537657738354689,7.536386966705322,0.5601882936354663,10.250133509516662,-1.993402481698288,0.20281512290239334,0.0,0.20281512290239334,0.0
15.213964,"[59.87812805175781, 4.499627113342285, 0.0]","[70.04882049560547, 4.5, 0.0]",9.548876763015434,7.553057670593262,0.5609512330372546,10.210350031708764,-2.0012707716493665,0.2031206339597702,0.0,0.2031206339597702,0.0
15.235287,"[60.06888198852539, 4.499624729156494, 0.0]","[70.20040893554688, 4.5, 0.0]",9.560099602373384,7.556396961212158,0.561141967897516,10.170692438910622,-1.9958190924221721,0.203159898519516,0.0,0.203159898519516,0.0
15.253312,"[60.25986099243164, 4.499622344970703, 0.0]","[70.35236358642578, 4.5, 0.0]",9.57123088899577,7.573092937469482,0.5565643311192581,10.131526942059716,-2.003702641161226,0.20153142511844635,0.0,0.20153142511844635,0.0
15.273954,"[60.4510612487793, 4.499619960784912, 0.0]","[70.5028076171875, 4.5, 0.0]",9.582365990315152,7.576357364654542,0.5567550659691278,10.092502589007628,-1.998137951526287,0.20156752318143845,0.0,0.20156752318143845,0.0
15.294581,"[60.642486572265625, 4.499617576599121, 0.0]","[70.65442657470703, 4.5, 0.0]",9.59350109163419,7.593031406402588,0.5567550659518972,10.051746363397061,-2.00600862566061,0.20162109285593033,0.0,0.20162109285593033,0.0
15.315022,"[60.83413314819336, 4.49961519241333, 0.0]","[70.80862426757812, 4.5, 0.0]",9.604655266434774,7.596522331237793,0.5577087400292058,10.011939997405571,-2.000469685231602,0.20192492753267288,0.0,0.20192492753267288,0.0
15.334003,"[61.026004791259766, 4.499612808227539, 0.0]","[70.95881652832031, 4.5, 0.0]",9.615824700018024,7.613037109375,0.5584716791624977,9.97449111445663,-2.008132935196981,0.20220128819346428,0.0,0.20220128819346428,0.0
15.354705,"[61.21809768676758, 4.499610424041748, 0.0]","[71.11302185058594, 4.5, 0.0]",9.626864433894337,7.616482734680176,0.5519866938156426,9.932811732306613,-2.002787590643024,0.19987678155303001,0.0,0.19987678155303001,0.0
15.374558,"[61.41041564941406, 4.499608039855957, 0.0]","[71.26414489746094, 4.5, 0.0]",9.637904167770406,7.633058547973633,0.5519866938034745,9.894924159172737,-2.010381699214161,0.19988587126135826,0.0,0.19988587126135826,0.0
15.39485,"[61.60295104980469, 4.499605655670166, 0.0]","[71.41709899902344, 4.5, 0.0]",9.648947716351024,7.639755725860596,0.5521774290309089,9.85372924324611,-2.0048456197967734,0.19991682842373848,0.0,0.19991682842373848,0.0
15.415425,"[61.79570770263672, 4.499603748321533, 0.0]","[71.57005310058594, 4.5, 0.0]",9.660006523720984,7.6497650146484375,0.5529403684979783,9.814147944394573,-2.0091919904904287,0.20020274445414543,0.0,0.20020274445414543,0.0
15.43496,"[61.988685607910156, 4.4996018409729, 0.0]","[71.72286224365234, 4.5, 0.0]",9.671065331095376,7.659719467163086,0.5529403687195789,9.774345392972831,-2.0102415090725465,0.20023437216877937,0.0,0.20023437216877937,0.0
15.454382,"[62.181884765625, 4.499599933624268, 0.0]","[71.88080596923828, 4.5, 0.0]",9.68210506498698,7.670009136199951,0.5519866945801866,9.734176630679746,-2.0113458639322896,0.19989125430583954,0.0,0.19989125430583954,0.0
15.473344,"[62.37530517578125, 4.499598026275635, 0.0]","[72.03013610839844, 4.5, 0.0]",9.693163872363046,7.679737567901611,0.5529403688033341,9.69892119853171,-2.012095928787028,0.20020144060254097,0.0,0.20020144060254097,0.0
15.494817,"[62.568946838378906, 4.499595642089844, 0.0]","[72.18343353271484, 4.5, 0.0]",9.704226494431847,7.689724445343018,0.553131103440041,9.654830927517041,-2.0134263044614347,0.20025433972477913,0.0,0.20025433972477913,0.0
15.515008,"[62.76280975341797, 4.499593257904053, 0.0]","[72.34083557128906, 4.5, 0.0]",9.715304375291039,7.699957370758057,0.5538940429596018,9.614486689279724,-2.0145020490888292,0.20055729895830154,0.0,0.20055729895830154,0.0
15.534123,"[62.95689392089844, 4.499590873718262, 0.0]","[72.49127960205078, 4.5, 0.0]",9.726397514939388,7.7096943855285645,0.5546569824174341,9.578025812858929,-2.015347004532982,0.20083190873265266,0.0,0.20083190873265266,0.0
15.554702,"[63.15119934082031, 4.499588489532471, 0.0]","[72.64693450927734, 4.5, 0.0]",9.737376213670583,7.719769477844238,0.548934936559764,9.534385676048322,-2.016703129410823,0.19876977428793907,0.0,0.19876977428793907,0.0
15.573661,"[63.345726013183594, 4.49958610534668, 0.0]","[72.8006591796875, 4.5, 0.0]",9.748366356494044,7.729719638824463,0.5495071411730557,9.495735163397706,-2.0176067358263445,0.1990041509270668,0.0,0.1990041509270668,0.0
15.593923,"[63.54047393798828, 4.499583721160889, 0.0]","[72.95527648925781, 4.5, 0.0]",9.759352684620028,7.7397265434265154,0.5493164062992051,9.454933161352036,-2.018646717669581,0.19891832023859024,0.0,0.19891832023859024,0.0
15.614815,"[63.735443115234375, 4.499581336975098, 0.0]","[73.11009979248047, 4.5, 0.0]",9.770346642140472,7.749727725982666,0.5496978760222149,9.414802546162964,-2.0196261411935126,0.19904104992747307,0.0,0.19904104992747307,0.0
15.634992,"[63.93062973022461, 4.499578952789307, 0.0]","[73.2658920288086, 4.5, 0.0]",9.781348229055084,7.75974702835083,0.5500793457305697,9.374656672046427,-2.0206189161578063,0.19916657358407974,0.0,0.19916657358407974,0.0
15.655677,"[64.12603759765625, 4.499576568603516, 0.0]","[73.42144775390625, 4.5, 0.0]",9.79225444853829,7.769750118255615,0.5453109741603512,9.335262293430095,-2.0216012007042536,0.1974642276763916,0.0,0.1974642276763916,0.0
15.674346,"[64.32166290283203, 4.499574184417725, 0.0]","[73.57743835449219, 4.5, 0.0]",9.803156853323767,7.779781818389893,0.5451202392737997,9.295410151002471,-2.0225043302826755,0.19742053002119064,0.0,0.19742053002119064,0.0
15.695179,"[64.51750946044922, 4.499571800231934, 0.0]","[73.73551177978516, 4.5, 0.0]",9.814074516898618,7.789947509765625,0.5458831787425567,9.255775446458939,-2.023375034933874,0.19765468314290047,0.0,0.19765468314290047,0.0
15.715522,"[64.71356964111328, 4.499569416046143, 0.0]","[73.89159393310547, 4.5, 0.0]",9.825003624565307,7.799963474273682,0.5464553833344432,9.218002314040437,-2.024127007132993,0.19788479432463646,0.0,0.19788479432463646,0.0
15.733161,"[64.90985107421875, 4.499567031860352, 0.0]","[74.0438232421875, 4.5, 0.0]",9.835932732232054,7.809690952301025,0.5464553833373742,9.178024286743538,-2.025040150291625,0.19787505269050598,0.0,0.19787505269050598,0.0
15.753518,"[65.10635375976562, 4.4995646476745605, 0.0]","[74.20235443115234, 4.5, 0.0]",9.846762657769984,7.819820880889893,0.5414962768965026,9.13397216262568,-2.026241779931029,0.19610116258263588,0.0,0.19610116258263588,0.0
15.774471,"[65.30307006835938, 4.4995622634887695, 0.0]","[74.357666015625, 4.5, 0.0]",9.857607842101087,7.829744338989259,0.5422592165551521,9.09600066594818,-2.0269417768800917,0.19635746255517006,0.0,0.19635746255517006,0.0
15.793592,"[65.50000762939453, 4.4995598793029785, 0.0]","[74.513916015625, 4.5, 0.0]",9.8684682852195,7.839728832244873,0.5430221559206139,9.054595941803008,-2.0278635031118286,0.1965966820716858,0.0,0.1965966820716858,0.0
15.814173,"[65.69715881347656, 4.4995574951171875, 0.0]","[74.67080688476562, 4.5, 0.0]",9.879340172429034,7.853067398071289,0.5435943604767068,9.01390838074373,-2.0287394529746265,0.19681746140122414,0.0,0.19681746140122414,0.0
15.833914,"[65.89453125, 4.4995551109313965, 0.0]","[74.8302230834961, 4.5, 0.0]",9.890223503730633,7.856522560119629,0.5441665650799621,8.973648065778175,-2.0262727743577447,0.19702015444636345,0.0,0.19702015444636345,0.0
15.854649,"[66.09211730957031, 4.4995527267456055, 0.0]","[74.98606872558594, 4.5, 0.0]",9.914381981516856,7.87308406829834,1.2079238893111466,8.935691827960913,-2.033700943611004,0.43735746294260025,0.0,0.43735746294260025,0.0
15.873999,"[66.28992462158203, 4.4995503425598145, 0.0]","[75.14237213134766, 4.5, 0.0]",9.938448906560033,7.876341819763184,1.2033462521588767,8.893951410456388,-2.041297913218516,0.4357444867491722,0.0,0.4357444867491722,0.0
15.894,"[66.48821258544922, 4.499547958374023, 0.0]","[75.3034896850586, 4.5, 0.0]",9.962435722963036,7.893237590789795,1.199340820150141,8.852447504545657,-2.06210708679685,0.4342599958181381,0.0,0.4342599958181381,0.0
15.915935,"[66.68698120117188, 4.499545574188232, 0.0]","[75.45899200439453, 4.5, 0.0]",9.986403465885598,7.896424770355226,1.198387146128077,8.815277094220987,-2.0691981321732413,0.43393515050411224,0.0,0.43393515050411224,0.0
15.934131,"[66.88623046875, 4.499543190002441, 0.0]","[75.61605072021484, 4.5, 0.0]",10.010371208811367,7.913000106811523,1.198387146288482,8.772010797443581,-2.0899786955303714,0.43390799313783646,0.0,0.43390799313783646,0.0
15.954049,"[67.0859603881836, 4.49954080581665, 0.0]","[75.77819061279297, 4.5, 0.0]",10.034354210524526,7.916563510894775,1.1991500856579407,8.729820245735295,-2.097371101999844,0.43421078473329544,0.0,0.43421078473329544,0.0
15.974096,"[67.28617095947266, 4.499538421630859, 0.0]","[75.9371566772461, 4.5, 0.0]",10.058367729809996,7.933259010314941,1.2006759642734899,8.692230218929417,-2.117790699629751,0.4347452148795128,0.0,0.4347452148795128,0.0
15.994505,"[67.48685455322266, 4.499536037445068, 0.0]","[76.09285736083984, 4.5, 0.0]",10.082411766674609,7.936416149139404,1.2022018432306325,8.65098571221778,-2.1251087194950546,0.4353051632642746,0.0,0.4353051632642746,0.0
16.014806,"[67.68801879882812, 4.499533653259277, 0.0]","[76.25187683105469, 4.5, 0.0]",10.057814598703214,7.95309591293335,-1.2298583985697498,8.606002801889288,-2.1459956175352044,0.0,0.0756136029958725,0.0,0.0756136029958725
16.03473,"[67.88966369628906, 4.499531269073486, 0.0]","[76.41425323486328, 4.5, 0.0]",10.045943260811327,7.956609725952148,-0.5935668945943107,8.563858026549408,-2.104718685769864,0.0,0.03648730367422104,0.0,0.03648730367422104
16.054392,"[68.0908203125, 4.499528884887695, 0.0]","[76.57115173339844, 4.5, 0.0]",10.03379345001495,7.973113059997559,-0.6074905398188335,8.52458953302273,-2.089333534859179,0.0,0.037346482276916504,0.0,0.037346482276916504
16.073588,"[68.29174041748047, 4.499526500701904, 0.0]","[76.72991180419922, 4.5, 0.0]",10.021212578424919,7.976400375366211,-0.6290435795015981,8.48033141532381,-2.0606803900173922,0.0,0.038676247000694275,0.0,0.038676247000694275
16.095033,"[68.49241638183594, 4.499524116516113, 0.0]","[76.88983154296875, 4.5, 0.0]",10.008063316944808,7.9930925369262695,-0.6574630740055376,8.438171381195954,-2.044812203058708,0.0,0.04041606932878494,0.0,0.04041606932878494
16.114838,"[68.69284057617188, 4.499521732330322, 0.0]","[77.05023193359375, 4.5, 0.0]",9.994296074501131,7.996463298797609,-0.688362122183861,8.39741515558693,-2.0149707800185386,0.0,0.04231414943933487,0.0,0.04231414943933487
16.133579,"[68.89300537109375, 4.499519348144531, 0.0]","[77.21015167236328, 4.5, 0.0]",9.979846001250996,8.013092994689941,-0.722503662506746,8.35739135177725,-1.9978327757035217,0.0,0.044416945427656174,0.0,0.044416945427656174
16.154726,"[69.09288787841797, 4.49951696395874, 0.0]","[77.37061309814453, 4.5, 0.0]",9.964625359154896,8.016423225402832,-0.7610321048050039,8.317146295753135,-1.9667530065610546,0.0,0.04678240045905113,0.0,0.04678240045905113
16.174079,"[69.29248809814453, 4.499514579772949, 0.0]","[77.5305404663086, 4.5, 0.0]",9.948657036400013,8.033055305480957,-0.7984161377441623,8.277725214111278,-1.9482021337520639,0.0,0.04908460006117821,0.0,0.04908460006117821
16.194556,"[69.49178314208984, 4.499512672424316, 0.0]","[77.6934585571289, 4.5, 0.0]",9.931879997828336,8.036538124084473,-0.8388519285838392,8.238052362525632,-1.9156017309190556,0.0,0.05156944319605827,0.0,0.05156944319605827
16.215126,"[69.69075775146484, 4.499510765075684, 0.0]","[77.85234069824219, 4.5, 0.0]",9.914351463893501,8.053086280822754,-0.8764266967417278,8.201675409305778,-1.8953418737438632,0.0,0.05388207361102104,0.0,0.05388207361102104
16.234796,"[69.88939666748047, 4.499508857727051, 0.0]","[78.01373291015625, 4.5, 0.0]",9.896075249289947,8.056411743164062,-0.9138107301777332,8.161582941179265,-1.8612651830707474,0.0,0.056181635707616806,0.0,0.056181635707616806
16.254734,"[70.08768463134766, 4.499506950378418, 0.0]","[78.17578887939453, 4.5, 0.0]",9.83042430934709,8.073114395141602,-3.282546997142788,8.124336236982847,-1.8396635061258841,0.0,0.20180489122867584,0.0,0.20180489122867584
16.273674,"[70.28560638427734, 4.499505043029785, 0.0]","[78.33648681640625, 4.5, 0.0]",9.764376640887223,8.076395988464355,-3.3023834229934046,8.088104242026025,-1.7573099142054893,0.0,0.20302504301071167,0.0,0.20302504301071167
16.295287,"[70.48221588134766, 4.499503135681152, 0.0]","[78.50127410888672, 4.5, 0.0]",9.697619438735991,8.093267440795898,-3.3378601075615855,8.050880426322104,-1.6879806524228673,0.0,0.2051975280046463,0.0,0.2051975280046463
16.315369,"[70.67750549316406, 4.4995012283325195, 0.0]","[78.66436767578125, 4.5, 0.0]",9.629958153332872,8.100011825561523,-3.3830642701559555,8.019058221635788,-1.6043519979400926,0.0,0.2079848349094391,0.0,0.2079848349094391
16.334835,"[70.8714599609375, 4.499499320983887, 0.0]","[78.82463073730469, 4.5, 0.0]",9.561244011479905,8.10987377166748,-3.4357070926483324,7.986862176772965,-1.5299463277713485,0.0,0.21122336387634277,0.0,0.21122336387634277
16.353833,"[71.06405639648438, 4.499497413635254, 0.0]","[78.9851303100586, 4.5, 0.0]",9.49137401635332,8.1197509765625,-3.49349975632931,7.953170770660254,-1.4513702398124249,0.0,0.21476590633392334,0.0,0.21476590633392334
16.37422,"[71.25527954101562, 4.499495506286621, 0.0]","[79.14702606201172, 4.5, 0.0]",9.420279503406725,8.129714012145996,-3.554725647329704,7.921073907848998,-1.3716230397908191,0.0,0.21853429079055786,0.0,0.21853429079055786
16.393629,"[71.44510650634766, 4.499493598937988, 0.0]","[79.31232452392578, 4.5, 0.0]",9.348109245832656,8.139885902404785,-3.6085128787034293,7.891746515252431,-1.290565491260729,0.0,0.22183693945407867,0.0,0.22183693945407867
16.414087,"[71.63351440429688, 4.4994916915893555, 0.0]","[79.47296905517578, 4.5, 0.0]",9.274619103005014,8.149752616882324,-3.674507141382133,7.867218011815755,-1.2082233434278713,0.0,0.2259032428264618,0.0,0.2259032428264618
16.435329,"[71.82048034667969, 4.499489784240723, 0.0]","[79.63650512695312, 4.5, 0.0]",9.199809074923877,8.159754753112793,-3.7405014040568396,7.839454645176605,-1.1248664861226896,0.0,0.2299577295780182,0.0,0.2299577295780182
16.45499,"[72.00597381591797, 4.49948787689209, 0.0]","[79.7999496459961, 4.5, 0.0]",9.11254024557241,8.16975212097168,-4.36344146757337,7.816024774473771,-1.040054321811084,0.0,0.2682502865791321,0.0,0.2682502865791321
16.473979,"[72.18997192382812, 4.499485969543457, 0.0]","[79.96322631835938, 4.5, 0.0]",9.024077415976251,8.17973804473877,-4.423141479807935,7.793975824259614,-0.9427881246007299,0.0,0.2719178795814514,0.0,0.2719178795814514
16.495036,"[72.37222290039062, 4.499484062194824, 0.0]","[80.12692260742188, 4.5, 0.0]",8.934393883255682,8.189749717712402,-4.484176636028447,7.773254388693822,-0.8443393712374814,0.0,0.27567413449287415,0.0,0.27567413449287415
16.513489,"[72.55270385742188, 4.499482154846191, 0.0]","[80.29076385498047, 4.5, 0.0]",8.843703270460422,8.199751853942873,-4.5345306397630125,7.754699701174784,-0.7446441655432796,0.0,0.27876752614974976,0.0,0.27876752614974976
16.534888,"[72.73139190673828, 4.499480247497559, 0.0]","[80.45384216308594, 4.5, 0.0]",8.751696587114031,8.209665298461914,-4.600334167319531,7.73805999160312,-0.6439514165175488,0.0,0.2828170657157898,0.0,0.2828170657157898
16.55466,"[72.90826416015625, 4.499478340148926, 0.0]","[80.62267303466797, 4.5, 0.0]",8.658385277303232,8.219928741455078,-4.665565490539958,7.722450249970222,-0.542031288652117,0.0,0.2868272662162781,0.0,0.2868272662162781
16.574082,"[73.08329772949219, 4.499476432800293, 0.0]","[80.78688049316406, 4.5, 0.0]",8.563780785119802,8.229910850524902,-4.730224609171518,7.714408868032053,-0.4384565358481538,0.0,0.29080429673194885,0.0,0.29080429673194885
16.593661,"[73.25646209716797, 4.49947452545166, 0.0]","[80.95095825195312, 4.5, 0.0]",8.468146324667865,8.239885330200195,-4.781723022596829,7.703582757495841,-0.3338699345948992,0.0,0.2939721941947937,0.0,0.2939721941947937
16.614848,"[73.427734375, 4.499472618103027, 0.0]","[81.11370849609375, 4.5, 0.0]",8.371191978961981,8.249760627746582,-4.847717285294184,7.694496148426247,-0.22826099446766968,0.0,0.2980250418186188,0.0,0.2980250418186188
16.63487,"[73.59709930419922, 4.4994707107543945, 0.0]","[81.27906799316406, 4.5, 0.0]",8.272948265579704,8.259751319885254,-4.912185669113889,7.68597411471404,-0.12143135121539927,0.0,0.3019893169403076,0.0,0.3019893169403076
16.654643,"[73.7645263671875, 4.499468803405762, 0.0]","[81.44326782226562, 4.5, 0.0]",8.273829460650411,8.269673347473145,0.04405975353538594,7.681968682645902,-0.013196945694449624,0.015961751341819763,0.0,0.015961751341819763,0.0
16.674635,"[73.92998504638672, 4.499466896057129, 0.0]","[81.61271667480469, 4.5, 0.0]",8.273859978226511,8.279911994934082,0.0015258788049976602,7.6787414489020955,-0.004156113177266718,0.00052321505791042,0.0,0.00052321505791042,0.0
16.694655,"[74.095458984375, 4.499464988708496, 0.0]","[81.77466583251953, 4.5, 0.0]",8.272540092975234,8.28969669342041,-0.0659942625638621,7.682731621974459,0.006052016707570829,0.0,0.0040586041286587715,0.0,0.0040586041286587715
16.714166,"[74.26093292236328, 4.499463081359863, 0.0]","[81.9411849975586, 4.5, 0.0]",8.270335197957122,8.299739837646484,-0.11024475090559704,7.679206841679908,0.017156600445176196,0.0,0.006781910080462694,0.0,0.006781910080462694
16.734434,"[74.42638397216797, 4.4994611740112305, 0.0]","[82.1070327758789, 4.5, 0.0]",8.267626762899148,8.313035011291504,-0.13542175289869007,7.6802520687921545,0.029404639689362355,0.0,0.008319556713104248,0.0,0.008319556713104248
16.754587,"[74.59178924560547, 4.499459266662598, 0.0]","[82.273681640625, 4.5, 0.0]",8.271456718954289,8.316375732421877,0.19149780275702355,7.680648797203555,0.04540824839235569,0.0693735433742404,0.0,0.0693735433742404,0.0
16.77526,"[74.75714111328125, 4.499457359313965, 0.0]","[82.4417724609375, 4.5, 0.0]",8.275252342734044,8.333139419555664,0.18978118898775875,7.681892388574113,0.04491901346758809,0.06873960606753826,0.0,0.06873960606753826,0.0
16.794636,"[74.92256927490234, 4.499455451965332, 0.0]","[82.60603332519531, 4.5, 0.0]",8.279093742884047,8.336337089538574,0.1920700075001669,7.684631341189585,0.0578870768216202,0.06953740958124399,0.0,0.06953740958124399,0.0
16.813745,"[75.08807373046875, 4.499453544616699, 0.0]","[82.7772216796875, 4.5, 0.0]",8.283022881073656,8.353266716003418,0.1964569094804247,7.683464043637385,0.057243346654527016,0.07112272549420595,0.0,0.07112272549420595,0.0
16.835558,"[75.25365447998047, 4.499451637268066, 0.0]","[82.94512939453125, 4.5, 0.0]",8.287058830788357,8.356622695922852,0.20179748573507794,7.689147942456793,0.07024383492976227,0.0730932829901576,0.0,0.0730932829901576,0.0
16.855043,"[75.4193115234375, 4.499449729919434, 0.0]","[83.10950469970703, 4.5, 0.0]",8.292044640119055,8.373104095458984,0.2492904665349016,7.691474907851508,0.06956386513449431,0.09024281986057758,0.0,0.09024281986057758,0.0
16.874352,"[75.58505249023438, 4.499447822570801, 0.0]","[83.27616882324219, 4.5, 0.0]",8.297133446278748,8.376386642456055,0.2544403079846269,7.690193169463821,0.08105945533992909,0.09214183315634727,0.0,0.09214183315634727,0.0
16.89405,"[75.75089263916016, 4.499445915222168, 0.0]","[83.44404602050781, 4.5, 0.0]",8.302317619868319,8.39307689666748,0.25920867947855086,7.691116326009416,0.07925319617730686,0.09385069832205772,0.0,0.09385069832205772,0.0
16.913496,"[75.91683197021484, 4.499444007873535, 0.0]","[83.61184692382812, 4.5, 0.0]",8.307578087401353,8.396409034729006,0.2630233766517165,7.693153374498068,0.09075927679916163,0.09526277892291546,0.0,0.09526277892291546,0.0
16.934125,"[76.08287811279297, 4.499442100524902, 0.0]","[83.7799301147461, 4.5, 0.0]",8.312899590086296,8.413052558898926,0.2660751342471457,7.695014946741728,0.08883094732765251,0.09632164612412453,0.0,0.09632164612412453,0.0
16.953922,"[76.24903106689453, 4.4994401931762695, 0.0]","[83.94876098632812, 4.5, 0.0]",8.318949699949775,8.416403770446777,0.3025054931739213,7.697051995145554,0.1001529688126297,0.10953444987535477,0.0,0.10953444987535477,0.0
16.974345,"[76.41529083251953, 4.499438285827637, 0.0]","[84.11668395996094, 4.5, 0.0]",8.325011253908361,8.433037757873535,0.3030776979293215,7.699729912431695,0.09745407049700283,0.10977656580507755,0.0,0.10977656580507755,0.0
16.994529,"[76.58167266845703, 4.499436378479004, 0.0]","[84.28487396240234, 4.5, 0.0]",8.331068993165356,8.43635082244873,0.3028869628497688,7.701393120503909,0.10802650396517421,0.10969207622110844,0.0,0.10969207622110844,0.0
17.014335,"[76.74817657470703, 4.499434471130371, 0.0]","[84.45478820800781, 4.5, 0.0]",8.337107658940072,8.453084945678711,0.3019332887357784,7.703201287072583,0.10528182928337415,0.10932387784123421,0.0,0.10932387784123421,0.0
17.034876,"[76.914794921875, 4.499432563781738, 0.0]","[84.6242446899414, 4.5, 0.0]",8.34311199243801,8.456414222717285,0.3002166748968804,7.706611626319257,0.11597728673863905,0.10872093960642815,0.0,0.10872093960642815,0.0
17.054672,"[77.08153533935547, 4.4994306564331055, 0.0]","[84.7939682006836, 4.5, 0.0]",8.349593163089954,8.473095893859863,0.3240585325972489,7.709449761062854,0.11330223027927566,0.1173569355159998,0.0,0.1173569355159998,0.0
17.074871,"[77.24839782714844, 4.499428749084473, 0.0]","[84.96299743652344, 4.5, 0.0]",8.356017113280574,8.476399421691895,0.32119750953096826,7.712432854302535,0.12350273076990881,0.11631517671048641,0.0,0.11631517671048641,0.0
17.095537,"[77.41539001464844, 4.49942684173584, 0.0]","[85.13508605957031, 4.5, 0.0]",8.362383843010264,8.493220329284668,0.318336486484494,7.714599602415187,0.1203823084113207,0.11525101028382778,0.0,0.11525101028382778,0.0
17.114383,"[77.58251190185547, 4.499424934387207, 0.0]","[85.30268096923828, 4.5, 0.0]",8.36869335228301,8.496397018432617,0.3154754636373269,7.719696038115784,0.13083648627440425,0.11424723081290722,0.0,0.11424723081290722,0.0
17.135522,"[77.749755859375, 4.499423027038574, 0.0]","[85.47222900390625, 4.5, 0.0]",8.374945641101965,8.512929916381836,0.3126144409477227,7.7201690605556115,0.12770366614960693,0.11319559067487717,0.0,0.11319559067487717,0.0
17.154622,"[77.91712951660156, 4.499421119689941, 0.0]","[85.64319610595703, 4.5, 0.0]",8.381388664783726,8.516209602355957,0.32215118408807086,7.722473137506169,0.13798427527987123,0.11663923040032387,0.0,0.11663923040032387,0.0
17.174042,"[78.08462524414062, 4.499419212341309, 0.0]","[85.81298065185547, 4.5, 0.0]",8.387770653312854,8.532755851745605,0.319099426456404,7.726066582130841,0.1348209375722309,0.11551313102245331,0.0,0.11551313102245331,0.0
17.194643,"[78.25225067138672, 4.499417304992676, 0.0]","[85.98393249511719, 4.5, 0.0]",8.394087791983003,8.53603458404541,0.31585693350741906,7.728355400557156,0.14498519843275126,0.1144001167267561,0.0,0.1144001167267561,0.0
17.214492,"[78.42000579833984, 4.499415397644043, 0.0]","[86.15555572509766, 4.5, 0.0]",8.400359154294238,8.552583694458008,0.31356811556175757,7.731681816640033,0.14194679206240757,0.11354929767549038,0.0,0.11354929767549038,0.0
17.235282,"[78.587890625, 4.49941349029541, 0.0]","[86.326904296875, 4.5, 0.0]",8.406584740236278,8.558882713317873,0.3112792971020184,7.735549919555969,0.15222454016377007,0.11268589645624161,0.0,0.11268589645624161,0.0
17.256077,"[78.75589752197266, 4.499411582946777, 0.0]","[86.4996337890625, 4.5, 0.0]",8.413268089849005,8.565258979797363,0.33416748063634927,7.739013664651087,0.15229797308159476,0.12101097963750362,0.0,0.12101097963750362,0.0
17.274622,"[78.92402648925781, 4.4994096755981445, 0.0]","[86.66950225830078, 4.5, 0.0]",8.419901848392842,8.581477165222168,0.33168792719182605,7.743736259933871,0.1519908899483582,0.12007520534098148,0.0,0.12007520534098148,0.0
17.295506,"[79.09229278564453, 4.499407768249512, 0.0]","[86.84085083007812, 4.5, 0.0]",8.426489830570826,8.584442138671875,0.32939910889924207,7.745475761593838,0.16157531682932635,0.11926551349461079,0.0,0.11926551349461079,0.0
17.314436,"[79.26068878173828, 4.499405860900879, 0.0]","[87.0162124633789, 4.5, 0.0]",8.433032036381396,8.60074234008789,0.3271102905284984,7.748558037143528,0.15795230810104854,0.11844192631542683,0.0,0.11844192631542683,0.0
17.335307,"[79.4292221069336, 4.499403953552246, 0.0]","[87.18824768066406, 4.5, 0.0]",8.439536095223298,8.603055000305176,0.32520294209508194,7.75552367432826,0.1677103037064942,0.11772936210036278,0.0,0.11772936210036278,0.0
17.355519,"[79.59788513183594, 4.499402046203613, 0.0]","[87.35746765136719, 4.5, 0.0]",8.446108818618,8.61855697631836,0.3286361697351303,7.759025566304763,0.16351890508187772,0.11902040801942348,0.0,0.11902040801942348,0.0
17.374327,"[79.76667785644531, 4.4994001388549805, 0.0]","[87.52910614013672, 4.5, 0.0]",8.452635765651259,8.620848655700684,0.3263473516629034,7.759582511899952,0.1724481577003587,0.1181473396718502,0.0,0.1181473396718502,0.0
17.394657,"[79.93560028076172, 4.499398231506348, 0.0]","[87.7023696899414, 4.5, 0.0]",8.45911693631725,8.636561393737793,0.3240585332995316,7.762428275760306,0.16821289004942486,0.1173419039696455,0.0,0.1173419039696455,0.0
17.415013,"[80.10465240478516, 4.499396324157715, 0.0]","[87.8751220703125, 4.5, 0.0]",8.465556145309488,8.638559341430666,0.3219604496119466,7.766769401410221,0.1774444574205436,0.11659163981676102,0.0,0.11659163981676102,0.0
17.435133,"[80.27383422851562, 4.499394416809082, 0.0]","[88.04839324951172, 4.5, 0.0]",8.471961022016707,8.653128623962402,0.3202438353609338,7.770469657920045,0.17300319612117754,0.11594604700803757,0.0,0.11594604700803757,0.0
17.455046,"[80.44314575195312, 4.499392509460449, 0.0]","[88.22328186035156, 4.5, 0.0]",8.478728294965807,8.654435157775879,0.3383636474549867,7.774559013273327,0.18116760194569537,0.1225275918841362,0.0,0.1225275918841362,0.0
17.475244,"[80.61258697509766, 4.499390602111816, 0.0]","[88.39566802978516, 4.5, 0.0]",8.485453606249648,8.668963432312012,0.3362655641920398,7.780136100838739,0.1757068628100722,0.12179233133792877,0.0,0.12179233133792877,0.0
17.494939,"[80.78215789794922, 4.499388694763184, 0.0]","[88.56792449951172, 4.5, 0.0]",8.492140770559567,8.670150756835938,0.334358215495989,7.78308104663802,0.1835098260623642,0.12103745713829994,0.0,0.12103745713829994,0.0
17.514495,"[80.95186614990234, 4.499386787414551, 0.0]","[88.74156951904297, 4.5, 0.0]",8.49879741729441,8.68427848815918,0.3328323367421504,7.785766593583484,0.1780099862763702,0.12050539255142212,0.0,0.12050539255142212,0.0
17.533793,"[81.12171173095703, 4.499384880065918, 0.0]","[88.91413116455078, 4.5, 0.0]",8.50541591706278,8.683998107910158,0.3309249884185128,7.7897033611382085,0.1854810708647694,0.11980289593338966,0.0,0.11980289593338966,0.0
17.555547,"[81.29168701171875, 4.499382972717285, 0.0]","[89.08872985839844, 4.5, 0.0]",8.512171745932156,8.697129249572754,0.337791443468749,7.792419425283955,0.17858219084737748,0.12232581153512001,0.0,0.12232581153512001,0.0
17.574872,"[81.4617919921875, 4.499381065368652, 0.0]","[89.26280212402344, 4.5, 0.0]",8.518897057219402,8.696905136108398,0.3362655643623036,7.797042838440746,0.18495750364059838,0.12175042182207108,0.0,0.12175042182207108,0.0
17.594361,"[81.63203430175781, 4.4993791580200195, 0.0]","[89.43607330322266, 4.5, 0.0]",8.525588036233165,8.70998764038086,0.3345489506881627,7.8010101236682825,0.17800807888899683,0.12112011201679707,0.0,0.12112011201679707,0.0
17.614545,"[81.80241394042969, 4.499377250671387, 0.0]","[89.61180114746094, 4.5, 0.0]",8.532248497665503,8.70926284790039,0.33302307161688915,7.804038993082517,0.18439960414769452,0.12056633830070496,0.0,0.12056633830070496,0.0
17.634687,"[81.9729232788086, 4.499375343322754, 0.0]","[89.785888671875, 4.5, 0.0]",8.538874626820851,8.720559120178223,0.33130645776742185,7.809387198624631,0.17701435023488798,0.11995560489594936,0.0,0.11995560489594936,0.0
17.655163,"[82.14356994628906, 4.499373435974121, 0.0]","[89.96171569824219, 4.5, 0.0]",8.565443993281201,8.72189998626709,1.3284683230175176,7.812965384635632,0.18168449335737158,0.4810066521167755,0.0,0.4810066521167755,0.0
17.674237,"[82.31434631347656, 4.499371528625488, 0.0]","[90.13398742675781, 4.5, 0.0]",8.591834068969526,8.726480484008789,1.3195037844162094,7.818145743498071,0.15645599298588841,0.4777960851788521,0.0,0.4777960851788521,0.0
17.695231,"[82.48565673828125, 4.4993696212768555, 0.0]","[90.31043243408203, 4.5, 0.0]",8.618075371463823,8.731171607971191,1.3120651247148452,7.819641104802205,0.13464641503926345,0.47511961311101913,0.0,0.47511961311101913,0.0
17.714713,"[82.6574935913086, 4.4993672370910645, 0.0]","[90.48487091064453, 4.5, 0.0]",8.64424419471773,8.735173225402832,1.3084411626953951,7.82477568729746,0.11309623650736889,0.4738159850239754,0.0,0.4738159850239754,0.0
17.73419,"[82.8298568725586, 4.499364852905273, 0.0]","[90.65800476074219, 4.5, 0.0]",8.670378685692684,8.737747192382812,1.3067245487476953,7.8273773104122455,0.09092903068510161,0.47316044569015503,0.0,0.47316044569015503,0.0
17.754501,"[83.00273895263672, 4.499362468719482, 0.0]","[90.83487701416016, 4.5, 0.0]",8.696467400302813,8.740376472473145,1.304435730506448,7.828147879228724,0.06736850669012817,0.4723447188735008,0.0,0.4723447188735008,0.0
17.77414,"[83.1761474609375, 4.499360084533691, 0.0]","[91.0083236694336, 4.5, 0.0]",8.722559929611753,8.742955207824707,1.3046264654470008,7.832138052537116,0.04390907217033124,0.4723895713686943,0.0,0.4723895713686943,0.0
17.794788,"[83.3500747680664, 4.4993577003479, 0.0]","[91.1832504272461, 4.5, 0.0]",8.748637200127984,8.745555877685547,1.3038635258115328,7.832176199577407,0.020395278212953727,0.47210928052663803,0.0,0.47210928052663803,0.0
17.814565,"[83.52452850341797, 4.499355316162109, 0.0]","[91.35919189453125, 4.5, 0.0]",8.774737358821522,8.747502326965332,1.305007934676894,7.833175650329052,-0.0030813224424370844,0.47254640609025955,0.0,0.47254640609025955,0.0
17.834009,"[83.69950103759766, 4.499352931976318, 0.0]","[91.53323364257812, 4.5, 0.0]",8.800868035098597,8.747940063476562,1.3065338138537719,7.834663382232047,-0.027235031856189806,0.47306302934885025,0.0,0.47306302934885025,0.0
17.8557,"[83.87499237060547, 4.499350547790527, 0.0]","[91.7096939086914, 4.5, 0.0]",8.838915825628344,8.748383522033691,1.902389526487358,7.833732595969266,-0.052927971622034775,0.6888746470212936,0.0,0.6888746470212936,0.0
17.875495,"[84.05101013183594, 4.499348163604736, 0.0]","[91.88536834716797, 4.5, 0.0]",8.876894951603324,8.748825073242188,1.8989562987489883,7.834701529343098,-0.09053230359465303,0.687641054391861,0.0,0.687641054391861,0.0
17.894969,"[84.22779083251953, 4.499345779418945, 0.0]","[92.05868530273438, 4.5, 0.0]",8.914835930607405,8.749260902404785,1.8970489502040166,7.834358206559377,-0.1280698783611367,0.686895102262497,0.0,0.686895102262497,0.0
17.914436,"[84.40532684326172, 4.499343395233154, 0.0]","[92.23424530029297, 4.5, 0.0]",8.952754021432579,8.74901008605957,1.8959045412587194,7.830894461312383,-0.16557502820261938,0.686524361371994,0.0,0.686524361371994,0.0
17.933249,"[84.58362579345703, 4.499341011047363, 0.0]","[92.40823364257812, 4.5, 0.0]",8.990660668160713,8.747220039367676,1.8953323364066854,7.828918447796304,-0.2037439353730086,0.6863050162792206,0.0,0.6863050162792206,0.0
17.955946,"[84.76268005371094, 4.499338626861572, 0.0]","[92.5844955444336, 4.5, 0.0]",9.028567314884755,8.745406150817871,1.895332336202138,7.8246078402596755,-0.24344062879303685,0.6862923502922058,0.0,0.6862923502922058,0.0
17.974739,"[84.94248962402344, 4.499336242675781, 0.0]","[92.7613525390625, 4.5, 0.0]",9.066481591001494,8.743587493896484,1.8957138058369516,7.821815481831615,-0.2831611640668843,0.6864120811223984,0.0,0.6864120811223984,0.0
17.994797,"[85.12306213378906, 4.49933385848999, 0.0]","[92.93359375, 4.5, 0.0]",9.104399681823553,8.741815567016602,1.895904541102933,7.818862906118409,-0.32289409710501005,0.6864822655916214,0.0,0.6864822655916214,0.0
18.014698,"[85.30438995361328, 4.499331474304199, 0.0]","[93.11238861083984, 4.5, 0.0]",9.142321587342243,8.739239692687988,1.8960952759345062,7.810531607261095,-0.3625841148069515,0.6866002827882767,0.0,0.6866002827882767,0.0
18.034888,"[85.48648071289062, 4.499329090118408, 0.0]","[93.28303527832031, 4.5, 0.0]",9.180251122260207,8.735292434692385,1.8964767458982124,7.807998648042732,-0.4030818946542549,0.6867310404777527,0.0,0.6867310404777527,0.0
18.05464,"[85.66932678222656, 4.499326705932617, 0.0]","[93.45842742919922, 4.5, 0.0]",9.165644646425854,8.73123550415039,-0.7303237917176908,7.796554556421254,-0.44495868756782286,0.0,0.04489827901124954,0.0,0.04489827901124954
18.075465,"[85.8529281616211, 4.499324321746826, 0.0]","[93.63206481933594, 4.5, 0.0]",9.15176296307805,8.73055362701416,-0.694084167390141,7.789100637832259,-0.434409142275463,0.0,0.04267604649066925,0.0,0.04267604649066925
18.09646,"[86.03623962402344, 4.499321937561035, 0.0]","[93.80604553222656, 4.5, 0.0]",9.138323784611648,8.71986198425293,-0.6719589233201262,7.77913664864809,-0.42120933606389066,0.0,0.041310857981443405,0.0,0.041310857981443405
18.114801,"[86.21927642822266, 4.499319553375244, 0.0]","[93.98229217529297, 4.5, 0.0]",9.125021935241982,8.721750259399414,-0.6650924684833193,7.769805899003951,-0.4184618003587186,0.0,0.04088446497917175,0.0,0.04088446497917175
18.13422,"[86.40204620361328, 4.499317169189453, 0.0]","[94.15593719482422, 4.5, 0.0]",9.111693382993051,8.70880126953125,-0.6664276124465296,7.763015737841522,-0.40327167584256784,0.0,0.040969956666231155,0.0,0.040969956666231155
18.153881,"[86.58454895019531, 4.499314785003662, 0.0]","[94.33052825927734, 4.5, 0.0]",9.09813213420707,8.70915412902832,-0.6780624392990653,7.753890982160414,-0.4028921134618013,0.0,0.0416879765689373,0.0,0.0416879765689373
18.174314,"[86.76678466796875, 4.499312400817871, 0.0]","[94.50389099121094, 4.5, 0.0]",9.084242821458119,8.69621467590332,-0.69446563744755,7.745979299898504,-0.3889780051787497,0.0,0.042698074132204056,0.0,0.042698074132204056
18.194691,"[86.94874572753906, 4.49931001663208, 0.0]","[94.67789459228516, 4.5, 0.0]",9.06996059489656,8.696588516235352,-0.7141113280779265,7.737106314029514,-0.3880281455547987,0.0,0.043905191123485565,0.0,0.043905191123485565
18.214789,"[87.13043212890625, 4.499307632446289, 0.0]","[94.85260772705078, 4.5, 0.0]",9.055254936942019,8.682908058166504,-0.7352828977270853,7.729148855399374,-0.3733720786612089,0.0,0.04520903527736664,0.0,0.04520903527736664
18.239462,"[87.31182861328125, 4.499305248260498, 0.0]","[95.02452087402344, 4.5, 0.0]",9.040118218194216,8.681130409240723,-0.7568359373901323,7.722175588768209,-0.37234687877551487,0.0,0.046531885862350464,0.0,0.046531885862350464
18.2575,"[87.49293518066406, 4.499302864074707, 0.0]","[95.20489501953125, 4.5, 0.0]",9.026072502863606,8.665599822998047,-0.7022857665305082,7.712692251441899,-0.35898780895349347,0.0,0.04317807778716087,0.0,0.04317807778716087
18.274294,"[87.67373657226562, 4.499300479888916, 0.0]","[95.37311553955078, 4.5, 0.0]",9.011607170828713,8.664003372192383,-0.7232666017446654,7.711959829537114,-0.3604726798655591,0.0,0.04446713253855705,0.0,0.04446713253855705
18.294547,"[87.85425567626953, 4.499298095703125, 0.0]","[95.54527282714844, 4.5, 0.0]",8.996756554366586,8.648877143859863,-0.7425308231063354,7.699378957926225,-0.34760379863632984,0.0,0.04564642161130905,0.0,0.04564642161130905
18.314837,"[88.03448486328125, 4.499295711517334, 0.0]","[95.72312927246094, 4.5, 0.0]",8.98156261515307,8.646086692810059,-0.7596969606757931,7.691017141384437,-0.34787941050672266,0.0,0.046704988926649094,0.0,0.046704988926649094
18.334898,"[88.21441650390625, 4.499293327331543, 0.0]","[95.89189147949219, 4.5, 0.0]",8.966101647136394,8.628987312316895,-0.7730484008337868,7.6886443997619125,-0.3354759223430115,0.0,0.047526221722364426,0.0,0.047526221722364426
18.355282,"[88.39405059814453, 4.499290943145752, 0.0]","[96.06441497802734, 4.5, 0.0]",8.951590538737445,8.624991416931152,-0.7255554199474545,7.677474966139195,-0.3371143348194998,0.0,0.0446101613342762,0.0,0.0446101613342762
18.3745,"[88.57337188720703, 4.499288558959961, 0.0]","[96.23664855957031, 4.5, 0.0]",8.93680858683247,8.607676506042482,-0.7390975952487722,7.670364370406784,-0.3265991218062929,0.0,0.04544167220592499,0.0,0.04544167220592499
18.394574,"[88.75240325927734, 4.49928617477417, 0.0]","[96.41195678710938, 4.5, 0.0]",8.921790123701513,8.603508949279785,-0.7509231565478558,7.663276662857966,-0.32913208078998757,0.0,0.046169765293598175,0.0,0.046169765293598175
18.41512,"[88.93113708496094, 4.499283790588379, 0.0]","[96.58158111572266, 4.5, 0.0]",8.90659236979274,8.58572769165039,-0.7598876954386213,7.6595535179731,-0.31828117442172754,0.0,0.04671730846166611,0.0,0.04671730846166611
18.435575,"[89.10957336425781, 4.499281406402588, 0.0]","[96.75640869140625, 4.5, 0.0]",8.891226769204698,8.57951545715332,-0.7682800294021241,7.650444021089536,-0.32086467814234965,0.0,0.047230470925569534,0.0,0.047230470925569534
18.454963,"[89.28770446777344, 4.499279022216797, 0.0]","[96.92459106445312, 4.5, 0.0]",8.91120815347869,8.560457229614258,0.9990692136995882,7.646835317663246,-0.3117113120513775,0.36173049360513687,0.0,0.36173049360513687,0.0
18.473744,"[89.46553039550781, 4.499276638031006, 0.0]","[97.09431457519531, 4.5, 0.0]",8.930941582428087,8.554620742797852,0.9866714474698668,7.636886587165734,-0.35075092386443174,0.3572673723101616,0.0,0.3572673723101616,0.0
18.497513,"[89.64375305175781, 4.499274253845215, 0.0]","[97.266357421875, 4.5, 0.0]",8.950480461815435,8.535277366638184,0.9769439693673831,7.628784170470738,-0.3763208396302353,0.3537198528647423,0.0,0.3537198528647423,0.0
18.515074,"[89.82237243652344, 4.499271869659424, 0.0]","[97.44100952148438, 4.5, 0.0]",8.969901085585946,8.528518676757812,0.9710311885255507,7.622604360872297,-0.41520309517725096,0.35161852836608887,0.0,0.35161852836608887,0.0
18.534077,"[90.00138092041016, 4.499269485473633, 0.0]","[97.60739135742188, 4.5, 0.0]",8.989268303598482,8.507929801940918,0.9683609006268412,7.618637075359809,-0.44138240882813307,0.35066600888967514,0.0,0.35066600888967514,0.0
18.554387,"[90.18077850341797, 4.499267101287842, 0.0]","[97.77754974365234, 4.5, 0.0]",9.008654595103273,8.500360488891602,0.9693145752395438,7.606010427601396,-0.4813385016575644,0.350986048579216,0.0,0.350986048579216,0.0
18.574915,"[90.36056518554688, 4.499264717102051, 0.0]","[97.94944763183594, 4.5, 0.0]",9.028067589492583,8.47930908203125,0.9706497194654773,7.59677123079584,-0.5082941062116717,0.3514360636472702,0.0,0.3514360636472702,0.0
18.594459,"[90.54074096679688, 4.49926233291626, 0.0]","[98.116943359375, 4.5, 0.0]",9.047549248435192,8.471962928771973,0.9740829471304835,7.588882436601639,-0.5487585074613328,0.3526923805475235,0.0,0.3526923805475235,0.0
18.6147,"[90.72130584716797, 4.499259948730469, 0.0]","[98.2869873046875, 4.5, 0.0]",9.067107201320765,8.454004287719727,0.9778976442786025,7.5762023827513625,-0.5755863196632198,0.3540957346558571,0.0,0.3540957346558571,0.0
18.634542,"[90.90225982666016, 4.499257564544678, 0.0]","[98.45501708984375, 4.5, 0.0]",9.086722374664369,8.438664436340334,0.9807586671802149,7.565681447774837,-0.613102913601038,0.35510677844285965,0.0,0.35510677844285965,0.0
18.654725,"[91.08360290527344, 4.499255180358887, 0.0]","[98.6242904663086, 4.5, 0.0]",9.059309960113413,8.423211097717285,-1.3706207275477666,7.552757253298983,-0.648057938324035,0.0,0.08426164090633392,0.0,0.08426164090633392
18.674324,"[91.26533508300781, 4.499252796173096, 0.0]","[98.79218292236328, 4.5, 0.0]",9.032588005767975,8.40788459777832,-1.3360977172719224,7.540687551121649,-0.6360988623961283,0.0,0.08214495331048965,0.0,0.08214495331048965
18.694379,"[91.44651794433594, 4.499250411987305, 0.0]","[98.95979309082031, 4.5, 0.0]",9.006251335845784,8.392582893371582,-1.3168334961095596,7.526847829413203,-0.6247034079896547,0.0,0.08096107840538025,0.0,0.08096107840538025
18.71425,"[91.62716674804688, 4.499248027801514, 0.0]","[99.12889099121094, 4.5, 0.0]",8.98005962442318,8.376897811889648,-1.3095855711301674,7.51327513651333,-0.6136684424742018,0.0,0.08051323145627975,0.0,0.08051323145627975
18.735285,"[91.80728912353516, 4.499245643615723, 0.0]","[99.29869079589844, 4.5, 0.0]",8.953879357086462,8.360578536987305,-1.3090133668359094,7.501724233164079,-0.6031618125335321,0.0,0.08047393709421158,0.0,0.08047393709421158
18.754846,"[91.98689270019531, 4.499243259429932, 0.0]","[99.46610260009766, 4.5, 0.0]",8.925688744291392,8.344490051269531,-1.409530639753509,7.491401662447133,-0.5933008200991576,0.0,0.08665882796049118,0.0,0.08665882796049118
18.774685,"[92.16596984863281, 4.499240875244141, 0.0]","[99.62838745117188, 4.5, 0.0]",8.897231102692006,8.328893661499023,-1.4228820799693231,7.47920988984444,-0.5811986930218609,0.0,0.08747241646051407,0.0,0.08747241646051407
18.79463,"[92.344482421875, 4.49923849105835, 0.0]","[99.79954528808594, 4.5, 0.0]",8.868414879552521,8.312444686889648,-1.440811156974231,7.462417592339044,-0.5683374411929822,0.0,0.08857236802577972,0.0,0.08857236802577972
18.814713,"[92.52243041992188, 4.499236106872559, 0.0]","[99.96589660644531, 4.5, 0.0]",8.839182854412401,8.29636001586914,-1.4616012570059844,7.455062855638877,-0.5559701926628726,0.0,0.08985312283039093,0.0,0.08985312283039093
18.835324,"[92.69979858398438, 4.499233722686768, 0.0]","[100.13108825683594, 4.5, 0.0]",8.809428215743692,8.280190467834473,-1.4877319334354766,7.4434661761502925,-0.5428228385432607,0.0,0.09145914018154144,0.0,0.09145914018154144
18.855924,"[92.87657928466797, 4.499231338500977, 0.0]","[100.29473876953125, 4.5, 0.0]",8.820754051935092,8.264171600341797,0.5662918095699965,7.431289662563555,-0.5292377479092192,0.20505184307694435,0.0,0.20505184307694435,0.0
18.874971,"[93.05276489257812, 4.4992289543151855, 0.0]","[100.46163177490234, 4.5, 0.0]",8.831721306585399,8.247834205627441,0.5483627325153506,7.418159473970276,-0.5565824515932949,0.19852695986628532,0.0,0.19852695986628532,0.0
18.897708,"[93.22917938232422, 4.4992265701293945, 0.0]","[100.62406158447266, 4.5, 0.0]",8.842383385454958,8.231934547424316,0.5331039434779861,7.40886687174712,-0.5838871009579574,0.19306913018226624,0.0,0.19306913018226624,0.0
18.915129,"[93.40581512451172, 4.4992241859436035, 0.0]","[100.78878021240234, 4.5, 0.0]",8.852847100058359,8.215842247009277,0.523185730170006,7.394882191425938,-0.6104488380306421,0.1894480176270008,0.0,0.1894480176270008,0.0
18.933383,"[93.5826644897461, 4.4992218017578125, 0.0]","[100.95199584960938, 4.5, 0.0]",8.86318592517482,8.199968338012695,0.5169412558230668,7.3829650770218285,-0.6370048530490813,0.18736450001597404,0.0,0.18736450001597404,0.0
18.954861,"[93.75971984863281, 4.4992194175720215, 0.0]","[101.1166000366211, 4.5, 0.0]",8.873428731635533,8.183959007263184,0.5121403230356592,7.369331349080733,-0.6632175871621246,0.18651286140084267,0.0,0.18651286140084267,0.0
18.975149,"[93.93698120117188, 4.499135494232178, 0.0]","[101.27881622314453, 4.5, 0.0]",8.883617908300181,8.16818141937256,0.5094588332323902,7.356880176941971,-0.6894697243723495,0.1866007223725319,0.0,0.1866007223725319,0.0
18.994797,"[94.11444854736328, 4.498857498168945, 0.0]","[101.44243621826172, 4.5, 0.0]",8.893795125931199,8.152267456054688,0.5088608815508877,7.341834961121137,-0.7154364889276206,0.18747281283140182,0.0,0.18747281283140182,0.0
19.014653,"[94.29212188720703, 4.498320579528809, 0.0]","[101.60659790039062, 4.5, 0.0]",8.903992170391843,8.136440277099611,0.5098522230322367,7.3279872768862075,-0.7415276698765112,0.18876681104302406,0.0,0.18876681104302406,0.0
19.035175,"[94.4699935913086, 4.4974799156188965, 0.0]","[101.76832580566406, 4.5, 0.0]",8.91420688862234,8.124491691589355,0.51073591152484,7.314474218402135,-0.7675518932922323,0.1900620013475418,0.0,0.1900620013475418,0.0
19.053394,"[94.6480712890625, 4.496298313140869, 0.0]","[101.93073272705078, 4.5, 0.0]",8.875739219595186,8.102476119995119,-1.9233834513577186,7.298326216390602,-0.7897151970329848,0.0,0.11733251065015793,0.0,0.11733251065015793
19.075667,"[94.82634735107422, 4.494737148284912, 0.0]","[102.09232330322266, 4.5, 0.0]",8.837869558887938,8.09387493133545,-1.8934830353623866,7.282645467486585,-0.7732630996000669,0.0,0.11547090113162994,0.0,0.11547090113162994
19.094288,"[95.00385284423828, 4.492798328399658, 0.0]","[102.25443267822266, 4.5, 0.0]",8.800441757522842,8.07188892364502,-1.871390068254808,7.2659398316315205,-0.7439946275524889,0.0,0.11410852521657944,0.0,0.11410852521657944
19.114899,"[95.18059539794922, 4.4904656410217285, 0.0]","[102.41669464111328, 4.5, 0.0]",8.763190606497686,8.063426971435547,-1.8625575512578152,7.250508158958136,-0.7285528338778224,0.0,0.11357513070106506,0.0,0.11357513070106506
19.135808,"[95.35658264160156, 4.487729549407959, 0.0]","[102.5763931274414, 4.5, 0.0]",8.725991457344252,8.042323112487793,-1.8599574576716904,7.235970598032497,-0.6997636350621388,0.0,0.11347794532775879,0.0,0.11347794532775879
19.15964,"[95.53181457519531, 4.48459005355835, 0.0]","[102.73919677734375, 4.5, 0.0]",8.689154058252814,8.034274101257324,-1.841869954571873,7.219596920850678,-0.6836683448564589,0.0,0.11246020346879959,0.0,0.11246020346879959
19.174642,"[95.706298828125, 4.481053352355957, 0.0]","[102.89976501464844, 4.5, 0.0]",8.65199866512794,8.013092041015625,-1.8577696562437573,7.207048949757626,-0.6548799569954902,0.0,0.11355165392160416,0.0,0.11355165392160416
19.193986,"[95.88003540039062, 4.477129936218262, 0.0]","[103.05787658691406, 4.5, 0.0]",8.614431300250121,8.005468368530273,-1.8783682438908933,7.192972160512686,-0.6389066241123142,0.0,0.11491294205188751,0.0,0.11491294205188751
19.215208,"[96.05302429199219, 4.47283411026001, 0.0]","[103.22261047363281, 4.5, 0.0]",8.576400766271568,7.984210968017578,-1.901526698927647,7.1771397386342475,-0.6089629317198479,0.0,0.11641551554203033,0.0,0.11641551554203033
19.235685,"[96.22525024414062, 4.4681782722473145, 0.0]","[103.37903594970703, 4.5, 0.0]",8.537766171655202,7.977634429931641,-1.9317297308183434,7.168625711835704,-0.5921897982539903,0.0,0.11832720041275024,0.0,0.11832720041275024
19.254616,"[96.3967056274414, 4.463171482086182, 0.0]","[103.538330078125, 4.5, 0.0]",8.527454671679887,7.957483291625977,-0.515574998765711,7.152512102986751,-0.560131741723561,0.0,0.03129424899816513,0.0,0.03129424899816513
19.274699,"[96.56737518310547, 4.457819938659668, 0.0]","[103.6965560913086, 4.5, 0.0]",8.516367578256848,7.950754165649414,-0.5543546711519909,7.139979973757933,-0.5699713800539108,0.0,0.0336826927959919,0.0,0.0336826927959919
19.296043,"[96.73783111572266, 4.452106952667236, 0.0]","[103.85963439941406, 4.5, 0.0]",8.504716707693214,7.930283069610596,-0.582543528181656,7.127105665201328,-0.5656134126074335,0.0,0.03538082540035248,0.0,0.03538082540035248
19.314485,"[96.90805053710938, 4.4460296630859375, 0.0]","[104.01566314697266, 4.5, 0.0]",8.492646572704173,7.924091815948486,-0.6035067494520874,7.119232462406521,-0.5744336380826187,0.0,0.03657258674502373,0.0,0.03657258674502373
19.333946,"[97.0780258178711, 4.439577102661133, 0.0]","[104.17217254638672, 4.5, 0.0]",8.480252014109249,7.90529727935791,-0.6197279297461833,7.104480512396167,-0.5685547567556863,0.0,0.03743334859609604,0.0,0.03743334859609604
19.355373,"[97.24774169921875, 4.432724952697754, 0.0]","[104.3314437866211, 4.5, 0.0]",8.467596999863588,7.899620532989502,-0.6327507122830589,7.090381709481683,-0.5749547347513388,0.0,0.037985287606716156,0.0,0.037985287606716156
19.374465,"[97.41719055175781, 4.425440788269043, 0.0]","[104.48892211914062, 4.5, 0.0]",8.45477105560471,7.8807506561279315,-0.6412972129439254,7.079223891818878,-0.5679764668740859,0.0,0.03815912827849388,0.0,0.03815912827849388
19.394962,"[97.58636474609375, 4.417675971984863, 0.0]","[104.65013122558594, 4.5, 0.0]",8.441761599535134,7.874924182891846,-0.6504728034787632,7.066450821177331,-0.5740203994767779,0.0,0.0382811576128006,0.0,0.0382811576128006
19.414701,"[97.75525665283203, 4.409370422363281, 0.0]","[104.80457305908203, 4.5, 0.0]",8.42858846616426,7.856675148010254,-0.6586566685436779,7.057575731205172,-0.5668374166432883,0.0,0.03824754059314728,0.0,0.03824754059314728
19.436147,"[97.92385864257812, 4.400457382202148, 0.0]","[104.96067810058594, 4.5, 0.0]",8.415227041335854,7.8524885177612305,-0.6680712414203427,7.042091706262488,-0.5719133181540066,0.0,0.038241684436798096,0.0,0.038241684436798096
19.454573,"[98.09215545654297, 4.390865802764893, 0.0]","[105.1183090209961, 4.5, 0.0]",8.380715662980316,7.834863662719727,-1.7255689177768652,7.028406158823781,-0.5627385235746232,0.0,0.10264260321855545,0.0,0.10264260321855545
19.476071,"[98.26013946533203, 4.380526065826416, 0.0]","[105.27806854248047, 4.5, 0.0]",8.34622874412113,7.830423355102539,-1.72434594295936,7.016363986172091,-0.5458520002605898,0.0,0.10200732201337814,0.0,0.10200732201337814
19.495434,"[98.42738342285156, 4.369398593902588, 0.0]","[105.43157958984375, 4.5, 0.0]",8.311588754241392,7.813085079193115,-1.73199949398688,7.006536611857332,-0.5158053890185901,0.0,0.10188481211662292,0.0,0.10188481211662292
19.516449,"[98.59387969970703, 4.357422351837158, 0.0]","[105.58831787109375, 4.5, 0.0]",8.276838153827983,7.809259414672852,-1.7375300206704303,6.990943265681263,-0.4985036750482763,0.0,0.10208076983690262,0.0,0.10208076983690262
19.534172,"[98.75961303710938, 4.344539642333984, 0.0]","[105.74314880371094, 4.5, 0.0]",8.24195194012941,7.796463489532471,-1.744310684928685,6.979015623413651,-0.4675787391551314,0.0,0.10258320719003677,0.0,0.10258320719003677
19.554754,"[98.92457580566406, 4.330737590789795, 0.0]","[105.89998626708984, 4.5, 0.0]",8.2103352440655,7.7868781089782715,-1.580834803195419,6.965591668551415,-0.44548845059693853,0.0,0.09278318285942078,0.0,0.09278318285942078
19.574699,"[99.08875274658203, 4.3160200119018555, 0.0]","[106.05498504638672, 4.5, 0.0]",8.178631317706987,7.77740478515625,-1.5851963179256856,6.954549724289346,-0.4234571350872294,0.0,0.09348292648792267,0.0,0.09348292648792267
19.595452,"[99.25221252441406, 4.300396919250488, 0.0]","[106.21126556396484, 4.5, 0.0]",8.146765133932695,7.767853736877441,-1.5933091887146311,6.942033507883107,-0.40122653255073715,0.0,0.09456879645586014,0.0,0.09456879645586014
19.614236,"[99.41494750976562, 4.283895015716553, 0.0]","[106.36675262451172, 4.5, 0.0]",8.114826232597213,7.758753299713135,-1.5969450667740581,6.931063122657274,-0.3789113970552531,0.0,0.09541560709476471,0.0,0.09541560709476471
19.634637,"[99.57695770263672, 4.266552448272705, 0.0]","[106.52102661132812, 4.5, 0.0]",8.082767934134857,7.7506256103515625,-1.6029149231178152,6.919558727662583,-0.3560729328840786,0.0,0.09629452228546143,0.0,0.09629452228546143
19.65437,"[99.73823547363281, 4.248410224914551, 0.0]","[106.67648315429688, 4.5, 0.0]",8.056332365818749,7.742434978485107,-1.321778415805408,6.907098363402031,-0.33214232378329456,0.0,0.07958537340164185,0.0,0.07958537340164185
19.674999,"[99.8987808227539, 4.229501724243164, 0.0]","[106.83232879638672, 4.5, 0.0]",8.029696588410435,7.734224319458008,-1.3317888704157177,6.896082216504203,-0.3138973873336415,0.0,0.08078758418560028,0.0,0.08078758418560028
19.694721,"[100.05870819091797, 4.209860324859619, 0.0]","[106.98595428466797, 4.5, 0.0]",8.002978103510523,7.726130962371828,-1.3359242449955566,6.8857248432593225,-0.29547226895242673,0.0,0.08161208778619766,0.0,0.08161208778619766
19.716168,"[100.21800994873047, 4.189539432525635, 0.0]","[107.14408111572266, 4.5, 0.0]",7.976171637665023,7.718207359313965,-1.3403232922750252,6.873329132995115,-0.27684714113869546,0.0,0.08252838999032974,0.0,0.08252838999032974
19.734855,"[100.37669372558594, 4.1685967445373535, 0.0]","[107.29724884033203, 4.5, 0.0]",7.94934885083933,7.711370468139648,-1.3411393412846362,6.865624233967124,-0.25796427835105806,0.0,0.08309854567050934,0.0,0.08309854567050934
19.755224,"[100.5347671508789, 4.1471123695373535, 0.0]","[107.45246887207031, 4.5, 0.0]",7.92739659928214,7.704442024230957,-1.097612577859497,6.853221229342848,-0.23797838269968175,0.0,0.06858982890844345,0.0,0.06858982890844345
19.774798,"[100.69223022460938, 4.125163555145264, 0.0]","[107.60617065429688, 4.5, 0.0]",7.905306739336654,7.697580814361572,-1.1044929972743311,6.843152270356273,-0.2229545750511832,0.0,0.06930852681398392,0.0,0.06930852681398392
19.794948,"[100.84919738769531, 4.102826118469238, 0.0]","[107.76042175292969, 4.5, 0.0]",7.883128228643232,7.690695762634277,-1.1089255346711013,6.8319323144174495,-0.20772592497508136,0.0,0.06986496597528458,0.0,0.06986496597528458
19.814915,"[101.00567626953125, 4.0801825523376465, 0.0]","[107.91450500488281, 4.5, 0.0]",7.860824953831558,7.68414306640625,-1.1151637405836912,6.821584328757382,-0.19243246600895425,0.0,0.07029086351394653,0.0,0.07029086351394653
19.834847,"[101.16167449951172, 4.057354927062988, 0.0]","[108.06455993652344, 4.5, 0.0]",7.779388363244583,7.678414821624756,-4.071829529348747,6.81147189122745,-0.17668188742530777,0.0,0.07043115049600601,0.0,0.07043115049600601
19.856053,"[101.31721496582031, 4.034458160400391, 0.0]","[108.2204360961914, 4.5, 0.0]",7.761382566382079,7.672463893890382,-0.9002898431251793,6.797880073281991,-0.10097354161982697,0.0,0.05574775114655495,0.0,0.05574775114655495
19.875501,"[101.47132110595703, 4.01303768157959, 0.0]","[108.37110137939453, 4.5, 0.0]",7.74301901615429,7.666711807250977,-0.918177511389473,6.790688595141126,-0.08891867249169749,0.0,0.05710780248045921,0.0,0.05710780248045921
19.894884,"[101.625, 3.991184949874878, 0.0]","[108.52496337890625, 4.5, 0.0]",7.724225537142891,7.6608381271362305,-0.9396739505699525,6.781174504571404,-0.07630720890331322,0.0,0.058191023766994476,0.0,0.058191023766994476
19.914537,"[101.7782974243164, 3.969259262084961, 0.0]","[108.67869567871094, 4.5, 0.0]",7.6947228302888275,7.6551713943481445,-1.47513534270316,6.7753414299326735,-0.06338741000666026,0.0,0.05902291089296341,0.0,0.05902291089296341
19.934123,"[101.93123626708984, 3.9474596977233887, 0.0]","[108.8306884765625, 4.5, 0.0]",7.675257837034483,7.650023937225342,-0.9732496627172349,6.770008002076617,-0.039551435940683,0.0,0.05958820879459381,0.0,0.05958820879459381
19.954386,"[102.08384704589844, 3.9276223182678223, 0.0]","[108.98414611816406, 4.5, 0.0]",7.662354159258793,7.648159503936768,-0.645183888784473,6.763685264134151,-0.025233899809141036,0.0,0.03960566967725754,0.0,0.03960566967725754
19.975432,"[102.23602294921875, 3.907442092895508, 0.0]","[109.13855743408203, 4.5, 0.0]",7.649229262720765,7.636263847351074,-0.6562448269014087,6.761196696172127,-0.014194655322025795,0.0,0.040163736790418625,0.0,0.040163736790418625
19.996941,"[102.3879165649414, 3.8871376514434814, 0.0]","[109.2893295288086, 4.5, 0.0]",7.635923075465445,7.637823104858398,-0.6653093627660311,6.760204861989229,-0.01296541536969098,0.0,0.04048418626189232,0.0,0.04048418626189232
20.014434,"[102.53956604003906, 3.8669896125793457, 0.0]","[109.44324493408203, 4.5, 0.0]",7.622542937316015,7.626000404357911,-0.66900690747147,6.7560007252158245,0.0019000293929538614,0.0,0.04056964069604874,0.0,0.04056964069604874
20.033679,"[102.69098663330078, 3.847106695175171, 0.0]","[109.59539794921875, 4.5, 0.0]",7.609144053419604,7.627695560455322,-0.6699441948205376,6.755420782870226,0.0034574670418958675,0.0,0.04052536562085152,0.0,0.04052536562085152
20.054512,"[102.84217071533203, 3.827519655227661, 0.0]","[109.74757385253906, 4.5, 0.0]",7.5977828091472865,7.616058349609375,-0.5680622136158942,6.7536653585031035,0.01855150703571784,0.0,0.03419748321175575,0.0,0.03419748321175575
20.074214,"[102.99312591552734, 3.8082454204559326, 0.0]","[109.89934539794922, 4.5, 0.0]",7.586497981626392,7.6177659034729,-0.5642413760447162,6.752535628843689,0.018275540462088458,0.0,0.033940307796001434,0.0,0.033940307796001434
20.094862,"[103.14389038085938, 3.7892861366271973, 0.0]","[110.05179595947266, 4.5, 0.0]",7.575300914686468,7.606119155883789,-0.5598533469961975,6.751610410736184,0.03126792184650817,0.0,0.03365562483668327,0.0,0.03365562483668327
20.115223,"[103.29447174072266, 3.7706449031829834, 0.0]","[110.20549011230469, 4.5, 0.0]",7.564199412147871,7.607660293579102,-0.5550751269298715,6.751921006218752,0.030818241197320795,0.0,0.033345650881528854,0.0,0.033345650881528854
20.134413,"[103.44486999511719, 3.7523281574249268, 0.0]","[110.35596466064453, 4.5, 0.0]",7.553204660986877,7.5957441329956055,-0.549737558049701,6.754006724613885,0.043460881431230725,0.0,0.03303307667374611,0.0,0.03303307667374611
20.153526,"[103.59508514404297, 3.734346628189087, 0.0]","[110.5084228515625, 4.5, 0.0]",7.544308383395935,7.5970916748046875,-0.4448138795471124,6.753427263201816,0.04253947200872865,0.0,0.026592645794153214,0.0,0.026592645794153214
20.17445,"[103.7451171875, 3.716705083847046, 0.0]","[110.66022491455078, 4.5, 0.0]",7.535473037521695,7.585129737854004,-0.4417672937119921,6.755326263214525,0.05278329140875293,0.0,0.02643589861690998,0.0,0.02643589861690998
20.194225,"[103.89501190185547, 3.6994054317474365, 0.0]","[110.81159973144531, 4.5, 0.0]",7.526703828119183,7.586514949798584,-0.4384604701255679,6.757065988330471,0.04965670033230918,0.0,0.026242731139063835,0.0,0.026242731139063835
20.214588,"[104.04476165771484, 3.682451009750366, 0.0]","[110.96481323242188, 4.5, 0.0]",7.51799934904032,7.574225902557373,-0.4352239539431757,6.758811293909911,0.059811121679400614,0.0,0.026026420295238495,0.0,0.026026420295238495
20.234904,"[104.19437408447266, 3.665849447250366, 0.0]","[111.11521911621094, 4.5, 0.0]",7.509355964959039,7.574750900268555,-0.4321692040640368,6.762795377613563,0.05622655351705319,0.0,0.02579798735678196,0.0,0.02579798735678196
20.255298,"[104.34385681152344, 3.649613618850708, 0.0]","[111.26648712158203, 4.5, 0.0]",7.5015458537695565,7.561907768249512,-0.39050555947413024,6.764385037667111,0.06539493530951557,0.0,0.023170724511146545,0.0,0.023170724511146545
20.274755,"[104.49320220947266, 3.633760929107666, 0.0]","[111.4179458618164, 4.5, 0.0]",7.493786105591764,7.562388896942139,-0.387987408889634,6.767205676527908,0.0603619144799552,0.0,0.022928955033421516,0.0,0.022928955033421516
20.294637,"[104.6424331665039, 3.6183104515075684, 0.0]","[111.56916809082031, 4.5, 0.0]",7.486083088147125,7.549548149108887,-0.385150872231943,6.770597622047793,0.06860279135037484,0.0,0.022674091160297394,0.0,0.022674091160297394
20.314265,"[104.79155731201172, 3.603285312652588, 0.0]","[111.7210464477539, 4.5, 0.0]",7.47844993321025,7.5495686531066895,-0.3816577468437554,6.774114862373916,0.06346506096176174,0.0,0.022416168823838234,0.0,0.022416168823838234
20.334409,"[104.94056701660156, 3.5887043476104736, 0.0]","[111.87096405029297, 4.5, 0.0]",7.4708878025414505,7.535339832305909,-0.37810653343997025,6.778643753401267,0.07111871989643959,0.0,0.022184453904628754,0.0,0.022184453904628754
20.355521,"[105.08946990966797, 3.574580669403076, 0.0]","[112.02259063720703, 4.5, 0.0]",7.463581367381789,7.534357070922852,-0.36532175798309474,6.781596622606905,0.06445202976445863,0.0,0.02150188386440277,0.0,0.02150188386440277
20.374267,"[105.2382583618164, 3.5609214305877686, 0.0]","[112.17193603515625, 4.5, 0.0]",7.456380708138998,7.5201568603515625,-0.3600329621395115,6.786606836782235,0.070775703541063,0.0,0.021331284195184708,0.0,0.021331284195184708
20.396858,"[105.38694763183594, 3.5477161407470703, 0.0]","[112.32466125488281, 4.5, 0.0]",7.449279910793129,7.519118785858154,-0.3550398672934829,6.789705963853006,0.06377615221256416,0.0,0.02117817848920822,0.0,0.02117817848920822
20.415765,"[105.53553009033203, 3.5349462032318115, 0.0]","[112.47512817382812, 4.5, 0.0]",7.442272716358098,7.50426483154297,-0.3503597217515253,6.796476347790845,0.06983887506502562,0.0,0.021040620282292366,0.0,0.021040620282292366
20.434747,"[105.68400573730469, 3.522595167160034, 0.0]","[112.6267318725586, 4.5, 0.0]",7.4353737320626285,7.501357555389404,-0.3449492147734823,6.801282712968753,0.061992115184871466,0.0,0.02086786925792694,0.0,0.02086786925792694
20.454327,"[105.8323745727539, 3.5106468200683594, 0.0]","[112.77777099609375, 4.5, 0.0]",7.4523637324799195,7.488486289978027,0.8495000208645465,6.807462625224159,0.06598382332677577,0.30884159728884697,0.0,0.30884159728884697,0.0
20.475644,"[105.98062896728516, 3.4990789890289307, 0.0]","[112.92662048339844, 4.5, 0.0]",7.469279533273716,7.479086875915527,0.845790039689831,6.813286476062883,0.03612255749810789,0.30680397525429726,0.0,0.30680397525429726,0.0
20.495563,"[106.1292495727539, 3.487833261489868, 0.0]","[113.07655334472656, 4.5, 0.0]",7.486169849442993,7.469618797302246,0.8445158084638305,6.8171056691096705,0.009807342641811267,0.30584635213017464,0.0,0.30584635213017464,0.0
20.514302,"[106.27823638916016, 3.476888418197632, 0.0]","[113.22284698486328, 4.5, 0.0]",7.503072313102416,7.459696292877197,0.8451231829711858,6.821668455281462,-0.01655105214074659,0.30576836317777634,0.0,0.30576836317777634,0.0
20.533694,"[106.42758178710938, 3.46622896194458, 0.0]","[113.37387084960938, 4.5, 0.0]",7.520018410256679,7.447898864746094,0.8473048577131159,6.822240665679682,-0.043376020225219136,0.3063732013106346,0.0,0.3063732013106346,0.0
20.554839,"[106.57728576660156, 3.4558444023132324, 0.0]","[113.52114868164062, 4.5, 0.0]",7.537043758192042,7.436394214630127,0.8512673967681739,6.8271406219168655,-0.07211954551058497,0.30747855082154274,0.0,0.30747855082154274,0.0
20.57515,"[106.72734832763672, 3.445726156234741, 0.0]","[113.67192840576172, 4.5, 0.0]",7.5541463045773645,7.424615383148193,0.8551273192661135,6.827912055889669,-0.10064954356191524,0.30857643112540245,0.0,0.30857643112540245,0.0
20.595257,"[106.87776947021484, 3.4358553886413574, 0.0]","[113.81979370117188, 4.5, 0.0]",7.57133835967751,7.413064479827881,0.8596027550072716,6.831763980878255,-0.1295309214291711,0.30994709581136703,0.0,0.30994709581136703,0.0
20.615765,"[107.0285415649414, 3.4262123107910156, 0.0]","[113.96944427490234, 4.5, 0.0]",7.588627003226053,7.400557994842531,0.8644321774271546,6.832286765076733,-0.15827387984962904,0.3114786185324192,0.0,0.3114786185324192,0.0
20.635976,"[107.17967224121094, 3.4167771339416504, 0.0]","[114.114013671875, 4.5, 0.0]",7.606017930685153,7.386833190917969,0.8695463729550212,6.834152109767669,-0.18806900838352192,0.313144214451313,0.0,0.313144214451313,0.0
20.656492,"[107.33116149902344, 3.4075276851654053, 0.0]","[114.2628173828125, 4.5, 0.0]",7.587977977151127,7.372706890106203,-0.9019976767013382,6.830490057945644,-0.21918473976718467,0.0,0.0557682104408741,0.0,0.0557682104408741
20.675433,"[107.4830093383789, 3.398442029953003, 0.0]","[114.4085464477539, 4.5, 0.0]",7.570603454397137,7.358871936798096,-0.8687261376994826,6.830572033709205,-0.2152710870449237,0.0,0.05374220013618469,0.0,0.05374220013618469
20.696315,"[107.63450622558594, 3.3895397186279297, 0.0]","[114.55880737304688, 4.5, 0.0]",7.553669962928558,7.344606876373291,-0.8466745734289294,6.827093898647473,-0.2117315175990413,0.0,0.05239211767911911,0.0,0.05239211767911911
20.716669,"[107.7856674194336, 3.380788803100586, 0.0]","[114.7062759399414, 4.5, 0.0]",7.53697397859868,7.329776287078857,-0.83479921649392,6.828329173385372,-0.2090630865552674,0.0,0.05166090279817581,0.0,0.05166090279817581
20.73544,"[107.93649291992188, 3.372152805328369, 0.0]","[114.85115814208984, 4.5, 0.0]",7.520397454473923,7.31351661682129,-0.8288262062378315,6.8269402022353844,-0.2071976915198226,0.0,0.051242198795080185,0.0,0.051242198795080185
20.757876,"[108.08699035644531, 3.3635809421539307, 0.0]","[114.99542236328125, 4.5, 0.0]",7.502821923037147,7.297325611114502,-0.878776571838813,6.823106464194258,-0.20688083765263343,0.0,0.05420451611280441,0.0,0.05420451611280441
20.776312,"[108.23715209960938, 3.35502028465271, 0.0]","[115.14041137695312, 4.5, 0.0]",7.485108514564188,7.28105354309082,-0.8856704236479551,6.818747325427882,-0.20549631192264517,0.0,0.05438673123717308,0.0,0.05438673123717308
20.795705,"[108.386962890625, 3.3464033603668213, 0.0]","[115.2869873046875, 4.5, 0.0]",7.467228483024903,7.264603614807129,-0.8940015769642429,6.8151732655840815,-0.2040549714733677,0.0,0.05489863455295563,0.0,0.05489863455295563
20.815556,"[108.53640747070312, 3.337632894515991, 0.0]","[115.43268585205078, 4.5, 0.0]",7.449164885009252,7.247484683990479,-0.903179900782547,6.813211619412483,-0.20262486821777426,0.0,0.05550241842865944,0.0,0.05550241842865944
20.836151,"[108.68548583984375, 3.3287577629089355, 0.0]","[115.57697296142578, 4.5, 0.0]",7.430800593463041,7.228813171386719,-0.918214577310561,6.810343709940917,-0.20168020101877282,0.0,0.05618932098150253,0.0,0.05618932098150253
20.855674,"[108.8342056274414, 3.319838762283325, 0.0]","[115.72191619873047, 4.5, 0.0]",7.412401985360534,7.210056304931641,-0.9199304051253687,6.806090684397001,-0.20198742207632225,0.0,0.05603411793708801,0.0,0.05603411793708801
20.874134,"[108.9825439453125, 3.3107552528381348, 0.0]","[115.86476135253906, 4.5, 0.0]",7.393738587042732,7.1949052810668945,-0.9331699158900975,6.80259335406479,-0.202345680428893,0.0,0.05671050772070885,0.0,0.05671050772070885
20.895954,"[109.13050079345703, 3.3014373779296875, 0.0]","[116.00908660888672, 4.5, 0.0]",7.317320795856128,7.169562339782715,-3.820889559330176,6.797049225999739,-0.19883330597583715,0.0,0.05736028030514717,0.0,0.05736028030514717
20.915655,"[109.27806854248047, 3.291865587234497, 0.0]","[116.15299987792969, 4.5, 0.0]",7.29745999867261,7.156895637512207,-0.9930398591758927,6.792983529638845,-0.1477584560734133,0.0,0.057916659861803055,0.0,0.057916659861803055
20.93473,"[109.42420959472656, 3.2841548919677734, 0.0]","[116.29421997070312, 4.5, 0.0]",7.277563569037411,7.129676818847656,-0.9948214817599776,6.788508748325754,-0.14056436116040327,0.0,0.05944561958312988,0.0,0.05944561958312988
20.956225,"[109.56990051269531, 3.275529146194458, 0.0]","[116.4377212524414, 4.5, 0.0]",7.260444233598541,7.115458011627197,-0.8559667719434838,6.784318215488181,-0.1478867501897545,0.0,0.051563989371061325,0.0,0.051563989371061325
20.97477,"[109.71516418457031, 3.26638126373291, 0.0]","[116.58013916015625, 4.5, 0.0]",7.243079814452459,7.088064670562744,-0.8682209573041,6.7821187682542226,-0.1449862219713438,0.0,0.05267232283949852,0.0,0.05267232283949852
20.995152,"[109.86006164550781, 3.256908655166626, 0.0]","[116.72093200683594, 4.5, 0.0]",7.225566861478821,7.074239730834961,-0.8756476486818876,6.778670958733931,-0.15501514388971493,0.0,0.05336666852235794,0.0,0.05336666852235794
21.015647,"[110.00460052490234, 3.2472105026245117, 0.0]","[116.86331939697266, 4.5, 0.0]",7.207903494072737,7.0462427139282235,-0.8831683703041993,6.773500622584204,-0.15132713064386039,0.0,0.05398623272776604,0.0,0.05398623272776604
21.035384,"[110.14877319335938, 3.2373416423797607, 0.0]","[117.00340270996094, 4.5, 0.0]",7.190120889073684,7.030548095703125,-0.8891302499526521,6.769924151930747,-0.1616607801445138,0.0,0.05445099622011185,0.0,0.05445099622011185
21.057216,"[110.2925796508789, 3.2273318767547607, 0.0]","[117.14601135253906, 4.5, 0.0]",7.216804153248885,7.001117706298828,1.334163208760053,6.76414919133186,-0.1595727933705593,0.4841240495443344,0.0,0.4841240495443344,0.0
21.074828,"[110.43602752685547, 3.2171976566314697, 0.0]","[117.28296661376953, 4.5, 0.0]",7.2434664966534745,6.9859232902526855,1.3331171702294586,6.761069198457241,-0.21568644695005723,0.4836464673280716,0.0,0.4836464673280716,0.0
21.095988,"[110.57999420166016, 3.206876516342163, 0.0]","[117.42351531982422, 4.5, 0.0]",7.27022843952275,6.956821918487549,1.338097143463779,6.752561046991458,-0.257543206400789,0.4853874444961548,0.0,0.4853874444961548,0.0
21.11507,"[110.72447967529297, 3.196363925933838, 0.0]","[117.56331634521484, 4.5, 0.0]",7.297184873079288,6.940704345703125,1.347821677826877,6.7469941920716465,-0.3134065210352013,0.4889031872153282,0.0,0.4889031872153282,0.0
21.136174,"[110.86949157714844, 3.1856536865234375, 0.0]","[117.7027816772461, 4.5, 0.0]",7.324405927919382,6.910250663757325,1.3610527420047092,6.740048270455798,-0.35648052737616265,0.49364320933818817,0.0,0.49364320933818817,0.0
21.155874,"[111.01502990722656, 3.174740791320801, 0.0]","[117.83879089355469, 4.5, 0.0]",7.347699758602714,6.8937201499938965,1.1646915341666286,6.732132721403182,-0.4141552641620567,0.4224267601966858,0.0,0.4224267601966858,0.0
21.175168,"[111.16109466552734, 3.163623809814453, 0.0]","[117.97582244873047, 4.5, 0.0]",7.371378816936427,6.863683223724365,1.1839529166856266,6.720138869979445,-0.4539796086088179,0.42931195348501205,0.0,0.42931195348501205,0.0
21.194976,"[111.30760955810547, 3.152311086654663, 0.0]","[118.11323547363281, 4.5, 0.0]",7.395446023483433,6.846911907196045,1.203360327350289,6.708540308162262,-0.5076955932120617,0.4362895339727402,0.0,0.4362895339727402,0.0
21.215722,"[111.45458984375, 3.140803337097168, 0.0]","[118.25116729736328, 4.5, 0.0]",7.4198802766531085,6.81643009185791,1.2217126584837867,6.696784764748064,-0.5485341162873878,0.4427755996584892,0.0,0.4427755996584892,0.0
21.235658,"[111.60203552246094, 3.1291000843048096, 0.0]","[118.38642120361328, 4.5, 0.0]",7.444676481543992,6.7990827560424805,1.2398102445441594,6.68500090948804,-0.6034501847951983,0.4491771012544632,0.0,0.4491771012544632,0.0
21.256276,"[111.74995422363281, 3.117208242416382, 0.0]","[118.52338409423828, 4.5, 0.0]",7.487740319970096,6.768100738525391,2.153191921305231,6.670006939990263,-0.6455937255015112,0.7797495275735855,0.0,0.7797495275735855,0.0
21.275916,"[111.89836120605469, 3.1051361560821533, 0.0]","[118.65664672851562, 4.5, 0.0]",7.531023529451641,6.7511091232299805,2.164160474077237,6.656185171125448,-0.7196395814447056,0.7835450768470764,0.0,0.7835450768470764,0.0
21.295172,"[112.04761505126953, 3.092864990234375, 0.0]","[118.79251861572266, 4.5, 0.0]",7.57453888854356,6.7203192710876465,2.175767954595953,6.6381399922000695,-0.7799144062216605,0.7875979691743851,0.0,0.7875979691743851,0.0
21.314827,"[112.19771575927734, 3.0804080963134766, 0.0]","[118.92761993408203, 4.5, 0.0]",7.618359804866561,6.70289945602417,2.191045816150039,6.621821949021031,-0.8542196174559136,0.793011412024498,0.0,0.793011412024498,0.0
21.336528,"[112.34867858886719, 3.067779302597046, 0.0]","[119.0622329711914, 4.5, 0.0]",7.662496435207672,6.6720051765441895,2.206831517055541,6.6038797156264275,-0.9154603488423909,0.7986509799957275,0.0,0.7986509799957275,0.0
21.354701,"[112.5005111694336, 3.054992437362671, 0.0]","[119.19386291503906, 4.5, 0.0]",7.706953361653596,6.654979228973389,2.2228463222962347,6.584605228484778,-0.9904912586634822,0.8043725788593292,0.0,0.8043725788593292,0.0
21.374956,"[112.65321350097656, 3.042065382003784, 0.0]","[119.32595825195312, 4.5, 0.0]",7.751671559928334,6.624536991119385,2.2359099137368776,6.561523076372082,-1.0519741326802077,0.8090750873088837,0.0,0.8090750873088837,0.0
21.395357,"[112.80680084228516, 3.029022216796875, 0.0]","[119.46137237548828, 4.5, 0.0]",7.796702685806012,6.606831073760986,2.251556293883894,6.538098018314106,-1.1271345688089491,0.8148486167192459,0.0,0.8148486167192459,0.0
21.415398,"[112.9612808227539, 3.015900135040283, 0.0]","[119.59186553955078, 4.5, 0.0]",7.842030945824631,6.58012056350708,2.266413000930978,6.51719014210336,-1.1898716120450255,0.8204460889101028,0.0,0.8204460889101028,0.0
21.435,"[113.11666107177734, 3.0027294158935547, 0.0]","[119.72176361083984, 4.5, 0.0]",7.8876400487451654,6.5537614822387695,2.2804551460267053,6.4906220568937085,-1.2619103823175513,0.8258223533630371,0.0,0.8258223533630371,0.0
21.45575,"[113.27294921875, 2.9895408153533936, 0.0]","[119.85580444335938, 4.5, 0.0]",7.901071397927632,6.5366668701171875,0.6715674591233345,6.462737242489536,-1.333878566506396,0.24325784295797348,0.0,0.24325784295797348,0.0
21.474947,"[113.4301528930664, 2.97636342048645, 0.0]","[119.98355102539062, 4.5, 0.0]",7.915006575603612,6.507356643676758,0.6967588837989869,6.4382885693335705,-1.3644045278104446,0.25232577696442604,0.0,0.25232577696442604,0.0
21.495665,"[113.58763122558594, 2.963230609893799, 0.0]","[120.1138687133789, 4.5, 0.0]",7.929344383383028,6.490922451019287,0.7168903889708034,6.406900812397878,-1.407649931926854,0.25958893820643425,0.0,0.25958893820643425,0.0
21.515464,"[113.7453842163086, 2.950103282928467, 0.0]","[120.24468994140625, 4.5, 0.0]",7.944006058303641,6.461365699768066,0.7330837460306494,6.378026114394219,-1.4384219323637408,0.2654600888490677,0.0,0.2654600888490677,0.0
21.534292,"[113.90342712402344, 2.9369633197784424, 0.0]","[120.37223815917969, 4.5, 0.0]",7.9589388112174415,6.446377277374268,0.7466376456900292,6.3495507071634965,-1.4826403585355745,0.270332507789135,0.0,0.270332507789135,0.0
21.555494,"[114.06175994873047, 2.923802375793457, 0.0]","[120.50138854980469, 4.5, 0.0]",7.974086860097702,6.417784690856934,0.7574024440130334,6.317654300070566,-1.512561533843174,0.2743186056613922,0.0,0.2743186056613922,0.0
21.575566,"[114.22039031982422, 2.910616159439087, 0.0]","[120.6292495727539, 4.5, 0.0]",7.989406002831312,6.402742385864258,0.765957136680484,6.287163016435831,-1.5563021692407686,0.2776489779353142,0.0,0.2776489779353142,0.0
21.595388,"[114.37932586669922, 2.8974392414093018, 0.0]","[120.75977325439453, 4.5, 0.0]",8.004879128325316,6.373917579650879,0.7736562747001852,6.255163898043559,-1.586663616967054,0.2806444838643074,0.0,0.2806444838643074,0.0
21.61432,"[114.53857421875, 2.88432240486145, 0.0]","[120.8858871459961, 4.5, 0.0]",8.020494455070436,6.359625339508057,0.7807663372560114,6.225615714373701,-1.6309615486744367,0.28332576155662537,0.0,0.28332576155662537,0.0
21.635271,"[114.6981430053711, 2.8712892532348633, 0.0]","[121.01197052001953, 4.5, 0.0]",8.036253508433559,6.333016872406007,0.7879526681561444,6.191515519142391,-1.6608691155623792,0.2859453298151493,0.0,0.2859453298151493,0.0
21.656959,"[114.8580322265625, 2.858344793319702, 0.0]","[121.13885498046875, 4.5, 0.0]",8.039731029769841,6.319612503051758,0.17387606681413814,6.157249783412855,-1.703236636027552,0.063585564494133,0.0,0.063585564494133,0.0
21.675077,"[115.01824188232422, 2.845489501953125, 0.0]","[121.26447296142578, 4.5, 0.0]",8.043442964936443,6.293076992034912,0.1855967583300533,6.1236506236710095,-1.7201185267180836,0.06775318644940853,0.0,0.06775318644940853,0.0
21.695283,"[115.17852783203125, 2.8327410221099854, 0.0]","[121.39083862304688, 4.5, 0.0]",8.047359548886496,6.279755592346191,0.1958291975026505,6.088647691692207,-1.7503659729015304,0.07139775436371565,0.0,0.07139775436371565,0.0
21.715294,"[115.33889770507812, 2.8200933933258057, 0.0]","[121.51681518554688, 4.5, 0.0]",8.051465178993105,6.2537312507629395,0.20528150533047906,6.05447554498249,-1.767603956540304,0.0747634144499898,0.0,0.0747634144499898,0.0
21.735871,"[115.49935150146484, 2.8075475692749023, 0.0]","[121.64093780517578, 4.5, 0.0]",8.055741089372937,6.242600440979004,0.21379551899158855,6.019970923102439,-1.7977339282301656,0.07781387306749821,0.0,0.07781387306749821,0.0
21.754001,"[115.65989685058594, 2.795103073120117, 0.0]","[121.76575469970703, 4.5, 0.0]",8.057343842360169,6.218038558959961,0.08013764936158907,5.983661093234614,-1.813140648393933,0.029436936601996422,0.0,0.029436936601996422,0.0
21.774688,"[115.82054138183594, 2.7827577590942383, 0.0]","[121.88981628417969, 4.5, 0.0]",8.059118151014662,6.206916809082031,0.08871543272466198,5.948059783621238,-1.8393052834002077,0.032510918099433184,0.0,0.032510918099433184,0.0
21.797158,"[115.9812240600586, 2.7705204486846924, 0.0]","[122.01444244384766, 4.5, 0.0]",8.06105552295194,6.1857147216796875,0.09686859686386384,5.911702234831728,-1.8522013419326306,0.03553303424268961,0.0,0.03553303424268961,0.0
21.81489,"[116.14195251464844, 2.7583961486816406, 0.0]","[122.13825988769531, 4.5, 0.0]",8.063145293350777,6.168607234954834,0.10448851994189212,5.875957329200142,-1.8753408012722517,0.038357211742550135,0.0,0.038357211742550135,0.0
21.835448,"[116.30272674560547, 2.7463924884796143, 0.0]","[122.26325988769531, 4.5, 0.0]",8.06538202356494,6.152824401855469,0.11183651070814093,5.8394452876578375,-1.894538058395943,0.041102273389697075,0.0,0.041102273389697075,0.0
21.855038,"[116.46355438232422, 2.7345192432403564, 0.0]","[122.38681030273438, 4.5, 0.0]",8.065764883115847,6.137224674224854,0.019142977545349993,5.804153850076167,-1.912557621709471,0.007615376962348819,0.0,0.007615376962348819,0.0
21.875841,"[116.62443542480469, 2.722787380218506, 0.0]","[122.50662231445312, 4.5, 0.0]",8.066313859345726,6.122096538543701,0.027448811493968606,5.767457306868148,-1.9285402088909924,0.010694499360397458,0.0,0.010694499360397458,0.0
21.895597,"[116.78533172607422, 2.711210250854492, 0.0]","[122.62948608398438, 4.5, 0.0]",8.067031044607445,6.106583118438722,0.03585926308593557,5.727082659932127,-1.944217320802025,0.013662056298926473,0.0,0.013662056298926473,0.0
21.914778,"[116.94625091552734, 2.6997921466827393, 0.0]","[122.75164794921875, 4.5, 0.0]",8.067913315013124,6.091846942901611,0.044113520283950436,5.689844797123739,-1.9604479261687233,0.01653907122090459,0.0,0.01653907122090459,0.0
21.934261,"[117.1072006225586, 2.6885297298431396, 0.0]","[122.87491607666016, 4.5, 0.0]",8.068955278482902,6.078557968139648,0.05209817348887924,5.6519928878763,-1.9760663721115126,0.019342285813763738,0.0,0.019342285813763738,0.0
21.955733,"[117.26817321777344, 2.6774160861968994, 0.0]","[122.99657440185547, 4.5, 0.0]",8.06782559652013,6.0654425621032715,-0.05648409813856503,5.615313262377209,-1.990397310343253,0.0,0.0033951480872929096,0.0,0.0033951480872929096
21.97506,"[117.4291763305664, 2.666445732116699, 0.0]","[123.1173095703125, 4.5, 0.0]",8.067088846490595,6.052427291870118,-0.03683750147676079,5.577087451893413,-2.0023830344168587,0.0,0.0022075898014009,0.0,0.0022075898014009
21.994437,"[117.59017181396484, 2.6556191444396973, 0.0]","[123.23917388916016, 4.5, 0.0]",8.066727929360326,6.0392889976501465,-0.018045856513460024,5.537978191416138,-2.014661554620477,0.0,0.001069195568561554,0.0,0.001069195568561554
22.014628,"[117.75115966796875, 2.644927740097046, 0.0]","[123.35821533203125, 4.5, 0.0]",8.066724153559578,6.0271596908569345,-0.00018879003738092592,5.500057927816636,-2.0274389317101793,0.00012969215276825707,0.0,0.00012969215276825707,0.0
22.034715,"[117.91214752197266, 2.634369134902954, 0.0]","[123.47745513916016, 4.5, 0.0]",8.065208031895201,6.016560077667236,-0.07580608321884341,5.459366305209293,-2.0395644627026437,0.0,0.004632411990314722,0.0,0.004632411990314722
22.056192,"[118.0731430053711, 2.623939037322998, 0.0]","[123.60087585449219, 4.5, 0.0]",8.064060743416004,6.005588531494141,-0.0573644239598714,5.418901256806495,-2.048647954227965,0.0,0.0035025121178478003,0.0,0.0035025121178478003
22.075344,"[118.23411560058594, 2.613637924194336, 0.0]","[123.71809387207031, 4.5, 0.0]",8.063264693676581,5.995168685913086,-0.03980248697112998,5.382617820313819,-2.0584722119218632,0.0,0.002414105227217078,0.0,0.002414105227217078
22.095107,"[118.39507293701172, 2.6034650802612305, 0.0]","[123.83767700195312, 4.5, 0.0]",8.062811213380433,5.984537601470948,-0.022674014807400056,5.340181679615731,-2.0680960077634953,0.0,0.0013605722924694419,0.0,0.0013605722924694419
22.115265,"[118.55602264404297, 2.5934228897094727, 0.0]","[123.95855712890625, 4.5, 0.0]",8.062695951980603,5.974452018737793,-0.005763069991537861,5.300128544299062,-2.078273611909485,0.0,0.00031455489806830883,0.0,0.00031455489806830883
22.136905,"[118.71697235107422, 2.583512783050537, 0.0]","[124.07752990722656, 4.5, 0.0]",8.059816464085479,5.966007232666016,-0.14397439475617446,5.261389360923173,-2.0882439332428095,0.0,0.00881869811564684,0.0,0.00881869811564684
22.156011,"[118.8779296875, 2.5737357139587402, 0.0]","[124.19638061523438, 4.5, 0.0]",8.057292963488575,5.957571029663086,-0.12617502984522133,5.220758157751257,-2.0938092314194634,0.0,0.00772432703524828,0.0,0.00772432703524828
22.175261,"[119.0388412475586, 2.5640954971313477, 0.0]","[124.3150863647461, 4.5, 0.0]",8.055105408561003,5.9491448402404785,-0.10937774637858055,5.180011220347893,-2.0997219338254887,0.0,0.006691031623631716,0.0,0.006691031623631716
22.196495,"[119.19970703125, 2.5545918941497803, 0.0]","[124.4351577758789, 4.5, 0.0]",8.053245012901739,5.940621852874756,-0.09301978296321067,5.139178364660164,-2.1059605683205245,0.0,0.005688042379915714,0.0,0.005688042379915714
22.215301,"[119.36053466796875, 2.5452232360839844, 0.0]","[124.55411529541016, 4.5, 0.0]",8.051696013397207,5.932802677154542,-0.07744997522660668,5.099767098182836,-2.112623160026983,0.0,0.004735542461276054,0.0,0.004735542461276054
22.236951,"[119.52133178710938, 2.5359880924224854, 0.0]","[124.67340087890625, 4.5, 0.0]",8.048769861783676,5.9263768196105975,-0.14630758067655236,5.059295089846758,-2.1188933362426647,0.0,0.008978603407740593,0.0,0.008978603407740593
22.255728,"[119.6821060180664, 2.5268819332122803, 0.0]","[124.79075622558594, 4.5, 0.0]",8.046148664572986,5.923388957977295,-0.13105986053449925,5.019192423597616,-2.122393042173078,0.0,0.00804431363940239,0.0,0.00804431363940239
22.277478,"[119.84282684326172, 2.517899990081787, 0.0]","[124.90947723388672, 4.5, 0.0]",8.043828486287897,5.910327434539795,-0.1160089142544507,4.977189395408681,-2.1227597065956907,0.0,0.007122470531612635,0.0,0.007122470531612635
22.296354,"[120.00350189208984, 2.5090389251708984, 0.0]","[125.02999114990234, 4.5, 0.0]",8.041793145180833,5.910501956939697,-0.10176705535318575,4.936600223809557,-2.1335010517481017,0.0,0.006258734036237001,0.0,0.006258734036237001
22.315523,"[120.16413879394531, 2.500293731689453, 0.0]","[125.14861297607422, 4.5, 0.0]",8.040040287621087,5.898021697998048,-0.08764287798728176,4.897838631388825,-2.1312911882411356,0.0,0.00539762107655406,0.0,0.00539762107655406
22.336102,"[120.32474517822266, 2.4916553497314453, 0.0]","[125.26606750488281, 4.5, 0.0]",8.038562652845702,5.900104999542236,-0.07388173876927695,4.857210235671473,-2.1420185896230395,0.0,0.004562807269394398,0.0,0.004562807269394398
22.355501,"[120.48532104492188, 2.4831151962280273, 0.0]","[125.38473510742188, 4.5, 0.0]",8.035909481660248,5.888808727264404,-0.13265855927269143,4.815421946543874,-2.1384576533034654,0.0,0.008183308877050877,0.0,0.008183308877050877
22.374699,"[120.64586639404297, 2.4746625423431396, 0.0]","[125.4999008178711, 4.5, 0.0]",8.033537152130958,5.890981197357178,-0.118616476464517,4.7748403616347534,-2.1471007543958436,0.0,0.007330731488764286,0.0,0.007330731488764286
22.395429,"[120.80636596679688, 2.4662866592407227, 0.0]","[125.61772918701172, 4.5, 0.0]",8.031432666852146,5.879717826843262,-0.10522426394059536,4.730744571760973,-2.14255595477378,0.0,0.00650114705786109,0.0,0.00650114705786109
22.414913,"[120.9668197631836, 2.4579734802246094, 0.0]","[125.73542022705078, 4.5, 0.0]",8.029592357865818,5.882235527038574,-0.09201544931638495,4.689288846756876,-2.151714840008884,0.0,0.005692902021110058,0.0,0.005692902021110058
22.435555,"[121.12723541259766, 2.4497082233428955, 0.0]","[125.85527038574219, 4.5, 0.0]",8.02801511549746,5.872366905212402,-0.07886211841787727,4.647663527200335,-2.1473568308272437,0.0,0.0048813484609127045,0.0,0.0048813484609127045
22.455786,"[121.28761291503906, 2.4414796829223633, 0.0]","[125.97103881835938, 4.5, 0.0]",8.026230603132559,5.87593936920166,-0.08922561824507014,4.608139241080414,-2.155648210285058,0.0,0.005516830366104841,0.0,0.005516830366104841
22.475615,"[121.44795989990234, 2.4332761764526367, 0.0]","[126.08785247802734, 4.5, 0.0]",8.0247109340484,5.866151809692383,-0.07598345420793962,4.56447278438769,-2.150291233930899,0.0,0.004696016665548086,0.0,0.004696016665548086
22.495391,"[121.6082763671875, 2.4250900745391846, 0.0]","[126.20565032958984, 4.5, 0.0]",8.023445678882192,5.869670391082764,-0.06326275831041173,4.521765618959125,-2.1585591243560174,0.0,0.0039047880563884974,0.0,0.0039047880563884974
22.514894,"[121.76856231689453, 2.416914224624634, 0.0]","[126.3232650756836, 4.5, 0.0]",8.022438828989515,5.860206604003906,-0.050342494633870416,4.479953771795553,-2.1537752877994283,0.0,0.0031159245409071445,0.0,0.0031159245409071445
22.535156,"[121.92882537841797, 2.4087440967559814, 0.0]","[126.44197845458984, 4.5, 0.0]",8.021682542735745,5.864827632904053,-0.037814312688499996,4.437871300131644,-2.1622322249856083,0.0,0.0023341267369687557,0.0,0.0023341267369687557
22.554614,"[122.08906555175781, 2.4005789756774902, 0.0]","[126.5577621459961, 4.5, 0.0]",8.021076438363792,5.856166839599609,-0.030305218597614925,4.396795237434098,-2.156854909831692,0.0,0.0018673684680834413,0.0,0.0018673684680834413
22.574736,"[122.2492904663086, 2.3924152851104736, 0.0]","[126.67442321777344, 4.5, 0.0]",8.020725880354737,5.860823154449463,-0.017527900452751766,4.352710227112295,-2.164909598764183,0.0,0.0010764315957203507,0.0,0.0010764315957203507
22.595359,"[122.40950775146484, 2.3842508792877197, 0.0]","[126.79364013671875, 4.5, 0.0]",8.020635761036628,5.852102756500244,-0.004505965905465814,4.309418310283297,-2.1599027259052743,0.0,0.00027767851133830845,0.0,0.00027767851133830845
22.619301,"[122.56971740722656, 2.376086711883545, 0.0]","[126.91287231445312, 4.5, 0.0]",8.020703539589134,5.856965065002441,0.0033889276252807576,4.268593633798235,-2.1685330045363838,0.0012441819126252085,0.0,0.0012441819126252085,0.0
22.635238,"[122.72991943359375, 2.3679234981536865, 0.0]","[127.02549743652344, 4.5, 0.0]",8.020875293982247,5.849067687988282,0.00858771965566163,4.2277107110700065,-2.163738474586692,0.0031279996619559824,0.0,0.0031279996619559824,0.0
22.654581,"[122.89012145996094, 2.3597500324249268, 0.0]","[127.14269256591797, 4.5, 0.0]",8.020946999894294,5.854453086853027,0.0035852956023596505,4.1801695732778805,-2.1718076059939646,0.0012927636271342635,0.0,0.0012927636271342635,0.0
22.674614,"[123.05033111572266, 2.351562261581421, 0.0]","[127.25942993164062, 4.5, 0.0]",8.021130602616775,5.846510410308838,0.0091801361240762,4.137115590929849,-2.1664939130412666,0.0033221481135115027,0.0,0.0033221481135115027,0.0
22.695195,"[123.21054077148438, 2.3433680534362793, 0.0]","[127.37686157226562, 4.5, 0.0]",8.021424768508897,5.851892948150635,0.014708294606080585,4.093522475706556,-2.1746201923079376,0.005313876899890602,0.0,0.005313876899890602,0.0
22.715525,"[123.3707504272461, 2.335171937942505, 0.0]","[127.49446868896484, 4.5, 0.0]",8.021826706826817,5.844038963317871,0.020096915895972955,4.0505652701146335,-2.1695318203582623,0.007260855636559427,0.0,0.007260855636559427,0.0
22.735383,"[123.53096771240234, 2.3269762992858887, 0.0]","[127.61060333251953, 4.5, 0.0]",8.02233024724937,5.849751949310303,0.02517702112765363,4.007738313142898,-2.1777877435089454,0.009158622706308961,0.0,0.009158622706308961,0.0
22.756208,"[123.69119262695312, 2.318782091140747, 0.0]","[127.72782135009766, 4.5, 0.0]",8.022645894646246,5.845456600189209,0.015782369843808652,3.9634003261116635,-2.172578297939067,0.0057366868713870645,0.0,0.0057366868713870645,0.0
22.776251,"[123.85143280029297, 2.3105900287628174, 0.0]","[127.84507751464844, 4.5, 0.0]",8.023062277215983,5.844494342803955,0.02081912848685974,3.9201099732772517,-2.177189294457037,0.007568362052552402,0.0,0.007568362052552402,0.0
22.796884,"[124.01167297363281, 2.3024003505706787, 0.0]","[127.96186065673828, 4.5, 0.0]",8.02357794662789,5.843535900115967,0.025783470595364122,3.8768242016881147,-2.178567934412028,0.009348642197437584,0.0,0.009348642197437584,0.0
22.816626,"[124.17192840576172, 2.29421329498291, 0.0]","[128.07908630371094, 4.5, 0.0]",8.024187635037965,5.842543125152588,0.030484420503729126,3.833051128160402,-2.1800420465119235,0.011079423129558563,0.0,0.011079423129558563,0.0
22.837093,"[124.33219146728516, 2.2860286235809326, 0.0]","[128.19577026367188, 4.5, 0.0]",8.024895422123446,5.841485023498535,0.035389354274073526,3.7896942273989938,-2.181644509885377,0.012763184495270252,0.0,0.012763184495270252,0.0
22.856921,"[124.49246978759766, 2.277846097946167, 0.0]","[128.3157501220703, 4.5, 0.0]",8.025648022488976,5.840396881103516,0.03763001827650214,3.7457797161957638,-2.183410398624911,0.013620725367218256,0.0,0.013620725367218256,0.0
22.876475,"[124.65275573730469, 2.269665479660034, 0.0]","[128.42965698242188, 4.5, 0.0]",8.02646075031123,5.8393635749816895,0.04063639111269168,3.705136033524915,-2.1852511413854607,0.014735697768628597,0.0,0.014735697768628597,0.0
22.896509,"[124.81305694580078, 2.261486291885376, 0.0]","[128.54859924316406, 4.5, 0.0]",8.027365995397307,5.838284969329834,0.04526225430385722,3.658414008107048,-2.1870971753295407,0.016391739482060075,0.0,0.016391739482060075,0.0
22.918263,"[124.97338104248047, 2.253308057785034, 0.0]","[128.66749572753906, 4.5, 0.0]",8.028361718843074,5.837042331695557,0.049786172288346364,3.6167021957463916,-2.1890810260674733,0.018052884843200445,0.0,0.018052884843200445,0.0
22.935967,"[125.13372039794922, 2.2451305389404297, 0.0]","[128.77976989746094, 4.5, 0.0]",8.02944974476877,5.835561275482179,0.05440129628482282,3.5749196396862004,-2.1913193871475176,0.019706538878381252,0.0,0.019706538878381252,0.0
22.958952,"[125.29408264160156, 2.236953020095825, 0.0]","[128.89732360839844, 4.5, 0.0]",8.030626181256965,5.834010601043702,0.05882182440970496,3.526506572343894,-2.193888469286592,0.021287810523062944,0.0,0.021287810523062944,0.0
22.975136,"[125.45446014404297, 2.2287755012512207, 0.0]","[129.0136260986328, 4.5, 0.0]",8.031692323327146,5.832476615905762,0.05330710350905932,3.4833414164098855,-2.1966155802132628,0.01930834259837866,0.0,0.01930834259837866,0.0
22.997604,"[125.61486053466797, 2.220597505569458, 0.0]","[129.1306610107422, 4.5, 0.0]",8.032844811511932,5.8309326171875,0.05762440923930967,3.438910139628701,-2.1992157074213843,0.020886214915663004,0.0,0.020886214915663004,0.0
23.015876,"[125.77528381347656, 2.212419033050537, 0.0]","[129.24737548828125, 4.5, 0.0]",8.034081655910292,5.829102516174316,0.061842219917984664,3.395187793184303,-2.201912194324432,0.02238748362287879,0.0,0.02238748362287879,0.0
23.039921,"[125.93572998046875, 2.204239845275879, 0.0]","[129.36318969726562, 4.5, 0.0]",8.035399002739045,5.8266377449035645,0.06586734143763096,3.351120922053474,-2.2049791397359755,0.02388361608609557,0.0,0.02388361608609557,0.0
23.056083,"[126.09620666503906, 2.196059465408325, 0.0]","[129.48046875, 4.5, 0.0]",8.036583010984033,5.824141979217529,0.059200412249449386,3.306131734362708,-2.20876125783548,0.021407471504062414,0.0,0.021407471504062414,0.0
23.076531,"[126.25670623779297, 2.187878131866455, 0.0]","[129.59652709960938, 4.5, 0.0]",8.037850833297473,5.821672439575195,0.06339111567195133,3.2625733116484055,-2.212441031766504,0.022963283117860556,0.0,0.022963283117860556,0.0
23.096396,"[126.41722869873047, 2.179703712463379, 0.0]","[129.71267700195312, 4.5, 0.0]",8.039196047841477,5.81920051574707,0.06726072720022458,3.2177735205325932,-2.216178393722277,0.024428986944258213,0.0,0.024428986944258213,0.0
23.116478,"[126.5777816772461, 2.1715500354766846, 0.0]","[129.8299560546875, 4.5, 0.0]",8.040620918399608,5.816296100616456,0.07124352790652821,3.173053909298648,-2.2199955320944067,0.025876809377223253,0.0,0.025876809377223253,0.0
23.135117,"[126.73835754394531, 2.1634299755096436, 0.0]","[129.94580078125, 4.5, 0.0]",8.042123373073588,5.812508583068848,0.075122733699029,3.1294628013247867,-2.2243248177831516,0.02729959785938263,0.0,0.02729959785938263,0.0
23.155497,"[126.89896392822266, 2.155353307723999, 0.0]","[130.0618133544922, 4.5, 0.0]",8.043237951559387,5.8087158203125,0.05572892428995502,3.084467810423115,-2.2296147900047405,0.02035436686128378,0.0,0.02035436686128378,0.0
23.175236,"[127.05960845947266, 2.1473309993743896, 0.0]","[130.1807098388672, 4.5, 0.0]",8.044432578247445,5.80816125869751,0.05973133440289047,3.039677573937412,-2.2345221312468873,0.021775467321276665,0.0,0.021775467321276665,0.0
23.194211,"[127.22027587890625, 2.1393675804138184, 0.0]","[130.2945556640625, 4.5, 0.0]",8.045707872756035,5.7977728843688965,0.06376472542948264,2.9978137252928714,-2.2362713195499353,0.02323042368516326,0.0,0.02323042368516326,0.0
23.215196,"[127.38097381591797, 2.1314640045166016, 0.0]","[130.41331481933594, 4.5, 0.0]",8.047059562095649,5.79999303817749,0.06758446698071907,2.9509702261852992,-2.2479349883871382,0.024586692452430725,0.0,0.024586692452430725,0.0
23.235704,"[127.54169464111328, 2.1236205101013184, 0.0]","[130.5289306640625, 4.5, 0.0]",8.048480803453051,5.7878336906433105,0.07106206787010905,2.9090885427287154,-2.247066523918159,0.02585620153695345,0.0,0.02585620153695345,0.0
23.255196,"[127.70244598388672, 2.115837335586548, 0.0]","[130.6448211669922, 4.5, 0.0]",8.049486309846587,5.788993835449219,0.05027531967680687,2.8641257308700814,-2.2606471128097407,0.018349532037973404,0.0,0.018349532037973404,0.0
23.275733,"[127.86322784423828, 2.108111619949341, 0.0]","[130.76046752929688, 4.5, 0.0]",8.050567057036991,5.776833057403565,0.05403735952018707,2.8194801310493136,-2.2604924743973687,0.019641465041786432,0.0,0.019641465041786432,0.0
23.300401,"[128.02403259277344, 2.1004395484924316, 0.0]","[130.87506103515625, 4.5, 0.0]",8.051719798160173,5.778054237365723,0.05763705615908776,2.7746223495740394,-2.273733999633426,0.020921719260513783,0.0,0.020921719260513783,0.0
23.315277,"[128.1848602294922, 2.0928189754486084, 0.0]","[130.9894256591797, 4.5, 0.0]",8.052942396401967,5.765318393707275,0.06112991208970797,2.72873885670256,-2.2736655607944503,0.022184508852660656,0.0,0.022184508852660656,0.0
23.334956,"[128.34571838378906, 2.0852487087249756, 0.0]","[131.10671997070312, 4.5, 0.0]",8.054233939634294,5.7643022537231445,0.06457716161634153,2.682642194631698,-2.2876240026946917,0.02343457890674472,0.0,0.02343457890674472,0.0
23.355271,"[128.50660705566406, 2.077728033065796, 0.0]","[131.2222442626953, 4.5, 0.0]",8.055062866697503,5.750068664550781,0.04144635316043477,2.6394711261884,-2.2899316859111494,0.01505033578723669,0.0,0.01505033578723669,0.0
23.376651,"[128.66751098632812, 2.0702574253082275, 0.0]","[131.33665466308594, 4.5, 0.0]",8.055961700430823,5.749240398406982,0.04494168666600018,2.5945269459372042,-2.3049942021467213,0.01639069989323616,0.0,0.01639069989323616,0.0
23.395024,"[128.8284454345703, 2.0628411769866943, 0.0]","[131.45147705078125, 4.5, 0.0]",8.056928980187726,5.735053062438965,0.04836398784515694,2.5484765335641564,-2.30672130202384,0.017639140132814646,0.0,0.017639140132814646,0.0
23.41531,"[128.98939514160156, 2.055485248565674, 0.0]","[131.5672149658203, 4.5, 0.0]",8.057958102657219,5.733376502990723,0.051456123474658,2.5028317012455035,-2.321875917748761,0.018806206062436104,0.0,0.018806206062436104,0.0
23.436219,"[129.15037536621094, 2.0481979846954346, 0.0]","[131.67869567871094, 4.5, 0.0]",8.059048181421653,5.717146873474121,0.054503938221728276,2.458118874587722,-2.3245815996664962,0.019903231877833605,0.0,0.019903231877833605,0.0
23.455474,"[129.31137084960938, 2.0409908294677734, 0.0]","[131.79373168945312, 4.5, 0.0]",8.059194965736781,5.713944911956787,0.007339215756374529,2.409165333141274,-2.3419013079475324,0.0029262309544719756,0.0,0.0029262309544719756,0.0
23.474439,"[129.47239685058594, 2.0338644981384277, 0.0]","[131.906982421875, 4.5, 0.0]",8.059406170247579,5.697563171386719,0.010560225539890666,2.363808770223804,-2.345250053779994,0.004151871835347265,0.0,0.004151871835347265,0.0
23.499833,"[129.6334228515625, 2.0268309116363525, 0.0]","[132.02359008789062, 4.5, 0.0]",8.059679867221469,5.694226264953613,0.013684848694506258,2.3166968607144596,-2.36184299886086,0.005312654539011419,0.0,0.005312654539011419,0.0
23.513886,"[129.79446411132812, 2.019899606704712, 0.0]","[132.13560485839844, 4.5, 0.0]",8.060009944099301,5.677173614501953,0.016503843891602088,2.2730111561206217,-2.3654536022678556,0.0064174673752859235,0.0,0.0064174673752859235,0.0
23.534527,"[129.9555206298828, 2.0130767822265625, 0.0]","[132.2479705810547, 4.5, 0.0]",8.060395020760026,5.671682834625244,0.01925383303627015,2.2248061367038563,-2.382836329597348,0.007474895683117211,0.0,0.007474895683117211,0.0
23.55637,"[130.1165771484375, 2.006371021270752, 0.0]","[132.36196899414062, 4.5, 0.0]",8.05851221878212,5.652683258056641,-0.09414009889532338,2.1770266349254306,-2.388712186134782,0.0,0.0056985244154930115,0.0,0.0056985244154930115
23.574733,"[130.27764892578125, 1.9997889995574951, 0.0]","[132.47512817382812, 4.5, 0.0]",8.056789546831823,5.647107124328613,-0.08613359751485916,2.1309765586920246,-2.4058289607254792,0.0,0.00520165404304862,0.0,0.00520165404304862
23.594414,"[130.43869018554688, 1.9933394193649292, 0.0]","[132.58734130859375, 4.5, 0.0]",8.055202029828846,5.6283020973205575,-0.07937585014881066,2.0841776903312406,-2.4096824225032094,0.0,0.004774539265781641,0.0,0.004774539265781641
23.616267,"[130.59970092773438, 1.9870274066925049, 0.0]","[132.7010955810547, 4.5, 0.0]",8.053734513272795,5.621830463409424,-0.07337582780255758,2.0365702793239517,-2.426899932508289,0.0,0.004405579529702663,0.0,0.004405579529702663
23.636386,"[130.76068115234375, 1.980858564376831, 0.0]","[132.81265258789062, 4.5, 0.0]",8.052386643162851,5.600415229797363,-0.06739350549720413,1.990641926327353,-2.4319040498633715,0.0,0.004034743178635836,0.0,0.004034743178635836
23.655779,"[130.92164611816406, 1.9748371839523315, 0.0]","[132.9246826171875, 4.5, 0.0]",8.048748860594726,5.5922698974609375,-0.18188912840626514,1.9426557140973377,-2.451971413365488,0.0,0.01106929685920477,0.0,0.01106929685920477
23.675078,"[131.08258056640625, 1.9689662456512451, 0.0]","[133.035888671875, 4.5, 0.0]",8.045244654088947,5.5742340087890625,-0.17521032528895475,1.8952644302286616,-2.4564789631337884,0.0,0.01067957654595375,0.0,0.01067957654595375
23.695613,"[131.2434539794922, 1.963249921798706, 0.0]","[133.14833068847656, 4.5, 0.0]",8.041865241461018,5.5593671798706055,-0.16897063139644786,1.8471810542856923,-2.4710106452998843,0.0,0.010303966701030731,0.0,0.010303966701030731
23.715252,"[131.40426635742188, 1.9576846361160278, 0.0]","[133.25953674316406, 4.5, 0.0]",8.038590470715299,5.5438151359558105,-0.16373853728595122,1.8004899110349046,-2.4824980615904124,0.0,0.009988110512495041,0.0,0.009988110512495041
23.733909,"[131.5650177001953, 1.952269434928894, 0.0]","[133.3688507080078, 4.5, 0.0]",8.035407398539606,5.526630878448486,-0.15915360878464568,1.7527077492933567,-2.4947753347594883,0.0,0.009718097746372223,0.0,0.009718097746372223
23.755271,"[131.7257080078125, 1.946999192237854, 0.0]","[133.47987365722656, 4.5, 0.0]",8.029841852666785,5.509180068969727,-0.27827729364107157,1.7031672203621064,-2.5087765200911196,0.0,0.017049191519618034,0.0,0.017049191519618034
23.776425,"[131.88633728027344, 1.9418712854385376, 0.0]","[133.58961486816406, 4.5, 0.0]",8.02436882359844,5.491927623748779,-0.27365145341722297,1.6554519962415035,-2.520661783697058,0.0,0.01676836423575878,0.0,0.01676836423575878
23.794651,"[132.04685974121094, 1.9368855953216553, 0.0]","[133.6995086669922, 4.5, 0.0]",8.01899159269735,5.474654197692871,-0.26886154505447735,1.6065628929817877,-2.5324411998496608,0.0,0.016489550471305847,0.0,0.016489550471305847
23.816289,"[132.207275390625, 1.9320409297943115, 0.0]","[133.80975341796875, 4.5, 0.0]",8.013675794823811,5.456501483917236,-0.2657898936769598,1.5579686126620491,-2.5443373950044794,0.0,0.016302980482578278,0.0,0.016302980482578278
23.836366,"[132.36758422851562, 1.9273313283920288, 0.0]","[133.91818237304688, 4.5, 0.0]",8.008414653575862,5.436786651611328,-0.26305706239746485,1.5098594920567745,-2.557174310906575,0.0,0.0161428265273571,0.0,0.0161428265273571
23.855465,"[132.5277862548828, 1.922756314277649, 0.0]","[134.02658081054688, 4.5, 0.0]",8.000193392009953,5.4170732498168945,-0.4110630782954594,1.460058532220417,-2.571628001964534,0.0,0.025243384763598442,0.0,0.025243384763598442
23.876178,"[132.68789672851562, 1.9183133840560913, 0.0]","[134.13418579101562, 4.5, 0.0]",7.992036645331292,5.397505760192872,-0.40783733393303656,1.4103457459845108,-2.5831201421930583,0.0,0.02504655532538891,0.0,0.02504655532538891
23.897933,"[132.84783935546875, 1.9140020608901978, 0.0]","[134.2440948486328, 4.5, 0.0]",7.983927629194991,5.377520561218262,-0.4054508068150664,1.3599364119031316,-2.59453088513842,0.0,0.02490399405360222,0.0,0.02490399405360222
23.917172,"[133.00762939453125, 1.909820795059204, 0.0]","[134.3531036376953, 4.5, 0.0]",7.975855703550375,5.356872558593751,-0.40359628223076705,1.311996445555578,-2.606407067976729,0.0,0.024802513420581818,0.0,0.024802513420581818
23.934821,"[133.16725158691406, 1.9057657718658447, 0.0]","[134.45883178710938, 4.5, 0.0]",7.967810183786169,5.33516263961792,-0.40227598821034327,1.2633052961400977,-2.6189831449566245,0.0,0.024730315431952477,0.0,0.024730315431952477
23.956043,"[133.32672119140625, 1.9018281698226929, 0.0]","[134.56349182128906, 4.5, 0.0]",7.956765118610349,5.3136677742004395,-0.5522532587909801,1.2114939873617643,-2.6326475441682486,0.0,0.03395529091358185,0.0,0.03395529091358185
23.975951,"[133.4860382080078, 1.8980011940002441, 0.0]","[134.6715087890625, 4.5, 0.0]",7.9457560081290435,5.291488170623779,-0.5504555240652742,1.1587440466703305,-2.6430973444099095,0.0,0.033849384635686874,0.0,0.033849384635686874
23.997427,"[133.64512634277344, 1.8942807912826538, 0.0]","[134.77566528320312, 4.5, 0.0]",7.934762981252703,5.270099639892579,-0.5496513438170147,1.1094679942956294,-2.654267837505264,0.0,0.03379805386066437,0.0,0.03379805386066437
24.015242,"[133.8040008544922, 1.8906632661819458, 0.0]","[134.88137817382812, 4.5, 0.0]",7.923773275000183,5.247711181640625,-0.5494853126259969,1.0565193896061638,-2.664663341360124,0.0,0.03378743305802345,0.0,0.03378743305802345
24.035331,"[133.96266174316406, 1.8871454000473022, 0.0]","[134.98487854003906, 4.5, 0.0]",7.912792344603002,5.2242608070373535,-0.5490465198590755,1.005294778851067,-2.6760620933595582,0.0,0.033756695687770844,0.0,0.033756695687770844
24.058598,"[134.12109375, 1.8837285041809082, 0.0]","[135.09153747558594, 4.5, 0.0]",7.898423017506813,5.200096130371094,-0.7184663548094328,0.9520225268600544,-2.688531537565648,0.0,0.044170740991830826,0.0,0.044170740991830826
24.076629,"[134.27931213378906, 1.880411982536316, 0.0]","[135.19288635253906, 4.5, 0.0]",7.884069805363157,5.177135467529297,-0.7176606071828129,0.902091788436175,-2.6983268871357193,0.0,0.044113513082265854,0.0,0.044113513082265854
24.095571,"[134.43724060058594, 1.877199411392212, 0.0]","[135.29739379882812, 4.5, 0.0]",7.869697918469153,5.156789302825928,-0.7185943447002074,0.8470266304302493,-2.70693433783386,0.0,0.04416607320308685,0.0,0.04416607320308685
24.115909,"[134.5948944091797, 1.8740930557250977, 0.0]","[135.40264892578125, 4.5, 0.0]",7.8552960932066,5.125721454620361,-0.7200912631276424,0.795376750518285,-2.712908615643225,0.0,0.044255755841732025,0.0,0.044255755841732025
24.135688,"[134.75225830078125, 1.87109375, 0.0]","[135.5024871826172, 4.5, 0.0]",7.84085606698449,5.1081109046936035,-0.7220013111055135,0.7447230722829278,-2.7295746385862385,0.0,0.04436914622783661,0.0,0.04436914622783661
24.156736,"[134.90933227539062, 1.8682019710540771, 0.0]","[135.6060791015625, 4.5, 0.0]",7.823764087926163,5.076254367828369,-0.85459895291633,0.6889266522050356,-2.732745162290886,0.0,0.052522122859954834,0.0,0.052522122859954834
24.175129,"[135.06613159179688, 1.865417718887329, 0.0]","[135.7047576904297, 4.5, 0.0]",7.806647578380585,5.058926582336426,-0.8558254772788931,0.6371581035558083,-2.747509720097794,0.0,0.05259636417031288,0.0,0.05259636417031288
24.195107,"[135.2225799560547, 1.8627417087554932, 0.0]","[135.80682373046875, 4.5, 0.0]",7.789490886537527,5.027438640594482,-0.8578345921529174,0.5807418587696679,-2.7477209960441593,0.0,0.05271785706281662,0.0,0.05271785706281662
24.215597,"[135.37869262695312, 1.8601737022399902, 0.0]","[135.90794372558594, 4.5, 0.0]",7.77226818755868,5.009179592132568,-0.8611349489423326,0.5280555769664268,-2.7620522459430443,0.0,0.05292144790291786,0.0,0.05292144790291786
24.235896,"[135.5344696044922, 1.8577133417129517, 0.0]","[136.0085906982422, 4.5, 0.0]",7.754976694828602,4.97693395614624,-0.864574636503912,,,0.0,0.05313754081726074,0.0,0.05313754081726074
24.254939,"[135.6898956298828, 1.8553582429885864, 0.0]","[136.10595703125, 4.5, 0.0]",7.736035618633648,4.958855152130127,-0.947053809747711,,,0.0,0.058210935443639755,0.0,0.058210935443639755
24.277088,"[135.84498596191406, 1.8531032800674438, 0.0]","[136.20574951171875, 4.5, 0.0]",7.717037517299784,4.926828384399415,-0.9499050666931907,,,0.0,0.05839161202311516,0.0,0.05839161202311516
24.295928,"[135.99969482421875, 1.8509457111358643, 0.0]","[136.3035888671875, 4.5, 0.0]",7.697968990428745,4.908633232116699,-0.9534263435519552,,,0.0,0.05861189588904381,0.0,0.05861189588904381
24.315627,"[136.15402221679688, 1.848880648612976, 0.0]","[136.4024200439453, 4.5, 0.0]",7.678820306956419,4.8767218589782715,-0.9574341736162673,,,0.0,0.05885951220989227,0.0,0.05885951220989227
24.336937,"[136.30796813964844, 1.8469043970108032, 0.0]","[136.50091552734375, 4.5, 0.0]",7.659585706129723,4.857931613922119,-0.9617300413348406,,,0.0,0.05912384018301964,0.0,0.05912384018301964
24.356118,"[136.46153259277344, 1.845012903213501, 0.0]","[136.59768676757812, 4.5, 0.0]",7.694107289572121,4.8262505531311035,1.7260791721199098,,,0.625,0.0,0.625,0.0
24.376676,"[136.61471557617188, 1.8432050943374634, 0.0]","[136.6934051513672, 4.5, 0.0]",7.728628879531574,4.808181285858154,1.7260794979726768,,,0.625,0.0,0.625,0.0
24.396551,"[136.76858520507812, 1.8414651155471802, 0.0]","[136.78822326660156, 4.5, 0.0]",7.763150691391738,4.777007579803467,1.7260905930081893,,,0.625,0.0,0.625,0.0
24.415209,"[136.9231414794922, 1.8397902250289917, 0.0]","[136.8843231201172, 4.5, 0.0]",7.753063283026822,4.758930206298828,-0.5043704182458253,,,0.625,0.0,0.625,0.0
24.435719,"[137.07839965820312, 1.8381768465042114, 0.0]","[136.980224609375, 4.5, 0.0]",7.787156042573525,4.727792739868164,1.704637977335155,,,0.625,0.0,0.625,0.0
24.455357,"[137.23342895507812, 1.8347336053848267, 0.0]","[137.07286071777344, 4.5, 0.0]",7.8215231943936825,4.710817337036133,1.7183575910078908,,,0.625,0.0,0.625,0.0
24.474548,"[137.38914489746094, 1.8320130109786987, 0.0]","[137.16661071777344, 4.5, 0.0]",7.855969664659546,4.6802287101745605,1.722323513293178,,,0.625,0.0,0.625,0.0
24.493957,"[137.54556274414062, 1.829638957977295, 0.0]","[137.26031494140625, 4.5, 0.0]",7.890445752189671,4.662980556488037,1.723804376506255,,,0.625,0.0,0.625,0.0
24.521739,"[137.70266723632812, 1.8274447917938232, 0.0]","[137.3567657470703, 4.5, 0.0]",7.886408594996829,4.632010459899902,-0.20185785964210723,,,0.625,0.0,0.625,0.0
24.535378,"[137.86045837402344, 1.8253613710403442, 0.0]","[137.44577026367188, 4.5, 0.0]",7.920432313739018,4.616859436035156,1.7011859371094395,,,0.625,0.0,0.625,0.0
24.555563,"[138.0181427001953, 1.8214471340179443, 0.0]","[137.53819274902344, 4.5, 0.0]",7.954758199504934,4.587541103363037,1.7162942882958276,,,0.625,0.0,0.625,0.0
24.574543,"[138.176513671875, 1.8182765245437622, 0.0]","[137.62962341308594, 4.5, 0.0]",7.9891789363908154,4.571799278259277,1.721036844294055,,,0.625,0.0,0.625,0.0
24.597405,"[138.33558654785156, 1.815475344657898, 0.0]","[137.72413635253906, 4.5, 0.0]",8.023636599244703,4.5452985763549805,1.722883142694398,,,0.625,0.0,0.625,0.0
24.61489,"[138.49534606933594, 1.8128763437271118, 0.0]","[137.812744140625, 4.5, 0.0]",8.05811155232492,4.5207109451293945,1.7237476540108432,,,0.625,0.0,0.625,0.0
24.636771,"[138.6558074951172, 1.8104124069213867, 0.0]","[137.904541015625, 4.5, 0.0]",8.092598241863813,4.506406307220459,1.7243344769446445,,,0.625,0.0,0.625,0.0
24.653654,"[138.81695556640625, 1.8080570697784424, 0.0]","[137.99192810058594, 4.5, 0.0]",8.127094952664525,4.479775905609131,1.7248355400355742,,,0.625,0.0,0.625,0.0
24.674333,"[138.97879028320312, 1.8057984113693237, 0.0]","[138.08172607421875, 4.5, 0.0]",8.16159949501932,4.465928554534912,1.7252271177397915,,,0.625,0.0,0.625,0.0
24.694715,"[139.1413116455078, 1.8036237955093384, 0.0]","[138.17083740234375, 4.5, 0.0]",8.19611326264076,4.438904762268066,1.7256883810719437,,,0.625,0.0,0.625,0.0
24.717397,"[139.30453491210938, 1.8015162944793701, 0.0]","[138.26124572753906, 4.5, 0.0]",8.230633002663456,4.425511360168457,1.7259870011348433,,,0.625,0.0,0.625,0.0
24.736463,"[139.46844482421875, 1.7994548082351685, 0.0]","[138.34783935546875, 4.5, 0.0]",8.265157163134958,4.400897979736328,1.7262080235751043,,,0.625,0.0,0.625,0.0
24.756356,"[139.63304138183594, 1.7974125146865845, 0.0]","[138.4361572265625, 4.5, 0.0]",8.299681002658224,4.389259338378906,1.7261919761632605,,,0.625,0.0,0.625,0.0
24.776467,"[139.79832458496094, 1.795361042022705, 0.0]","[138.52301025390625, 4.5, 0.0]",8.334201026231893,4.364591598510742,1.7260011786834895,,,0.625,0.0,0.625,0.0
24.79484,"[139.9643096923828, 1.7932703495025635, 0.0]","[138.61119079589844, 4.5, 0.0]",8.368721280909137,4.352982521057129,1.72601273386217,,,0.625,0.0,0.625,0.0
24.813763,"[140.1309814453125, 1.7911171913146973, 0.0]","[138.69845581054688, 4.5, 0.0]",8.403243413878604,4.328893661499023,1.726106648473369,,,0.625,0.0,0.625,0.0
24.842504,"[140.29833984375, 1.7889169454574585, 0.0]","[138.78421020507812, 4.5, 0.0]",8.437765248430852,4.3199286460876465,1.7260917276123777,,,0.625,0.0,0.625,0.0
24.854505,"[140.4663848876953, 1.7866873741149902, 0.0]","[138.86968994140625, 4.5, 0.0]",8.472287606191983,4.297680854797363,1.7261178880565886,,,0.625,0.0,0.625,0.0
24.875108,"[140.6351318359375, 1.7844377756118774, 0.0]","[138.9564971923828, 4.5, 0.0]",8.506810238533715,4.288524150848389,1.7261316170865904,,,0.625,0.0,0.625,0.0
24.895872,"[140.8045654296875, 1.7821731567382812, 0.0]","[139.04188537597656, 4.5, 0.0]",8.541331917343221,4.2662954330444345,1.7260839404753092,,,0.625,0.0,0.625,0.0
24.915411,"[140.9746856689453, 1.7798959016799927, 0.0]","[139.12826538085938, 4.5, 0.0]",8.575854840080176,4.257923603057861,1.7261461368477171,,,0.625,0.0,0.625,0.0
24.934978,"[141.14549255371094, 1.7776074409484863, 0.0]","[139.21250915527344, 4.5, 0.0]",8.610377233946334,4.238170146942139,1.7261196933079148,,,0.625,0.0,0.625,0.0
24.955392,"[141.31700134277344, 1.7753088474273682, 0.0]","[139.29734802246094, 4.5, 0.0]",8.644901096763617,4.231656074523926,1.7261931408641296,,,0.625,0.0,0.625,0.0
24.974582,"[141.48919677734375, 1.7730008363723755, 0.0]","[139.38290405273438, 4.5, 0.0]",8.679422697087467,4.211699485778809,1.7260800161925438,,,0.625,0.0,0.625,0.0
24.996047,"[141.66207885742188, 1.7706841230392456, 0.0]","[139.4662628173828, 4.5, 0.0]",8.713944017858676,4.205413818359375,1.7260660385604254,,,0.625,0.0,0.625,0.0
25.015323,"[141.8356475830078, 1.7683591842651367, 0.0]","[139.5507354736328, 4.5, 0.0]",8.74846693009986,4.189669609069824,1.7261456120592378,,,0.625,0.0,0.625,0.0
25.035703,"[142.00991821289062, 1.7660263776779175, 0.0]","[139.635498046875, 4.5, 0.0]",8.782989655318357,4.1788330078125,1.7261362609247932,,,0.625,0.0,0.625,0.0
25.055461,"[142.18487548828125, 1.7636862993240356, 0.0]","[139.7178955078125, 4.5, 0.0]",8.817512449230328,4.168302059173584,1.726139695598583,,,0.625,0.0,0.625,0.0
25.074409,"[142.3605194091797, 1.7613391876220703, 0.0]","[139.80029296875, 4.5, 0.0]",8.852035425041047,4.1577677726745605,1.7261487905359196,,,0.625,0.0,0.625,0.0
25.095783,"[142.53684997558594, 1.758984923362732, 0.0]","[139.88356018066406, 4.5, 0.0]",8.886556694614278,4.147124767303467,1.7260634786615547,,,0.625,0.0,0.625,0.0
25.115414,"[142.71388244628906, 1.7566232681274414, 0.0]","[139.96792602539062, 4.5, 0.0]",8.921078137342235,4.137047290802002,1.7260721363978604,,,0.625,0.0,0.625,0.0
25.135169,"[142.8916015625, 1.75425386428833, 0.0]","[140.0493621826172, 4.5, 0.0]",8.955599716632422,4.128848075866699,1.7260789645093588,,,0.625,0.0,0.625,0.0
25.154917,"[143.07000732421875, 1.7518764734268188, 0.0]","[140.13232421875, 4.5, 0.0]",8.99012141107809,4.120495796203613,1.7260847222833497,,,0.625,0.0,0.625,0.0
25.17575,"[143.2490997314453, 1.7494909763336182, 0.0]","[140.21401977539062, 4.5, 0.0]",9.024643206869838,4.112271785736084,1.7260897895874372,,,0.625,0.0,0.625,0.0
25.195411,"[143.4288787841797, 1.747097134590149, 0.0]","[140.29684448242188, 4.5, 0.0]",9.059165083296561,4.103933811187744,1.7260938213361499,,,0.625,0.0,0.625,0.0
25.215774,"[143.60935974121094, 1.744694709777832, 0.0]","[140.3792266845703, 4.5, 0.0]",9.093687038714407,4.096269130706787,1.7260977708922987,,,0.625,0.0,0.625,0.0
25.234914,"[143.79052734375, 1.7422837018966675, 0.0]","[140.4604949951172, 4.5, 0.0]",9.128209068321642,4.090122222900391,1.7261014803617414,,,0.625,0.0,0.625,0.0
25.256531,"[143.97238159179688, 1.7398639917373657, 0.0]","[140.54254150390625, 4.5, 0.0]",9.16273117208741,4.08391809463501,1.7261051882884182,,,0.625,0.0,0.625,0.0
25.27516,"[144.15492248535156, 1.7374353408813477, 0.0]","[140.62496948242188, 4.5, 0.0]",9.197253333045431,4.07768440246582,1.7261080479010538,,,0.625,0.0,0.625,0.0
25.295403,"[144.33816528320312, 1.7349977493286133, 0.0]","[140.70559692382812, 4.5, 0.0]",9.231775528790491,4.071587562561035,1.7261097872530051,,,0.625,0.0,0.625,0.0
25.314754,"[144.5220947265625, 1.732551097869873, 0.0]","[140.7877197265625, 4.5, 0.0]",9.266297759814613,4.065924644470215,1.7261115512060776,,,0.625,0.0,0.625,0.0
25.335075,"[144.7067108154297, 1.730095386505127, 0.0]","[140.8684539794922, 4.5, 0.0]",9.300820030873215,4.06158971786499,1.7261135529301086,,,0.625,0.0,0.625,0.0
25.357057,"[144.8920135498047, 1.7276304960250854, 0.0]","[140.9505615234375, 4.5, 0.0]",9.335342315805784,4.057180404663086,1.7261142466284518,,,0.625,0.0,0.625,0.0
25.376256,"[145.07801818847656, 1.7251564264297485, 0.0]","[141.03114318847656, 4.5, 0.0]",9.369864603315726,4.052854061126709,1.726114375497101,,,0.625,0.0,0.625,0.0
25.394632,"[145.26470947265625, 1.7226730585098267, 0.0]","[141.11207580566406, 4.5, 0.0]",9.404386886961543,4.048507213592529,1.72611418229085,,,0.625,0.0,0.625,0.0
25.41469,"[145.45208740234375, 1.7201805114746094, 0.0]","[141.19366455078125, 4.5, 0.0]",9.438909161193159,4.044577598571777,1.7261137115808012,,,0.625,0.0,0.625,0.0
25.435903,"[145.64015197753906, 1.7176786661148071, 0.0]","[141.27432250976562, 4.5, 0.0]",9.473431429478829,4.045036315917969,1.7261134142835033,,,0.625,0.0,0.625,0.0
25.456562,"[145.82891845703125, 1.7151676416397095, 0.0]","[141.3551788330078, 4.5, 0.0]",9.507953696575429,4.035489559173584,1.7261133548299945,,,0.625,0.0,0.625,0.0
25.474819,"[146.01837158203125, 1.7126474380493164, 0.0]","[141.43533325195312, 4.5, 0.0]",9.542475962086495,4.039299964904785,1.7261132755533204,,,0.625,0.0,0.625,0.0
25.495898,"[146.20851135253906, 1.7101179361343384, 0.0]","[141.51693725585938, 4.5, 0.0]",9.576998226804845,4.029726505279541,1.7261132359174702,,,0.625,0.0,0.625,0.0
25.515649,"[146.3993377685547, 1.707579255104065, 0.0]","[141.59947204589844, 4.5, 0.0]",9.611520490135801,4.033825397491455,1.7261131665478047,,,0.625,0.0,0.625,0.0
25.534825,"[146.5908660888672, 1.705031394958496, 0.0]","[141.67953491210938, 4.5, 0.0]",9.646042751484677,4.025430679321289,1.7261130674437908,,,0.625,0.0,0.625,0.0
25.556582,"[146.7830810546875, 1.7024743556976318, 0.0]","[141.75962829589844, 4.5, 0.0]",9.68056501144609,4.030368328094482,1.7261129980706613,,,0.625,0.0,0.625,0.0
25.574644,"[146.97598266601562, 1.6999081373214722, 0.0]","[141.8392333984375, 4.5, 0.0]",9.715087269425354,4.0219831466674805,1.7261128989631835,,,0.625,0.0,0.625,0.0
25.596522,"[147.16957092285156, 1.6973326206207275, 0.0]","[141.9205322265625, 4.5, 0.0]",9.749609525620663,4.026894569396973,1.7261128097654677,,,0.625,0.0,0.625,0.0
25.615853,"[147.36386108398438, 1.6947479248046875, 0.0]","[142.0024871826172, 4.5, 0.0]",9.784131785780435,4.018742561340332,1.7261130079885945,,,0.625,0.0,0.625,0.0
25.637046,"[147.558837890625, 1.692154049873352, 0.0]","[142.08253479003906, 4.5, 0.0]",9.818654042570468,4.024533271789551,1.7261128395016812,,,0.625,0.0,0.625,0.0
25.655375,"[147.75450134277344, 1.6895509958267212, 0.0]","[142.1616973876953, 4.5, 0.0]",9.85317629737829,4.017001628875732,1.7261127403910947,,,0.625,0.0,0.625,0.0
25.674735,"[147.9508514404297, 1.686938762664795, 0.0]","[142.24166870117188, 4.5, 0.0]",9.887698550203885,4.022793292999268,1.726112641279709,,,0.625,0.0,0.625,0.0
25.696641,"[148.1479034423828, 1.6843173503875732, 0.0]","[142.3221435546875, 4.5, 0.0]",9.922220801443688,4.015246868133545,1.7261125619901563,,,0.625,0.0,0.625,0.0
25.715419,"[148.34564208984375, 1.6816867589950562, 0.0]","[142.40309143066406, 4.5, 0.0]",9.956743051494149,4.021219730377197,1.7261125025230584,,,0.625,0.0,0.625,0.0
25.734112,"[148.5440673828125, 1.6790469884872437, 0.0]","[142.4844207763672, 4.5, 0.0]",9.991265300751712,4.0142903327941895,1.7261124628781488,,,0.625,0.0,0.625,0.0
25.760256,"[148.74317932128906, 1.6763979196548462, 0.0]","[142.5667724609375, 4.5, 0.0]",10.025787550802173,4.020690441131592,1.7261125025230584,,,0.625,0.0,0.625,0.0
25.773266,"[148.9429931640625, 1.6737396717071533, 0.0]","[142.64395141601562, 4.5, 0.0]",10.060309800852632,4.013774394989014,1.7261125025229695,,,0.625,0.0,0.625,0.0
25.797009,"[149.14349365234375, 1.671072244644165, 0.0]","[142.7240447998047, 4.5, 0.0]",10.094832050903092,4.020181655883789,1.7261125025229695,,,0.625,0.0,0.625,0.0
25.815518,"[149.3446807861328, 1.6683956384658813, 0.0]","[142.80514526367188, 4.5, 0.0]",10.129354295403292,4.013408184051514,1.7261122250100236,,,0.625,0.0,0.625,0.0
25.835516,"[149.5465545654297, 1.6657098531723022, 0.0]","[142.8855438232422, 4.5, 0.0]",10.163876541687515,4.0203142166137695,1.7261123142111146,,,0.625,0.0,0.625,0.0
25.855841,"[149.74913024902344, 1.6630148887634277, 0.0]","[142.9664764404297, 4.5, 0.0]",10.198398789359304,4.013889789581299,1.7261123835894843,,,0.625,0.0,0.625,0.0
25.875526,"[149.952392578125, 1.6603107452392578, 0.0]","[143.0458984375, 4.5, 0.0]",10.232921037823985,4.0207929611206055,1.7261124232340386,,,0.625,0.0,0.625,0.0
25.895992,"[150.15634155273438, 1.6575974225997925, 0.0]","[143.1267547607422, 4.5, 0.0]",10.267443286685113,4.014368057250977,1.7261124430564045,,,0.625,0.0,0.625,0.0
25.914356,"[150.36097717285156, 1.6548749208450317, 0.0]","[143.20718383789062, 4.5, 0.0]",10.301965535546241,4.021453380584717,1.7261124430564045,,,0.625,0.0,0.625,0.0
25.934411,"[150.56631469726562, 1.6521432399749756, 0.0]","[143.287109375, 4.5, 0.0]",10.336487784803813,4.015601634979248,1.7261124628785929,,,0.625,0.0,0.625,0.0
25.956579,"[150.7723388671875, 1.649402379989624, 0.0]","[143.3678741455078, 4.5, 0.0]",10.371010034259609,4.023090839385986,1.7261124727897759,,,0.625,0.0,0.625,0.0
25.975111,"[150.9790496826172, 1.646652340888977, 0.0]","[143.44964599609375, 4.5, 0.0]",10.405532283715404,4.020590782165527,1.7261124727897759,,,0.625,0.0,0.625,0.0
25.995241,"[151.1864471435547, 1.6438931226730347, 0.0]","[143.52854919433594, 4.5, 0.0]",10.440054533369423,4.021395206451417,1.7261124827009589,,,0.625,0.0,0.625,0.0
26.01583,"[151.39454650878906, 1.6411247253417969, 0.0]","[143.6094512939453, 4.5, 0.0]",10.47457678302344,4.0224223136901855,1.72611248270087,,,0.625,0.0,0.625,0.0
26.035312,"[151.60333251953125, 1.6383471488952637, 0.0]","[143.69161987304688, 4.5, 0.0]",10.50909903287568,4.02393102645874,1.7261124926119642,,,0.625,0.0,0.625,0.0
26.054934,"[151.81280517578125, 1.635560393333435, 0.0]","[143.77235412597656, 4.5, 0.0]",10.543621282926141,4.025413990020752,1.7261125025230584,,,0.625,0.0,0.625,0.0
26.075561,"[152.02296447753906, 1.632764458656311, 0.0]","[143.851318359375, 4.5, 0.0]",10.578143532580158,4.026864528656006,1.72611248270087,,,0.625,0.0,0.625,0.0
26.095522,"[152.23382568359375, 1.6299593448638916, 0.0]","[143.93199157714844, 4.5, 0.0]",10.612665782234178,4.028346061706543,1.7261124827009589,,,0.625,0.0,0.625,0.0
26.115426,"[152.44537353515625, 1.6271450519561768, 0.0]","[144.0141143798828, 4.5, 0.0]",10.647188031888195,4.030142307281494,1.72611248270087,,,0.625,0.0,0.625,0.0
26.136922,"[152.65760803222656, 1.6243215799331665, 0.0]","[144.09397888183594, 4.5, 0.0]",10.6817102823351,4.03247594833374,1.7261125223452467,,,0.625,0.0,0.625,0.0
26.155816,"[152.8705291748047, 1.6214889287948608, 0.0]","[144.1738739013672, 4.5, 0.0]",10.716232532782005,4.034810543060303,1.7261125223452467,,,0.625,0.0,0.625,0.0
26.17555,"[153.08413696289062, 1.6186470985412598, 0.0]","[144.25453186035156, 4.5, 0.0]",10.750754783030688,4.037167549133301,1.7261125124341525,,,0.625,0.0,0.625,0.0
26.194748,"[153.29844665527344, 1.6157960891723633, 0.0]","[144.33541870117188, 4.5, 0.0]",10.785277032882927,4.0395307540893555,1.7261124926119642,,,0.625,0.0,0.625,0.0
26.215259,"[153.51344299316406, 1.6129359006881714, 0.0]","[144.4180145263672, 4.5, 0.0]",10.819799283329832,4.042301654815674,1.7261125223452467,,,0.625,0.0,0.625,0.0
26.235873,"[153.7291259765625, 1.610066533088684, 0.0]","[144.49755859375, 4.5, 0.0]",10.854321533776737,4.04569673538208,1.7261125223452467,,,0.625,0.0,0.625,0.0
26.256047,"[153.94549560546875, 1.6071879863739014, 0.0]","[144.57852172851562, 4.5, 0.0]",10.888843784223642,4.049152374267578,1.7261125223452467,,,0.625,0.0,0.625,0.0
26.275868,"[154.16256713867188, 1.6043002605438232, 0.0]","[144.65953063964844, 4.5, 0.0]",10.923366034670547,4.052610397338867,1.7261125223452467,,,0.625,0.0,0.625,0.0
26.296643,"[154.3803253173828, 1.6014033555984497, 0.0]","[144.74185180664062, 4.5, 0.0]",10.957888285117452,4.056124210357666,1.7261125223452467,,,0.625,0.0,0.625,0.0
26.31573,"[154.59877014160156, 1.5984971523284912, 0.0]","[144.82205200195312, 4.5, 0.0]",10.992410535564355,4.059964179992676,1.7261125223451579,,,0.625,0.0,0.625,0.0
26.335423,"[154.81790161132812, 1.5955817699432373, 0.0]","[144.90333557128906, 4.5, 0.0]",11.02693278581304,4.064772605895996,1.7261125124342414,,,0.625,0.0,0.625,0.0
26.354446,"[155.03773498535156, 1.592657208442688, 0.0]","[144.98509216308594, 4.5, 0.0]",11.061455035467057,4.06960916519165,1.72611248270087,,,0.625,0.0,0.625,0.0
26.374093,"[155.2582550048828, 1.5897234678268433, 0.0]","[145.06739807128906, 4.5, 0.0]",11.095977285319297,4.074478626251221,1.7261124926119642,,,0.625,0.0,0.625,0.0
26.394288,"[155.47946166992188, 1.5867805480957031, 0.0]","[145.14749145507812, 4.5, 0.0]",11.130499535766202,4.082550048828125,1.7261125223452467,,,0.625,0.0,0.625,0.0
26.413899,"[155.70135498046875, 1.5838284492492676, 0.0]","[145.22940063476562, 4.5, 0.0]",11.165021785420219,4.081181526184082,1.72611248270087,,,0.625,0.0,0.625,0.0
26.436845,"[155.9239501953125, 1.5808671712875366, 0.0]","[145.31207275390625, 4.5, 0.0]",11.199544035867124,4.0942158699035645,1.7261125223452467,,,0.625,0.0,0.625,0.0
26.456177,"[156.14723205566406, 1.5778967142105103, 0.0]","[145.3939208984375, 4.5, 0.0]",11.234066285521141,4.093855857849121,1.72611248270087,,,0.625,0.0,0.625,0.0
26.474755,"[156.37120056152344, 1.5749170780181885, 0.0]","[145.47573852539062, 4.5, 0.0]",11.268588535968046,4.106825828552246,1.7261125223452467,,,0.625,0.0,0.625,0.0
26.494671,"[156.59585571289062, 1.5719282627105713, 0.0]","[145.5572052001953, 4.5, 0.0]",11.303111451724885,4.106435775756836,1.726145787841915,,,0.625,0.0,0.625,0.0
26.515891,"[156.8212127685547, 1.5689302682876587, 0.0]","[145.6422882080078, 4.5, 0.0]",11.337633773851813,4.120206832885742,1.7261161063464314,,,0.625,0.0,0.625,0.0
26.534244,"[157.04725646972656, 1.5659250020980835, 0.0]","[145.7220458984375, 4.5, 0.0]",11.371795079552339,4.121250152587891,1.7080652850262723,,,0.625,0.0,0.625,0.0
26.554229,"[157.27398681640625, 1.5629218816757202, 0.0]","[145.80502319335938, 4.5, 0.0]",11.406293312252563,4.13593864440918,1.7249116350112281,,,0.625,0.0,0.625,0.0
26.576541,"[157.5013885498047, 1.5593417882919312, 0.0]","[145.88804626464844, 4.5, 0.0]",11.440806328325074,4.13730001449585,1.7256508036255447,,,0.625,0.0,0.625,0.0
26.594267,"[157.7294921875, 1.5559611320495605, 0.0]","[145.97021484375, 4.5, 0.0]",11.475322517636677,4.151909828186035,1.7258094655801415,,,0.625,0.0,0.625,0.0
26.615297,"[157.95828247070312, 1.5526727437973022, 0.0]","[146.0546875, 4.5, 0.0]",11.509840573204213,4.153923511505127,1.725902778376831,,,0.625,0.0,0.625,0.0
26.634983,"[158.18775939941406, 1.5494264364242554, 0.0]","[146.1376495361328, 4.5, 0.0]",11.544361261595414,4.170211315155029,1.7260344195600297,,,0.625,0.0,0.625,0.0
26.654573,"[158.41793823242188, 1.5462039709091187, 0.0]","[146.22128295898438, 4.5, 0.0]",11.578881239265817,4.173246383666992,1.7259988835201412,,,0.625,0.0,0.625,0.0
26.673954,"[158.6488037109375, 1.5429964065551758, 0.0]","[146.30429077148438, 4.5, 0.0]",11.61340189655645,4.189538478851318,1.726032864531657,,,0.625,0.0,0.625,0.0
26.694941,"[158.88035583496094, 1.5398023128509521, 0.0]","[146.38839721679688, 4.5, 0.0]",11.647924046855097,4.192626953125,1.7261075149323624,,,0.625,0.0,0.625,0.0
26.714413,"[159.1125946044922, 1.5366207361221313, 0.0]","[146.47238159179688, 4.5, 0.0]",11.682445924870265,4.209540367126465,1.7260939007583964,,,0.625,0.0,0.625,0.0
26.733496,"[159.3455352783203, 1.5334552526474, 0.0]","[146.55657958984375, 4.5, 0.0]",11.716967316355126,4.214266300201416,1.7260695742430165,,,0.625,0.0,0.625,0.0
26.754574,"[159.57916259765625, 1.5303064584732056, 0.0]","[146.6421356201172, 4.5, 0.0]",11.751488548663016,4.232510089874268,1.726061615394503,,,0.625,0.0,0.625,0.0
26.773436,"[159.8134765625, 1.5271754264831543, 0.0]","[146.72596740722656, 4.5, 0.0]",11.786010242568098,4.237187385559082,1.7260846952541264,,,0.625,0.0,0.625,0.0
26.794817,"[160.04849243164062, 1.5240625143051147, 0.0]","[146.81076049804688, 4.5, 0.0]",11.820532350043445,4.255326271057129,1.7261053737673393,,,0.625,0.0,0.625,0.0
26.814419,"[160.28419494628906, 1.5209672451019287, 0.0]","[146.896240234375, 4.5, 0.0]",11.855054685329595,4.2606706619262695,1.7261167643074948,,,0.625,0.0,0.625,0.0
26.834485,"[160.5205841064453, 1.5178892612457275, 0.0]","[146.98439025878906, 4.5, 0.0]",11.889575165652598,4.280735492706299,1.7260240161501628,,,0.625,0.0,0.625,0.0
26.85443,"[160.75765991210938, 1.5148284435272217, 0.0]","[147.0682373046875, 4.5, 0.0]",11.924095596819889,4.286814212799072,1.7260215583645433,,,0.625,0.0,0.625,0.0
26.873681,"[160.9954376220703, 1.5117850303649902, 0.0]","[147.1538848876953, 4.5, 0.0]",11.958615907091646,4.306500434875488,1.726015513587864,,,0.625,0.0,0.625,0.0
26.894986,"[161.23390197753906, 1.5087591409683228, 0.0]","[147.24114990234375, 4.5, 0.0]",11.993137971052693,4.31643009185791,1.7261031980523533,,,0.625,0.0,0.625,0.0
26.912693,"[161.47305297851562, 1.505751371383667, 0.0]","[147.32632446289062, 4.5, 0.0]",12.027659865807422,4.32975959777832,1.7260947377364388,,,0.625,0.0,0.625,0.0
26.934569,"[161.712890625, 1.5027620792388916, 0.0]","[147.41326904296875, 4.5, 0.0]",12.06218160573711,4.344201564788818,1.726086996484355,,,0.625,0.0,0.625,0.0
26.955104,"[161.95343017578125, 1.4997918605804443, 0.0]","[147.50172424316406, 4.5, 0.0]",12.096703207572222,4.358892440795898,1.7260800917556551,,,0.625,0.0,0.625,0.0
26.973549,"[162.1946563720703, 1.4968411922454834, 0.0]","[147.58753967285156, 4.5, 0.0]",12.13122558852847,4.373146057128906,1.7261190478123467,,,0.625,0.0,0.625,0.0
26.993653,"[162.4365692138672, 1.493910551071167, 0.0]","[147.67494201660156, 4.5, 0.0]",12.165747887985962,4.387662887573242,1.7261149728746261,,,0.625,0.0,0.625,0.0
27.013636,"[162.67916870117188, 1.490992546081543, 0.0]","[147.76315307617188, 4.5, 0.0]",12.200270135849264,4.402590274810791,1.7261123931651134,,,0.625,0.0,0.625,0.0
27.038424,"[162.92247009277344, 1.48808753490448, 0.0]","[147.85345458984375, 4.5, 0.0]",12.23479235291555,4.418495178222657,1.7261108533142888,,,0.625,0.0,0.625,0.0
27.05367,"[163.1664581298828, 1.4851925373077393, 0.0]","[147.94105529785156, 4.5, 0.0]",12.267068279060814,4.433923244476318,1.6137963072631933,,,0.625,0.0,0.625,0.0
27.073871,"[163.4111328125, 1.4823076725006104, 0.0]","[148.02999877929688, 4.5, 0.0]",12.301472360642151,4.449587345123291,1.7202040790668782,,,0.625,0.0,0.625,0.0
27.096455,"[163.65643310546875, 1.4779518842697144, 0.0]","[148.1178741455078, 4.5, 0.0]",12.335964100987471,4.46506404876709,1.7245870172660105,,,0.625,0.0,0.625,0.0
27.113556,"[163.90243530273438, 1.4740930795669556, 0.0]","[148.2080078125, 4.5, 0.0]",12.368821389050767,4.481075286865234,1.6428644031647899,,,0.625,0.0,0.625,0.0
27.133196,"[164.1491241455078, 1.4704452753067017, 0.0]","[148.2976837158203, 4.5, 0.0]",12.403220727401305,4.497302532196045,1.7199669175268717,,,0.625,0.0,0.625,0.0
27.153512,"[164.39645385742188, 1.4654901027679443, 0.0]","[148.38880920410156, 4.5, 0.0]",12.437711327398052,4.513792037963867,1.7245299998373653,,,0.625,0.0,0.625,0.0
27.175095,"[164.64447021484375, 1.4610085487365723, 0.0]","[148.4785614013672, 4.5, 0.0]",12.472223492847888,4.530035495758057,1.7256082724918187,,,0.625,0.0,0.625,0.0
27.193763,"[164.8931884765625, 1.4567019939422607, 0.0]","[148.56936645507812, 4.5, 0.0]",12.506742041415476,4.546468734741211,1.7259274283794035,,,0.625,0.0,0.625,0.0
27.213673,"[165.14259338378906, 1.4524409770965576, 0.0]","[148.6622772216797, 4.5, 0.0]",12.541260993319485,4.563268184661865,1.7259475952004166,,,0.625,0.0,0.625,0.0
27.233676,"[165.39268493652344, 1.4481748342514038, 0.0]","[148.75396728515625, 4.5, 0.0]",12.575780696988152,4.579822063446045,1.7259851834333872,,,0.625,0.0,0.625,0.0
27.254592,"[165.6434783935547, 1.4438896179199219, 0.0]","[148.84666442871094, 4.5, 0.0]",12.610301029839606,4.596560478210449,1.7260166425726808,,,0.625,0.0,0.625,0.0
27.27381,"[165.89495849609375, 1.439584493637085, 0.0]","[148.93780517578125, 4.5, 0.0]",12.64482126935722,4.613015174865723,1.7260119758806702,,,0.625,0.0,0.625,0.0
27.294603,"[166.14712524414062, 1.4352632761001587, 0.0]","[149.02902221679688, 4.5, 0.0]",12.679342017302073,4.629482746124268,1.7260373972426635,,,0.625,0.0,0.625,0.0
27.314839,"[166.3999786376953, 1.430930495262146, 0.0]","[149.1210479736328, 4.5, 0.0]",12.713860396724902,4.649272441864014,1.7259189711414713,,,0.625,0.0,0.625,0.0
27.331846,"[166.65353393554688, 1.4265899658203125, 0.0]","[149.2140655517578, 4.5, 0.0]",12.748379783018489,4.658885955810547,1.7259693146793431,,,0.625,0.0,0.625,0.0
27.354382,"[166.90777587890625, 1.422242283821106, 0.0]","[149.31057739257812, 4.5, 0.0]",12.782898564617216,4.682443141937256,1.7259390799363672,,,0.625,0.0,0.625,0.0
27.372508,"[167.16270446777344, 1.4178862571716309, 0.0]","[149.4019317626953, 4.5, 0.0]",12.81741770795035,4.691765308380128,1.7259571666566664,,,0.625,0.0,0.625,0.0
27.394407,"[167.41831970214844, 1.4135292768478394, 0.0]","[149.49705505371094, 4.5, 0.0]",12.851937450293464,4.715080261230469,1.725987117155725,,,0.625,0.0,0.625,0.0
27.414802,"[167.6746368408203, 1.4091687202453613, 0.0]","[149.5908660888672, 4.5, 0.0]",12.886457007185188,4.724520683288574,1.7259778445861684,,,0.625,0.0,0.625,0.0
27.433323,"[167.931640625, 1.4048038721084595, 0.0]","[149.6852569580078, 4.5, 0.0]",12.920977895596103,4.746735572814941,1.7260444205457581,,,0.625,0.0,0.625,0.0
27.455367,"[168.1893310546875, 1.400434970855713, 0.0]","[149.7805938720703, 4.5, 0.0]",12.955498029561795,4.75577449798584,1.7260066982846212,,,0.625,0.0,0.625,0.0
27.473019,"[168.4477081298828, 1.3960627317428589, 0.0]","[149.8756866455078, 4.5, 0.0]",12.988824202714769,4.778106212615967,1.666308657648674,,,0.625,0.0,0.625,0.0
27.493721,"[168.706787109375, 1.3916881084442139, 0.0]","[149.9712677001953, 4.5, 0.0]",13.023283117213097,4.787184715270996,1.7229457249164248,,,0.625,0.0,0.625,0.0
27.513979,"[168.9665069580078, 1.3861985206604004, 0.0]","[150.06703186035156, 4.5, 0.0]",13.05778923753896,4.809207916259766,1.725306016293171,,,0.625,0.0,0.625,0.0
27.532994,"[169.2269287109375, 1.381069302558899, 0.0]","[150.1632843017578, 4.5, 0.0]",13.09230680659954,4.8170552253723145,1.7258784530289617,,,0.625,0.0,0.625,0.0
27.553536,"[169.488037109375, 1.3760865926742554, 0.0]","[150.26197814941406, 4.5, 0.0]",13.126826372534225,4.8386030197143555,1.7259782967342652,,,0.625,0.0,0.625,0.0
27.573603,"[169.7498321533203, 1.3711493015289307, 0.0]","[150.35716247558594, 4.5, 0.0]",13.161345542364964,4.8462910652160645,1.7259584915369608,,,0.625,0.0,0.625,0.0
27.593909,"[170.0123291015625, 1.3662172555923462, 0.0]","[150.45411682128906, 4.5, 0.0]",13.195864590533274,4.867575645446777,1.7259524084154876,,,0.625,0.0,0.625,0.0
27.61349,"[170.2755126953125, 1.3612767457962036, 0.0]","[150.55160522460938, 4.5, 0.0]",13.230383922196578,4.8751139640808105,1.7259665831652171,,,0.625,0.0,0.625,0.0
27.633283,"[170.5393829345703, 1.3563278913497925, 0.0]","[150.6509246826172, 4.5, 0.0]",13.264903963030916,4.895127773284912,1.7260020417168676,,,0.625,0.0,0.625,0.0
27.65395,"[170.80393981933594, 1.3513743877410889, 0.0]","[150.74899291992188, 4.5, 0.0]",13.299425615462836,4.901641368865967,1.7260826215959924,,,0.625,0.0,0.625,0.0
27.673977,"[171.06919860839844, 1.3464237451553345, 0.0]","[150.84689331054688, 4.5, 0.0]",13.333946345068965,4.921466827392578,1.7260364803064476,,,0.625,0.0,0.625,0.0
27.693925,"[171.33514404296875, 1.341484546661377, 0.0]","[150.94578552246094, 4.5, 0.0]",13.368465538279587,4.928090572357179,1.7259596605311067,,,0.625,0.0,0.625,0.0
27.714178,"[171.60177612304688, 1.3365620374679565, 0.0]","[151.0437774658203, 4.5, 0.0]",13.402986741293544,4.947362899780273,1.7260601506978723,,,0.625,0.0,0.625,0.0
27.734193,"[171.8690948486328, 1.3316601514816284, 0.0]","[151.1444549560547, 4.5, 0.0]",13.43750814576569,4.952418804168701,1.7260702236073122,,,0.625,0.0,0.625,0.0
27.753648,"[172.13711547851562, 1.3267790079116821, 0.0]","[151.24403381347656, 4.5, 0.0]",13.472027760983563,4.97067928314209,1.7259807608936306,,,0.625,0.0,0.625,0.0
27.773156,"[172.40582275390625, 1.3219164609909058, 0.0]","[151.3407745361328, 4.5, 0.0]",13.506546193877671,4.975276947021485,1.7259216447054193,,,0.625,0.0,0.625,0.0
27.794667,"[172.6752166748047, 1.3170746564865112, 0.0]","[151.4427032470703, 4.5, 0.0]",13.541066419827537,4.99381160736084,1.7260112974932795,,,0.625,0.0,0.625,0.0
27.815462,"[172.94529724121094, 1.3122531175613403, 0.0]","[151.54275512695312, 4.5, 0.0]",13.575586169641634,5.001526832580566,1.7259874907048278,,,0.625,0.0,0.625,0.0
27.833947,"[173.21607971191406, 1.3074520826339722, 0.0]","[151.6429901123047, 4.5, 0.0]",13.61010720936081,5.011377334594727,1.7260519859588541,,,0.625,0.0,0.625,0.0
27.854023,"[173.487548828125, 1.3026725053787231, 0.0]","[151.74221801757812, 4.5, 0.0]",13.644627600085228,5.021129608154297,1.7260195362208464,,,0.625,0.0,0.625,0.0
27.874134,"[173.75970458984375, 1.2979151010513306, 0.0]","[151.8421630859375, 4.5, 0.0]",13.679147389226245,5.030953407287598,1.7259894570508472,,,0.625,0.0,0.625,0.0
27.893547,"[174.03256225585938, 1.29318106174469, 0.0]","[151.94239807128906, 4.5, 0.0]",13.713667857054203,5.040805339813232,1.7260233913979128,,,0.625,0.0,0.625,0.0
27.91374,"[174.3061065673828, 1.2884712219238281, 0.0]","[152.0435791015625, 4.5, 0.0]",13.748186733780747,5.050195693969727,1.725943836327204,,,0.625,0.0,0.625,0.0
27.932642,"[174.58033752441406, 1.2837896347045898, 0.0]","[152.1441650390625, 4.5, 0.0]",13.782705550623602,5.058308124542236,1.725940842142748,,,0.625,0.0,0.625,0.0
27.954803,"[174.85525512695312, 1.2791361808776855, 0.0]","[152.24644470214844, 4.5, 0.0]",13.817224228737203,5.066556930541992,1.725933905680055,,,0.625,0.0,0.625,0.0
27.973747,"[175.13087463378906, 1.2745113372802734, 0.0]","[152.3497314453125, 4.5, 0.0]",13.851742759651422,5.074886322021484,1.7259265457109763,,,0.625,0.0,0.625,0.0
27.994546,"[175.4071807861328, 1.2699155807495117, 0.0]","[152.44900512695312, 4.5, 0.0]",13.886261187673915,5.082891941070557,1.7259214011246193,,,0.625,0.0,0.625,0.0
28.014172,"[175.68417358398438, 1.2653495073318481, 0.0]","[152.55081176757812, 4.5, 0.0]",13.92078100991732,5.090592384338379,1.7259911121702665,,,0.625,0.0,0.625,0.0
28.034096,"[175.9618682861328, 1.2608134746551514, 0.0]","[152.6571502685547, 4.5, 0.0]",13.955300598511693,5.097440719604492,1.7259794297186382,,,0.625,0.0,0.625,0.0
28.054281,"[176.24024963378906, 1.256311058998108, 0.0]","[152.75714111328125, 4.5, 0.0]",13.98981822971676,5.103881359100342,1.725881560253395,,,0.625,0.0,0.625,0.0
28.074276,"[176.51931762695312, 1.2518476247787476, 0.0]","[152.8575897216797, 4.5, 0.0]",14.024338935233045,5.110349655151367,1.7260352758142083,,,0.625,0.0,0.625,0.0
28.094702,"[176.799072265625, 1.247421383857727, 0.0]","[152.96029663085938, 4.5, 0.0]",14.058859718127932,5.116965293884277,1.7260391447443624,,,0.625,0.0,0.625,0.0
28.114007,"[177.07952880859375, 1.243035078048706, 0.0]","[153.0619659423828, 4.5, 0.0]",14.09337894929933,5.123055934906006,1.7259615585698995,,,0.625,0.0,0.625,0.0
28.133206,"[177.3606719970703, 1.2386879920959473, 0.0]","[153.16407775878906, 4.5, 0.0]",14.127898269354322,5.128163814544678,1.7259660027495904,,,0.625,0.0,0.625,0.0
28.154265,"[177.6425018310547, 1.2343802452087402, 0.0]","[153.26739501953125, 4.5, 0.0]",14.162417591831915,5.133332252502441,1.7259661238796298,,,0.625,0.0,0.625,0.0
28.173777,"[177.92503356933594, 1.2301123142242432, 0.0]","[153.36956787109375, 4.5, 0.0]",14.196936652459579,5.138442516326904,1.7259530313832094,,,0.625,0.0,0.625,0.0
28.202325,"[178.208251953125, 1.2258846759796143, 0.0]","[153.47303771972656, 4.5, 0.0]",14.231455147636503,5.143619060516357,1.7259247588461868,,,0.625,0.0,0.625,0.0
28.213094,"[178.49215698242188, 1.2217010259628296, 0.0]","[153.57559204101562, 4.5, 0.0]",14.265973842035852,5.148374080657959,1.725934719967448,,,0.625,0.0,0.625,0.0
28.233061,"[178.77674865722656, 1.2175641059875488, 0.0]","[153.6781768798828, 4.5, 0.0]",14.300493077335464,5.155623912811279,1.7259617649806103,,,0.625,0.0,0.625,0.0
28.253368,"[179.06204223632812, 1.2134730815887451, 0.0]","[153.78155517578125, 4.5, 0.0]",14.33501452729073,5.152904033660889,1.7260724977632869,,,0.625,0.0,0.625,0.0
28.27258,"[179.3480224609375, 1.2094279527664185, 0.0]","[153.8854522705078, 4.5, 0.0]",14.36953620315466,5.163536548614502,1.7260837931964979,,,0.625,0.0,0.625,0.0
28.295996,"[179.6346893310547, 1.2054290771484375, 0.0]","[153.99063110351562, 4.5, 0.0]",14.404058074388523,5.160885810852051,1.726093561693176,,,0.625,0.0,0.625,0.0
28.313339,"[179.92205810546875, 1.2014769315719604, 0.0]","[154.09193420410156, 4.5, 0.0]",14.438580160984317,5.171131134033203,1.7261043297897238,,,0.625,0.0,0.625,0.0
28.332914,"[180.21011352539062, 1.1975719928741455, 0.0]","[154.195068359375, 4.5, 0.0]",14.473102533046141,5.167472839355469,1.726118603091198,,,0.625,0.0,0.625,0.0
28.352838,"[180.4988555908203, 1.1937148571014404, 0.0]","[154.2998504638672, 4.5, 0.0]",14.507623275018624,5.177195072174072,1.7260370986241114,,,0.625,0.0,0.625,0.0
28.372292,"[180.78829956054688, 1.1899058818817139, 0.0]","[154.40200805664062, 4.5, 0.0]",14.542144301590014,5.173508167266847,1.7260513285695112,,,0.625,0.0,0.625,0.0
28.393029,"[181.07843017578125, 1.186145544052124, 0.0]","[154.5054168701172, 4.5, 0.0]",14.576663716937698,5.183189868927002,1.7259707673842328,,,0.625,0.0,0.625,0.0
28.414106,"[181.36924743652344, 1.1824342012405396, 0.0]","[154.6099395751953, 4.5, 0.0]",14.611183422934124,5.179358959197998,1.7259852998212644,,,0.625,0.0,0.625,0.0
28.432739,"[181.66075134277344, 1.1787724494934082, 0.0]","[154.71353149414062, 4.5, 0.0]",14.64570343225623,5.18835973739624,1.7260004661053152,,,0.625,0.0,0.625,0.0
28.453651,"[181.9529571533203, 1.1751606464385986, 0.0]","[154.8184356689453, 4.5, 0.0]",14.680223760269838,5.184057712554932,1.7260164006803969,,,0.625,0.0,0.625,0.0
28.472371,"[182.245849609375, 1.171599268913269, 0.0]","[154.92086791992188, 4.5, 0.0]",14.714744425837432,5.193032741546631,1.7260332783797239,,,0.625,0.0,0.625,0.0
28.49385,"[182.5394287109375, 1.1680887937545776, 0.0]","[155.02613830566406, 4.5, 0.0]",14.749263529302983,5.188739299774171,1.7259551732775158,,,0.625,0.0,0.625,0.0
28.513511,"[182.83370971679688, 1.1646296977996826, 0.0]","[155.12905883789062, 4.5, 0.0]",14.78378299063915,5.197575092315674,1.7259730668083506,,,0.625,0.0,0.625,0.0
28.532444,"[183.12867736816406, 1.1612223386764526, 0.0]","[155.23448181152344, 4.5, 0.0]",14.818302818545058,5.192793846130371,1.7259913952954342,,,0.625,0.0,0.625,0.0
28.553477,"[183.42433166503906, 1.1578673124313354, 0.0]","[155.3369598388672, 4.5, 0.0]",14.852823013280648,5.201292037963867,1.726009736779499,,,0.625,0.0,0.625,0.0
28.57228,"[183.72067260742188, 1.1545648574829102, 0.0]","[155.4406280517578, 4.5, 0.0]",14.887343586654136,5.196479320526124,1.7260286686743953,,,0.625,0.0,0.625,0.0
28.592441,"[184.01771545410156, 1.1513155698776245, 0.0]","[155.54649353027344, 4.5, 0.0]",14.92186455925813,5.205038547515869,1.7260486301997169,,,0.625,0.0,0.625,0.0
28.612787,"[184.31544494628906, 1.1481198072433472, 0.0]","[155.65097045898438, 4.5, 0.0]",14.956384028045502,5.200134754180908,1.7259734393685555,,,0.625,0.0,0.625,0.0
28.632735,"[184.61386108398438, 1.1449780464172363, 0.0]","[155.7533416748047, 4.5, 0.0]",14.99090200059834,5.208313941955566,1.7258986276418753,,,0.625,0.0,0.625,0.0
28.653403,"[184.91297912597656, 1.1418907642364502, 0.0]","[155.85752868652344, 4.5, 0.0]",15.025420392036837,5.203187942504883,1.7259195719248943,,,0.625,0.0,0.625,0.0
28.67307,"[185.21278381347656, 1.1388583183288574, 0.0]","[155.96131896972656, 4.5, 0.0]",15.059939201256123,5.211387634277344,1.7259404609642814,,,0.625,0.0,0.625,0.0
28.692514,"[185.51327514648438, 1.1358811855316162, 0.0]","[156.06568908691406, 4.5, 0.0]",15.094458447857104,5.206264019012451,1.7259623300490468,,,0.625,0.0,0.625,0.0
28.717007,"[185.814453125, 1.1329598426818848, 0.0]","[156.17123413085938, 4.5, 0.0]",15.128978142310565,5.21436882019043,1.7259847226730685,,,0.625,0.0,0.625,0.0
28.732076,"[186.1163330078125, 1.1300946474075317, 0.0]","[156.27371215820312, 4.5, 0.0]",15.163496883184958,5.208841800689697,1.7259370437196608,,,0.625,0.0,0.625,0.0
28.755096,"[186.4188995361328, 1.1272860765457153, 0.0]","[156.3797149658203, 4.5, 0.0]",15.198016599296913,5.216686725616455,1.7259858055977517,,,0.625,0.0,0.625,0.0
28.772305,"[186.72215270996094, 1.124537706375122, 0.0]","[156.48304748535156, 4.5, 0.0]",15.232535557517501,5.214502334594728,1.7259479110293796,,,0.625,0.0,0.625,0.0
28.792772,"[187.02610778808594, 1.1218490600585938, 0.0]","[156.5874786376953, 4.5, 0.0]",15.26705238071864,5.212330341339111,1.7258411600569623,,,0.625,0.0,0.625,0.0
28.812487,"[187.33074951171875, 1.1192234754562378, 0.0]","[156.6918182373047, 4.5, 0.0]",15.301569680514241,5.220015048980713,1.725864989780046,,,0.625,0.0,0.625,0.0
28.832267,"[187.63607788085938, 1.1166633367538452, 0.0]","[156.79598999023438, 4.5, 0.0]",15.336086172952177,5.2140469551086435,1.7258246218967876,,,0.625,0.0,0.625,0.0
28.853767,"[187.9420928955078, 1.114174246788025, 0.0]","[156.90188598632812, 4.5, 0.0]",15.370601585000676,5.221423149108887,1.7257706024249586,,,0.625,0.0,0.625,0.0
28.873044,"[188.24880981445312, 1.1117606163024902, 0.0]","[157.00469970703125, 4.5, 0.0]",15.405115914404423,5.2154459953308105,1.7257164701873329,,,0.625,0.0,0.625,0.0
28.89455,"[188.55621337890625, 1.1094331741333008, 0.0]","[157.11195373535156, 4.5, 0.0]",15.439629729587098,5.2228312492370605,1.72569075913378,,,0.625,0.0,0.625,0.0
28.912625,"[188.8643035888672, 1.107198715209961, 0.0]","[157.21420288085938, 4.5, 0.0]",15.47414289261746,5.2166337966918945,1.7256581515180613,,,0.625,0.0,0.625,0.0
28.932037,"[189.173095703125, 1.1050575971603394, 0.0]","[157.3198699951172, 4.5, 0.0]",15.508656935930206,5.223299980163574,1.725702165637344,,,0.625,0.0,0.625,0.0
28.954934,"[189.48257446289062, 1.1030107736587524, 0.0]","[157.42579650878906, 4.5, 0.0]",15.543169767301329,5.2166337966918945,1.7256415685561244,,,0.625,0.0,0.625,0.0
28.972315,"[189.79273986816406, 1.1010605096817017, 0.0]","[157.5270538330078, 4.5, 0.0]",15.577683814378451,5.223299980163574,1.7257023538561178,,,0.625,0.0,0.625,0.0
28.995269,"[190.1035919189453, 1.0992131233215332, 0.0]","[157.63125610351562, 4.5, 0.0]",15.612196416266258,5.2166337966918945,1.725630094390329,,,0.625,0.0,0.625,0.0
29.016449,"[190.41514587402344, 1.0974743366241455, 0.0]","[157.7373504638672, 4.5, 0.0]",15.646708912642515,5.2229766845703125,1.7256248188128431,,,0.625,0.0,0.625,0.0
29.033324,"[190.72738647460938, 1.0958428382873535, 0.0]","[157.84066772460938, 4.5, 0.0]",15.681223068688002,5.215301036834717,1.7257078022743677,,,0.625,0.0,0.625,0.0
29.054118,"[191.04031372070312, 1.0943193435668945, 0.0]","[157.94564819335938, 4.5, 0.0]",15.715736995353948,5.220941543579102,1.7256963332973108,,,0.625,0.0,0.625,0.0
29.072749,"[191.3539276123047, 1.0929051637649536, 0.0]","[158.05172729492188, 4.5, 0.0]",15.750249995353721,5.2132391929626465,1.7256499999886543,,,0.625,0.0,0.625,0.0
29.093993,"[191.66824340820312, 1.0916019678115845, 0.0]","[158.15582275390625, 4.5, 0.0]",15.784764778972438,5.218888759613037,1.7257391809358147,,,0.625,0.0,0.625,0.0
29.113171,"[191.98324584960938, 1.090415596961975, 0.0]","[158.26055908203125, 4.5, 0.0]",15.819277089812529,5.210771560668945,1.7256155420045438,,,0.625,0.0,0.625,0.0
29.133111,"[192.29893493652344, 1.0893486738204956, 0.0]","[158.3620147705078, 4.5, 0.0]",15.853790273783144,5.215179920196533,1.72565919853076,,,0.625,0.0,0.625,0.0
29.153566,"[192.61532592773438, 1.08840811252594, 0.0]","[158.4665069580078, 4.5, 0.0]",15.88830142024464,5.209521770477295,1.7255573230747778,,,0.625,0.0,0.625,0.0
29.173377,"[192.93240356445312, 1.087592601776123, 0.0]","[158.57199096679688, 4.5, 0.0]",15.92281077585238,5.207174301147462,1.7254677803870244,,,0.625,0.0,0.625,0.0
29.192896,"[193.2501678466797, 1.0869090557098389, 0.0]","[158.67543029785156, 4.5, 0.0]",15.957317872878003,5.204872131347656,1.7253548512811356,,,0.625,0.0,0.625,0.0
29.212617,"[193.56861877441406, 1.0863665342330933, 0.0]","[158.78147888183594, 4.5, 0.0]",15.991821205181324,5.201961517333984,1.725166615166085,,,0.625,0.0,0.625,0.0
29.234202,"[193.8877716064453, 1.0859757661819458, 0.0]","[158.88336181640625, 4.5, 0.0]",16.02632530506541,5.198040008544922,1.7252049942042547,,,0.625,0.0,0.625,0.0
29.254381,"[194.20761108398438, 1.0857572555541992, 0.0]","[158.9879608154297, 4.5, 0.0]",16.060823771877853,5.194015026092529,1.7249233406221975,,,0.625,0.0,0.625,0.0
29.272132,"[194.52813720703125, 1.0857254266738892, 0.0]","[159.09083557128906, 4.5, 0.0]",16.09532178934783,5.1900553703308105,1.7249008734989246,,,0.625,0.0,0.625,0.0
29.293157,"[194.84934997558594, 1.08589506149292, 0.0]","[159.1953125, 4.5, 0.0]",16.129813529462094,5.186034679412842,1.7245870057131185,,,0.625,0.0,0.625,0.0
29.31253,"[195.17124938964844, 1.086281180381775, 0.0]","[159.29904174804688, 4.5, 0.0]",16.125538123370863,5.18143892288208,-0.21377030456157797,,,0.625,0.0,0.625,0.0
29.332034,"[195.4938507080078, 1.0869022607803345, 0.0]","[159.4019012451172, 4.5, 0.0]",16.119553518204505,5.175532817840576,-0.2992302583178841,,,0.625,0.0,0.625,0.0
29.353723,"[195.8163604736328, 1.0857481956481934, 0.0]","[159.50584411621094, 4.5, 0.0]",16.153260418879608,5.169562816619873,1.6853450337551479,,,0.625,0.0,0.625,0.0
29.373536,"[196.13873291015625, 1.0829493999481201, 0.0]","[159.60910034179688, 4.5, 0.0]",16.187430463932703,5.163633823394775,1.7085022526547533,,,0.625,0.0,0.625,0.0
29.392789,"[196.4617919921875, 1.0814883708953857, 0.0]","[159.71273803710938, 4.5, 0.0]",16.221751246465672,5.157681941986084,1.716039126648461,,,0.625,0.0,0.625,0.0
29.414508,"[196.78553771972656, 1.0806940793991089, 0.0]","[159.81678771972656, 4.5, 0.0]",16.256130667306156,5.151000499725342,1.7189710420241866,,,0.625,0.0,0.625,0.0
29.433241,"[197.10997009277344, 1.0802626609802246, 0.0]","[159.9181671142578, 4.5, 0.0]",16.29053150110481,5.142967224121094,1.7200416899326498,,,0.625,0.0,0.625,0.0
29.453613,"[197.43508911132812, 1.080087661743164, 0.0]","[160.0222930908203, 4.5, 0.0]",16.324944433480177,5.134716510772705,1.7206466187683844,,,0.625,0.0,0.625,0.0
29.472402,"[197.76089477539062, 1.080154538154602, 0.0]","[160.1239776611328, 4.5, 0.0]",16.35935871923197,5.126659870147706,1.7207142875896864,,,0.625,0.0,0.625,0.0
29.493026,"[198.08738708496094, 1.0804880857467651, 0.0]","[160.2267608642578, 4.5, 0.0]",16.39377258210333,5.1185150146484375,1.7206931435680417,,,0.625,0.0,0.625,0.0
29.51448,"[198.41456604003906, 1.0811291933059692, 0.0]","[160.32945251464844, 4.5, 0.0]",16.42818688841788,5.109609603881836,1.720715315727439,,,0.625,0.0,0.625,0.0
29.532372,"[198.74244689941406, 1.0821199417114258, 0.0]","[160.4322509765625, 4.5, 0.0]",16.462600227612178,5.098945140838623,1.7206669597149116,,,0.625,0.0,0.625,0.0
29.552853,"[199.07101440429688, 1.0834933519363403, 0.0]","[160.53326416015625, 4.5, 0.0]",16.497016127566468,5.088466644287109,1.720794997714492,,,0.625,0.0,0.625,0.0
29.572346,"[199.4002685546875, 1.0852776765823364, 0.0]","[160.63458251953125, 4.5, 0.0]",16.531425605565346,5.081289291381836,1.7204738999438973,,,0.625,0.0,0.625,0.0
29.593024,"[199.73019409179688, 1.0874965190887451, 0.0]","[160.73655700683594, 4.5, 0.0]",16.56582620086025,5.064045429229736,1.7200297647452345,,,0.625,0.0,0.625,0.0
29.612885,"[200.06080627441406, 1.0901780128479004, 0.0]","[160.83798217773438, 4.5, 0.0]",16.600214520290766,5.0593695640563965,1.719415971525784,,,0.625,0.0,0.625,0.0
29.63329,"[200.39210510253906, 1.093353271484375, 0.0]","[160.938720703125, 4.5, 0.0]",16.6345946137242,5.039588451385498,1.7190046716716978,,,0.625,0.0,0.625,0.0
29.653738,"[200.72409057617188, 1.0970525741577148, 0.0]","[161.03933715820312, 4.5, 0.0]",16.66897293418189,5.033153533935547,1.7189160228845424,,,0.625,0.0,0.625,0.0
29.672805,"[201.0567626953125, 1.1012986898422241, 0.0]","[161.13999938964844, 4.5, 0.0]",16.703343274228036,5.013380527496339,1.7185170023072516,,,0.625,0.0,0.625,0.0
29.694108,"[201.39010620117188, 1.1061081886291504, 0.0]","[161.24256896972656, 4.5, 0.0]",16.737708367335753,5.006691932678223,1.7182546553858202,,,0.625,0.0,0.625,0.0
29.715654,"[201.72413635253906, 1.1114970445632935, 0.0]","[161.34133911132812, 4.5, 0.0]",16.772065167749428,4.9862823486328125,1.7178400206837807,,,0.625,0.0,0.625,0.0
29.732121,"[202.058837890625, 1.1174863576889038, 0.0]","[161.43975830078125, 4.5, 0.0]",16.806410619034327,4.977346420288086,1.7172725642449649,,,0.625,0.0,0.625,0.0
29.754263,"[202.3942108154297, 1.1240984201431274, 0.0]","[161.5411376953125, 4.5, 0.0]",16.840747729453096,4.954611778259277,1.7168555209384095,,,0.625,0.0,0.625,0.0
29.773086,"[202.73025512695312, 1.1313546895980835, 0.0]","[161.63876342773438, 4.5, 0.0]",16.87508145467672,4.945801734924316,1.716686261181266,,,0.625,0.0,0.625,0.0
29.792886,"[203.0669708251953, 1.1392756700515747, 0.0]","[161.7366943359375, 4.5, 0.0]",16.909411301779915,4.9236135482788095,1.7164923551597155,,,0.625,0.0,0.625,0.0
29.812601,"[203.40435791015625, 1.1478785276412964, 0.0]","[161.83688354492188, 4.5, 0.0]",16.943730175110666,4.9135050773620605,1.7159436665375338,,,0.625,0.0,0.625,0.0
29.833111,"[203.74241638183594, 1.1571781635284424, 0.0]","[161.9331512451172, 4.5, 0.0]",16.978039690254526,4.888804912567139,1.715475757193019,,,0.625,0.0,0.625,0.0
29.853617,"[204.08114624023438, 1.1671946048736572, 0.0]","[162.03140258789062, 4.5, 0.0]",17.012338596129247,4.877066612243652,1.7149452937360365,,,0.625,0.0,0.625,0.0
29.873315,"[204.4205322265625, 1.177947759628296, 0.0]","[162.1302032470703, 4.5, 0.0]",17.04663734518799,4.8518900871276855,1.714937452937093,,,0.625,0.0,0.625,0.0
29.894113,"[204.76058959960938, 1.1894612312316895, 0.0]","[162.22779846191406, 4.5, 0.0]",17.080942689262645,4.840272903442383,1.7152672037328287,,,0.625,0.0,0.625,0.0
29.914578,"[205.10130310058594, 1.2017465829849243, 0.0]","[162.32266235351562, 4.5, 0.0]",17.11525078860116,4.815011978149414,1.7154049669256821,,,0.625,0.0,0.625,0.0
29.934199,"[205.4426727294922, 1.2148072719573975, 0.0]","[162.41773986816406, 4.5, 0.0]",17.14956098354806,4.8011980056762695,1.7155097473450454,,,0.625,0.0,0.625,0.0
29.954723,"[205.78469848632812, 1.2286511659622192, 0.0]","[162.51498413085938, 4.5, 0.0]",17.183872047380394,4.7735819816589355,1.7155531916166922,,,0.625,0.0,0.625,0.0
29.974107,"[206.12738037109375, 1.243287444114685, 0.0]","[162.6111602783203, 4.5, 0.0]",17.21818334680816,4.759528160095215,1.7155649713883392,,,0.625,0.0,0.625,0.0
29.994321,"[206.47071838378906, 1.2587252855300903, 0.0]","[162.7061767578125, 4.5, 0.0]",17.25250194192777,4.732392311096192,1.7159297559803832,,,0.625,0.0,0.625,0.0
30.013411,"[206.814697265625, 1.2749732732772827, 0.0]","[162.80003356933594, 4.5, 0.0]",17.286831580423033,4.718086242675781,1.716481924763258,,,0.625,0.0,0.625,0.0
30.034383,"[207.15933227539062, 1.2920280694961548, 0.0]","[162.89431762695312, 4.5, 0.0]",17.32117241287709,4.688660621643066,1.7170416227028085,,,0.625,0.0,0.625,0.0
30.05489,"[207.50460815429688, 1.3098891973495483, 0.0]","[162.98670959472656, 4.5, 0.0]",17.35552812483334,4.6730217933654785,1.7177855978125933,,,0.625,0.0,0.625,0.0
30.073743,"[207.85052490234375, 1.328548550605774, 0.0]","[163.0803680419922, 4.5, 0.0]",17.38989854122304,4.643748760223389,1.7185208194849366,,,0.625,0.0,0.625,0.0
30.093697,"[208.1970977783203, 1.3479957580566406, 0.0]","[163.17327880859375, 4.5, 0.0]",17.424301732048484,4.627988338470459,1.7201595412721815,,,0.625,0.0,0.625,0.0
30.114506,"[208.5443115234375, 1.3682079315185547, 0.0]","[163.2660369873047, 4.5, 0.0]",17.458742577878542,4.601637840270996,1.7220422915029232,,,0.625,0.0,0.625,0.0
30.1337,"[208.8921661376953, 1.3891550302505493, 0.0]","[163.3563690185547, 4.5, 0.0]",17.493220962317068,4.577826023101807,1.7239192219262733,,,0.625,0.0,0.625,0.0
30.153202,"[209.2406768798828, 1.410779595375061, 0.0]","[163.44801330566406, 4.5, 0.0]",17.527733908938533,4.553667068481445,1.7256473310732545,,,0.625,0.0,0.625,0.0
30.173108,"[209.58982849121094, 1.4330236911773682, 0.0]","[163.5388641357422, 4.5, 0.0]",17.56227707972228,4.529722213745117,1.727158539187279,,,0.625,0.0,0.625,0.0
30.193009,"[209.93963623046875, 1.4558086395263672, 0.0]","[163.62957763671875, 4.5, 0.0]",17.596811828046505,4.505810260772705,1.7267374162113214,,,0.625,0.0,0.625,0.0
30.213151,"[210.2901153564453, 1.4790369272232056, 0.0]","[163.7203369140625, 4.5, 0.0]",17.631360952171374,4.481417655944824,1.7274562062434384,,,0.625,0.0,0.625,0.0
30.235386,"[210.64125061035156, 1.5026873350143433, 0.0]","[163.81080627441406, 4.5, 0.0]",17.66588787338645,4.456012725830078,1.7263460607537695,,,0.625,0.0,0.625,0.0
30.254697,"[210.99305725097656, 1.5266302824020386, 0.0]","[163.897216796875, 4.5, 0.0]",17.70040960386587,4.431746482849121,1.7260865239711265,,,0.625,0.0,0.625,0.0
30.272835,"[211.34555053710938, 1.5506997108459473, 0.0]","[163.98561096191406, 4.5, 0.0]",17.73493042081089,4.40692663192749,1.7260408472509425,,,0.625,0.0,0.625,0.0
30.293534,"[211.69873046875, 1.574957251548767, 0.0]","[164.07485961914062, 4.5, 0.0]",17.769449880095426,4.381866455078126,1.725972964226763,,,0.625,0.0,0.625,0.0
30.313901,"[212.05258178710938, 1.599421739578247, 0.0]","[164.16258239746094, 4.5, 0.0]",17.803967338649734,4.356932163238525,1.7258729277154217,,,0.625,0.0,0.625,0.0
30.333717,"[212.40711975097656, 1.6240818500518799, 0.0]","[164.25, 4.5, 0.0]",17.838465997865036,4.331388473510742,1.724932960765102,,,0.625,0.0,0.625,0.0
30.353024,"[212.7623291015625, 1.6488629579544067, 0.0]","[164.33450317382812, 4.5, 0.0]",17.872949384970536,4.3066935539245605,1.7241693552749737,,,0.625,0.0,0.625,0.0
30.373838,"[213.1182403564453, 1.6736161708831787, 0.0]","[164.42022705078125, 4.5, 0.0]",17.907438142703736,4.281642436981201,1.724437886660013,,,0.625,0.0,0.625,0.0
30.394184,"[213.474853515625, 1.6982910633087158, 0.0]","[164.50634765625, 4.5, 0.0]",17.941932692713493,4.2564778327941895,1.724727500487866,,,0.625,0.0,0.625,0.0
30.413244,"[213.8321533203125, 1.722888708114624, 0.0]","[164.5924530029297, 4.5, 0.0]",17.976431275248785,4.231165885925293,1.7249291267646072,,,0.625,0.0,0.625,0.0
30.432798,"[214.19015502929688, 1.7474088668823242, 0.0]","[164.67584228515625, 4.5, 0.0]",18.01093143571179,4.206308364868164,1.7250080231502096,,,0.625,0.0,0.625,0.0
30.453936,"[214.54885864257812, 1.7718387842178345, 0.0]","[164.75962829589844, 4.5, 0.0]",18.0454322151708,4.181334495544434,1.7250389729504434,,,0.625,0.0,0.625,0.0
30.473192,"[214.9082489013672, 1.796169638633728, 0.0]","[164.84315490722656, 4.5, 0.0]",18.07993741748551,4.156432151794434,1.725260115735594,,,0.625,0.0,0.625,0.0
30.494561,"[215.26834106445312, 1.8203831911087036, 0.0]","[164.92677307128906, 4.5, 0.0]",18.114437226160966,4.131507873535156,1.7249904337727884,,,0.625,0.0,0.625,0.0
30.514673,"[215.62913513183594, 1.844464659690857, 0.0]","[165.00953674316406, 4.5, 0.0]",18.148930941582748,4.106833457946777,1.724685771089085,,,0.625,0.0,0.625,0.0
30.533414,"[215.99063110351562, 1.868383526802063, 0.0]","[165.09048461914062, 4.5, 0.0]",18.18340907068164,4.086024761199951,1.723906454944668,,,0.625,0.0,0.625,0.0
30.553279,"[216.3528289794922, 1.8921082019805908, 0.0]","[165.1718292236328, 4.5, 0.0]",18.217860634687806,4.055095195770264,1.7225782003082557,,,0.625,0.0,0.625,0.0
30.572692,"[216.7157440185547, 1.9155895709991455, 0.0]","[165.25283813476562, 4.5, 0.0]",18.2522837215662,4.037601947784424,1.7211543439197285,,,0.625,0.0,0.625,0.0
30.592926,"[217.07936096191406, 1.938764214515686, 0.0]","[165.33360290527344, 4.5, 0.0]",18.286705982691213,4.006849765777588,1.7211130562506227,,,0.625,0.0,0.625,0.0
30.613694,"[217.44369506835938, 1.961579442024231, 0.0]","[165.41456604003906, 4.5, 0.0]",18.321098934341663,3.9895036220550537,1.7196475825224766,,,0.625,0.0,0.625,0.0
30.633174,"[217.80874633789062, 1.9840238094329834, 0.0]","[165.49314880371094, 4.5, 0.0]",18.35545704752136,3.9598309993743905,1.7179056589847974,,,0.625,0.0,0.625,0.0
30.655992,"[218.17449951171875, 2.0060362815856934, 0.0]","[165.57244873046875, 4.5, 0.0]",18.38979061348929,3.943289041519165,1.7166782983965234,,,0.625,0.0,0.625,0.0
30.674682,"[218.5409698486328, 2.027557373046875, 0.0]","[165.65078735351562, 4.5, 0.0]",18.424114968217552,3.9136900901794434,1.7162177364131281,,,0.625,0.0,0.625,0.0
30.693503,"[218.90817260742188, 2.0485472679138184, 0.0]","[165.72959899902344, 4.5, 0.0]",18.458435314971346,3.8972854614257812,1.7160173376897347,,,0.625,0.0,0.625,0.0
30.71297,"[219.27609252929688, 2.068971872329712, 0.0]","[165.8077850341797, 4.5, 0.0]",18.49277790646786,3.8679940700531006,1.7171295748257265,,,0.625,0.0,0.625,0.0
30.733436,"[219.6447296142578, 2.088813543319702, 0.0]","[165.8838653564453, 4.5, 0.0]",18.52712982722736,3.8532323837280273,1.7175960379749,,,0.625,0.0,0.625,0.0
30.754327,"[220.0140838623047, 2.1080708503723145, 0.0]","[165.96128845214844, 4.5, 0.0]",18.561484311751542,3.824760913848877,1.7177242262091497,,,0.625,0.0,0.625,0.0
30.772866,"[220.3841552734375, 2.126730442047119, 0.0]","[166.037109375, 4.5, 0.0]",18.59585221422525,3.810070753097534,1.71839512368539,,,0.625,0.0,0.625,0.0
30.793083,"[220.75494384765625, 2.1447737216949463, 0.0]","[166.113525390625, 4.5, 0.0]",18.63022057435696,3.7818810939788823,1.718418006585587,,,0.625,0.0,0.625,0.0
30.814127,"[221.12644958496094, 2.1621901988983154, 0.0]","[166.1915740966797, 4.5, 0.0]",18.664591732885548,3.766949415206909,1.7185579264292983,,,0.625,0.0,0.625,0.0
30.834346,"[221.49867248535156, 2.178968667984009, 0.0]","[166.2642364501953, 4.5, 0.0]",18.698959603547983,3.7409465312957764,1.718393533121798,,,0.625,0.0,0.625,0.0
30.854934,"[221.87161254882812, 2.1950948238372803, 0.0]","[166.33889770507812, 4.5, 0.0]",18.73333205641585,3.7277419567108154,1.7186226433933527,,,0.625,0.0,0.625,0.0
30.87465,"[222.24526977539062, 2.2105581760406494, 0.0]","[166.41334533691406, 4.5, 0.0]",18.76770974030627,3.701266050338745,1.7188841945209532,,,0.625,0.0,0.625,0.0
30.89543,"[222.61964416503906, 2.2253546714782715, 0.0]","[166.4893035888672, 4.5, 0.0]",18.80209002806594,3.6877200603485107,1.7190143879835418,,,0.625,0.0,0.625,0.0
30.914784,"[222.99473571777344, 2.2394821643829346, 0.0]","[166.5631103515625, 4.5, 0.0]",18.836478660935935,3.66190242767334,1.7194316434997248,,,0.625,0.0,0.625,0.0
30.932386,"[223.3705291748047, 2.2529447078704834, 0.0]","[166.63409423828125, 4.5, 0.0]",18.870883761365814,3.6511428356170654,1.720255021493955,,,0.625,0.0,0.625,0.0
30.956446,"[223.74703979492188, 2.2657535076141357, 0.0]","[166.707275390625, 4.5, 0.0]",18.905307936403787,3.6265141963958745,1.7212087518986507,,,0.625,0.0,0.625,0.0
30.974364,"[224.124267578125, 2.277925729751587, 0.0]","[166.77928161621094, 4.5, 0.0]",18.939743415258388,3.615506887435913,1.7217739427300316,,,0.625,0.0,0.625,0.0
30.995735,"[224.502197265625, 2.2894840240478516, 0.0]","[166.85205078125, 4.5, 0.0]",18.974187899340798,3.5909764766693115,1.722224204120515,,,0.625,0.0,0.625,0.0
31.017719,"[224.88082885742188, 2.3004517555236816, 0.0]","[166.92422485351562, 4.5, 0.0]",19.008643876158903,3.5804603099823,1.7227988409052486,,,0.625,0.0,0.625,0.0
31.034813,"[225.2601776123047, 2.3108456134796143, 0.0]","[166.99481201171875, 4.5, 0.0]",19.0431123718625,3.561521530151367,1.7234247851797946,,,0.625,0.0,0.625,0.0
31.055261,"[225.64022827148438, 2.3206887245178223, 0.0]","[167.06619262695312, 4.5, 0.0]",19.077592944714567,3.545738697052002,1.7240286426034146,,,0.625,0.0,0.625,0.0
31.076341,"[226.02098083496094, 2.330008029937744, 0.0]","[167.1381072998047, 4.5, 0.0]",19.11208617481519,3.5298402309417725,1.724661505031122,,,0.625,0.0,0.625,0.0
31.09498,"[226.40243530273438, 2.338836908340454, 0.0]","[167.2090301513672, 4.5, 0.0]",19.146592968384855,3.5141615867614746,1.725339678483273,,,0.625,0.0,0.625,0.0
31.113141,"[226.7845916748047, 2.3472118377685547, 0.0]","[167.2784881591797, 4.5, 0.0]",19.181108692879253,3.4993720054626465,1.725786224719883,,,0.625,0.0,0.625,0.0
31.133948,"[227.1674346923828, 2.3551790714263916, 0.0]","[167.34779357910156, 4.5, 0.0]",19.21563351724197,3.4858829975128174,1.7262412181358044,,,0.625,0.0,0.625,0.0
31.153522,"[227.5509796142578, 2.3627877235412598, 0.0]","[167.41702270507812, 4.5, 0.0]",19.250160711570423,3.4724090099334717,1.7263597164227207,,,0.625,0.0,0.625,0.0
31.173693,"[227.9352264404297, 2.3700945377349854, 0.0]","[167.48776245117188, 4.5, 0.0]",19.284689591865742,3.45863938331604,1.7264440147659599,,,0.625,0.0,0.625,0.0
31.198184,"[228.32015991210938, 2.377175807952881, 0.0]","[167.556396484375, 4.5, 0.0]",19.319213633719983,3.445282459259033,1.7262020927120147,,,0.625,0.0,0.625,0.0
31.214195,"[228.70579528808594, 2.3841145038604736, 0.0]","[167.62522888183594, 4.5, 0.0]",19.353735280142285,3.4324235916137695,1.7260823211151077,,,0.625,0.0,0.625,0.0
31.232944,"[229.0921173095703, 2.3909192085266113, 0.0]","[167.69346618652344, 4.5, 0.0]",19.388252255482808,3.420898199081421,1.7258487670261502,,,0.625,0.0,0.625,0.0
31.253643,"[229.47914123535156, 2.3976192474365234, 0.0]","[167.76255798339844, 4.5, 0.0]",19.42277075541684,3.4092307090759277,1.7259249967015222,,,0.625,0.0,0.625,0.0
31.273098,"[229.86685180664062, 2.4042112827301025, 0.0]","[167.8295440673828, 4.5, 0.0]",19.457290666234908,3.3979179859161377,1.7259955409034689,,,0.625,0.0,0.625,0.0
31.293282,"[230.2552490234375, 2.4107089042663574, 0.0]","[167.89772033691406, 4.5, 0.0]",19.491811471547795,3.386402130126953,1.7260402656443574,,,0.625,0.0,0.625,0.0
31.314265,"[230.64434814453125, 2.417130470275879, 0.0]","[167.96730041503906, 4.5, 0.0]",19.526331026812414,3.375135898590088,1.7259777632309792,,,0.625,0.0,0.625,0.0
31.33467,"[231.0341339111328, 2.423494577407837, 0.0]","[168.03457641601562, 4.5, 0.0]",19.560850551756815,3.365257501602173,1.725976247220018,,,0.625,0.0,0.625,0.0
31.35443,"[231.4246063232422, 2.4298179149627686, 0.0]","[168.100341796875, 4.5, 0.0]",19.59536749458014,3.3555989265441895,1.7258471411663479,,,0.625,0.0,0.625,0.0
31.37322,"[231.81576538085938, 2.4361140727996826, 0.0]","[168.1683807373047, 4.5, 0.0]",19.629886886800247,3.3456056118011475,1.7259696110052403,,,0.625,0.0,0.625,0.0
31.393332,"[232.20762634277344, 2.4423940181732178, 0.0]","[168.2343292236328, 4.5, 0.0]",19.664405888006122,3.335920810699463,1.7259500602937905,,,0.625,0.0,0.625,0.0
31.413825,"[232.6001739501953, 2.4486653804779053, 0.0]","[168.30142211914062, 4.5, 0.0]",19.698923345120274,3.3264031410217285,1.7258728557075997,,,0.625,0.0,0.625,0.0
31.433754,"[232.993408203125, 2.454932451248169, 0.0]","[168.3701934814453, 4.5, 0.0]",19.733443932002807,3.3174285888671875,1.7260293441266228,,,0.625,0.0,0.625,0.0
31.454128,"[233.38734436035156, 2.461198091506958, 0.0]","[168.435302734375, 4.5, 0.0]",19.767960572045947,3.312267541885376,1.7258320021570128,,,0.625,0.0,0.625,0.0
31.473812,"[233.78196716308594, 2.467480421066284, 0.0]","[168.4998779296875, 4.5, 0.0]",19.802476278162345,3.297175168991089,1.7257853058199046,,,0.625,0.0,0.625,0.0
31.493559,"[234.17727661132812, 2.4738032817840576, 0.0]","[168.5659942626953, 4.5, 0.0]",19.836995152822894,3.295215368270874,1.7259437330274352,,,0.625,0.0,0.625,0.0
31.514426,"[234.57327270507812, 2.480184555053711, 0.0]","[168.6322021484375, 4.5, 0.0]",19.8715120850212,3.2800657749176025,1.7258466099153935,,,0.625,0.0,0.625,0.0
31.532788,"[234.96995544433594, 2.4866368770599365, 0.0]","[168.69741821289062, 4.5, 0.0]",19.90602519781009,3.2787322998046875,1.72565563944449,,,0.625,0.0,0.625,0.0
31.554561,"[235.36732482910156, 2.493171453475952, 0.0]","[168.76327514648438, 4.5, 0.0]",19.940535959410848,3.2639873027801514,1.7255380800378362,,,0.625,0.0,0.625,0.0
31.573538,"[235.76539611816406, 2.4998056888580322, 0.0]","[168.82803344726562, 4.5, 0.0]",19.975048288588102,3.262712001800537,1.7256164588626888,,,0.625,0.0,0.625,0.0
31.594107,"[236.16415405273438, 2.5065627098083496, 0.0]","[168.8934326171875, 4.5, 0.0]",20.00955977778665,3.2480227947235107,1.725574459927337,,,0.625,0.0,0.625,0.0
31.613166,"[236.5635986328125, 2.5134470462799072, 0.0]","[168.95896911621094, 4.5, 0.0]",20.044076061257854,3.246626853942871,1.7258141735602806,,,0.625,0.0,0.625,0.0
31.633898,"[236.96372985839844, 2.520456075668335, 0.0]","[169.0233917236328, 4.5, 0.0]",20.078594398254253,3.231979846954346,1.7259168498199529,,,0.625,0.0,0.625,0.0
31.654988,"[237.3645477294922, 2.5275802612304688, 0.0]","[169.0891571044922, 4.5, 0.0]",20.113112622595583,3.2304999828338623,1.7259112170664892,,,0.625,0.0,0.625,0.0
31.674013,"[237.76605224609375, 2.534816265106201, 0.0]","[169.15237426757812, 4.5, 0.0]",20.147636278392227,3.216001272201538,1.7261827898321869,,,0.625,0.0,0.625,0.0
31.69614,"[238.16824340820312, 2.54215407371521, 0.0]","[169.21705627441406, 4.5, 0.0]",20.182160474541785,3.214656352996826,1.7262098074779075,,,0.625,0.0,0.625,0.0
31.713713,"[238.5711212158203, 2.549569845199585, 0.0]","[169.2814483642578, 4.5, 0.0]",20.216679295303926,3.199810028076172,1.7259410381070595,,,0.625,0.0,0.625,0.0
31.732415,"[238.97470092773438, 2.557046890258789, 0.0]","[169.34478759765625, 4.5, 0.0]",20.2511992027549,3.1979732513427734,1.7259953725487165,,,0.625,0.0,0.625,0.0
31.754199,"[239.37896728515625, 2.5645668506622314, 0.0]","[169.4090576171875, 4.5, 0.0]",20.285719981647528,3.1826765537261967,1.7260389446313695,,,0.625,0.0,0.625,0.0
31.7728,"[239.78392028808594, 2.572126865386963, 0.0]","[169.47250366210938, 4.5, 0.0]",20.320240804960125,3.18082594871521,1.7260411656298658,,,0.625,0.0,0.625,0.0
31.79375,"[240.18955993652344, 2.57973575592041, 0.0]","[169.53616333007812, 4.5, 0.0]",20.354762030735024,3.1656110286712646,1.7260612887449511,,,0.625,0.0,0.625,0.0
31.813283,"[240.59588623046875, 2.5873935222625732, 0.0]","[169.60003662109375, 4.5, 0.0]",20.389282489343685,3.163325548171997,1.7260229304330466,,,0.625,0.0,0.625,0.0
31.833324,"[241.00291442871094, 2.5950963497161865, 0.0]","[169.66270446777344, 4.5, 0.0]",20.423802070352064,3.1470248699188237,1.7259790504189354,,,0.625,0.0,0.625,0.0
31.854589,"[241.41062927246094, 2.602839231491089, 0.0]","[169.72557067871094, 4.5, 0.0]",20.458321166922506,3.144029140472412,1.7259548285220916,,,0.625,0.0,0.625,0.0
31.87343,"[241.81903076171875, 2.610617160797119, 0.0]","[169.78831481933594, 4.5, 0.0]",20.49284032122259,3.127716302871704,1.725957715004256,,,0.625,0.0,0.625,0.0
31.895902,"[242.22811889648438, 2.6184256076812744, 0.0]","[169.8531036376953, 4.5, 0.0]",20.527360134927218,3.124424457550049,1.7259906852313378,,,0.625,0.0,0.625,0.0
31.914078,"[242.6378936767578, 2.62626051902771, 0.0]","[169.91506958007812, 4.5, 0.0]",20.56188504243344,3.1076836585998535,1.7262453753110307,,,0.625,0.0,0.625,0.0
31.934211,"[243.04837036132812, 2.6341185569763184, 0.0]","[169.97686767578125, 4.5, 0.0]",20.596407934786175,3.103173017501831,1.7261446176368267,,,0.625,0.0,0.625,0.0
31.95337,"[243.45953369140625, 2.6419970989227295, 0.0]","[170.03762817382812, 4.5, 0.0]",20.63092928123614,3.0888454914093018,1.7260673224981815,,,0.625,0.0,0.625,0.0
31.973116,"[243.8713836669922, 2.6498942375183105, 0.0]","[170.10015869140625, 4.5, 0.0]",20.665449462744487,3.0742015838623047,1.7260090754174229,,,0.625,0.0,0.625,0.0
31.99347,"[244.28392028808594, 2.6578080654144287, 0.0]","[170.16107177734375, 4.5, 0.0]",20.699972606783298,3.069847822189331,1.726157201940559,,,0.625,0.0,0.625,0.0
32.01321,"[244.69715881347656, 2.6657376289367676, 0.0]","[170.2227325439453, 4.5, 0.0]",20.73449518942059,3.051374197006226,1.7261291318645178,,,0.625,0.0,0.625,0.0
32.033961,"[245.111083984375, 2.6736817359924316, 0.0]","[170.2842559814453, 4.5, 0.0]",20.769017454126622,3.044778823852539,1.7261132353016961,,,0.625,0.0,0.625,0.0
32.0539,"[245.52569580078125, 2.681640148162842, 0.0]","[170.34420776367188, 4.5, 0.0]",20.803539519810464,3.025191307067871,1.726103284192071,,,0.625,0.0,0.625,0.0
32.080663,"[245.9409942626953, 2.6896121501922607, 0.0]","[170.40480041503906, 4.5, 0.0]",20.838061421911224,3.018796443939209,1.7260951050380058,,,0.625,0.0,0.625,0.0
32.094615,"[246.35699462890625, 2.6975977420806885, 0.0]","[170.4645538330078, 4.5, 0.0]",20.87258325079678,2.999251365661621,1.7260914442777775,,,0.625,0.0,0.625,0.0
32.113333,"[246.773681640625, 2.705596923828125, 0.0]","[170.52520751953125, 4.5, 0.0]",20.907104987587992,2.9921016693115234,1.7260868395606366,,,0.625,0.0,0.625,0.0
32.134237,"[247.19105529785156, 2.713609457015991, 0.0]","[170.58419799804688, 4.5, 0.0]",20.941626650589342,2.970343828201294,1.7260831500674811,,,0.625,0.0,0.625,0.0
32.153792,"[247.60911560058594, 2.721635103225708, 0.0]","[170.6434326171875, 4.5, 0.0]",20.93435438212899,2.9618563652038574,-0.3636134230175614,,,0.0,-0.0,0.0,-0.0
32.173613,"[248.0278778076172, 2.7296738624572754, 0.0]","[170.7022247314453, 4.5, 0.0]",20.927082180022037,2.9401485919952393,-0.3636101053476892,,,0.0,-0.0,0.0,-0.0
32.195999,"[248.4464874267578, 2.7377097606658936, 0.0]","[170.76292419433594, 4.5, 0.0]",20.919809959611555,2.9312868118286133,-0.36361102052406835,,,0.0,-0.0,0.0,-0.0
32.214607,"[248.8649444580078, 2.7457427978515625, 0.0]","[170.82066345214844, 4.5, 0.0]",20.912537737485707,2.909019708633423,-0.36361110629243854,,,0.0,-0.0,0.0,-0.0
32.233392,"[249.28326416015625, 2.7537729740142822, 0.0]","[170.87791442871094, 4.5, 0.0]",20.90526549991693,2.898397922515869,-0.3636118784388742,,,0.0,-0.0,0.0,-0.0
32.254515,"[249.70143127441406, 2.7618002891540527, 0.0]","[170.93557739257812, 4.5, 0.0]",20.897993247477714,2.874320030212403,-0.3636126219607405,,,0.0,-0.0,0.0,-0.0
32.274468,"[250.1194610595703, 2.769824743270874, 0.0]","[170.99302673339844, 4.5, 0.0]",20.890720967585377,2.863636016845703,-0.3636139946168626,,,0.0,-0.0,0.0,-0.0
32.293509,"[250.53733825683594, 2.777846336364746, 0.0]","[171.0503387451172, 4.5, 0.0]",20.88344867511212,2.839664936065674,-0.3636146236628335,,,0.0,-0.0,0.0,-0.0
32.315527,"[250.955078125, 2.785865068435669, 0.0]","[171.10769653320312, 4.5, 0.0]",20.87617637692196,2.8281469345092773,-0.36361490950795883,,,0.0,-0.0,0.0,-0.0
32.334909,"[251.37266540527344, 2.7938809394836426, 0.0]","[171.1645050048828, 4.5, 0.0]",20.868904085597784,2.801469564437866,-0.3636145662088808,,,0.0,-0.0,0.0,-0.0
32.354475,"[251.7901153564453, 2.801893711090088, 0.0]","[171.2190704345703, 4.5, 0.0]",20.86163180800231,2.7889163494110107,-0.3636138797736166,,,0.0,-0.0,0.0,-0.0
32.372887,"[252.20741271972656, 2.809903621673584, 0.0]","[171.2744598388672, 4.5, 0.0]",20.854359554429383,2.7660751342773438,-0.3636126786464189,,,0.0,-0.0,0.0,-0.0
32.394835,"[252.62457275390625, 2.817910671234131, 0.0]","[171.33152770996094, 4.5, 0.0]",20.84708732316232,2.745976209640503,-0.36361156335313893,,,0.0,-0.0,0.0,-0.0
32.417394,"[253.0415802001953, 2.8259146213531494, 0.0]","[171.38670349121094, 4.5, 0.0]",20.839815129070036,2.725620985031128,-0.3636097046141984,,,0.0,-0.0,0.0,-0.0
32.433882,"[253.4584503173828, 2.8339157104492188, 0.0]","[171.43997192382812, 4.5, 0.0]",20.832542961285682,2.7040903568267822,-0.36360838921769556,,,0.0,-0.0,0.0,-0.0
32.453834,"[253.8751678466797, 2.841914176940918, 0.0]","[171.49285888671875, 4.5, 0.0]",20.825270791785638,2.6827123165130615,-0.3636084750022306,,,0.0,-0.0,0.0,-0.0
32.473463,"[254.291748046875, 2.849909782409668, 0.0]","[171.54673767089844, 4.5, 0.0]",20.817998633151834,2.6609349250793466,-0.3636079316901686,,,0.0,-0.0,0.0,-0.0
32.493569,"[254.7081756591797, 2.8579025268554688, 0.0]","[171.5998992919922, 4.5, 0.0]",20.810726481380897,2.6394498348236084,-0.363607588546877,,,0.0,-0.0,0.0,-0.0
32.514045,"[255.1244659423828, 2.8658924102783203, 0.0]","[171.65301513671875, 4.5, 0.0]",20.803454356489578,2.617167949676514,-0.3636062445659505,,,0.0,-0.0,0.0,-0.0
32.534552,"[255.5406036376953, 2.8738796710968018, 0.0]","[171.7044219970703, 4.5, 0.0]",20.796182240177004,2.5937600135803223,-0.3636058156287092,,,0.0,-0.0,0.0,-0.0
32.554265,"[255.9565887451172, 2.881864070892334, 0.0]","[171.75579833984375, 4.5, 0.0]",20.788910102131933,2.5703608989715576,-0.36360690225354375,,,0.0,-0.0,0.0,-0.0
32.573045,"[256.3724365234375, 2.889845609664917, 0.0]","[171.80690002441406, 4.5, 0.0]",20.78163793892278,2.547091484069824,-0.3636081604575736,,,0.0,-0.0,0.0,-0.0
32.593341,"[256.78814697265625, 2.89782452583313, 0.0]","[171.85826110839844, 4.5, 0.0]",20.77436575283729,2.5237047672271733,-0.36360930427452587,,,0.0,-0.0,0.0,-0.0
32.613464,"[257.2037048339844, 2.9058005809783936, 0.0]","[171.90928649902344, 4.5, 0.0]",20.76709356560814,2.4997482299804688,-0.36360936145758416,,,0.0,-0.0,0.0,-0.0
32.634883,"[257.6191101074219, 2.913773775100708, 0.0]","[171.95864868164062, 4.5, 0.0]",20.759821371516317,2.4749152660369877,-0.36360970459110575,,,0.0,-0.0,0.0,-0.0
32.654174,"[258.03436279296875, 2.9217441082000732, 0.0]","[172.00726318359375, 4.5, 0.0]",20.75254920716354,2.4504547119140625,-0.36360821763885554,,,0.0,-0.0,0.0,-0.0
32.674135,"[258.4494934082031, 2.9297115802764893, 0.0]","[172.0561065673828, 4.5, 0.0]",20.74527703080088,2.4258852005004883,-0.36360881813291,,,0.0,-0.0,0.0,-0.0
32.693903,"[258.8644714355469, 2.937676429748535, 0.0]","[172.1057891845703, 4.5, 0.0]",20.738004856153996,2.4008963108062744,-0.36360873234428936,,,0.0,-0.0,0.0,-0.0
32.714568,"[259.279296875, 2.945638418197632, 0.0]","[172.15435791015625, 4.5, 0.0]",20.73073265691568,2.3758578300476074,-0.36360996191575623,,,0.0,-0.0,0.0,-0.0
32.734413,"[259.6939697265625, 2.9535975456237793, 0.0]","[172.20025634765625, 4.5, 0.0]",20.72346045939333,2.350956916809082,-0.36360987611754325,,,0.0,-0.0,0.0,-0.0
32.754029,"[260.1085205078125, 2.9615538120269775, 0.0]","[172.24639892578125, 4.5, 0.0]",20.71618825157728,2.3259260654449463,-0.363610390802549,,,0.0,-0.0,0.0,-0.0
32.77353,"[260.5229187011719, 2.9695072174072266, 0.0]","[172.292724609375, 4.5, 0.0]",20.7089160551993,2.3007962703704834,-0.3636098188989578,,,0.0,-0.0,0.0,-0.0
32.795657,"[260.9371643066406, 2.9774577617645264, 0.0]","[172.33929443359375, 4.5, 0.0]",20.701643870831067,2.278867721557617,-0.3636092184116535,,,0.0,-0.0,0.0,-0.0
32.81411,"[261.35125732421875, 2.985405445098877, 0.0]","[172.38516235351562, 4.5, 0.0]",20.694371695613032,2.246933937072754,-0.36360876090171246,,,0.0,-0.0,0.0,-0.0
32.833516,"[261.7652282714844, 2.9933502674102783, 0.0]","[172.42974853515625, 4.5, 0.0]",20.68709951867944,2.2281718254089355,-0.36360884667967497,,,0.0,-0.0,0.0,-0.0
32.855208,"[262.1790466308594, 3.0012924671173096, 0.0]","[172.47305297851562, 4.5, 0.0]",20.679827336027174,2.1968116760253906,-0.3636091326132629,,,0.0,-0.0,0.0,-0.0
32.872859,"[262.59271240234375, 3.0092318058013916, 0.0]","[172.51695251464844, 4.5, 0.0]",20.672555140793843,2.1784398555755615,-0.3636097616665168,,,0.0,-0.0,0.0,-0.0
32.893274,"[263.0062255859375, 3.0171682834625244, 0.0]","[172.56069946289062, 4.5, 0.0]",20.66528294498889,2.1468167304992676,-0.3636097902477431,,,0.0,-0.0,0.0,-0.0
32.913522,"[263.4195861816406, 3.025101900100708, 0.0]","[172.60418701171875, 4.5, 0.0]",20.658010756618438,2.1285107135772705,-0.3636094185225147,,,0.0,-0.0,0.0,-0.0
32.933243,"[263.83282470703125, 3.0330326557159424, 0.0]","[172.6456298828125, 4.5, 0.0]",20.65073860141629,2.0976436138153076,-0.3636077601074206,,,0.0,-0.0,0.0,-0.0
32.954869,"[264.24591064453125, 3.0409605503082275, 0.0]","[172.6877899169922, 4.5, 0.0]",20.643466445070416,2.079684019088745,-0.3636078172936763,,,0.0,-0.0,0.0,-0.0
32.9731,"[264.6588439941406, 3.0488858222961426, 0.0]","[172.72845458984375, 4.5, 0.0]",20.636194296730654,2.049276113510132,-0.36360741698810983,,,0.0,-0.0,0.0,-0.0
32.993666,"[265.0716247558594, 3.0568082332611084, 0.0]","[172.77017211914062, 4.5, 0.0]",20.6289221466753,2.0315799713134766,-0.36360750276767106,,,0.0,-0.0,0.0,-0.0
33.013192,"[265.4842834472656, 3.064727783203125, 0.0]","[172.8109130859375, 4.5, 0.0]",20.621649998335542,2.0011277198791504,-0.3636074169879322,,,0.0,-0.0,0.0,-0.0
33.032872,"[265.89678955078125, 3.0726447105407715, 0.0]","[172.84994506835938, 4.5, 0.0]",20.61437786486432,1.9850530624389648,-0.363606673561101,,,0.0,-0.0,0.0,-0.0
33.055063,"[266.30914306640625, 3.0805587768554688, 0.0]","[172.8893585205078, 4.5, 0.0]",20.607105724530722,1.9554139375686648,-0.3636070166798788,,,0.0,-0.0,0.0,-0.0
33.074009,"[266.7213439941406, 3.088469982147217, 0.0]","[172.92874145507812, 4.5, 0.0]",20.599833581909667,1.9391305446624756,-0.36360713105274556,,,0.0,-0.0,0.0,-0.0
33.094684,"[267.1334228515625, 3.0963785648345947, 0.0]","[172.96728515625, 4.5, 0.0]",20.592561451869763,1.9099967479705813,-0.36360650199522837,,,0.0,-0.0,0.0,-0.0
33.11491,"[267.54534912109375, 3.1042842864990234, 0.0]","[173.0064239501953, 4.5, 0.0]",20.58528931725495,1.8940403461456299,-0.36360673074060657,,,0.0,-0.0,0.0,-0.0
33.133979,"[267.9571228027344, 3.112187147140503, 0.0]","[173.0430908203125, 4.5, 0.0]",20.57801717806519,1.8665844202041628,-0.3636069594881164,,,0.0,-0.0,0.0,-0.0
33.153567,"[268.3687438964844, 3.1200873851776123, 0.0]","[173.08023071289062, 4.5, 0.0]",20.570745036587955,1.8521875143051147,-0.36360707386169366,,,0.0,-0.0,0.0,-0.0
33.173809,"[268.7802429199219, 3.1279847621917725, 0.0]","[173.11676025390625, 4.5, 0.0]",20.563472899685735,1.8248101472854614,-0.3636068451109864,,,0.0,-0.0,0.0,-0.0
33.194045,"[269.19158935546875, 3.1358792781829834, 0.0]","[173.15386962890625, 4.5, 0.0]",20.55620075763666,1.8104312419891357,-0.3636071024537557,,,0.0,-0.0,0.0,-0.0
33.213726,"[269.602783203125, 3.143771171569824, 0.0]","[173.1903076171875, 4.5, 0.0]",20.54892861101259,1.783409833908081,-0.36360733120339717,,,0.0,-0.0,0.0,-0.0
33.233336,"[270.0138244628906, 3.151660203933716, 0.0]","[173.22509765625, 4.5, 0.0]",20.541656448947883,1.7713135480880737,-0.36360810323543546,,,0.0,-0.0,0.0,-0.0
33.254013,"[270.4247131347656, 3.159546375274658, 0.0]","[173.2601776123047, 4.5, 0.0]",20.53438428516757,1.7457319498062136,-0.36360818901570724,,,0.0,-0.0,0.0,-0.0
33.273672,"[270.8354797363281, 3.1674299240112305, 0.0]","[173.29515075683594, 4.5, 0.0]",20.527112132824744,1.7335405349731445,-0.36360761714124834,,,0.0,-0.0,0.0,-0.0
33.294846,"[271.24609375, 3.1753106117248535, 0.0]","[173.32994079589844, 4.5, 0.0]",20.519839979338172,1.7081100940704346,-0.3636076743285699,,,0.0,-0.0,0.0,-0.0
33.314324,"[271.65655517578125, 3.1831884384155273, 0.0]","[173.3646240234375, 4.5, 0.0]",20.512567824135978,1.696437120437622,-0.36360776010972984,,,0.0,-0.0,0.0,-0.0
33.333306,"[272.0668640136719, 3.191063404083252, 0.0]","[173.39756774902344, 4.5, 0.0]",20.505295668933787,1.6765135526657104,-0.3636077601095522,,,0.0,-0.0,0.0,-0.0
33.353619,"[272.47705078125, 3.1989357471466064, 0.0]","[173.43109130859375, 4.5, 0.0]",20.498023513731596,1.659630298614502,-0.3636077601095522,,,0.0,-0.0,0.0,-0.0
33.373517,"[272.8870849609375, 3.2068052291870117, 0.0]","[173.46414184570312, 4.5, 0.0]",20.490751360816898,1.6429792642593384,-0.3636076457349091,,,0.0,-0.0,0.0,-0.0
33.394666,"[273.2969665527344, 3.2146718502044678, 0.0]","[173.49754333496094, 4.5, 0.0]",20.483479207902203,1.626155972480774,-0.3636076457347315,,,0.0,-0.0,0.0,-0.0
33.413312,"[273.7066955566406, 3.2225358486175537, 0.0]","[173.53004455566406, 4.5, 0.0]",20.47620705441563,1.6101630926132202,-0.3636076743285699,,,0.0,-0.0,0.0,-0.0
33.433792,"[274.1163024902344, 3.2303969860076904, 0.0]","[173.56231689453125, 4.5, 0.0]",20.468934901500937,1.595166563987732,-0.3636076457347315,,,0.0,-0.0,0.0,-0.0
33.455635,"[274.5257568359375, 3.238255262374878, 0.0]","[173.59396362304688, 4.5, 0.0]",20.461662749158112,1.5804568529129028,-0.36360761714124834,,,0.0,-0.0,0.0,-0.0
33.473545,"[274.93505859375, 3.246110677719116, 0.0]","[173.62472534179688, 4.5, 0.0]",20.45439059681529,1.566157579421997,-0.3636076171410707,,,0.0,-0.0,0.0,-0.0
33.494169,"[275.3442077636719, 3.2539634704589844, 0.0]","[173.65658569335938, 4.5, 0.0]",20.44711844504434,1.5513447523117065,-0.36360758854758757,,,0.0,-0.0,0.0,-0.0
33.513955,"[275.75323486328125, 3.2618134021759033, 0.0]","[173.68789672851562, 4.5, 0.0]",20.439846292129644,1.5371589660644531,-0.3636076457347315,,,0.0,-0.0,0.0,-0.0
33.532931,"[276.162109375, 3.269660472869873, 0.0]","[173.71783447265625, 4.5, 0.0]",20.43257413921495,1.5244072675704956,-0.3636076457347315,,,0.0,-0.0,0.0,-0.0
33.55437,"[276.5708312988281, 3.2775049209594727, 0.0]","[173.7489013671875, 4.5, 0.0]",20.42530198630025,1.5111819505691528,-0.3636076457349091,,,0.0,-0.0,0.0,-0.0
33.573671,"[276.9794006347656, 3.285346508026123, 0.0]","[173.7784881591797, 4.5, 0.0]",20.418029835673046,1.4985784292221074,-0.363607531360266,,,0.0,-0.0,0.0,-0.0
33.594272,"[277.3878173828125, 3.293185234069824, 0.0]","[173.80870056152344, 4.5, 0.0]",20.410757685045844,1.485715389251709,-0.3636075313600884,,,0.0,-0.0,0.0,-0.0
33.612926,"[277.7961120605469, 3.301021099090576, 0.0]","[173.8386993408203, 4.5, 0.0]",20.40348553441864,1.4732574224472046,-0.363607531360266,,,0.0,-0.0,0.0,-0.0
33.63338,"[278.2042541503906, 3.308854341506958, 0.0]","[173.86769104003906, 4.5, 0.0]",20.396213383791434,1.4619364738464355,-0.363607531360266,,,0.0,-0.0,0.0,-0.0
33.653095,"[278.61224365234375, 3.3166847229003906, 0.0]","[173.89695739746094, 4.5, 0.0]",20.388941233164232,1.4505031108856201,-0.3636075313600884,,,0.0,-0.0,0.0,-0.0
33.672948,"[279.02008056640625, 3.324512243270874, 0.0]","[173.92584228515625, 4.5, 0.0]",20.381669081393284,1.439224123954773,-0.36360758854740993,,,0.0,-0.0,0.0,-0.0
33.692545,"[279.42779541015625, 3.3323371410369873, 0.0]","[173.95462036132812, 4.5, 0.0]",20.374396928478586,1.427983045578003,-0.3636076457349091,,,0.0,-0.0,0.0,-0.0
33.717264,"[279.8353576660156, 3.3401591777801514, 0.0]","[173.98416137695312, 4.5, 0.0]",20.367124775563887,1.4167391061782837,-0.3636076457349091,,,0.0,-0.0,0.0,-0.0
33.737697,"[280.2427673339844, 3.347978353500366, 0.0]","[174.01126098632812, 4.5, 0.0]",20.359852622649193,1.4070074558258057,-0.3636076457347315,,,0.0,-0.0,0.0,-0.0
33.752823,"[280.6500244140625, 3.355794906616211, 0.0]","[174.0393524169922, 4.5, 0.0]",20.352580469734495,1.4002585411071777,-0.3636076457349091,,,0.0,-0.0,0.0,-0.0
33.772457,"[281.0571594238281, 3.3636085987091064, 0.0]","[174.0673065185547, 4.5, 0.0]",20.345308317391673,1.3835562467575073,-0.3636076171410707,,,0.0,-0.0,0.0,-0.0
33.792699,"[281.4641418457031, 3.3714194297790527, 0.0]","[174.0951690673828, 4.5, 0.0]",20.338036166764468,1.3802183866500854,-0.363607531360266,,,0.0,-0.0,0.0,-0.0
33.812623,"[281.8709716796875, 3.37922739982605, 0.0]","[174.12303161621094, 4.5, 0.0]",20.330764013849773,1.363768219947815,-0.3636076457347315,,,0.0,-0.0,0.0,-0.0
33.832609,"[282.27764892578125, 3.3870327472686768, 0.0]","[174.15054321289062, 4.5, 0.0]",20.323491862078825,1.3612937927246094,-0.36360758854740993,,,0.0,-0.0,0.0,-0.0
33.853164,"[282.6842041015625, 3.3948352336883545, 0.0]","[174.17703247070312, 4.5, 0.0]",20.31621971145162,1.3458223342895508,-0.363607531360266,,,0.0,-0.0,0.0,-0.0
33.872819,"[283.0906066894531, 3.402634859085083, 0.0]","[174.20411682128906, 4.5, 0.0]",20.30894756025254,1.343484878540039,-0.3636075599539268,,,0.0,-0.0,0.0,-0.0
33.892975,"[283.4968566894531, 3.4104318618774414, 0.0]","[174.23095703125, 4.5, 0.0]",20.301675407337846,1.3278943300247192,-0.3636076457347315,,,0.0,-0.0,0.0,-0.0
33.913322,"[283.9029541015625, 3.4182260036468506, 0.0]","[174.2578887939453, 4.5, 0.0]",20.294403255566895,1.3257994651794434,-0.36360758854758757,,,0.0,-0.0,0.0,-0.0
33.932693,"[284.30889892578125, 3.4260172843933105, 0.0]","[174.2840118408203, 4.5, 0.0]",20.28713110436782,1.3110637664794922,-0.36360755995374916,,,0.0,-0.0,0.0,-0.0
33.952578,"[284.7147216796875, 3.4338057041168213, 0.0]","[174.31024169921875, 4.5, 0.0]",20.27985895145312,1.3096306324005127,-0.3636076457349091,,,0.0,-0.0,0.0,-0.0
33.972807,"[285.1203918457031, 3.441591501235962, 0.0]","[174.33670043945312, 4.5, 0.0]",20.272586798538427,1.294791340827942,-0.3636076457347315,,,0.0,-0.0,0.0,-0.0
33.99268,"[285.5259094238281, 3.4493744373321533, 0.0]","[174.3624725341797, 4.5, 0.0]",20.26531464562373,1.2935012578964233,-0.3636076457349091,,,0.0,-0.0,0.0,-0.0
34.014036,"[285.9312744140625, 3.4571545124053955, 0.0]","[174.3889617919922, 4.5, 0.0]",20.25804249385278,1.2788304090499878,-0.36360758854740993,,,0.0,-0.0,0.0,-0.0
34.034001,"[286.3365173339844, 3.4649319648742676, 0.0]","[174.41375732421875, 4.5, 0.0]",20.250770343225575,1.278370976448059,-0.363607531360266,,,0.0,-0.0,0.0,-0.0
34.054503,"[286.7416076660156, 3.4727065563201904, 0.0]","[174.4398193359375, 4.5, 0.0]",20.24349819031088,1.264208197593689,-0.3636076457347315,,,0.0,-0.0,0.0,-0.0
34.07322,"[287.14654541015625, 3.480478286743164, 0.0]","[174.4644775390625, 4.5, 0.0]",20.236226037396182,1.263787865638733,-0.3636076457349091,,,0.0,-0.0,0.0,-0.0
34.093508,"[287.55133056640625, 3.4882473945617676, 0.0]","[174.49044799804688, 4.5, 0.0]",20.228953886768977,1.2496559619903564,-0.363607531360266,,,0.0,-0.0,0.0,-0.0
34.113625,"[287.95599365234375, 3.496013641357422, 0.0]","[174.51524353027344, 4.5, 0.0]",20.221681736141775,1.2493634223937988,-0.3636075313600884,,,0.0,-0.0,0.0,-0.0
34.132824,"[288.3605041503906, 3.503777027130127, 0.0]","[174.540283203125, 4.5, 0.0]",20.214409584942697,1.2360458374023438,-0.3636075599539268,,,0.0,-0.0,0.0,-0.0
34.153575,"[288.7648620605469, 3.511537551879883, 0.0]","[174.56483459472656, 4.5, 0.0]",20.207137434315495,1.2361911535263062,-0.3636075313600884,,,0.0,-0.0,0.0,-0.0
34.17407,"[289.1690673828125, 3.5192954540252686, 0.0]","[174.58920288085938, 4.5, 0.0]",20.1998652814008,1.2230522632598877,-0.3636076457347315,,,0.0,-0.0,0.0,-0.0
34.192583,"[289.5731506347656, 3.527050495147705, 0.0]","[174.61390686035156, 4.5, 0.0]",20.192593128486102,1.223157286643982,-0.3636076457349091,,,0.0,-0.0,0.0,-0.0
34.21307,"[289.9770812988281, 3.5348026752471924, 0.0]","[174.63848876953125, 4.5, 0.0]",20.185320975571404,1.2101521492004395,-0.3636076457349091,,,0.0,-0.0,0.0,-0.0
34.234628,"[290.380859375, 3.5425522327423096, 0.0]","[174.6624755859375, 4.5, 0.0]",20.178048823800456,1.2110624313354492,-0.36360758854740993,,,0.0,-0.0,0.0,-0.0
34.253968,"[290.78448486328125, 3.5502989292144775, 0.0]","[174.68661499023438, 4.5, 0.0]",20.170776670885758,1.2019340991973877,-0.3636076457349091,,,0.0,-0.0,0.0,-0.0
34.273559,"[291.1879577636719, 3.5580427646636963, 0.0]","[174.71078491210938, 4.5, 0.0]",20.16350451911481,1.1961361169815063,-0.36360758854740993,,,0.0,-0.0,0.0,-0.0
34.293335,"[291.59130859375, 3.565783739089966, 0.0]","[174.73477172851562, 4.5, 0.0]",20.156232366200115,1.1903787851333618,-0.3636076457347315,,,0.0,-0.0,0.0,-0.0
34.312852,"[291.9945068359375, 3.5735220909118652, 0.0]","[174.7587890625, 4.5, 0.0]",20.14896021557291,1.184846043586731,-0.363607531360266,,,0.0,-0.0,0.0,-0.0
34.332282,"[292.3975524902344, 3.5812575817108154, 0.0]","[174.78213500976562, 4.5, 0.0]",20.14168806437383,1.1799888610839844,-0.3636075599539268,,,0.0,-0.0,0.0,-0.0
34.354021,"[292.8004455566406, 3.5889902114868164, 0.0]","[174.80592346191406, 4.5, 0.0]",20.134415911459136,1.1750408411026,-0.3636076457347315,,,0.0,-0.0,0.0,-0.0
34.372741,"[293.2032165527344, 3.5967202186584473, 0.0]","[174.82931518554688, 4.5, 0.0]",20.12714376083193,1.1701710224151611,-0.363607531360266,,,0.0,-0.0,0.0,-0.0
34.392971,"[293.6058349609375, 3.604447364807129, 0.0]","[174.85284423828125, 4.5, 0.0]",20.119871609060983,1.1652768850326538,-0.36360758854740993,,,0.0,-0.0,0.0,-0.0
34.413367,"[294.00830078125, 3.6121716499328613, 0.0]","[174.87637329101562, 4.5, 0.0]",20.112599456718158,1.1607052087783813,-0.36360761714124834,,,0.0,-0.0,0.0,-0.0
34.433056,"[294.4106140136719, 3.6198933124542236, 0.0]","[174.8992919921875, 4.5, 0.0]",20.105327304375336,1.1569774150848389,-0.3636076171410707,,,0.0,-0.0,0.0,-0.0
34.453251,"[294.81280517578125, 3.6276121139526367, 0.0]","[174.922607421875, 4.5, 0.0]",20.098055152604385,1.1531834602355957,-0.36360758854758757,,,0.0,-0.0,0.0,-0.0
34.472424,"[295.21484375, 3.6353280544281006, 0.0]","[174.94564819335938, 4.5, 0.0]",20.09078300197718,1.1494354009628296,-0.363607531360266,,,0.0,-0.0,0.0,-0.0
34.492783,"[295.6167297363281, 3.6430411338806152, 0.0]","[174.96861267089844, 4.5, 0.0]",20.083510849062485,1.1457016468048098,-0.3636076457347315,,,0.0,-0.0,0.0,-0.0
34.513923,"[296.0184631347656, 3.6507515907287598, 0.0]","[174.9918670654297, 4.5, 0.0]",20.076238696147787,1.1428322792053223,-0.3636076457349091,,,0.0,-0.0,0.0,-0.0
34.532675,"[296.4200744628906, 3.658459186553955, 0.0]","[175.01466369628906, 4.5, 0.0]",20.068966543233092,1.1420756578445437,-0.3636076457347315,,,0.0,-0.0,0.0,-0.0
34.554901,"[296.821533203125, 3.666163921356201, 0.0]","[175.0377960205078, 4.5, 0.0]",20.061694390318397,1.1413072347640991,-0.3636076457347315,,,0.0,-0.0,0.0,-0.0
34.573216,"[297.22283935546875, 3.673866033554077, 0.0]","[175.06040954589844, 4.5, 0.0]",20.054422239691192,1.1405565738677979,-0.363607531360266,,,0.0,-0.0,0.0,-0.0
34.593533,"[297.6239929199219, 3.681565284729004, 0.0]","[175.083251953125, 4.5, 0.0]",20.047150089063987,1.1397981643676758,-0.363607531360266,,,0.0,-0.0,0.0,-0.0
34.613295,"[298.0249938964844, 3.6892616748809814, 0.0]","[175.10630798339844, 4.5, 0.0]",20.039877936149292,1.1392481327056887,-0.3636076457347315,,,0.0,-0.0,0.0,-0.0
34.632386,"[298.4258728027344, 3.6969552040100098, 0.0]","[175.1290740966797, 4.5, 0.0]",20.032605783234594,1.1391884088516235,-0.3636076457349091,,,0.0,-0.0,0.0,-0.0
34.653111,"[298.82659912109375, 3.704646110534668, 0.0]","[175.1519317626953, 4.5, 0.0]",20.025333630891772,1.13912832736969,-0.3636076171410707,,,0.0,-0.0,0.0,-0.0
34.672308,"[299.2271728515625, 3.712334156036377, 0.0]","[175.1748504638672, 4.5, 0.0]",20.018061480264567,1.1424015760421753,-0.363607531360266,,,0.0,-0.0,0.0,-0.0
34.693598,"[299.6275939941406, 3.7200193405151367, 0.0]","[175.19769287109375, 4.5, 0.0]",20.010789327349872,1.1356748342514038,-0.3636076457347315,,,0.0,-0.0,0.0,-0.0
34.712846,"[300.02789306640625, 3.7277019023895264, 0.0]","[175.22056579589844, 4.5, 0.0]",20.003517174435178,1.142417311668396,-0.3636076457347315,,,0.0,-0.0,0.0,-0.0
34.732084,"[300.42803955078125, 3.735381603240967, 0.0]","[175.24331665039062, 4.5, 0.0]",19.99624502152048,1.1361287832260132,-0.3636076457349091,,,0.0,-0.0,0.0,-0.0
34.753477,"[300.8280334472656, 3.743058443069458, 0.0]","[175.266845703125, 4.5, 0.0]",19.988972870893274,1.143186330795288,-0.363607531360266,,,0.0,-0.0,0.0,-0.0
34.772524,"[301.2278747558594, 3.750732660293579, 0.0]","[175.2890167236328, 4.5, 0.0]",19.981700720266073,1.1368882656097412,-0.3636075313600884,,,0.0,-0.0,0.0,-0.0
34.792443,"[301.6275939941406, 3.758404016494751, 0.0]","[175.31198120117188, 4.5, 0.0]",19.974428567351374,1.1439366340637207,-0.3636076457349091,,,0.0,-0.0,0.0,-0.0
34.812578,"[302.02716064453125, 3.7660725116729736, 0.0]","[175.33499145507812, 4.5, 0.0]",19.967156416724173,1.138514518737793,-0.3636075313600884,,,0.0,-0.0,0.0,-0.0
34.832641,"[302.42657470703125, 3.773738145828247, 0.0]","[175.3579559326172, 4.5, 0.0]",19.959884264381348,1.1483323574066162,-0.36360761714124834,,,0.0,-0.0,0.0,-0.0
34.853782,"[302.8258361816406, 3.7814011573791504, 0.0]","[175.3816680908203, 4.5, 0.0]",19.952612113754146,1.1449170112609863,-0.3636075313600884,,,0.0,-0.0,0.0,-0.0
34.87244,"[303.2249755859375, 3.7890613079071045, 0.0]","[175.40399169921875, 4.5, 0.0]",19.945339960839448,1.15464448928833,-0.3636076457349091,,,0.0,-0.0,0.0,-0.0
34.893496,"[303.62396240234375, 3.7967185974121094, 0.0]","[175.42709350585938, 4.5, 0.0]",19.9380678090685,1.151146650314331,-0.36360758854740993,,,0.0,-0.0,0.0,-0.0
34.912558,"[304.0227966308594, 3.804373264312744, 0.0]","[175.45030212402344, 4.5, 0.0]",19.930795656725675,1.1619561910629272,-0.36360761714124834,,,0.0,-0.0,0.0,-0.0
34.932254,"[304.4214782714844, 3.8120250701904297, 0.0]","[175.4736328125, 4.5, 0.0]",19.92352350381098,1.1615816354751587,-0.3636076457347315,,,0.0,-0.0,0.0,-0.0
34.952597,"[304.82000732421875, 3.819674015045166, 0.0]","[175.497314453125, 4.5, 0.0]",19.91625135089628,1.1746325492858887,-0.3636076457349091,,,0.0,-0.0,0.0,-0.0
34.972614,"[305.2184143066406, 3.827320098876953, 0.0]","[175.5207061767578, 4.5, 0.0]",19.90897920026908,1.1742722988128662,-0.3636075313600884,,,0.0,-0.0,0.0,-0.0
34.994636,"[305.6166687011719, 3.83496356010437, 0.0]","[175.54425048828125, 4.5, 0.0]",19.901707049641875,1.1872844696044922,-0.363607531360266,,,0.0,-0.0,0.0,-0.0
35.01341,"[306.0147705078125, 3.842604160308838, 0.0]","[175.56814575195312, 4.5, 0.0]",19.89443489672718,1.1876786947250366,-0.3636076457347315,,,0.0,-0.0,0.0,-0.0
35.032813,"[306.4127197265625, 3.8502418994903564, 0.0]","[175.59231567382812, 4.5, 0.0]",19.8871627455281,1.2028536796569824,-0.3636075599539268,,,0.0,-0.0,0.0,-0.0
35.052831,"[306.810546875, 3.857877016067505, 0.0]","[175.61659240722656, 4.5, 0.0]",19.879890594329023,1.2047332525253296,-0.3636075599539268,,,0.0,-0.0,0.0,-0.0
35.07315,"[307.2082214355469, 3.865509271621704, 0.0]","[175.64112854003906, 4.5, 0.0]",19.872618443129948,1.2200376987457275,-0.36360755995374916,,,0.0,-0.0,0.0,-0.0
35.093688,"[307.6057434082031, 3.873138666152954, 0.0]","[175.6651153564453, 4.5, 0.0]",19.86534629021525,1.221816062927246,-0.3636076457349091,,,0.0,-0.0,0.0,-0.0
35.112529,"[308.00311279296875, 3.880765438079834, 0.0]","[175.68966674804688, 4.5, 0.0]",19.858074137300555,1.2375717163085938,-0.3636076457347315,,,0.0,-0.0,0.0,-0.0
35.133387,"[308.4003601074219, 3.8883893489837646, 0.0]","[175.7147979736328, 4.5, 0.0]",19.85080198438586,1.2412166595458984,-0.3636076457347315,,,0.0,-0.0,0.0,-0.0
35.152525,"[308.7974548339844, 3.896010398864746, 0.0]","[175.74014282226562, 4.5, 0.0]",19.843529833758655,1.2582823038101196,-0.363607531360266,,,0.0,-0.0,0.0,-0.0
35.172299,"[309.19439697265625, 3.9036285877227783, 0.0]","[175.7651824951172, 4.5, 0.0]",19.83625768313145,1.2652195692062378,-0.363607531360266,,,0.0,-0.0,0.0,-0.0
35.19255,"[309.5911865234375, 3.9112441539764404, 0.0]","[175.7904510498047, 4.5, 0.0]",19.828985530216755,1.2755862474441533,-0.3636076457347315,,,0.0,-0.0,0.0,-0.0
35.212421,"[309.9878234863281, 3.9188568592071533, 0.0]","[175.8160858154297, 4.5, 0.0]",19.821713379017677,1.2863718271255498,-0.3636075599539268,,,0.0,-0.0,0.0,-0.0
35.23241,"[310.38433837890625, 3.926466703414917, 0.0]","[175.84246826171875, 4.5, 0.0]",19.814441226102982,1.2980678081512451,-0.3636076457347315,,,0.0,-0.0,0.0,-0.0
35.253999,"[310.78070068359375, 3.9340739250183105, 0.0]","[175.86866760253906, 4.5, 0.0]",19.807169073188284,1.3096771240234375,-0.3636076457349091,,,0.0,-0.0,0.0,-0.0
35.273228,"[311.1769104003906, 3.941678285598755, 0.0]","[175.8949432373047, 4.5, 0.0]",19.79989692027359,1.3213268518447876,-0.3636076457347315,,,0.0,-0.0,0.0,-0.0
35.293313,"[311.5729675292969, 3.94927978515625, 0.0]","[175.9213104248047, 4.5, 0.0]",19.792624767930768,1.3330119848251343,-0.3636076171410707,,,0.0,-0.0,0.0,-0.0
35.312273,"[311.9689025878906, 3.956878423690796, 0.0]","[175.94793701171875, 4.5, 0.0]",19.785352617303563,1.344883918762207,-0.363607531360266,,,0.0,-0.0,0.0,-0.0
35.332239,"[312.36468505859375, 3.9644744396209717, 0.0]","[175.97528076171875, 4.5, 0.0]",19.778080466676357,1.357230305671692,-0.363607531360266,,,0.0,-0.0,0.0,-0.0
35.352728,"[312.76031494140625, 3.9720675945281982, 0.0]","[176.00306701660156, 4.5, 0.0]",19.770808316049152,1.3697786331176758,-0.363607531360266,,,0.0,-0.0,0.0,-0.0
35.373526,"[313.1557922363281, 3.9796578884124756, 0.0]","[176.03033447265625, 4.5, 0.0]",19.763536163134457,1.3820842504501343,-0.3636076457347315,,,0.0,-0.0,0.0,-0.0
35.394739,"[313.5511474609375, 3.987245559692383, 0.0]","[176.05816650390625, 4.5, 0.0]",19.756264010219763,1.3946553468704224,-0.3636076457347315,,,0.0,-0.0,0.0,-0.0
35.413455,"[313.94635009765625, 3.994830369949341, 0.0]","[176.08590698242188, 4.5, 0.0]",19.748991857305064,1.4070559740066528,-0.3636076457349091,,,0.0,-0.0,0.0,-0.0
35.43226,"[314.3414001464844, 4.00241231918335, 0.0]","[176.1145477294922, 4.5, 0.0]",19.741719705534116,1.4196072816848755,-0.36360758854740993,,,0.0,-0.0,0.0,-0.0
35.452643,"[314.7362976074219, 4.009991645812988, 0.0]","[176.14341735839844, 4.5, 0.0]",19.734447552619418,1.4322551488876343,-0.3636076457349091,,,0.0,-0.0,0.0,-0.0
35.473111,"[315.1310729980469, 4.017568111419678, 0.0]","[176.17218017578125, 4.5, 0.0]",19.727175400276597,1.444855809211731,-0.3636076171410707,,,0.0,-0.0,0.0,-0.0
35.492731,"[315.52569580078125, 4.025141716003418, 0.0]","[176.2007293701172, 4.5, 0.0]",19.71990324964939,1.4573609828948975,-0.363607531360266,,,0.0,-0.0,0.0,-0.0
35.513029,"[315.920166015625, 4.032712459564209, 0.0]","[176.2300262451172, 4.5, 0.0]",19.712631099022186,1.4699370861053467,-0.363607531360266,,,0.0,-0.0,0.0,-0.0
35.532353,"[316.3144836425781, 4.040280342102051, 0.0]","[176.25987243652344, 4.5, 0.0]",19.70535894610749,1.4821738004684448,-0.3636076457347315,,,0.0,-0.0,0.0,-0.0
35.552366,"[316.7086486816406, 4.047845840454102, 0.0]","[176.29002380371094, 4.5, 0.0]",19.698086793192793,1.494533896446228,-0.3636076457349091,,,0.0,-0.0,0.0,-0.0
35.572299,"[317.1026916503906, 4.055408477783203, 0.0]","[176.31991577148438, 4.5, 0.0]",19.690814641421845,1.5067861080169678,-0.36360758854740993,,,0.0,-0.0,0.0,-0.0
35.593383,"[317.49658203125, 4.0629682540893555, 0.0]","[176.35011291503906, 4.5, 0.0]",19.68354248907902,1.522497534751892,-0.36360761714124834,,,0.0,-0.0,0.0,-0.0
35.613288,"[317.89031982421875, 4.070525169372559, 0.0]","[176.38046264648438, 4.5, 0.0]",19.67627033845182,1.5279197692871094,-0.3636075313600884,,,0.0,-0.0,0.0,-0.0
35.63229,"[318.2839050292969, 4.0780792236328125, 0.0]","[176.41159057617188, 4.5, 0.0]",19.668998186680867,1.5461974143981934,-0.36360758854758757,,,0.0,-0.0,0.0,-0.0
35.652899,"[318.6773681640625, 4.085630416870117, 0.0]","[176.44271850585938, 4.5, 0.0]",19.661726033766172,1.5511468648910522,-0.3636076457347315,,,0.0,-0.0,0.0,-0.0
35.672055,"[319.0706787109375, 4.093178749084473, 0.0]","[176.47398376464844, 4.5, 0.0]",19.654453880851474,1.5694763660430908,-0.3636076457349091,,,0.0,-0.0,0.0,-0.0
35.692995,"[319.4638366699219, 4.100724697113037, 0.0]","[176.5051727294922, 4.5, 0.0]",19.64718172793678,1.5744411945343018,-0.3636076457347315,,,0.0,-0.0,0.0,-0.0
35.712466,"[319.8568420410156, 4.108267784118652, 0.0]","[176.5369110107422, 4.5, 0.0]",19.639909575593958,1.5925102233886719,-0.3636076171410707,,,0.0,-0.0,0.0,-0.0
35.731896,"[320.2497253417969, 4.115808010101318, 0.0]","[176.56890869140625, 4.5, 0.0]",19.632637424966752,1.5963783264160156,-0.363607531360266,,,0.0,-0.0,0.0,-0.0
35.752754,"[320.6424560546875, 4.123345375061035, 0.0]","[176.60153198242188, 4.5, 0.0]",19.625365274339547,1.6137839555740356,-0.363607531360266,,,0.0,-0.0,0.0,-0.0
35.772737,"[321.0350341796875, 4.130879878997803, 0.0]","[176.6343231201172, 4.5, 0.0]",19.618093121424852,1.617916226387024,-0.3636076457347315,,,0.0,-0.0,0.0,-0.0
35.792317,"[321.4274597167969, 4.138411521911621, 0.0]","[176.6659393310547, 4.5, 0.0]",19.610820970797647,1.6349918842315674,-0.363607531360266,,,0.0,-0.0,0.0,-0.0
35.8132,"[321.81976318359375, 4.14594030380249, 0.0]","[176.69873046875, 4.5, 0.0]",19.60354881959857,1.6386361122131348,-0.3636075599539268,,,0.0,-0.0,0.0,-0.0
35.832614,"[322.2119140625, 4.153466701507568, 0.0]","[176.7321319580078, 4.5, 0.0]",19.596276667255747,1.6547250747680664,-0.3636076171410707,,,0.0,-0.0,0.0,-0.0
35.853197,"[322.6039123535156, 4.160990238189697, 0.0]","[176.76608276367188, 4.5, 0.0]",19.589004516056672,1.6576387882232668,-0.36360755995374916,,,0.0,-0.0,0.0,-0.0
35.872865,"[322.9957580566406, 4.168510913848877, 0.0]","[176.79925537109375, 4.5, 0.0]",19.58173236428572,1.673665165901184,-0.36360758854758757,,,0.0,-0.0,0.0,-0.0
35.892981,"[323.387451171875, 4.176028728485107, 0.0]","[176.83193969726562, 4.5, 0.0]",19.574460211371022,1.6762175559997559,-0.3636076457349091,,,0.0,-0.0,0.0,-0.0
35.912978,"[323.7790222167969, 4.183543682098389, 0.0]","[176.86575317382812, 4.5, 0.0]",19.567188058456328,1.6918978691101074,-0.3636076457347315,,,0.0,-0.0,0.0,-0.0
35.932302,"[324.1704406738281, 4.191055774688721, 0.0]","[176.89967346191406, 4.5, 0.0]",19.559915906113503,1.693126678466797,-0.36360761714124834,,,0.0,-0.0,0.0,-0.0
35.952557,"[324.56170654296875, 4.1985650062561035, 0.0]","[176.93402099609375, 4.5, 0.0]",19.552643753198808,1.7077937126159668,-0.3636076457347315,,,0.0,-0.0,0.0,-0.0
35.973039,"[324.95281982421875, 4.206071853637695, 0.0]","[176.9678955078125, 4.5, 0.0]",19.545371602571603,1.7090142965316772,-0.363607531360266,,,0.0,-0.0,0.0,-0.0
35.99328,"[325.34381103515625, 4.213575839996338, 0.0]","[177.00222778320312, 4.5, 0.0]",19.5380994519444,1.7236745357513428,-0.3636075313600884,,,0.0,-0.0,0.0,-0.0
36.013186,"[325.7346496582031, 4.221076965332031, 0.0]","[177.03672790527344, 4.5, 0.0]",19.530827299029703,1.7245272397994995,-0.3636076457349091,,,0.0,-0.0,0.0,-0.0
36.032328,"[326.1253356933594, 4.228575229644775, 0.0]","[177.07156372070312, 4.5, 0.0]",19.523555146115008,1.7376388311386108,-0.3636076457347315,,,0.0,-0.0,0.0,-0.0
36.052497,"[326.515869140625, 4.23607063293457, 0.0]","[177.1064910888672, 4.5, 0.0]",19.516282994344056,1.7374368906021118,-0.36360758854758757,,,0.0,-0.0,0.0,-0.0
36.072543,"[326.9062805175781, 4.243563175201416, 0.0]","[177.1414794921875, 4.5, 0.0]",19.509010843716855,1.7505788803100586,-0.3636075313600884,,,0.0,-0.0,0.0,-0.0
36.092677,"[327.2965393066406, 4.2510528564453125, 0.0]","[177.1761474609375, 4.5, 0.0]",19.501738690802156,1.7536617517471313,-0.3636076457349091,,,0.0,-0.0,0.0,-0.0
36.113471,"[327.6866455078125, 4.258540153503418, 0.0]","[177.21148681640625, 4.5, 0.0]",19.494466540174955,1.7563630342483523,-0.3636075313600884,,,0.0,-0.0,0.0,-0.0
36.132658,"[328.07659912109375, 4.266024589538574, 0.0]","[177.24688720703125, 4.5, 0.0]",19.487194388975876,1.767960548400879,-0.3636075599539268,,,0.0,-0.0,0.0,-0.0
36.15485,"[328.4664306640625, 4.273506164550781, 0.0]","[177.28248596191406, 4.5, 0.0]",19.479922237204928,1.7662494182586672,-0.36360758854740993,,,0.0,-0.0,0.0,-0.0
36.172308,"[328.8561096191406, 4.280984878540039, 0.0]","[177.31765747070312, 4.5, 0.0]",19.47265008429023,1.7778135538101196,-0.3636076457349091,,,0.0,-0.0,0.0,-0.0
36.192681,"[329.2456359863281, 4.288460731506348, 0.0]","[177.35321044921875, 4.5, 0.0]",19.465377931375535,1.7760984897613525,-0.3636076457347315,,,0.0,-0.0,0.0,-0.0
36.21253,"[329.635009765625, 4.295933723449707, 0.0]","[177.3889923095703, 4.5, 0.0]",19.458105780176457,1.7885814905166626,-0.3636075599539268,,,0.0,-0.0,0.0,-0.0
36.232664,"[330.02423095703125, 4.303404331207275, 0.0]","[177.425048828125, 4.5, 0.0]",19.450833627261762,1.7896423339843752,-0.3636076457347315,,,0.0,-0.0,0.0,-0.0
36.25265,"[330.413330078125, 4.3108720779418945, 0.0]","[177.46136474609375, 4.5, 0.0]",19.443561476634557,1.804093360900879,-0.363607531360266,,,0.0,-0.0,0.0,-0.0
36.27269,"[330.8022766113281, 4.3183369636535645, 0.0]","[177.49729919433594, 4.5, 0.0]",19.436289323719862,1.8051286935806277,-0.3636076457347315,,,0.0,-0.0,0.0,-0.0
36.292852,"[331.1910705566406, 4.325798988342285, 0.0]","[177.5332489013672, 4.5, 0.0]",19.429017173092657,1.8195022344589233,-0.363607531360266,,,0.0,-0.0,0.0,-0.0
36.313198,"[331.5797119140625, 4.333258152008057, 0.0]","[177.56980895996094, 4.5, 0.0]",19.421745021321705,1.8199108839035036,-0.36360758854758757,,,0.0,-0.0,0.0,-0.0
36.332394,"[331.9682312011719, 4.340714454650879, 0.0]","[177.60641479492188, 4.5, 0.0]",19.41447286840701,1.831972360610962,-0.3636076457347315,,,0.0,-0.0,0.0,-0.0
36.35305,"[332.3565979003906, 4.348167896270752, 0.0]","[177.64344787597656, 4.5, 0.0]",19.407200715492312,1.8307650089263918,-0.3636076457349091,,,0.0,-0.0,0.0,-0.0
36.372899,"[332.74481201171875, 4.355618953704834, 0.0]","[177.67982482910156, 4.5, 0.0]",19.399928562577617,1.842794418334961,-0.3636076457347315,,,0.0,-0.0,0.0,-0.0
36.394166,"[333.13287353515625, 4.363067150115967, 0.0]","[177.71755981445312, 4.5, 0.0]",19.392656409662923,1.8416893482208254,-0.3636076457347315,,,0.0,-0.0,0.0,-0.0
36.412664,"[333.52081298828125, 4.37051248550415, 0.0]","[177.75405883789062, 4.5, 0.0]",19.385384258463844,1.8532027006149292,-0.3636075599539268,,,0.0,-0.0,0.0,-0.0
36.432886,"[333.9085998535156, 4.377954959869385, 0.0]","[177.79087829589844, 4.5, 0.0]",19.378112106121023,1.8502931594848633,-0.3636076171410707,,,0.0,-0.0,0.0,-0.0
36.453313,"[334.2962341308594, 4.38539457321167, 0.0]","[177.82826232910156, 4.5, 0.0]",19.370839955493818,1.8607755899429321,-0.363607531360266,,,0.0,-0.0,0.0,-0.0
36.47289,"[334.6837158203125, 4.392831325531006, 0.0]","[177.86537170410156, 4.5, 0.0]",19.36356780257912,1.8578966856002808,-0.3636076457349091,,,0.0,-0.0,0.0,-0.0
36.493025,"[335.0710754394531, 4.400265216827393, 0.0]","[177.902587890625, 4.5, 0.0]",19.356295651951918,1.8683630228042603,-0.3636075313600884,,,0.0,-0.0,0.0,-0.0
36.513825,"[335.4582824707031, 4.407696723937988, 0.0]","[177.9408416748047, 4.5, 0.0]",19.349023499037223,1.86958909034729,-0.3636076457347315,,,0.0,-0.0,0.0,-0.0
36.535404,"[335.8453369140625, 4.415125370025635, 0.0]","[177.9775848388672, 4.5, 0.0]",19.341751348410018,1.875278115272522,-0.363607531360266,,,0.0,-0.0,0.0,-0.0
36.553003,"[336.23223876953125, 4.422551155090332, 0.0]","[178.01564025878906, 4.5, 0.0]",19.334479196639066,1.8811707496643066,-0.36360758854758757,,,0.0,-0.0,0.0,-0.0
36.572705,"[336.6189880371094, 4.42997407913208, 0.0]","[178.05311584472656, 4.5, 0.0]",19.327207044868118,1.8869761228561401,-0.36360758854740993,,,0.0,-0.0,0.0,-0.0
36.593439,"[337.005615234375, 4.437394142150879, 0.0]","[178.0908660888672, 4.5, 0.0]",19.31993489195342,1.8928213119506836,-0.3636076457349091,,,0.0,-0.0,0.0,-0.0
36.613189,"[337.39208984375, 4.4448113441467285, 0.0]","[178.1287841796875, 4.5, 0.0]",19.312662739038725,1.8994630575180054,-0.3636076457347315,,,0.0,-0.0,0.0,-0.0
36.636756,"[337.7784118652344, 4.452225685119629, 0.0]","[178.16720581054688, 4.5, 0.0]",19.3053905866959,1.9079222679138184,-0.36360761714124834,,,0.0,-0.0,0.0,-0.0
36.653517,"[338.1645812988281, 4.459637641906738, 0.0]","[178.20603942871094, 4.5, 0.0]",19.298118433781205,1.9164719581604004,-0.3636076457347315,,,0.0,-0.0,0.0,-0.0
36.672713,"[338.5506286621094, 4.467046737670898, 0.0]","[178.24411010742188, 4.5, 0.0]",19.290846282010254,1.924853801727295,-0.36360758854758757,,,0.0,-0.0,0.0,-0.0
36.694827,"[338.9365234375, 4.474452972412109, 0.0]","[178.2823028564453, 4.5, 0.0]",19.28357413138305,1.9332599639892578,-0.3636075313600884,,,0.0,-0.0,0.0,-0.0
36.712667,"[339.322265625, 4.481856346130371, 0.0]","[178.32138061523438, 4.5, 0.0]",19.276301978468354,1.9427663087844849,-0.3636076457349091,,,0.0,-0.0,0.0,-0.0
36.732495,"[339.7078552246094, 4.489256858825684, 0.0]","[178.36058044433594, 4.5, 0.0]",19.269029826697405,1.954280138015747,-0.36360758854740993,,,0.0,-0.0,0.0,-0.0
36.752945,"[340.09332275390625, 4.496654510498047, 0.0]","[178.40025329589844, 4.5, 0.0]",19.261757675498327,1.9659284353256226,-0.3636075599539268,,,0.0,-0.0,0.0,-0.0
36.772622,"[340.4786376953125, 4.504049301147461, 0.0]","[178.4393310546875, 4.5, 0.0]",19.254485524871125,1.977405071258545,-0.3636075313600884,,,0.0,-0.0,0.0,-0.0
36.793133,"[340.8638000488281, 4.511441707611084, 0.0]","[178.47879028320312, 4.5, 0.0]",19.247213373100173,1.9889951944351196,-0.36360758854758757,,,0.0,-0.0,0.0,-0.0
36.814454,"[341.2488098144531, 4.518831253051758, 0.0]","[178.51971435546875, 4.5, 0.0]",19.23994122075735,2.00208067893982,-0.36360761714124834,,,0.0,-0.0,0.0,-0.0
36.832802,"[341.6336975097656, 4.526217937469482, 0.0]","[178.5594940185547, 4.5, 0.0]",19.232669067842654,2.016912937164307,-0.3636076457347315,,,0.0,-0.0,0.0,-0.0
36.852606,"[342.0184326171875, 4.533601760864258, 0.0]","[178.60049438476562, 4.5, 0.0]",19.22539691721545,2.032198667526245,-0.363607531360266,,,0.0,-0.0,0.0,-0.0
36.872669,"[342.40301513671875, 4.540982723236084, 0.0]","[178.6410369873047, 4.5, 0.0]",19.218124766588247,2.0473122596740723,-0.3636075313600884,,,0.0,-0.0,0.0,-0.0
36.893113,"[342.7874450683594, 4.548360824584961, 0.0]","[178.6817169189453, 4.5, 0.0]",19.21085261367355,2.0624821186065674,-0.3636076457349091,,,0.0,-0.0,0.0,-0.0
36.912961,"[343.1717224121094, 4.555736541748047, 0.0]","[178.72315979003906, 4.5, 0.0]",19.203580460758854,2.078932762145996,-0.3636076457347315,,,0.0,-0.0,0.0,-0.0
36.932527,"[343.5558776855469, 4.563109397888184, 0.0]","[178.76536560058594, 4.5, 0.0]",19.196308307844156,2.101245880126953,-0.3636076457349091,,,0.0,-0.0,0.0,-0.0
36.952895,"[343.93988037109375, 4.570479393005371, 0.0]","[178.80859375, 4.5, 0.0]",19.18903615664508,2.1140084266662598,-0.36360755995374916,,,0.0,-0.0,0.0,-0.0
36.972287,"[344.32373046875, 4.577846527099609, 0.0]","[178.85040283203125, 4.5, 0.0]",19.181764006017875,2.1394739151000977,-0.363607531360266,,,0.0,-0.0,0.0,-0.0
36.993319,"[344.7074279785156, 4.585210800170898, 0.0]","[178.89276123046875, 4.5, 0.0]",19.174491855390674,2.151848077774048,-0.3636075313600884,,,0.0,-0.0,0.0,-0.0
37.013439,"[345.09100341796875, 4.592572212219238, 0.0]","[178.93629455566406, 4.5, 0.0]",19.167219702475975,2.1790614128112793,-0.3636076457349091,,,0.0,-0.0,0.0,-0.0
37.033173,"[345.47442626953125, 4.599930763244629, 0.0]","[178.980712890625, 4.5, 0.0]",19.15994754956128,2.1955056190490723,-0.3636076457347315,,,0.0,-0.0,0.0,-0.0
37.052471,"[345.8576965332031, 4.6072869300842285, 0.0]","[179.025146484375, 4.5, 0.0]",19.152675396646583,2.2252840995788574,-0.3636076457349091,,,0.0,-0.0,0.0,-0.0
37.072972,"[346.2408142089844, 4.614640235900879, 0.0]","[179.07003784179688, 4.5, 0.0]",19.14540324430376,2.2419679164886475,-0.3636076171410707,,,0.0,-0.0,0.0,-0.0
37.09269,"[346.6238098144531, 4.62199068069458, 0.0]","[179.1144561767578, 4.5, 0.0]",19.138131091389063,2.2717437744140625,-0.3636076457349091,,,0.0,-0.0,0.0,-0.0
37.112695,"[347.00665283203125, 4.629338264465332, 0.0]","[179.1601104736328, 4.5, 0.0]",19.13085893847437,2.2896904945373535,-0.3636076457347315,,,0.0,-0.0,0.0,-0.0
37.131972,"[347.38934326171875, 4.636682987213135, 0.0]","[179.20687866210938, 4.5, 0.0]",19.123586786131547,2.323479175567627,-0.3636076171410707,,,0.0,-0.0,0.0,-0.0
37.154662,"[347.7718811035156, 4.644024848937988, 0.0]","[179.2547607421875, 4.5, 0.0]",19.11631463550434,2.3445706367492676,-0.363607531360266,,,0.0,-0.0,0.0,-0.0
37.172271,"[348.154296875, 4.651363849639893, 0.0]","[179.30130004882812, 4.5, 0.0]",19.109042484877136,2.378218412399292,-0.363607531360266,,,0.0,-0.0,0.0,-0.0
37.193306,"[348.53656005859375, 4.658700466156006, 0.0]","[179.3491668701172, 4.5, 0.0]",19.10177033196244,2.3993020057678223,-0.3636076457347315,,,0.0,-0.0,0.0,-0.0
37.212826,"[348.9186706542969, 4.66603422164917, 0.0]","[179.39698791503906, 4.5, 0.0]",19.094498181335236,2.4344000816345215,-0.363607531360266,,,0.0,-0.0,0.0,-0.0
37.232695,"[349.3006286621094, 4.673365116119385, 0.0]","[179.44639587402344, 4.5, 0.0]",19.08722603070803,2.4585909843444824,-0.363607531360266,,,0.0,-0.0,0.0,-0.0
37.252762,"[349.68243408203125, 4.68069314956665, 0.0]","[179.49700927734375, 4.5, 0.0]",19.079953877793336,2.4968667030334473,-0.3636076457347315,,,0.0,-0.0,0.0,-0.0
37.272559,"[350.0641174316406, 4.688018321990967, 0.0]","[179.5474395751953, 4.5, 0.0]",19.072681726022385,2.5216994285583496,-0.36360758854758757,,,0.0,-0.0,0.0,-0.0
37.292994,"[350.4456481933594, 4.695340633392334, 0.0]","[179.5968475341797, 4.5, 0.0]",19.06540957310769,2.5592193603515625,-0.3636076457347315,,,0.0,-0.0,0.0,-0.0
37.313437,"[350.8270263671875, 4.702660083770752, 0.0]","[179.6489715576172, 4.5, 0.0]",19.058137422480485,2.5856082439422607,-0.363607531360266,,,0.0,-0.0,0.0,-0.0
37.333031,"[351.208251953125, 4.709977149963379, 0.0]","[179.70187377929688, 4.5, 0.0]",19.05086526956579,2.6268413066864014,-0.3636076457347315,,,0.0,-0.0,0.0,-0.0
37.3533,"[351.58935546875, 4.717291355133057, 0.0]","[179.75479125976562, 4.5, 0.0]",19.043593118938585,2.6547439098358154,-0.363607531360266,,,0.0,-0.0,0.0,-0.0
37.372929,"[351.9703063964844, 4.724602699279785, 0.0]","[179.80783081054688, 4.5, 0.0]",19.036320967167637,2.6960620880126953,-0.36360758854740993,,,0.0,-0.0,0.0,-0.0
37.39376,"[352.3511047363281, 4.7319111824035645, 0.0]","[179.86207580566406, 4.5, 0.0]",19.02904881482481,2.7248315811157227,-0.36360761714124834,,,0.0,-0.0,0.0,-0.0
37.417436,"[352.73175048828125, 4.7392168045043945, 0.0]","[179.91574096679688, 4.5, 0.0]",19.021776661910117,2.7667462825775146,-0.3636076457347315,,,0.0,-0.0,0.0,-0.0
37.432675,"[353.1122741699219, 4.746519565582275, 0.0]","[179.97372436523438, 4.5, 0.0]",19.01450450899542,2.798557996749878,-0.3636076457349091,,,0.0,-0.0,0.0,-0.0
37.452642,"[353.4926452636719, 4.753819465637207, 0.0]","[180.03085327148438, 4.5, 0.0]",19.007232356080724,2.8431286811828613,-0.3636076457347315,,,0.0,-0.0,0.0,-0.0
37.472286,"[353.87286376953125, 4.761116981506348, 0.0]","[180.0865478515625, 4.5, 0.0]",18.99996020316603,2.876753807067871,-0.3636076457347315,,,0.0,-0.0,0.0,-0.0
37.493042,"[354.2529296875, 4.768411636352539, 0.0]","[180.1437225341797, 4.5, 0.0]",18.992688052538824,2.9146943092346196,-0.363607531360266,,,0.0,-0.0,0.0,-0.0
37.512971,"[354.63287353515625, 4.775703430175781, 0.0]","[180.201904296875, 4.5, 0.0]",18.985415900196,2.953165292739868,-0.36360761714124834,,,0.0,-0.0,0.0,-0.0
37.532377,"[355.0126647949219, 4.782992362976074, 0.0]","[180.26251220703125, 4.5, 0.0]",18.978143747281305,2.9929492473602295,-0.3636076457347315,,,0.0,-0.0,0.0,-0.0
37.553401,"[355.3923034667969, 4.790278434753418, 0.0]","[180.3234405517578, 4.5, 0.0]",18.97087159493848,3.032940626144409,-0.36360761714124834,,,0.0,-0.0,0.0,-0.0
37.572105,"[355.77178955078125, 4.7975616455078125, 0.0]","[180.38426208496094, 4.5, 0.0]",18.963599444311278,3.07285737991333,-0.3636075313600884,,,0.0,-0.0,0.0,-0.0
37.59213,"[356.151123046875, 4.804842472076416, 0.0]","[180.44508361816406, 4.5, 0.0]",18.956327293684073,3.112780809402466,-0.363607531360266,,,0.0,-0.0,0.0,-0.0
37.612851,"[356.53033447265625, 4.81212043762207, 0.0]","[180.5076141357422, 4.5, 0.0]",18.949055142484994,3.1533489227294926,-0.3636075599539268,,,0.0,-0.0,0.0,-0.0
37.635807,"[356.9093933105469, 4.819395542144775, 0.0]","[180.57369995117188, 4.5, 0.0]",18.9417829895703,3.195155620574951,-0.3636076457347315,,,0.0,-0.0,0.0,-0.0
37.654717,"[357.2882995605469, 4.826667785644531, 0.0]","[180.6372528076172, 4.5, 0.0]",18.934510838943098,3.235361337661743,-0.3636075313600884,,,0.0,-0.0,0.0,-0.0
37.673189,"[357.66705322265625, 4.833937168121338, 0.0]","[180.7020263671875, 4.5, 0.0]",18.9272386860284,3.2763421535491943,-0.3636076457349091,,,0.0,-0.0,0.0,-0.0
37.692692,"[358.0456848144531, 4.841203689575195, 0.0]","[180.76710510253906, 4.5, 0.0]",18.919966533113705,3.317514181137085,-0.3636076457347315,,,0.0,-0.0,0.0,-0.0
37.712225,"[358.4241638183594, 4.8484673500061035, 0.0]","[180.83334350585938, 4.5, 0.0]",18.912694380199007,3.3586201667785645,-0.3636076457349091,,,0.0,-0.0,0.0,-0.0
37.733081,"[358.802490234375, 4.855728626251221, 0.0]","[180.9023895263672, 4.5, 0.0]",18.90542222899993,3.3997025489807133,-0.36360755995374916,,,0.0,-0.0,0.0,-0.0
37.753022,"[359.1806640625, 4.862987041473389, 0.0]","[180.97169494628906, 4.5, 0.0]",18.898150076085233,3.4409410953521737,-0.3636076457349091,,,0.0,-0.0,0.0,-0.0
37.772602,"[359.5587158203125, 4.870242595672607, 0.0]","[181.040283203125, 4.5, 0.0]",18.89087792431428,3.4817514419555664,-0.36360758854758757,,,0.0,-0.0,0.0,-0.0
37.793024,"[359.9366149902344, 4.877495288848877, 0.0]","[181.11019897460938, 4.5, 0.0]",18.88360577368708,3.5233566761016855,-0.3636075313600884,,,0.0,-0.0,0.0,-0.0
37.813181,"[360.3143615722656, 4.884745121002197, 0.0]","[181.1799774169922, 4.5, 0.0]",18.876333623059875,3.5637807846069336,-0.363607531360266,,,0.0,-0.0,0.0,-0.0
37.832015,"[360.69195556640625, 4.891992092132568, 0.0]","[181.2526092529297, 4.5, 0.0]",18.869061472432673,3.603489637374878,-0.3636075313600884,,,0.0,-0.0,0.0,-0.0
37.852682,"[361.0694274902344, 4.89923620223999, 0.0]","[181.3262939453125, 4.5, 0.0]",18.861789321805468,3.643768310546875,-0.363607531360266,,,0.0,-0.0,0.0,-0.0
37.873014,"[361.4467468261719, 4.906477928161621, 0.0]","[181.39923095703125, 4.5, 0.0]",18.854517168890773,3.683648824691773,-0.3636076457347315,,,0.0,-0.0,0.0,-0.0
37.893015,"[361.82391357421875, 4.913716793060303, 0.0]","[181.47239685058594, 4.5, 0.0]",18.847245015976075,3.7269790172576904,-0.3636076457349091,,,0.0,-0.0,0.0,-0.0
37.912709,"[362.200927734375, 4.920952796936035, 0.0]","[181.546630859375, 4.5, 0.0]",18.83997286306138,3.759577989578247,-0.3636076457347315,,,0.0,-0.0,0.0,-0.0
37.93245,"[362.5777893066406, 4.928185939788818, 0.0]","[181.62318420410156, 4.5, 0.0]",18.832700710146682,3.803858518600464,-0.3636076457349091,,,0.0,-0.0,0.0,-0.0
37.953045,"[362.95452880859375, 4.935416221618652, 0.0]","[181.70086669921875, 4.5, 0.0]",18.825428558375734,3.835350275039673,-0.36360758854740993,,,0.0,-0.0,0.0,-0.0
37.97365,"[363.33111572265625, 4.942643642425537, 0.0]","[181.77859497070312, 4.5, 0.0]",18.818156407176655,3.8802106380462646,-0.3636075599539268,,,0.0,-0.0,0.0,-0.0
37.993445,"[363.7075500488281, 4.949868202209473, 0.0]","[181.85536193847656, 4.5, 0.0]",18.81088425426196,3.9112534523010254,-0.3636076457347315,,,0.0,-0.0,0.0,-0.0
38.013221,"[364.0838317871094, 4.957090377807617, 0.0]","[181.93325805664062, 4.5, 0.0]",18.803612101347262,3.954686403274536,-0.3636076457349091,,,0.0,-0.0,0.0,-0.0
38.032688,"[364.4599914550781, 4.9643096923828125, 0.0]","[182.0130157470703, 4.5, 0.0]",18.796339950148187,3.982490062713623,-0.36360755995374916,,,0.0,-0.0,0.0,-0.0
38.053286,"[364.83599853515625, 4.971526145935059, 0.0]","[182.09434509277344, 4.5, 0.0]",18.789067799520982,4.024301528930664,-0.363607531360266,,,0.0,-0.0,0.0,-0.0
38.072949,"[365.21185302734375, 4.9787397384643555, 0.0]","[182.17434692382812, 4.5, 0.0]",18.781795648893777,4.052215576171875,-0.363607531360266,,,0.0,-0.0,0.0,-0.0
38.092326,"[365.5875549316406, 4.985950469970703, 0.0]","[182.25466918945312, 4.5, 0.0]",18.774523498266575,4.093592166900635,-0.3636075313600884,,,0.0,-0.0,0.0,-0.0
38.112686,"[365.963134765625, 4.993158340454102, 0.0]","[182.3367462158203, 4.5, 0.0]",18.767251345351877,4.120848655700684,-0.3636076457349091,,,0.0,-0.0,0.0,-0.0
38.133105,"[366.33856201171875, 5.000363349914551, 0.0]","[182.4207305908203, 4.5, 0.0]",18.759979192437182,4.158781051635742,-0.3636076457347315,,,0.0,-0.0,0.0,-0.0
38.153303,"[366.7138366699219, 5.007565975189209, 0.0]","[182.50534057617188, 4.5, 0.0]",18.752707039522484,4.183611392974854,-0.3636076457349091,,,0.0,-0.0,0.0,-0.0
38.171962,"[367.0889587402344, 5.014765739440918, 0.0]","[182.5880126953125, 4.5, 0.0]",18.74543488660779,4.221053600311279,-0.3636076457347315,,,0.0,-0.0,0.0,-0.0
38.192859,"[367.4639587402344, 5.021962642669678, 0.0]","[182.6724090576172, 4.5, 0.0]",18.738162734264968,4.245805263519287,-0.3636076171410707,,,0.0,-0.0,0.0,-0.0
38.212424,"[367.83880615234375, 5.029156684875488, 0.0]","[182.75726318359375, 4.5, 0.0]",18.73089058135027,4.282496452331543,-0.3636076457349091,,,0.0,-0.0,0.0,-0.0
38.233316,"[368.2135009765625, 5.03634786605835, 0.0]","[182.8438262939453, 4.5, 0.0]",18.723618430723064,4.303002834320068,-0.363607531360266,,,0.0,-0.0,0.0,-0.0
38.253311,"[368.5880432128906, 5.043536186218262, 0.0]","[182.93118286132812, 4.5, 0.0]",18.716346280095863,4.337090015411377,-0.3636075313600884,,,0.0,-0.0,0.0,-0.0
38.273207,"[368.9624328613281, 5.050722122192383, 0.0]","[183.01731872558594, 4.5, 0.0]",18.709074127181164,4.35745906829834,-0.3636076457349091,,,0.0,-0.0,0.0,-0.0
38.295299,"[369.3367004394531, 5.057905197143555, 0.0]","[183.10406494140625, 4.5, 0.0]",18.701801975410216,4.391353130340576,-0.36360758854740993,,,0.0,-0.0,0.0,-0.0
38.312395,"[369.7108154296875, 5.065085411071777, 0.0]","[183.19223022460938, 4.5, 0.0]",18.69452982478301,4.410847187042236,-0.363607531360266,,,0.0,-0.0,0.0,-0.0
38.332092,"[370.08477783203125, 5.072262763977051, 0.0]","[183.28091430664062, 4.5, 0.0]",18.687257671868316,4.440454959869385,-0.3636076457347315,,,0.0,-0.0,0.0,-0.0
38.352981,"[370.4585876464844, 5.079437255859375, 0.0]","[183.3709259033203, 4.5, 0.0]",18.679985518953618,4.457078456878662,-0.3636076457349091,,,0.0,-0.0,0.0,-0.0
38.373717,"[370.832275390625, 5.08660888671875, 0.0]","[183.4601287841797, 4.5, 0.0]",18.672713366610797,4.486821174621582,-0.3636076171410707,,,0.0,-0.0,0.0,-0.0
38.393341,"[371.205810546875, 5.093777656555176, 0.0]","[183.549560546875, 4.5, 0.0]",18.66544121426797,4.506627559661865,-0.36360761714124834,,,0.0,-0.0,0.0,-0.0
38.412808,"[371.5791931152344, 5.1009440422058105, 0.0]","[183.6397247314453, 4.5, 0.0]",18.65816906364077,4.528536796569824,-0.3636075313600884,,,0.0,-0.0,0.0,-0.0
38.432104,"[371.9524230957031, 5.108107566833496, 0.0]","[183.7308349609375, 4.5, 0.0]",18.650896910726072,4.547519683837891,-0.3636076457349091,,,0.0,-0.0,0.0,-0.0
38.453224,"[372.3255310058594, 5.115268230438232, 0.0]","[183.82339477539062, 4.5, 0.0]",18.64362475838325,4.566805362701417,-0.3636076171410707,,,0.0,-0.0,0.0,-0.0
38.472241,"[372.698486328125, 5.1224260330200195, 0.0]","[183.91355895996094, 4.5, 0.0]",18.6363526066123,4.585595130920411,-0.36360758854758757,,,0.0,-0.0,0.0,-0.0
38.493813,"[373.0712890625, 5.129580974578857, 0.0]","[184.00576782226562, 4.5, 0.0]",18.62908045484135,4.604808330535889,-0.36360758854740993,,,0.0,-0.0,0.0,-0.0
38.512706,"[373.4439392089844, 5.136733055114746, 0.0]","[184.09857177734375, 4.5, 0.0]",18.621808302498525,4.622828960418701,-0.36360761714124834,,,0.0,-0.0,0.0,-0.0
38.532357,"[373.81646728515625, 5.1438822746276855, 0.0]","[184.19032287597656, 4.5, 0.0]",18.61453614958383,4.637870788574219,-0.3636076457347315,,,0.0,-0.0,0.0,-0.0
38.553785,"[374.1888427734375, 5.151029109954834, 0.0]","[184.28482055664062, 4.5, 0.0]",18.60726399781288,4.653367042541504,-0.36360758854758757,,,0.0,-0.0,0.0,-0.0
38.573107,"[374.5610656738281, 5.158173084259033, 0.0]","[184.37692260742188, 4.5, 0.0]",18.599991847185674,4.668468475341797,-0.363607531360266,,,0.0,-0.0,0.0,-0.0
38.593968,"[374.9331359863281, 5.165314197540283, 0.0]","[184.4702606201172, 4.5, 0.0]",18.592719695414726,4.683772087097168,-0.36360758854740993,,,0.0,-0.0,0.0,-0.0
38.613399,"[375.3050537109375, 5.172452449798584, 0.0]","[184.56402587890625, 4.5, 0.0]",18.58544754250003,4.698060989379883,-0.3636076457347315,,,0.0,-0.0,0.0,-0.0
38.631994,"[375.6768493652344, 5.1795878410339355, 0.0]","[184.65829467773438, 4.5, 0.0]",18.578175389585333,4.710003852844238,-0.3636076457349091,,,0.0,-0.0,0.0,-0.0
38.654683,"[376.0484924316406, 5.186720371246338, 0.0]","[184.75396728515625, 4.5, 0.0]",18.570903238958127,4.72212553024292,-0.363607531360266,,,0.0,-0.0,0.0,-0.0
38.672544,"[376.41998291015625, 5.193850040435791, 0.0]","[184.84703063964844, 4.5, 0.0]",18.563631088330926,4.733916282653809,-0.3636075313600884,,,0.0,-0.0,0.0,-0.0
38.693924,"[376.79132080078125, 5.200977325439453, 0.0]","[184.94232177734375, 4.5, 0.0]",18.55635893770372,4.745991230010986,-0.363607531360266,,,0.0,-0.0,0.0,-0.0
38.715743,"[377.16253662109375, 5.208101749420166, 0.0]","[185.03707885742188, 4.5, 0.0]",18.54908678593277,4.75715446472168,-0.36360758854758757,,,0.0,-0.0,0.0,-0.0
38.733234,"[377.5335998535156, 5.21522331237793, 0.0]","[185.13235473632812, 4.5, 0.0]",18.541814633018074,4.766501426696777,-0.3636076457347315,,,0.0,-0.0,0.0,-0.0
38.754119,"[377.9045104980469, 5.222342014312744, 0.0]","[185.22842407226562, 4.5, 0.0]",18.534542482390872,4.775925159454346,-0.3636075313600884,,,0.0,-0.0,0.0,-0.0
38.772648,"[378.2752685546875, 5.229457855224609, 0.0]","[185.3242645263672, 4.5, 0.0]",18.527270329476174,4.7853264808654785,-0.3636076457349091,,,0.0,-0.0,0.0,-0.0
38.794675,"[378.6459045410156, 5.236570835113525, 0.0]","[185.42115783691406, 4.5, 0.0]",18.51999817656148,4.794830799102783,-0.3636076457347315,,,0.0,-0.0,0.0,-0.0
38.812401,"[379.0163879394531, 5.243680953979492, 0.0]","[185.51556396484375, 4.5, 0.0]",18.512726024218654,4.80681848526001,-0.36360761714124834,,,0.0,-0.0,0.0,-0.0
38.834501,"[379.38671875, 5.250788688659668, 0.0]","[185.61331176757812, 4.5, 0.0]",18.505453873591453,4.8077521324157715,-0.3636075313600884,,,0.0,-0.0,0.0,-0.0
38.85367,"[379.75689697265625, 5.2578935623168945, 0.0]","[185.708740234375, 4.5, 0.0]",18.498181720676754,4.821837425231934,-0.3636076457349091,,,0.0,-0.0,0.0,-0.0
38.873072,"[380.126953125, 5.264995574951172, 0.0]","[185.8045196533203, 4.5, 0.0]",18.490909568333933,4.822617530822754,-0.3636076171410707,,,0.0,-0.0,0.0,-0.0
38.894142,"[380.4968566894531, 5.2720947265625, 0.0]","[185.90335083007812, 4.5, 0.0]",18.483637415991108,4.836968421936035,-0.36360761714124834,,,0.0,-0.0,0.0,-0.0
38.913076,"[380.8666076660156, 5.279191017150879, 0.0]","[185.99810791015625, 4.5, 0.0]",18.476365263076413,4.837337017059326,-0.3636076457347315,,,0.0,-0.0,0.0,-0.0
38.932445,"[381.2362060546875, 5.286284446716309, 0.0]","[186.0964813232422, 4.5, 0.0]",18.469093110161715,4.850564002990723,-0.3636076457349091,,,0.0,-0.0,0.0,-0.0
38.953539,"[381.60565185546875, 5.293375492095947, 0.0]","[186.19265747070312, 4.5, 0.0]",18.46182095953451,4.850311279296875,-0.363607531360266,,,0.0,-0.0,0.0,-0.0
38.972318,"[381.9749755859375, 5.300463676452637, 0.0]","[186.28924560546875, 4.5, 0.0]",18.45454880776356,4.863419532775879,-0.36360758854740993,,,0.0,-0.0,0.0,-0.0
38.996651,"[382.3441467285156, 5.307548999786377, 0.0]","[186.3865966796875, 4.5, 0.0]",18.447276657136356,4.863245964050293,-0.363607531360266,,,0.0,-0.0,0.0,-0.0
39.013112,"[382.7131652832031, 5.314631462097168, 0.0]","[186.4840850830078, 4.5, 0.0]",18.440004504221662,4.876332759857178,-0.3636076457347315,,,0.0,-0.0,0.0,-0.0
39.033876,"[383.08203125, 5.32171106338501, 0.0]","[186.581298828125, 4.5, 0.0]",18.432732351878837,4.875888824462891,-0.36360761714124834,,,0.0,-0.0,0.0,-0.0
39.053249,"[383.4507751464844, 5.328787803649902, 0.0]","[186.6797332763672, 4.5, 0.0]",18.425460198964142,4.888855457305908,-0.3636076457347315,,,0.0,-0.0,0.0,-0.0
39.073664,"[383.8193664550781, 5.335861682891846, 0.0]","[186.77732849121094, 4.5, 0.0]",18.418188046049448,4.888436794281006,-0.3636076457347315,,,0.0,-0.0,0.0,-0.0
39.093679,"[384.18780517578125, 5.342933177947998, 0.0]","[186.87525939941406, 4.5, 0.0]",18.410915894278496,4.901370525360107,-0.36360758854758757,,,0.0,-0.0,0.0,-0.0
39.112315,"[384.55609130859375, 5.350001811981201, 0.0]","[186.9732208251953, 4.5, 0.0]",18.403643742507548,4.901103496551515,-0.36360758854740993,,,0.0,-0.0,0.0,-0.0
39.132851,"[384.92425537109375, 5.357067584991455, 0.0]","[187.07122802734375, 4.5, 0.0]",18.39637159130847,4.914459705352783,-0.3636075599539268,,,0.0,-0.0,0.0,-0.0
39.15254,"[385.2922668457031, 5.36413049697876, 0.0]","[187.1702117919922, 4.5, 0.0]",18.389099440681264,4.914550304412842,-0.363607531360266,,,0.0,-0.0,0.0,-0.0
39.172127,"[385.6601257324219, 5.371190547943115, 0.0]","[187.26824951171875, 4.5, 0.0]",18.38182728776657,4.927907466888428,-0.3636076457347315,,,0.0,-0.0,0.0,-0.0
39.192878,"[386.02783203125, 5.3782477378845215, 0.0]","[187.3666229248047, 4.5, 0.0]",18.374555137139364,4.9279565811157235,-0.363607531360266,,,0.0,-0.0,0.0,-0.0
39.213372,"[386.3953857421875, 5.3853020668029785, 0.0]","[187.46580505371094, 4.5, 0.0]",18.367282986512162,4.941699504852295,-0.3636075313600884,,,0.0,-0.0,0.0,-0.0
39.232324,"[386.7628173828125, 5.3923540115356445, 0.0]","[187.56442260742188, 4.5, 0.0]",18.360010833597464,4.942749500274658,-0.3636076457349091,,,0.0,-0.0,0.0,-0.0
39.252464,"[387.1300964355469, 5.399403095245361, 0.0]","[187.66416931152344, 4.5, 0.0]",18.35273868239839,4.957220554351807,-0.36360755995374916,,,0.0,-0.0,0.0,-0.0
39.272642,"[387.4972229003906, 5.406449317932129, 0.0]","[187.7635498046875, 4.5, 0.0]",18.34546652948369,4.9583306312561035,-0.3636076457349091,,,0.0,-0.0,0.0,-0.0
39.292317,"[387.86419677734375, 5.413492679595947, 0.0]","[187.86172485351562, 4.5, 0.0]",18.33819437885649,4.9726786613464355,-0.3636075313600884,,,0.0,-0.0,0.0,-0.0
39.313869,"[388.2310485839844, 5.420533180236816, 0.0]","[187.96397399902344, 4.5, 0.0]",18.33092222594179,4.977785110473633,-0.3636076457349091,,,0.0,-0.0,0.0,-0.0
39.333403,"[388.5977478027344, 5.427570819854736, 0.0]","[188.0637969970703, 4.5, 0.0]",18.323650075314585,4.983593940734863,-0.363607531360266,,,0.0,-0.0,0.0,-0.0
39.352466,"[388.96429443359375, 5.434605598449707, 0.0]","[188.1622772216797, 4.5, 0.0]",18.316377923543637,4.999279975891113,-0.36360758854740993,,,0.0,-0.0,0.0,-0.0
39.373103,"[389.3306884765625, 5.441637992858887, 0.0]","[188.26177978515625, 4.5, 0.0]",18.309105772916435,5.001725673675537,-0.3636075313600884,,,0.0,-0.0,0.0,-0.0
39.392667,"[389.69696044921875, 5.448667526245117, 0.0]","[188.36172485351562, 4.5, 0.0]",18.301833620001737,5.017544746398926,-0.3636076457349091,,,0.0,-0.0,0.0,-0.0
39.412335,"[390.0630798339844, 5.455694198608398, 0.0]","[188.46214294433594, 4.5, 0.0]",18.29456146708704,5.020551681518555,-0.3636076457349091,,,0.0,-0.0,0.0,-0.0
39.432391,"[390.4290466308594, 5.4627180099487305, 0.0]","[188.56297302246094, 4.5, 0.0]",18.287289314172344,5.037997245788574,-0.3636076457347315,,,0.0,-0.0,0.0,-0.0
39.454365,"[390.79486083984375, 5.469738960266113, 0.0]","[188.66419982910156, 4.5, 0.0]",18.280017161257646,5.042153358459473,-0.3636076457349091,,,0.0,-0.0,0.0,-0.0
39.473301,"[391.1605529785156, 5.476757049560547, 0.0]","[188.765380859375, 4.5, 0.0]",18.272745009486698,5.059637546539307,-0.36360758854740993,,,0.0,-0.0,0.0,-0.0
39.493261,"[391.5260925292969, 5.483772277832031, 0.0]","[188.8663330078125, 4.5, 0.0]",18.265472856572003,5.06376314163208,-0.3636076457347315,,,0.0,-0.0,0.0,-0.0
39.512347,"[391.8914794921875, 5.490785121917725, 0.0]","[188.96778869628906, 4.5, 0.0]",18.258200703657305,5.081776142120361,-0.3636076457349091,,,0.0,-0.0,0.0,-0.0
39.53541,"[392.2567138671875, 5.497795104980469, 0.0]","[189.07276916503906, 4.5, 0.0]",18.25092855074261,5.087993621826172,-0.3636076457347315,,,0.0,-0.0,0.0,-0.0
39.552988,"[392.6217956542969, 5.504802227020264, 0.0]","[189.17433166503906, 4.5, 0.0]",18.24365639897166,5.107122421264648,-0.36360758854758757,,,0.0,-0.0,0.0,-0.0
39.573208,"[392.98675537109375, 5.511806488037109, 0.0]","[189.2740936279297, 4.5, 0.0]",18.236384246056964,5.112699031829834,-0.3636076457347315,,,0.0,-0.0,0.0,-0.0
39.593092,"[393.3515625, 5.518807888031006, 0.0]","[189.37583923339844, 4.5, 0.0]",18.22911209542976,5.131850719451904,-0.363607531360266,,,0.0,-0.0,0.0,-0.0
39.613616,"[393.7162170410156, 5.525806427001953, 0.0]","[189.47914123535156, 4.5, 0.0]",18.221839944802557,5.13831901550293,-0.3636075313600884,,,0.0,-0.0,0.0,-0.0
39.632634,"[394.0807189941406, 5.532802581787109, 0.0]","[189.58267211914062, 4.5, 0.0]",18.214567794175352,5.15916633605957,-0.363607531360266,,,0.0,-0.0,0.0,-0.0
39.653094,"[394.4450988769531, 5.539795875549316, 0.0]","[189.68882751464844, 4.5, 0.0]",18.207295641260654,5.167040824890137,-0.3636076457349091,,,0.0,-0.0,0.0,-0.0
39.672412,"[394.809326171875, 5.546786308288574, 0.0]","[189.7912139892578, 4.5, 0.0]",18.200023489489705,5.187732696533203,-0.36360758854740993,,,0.0,-0.0,0.0,-0.0
39.693497,"[395.17340087890625, 5.553773880004883, 0.0]","[189.8949432373047, 4.5, 0.0]",18.1927513388625,5.1952738761901855,-0.363607531360266,,,0.0,-0.0,0.0,-0.0
39.713904,"[395.5373229980469, 5.560758590698242, 0.0]","[189.9973602294922, 4.5, 0.0]",18.185479187091552,5.216352462768555,-0.36360758854740993,,,0.0,-0.0,0.0,-0.0
39.732729,"[395.901123046875, 5.567740440368652, 0.0]","[190.101318359375, 4.5, 0.0]",18.178207036464347,5.228482723236084,-0.363607531360266,,,0.0,-0.0,0.0,-0.0
39.75398,"[396.2647705078125, 5.574719429016113, 0.0]","[190.20809936523438, 4.5, 0.0]",18.170934883549652,5.244365692138672,-0.3636076457347315,,,0.0,-0.0,0.0,-0.0
39.772927,"[396.6282653808594, 5.581696033477783, 0.0]","[190.31163024902344, 4.5, 0.0]",18.163662730634954,5.259766578674316,-0.3636076457349091,,,0.0,-0.0,0.0,-0.0
39.793665,"[396.9916076660156, 5.588669776916504, 0.0]","[190.41677856445312, 4.5, 0.0]",18.15639057772026,5.275406360626221,-0.3636076457347315,,,0.0,-0.0,0.0,-0.0
39.813232,"[397.3548278808594, 5.595640659332275, 0.0]","[190.52259826660156, 4.5, 0.0]",18.149118425377434,5.29140567779541,-0.36360761714124834,,,0.0,-0.0,0.0,-0.0
39.83523,"[397.7178955078125, 5.602608680725098, 0.0]","[190.63063049316406, 4.5, 0.0]",18.14184627246274,5.30832576751709,-0.3636076457347315,,,0.0,-0.0,0.0,-0.0
39.852706,"[398.080810546875, 5.609573841094971, 0.0]","[190.73590087890625, 4.5, 0.0]",18.134574121835534,5.324813365936279,-0.363607531360266,,,0.0,-0.0,0.0,-0.0
39.872406,"[398.4435729980469, 5.6165361404418945, 0.0]","[190.84242248535156, 4.5, 0.0]",18.127301970064586,5.341496467590332,-0.36360758854740993,,,0.0,-0.0,0.0,-0.0
39.894557,"[398.8061828613281, 5.623495578765869, 0.0]","[190.94972229003906, 4.5, 0.0]",18.120029818865508,5.358302593231201,-0.3636075599539268,,,0.0,-0.0,0.0,-0.0
39.913261,"[399.1686706542969, 5.630452632904053, 0.0]","[191.0561065673828, 4.5, 0.0]",18.112757666522686,5.375077247619629,-0.3636076171410707,,,0.0,-0.0,0.0,-0.0
39.93253,"[399.531005859375, 5.637406826019287, 0.0]","[191.16375732421875, 4.5, 0.0]",18.10548551589548,5.392308712005615,-0.363607531360266,,,0.0,-0.0,0.0,-0.0
39.955337,"[399.8931884765625, 5.644358158111572, 0.0]","[191.27389526367188, 4.5, 0.0]",18.098213362980783,5.409939765930176,-0.3636076457349091,,,0.0,-0.0,0.0,-0.0
39.972539,"[400.2552185058594, 5.651306629180908, 0.0]","[191.3809814453125, 4.5, 0.0]",18.09094121063796,5.427080154418945,-0.3636076171410707,,,0.0,-0.0,0.0,-0.0
39.992698,"[400.61712646484375, 5.658252239227295, 0.0]","[191.4893341064453, 4.5, 0.0]",18.083669057723263,5.444424629211426,-0.3636076457349091,,,0.0,-0.0,0.0,-0.0
40.013295,"[400.9788818359375, 5.665194988250732, 0.0]","[191.60060119628906, 4.5, 0.0]",18.07639690538044,5.462168216705322,-0.3636076171410707,,,0.0,-0.0,0.0,-0.0
40.034813,"[401.3404846191406, 5.672134876251221, 0.0]","[191.70782470703125, 4.5, 0.0]",18.069124752465743,5.47913932800293,-0.3636076457349091,,,0.0,-0.0,0.0,-0.0
40.052943,"[401.7019348144531, 5.679072380065918, 0.0]","[191.8186798095703, 4.5, 0.0]",18.06185260183854,5.496684551239014,-0.3636075313600884,,,0.0,-0.0,0.0,-0.0
40.072465,"[402.0632629394531, 5.686007022857666, 0.0]","[191.92819213867188, 4.5, 0.0]",18.05458045006759,5.514017581939697,-0.36360758854758757,,,0.0,-0.0,0.0,-0.0
40.095638,"[402.4244384765625, 5.692938804626465, 0.0]","[192.0384979248047, 4.5, 0.0]",18.04730829829664,5.53147315979004,-0.36360758854740993,,,0.0,-0.0,0.0,-0.0
40.11285,"[402.78546142578125, 5.6998677253723145, 0.0]","[192.15171813964844, 4.5, 0.0]",18.040036145381944,5.549164295196533,-0.3636076457349091,,,0.0,-0.0,0.0,-0.0
40.134054,"[403.1463317871094, 5.706793785095215, 0.0]","[192.2612762451172, 4.5, 0.0]",18.03276399418287,5.565827369689941,-0.36360755995374916,,,0.0,-0.0,0.0,-0.0
40.153649,"[403.507080078125, 5.713716983795166, 0.0]","[192.37306213378906, 4.5, 0.0]",18.025491842411917,5.5861592292785645,-0.36360758854758757,,,0.0,-0.0,0.0,-0.0
40.173602,"[403.86767578125, 5.720637321472168, 0.0]","[192.48667907714844, 4.5, 0.0]",18.018219689497222,5.596771717071533,-0.3636076457347315,,,0.0,-0.0,0.0,-0.0
40.19491,"[404.2281188964844, 5.727555274963379, 0.0]","[192.5970916748047, 4.5, 0.0]",18.010947538870017,5.6202287673950195,-0.363607531360266,,,0.0,-0.0,0.0,-0.0
40.213255,"[404.5884094238281, 5.734470367431641, 0.0]","[192.7086639404297, 4.5, 0.0]",18.003675385955322,5.630182266235352,-0.3636076457347315,,,0.0,-0.0,0.0,-0.0
40.235646,"[404.94854736328125, 5.741382598876953, 0.0]","[192.82228088378906, 4.5, 0.0]",17.99640323418437,5.652992248535156,-0.36360758854758757,,,0.0,-0.0,0.0,-0.0
40.254197,"[405.3085632324219, 5.748291969299316, 0.0]","[192.9359588623047, 4.5, 0.0]",17.989131081269676,5.662478923797607,-0.3636076457347315,,,0.0,-0.0,0.0,-0.0
40.274374,"[405.6684265136719, 5.7551984786987305, 0.0]","[193.0486297607422, 4.5, 0.0]",17.981858928354978,5.685154914855957,-0.3636076457349091,,,0.0,-0.0,0.0,-0.0
40.295694,"[406.02813720703125, 5.762102127075195, 0.0]","[193.16213989257812, 4.5, 0.0]",17.974586777727776,5.694618225097657,-0.3636075313600884,,,0.0,-0.0,0.0,-0.0
40.315613,"[406.3876953125, 5.769003391265869, 0.0]","[193.27870178222656, 4.5, 0.0]",17.967314626528697,5.717350482940674,-0.3636075599539268,,,0.0,-0.0,0.0,-0.0
40.334631,"[406.74713134765625, 5.775901794433594, 0.0]","[193.39149475097656, 4.5, 0.0]",17.960042475901492,5.725221157073975,-0.363607531360266,,,0.0,-0.0,0.0,-0.0
40.35369,"[407.1064147949219, 5.782797336578369, 0.0]","[193.50689697265625, 4.5, 0.0]",17.952770324702417,5.74675989151001,-0.36360755995374916,,,0.0,-0.0,0.0,-0.0
40.372976,"[407.4655456542969, 5.789690017700195, 0.0]","[193.62078857421875, 4.5, 0.0]",17.94549817178772,5.754772663116455,-0.3636076457349091,,,0.0,-0.0,0.0,-0.0
40.394142,"[407.82452392578125, 5.796579837799072, 0.0]","[193.73841857910156, 4.5, 0.0]",17.938226018873024,5.776599407196045,-0.3636076457347315,,,0.0,-0.0,0.0,-0.0
40.41348,"[408.1833801269531, 5.803466796875, 0.0]","[193.85202026367188, 4.5, 0.0]",17.930953867673946,5.7840542793273935,-0.3636075599539268,,,0.0,-0.0,0.0,-0.0
40.434372,"[408.5420837402344, 5.8103508949279785, 0.0]","[193.96823120117188, 4.5, 0.0]",17.923681715331124,5.804017543792725,-0.3636076171410707,,,0.0,-0.0,0.0,-0.0
40.454016,"[408.900634765625, 5.817232608795166, 0.0]","[194.08494567871094, 4.5, 0.0]",17.916409562416426,5.810708999633789,-0.3636076457349091,,,0.0,-0.0,0.0,-0.0
40.473681,"[409.259033203125, 5.824111461639404, 0.0]","[194.200927734375, 4.5, 0.0]",17.909137410645478,5.8306474685668945,-0.36360758854740993,,,0.0,-0.0,0.0,-0.0
40.493646,"[409.6173095703125, 5.830987453460693, 0.0]","[194.3175811767578, 4.5, 0.0]",17.901865257730783,5.837329387664795,-0.3636076457347315,,,0.0,-0.0,0.0,-0.0
40.513423,"[409.9754333496094, 5.837860584259033, 0.0]","[194.43414306640625, 4.5, 0.0]",17.894593106531705,5.856762886047363,-0.3636075599539268,,,0.0,-0.0,0.0,-0.0
40.532298,"[410.3334045410156, 5.844730854034424, 0.0]","[194.55099487304688, 4.5, 0.0]",17.8873209559045,5.8616180419921875,-0.363607531360266,,,0.0,-0.0,0.0,-0.0
40.553699,"[410.69122314453125, 5.851598262786865, 0.0]","[194.6690216064453, 4.5, 0.0]",17.880048802989805,5.879921913146973,-0.3636076457347315,,,0.0,-0.0,0.0,-0.0
40.573373,"[411.04888916015625, 5.858462810516357, 0.0]","[194.78660583496094, 4.5, 0.0]",17.872776651218853,5.88485050201416,-0.36360758854758757,,,0.0,-0.0,0.0,-0.0
40.594221,"[411.40643310546875, 5.865324974060059, 0.0]","[194.90721130371094, 4.5, 0.0]",17.86550449887603,5.903408050537109,-0.3636076171410707,,,0.0,-0.0,0.0,-0.0
40.614543,"[411.7638244628906, 5.8721842765808105, 0.0]","[195.0250244140625, 4.5, 0.0]",17.858232348248826,5.90774965286255,-0.363607531360266,,,0.0,-0.0,0.0,-0.0
40.633753,"[412.1210632324219, 5.879040718078613, 0.0]","[195.1414794921875, 4.5, 0.0]",17.85096019762162,5.924068450927734,-0.363607531360266,,,0.0,-0.0,0.0,-0.0
40.654371,"[412.4781494140625, 5.885894298553467, 0.0]","[195.26036071777344, 4.5, 0.0]",17.8436880452788,5.927256107330322,-0.3636076171410707,,,0.0,-0.0,0.0,-0.0
40.673026,"[412.8351135253906, 5.892745018005371, 0.0]","[195.3784637451172, 4.5, 0.0]",17.8364158923641,5.943711280822754,-0.3636076457349091,,,0.0,-0.0,0.0,-0.0
40.693365,"[413.1919250488281, 5.899592876434326, 0.0]","[195.4971923828125, 4.5, 0.0]",17.829143739449407,5.950219631195068,-0.3636076457347315,,,0.0,-0.0,0.0,-0.0
40.71442,"[413.548583984375, 5.906437873840332, 0.0]","[195.61660766601562, 4.5, 0.0]",17.821871586534712,5.959559440612793,-0.3636076457347315,,,0.0,-0.0,0.0,-0.0
40.733379,"[413.90509033203125, 5.913280487060547, 0.0]","[195.7378692626953, 4.5, 0.0]",17.814599433620014,5.967770576477051,-0.3636076457349091,,,0.0,-0.0,0.0,-0.0
40.753092,"[414.261474609375, 5.9201202392578125, 0.0]","[195.8582305908203, 4.5, 0.0]",17.807327282992812,5.975921154022217,-0.3636075313600884,,,0.0,-0.0,0.0,-0.0
40.776155,"[414.6177062988281, 5.926957130432129, 0.0]","[195.97764587402344, 4.5, 0.0]",17.800055130078114,5.984008312225342,-0.3636076457349091,,,0.0,-0.0,0.0,-0.0
40.794453,"[414.9737854003906, 5.933791160583496, 0.0]","[196.09718322753906, 4.5, 0.0]",17.792782978307162,5.992103099822998,-0.36360758854758757,,,0.0,-0.0,0.0,-0.0
40.815738,"[415.3297119140625, 5.940622329711914, 0.0]","[196.2158660888672, 4.5, 0.0]",17.78551082767996,5.999606132507324,-0.3636075313600884,,,0.0,-0.0,0.0,-0.0
40.833506,"[415.6855163574219, 5.947450637817383, 0.0]","[196.33485412597656, 4.5, 0.0]",17.77823867533714,6.005993843078613,-0.3636076171410707,,,0.0,-0.0,0.0,-0.0
40.85567,"[416.0411682128906, 5.954276084899902, 0.0]","[196.45907592773438, 4.5, 0.0]",17.770966524709934,6.012661933898926,-0.363607531360266,,,0.0,-0.0,0.0,-0.0
40.873232,"[416.39666748046875, 5.961099147796631, 0.0]","[196.57574462890625, 4.5, 0.0]",17.763694371795236,6.018925189971924,-0.3636076457349091,,,0.0,-0.0,0.0,-0.0
40.894387,"[416.75201416015625, 5.96791934967041, 0.0]","[196.6962127685547, 4.5, 0.0]",17.756422219452414,6.025392055511475,-0.3636076171410707,,,0.0,-0.0,0.0,-0.0
40.913413,"[417.1072082519531, 5.97473669052124, 0.0]","[196.81689453125, 4.5, 0.0]",17.749150067681462,6.031422138214112,-0.36360758854758757,,,0.0,-0.0,0.0,-0.0
40.932979,"[417.4622802734375, 5.981551170349121, 0.0]","[196.93759155273438, 4.5, 0.0]",17.741877915910514,6.0364532470703125,-0.36360758854740993,,,0.0,-0.0,0.0,-0.0
40.954661,"[417.81719970703125, 5.988362789154053, 0.0]","[197.0586395263672, 4.5, 0.0]",17.734605764139562,6.04149866104126,-0.36360758854758757,,,0.0,-0.0,0.0,-0.0
40.97281,"[418.1719665527344, 5.995171546936035, 0.0]","[197.178955078125, 4.5, 0.0]",17.727333613512357,6.04651403427124,-0.363607531360266,,,0.0,-0.0,0.0,-0.0
40.996847,"[418.5265808105469, 6.001977920532227, 0.0]","[197.3022918701172, 4.5, 0.0]",17.720061462313282,6.051654815673828,-0.36360755995374916,,,0.0,-0.0,0.0,-0.0
41.013992,"[418.8810729980469, 6.008781433105469, 0.0]","[197.4215545654297, 4.5, 0.0]",17.71278931168608,6.056287288665772,-0.3636075313600884,,,0.0,-0.0,0.0,-0.0
41.033329,"[419.23541259765625, 6.015582084655762, 0.0]","[197.5428009033203, 4.5, 0.0]",17.705517161058875,6.060243606567383,-0.363607531360266,,,0.0,-0.0,0.0,-0.0
41.05376,"[419.589599609375, 6.0223798751831055, 0.0]","[197.66708374023438, 4.5, 0.0]",17.69824500814418,6.064298152923584,-0.3636076457347315,,,0.0,-0.0,0.0,-0.0
41.072733,"[419.9436340332031, 6.0291748046875, 0.0]","[197.78553771972656, 4.5, 0.0]",17.690972855229482,6.06816291809082,-0.3636076457349091,,,0.0,-0.0,0.0,-0.0
41.096098,"[420.29754638671875, 6.035966873168945, 0.0]","[197.90692138671875, 4.5, 0.0]",17.683700702314784,6.072124004364014,-0.3636076457349091,,,0.0,-0.0,0.0,-0.0
41.113584,"[420.65130615234375, 6.042756080627441, 0.0]","[198.02850341796875, 4.5, 0.0]",17.67642854940009,6.079223155975342,-0.3636076457347315,,,0.0,-0.0,0.0,-0.0
41.133462,"[421.0049133300781, 6.0495429039001465, 0.0]","[198.15200805664062, 4.5, 0.0]",17.669156397057264,6.075925350189209,-0.36360761714124834,,,0.0,-0.0,0.0,-0.0
41.15357,"[421.3583679199219, 6.056326866149902, 0.0]","[198.27474975585938, 4.5, 0.0]",17.661884244714443,6.085938930511475,-0.3636076171410707,,,0.0,-0.0,0.0,-0.0
41.172714,"[421.7117004394531, 6.063107967376709, 0.0]","[198.39329528808594, 4.5, 0.0]",17.654612091799745,6.08250617980957,-0.3636076457349091,,,0.0,-0.0,0.0,-0.0
41.193562,"[422.06488037109375, 6.069886207580566, 0.0]","[198.51702880859375, 4.5, 0.0]",17.64733993888505,6.0925469398498535,-0.3636076457347315,,,0.0,-0.0,0.0,-0.0
41.214816,"[422.41790771484375, 6.076661586761475, 0.0]","[198.63755798339844, 4.5, 0.0]",17.640067785970356,6.089128017425537,-0.3636076457347315,,,0.0,-0.0,0.0,-0.0
41.234039,"[422.7707824707031, 6.083434104919434, 0.0]","[198.7591094970703, 4.5, 0.0]",17.632795633627534,6.098980903625488,-0.3636076171410707,,,0.0,-0.0,0.0,-0.0
41.256837,"[423.1235046386719, 6.090203762054443, 0.0]","[198.8820037841797, 4.5, 0.0]",17.62552348300033,6.095536708831788,-0.363607531360266,,,0.0,-0.0,0.0,-0.0
41.273376,"[423.4761047363281, 6.096971035003662, 0.0]","[199.00567626953125, 4.5, 0.0]",17.618251331229377,6.105445384979248,-0.36360758854758757,,,0.0,-0.0,0.0,-0.0
41.294248,"[423.82855224609375, 6.103735446929932, 0.0]","[199.12547302246094, 4.5, 0.0]",17.610979180602172,6.101919651031494,-0.363607531360266,,,0.0,-0.0,0.0,-0.0
41.312678,"[424.18084716796875, 6.110496997833252, 0.0]","[199.24789428710938, 4.5, 0.0]",17.603707027687477,6.111916542053223,-0.3636076457347315,,,0.0,-0.0,0.0,-0.0
41.333937,"[424.5329895019531, 6.117255687713623, 0.0]","[199.37158203125, 4.5, 0.0]",17.5964348764884,6.108889102935791,-0.3636075599539268,,,0.0,-0.0,0.0,-0.0
41.353324,"[424.885009765625, 6.124011516571045, 0.0]","[199.49510192871094, 4.5, 0.0]",17.589162725861197,6.11918830871582,-0.3636075313600884,,,0.0,-0.0,0.0,-0.0
41.373376,"[425.23687744140625, 6.130764484405518, 0.0]","[199.61477661132812, 4.5, 0.0]",17.5818905729465,6.116041660308838,-0.3636076457349091,,,0.0,-0.0,0.0,-0.0
41.394589,"[425.5885925292969, 6.137514591217041, 0.0]","[199.73870849609375, 4.5, 0.0]",17.574618420031804,6.126352787017822,-0.3636076457347315,,,0.0,-0.0,0.0,-0.0
41.415204,"[425.9401550292969, 6.144262313842773, 0.0]","[199.86228942871094, 4.5, 0.0]",17.567346268260852,6.123627185821534,-0.36360758854758757,,,0.0,-0.0,0.0,-0.0
41.434585,"[426.2915954589844, 6.151007175445557, 0.0]","[199.98501586914062, 4.5, 0.0]",17.560074117633647,6.134830474853516,-0.363607531360266,,,0.0,-0.0,0.0,-0.0
41.45449,"[426.64288330078125, 6.157749176025391, 0.0]","[200.10630798339844, 4.5, 0.0]",17.552801964718952,6.132648468017578,-0.3636076457347315,,,0.0,-0.0,0.0,-0.0
41.473263,"[426.9940185546875, 6.164488315582275, 0.0]","[200.22752380371094, 4.5, 0.0]",17.545529811804258,6.143795490264893,-0.3636076457347315,,,0.0,-0.0,0.0,-0.0
41.493317,"[427.3450012207031, 6.171224594116211, 0.0]","[200.35096740722656, 4.5, 0.0]",17.538257660033306,6.141693115234375,-0.36360758854758757,,,0.0,-0.0,0.0,-0.0
41.512702,"[427.69586181640625, 6.177958011627197, 0.0]","[200.47393798828125, 4.5, 0.0]",17.5309855094061,6.153319358825684,-0.363607531360266,,,0.0,-0.0,0.0,-0.0
41.532505,"[428.04656982421875, 6.184688568115234, 0.0]","[200.59703063964844, 4.5, 0.0]",17.5237133587789,6.152541637420654,-0.3636075313600884,,,0.0,-0.0,0.0,-0.0
41.552961,"[428.3971252441406, 6.1914167404174805, 0.0]","[200.7211456298828, 4.5, 0.0]",17.516441206436074,6.1651458740234375,-0.36360761714124834,,,0.0,-0.0,0.0,-0.0
41.57318,"[428.7475280761719, 6.198142051696777, 0.0]","[200.84349060058594, 4.5, 0.0]",17.50916905352138,6.164332389831543,-0.3636076457347315,,,0.0,-0.0,0.0,-0.0
41.592477,"[429.0977783203125, 6.204864501953125, 0.0]","[200.96644592285156, 4.5, 0.0]",17.501896902894174,6.176880836486816,-0.363607531360266,,,0.0,-0.0,0.0,-0.0
41.613123,"[429.4479064941406, 6.211584091186523, 0.0]","[201.09085083007812, 4.5, 0.0]",17.494624751123226,6.180027008056641,-0.36360758854740993,,,0.0,-0.0,0.0,-0.0
41.633355,"[429.7978820800781, 6.218300819396973, 0.0]","[201.2146759033203, 4.5, 0.0]",17.487352599924147,6.187655925750732,-0.3636075599539268,,,0.0,-0.0,0.0,-0.0
41.654328,"[430.147705078125, 6.225014686584473, 0.0]","[201.33985900878906, 4.5, 0.0]",17.480080447581326,6.195369243621826,-0.3636076171410707,,,0.0,-0.0,0.0,-0.0
41.673511,"[430.49737548828125, 6.231726169586182, 0.0]","[201.46267700195312, 4.5, 0.0]",17.47280829466663,6.20293664932251,-0.3636076457347315,,,0.0,-0.0,0.0,-0.0
41.694688,"[430.846923828125, 6.238434791564941, 0.0]","[201.5888214111328, 4.5, 0.0]",17.465536141751933,6.210708141326904,-0.3636076457349091,,,0.0,-0.0,0.0,-0.0
41.717507,"[431.1963195800781, 6.245140552520752, 0.0]","[201.7128448486328, 4.5, 0.0]",17.458263988837235,6.218952655792236,-0.3636076457349091,,,0.0,-0.0,0.0,-0.0
41.733329,"[431.5455627441406, 6.251843452453613, 0.0]","[201.8382568359375, 4.5, 0.0]",17.45099183592254,6.2285547256469735,-0.3636076457347315,,,0.0,-0.0,0.0,-0.0
41.756514,"[431.8946533203125, 6.258543491363525, 0.0]","[201.96084594726562, 4.5, 0.0]",17.44371968472346,6.237940311431885,-0.3636075599539268,,,0.0,-0.0,0.0,-0.0
41.772609,"[432.2436218261719, 6.265240669250488, 0.0]","[202.0851287841797, 4.5, 0.0]",17.43644753238064,6.2474565505981445,-0.3636076171410707,,,0.0,-0.0,0.0,-0.0
41.794035,"[432.5924377441406, 6.271934986114502, 0.0]","[202.21035766601562, 4.5, 0.0]",17.42917538118156,6.257044315338135,-0.3636075599539268,,,0.0,-0.0,0.0,-0.0
41.814101,"[432.94110107421875, 6.278626918792725, 0.0]","[202.33819580078125, 4.5, 0.0]",17.421903228266867,6.267487525939941,-0.3636076457347315,,,0.0,-0.0,0.0,-0.0
41.83341,"[433.28961181640625, 6.285315990447998, 0.0]","[202.4637908935547, 4.5, 0.0]",17.414631077639662,6.279097557067871,-0.363607531360266,,,0.0,-0.0,0.0,-0.0
41.853342,"[433.63800048828125, 6.292002201080322, 0.0]","[202.59011840820312, 4.5, 0.0]",17.407358924724967,6.290775775909424,-0.3636076457347315,,,0.0,-0.0,0.0,-0.0
41.874504,"[433.9862365722656, 6.298685550689697, 0.0]","[202.71351623535156, 4.5, 0.0]",17.400086772954015,6.302182674407959,-0.36360758854758757,,,0.0,-0.0,0.0,-0.0
41.89443,"[434.3343200683594, 6.305366039276123, 0.0]","[202.84036254882812, 4.5, 0.0]",17.39281462003932,6.313906669616699,-0.3636076457347315,,,0.0,-0.0,0.0,-0.0
41.914375,"[434.6822509765625, 6.3120436668396, 0.0]","[202.96827697753906, 4.5, 0.0]",17.385542467124626,6.326383113861084,-0.3636076457347315,,,0.0,-0.0,0.0,-0.0
41.93379,"[435.030029296875, 6.318718433380127, 0.0]","[203.09234619140625, 4.5, 0.0]",17.37827031649742,6.339786529541016,-0.363607531360266,,,0.0,-0.0,0.0,-0.0
41.954301,"[435.377685546875, 6.325390815734863, 0.0]","[203.21995544433594, 4.5, 0.0]",17.370998165870216,6.353570461273193,-0.363607531360266,,,0.0,-0.0,0.0,-0.0
41.972963,"[435.7251892089844, 6.33206033706665, 0.0]","[203.34906005859375, 4.5, 0.0]",17.363726015243014,6.367517471313477,-0.3636075313600884,,,0.0,-0.0,0.0,-0.0
41.996432,"[436.0725402832031, 6.338726997375488, 0.0]","[203.47531127929688, 4.5, 0.0]",17.35645386461581,6.381156921386719,-0.363607531360266,,,0.0,-0.0,0.0,-0.0
42.01319,"[436.41973876953125, 6.345390796661377, 0.0]","[203.6046600341797, 4.5, 0.0]",17.34918171170111,6.395747661590576,-0.3636076457349091,,,0.0,-0.0,0.0,-0.0
42.032868,"[436.7668151855469, 6.352051734924316, 0.0]","[203.73294067382812, 4.5, 0.0]",17.341909558786416,6.414813041687012,-0.3636076457347315,,,0.0,-0.0,0.0,-0.0
42.053522,"[437.1137390136719, 6.358709812164307, 0.0]","[203.8624725341797, 4.5, 0.0]",17.334637405871717,6.424033164978028,-0.3636076457349091,,,0.0,-0.0,0.0,-0.0
42.074107,"[437.46051025390625, 6.365365028381348, 0.0]","[203.99061584472656, 4.5, 0.0]",17.32736525410077,6.446413993835449,-0.36360758854740993,,,0.0,-0.0,0.0,-0.0
42.094412,"[437.80712890625, 6.372017860412598, 0.0]","[204.11691284179688, 4.5, 0.0]",17.320093103473567,6.45523738861084,-0.3636075313600884,,,0.0,-0.0,0.0,-0.0
42.116803,"[438.15362548828125, 6.378667831420898, 0.0]","[204.24581909179688, 4.5, 0.0]",17.31282095055887,6.4782395362854,-0.3636076457349091,,,0.0,-0.0,0.0,-0.0
42.133284,"[438.4999694824219, 6.38531494140625, 0.0]","[204.37554931640625, 4.5, 0.0]",17.305548798787918,6.489190578460693,-0.36360758854758757,,,0.0,-0.0,0.0,-0.0
42.156327,"[438.8461608886719, 6.391959190368652, 0.0]","[204.5106964111328, 4.5, 0.0]",17.29827664701697,6.5142107009887695,-0.36360758854740993,,,0.0,-0.0,0.0,-0.0
42.173626,"[439.19219970703125, 6.3986005783081055, 0.0]","[204.6362762451172, 4.5, 0.0]",17.291004496389764,6.52459716796875,-0.363607531360266,,,0.0,-0.0,0.0,-0.0
42.193888,"[439.5381164550781, 6.405239105224609, 0.0]","[204.76673889160156, 4.5, 0.0]",17.28373234347507,6.548980712890625,-0.3636076457347315,,,0.0,-0.0,0.0,-0.0
42.213118,"[439.8838806152344, 6.411874771118164, 0.0]","[204.8985137939453, 4.5, 0.0]",17.276460190560375,6.560633659362793,-0.3636076457347315,,,0.0,-0.0,0.0,-0.0
42.233196,"[440.2294921875, 6.418508052825928, 0.0]","[205.0302276611328, 4.5, 0.0]",17.26918803993317,6.586550235748291,-0.363607531360266,,,0.0,-0.0,0.0,-0.0
42.254616,"[440.574951171875, 6.425138473510742, 0.0]","[205.1649932861328, 4.5, 0.0]",17.26191588701847,6.599579334259034,-0.3636076457349091,,,0.0,-0.0,0.0,-0.0
42.272874,"[440.9202575683594, 6.431766033172607, 0.0]","[205.294677734375, 4.5, 0.0]",17.254643734103777,6.6251983642578125,-0.3636076457347315,,,0.0,-0.0,0.0,-0.0
42.294444,"[441.26544189453125, 6.438390731811523, 0.0]","[205.42630004882812, 4.5, 0.0]",17.247371582332825,6.637768745422363,-0.36360758854758757,,,0.0,-0.0,0.0,-0.0
42.315062,"[441.6104736328125, 6.44501256942749, 0.0]","[205.56190490722656, 4.5, 0.0]",17.24009942941813,6.664576053619385,-0.3636076457347315,,,0.0,-0.0,0.0,-0.0
42.334604,"[441.9553527832031, 6.451631546020508, 0.0]","[205.695068359375, 4.5, 0.0]",17.23282727821905,6.678352355957031,-0.3636075599539268,,,0.0,-0.0,0.0,-0.0
42.353184,"[442.3000793457031, 6.458248138427734, 0.0]","[205.8286590576172, 4.5, 0.0]",17.22555512587623,6.705524921417236,-0.3636076171410707,,,0.0,-0.0,0.0,-0.0
42.372546,"[442.6446838378906, 6.464861869812012, 0.0]","[205.9615478515625, 4.5, 0.0]",17.218282973533405,6.719260215759278,-0.36360761714124834,,,0.0,-0.0,0.0,-0.0
42.393151,"[442.9891357421875, 6.47147274017334, 0.0]","[206.0963592529297, 4.5, 0.0]",17.211010821762457,6.7466230392456055,-0.36360758854740993,,,0.0,-0.0,0.0,-0.0
42.413558,"[443.33343505859375, 6.478080749511719, 0.0]","[206.2313232421875, 4.5, 0.0]",17.203738671135252,6.7608232498168945,-0.363607531360266,,,0.0,-0.0,0.0,-0.0
42.433466,"[443.6775817871094, 6.484685897827148, 0.0]","[206.36856079101562, 4.5, 0.0]",17.196466518220557,6.789037227630615,-0.3636076457347315,,,0.0,-0.0,0.0,-0.0
42.453005,"[444.0216064453125, 6.491288185119629, 0.0]","[206.50331115722656, 4.5, 0.0]",17.18919436530586,6.8035292625427255,-0.3636076457349091,,,0.0,-0.0,0.0,-0.0
42.473104,"[444.365478515625, 6.49788761138916, 0.0]","[206.64028930664062, 4.5, 0.0]",17.18192221353491,6.8317036628723145,-0.36360758854740993,,,0.0,-0.0,0.0,-0.0
42.493683,"[444.7091979980469, 6.5044846534729, 0.0]","[206.77650451660156, 4.5, 0.0]",17.174650062907705,6.846427917480469,-0.363607531360266,,,0.0,-0.0,0.0,-0.0
42.514191,"[445.0527648925781, 6.511078834533691, 0.0]","[206.91342163085938, 4.5, 0.0]",17.167377910564884,6.874591827392578,-0.3636076171410707,,,0.0,-0.0,0.0,-0.0
42.533133,"[445.3962097167969, 6.517670154571533, 0.0]","[207.05130004882812, 4.5, 0.0]",17.16010575993768,6.892910003662109,-0.363607531360266,,,0.0,-0.0,0.0,-0.0
42.552856,"[445.739501953125, 6.524258613586426, 0.0]","[207.1897430419922, 4.5, 0.0]",17.15283360702298,6.914649963378906,-0.3636076457349091,,,0.0,-0.0,0.0,-0.0
42.572738,"[446.0826416015625, 6.530844211578369, 0.0]","[207.32794189453125, 4.5, 0.0]",17.145561454108286,6.936351299285889,-0.3636076457347315,,,0.0,-0.0,0.0,-0.0
42.594561,"[446.4256286621094, 6.537426948547363, 0.0]","[207.46629333496094, 4.5, 0.0]",17.13828930119359,6.9580769538879395,-0.3636076457347315,,,0.0,-0.0,0.0,-0.0
42.613052,"[446.7684631347656, 6.544006824493408, 0.0]","[207.6066436767578, 4.5, 0.0]",17.131017150566386,6.979948997497559,-0.363607531360266,,,0.0,-0.0,0.0,-0.0
42.633232,"[447.1111755371094, 6.550584316253662, 0.0]","[207.74705505371094, 4.5, 0.0]",17.123744998795434,7.001457214355469,-0.36360758854758757,,,0.0,-0.0,0.0,-0.0
42.654243,"[447.4537353515625, 6.557158946990967, 0.0]","[207.89073181152344, 4.5, 0.0]",17.116472847024486,7.023467540740969,-0.36360758854740993,,,0.0,-0.0,0.0,-0.0
42.673711,"[447.796142578125, 6.563730716705322, 0.0]","[208.03024291992188, 4.5, 0.0]",17.10920069639728,7.044840335845947,-0.363607531360266,,,0.0,-0.0,0.0,-0.0
42.69509,"[448.1383972167969, 6.5702996253967285, 0.0]","[208.17160034179688, 4.5, 0.0]",17.10192854462633,7.06649398803711,-0.36360758854758757,,,0.0,-0.0,0.0,-0.0
42.713436,"[448.48052978515625, 6.5768656730651855, 0.0]","[208.31008911132812, 4.5, 0.0]",17.094656391711634,7.087405681610107,-0.3636076457347315,,,0.0,-0.0,0.0,-0.0
42.733157,"[448.822509765625, 6.583428859710693, 0.0]","[208.45181274414062, 4.5, 0.0]",17.08738423879694,7.108138084411621,-0.3636076457347315,,,0.0,-0.0,0.0,-0.0
42.755393,"[449.1643371582031, 6.589989185333252, 0.0]","[208.5987548828125, 4.5, 0.0]",17.080112088169734,7.129635334014893,-0.363607531360266,,,0.0,-0.0,0.0,-0.0
42.773781,"[449.5060119628906, 6.5965471267700195, 0.0]","[208.73805236816406, 4.5, 0.0]",17.072839937542533,7.150012493133546,-0.3636075313600884,,,0.0,-0.0,0.0,-0.0
42.7946,"[449.8475646972656, 6.603102207183838, 0.0]","[208.8806610107422, 4.5, 0.0]",17.065567785199708,7.170875072479248,-0.36360761714124834,,,0.0,-0.0,0.0,-0.0
42.813815,"[450.18896484375, 6.609654426574707, 0.0]","[209.02435302734375, 4.5, 0.0]",17.05829563228501,7.191483020782471,-0.3636076457349091,,,0.0,-0.0,0.0,-0.0
42.833262,"[450.53021240234375, 6.616203784942627, 0.0]","[209.1719207763672, 4.5, 0.0]",17.051023479370315,7.211706638336182,-0.3636076457347315,,,0.0,-0.0,0.0,-0.0
42.852378,"[450.8713073730469, 6.622750282287598, 0.0]","[209.31690979003906, 4.5, 0.0]",17.04375132702749,7.231576919555664,-0.36360761714124834,,,0.0,-0.0,0.0,-0.0
42.872791,"[451.2122802734375, 6.629293918609619, 0.0]","[209.45870971679688, 4.5, 0.0]",17.03647917525654,7.251011848449707,-0.36360758854740993,,,0.0,-0.0,0.0,-0.0
42.893986,"[451.5531005859375, 6.635834693908691, 0.0]","[209.6057586669922, 4.5, 0.0]",17.02920702291372,7.271162986755371,-0.3636076171410707,,,0.0,-0.0,0.0,-0.0
42.914613,"[451.8937683105469, 6.642373085021973, 0.0]","[209.7518310546875, 4.5, 0.0]",17.021934869999022,7.2906694412231445,-0.3636076457349091,,,0.0,-0.0,0.0,-0.0
42.933935,"[452.2342834472656, 6.648908615112305, 0.0]","[209.89739990234375, 4.5, 0.0]",17.014662717084327,7.309066772460938,-0.3636076457347315,,,0.0,-0.0,0.0,-0.0
42.953608,"[452.57464599609375, 6.6554412841796875, 0.0]","[210.04229736328125, 4.5, 0.0]",17.007390566457122,7.330715179443359,-0.363607531360266,,,0.0,-0.0,0.0,-0.0
42.973487,"[452.9148864746094, 6.661971092224121, 0.0]","[210.18849182128906, 4.5, 0.0]",17.000118415829917,7.342525959014893,-0.363607531360266,,,0.0,-0.0,0.0,-0.0
42.994126,"[453.2549743652344, 6.6684980392456055, 0.0]","[210.3352813720703, 4.5, 0.0]",16.992846265202715,7.367746353149414,-0.3636075313600884,,,0.0,-0.0,0.0,-0.0
43.016239,"[453.59490966796875, 6.675022125244141, 0.0]","[210.4855499267578, 4.5, 0.0]",16.98557411285989,7.379507541656494,-0.36360761714124834,,,0.0,-0.0,0.0,-0.0
43.033584,"[453.9346923828125, 6.681543827056885, 0.0]","[210.63067626953125, 4.5, 0.0]",16.978301961088942,7.40283203125,-0.36360758854740993,,,0.0,-0.0,0.0,-0.0
43.054634,"[454.27435302734375, 6.68806266784668, 0.0]","[210.77915954589844, 4.5, 0.0]",16.971029808174244,7.413207054138185,-0.3636076457349091,,,0.0,-0.0,0.0,-0.0
43.073784,"[454.6138610839844, 6.694578647613525, 0.0]","[210.92758178710938, 4.5, 0.0]",16.96375765525955,7.4369096755981445,-0.3636076457347315,,,0.0,-0.0,0.0,-0.0
43.095544,"[454.9532165527344, 6.701091766357422, 0.0]","[211.0762939453125, 4.5, 0.0]",16.956485503488597,7.447310447692871,-0.36360758854758757,,,0.0,-0.0,0.0,-0.0
43.116179,"[455.29241943359375, 6.707602024078369, 0.0]","[211.22549438476562, 4.5, 0.0]",16.949213350573903,7.470563888549805,-0.3636076457347315,,,0.0,-0.0,0.0,-0.0
43.135848,"[455.6315002441406, 6.714109420776367, 0.0]","[211.3745574951172, 4.5, 0.0]",16.941941197659208,7.47927188873291,-0.3636076457347315,,,0.0,-0.0,0.0,-0.0
43.155175,"[455.9704284667969, 6.720613956451416, 0.0]","[211.52627563476562, 4.5, 0.0]",16.93466904474451,7.501585960388184,-0.3636076457349091,,,0.0,-0.0,0.0,-0.0
43.173435,"[456.3092041015625, 6.727116107940674, 0.0]","[211.67523193359375, 4.5, 0.0]",16.927396894117305,7.510283470153809,-0.363607531360266,,,0.0,-0.0,0.0,-0.0
43.196651,"[456.6478271484375, 6.733615398406982, 0.0]","[211.82522583007812, 4.5, 0.0]",16.920124743490103,7.532419204711914,-0.3636075313600884,,,0.0,-0.0,0.0,-0.0
43.21599,"[456.9862976074219, 6.740111827850342, 0.0]","[211.97630310058594, 4.5, 0.0]",16.912852592862897,7.540790557861328,-0.363607531360266,,,0.0,-0.0,0.0,-0.0
43.234256,"[457.32464599609375, 6.746605396270752, 0.0]","[212.12850952148438, 4.5, 0.0]",16.905580439948203,7.561376094818115,-0.3636076457347315,,,0.0,-0.0,0.0,-0.0
43.256281,"[457.662841796875, 6.753096103668213, 0.0]","[212.2786407470703, 4.5, 0.0]",16.898308287033505,7.568439483642578,-0.3636076457349091,,,0.0,-0.0,0.0,-0.0
43.273949,"[458.0008850097656, 6.759583950042725, 0.0]","[212.4302978515625, 4.5, 0.0]",16.89103613411881,7.58897590637207,-0.3636076457347315,,,0.0,-0.0,0.0,-0.0
43.293925,"[458.3387756347656, 6.766068935394287, 0.0]","[212.5826416015625, 4.5, 0.0]",16.883763983491605,7.596241474151611,-0.363607531360266,,,0.0,-0.0,0.0,-0.0
43.315567,"[458.6765441894531, 6.772551536560059, 0.0]","[212.73809814453125, 4.5, 0.0]",16.876491831148783,7.616568088531494,-0.3636076171410707,,,0.0,-0.0,0.0,-0.0
43.337538,"[459.01416015625, 6.779031276702881, 0.0]","[212.88656616210938, 4.5, 0.0]",16.869219680521578,7.6218485832214355,-0.363607531360266,,,0.0,-0.0,0.0,-0.0
43.355161,"[459.35162353515625, 6.785508155822754, 0.0]","[213.041015625, 4.5, 0.0]",16.8619475293225,7.640942096710205,-0.3636075599539268,,,0.0,-0.0,0.0,-0.0
43.374444,"[459.6889343261719, 6.791982173919678, 0.0]","[213.1927032470703, 4.5, 0.0]",16.854675376979678,7.646481037139893,-0.3636076171410707,,,0.0,-0.0,0.0,-0.0
43.402828,"[460.026123046875, 6.798453330993652, 0.0]","[213.34519958496094, 4.5, 0.0]",16.847403225780603,7.662084579467773,-0.36360755995374916,,,0.0,-0.0,0.0,-0.0
43.41576,"[460.3631591796875, 6.804921627044678, 0.0]","[213.50291442871094, 4.5, 0.0]",16.840131075153398,7.677573204040527,-0.363607531360266,,,0.0,-0.0,0.0,-0.0
43.434665,"[460.7000427246094, 6.811387062072754, 0.0]","[213.65277099609375, 4.5, 0.0]",16.832858924526192,7.681396007537842,-0.363607531360266,,,0.0,-0.0,0.0,-0.0
43.45522,"[461.0367736816406, 6.817850112915039, 0.0]","[213.80760192871094, 4.5, 0.0]",16.82558677389899,7.698899269104004,-0.3636075313600884,,,0.0,-0.0,0.0,-0.0
43.474143,"[461.3733825683594, 6.824310302734375, 0.0]","[213.96067810058594, 4.5, 0.0]",16.818314620984292,7.70294713973999,-0.3636076457349091,,,0.0,-0.0,0.0,-0.0
43.493461,"[461.7098388671875, 6.830767631530762, 0.0]","[214.1156005859375, 4.5, 0.0]",16.811042468069598,7.720456123352051,-0.3636076457347315,,,0.0,-0.0,0.0,-0.0
43.514289,"[462.046142578125, 6.837222099304199, 0.0]","[214.26966857910156, 4.5, 0.0]",16.8037703151549,7.724114418029785,-0.3636076457349091,,,0.0,-0.0,0.0,-0.0
43.532394,"[462.3822937011719, 6.8436737060546875, 0.0]","[214.42373657226562, 4.5, 0.0]",16.796498162240205,7.74008321762085,-0.3636076457347315,,,0.0,-0.0,0.0,-0.0
43.557649,"[462.7182922363281, 6.850122451782227, 0.0]","[214.58029174804688, 4.5, 0.0]",16.789226009325507,7.742868900299072,-0.3636076457349091,,,0.0,-0.0,0.0,-0.0
43.572506,"[463.0541687011719, 6.856568336486816, 0.0]","[214.73399353027344, 4.5, 0.0]",16.781953856410812,7.758814811706543,-0.3636076457347315,,,0.0,-0.0,0.0,-0.0
43.59348,"[463.389892578125, 6.863011837005615, 0.0]","[214.88856506347656, 4.5, 0.0]",16.774681703496114,7.761481761932373,-0.3636076457349091,,,0.0,-0.0,0.0,-0.0
43.613636,"[463.7254638671875, 6.869452476501465, 0.0]","[215.0452423095703, 4.5, 0.0]",16.767409552868912,7.777195930480957,-0.3636075313600884,,,0.0,-0.0,0.0,-0.0
43.631756,"[464.0608825683594, 6.875890254974365, 0.0]","[215.19996643066406, 4.5, 0.0]",16.760137402241707,7.778548717498779,-0.363607531360266,,,0.0,-0.0,0.0,-0.0
43.653325,"[464.39617919921875, 6.882325172424316, 0.0]","[215.35594177246094, 4.5, 0.0]",16.752865249327012,7.793299674987793,-0.3636076457347315,,,0.0,-0.0,0.0,-0.0
43.673589,"[464.7313232421875, 6.888757228851318, 0.0]","[215.5120391845703, 4.5, 0.0]",16.74559309755606,7.794723033905031,-0.36360758854758757,,,0.0,-0.0,0.0,-0.0
43.693178,"[465.0663146972656, 6.895186424255371, 0.0]","[215.66790771484375, 4.5, 0.0]",16.738320944641366,7.809467792510986,-0.3636076457347315,,,0.0,-0.0,0.0,-0.0
43.713515,"[465.4011535644531, 6.901613235473633, 0.0]","[215.82460021972656, 4.5, 0.0]",16.731048793442287,7.810573577880859,-0.3636075599539268,,,0.0,-0.0,0.0,-0.0
43.732203,"[465.7358703613281, 6.908037185668945, 0.0]","[215.9803466796875, 4.5, 0.0]",16.72377664224321,7.824179649353027,-0.3636075599539268,,,0.0,-0.0,0.0,-0.0
43.751917,"[466.0704345703125, 6.914458274841309, 0.0]","[216.13751220703125, 4.5, 0.0]",16.716504491044134,7.824516773223877,-0.36360755995374916,,,0.0,-0.0,0.0,-0.0
43.771618,"[466.40484619140625, 6.920876502990723, 0.0]","[216.29440307617188, 4.5, 0.0]",16.709232338129436,7.8381733894348145,-0.3636076457349091,,,0.0,-0.0,0.0,-0.0
43.792102,"[466.7391052246094, 6.9272918701171875, 0.0]","[216.45059204101562, 4.5, 0.0]",16.701960185786614,7.838466644287109,-0.3636076171410707,,,0.0,-0.0,0.0,-0.0
43.81384,"[467.0732421875, 6.933704376220703, 0.0]","[216.6088409423828, 4.5, 0.0]",16.69468803287192,7.851888179779053,-0.3636076457347315,,,0.0,-0.0,0.0,-0.0
43.832851,"[467.4072265625, 6.9401140213012695, 0.0]","[216.76541137695312, 4.5, 0.0]",16.68741587995722,7.851253509521484,-0.3636076457349091,,,0.0,-0.0,0.0,-0.0
43.855644,"[467.7410583496094, 6.946521282196045, 0.0]","[216.92446899414062, 4.5, 0.0]",16.680143729330016,7.864047050476074,-0.363607531360266,,,0.0,-0.0,0.0,-0.0
43.872935,"[468.0747375488281, 6.952925682067871, 0.0]","[217.0800018310547, 4.5, 0.0]",16.672871576987195,7.866705894470215,-0.3636076171410707,,,0.0,-0.0,0.0,-0.0
43.893611,"[468.40826416015625, 6.959327220916748, 0.0]","[217.23861694335938, 4.5, 0.0]",16.66559942578812,7.872816562652588,-0.36360755995374916,,,0.0,-0.0,0.0,-0.0
43.913061,"[468.7416687011719, 6.965725898742676, 0.0]","[217.39488220214844, 4.5, 0.0]",16.658327274017168,7.8786211013793945,-0.36360758854758757,,,0.0,-0.0,0.0,-0.0
43.931947,"[469.0749206542969, 6.972121715545654, 0.0]","[217.5520782470703, 4.5, 0.0]",16.651055122246216,7.883977890014648,-0.36360758854758757,,,0.0,-0.0,0.0,-0.0
43.95481,"[469.40802001953125, 6.978514671325684, 0.0]","[217.7154541015625, 4.5, 0.0]",16.64378297104714,7.889545440673828,-0.36360755995374916,,,0.0,-0.0,0.0,-0.0
43.973224,"[469.740966796875, 6.984904766082764, 0.0]","[217.8682403564453, 4.5, 0.0]",16.63651081927619,7.89475154876709,-0.36360758854758757,,,0.0,-0.0,0.0,-0.0
43.992875,"[470.07379150390625, 6.991292476654053, 0.0]","[218.0259552001953, 4.5, 0.0]",16.629238666361495,7.900126457214356,-0.3636076457347315,,,0.0,-0.0,0.0,-0.0
44.012002,"[470.4064636230469, 6.997677326202393, 0.0]","[218.18418884277344, 4.5, 0.0]",16.621966513446797,7.905372619628908,-0.3636076457349091,,,0.0,-0.0,0.0,-0.0
44.032331,"[470.7389831542969, 7.004059314727783, 0.0]","[218.3424072265625, 4.5, 0.0]",16.614694360532102,7.910287380218506,-0.3636076457347315,,,0.0,-0.0,0.0,-0.0
44.055348,"[471.07135009765625, 7.010438442230225, 0.0]","[218.5052032470703, 4.5, 0.0]",16.607422209904897,7.91534423828125,-0.363607531360266,,,0.0,-0.0,0.0,-0.0
44.073305,"[471.4035949707031, 7.016814708709717, 0.0]","[218.6608428955078, 4.5, 0.0]",16.60015005813395,7.920178413391113,-0.36360758854740993,,,0.0,-0.0,0.0,-0.0
44.093863,"[471.7356872558594, 7.02318811416626, 0.0]","[218.8174285888672, 4.5, 0.0]",16.592877907506743,7.925042629241943,-0.363607531360266,,,0.0,-0.0,0.0,-0.0
44.111969,"[472.067626953125, 7.0295586585998535, 0.0]","[218.97645568847656, 4.5, 0.0]",16.585605754592045,7.929922103881836,-0.3636076457349091,,,0.0,-0.0,0.0,-0.0
44.13327,"[472.3994140625, 7.035926818847656, 0.0]","[219.13436889648438, 4.5, 0.0]",16.57833360167735,7.934633731842042,-0.3636076457347315,,,0.0,-0.0,0.0,-0.0
44.154004,"[472.7310791015625, 7.04229211807251, 0.0]","[219.30059814453125, 4.5, 0.0]",16.571061448762656,7.939593315124512,-0.3636076457347315,,,0.0,-0.0,0.0,-0.0
44.172612,"[473.0625915527344, 7.048654556274414, 0.0]","[219.45269775390625, 4.5, 0.0]",16.56378929813545,7.944131374359131,-0.363607531360266,,,0.0,-0.0,0.0,-0.0
44.193446,"[473.3939514160156, 7.055014133453369, 0.0]","[219.61122131347656, 4.5, 0.0]",16.556517145220756,7.948861122131348,-0.3636076457347315,,,0.0,-0.0,0.0,-0.0
44.213433,"[473.72515869140625, 7.061370849609375, 0.0]","[219.77105712890625, 4.5, 0.0]",16.549244992306058,7.953643321990967,-0.3636076457349091,,,0.0,-0.0,0.0,-0.0
44.231955,"[474.05621337890625, 7.067724704742432, 0.0]","[219.93177795410156, 4.5, 0.0]",16.54197284110698,7.958485126495361,-0.3636075599539268,,,0.0,-0.0,0.0,-0.0
44.25348,"[474.38714599609375, 7.074075698852539, 0.0]","[220.0930938720703, 4.5, 0.0]",16.534700689907904,7.963344097137452,-0.36360755995374916,,,0.0,-0.0,0.0,-0.0
44.273042,"[474.7179260253906, 7.0804243087768555, 0.0]","[220.24928283691406, 4.5, 0.0]",16.527428539280702,7.968049049377443,-0.3636075313600884,,,0.0,-0.0,0.0,-0.0
44.292638,"[475.0485534667969, 7.086770057678223, 0.0]","[220.40846252441406, 4.5, 0.0]",16.520156386366004,7.976176738739014,-0.3636076457349091,,,0.0,-0.0,0.0,-0.0
44.312943,"[475.3790283203125, 7.093112945556641, 0.0]","[220.56813049316406, 4.5, 0.0]",16.51288423345131,7.974401950836182,-0.3636076457347315,,,0.0,-0.0,0.0,-0.0
44.333772,"[475.7093811035156, 7.099452972412109, 0.0]","[220.72747802734375, 4.5, 0.0]",16.50561208225223,7.986132621765137,-0.3636075599539268,,,0.0,-0.0,0.0,-0.0
44.353027,"[476.0395812988281, 7.105790138244629, 0.0]","[220.88876342773438, 4.5, 0.0]",16.498339931625026,7.984592437744142,-0.363607531360266,,,0.0,-0.0,0.0,-0.0
44.373406,"[476.36962890625, 7.112124443054199, 0.0]","[221.04664611816406, 4.5, 0.0]",16.49106777871033,7.996275901794434,-0.3636076457347315,,,0.0,-0.0,0.0,-0.0
44.394351,"[476.69952392578125, 7.1184563636779785, 0.0]","[221.21011352539062, 4.5, 0.0]",16.483795628083126,7.994805335998535,-0.363607531360266,,,0.0,-0.0,0.0,-0.0
44.413016,"[477.029296875, 7.124785423278809, 0.0]","[221.3686981201172, 4.5, 0.0]",16.47652347516843,8.006657600402832,-0.3636076457347315,,,0.0,-0.0,0.0,-0.0
44.433113,"[477.3589172363281, 7.1311116218566895, 0.0]","[221.5305938720703, 4.5, 0.0]",16.469251322253733,8.00560188293457,-0.3636076457349091,,,0.0,-0.0,0.0,-0.0
44.451966,"[477.6883850097656, 7.137434959411621, 0.0]","[221.6886444091797, 4.5, 0.0]",16.46197916933904,8.017749786376953,-0.3636076457347315,,,0.0,-0.0,0.0,-0.0
44.472083,"[478.0177001953125, 7.1437554359436035, 0.0]","[221.848388671875, 4.5, 0.0]",16.454707016996213,8.016619682312012,-0.36360761714124834,,,0.0,-0.0,0.0,-0.0
44.493765,"[478.3468933105469, 7.150073051452637, 0.0]","[222.00872802734375, 4.5, 0.0]",16.447434865225265,8.028846740722656,-0.36360758854740993,,,0.0,-0.0,0.0,-0.0
44.513967,"[478.6759338378906, 7.156387805938721, 0.0]","[222.1725616455078, 4.5, 0.0]",16.440162714026187,8.028060913085938,-0.3636075599539268,,,0.0,-0.0,0.0,-0.0
44.533766,"[479.00482177734375, 7.162700176239014, 0.0]","[222.33067321777344, 4.5, 0.0]",16.432890563398985,8.04081916809082,-0.3636075313600884,,,0.0,-0.0,0.0,-0.0
44.553941,"[479.33355712890625, 7.169009685516357, 0.0]","[222.49179077148438, 4.5, 0.0]",16.42561841277178,8.040356636047363,-0.363607531360266,,,0.0,-0.0,0.0,-0.0
44.572534,"[479.6621398925781, 7.175316333770752, 0.0]","[222.6513671875, 4.5, 0.0]",16.418346259857085,8.053171157836914,-0.3636076457347315,,,0.0,-0.0,0.0,-0.0
44.594331,"[479.9906005859375, 7.181620121002197, 0.0]","[222.81329345703125, 4.5, 0.0]",16.411074106942387,8.052741050720215,-0.3636076457349091,,,0.0,-0.0,0.0,-0.0
44.612436,"[480.31890869140625, 7.187921047210693, 0.0]","[222.97459411621094, 4.5, 0.0]",16.40380195631518,8.065848350524902,-0.363607531360266,,,0.0,-0.0,0.0,-0.0
44.633899,"[480.6470642089844, 7.19421911239624, 0.0]","[223.13621520996094, 4.5, 0.0]",16.396529803400487,8.066140174865723,-0.3636076457347315,,,0.0,-0.0,0.0,-0.0
44.653667,"[480.9750671386719, 7.200514316558838, 0.0]","[223.2985076904297, 4.5, 0.0]",16.389257650485792,8.079797744750977,-0.3636076457347315,,,0.0,-0.0,0.0,-0.0
44.675833,"[481.3029479980469, 7.2068071365356445, 0.0]","[223.46229553222656, 4.5, 0.0]",16.381985497571094,8.080182075500488,-0.3636076457349091,,,0.0,-0.0,0.0,-0.0
44.693902,"[481.63067626953125, 7.213097095489502, 0.0]","[223.62234497070312, 4.5, 0.0]",16.374713346943892,8.093742370605469,-0.3636075313600884,,,0.0,-0.0,0.0,-0.0
44.713583,"[481.958251953125, 7.21938419342041, 0.0]","[223.78253173828125, 4.5, 0.0]",16.367441194029194,8.094226837158203,-0.3636076457349091,,,0.0,-0.0,0.0,-0.0
44.732301,"[482.2856750488281, 7.225668430328369, 0.0]","[223.9439697265625, 4.5, 0.0]",16.36016904340199,8.108670234680176,-0.363607531360266,,,0.0,-0.0,0.0,-0.0
44.753486,"[482.61297607421875, 7.231949806213379, 0.0]","[224.10777282714844, 4.5, 0.0]",16.352896890487294,8.109891891479492,-0.3636076457347315,,,0.0,-0.0,0.0,-0.0
44.7726,"[482.94012451171875, 7.2382283210754395, 0.0]","[224.26963806152344, 4.5, 0.0]",16.34562473986009,8.12435531616211,-0.363607531360266,,,0.0,-0.0,0.0,-0.0
44.793096,"[483.2671203613281, 7.244503974914551, 0.0]","[224.43130493164062, 4.5, 0.0]",16.338352587517267,8.125473976135254,-0.3636076171410707,,,0.0,-0.0,0.0,-0.0
44.814573,"[483.5939636230469, 7.250777244567871, 0.0]","[224.59567260742188, 4.5, 0.0]",16.33108043460257,8.140321731567383,-0.3636076457349091,,,0.0,-0.0,0.0,-0.0
44.83542,"[483.9206848144531, 7.257047653198242, 0.0]","[224.7593536376953, 4.5, 0.0]",16.323808283975367,8.145713806152344,-0.3636075313600884,,,0.0,-0.0,0.0,-0.0
44.85434,"[484.24725341796875, 7.263315200805664, 0.0]","[224.92481994628906, 4.5, 0.0]",16.316536132204416,8.154536247253418,-0.36360758854758757,,,0.0,-0.0,0.0,-0.0
44.871981,"[484.57366943359375, 7.269579887390137, 0.0]","[225.08360290527344, 4.5, 0.0]",16.309263981577214,8.16300106048584,-0.3636075313600884,,,0.0,-0.0,0.0,-0.0
44.893909,"[484.8999328613281, 7.27584171295166, 0.0]","[225.25064086914062, 4.5, 0.0]",16.301991828662516,8.171905517578125,-0.3636076457349091,,,0.0,-0.0,0.0,-0.0
44.913,"[485.2260437011719, 7.282100677490234, 0.0]","[225.4116973876953, 4.5, 0.0]",16.29471967574782,8.18075180053711,-0.3636076457347315,,,0.0,-0.0,0.0,-0.0
44.933911,"[485.5520324707031, 7.288356781005859, 0.0]","[225.5773468017578, 4.5, 0.0]",16.287447522833123,8.190422058105469,-0.3636076457349091,,,0.0,-0.0,0.0,-0.0
44.952195,"[485.87786865234375, 7.294610500335693, 0.0]","[225.74070739746094, 4.5, 0.0]",16.280175369918428,8.199958801269531,-0.3636076457347315,,,0.0,-0.0,0.0,-0.0
44.973587,"[486.20355224609375, 7.300861358642578, 0.0]","[225.9029998779297, 4.5, 0.0]",16.272903217003734,8.209432601928711,-0.3636076457347315,,,0.0,-0.0,0.0,-0.0
44.992828,"[486.5290832519531, 7.307109355926514, 0.0]","[226.06634521484375, 4.5, 0.0]",16.265631064089035,8.218969345092775,-0.3636076457349091,,,0.0,-0.0,0.0,-0.0
45.012264,"[486.8544921875, 7.3133544921875, 0.0]","[226.2319793701172, 4.5, 0.0]",16.258358912889957,8.228848457336426,-0.3636075599539268,,,0.0,-0.0,0.0,-0.0
45.033679,"[487.17974853515625, 7.319596767425537, 0.0]","[226.39694213867188, 4.5, 0.0]",16.251086762262755,8.239160537719727,-0.3636075313600884,,,0.0,-0.0,0.0,-0.0
45.053835,"[487.5048522949219, 7.325836181640625, 0.0]","[226.56240844726562, 4.5, 0.0]",16.24381461163555,8.249504089355469,-0.363607531360266,,,0.0,-0.0,0.0,-0.0
45.073548,"[487.8298034667969, 7.332073211669922, 0.0]","[226.7304229736328, 4.5, 0.0]",16.236542458720855,8.260005950927734,-0.3636076457347315,,,0.0,-0.0,0.0,-0.0
45.096085,"[488.1546325683594, 7.3383073806762695, 0.0]","[226.89541625976562, 4.5, 0.0]",16.229270305806157,8.270319938659668,-0.3636076457349091,,,0.0,-0.0,0.0,-0.0
45.113796,"[488.47930908203125, 7.344538688659668, 0.0]","[227.0579071044922, 4.5, 0.0]",16.221998155178955,8.28062915802002,-0.3636075313600884,,,0.0,-0.0,0.0,-0.0
45.132838,"[488.8038330078125, 7.350767135620117, 0.0]","[227.22296142578125, 4.5, 0.0]",16.21472600455175,8.291437149047852,-0.363607531360266,,,0.0,-0.0,0.0,-0.0
45.153232,"[489.1282043457031, 7.356992721557617, 0.0]","[227.39024353027344, 4.5, 0.0]",16.207453853924545,8.302391052246094,-0.363607531360266,,,0.0,-0.0,0.0,-0.0
45.172038,"[489.45245361328125, 7.363215446472168, 0.0]","[227.5550079345703, 4.5, 0.0]",16.20018170100985,8.313180923461914,-0.3636076457347315,,,0.0,-0.0,0.0,-0.0
45.19285,"[489.77655029296875, 7.3694353103637695, 0.0]","[227.7209930419922, 4.5, 0.0]",16.192909548095155,8.32404899597168,-0.3636076457347315,,,0.0,-0.0,0.0,-0.0
45.213494,"[490.1004943847656, 7.37565279006958, 0.0]","[227.8903350830078, 4.5, 0.0]",16.185637395180457,8.335203170776367,-0.3636076457349091,,,0.0,-0.0,0.0,-0.0
45.232342,"[490.4242858886719, 7.381867408752441, 0.0]","[228.05577087402344, 4.5, 0.0]",16.17836524455325,8.346240997314453,-0.363607531360266,,,0.0,-0.0,0.0,-0.0
45.252912,"[490.7479248046875, 7.3880791664123535, 0.0]","[228.22344970703125, 4.5, 0.0]",16.171093091638557,8.360764503479004,-0.3636076457347315,,,0.0,-0.0,0.0,-0.0
45.273828,"[491.0714416503906, 7.394288063049316, 0.0]","[228.39065551757812, 4.5, 0.0]",16.163820939867605,8.365252494812012,-0.36360758854758757,,,0.0,-0.0,0.0,-0.0
45.294965,"[491.3948059082031, 7.40049409866333, 0.0]","[228.5583953857422, 4.5, 0.0]",16.156548789240404,8.383111953735352,-0.3636075313600884,,,0.0,-0.0,0.0,-0.0
45.312992,"[491.718017578125, 7.4066972732543945, 0.0]","[228.72549438476562, 4.5, 0.0]",16.14927663632571,8.387558937072756,-0.3636076457347315,,,0.0,-0.0,0.0,-0.0
45.333938,"[492.04107666015625, 7.41289758682251, 0.0]","[228.89305114746094, 4.5, 0.0]",16.14200448341101,8.405292510986328,-0.3636076457349091,,,0.0,-0.0,0.0,-0.0
45.354018,"[492.364013671875, 7.419095516204834, 0.0]","[229.06285095214844, 4.5, 0.0]",16.134732330496313,8.409839630126953,-0.3636076457349091,,,0.0,-0.0,0.0,-0.0
45.37216,"[492.6867980957031, 7.425290584564209, 0.0]","[229.2298583984375, 4.5, 0.0]",16.127460177581618,8.427536964416504,-0.3636076457347315,,,0.0,-0.0,0.0,-0.0
45.392736,"[493.0094299316406, 7.431482791900635, 0.0]","[229.39822387695312, 4.5, 0.0]",16.120188026954413,8.431988716125488,-0.363607531360266,,,0.0,-0.0,0.0,-0.0
45.413763,"[493.3319091796875, 7.437672138214111, 0.0]","[229.56787109375, 4.5, 0.0]",16.112915874039718,8.449702262878418,-0.3636076457347315,,,0.0,-0.0,0.0,-0.0
45.434251,"[493.6542663574219, 7.443858623504639, 0.0]","[229.7367706298828, 4.5, 0.0]",16.105643723412516,8.453679084777832,-0.3636075313600884,,,0.0,-0.0,0.0,-0.0
45.452723,"[493.9764709472656, 7.450042247772217, 0.0]","[229.90716552734375, 4.5, 0.0]",16.098371571641565,8.471085548400879,-0.36360758854758757,,,0.0,-0.0,0.0,-0.0
45.473356,"[494.29852294921875, 7.456223011016846, 0.0]","[230.0761260986328, 4.5, 0.0]",16.09109942101436,8.475066184997559,-0.363607531360266,,,0.0,-0.0,0.0,-0.0
45.493837,"[494.62042236328125, 7.462401390075684, 0.0]","[230.2456512451172, 4.5, 0.0]",16.083827268099665,8.49241828918457,-0.3636076457347315,,,0.0,-0.0,0.0,-0.0
45.512231,"[494.94219970703125, 7.468576908111572, 0.0]","[230.41566467285156, 4.5, 0.0]",16.076555116328713,8.496203422546387,-0.36360758854758757,,,0.0,-0.0,0.0,-0.0
45.533249,"[495.2638244628906, 7.474749565124512, 0.0]","[230.58551025390625, 4.5, 0.0]",16.06928296455776,8.512733459472656,-0.36360758854758757,,,0.0,-0.0,0.0,-0.0
45.552533,"[495.5852966308594, 7.480919361114502, 0.0]","[230.7552032470703, 4.5, 0.0]",16.062010811643066,8.515918731689453,-0.3636076457347315,,,0.0,-0.0,0.0,-0.0
45.573357,"[495.9066162109375, 7.487086296081543, 0.0]","[230.9288787841797, 4.5, 0.0]",16.05473866101586,8.532671928405762,-0.363607531360266,,,0.0,-0.0,0.0,-0.0
45.593462,"[496.227783203125, 7.493250370025635, 0.0]","[231.09661865234375, 4.5, 0.0]",16.04746651038866,8.535744667053223,-0.3636075313600884,,,0.0,-0.0,0.0,-0.0
45.612397,"[496.548828125, 7.499411582946777, 0.0]","[231.271240234375, 4.5, 0.0]",16.04019435918958,8.552194595336914,-0.3636075599539268,,,0.0,-0.0,0.0,-0.0
45.633789,"[496.8697204589844, 7.505570411682129, 0.0]","[231.43930053710938, 4.5, 0.0]",16.03292220856238,8.554211616516113,-0.3636075313600884,,,0.0,-0.0,0.0,-0.0
45.653094,"[497.1904602050781, 7.511726379394531, 0.0]","[231.61187744140625, 4.5, 0.0]",16.025650057935174,8.569799423217773,-0.363607531360266,,,0.0,-0.0,0.0,-0.0
45.671712,"[497.51104736328125, 7.517879486083984, 0.0]","[231.78187561035156, 4.5, 0.0]",16.01837790502048,8.571918487548828,-0.3636076457347315,,,0.0,-0.0,0.0,-0.0
45.693922,"[497.8315124511719, 7.524029731750488, 0.0]","[231.9536590576172, 4.5, 0.0]",16.01110575210578,8.587464332580566,-0.3636076457349091,,,0.0,-0.0,0.0,-0.0
45.713546,"[498.1518249511719, 7.530177116394043, 0.0]","[232.12550354003906, 4.5, 0.0]",16.00383360147858,8.589287757873535,-0.3636075313600884,,,0.0,-0.0,0.0,-0.0
45.731571,"[498.47198486328125, 7.536321640014648, 0.0]","[232.2965087890625, 4.5, 0.0]",15.996561448563881,8.603540420532227,-0.3636076457349091,,,0.0,-0.0,0.0,-0.0
45.754235,"[498.7919921875, 7.542463779449463, 0.0]","[232.4699249267578, 4.5, 0.0]",15.989289295649185,8.607898712158203,-0.3636076457348203,,,0.0,-0.0,0.0,-0.0
45.773279,"[499.11187744140625, 7.548603057861328, 0.0]","[232.64193725585938, 4.5, 0.0]",15.982017142734488,8.615528106689453,-0.3636076457348203,,,0.0,-0.0,0.0,-0.0
45.793611,"[499.4316101074219, 7.554739475250244, 0.0]","[232.81748962402344, 4.5, 0.0]",15.974744989819792,8.623313903808594,-0.3636076457348203,,,0.0,-0.0,0.0,-0.0
45.813197,"[499.7511901855469, 7.560873031616211, 0.0]","[232.9906463623047, 4.5, 0.0]",15.967472836905095,8.630555152893066,-0.3636076457348203,,,0.0,-0.0,0.0,-0.0
45.835132,"[500.07061767578125, 7.5670037269592285, 0.0]","[233.1597137451172, 4.5, 0.0]",15.9602006839904,8.63675308227539,-0.3636076457347315,,,0.0,-0.0,0.0,-0.0
45.852092,"[500.3899230957031, 7.573131561279297, 0.0]","[233.3330841064453, 4.5, 0.0]",15.952928533363195,8.643108367919922,-0.363607531360266,,,0.0,-0.0,0.0,-0.0
45.872231,"[500.7090759277344, 7.579256534576416, 0.0]","[233.5059051513672, 4.5, 0.0]",15.945656380448499,8.649443626403809,-0.3636076457348203,,,0.0,-0.0,0.0,-0.0
45.89321,"[501.028076171875, 7.585379123687744, 0.0]","[233.68238830566406, 4.5, 0.0]",15.938384228677549,8.655912399291992,-0.36360758854749875,,,0.0,-0.0,0.0,-0.0
45.914341,"[501.346923828125, 7.591498851776123, 0.0]","[233.85508728027344, 4.5, 0.0]",15.931112075762854,8.661792755126955,-0.3636076457347315,,,0.0,-0.0,0.0,-0.0
45.933283,"[501.6656188964844, 7.597615718841553, 0.0]","[234.0247344970703, 4.5, 0.0]",15.923839924563776,8.666661262512207,-0.3636075599539268,,,0.0,-0.0,0.0,-0.0
45.953694,"[501.98419189453125, 7.603729724884033, 0.0]","[234.20050048828125, 4.5, 0.0]",15.916567771649081,8.671705245971681,-0.3636076457347315,,,0.0,-0.0,0.0,-0.0
45.972445,"[502.3026123046875, 7.6098408699035645, 0.0]","[234.37538146972656, 4.5, 0.0]",15.909295621021876,8.676725387573242,-0.363607531360266,,,0.0,-0.0,0.0,-0.0
45.99353,"[502.6208801269531, 7.6159491539001465, 0.0]","[234.54563903808594, 4.5, 0.0]",15.90202346810718,8.681611061096191,-0.3636076457348203,,,0.0,-0.0,0.0,-0.0
46.013829,"[502.9389953613281, 7.622054576873779, 0.0]","[234.72181701660156, 4.5, 0.0]",15.894751316908103,8.686240196228027,-0.363607559953838,,,0.0,-0.0,0.0,-0.0
46.032299,"[503.2569885253906, 7.628157615661621, 0.0]","[234.8932342529297, 4.5, 0.0]",15.887479163993406,8.689846992492676,-0.3636076457348203,,,0.0,-0.0,0.0,-0.0
46.054665,"[503.5748291015625, 7.634257793426514, 0.0]","[235.0687713623047, 4.5, 0.0]",15.880207011078712,8.693540573120117,-0.3636076457347315,,,0.0,-0.0,0.0,-0.0
46.074112,"[503.89251708984375, 7.640355110168457, 0.0]","[235.24172973632812, 4.5, 0.0]",15.872934859307762,8.697178840637207,-0.36360758854749875,,,0.0,-0.0,0.0,-0.0
46.093542,"[504.2100524902344, 7.646449565887451, 0.0]","[235.4143524169922, 4.5, 0.0]",15.865662708680556,8.700811386108398,-0.363607531360266,,,0.0,-0.0,0.0,-0.0
46.113019,"[504.5274658203125, 7.652541160583496, 0.0]","[235.5896759033203, 4.5, 0.0]",15.858390558053353,8.70411491394043,-0.3636075313601772,,,0.0,-0.0,0.0,-0.0
46.134456,"[504.8447265625, 7.658629894256592, 0.0]","[235.7635955810547, 4.5, 0.0]",15.851118407426148,8.70652961730957,-0.363607531360266,,,0.0,-0.0,0.0,-0.0
46.153085,"[505.1618347167969, 7.664715766906738, 0.0]","[235.9380340576172, 4.5, 0.0]",15.84384625622707,8.708952903747559,-0.363607559953838,,,0.0,-0.0,0.0,-0.0
46.173561,"[505.4787902832031, 7.670799255371094, 0.0]","[236.11123657226562, 4.5, 0.0]",15.836574105599869,8.714692115783691,-0.3636075313600884,,,0.0,-0.0,0.0,-0.0
46.194086,"[505.7956237792969, 7.6768798828125, 0.0]","[236.2863006591797, 4.5, 0.0]",15.82930195268517,8.710454940795898,-0.3636076457349091,,,0.0,-0.0,0.0,-0.0
46.212664,"[506.1123046875, 7.682957649230957, 0.0]","[236.4612579345703, 4.5, 0.0]",15.822029799770474,8.719173431396484,-0.3636076457348203,,,0.0,-0.0,0.0,-0.0
46.233183,"[506.4288330078125, 7.689032554626465, 0.0]","[236.63624572753906, 4.5, 0.0]",15.814757648571398,8.713708877563477,-0.363607559953838,,,0.0,-0.0,0.0,-0.0
46.253636,"[506.7452087402344, 7.695104598999023, 0.0]","[236.80975341796875, 4.5, 0.0]",15.807485496800448,8.721570014953613,-0.36360758854749875,,,0.0,-0.0,0.0,-0.0
46.272479,"[507.0614318847656, 7.701173782348633, 0.0]","[236.9838409423828, 4.5, 0.0]",15.800213343885751,8.716099739074707,-0.3636076457348203,,,0.0,-0.0,0.0,-0.0
46.294415,"[507.3775329589844, 7.707240104675293, 0.0]","[237.16165161132812, 4.5, 0.0]",15.792941190971055,8.723991394042969,-0.3636076457348203,,,0.0,-0.0,0.0,-0.0
46.313787,"[507.6934814453125, 7.713304042816162, 0.0]","[237.3333740234375, 4.5, 0.0]",15.785669038056358,8.71816921234131,-0.3636076457348203,,,0.0,-0.0,0.0,-0.0
46.333893,"[508.00927734375, 7.719365119934082, 0.0]","[237.50753784179688, 4.5, 0.0]",15.778396885141662,8.724957466125488,-0.3636076457348203,,,0.0,-0.0,0.0,-0.0
46.353265,"[508.3249206542969, 7.725423336029053, 0.0]","[237.6820526123047, 4.5, 0.0]",15.771124732226967,8.718408584594727,-0.3636076457347315,,,0.0,-0.0,0.0,-0.0
46.372877,"[508.64044189453125, 7.731478691101074, 0.0]","[237.85516357421875, 4.5, 0.0]",15.763852579312271,8.72519588470459,-0.3636076457348203,,,0.0,-0.0,0.0,-0.0
46.393662,"[508.955810546875, 7.7375311851501465, 0.0]","[238.02960205078125, 4.5, 0.0]",15.756580426397576,8.718647956848145,-0.3636076457347315,,,0.0,-0.0,0.0,-0.0
46.414413,"[509.2710266113281, 7.7435808181762695, 0.0]","[238.20509338378906, 4.5, 0.0]",15.749308275770371,8.725118637084961,-0.363607531360266,,,0.0,-0.0,0.0,-0.0
46.433794,"[509.5860900878906, 7.749628067016602, 0.0]","[238.37965393066406, 4.5, 0.0]",15.742036125143166,8.717530250549316,-0.363607531360266,,,0.0,-0.0,0.0,-0.0
46.452808,"[509.9010314941406, 7.755672454833984, 0.0]","[238.5533905029297, 4.5, 0.0]",15.734763972228471,8.723281860351562,-0.3636076457347315,,,0.0,-0.0,0.0,-0.0
46.472028,"[510.2158203125, 7.761713981628418, 0.0]","[238.72744750976562, 4.5, 0.0]",15.727491821601266,8.715696334838867,-0.363607531360266,,,0.0,-0.0,0.0,-0.0
46.493123,"[510.53045654296875, 7.767752647399902, 0.0]","[238.9019317626953, 4.5, 0.0]",15.720219670974062,8.721444129943848,-0.3636075313601772,,,0.0,-0.0,0.0,-0.0
46.513543,"[510.8449401855469, 7.7737884521484375, 0.0]","[239.07760620117188, 4.5, 0.0]",15.712947520346859,8.71357250213623,-0.3636075313601772,,,0.0,-0.0,0.0,-0.0
46.533038,"[511.1593017578125, 7.779821395874023, 0.0]","[239.25091552734375, 4.5, 0.0]",15.705675367432162,8.71843147277832,-0.3636076457348203,,,0.0,-0.0,0.0,-0.0
46.552105,"[511.4735107421875, 7.78585147857666, 0.0]","[239.42529296875, 4.5, 0.0]",15.698403214517466,8.709942817687988,-0.3636076457348203,,,0.0,-0.0,0.0,-0.0
46.573423,"[511.78759765625, 7.791879177093506, 0.0]","[239.5995635986328, 4.5, 0.0]",15.69113106160277,8.714791297912598,-0.3636076457348203,,,0.0,-0.0,0.0,-0.0
46.591794,"[512.1015014648438, 7.797904014587402, 0.0]","[239.77340698242188, 4.5, 0.0]",15.683858908688073,8.706308364868164,-0.3636076457348203,,,0.0,-0.0,0.0,-0.0
46.613495,"[512.415283203125, 7.80392599105835, 0.0]","[239.95126342773438, 4.5, 0.0]",15.676586756345252,8.710856437683105,-0.3636076171410707,,,0.0,-0.0,0.0,-0.0
46.632769,"[512.7288818359375, 7.809945106506348, 0.0]","[240.12322998046875, 4.5, 0.0]",15.6693146045743,8.701581001281745,-0.36360758854758757,,,0.0,-0.0,0.0,-0.0
46.652617,"[513.0423583984375, 7.8159613609313965, 0.0]","[240.2988739013672, 4.5, 0.0]",15.662042451659605,8.705585479736328,-0.3636076457347315,,,0.0,-0.0,0.0,-0.0
46.671368,"[513.355712890625, 7.821974754333496, 0.0]","[240.4706573486328, 4.5, 0.0]",15.6547703010324,8.699646949768066,-0.363607531360266,,,0.0,-0.0,0.0,-0.0
46.692373,"[513.6688842773438, 7.8279852867126465, 0.0]","[240.6452178955078, 4.5, 0.0]",15.647498150405196,8.693666458129883,-0.3636075313601772,,,0.0,-0.0,0.0,-0.0
46.711932,"[513.98193359375, 7.833993434906006, 0.0]","[240.82022094726562, 4.5, 0.0]",15.640225999777991,8.697436332702637,-0.363607531360266,,,0.0,-0.0,0.0,-0.0
46.731846,"[514.2947998046875, 7.839998722076416, 0.0]","[240.99229431152344, 4.5, 0.0]",15.632953847435168,8.687382698059082,-0.3636076171411595,,,0.0,-0.0,0.0,-0.0
46.751813,"[514.6075439453125, 7.846001148223877, 0.0]","[241.16876220703125, 4.5, 0.0]",15.625681694520472,8.69057846069336,-0.3636076457348203,,,0.0,-0.0,0.0,-0.0
46.772544,"[514.920166015625, 7.852000713348389, 0.0]","[241.34080505371094, 4.5, 0.0]",15.618409541605777,8.680524826049805,-0.3636076457347315,,,0.0,-0.0,0.0,-0.0
46.791964,"[515.2326049804688, 7.857997417449951, 0.0]","[241.5146484375, 4.5, 0.0]",15.611137390406698,8.683771133422852,-0.3636075599539268,,,0.0,-0.0,0.0,-0.0
46.812846,"[515.544921875, 7.8639912605285645, 0.0]","[241.68878173828125, 4.5, 0.0]",15.603865238635748,8.673452377319336,-0.36360758854749875,,,0.0,-0.0,0.0,-0.0
46.831812,"[515.8571166992188, 7.8699822425842285, 0.0]","[241.8616180419922, 4.5, 0.0]",15.596593088008545,8.675993919372559,-0.3636075313601772,,,0.0,-0.0,0.0,-0.0
46.853092,"[516.1691284179688, 7.875970840454102, 0.0]","[242.03672790527344, 4.5, 0.0]",15.589320936809468,8.665145874023438,-0.363607559953838,,,0.0,-0.0,0.0,-0.0
46.871619,"[516.4810180664062, 7.881956577301025, 0.0]","[242.20884704589844, 4.5, 0.0]",15.582048786182265,8.667704582214355,-0.3636075313601772,,,0.0,-0.0,0.0,-0.0
46.892072,"[516.792724609375, 7.887939453125, 0.0]","[242.38121032714844, 4.5, 0.0]",15.574776633267568,8.656922340393066,-0.3636076457348203,,,0.0,-0.0,0.0,-0.0
46.911889,"[517.1043090820312, 7.893919467926025, 0.0]","[242.55596923828125, 4.5, 0.0]",15.567504482068491,8.659197807312012,-0.363607559953838,,,0.0,-0.0,0.0,-0.0
46.932543,"[517.415771484375, 7.899896621704102, 0.0]","[242.72850036621094, 4.5, 0.0]",15.560232329153793,8.647702217102053,-0.3636076457349091,,,0.0,-0.0,0.0,-0.0
46.95354,"[517.72705078125, 7.9058709144592285, 0.0]","[242.90354919433594, 4.5, 0.0]",15.552960176239099,8.649471282958984,-0.3636076457347315,,,0.0,-0.0,0.0,-0.0
46.971289,"[518.0382080078125, 7.911842346191406, 0.0]","[243.07305908203125, 4.5, 0.0]",15.545688024468149,8.638060569763184,-0.36360758854749875,,,0.0,-0.0,0.0,-0.0
46.99148,"[518.3491821289062, 7.917811393737793, 0.0]","[243.24583435058594, 4.5, 0.0]",15.538415873840943,8.639894485473633,-0.363607531360266,,,0.0,-0.0,0.0,-0.0
47.012717,"[518.6600341796875, 7.9237775802612305, 0.0]","[243.4200897216797, 4.5, 0.0]",15.531143722069995,8.62811279296875,-0.36360758854740993,,,0.0,-0.0,0.0,-0.0
47.032614,"[518.9707641601562, 7.929740905761719, 0.0]","[243.59217834472656, 4.5, 0.0]",15.52387157144279,8.629192352294922,-0.363607531360266,,,0.0,-0.0,0.0,-0.0
47.052555,"[519.2813110351562, 7.935701370239258, 0.0]","[243.7648162841797, 4.5, 0.0]",15.516599418528093,8.616917610168457,-0.3636076457348203,,,0.0,-0.0,0.0,-0.0
47.072641,"[519.5917358398438, 7.941658973693848, 0.0]","[243.93661499023438, 4.5, 0.0]",15.509327265613397,8.61800765991211,-0.3636076457348203,,,0.0,-0.0,0.0,-0.0
47.092548,"[519.9020385742188, 7.947613716125488, 0.0]","[244.1090087890625, 4.5, 0.0]",15.502055112698702,8.609075546264648,-0.3636076457347315,,,0.0,-0.0,0.0,-0.0
47.112245,"[520.212158203125, 7.953566074371338, 0.0]","[244.28204345703125, 4.5, 0.0]",15.494782959784004,8.603241920471191,-0.3636076457349091,,,0.0,-0.0,0.0,-0.0
47.133013,"[520.5221557617188, 7.959515571594238, 0.0]","[244.45277404785156, 4.5, 0.0]",15.48751080686931,8.597002983093262,-0.3636076457347315,,,0.0,-0.0,0.0,-0.0
47.152052,"[520.8319702148438, 7.9654622077941895, 0.0]","[244.6249237060547, 4.5, 0.0]",15.480238655670231,8.590712547302246,-0.3636075599539268,,,0.0,-0.0,0.0,-0.0
47.172272,"[521.1416625976562, 7.971405982971191, 0.0]","[244.79751586914062, 4.5, 0.0]",15.472966502755535,8.584404945373535,-0.3636076457348203,,,0.0,-0.0,0.0,-0.0
47.192811,"[521.4512329101562, 7.977346897125244, 0.0]","[244.9694061279297, 4.5, 0.0]",15.465694350412713,8.578124046325684,-0.3636076171410707,,,0.0,-0.0,0.0,-0.0
47.211386,"[521.7606201171875, 7.983284950256348, 0.0]","[245.1413116455078, 4.5, 0.0]",15.458422197498017,8.571625709533691,-0.3636076457348203,,,0.0,-0.0,0.0,-0.0
47.23169,"[522.0698852539062, 7.989220142364502, 0.0]","[245.3118438720703, 4.5, 0.0]",15.451150044583322,8.564692497253418,-0.3636076457347315,,,0.0,-0.0,0.0,-0.0
47.251652,"[522.3789672851562, 7.995152473449707, 0.0]","[245.48519897460938, 4.5, 0.0]",15.443877892240499,8.557644844055176,-0.3636076171411595,,,0.0,-0.0,0.0,-0.0
47.272902,"[522.6879272460938, 8.001082420349121, 0.0]","[245.6580047607422, 4.5, 0.0]",15.436605741613294,8.550619125366213,-0.363607531360266,,,0.0,-0.0,0.0,-0.0
47.292691,"[522.9967651367188, 8.007009506225586, 0.0]","[245.82530212402344, 4.5, 0.0]",15.429333590986088,8.543817520141602,-0.363607531360266,,,0.0,-0.0,0.0,-0.0
47.312437,"[523.305419921875, 8.012933731079102, 0.0]","[245.99729919433594, 4.5, 0.0]",15.422061438071394,8.536648750305176,-0.3636076457347315,,,0.0,-0.0,0.0,-0.0
47.331214,"[523.6139526367188, 8.018855094909668, 0.0]","[246.16659545898438, 4.5, 0.0]",15.414789285156697,8.529200553894043,-0.3636076457348203,,,0.0,-0.0,0.0,-0.0
47.352709,"[523.92236328125, 8.024773597717285, 0.0]","[246.3391571044922, 4.5, 0.0]",15.407517134529492,8.521608352661133,-0.363607531360266,,,0.0,-0.0,0.0,-0.0
47.372911,"[524.2305908203125, 8.030689239501953, 0.0]","[246.5082550048828, 4.5, 0.0]",15.400244983902288,8.514168739318848,-0.3636075313601772,,,0.0,-0.0,0.0,-0.0
47.392239,"[524.5386962890625, 8.036602020263672, 0.0]","[246.67904663085938, 4.5, 0.0]",15.392972832703212,8.506654739379883,-0.363607559953838,,,0.0,-0.0,0.0,-0.0
47.411654,"[524.8466186523438, 8.042511940002441, 0.0]","[246.8495635986328, 4.5, 0.0]",15.385700682076008,8.499024391174316,-0.3636075313601772,,,0.0,-0.0,0.0,-0.0
47.433012,"[525.1544189453125, 8.048418998718262, 0.0]","[247.0183563232422, 4.5, 0.0]",15.378428529161312,8.49118709564209,-0.3636076457348203,,,0.0,-0.0,0.0,-0.0
47.451867,"[525.4620971679688, 8.05432415008545, 0.0]","[247.19046020507812, 4.5, 0.0]",15.371156378534106,8.483195304870605,-0.363607531360266,,,0.0,-0.0,0.0,-0.0
47.471488,"[525.7695922851562, 8.060226440429688, 0.0]","[247.35800170898438, 4.5, 0.0]",15.363884225619412,8.47541618347168,-0.3636076457347315,,,0.0,-0.0,0.0,-0.0
47.493685,"[526.0769653320312, 8.066125869750977, 0.0]","[247.5294647216797, 4.5, 0.0]",15.356612072704715,8.467453956604004,-0.3636076457348203,,,0.0,-0.0,0.0,-0.0
47.514506,"[526.3842163085938, 8.072022438049316, 0.0]","[247.69741821289062, 4.5, 0.0]",15.349339919790019,8.462916374206543,-0.3636076457348203,,,0.0,-0.0,0.0,-0.0
47.531948,"[526.6912841796875, 8.077916145324707, 0.0]","[247.86546325683594, 4.5, 0.0]",15.342067768019067,8.448208808898926,-0.36360758854758757,,,0.0,-0.0,0.0,-0.0
47.553309,"[526.9982299804688, 8.083806991577148, 0.0]","[248.0365753173828, 4.5, 0.0]",15.334795615676246,8.446691513061523,-0.3636076171410707,,,0.0,-0.0,0.0,-0.0
47.572358,"[527.3049926757812, 8.08969497680664, 0.0]","[248.2041778564453, 4.5, 0.0]",15.32752346276155,8.432005882263184,-0.3636076457348203,,,0.0,-0.0,0.0,-0.0
47.591795,"[527.6116333007812, 8.095580101013184, 0.0]","[248.37257385253906, 4.5, 0.0]",15.320251312134344,8.430618286132812,-0.363607531360266,,,0.0,-0.0,0.0,-0.0
47.61218,"[527.9181518554688, 8.101462364196777, 0.0]","[248.54139709472656, 4.5, 0.0]",15.31297916150714,8.415874481201172,-0.3636075313601772,,,0.0,-0.0,0.0,-0.0
47.632651,"[528.2244873046875, 8.107341766357422, 0.0]","[248.70989990234375, 4.5, 0.0]",15.30570700973619,8.414483070373535,-0.36360758854749875,,,0.0,-0.0,0.0,-0.0
47.654254,"[528.5307006835938, 8.113218307495117, 0.0]","[248.8789520263672, 4.5, 0.0]",15.298434858537114,8.39972972869873,-0.363607559953838,,,0.0,-0.0,0.0,-0.0
47.671315,"[528.8367309570312, 8.119091987609863, 0.0]","[249.04591369628906, 4.5, 0.0]",15.291162705622417,8.398411750793457,-0.3636076457348203,,,0.0,-0.0,0.0,-0.0
47.691317,"[529.1426391601562, 8.12496280670166, 0.0]","[249.2133331298828, 4.5, 0.0]",15.283890552707721,8.383736610412598,-0.3636076457348203,,,0.0,-0.0,0.0,-0.0
47.711643,"[529.4484252929688, 8.130830764770508, 0.0]","[249.38198852539062, 4.5, 0.0]",15.276618399793024,8.382393836975098,-0.3636076457348203,,,0.0,-0.0,0.0,-0.0
47.732156,"[529.7540283203125, 8.136696815490723, 0.0]","[249.55128479003906, 4.5, 0.0]",15.269346248022075,8.367813110351562,-0.36360758854749875,,,0.0,-0.0,0.0,-0.0
47.753378,"[530.0595092773438, 8.142560005187988, 0.0]","[249.72006225585938, 4.5, 0.0]",15.262074097394871,8.366591453552246,-0.3636075313601772,,,0.0,-0.0,0.0,-0.0
47.772428,"[530.3648681640625, 8.148420333862305, 0.0]","[249.88331604003906, 4.5, 0.0]",15.254801946767667,8.352293014526367,-0.3636075313601772,,,0.0,-0.0,0.0,-0.0
47.790748,"[530.6700439453125, 8.154277801513672, 0.0]","[250.05015563964844, 4.5, 0.0]",15.247529794996717,8.351162910461426,-0.36360758854749875,,,0.0,-0.0,0.0,-0.0
47.8115,"[530.97509765625, 8.16013240814209, 0.0]","[250.21829223632812, 4.5, 0.0]",15.240257643225767,8.336748123168945,-0.36360758854749875,,,0.0,-0.0,0.0,-0.0
47.832989,"[531.2799682617188, 8.165984153747559, 0.0]","[250.38632202148438, 4.5, 0.0]",15.232985492598564,8.335929870605469,-0.3636075313601772,,,0.0,-0.0,0.0,-0.0
47.852994,"[531.584716796875, 8.171833038330078, 0.0]","[250.5510711669922, 4.5, 0.0]",15.225713339683866,8.321922302246094,-0.3636076457349091,,,0.0,-0.0,0.0,-0.0
47.871576,"[531.8893432617188, 8.177679061889648, 0.0]","[250.7176513671875, 4.5, 0.0]",15.218441186769171,8.321167945861816,-0.3636076457347315,,,0.0,-0.0,0.0,-0.0
47.894293,"[532.1937866210938, 8.18352222442627, 0.0]","[250.88446044921875, 4.5, 0.0]",15.211169033854475,8.307068824768066,-0.3636076457348203,,,0.0,-0.0,0.0,-0.0
47.911417,"[532.4981079101562, 8.189362525939941, 0.0]","[251.05123901367188, 4.5, 0.0]",15.203896882083523,8.306439399719238,-0.36360758854758757,,,0.0,-0.0,0.0,-0.0
47.932022,"[532.80224609375, 8.195199966430664, 0.0]","[251.21571350097656, 4.5, 0.0]",15.1966247297407,8.292867660522461,-0.3636076171411595,,,0.0,-0.0,0.0,-0.0
47.951662,"[533.1062622070312, 8.201034545898438, 0.0]","[251.38356018066406, 4.5, 0.0]",15.189352576826005,8.29249095916748,-0.3636076457347315,,,0.0,-0.0,0.0,-0.0
47.971459,"[533.41015625, 8.206866264343262, 0.0]","[251.54824829101562, 4.5, 0.0]",15.182080423911309,8.278910636901855,-0.3636076457348203,,,0.0,-0.0,0.0,-0.0
47.992444,"[533.7138671875, 8.212695121765137, 0.0]","[251.7174835205078, 4.5, 0.0]",15.174808270996612,8.278475761413574,-0.3636076457348203,,,0.0,-0.0,0.0,-0.0
48.013805,"[534.0174560546875, 8.218522071838379, 0.0]","[251.88307189941406, 4.5, 0.0]",15.167536120369409,8.265005111694336,-0.3636075313601772,,,0.0,-0.0,0.0,-0.0
48.031977,"[534.3209228515625, 8.224346160888672, 0.0]","[252.0441131591797, 4.5, 0.0]",15.160263969742203,8.265355110168457,-0.363607531360266,,,0.0,-0.0,0.0,-0.0
48.052041,"[534.6242065429688, 8.230167388916016, 0.0]","[252.21133422851562, 4.5, 0.0]",15.152991817971253,8.25545883178711,-0.36360758854749875,,,0.0,-0.0,0.0,-0.0
48.071649,"[534.9273681640625, 8.23598575592041, 0.0]","[252.37538146972656, 4.5, 0.0]",15.145719665056557,8.249022483825684,-0.3636076457348203,,,0.0,-0.0,0.0,-0.0
48.09318,"[535.2303466796875, 8.241801261901855, 0.0]","[252.5404052734375, 4.5, 0.0]",15.138447513285607,8.242547988891602,-0.36360758854749875,,,0.0,-0.0,0.0,-0.0
48.112754,"[535.533203125, 8.247613906860352, 0.0]","[252.70603942871094, 4.5, 0.0]",15.131175362658404,8.236160278320312,-0.3636075313601772,,,0.0,-0.0,0.0,-0.0
48.131876,"[535.8359375, 8.253423690795898, 0.0]","[252.86859130859375, 4.5, 0.0]",15.123903209743707,8.230133056640625,-0.3636076457348203,,,0.0,-0.0,0.0,-0.0
48.15307,"[536.1384887695312, 8.259230613708496, 0.0]","[253.0339813232422, 4.5, 0.0]",15.11663105682901,8.224000930786133,-0.3636076457348203,,,0.0,-0.0,0.0,-0.0
48.172003,"[536.44091796875, 8.265034675598145, 0.0]","[253.1979522705078, 4.5, 0.0]",15.10935890505806,8.217921257019043,-0.36360758854749875,,,0.0,-0.0,0.0,-0.0
48.192447,"[536.7432250976562, 8.270835876464844, 0.0]","[253.3629608154297, 4.5, 0.0]",15.10208675328711,8.211803436279297,-0.36360758854749875,,,0.0,-0.0,0.0,-0.0
48.211582,"[537.0453491210938, 8.276634216308594, 0.0]","[253.5292510986328, 4.5, 0.0]",15.094814600372414,8.205687522888184,-0.3636076457348203,,,0.0,-0.0,0.0,-0.0
48.231849,"[537.3473510742188, 8.282429695129395, 0.0]","[253.69422912597656, 4.5, 0.0]",15.08754244974521,8.199728965759277,-0.3636075313601772,,,0.0,-0.0,0.0,-0.0
48.251899,"[537.649169921875, 8.288222312927246, 0.0]","[253.85914611816406, 4.5, 0.0]",15.080270296830514,8.193774223327638,-0.3636076457348203,,,0.0,-0.0,0.0,-0.0
48.271694,"[537.9508666992188, 8.294013023376465, 0.0]","[254.02325439453125, 4.5, 0.0]",15.072998145059564,8.187847137451172,-0.36360758854749875,,,0.0,-0.0,0.0,-0.0
48.293443,"[538.25244140625, 8.299800872802734, 0.0]","[254.1825408935547, 4.5, 0.0]",15.065725993288615,8.18209457397461,-0.36360758854749875,,,0.0,-0.0,0.0,-0.0
48.3117,"[538.5538330078125, 8.305585861206055, 0.0]","[254.34744262695312, 4.5, 0.0]",15.058453840373918,8.176114082336426,-0.3636076457348203,,,0.0,-0.0,0.0,-0.0
48.332466,"[538.8551025390625, 8.311367988586426, 0.0]","[254.51040649414062, 4.5, 0.0]",15.051181687459223,8.170146942138672,-0.3636076457347315,,,0.0,-0.0,0.0,-0.0
48.352633,"[539.1561889648438, 8.317147254943848, 0.0]","[254.67355346679688, 4.5, 0.0]",15.043909535688272,8.16417407989502,-0.36360758854758757,,,0.0,-0.0,0.0,-0.0
48.371244,"[539.4571533203125, 8.32292366027832, 0.0]","[254.83657836914062, 4.5, 0.0]",15.036637382773577,8.158205032348633,-0.3636076457347315,,,0.0,-0.0,0.0,-0.0
48.391251,"[539.7579956054688, 8.328697204589844, 0.0]","[254.9994659423828, 4.5, 0.0]",15.029365231002627,8.152240753173828,-0.36360758854749875,,,0.0,-0.0,0.0,-0.0
48.413348,"[540.0586547851562, 8.334467887878418, 0.0]","[255.16368103027344, 4.5, 0.0]",15.02209307980355,8.146110534667969,-0.363607559953838,,,0.0,-0.0,0.0,-0.0
48.432125,"[540.3591918945312, 8.340235710144043, 0.0]","[255.32530212402344, 4.5, 0.0]",15.014820929176345,8.139812469482422,-0.363607531360266,,,0.0,-0.0,0.0,-0.0
48.452452,"[540.6596069335938, 8.346000671386719, 0.0]","[255.48873901367188, 4.5, 0.0]",15.007548777405395,8.133444786071777,-0.36360758854749875,,,0.0,-0.0,0.0,-0.0
48.472507,"[540.9598388671875, 8.351762771606445, 0.0]","[255.6514129638672, 4.5, 0.0]",15.000276624490699,8.130439758300781,-0.3636076457348203,,,0.0,-0.0,0.0,-0.0
48.492076,"[541.2599487304688, 8.357522010803223, 0.0]","[255.8138427734375, 4.5, 0.0]",14.993004473863493,8.117443084716797,-0.363607531360266,,,0.0,-0.0,0.0,-0.0
48.512166,"[541.5598754882812, 8.36327838897705, 0.0]","[255.9766845703125, 4.5, 0.0]",14.98573232323629,8.11754322052002,-0.3636075313601772,,,0.0,-0.0,0.0,-0.0
48.531202,"[541.8596801757812, 8.36903190612793, 0.0]","[256.1380310058594, 4.5, 0.0]",14.978460172037213,8.103864669799805,-0.363607559953838,,,0.0,-0.0,0.0,-0.0
48.55256,"[542.1593627929688, 8.374783515930176, 0.0]","[256.3007507324219, 4.5, 0.0]",14.971188019122517,8.103464126586914,-0.3636076457348203,,,0.0,-0.0,0.0,-0.0
48.570976,"[542.4588623046875, 8.380532264709473, 0.0]","[256.4620056152344, 4.5, 0.0]",14.963915866779693,8.089790344238281,-0.3636076171411595,,,0.0,-0.0,0.0,-0.0
48.5932,"[542.7582397460938, 8.38627815246582, 0.0]","[256.627685546875, 4.5, 0.0]",14.956643713864997,8.08926010131836,-0.3636076457348203,,,0.0,-0.0,0.0,-0.0
48.611472,"[543.0574340820312, 8.392021179199219, 0.0]","[256.7872009277344, 4.5, 0.0]",14.9493715609503,8.075347900390625,-0.3636076457348203,,,0.0,-0.0,0.0,-0.0
48.632393,"[543.3565063476562, 8.397761344909668, 0.0]","[256.94818115234375, 4.5, 0.0]",14.942099409179352,8.07401180267334,-0.36360758854740993,,,0.0,-0.0,0.0,-0.0
48.651958,"[543.6554565429688, 8.403498649597168, 0.0]","[257.1091613769531, 4.5, 0.0]",14.934827258552147,8.05933952331543,-0.363607531360266,,,0.0,-0.0,0.0,-0.0
48.67239,"[543.9542236328125, 8.409233093261719, 0.0]","[257.2705993652344, 4.5, 0.0]",14.927555107924944,8.05798053741455,-0.3636075313601772,,,0.0,-0.0,0.0,-0.0
48.69148,"[544.2528686523438, 8.41496467590332, 0.0]","[257.4311218261719, 4.5, 0.0]",14.920282956725867,8.043329238891602,-0.363607559953838,,,0.0,-0.0,0.0,-0.0
48.711295,"[544.5513916015625, 8.420693397521973, 0.0]","[257.5933532714844, 4.5, 0.0]",14.913010803811169,8.04152774810791,-0.3636076457349091,,,0.0,-0.0,0.0,-0.0
48.731265,"[544.8497314453125, 8.426419258117676, 0.0]","[257.7520446777344, 4.5, 0.0]",14.905738653183965,8.025680541992188,-0.3636075313601772,,,0.0,-0.0,0.0,-0.0
48.752517,"[545.14794921875, 8.43214225769043, 0.0]","[257.9137878417969, 4.5, 0.0]",14.898466500269269,8.022991180419922,-0.3636076457348203,,,0.0,-0.0,0.0,-0.0
48.772532,"[545.4459838867188, 8.437862396240234, 0.0]","[258.0738830566406, 4.5, 0.0]",14.891194347354572,8.007061958312988,-0.3636076457348203,,,0.0,-0.0,0.0,-0.0
48.791877,"[545.743896484375, 8.44357967376709, 0.0]","[258.2342224121094, 4.5, 0.0]",14.883922194439878,8.004456520080566,-0.3636076457347315,,,0.0,-0.0,0.0,-0.0
48.81129,"[546.0416870117188, 8.449295043945312, 0.0]","[258.39483642578125, 4.5, 0.0]",14.876650042097054,7.98801851272583,-0.3636076171411595,,,0.0,-0.0,0.0,-0.0
48.831471,"[546.3392944335938, 8.455007553100586, 0.0]","[258.55401611328125, 4.5, 0.0]",14.869377889754231,7.983922481536865,-0.3636076171411595,,,0.0,-0.0,0.0,-0.0
48.85275,"[546.6367797851562, 8.46071720123291, 0.0]","[258.7139892578125, 4.5, 0.0]",14.862105736839535,7.966438293457031,-0.3636076457348203,,,0.0,-0.0,0.0,-0.0
48.872019,"[546.9341430664062, 8.466423988342285, 0.0]","[258.8725280761719, 4.5, 0.0]",14.85483358392484,7.962383270263672,-0.3636076457347315,,,0.0,-0.0,0.0,-0.0
48.892241,"[547.2313232421875, 8.472127914428711, 0.0]","[259.0357971191406, 4.5, 0.0]",14.847561431010144,7.944677352905274,-0.3636076457348203,,,0.0,-0.0,0.0,-0.0
48.912218,"[547.5283813476562, 8.477828979492188, 0.0]","[259.19171142578125, 4.5, 0.0]",14.840289280382938,7.94027853012085,-0.363607531360266,,,0.0,-0.0,0.0,-0.0
48.931373,"[547.8252563476562, 8.483527183532715, 0.0]","[259.3497009277344, 4.5, 0.0]",14.833017127468244,7.9212327003479,-0.3636076457347315,,,0.0,-0.0,0.0,-0.0
48.951156,"[548.1220092773438, 8.489222526550293, 0.0]","[259.5075378417969, 4.5, 0.0]",14.825744976841039,7.915531635284424,-0.363607531360266,,,0.0,-0.0,0.0,-0.0
48.972758,"[548.4186401367188, 8.494915008544922, 0.0]","[259.6685791015625, 4.5, 0.0]",14.818472826213833,7.8995819091796875,-0.363607531360266,,,0.0,-0.0,0.0,-0.0
48.991367,"[548.715087890625, 8.500604629516602, 0.0]","[259.8241882324219, 4.5, 0.0]",14.81120067558663,7.88739013671875,-0.3636075313601772,,,0.0,-0.0,0.0,-0.0
49.013018,"[549.0114135742188, 8.506291389465332, 0.0]","[259.98272705078125, 4.5, 0.0]",14.803928523243806,7.874411106109619,-0.3636076171411595,,,0.0,-0.0,0.0,-0.0
49.031189,"[549.3075561523438, 8.511975288391113, 0.0]","[260.1387939453125, 4.5, 0.0]",14.79665637204473,7.860387325286865,-0.363607559953838,,,0.0,-0.0,0.0,-0.0
49.052444,"[549.6035766601562, 8.517656326293945, 0.0]","[260.2968444824219, 4.5, 0.0]",14.789384219130033,7.846189022064209,-0.3636076457348203,,,0.0,-0.0,0.0,-0.0
49.072353,"[549.8994750976562, 8.523334503173828, 0.0]","[260.45361328125, 4.5, 0.0]",14.78211206850283,7.8321032524108904,-0.3636075313601772,,,0.0,-0.0,0.0,-0.0
49.092831,"[550.1951904296875, 8.529010772705078, 0.0]","[260.6105041503906, 4.5, 0.0]",14.774839917875626,7.81800651550293,-0.3636075313601772,,,0.0,-0.0,0.0,-0.0
49.111481,"[550.4907836914062, 8.534684181213379, 0.0]","[260.76715087890625, 4.5, 0.0]",14.76756776667655,7.803370952606201,-0.363607559953838,,,0.0,-0.0,0.0,-0.0
49.13201,"[550.7862548828125, 8.54035472869873, 0.0]","[260.9216613769531, 4.5, 0.0]",14.760295613761851,7.787683963775635,-0.3636076457349091,,,0.0,-0.0,0.0,-0.0
49.152493,"[551.08154296875, 8.546022415161133, 0.0]","[261.07818603515625, 4.5, 0.0]",14.753023460847157,7.771795749664307,-0.3636076457347315,,,0.0,-0.0,0.0,-0.0
49.171925,"[551.376708984375, 8.551687240600586, 0.0]","[261.2322082519531, 4.5, 0.0]",14.745751309076207,7.756158351898193,-0.36360758854749875,,,0.0,-0.0,0.0,-0.0
49.194027,"[551.6716918945312, 8.55734920501709, 0.0]","[261.3876037597656, 4.5, 0.0]",14.738479157305255,7.74038553237915,-0.36360758854758757,,,0.0,-0.0,0.0,-0.0
49.212514,"[551.966552734375, 8.563008308410645, 0.0]","[261.54364013671875, 4.5, 0.0]",14.731207004962432,7.724024295806885,-0.3636076171411595,,,0.0,-0.0,0.0,-0.0
49.233327,"[552.2612915039062, 8.56866455078125, 0.0]","[261.6968994140625, 4.5, 0.0]",14.723934853191482,7.706783771514893,-0.36360758854749875,,,0.0,-0.0,0.0,-0.0
49.252251,"[552.5558471679688, 8.574317932128906, 0.0]","[261.85125732421875, 4.5, 0.0]",14.716662700276785,7.689420223236084,-0.3636076457348203,,,0.0,-0.0,0.0,-0.0
49.27114,"[552.8502807617188, 8.579968452453613, 0.0]","[262.0042419433594, 4.5, 0.0]",14.70939054736209,7.672207832336426,-0.3636076457347315,,,0.0,-0.0,0.0,-0.0
49.292198,"[553.14453125, 8.585616111755371, 0.0]","[262.15771484375, 4.5, 0.0]",14.702118394447394,7.654942989349365,-0.3636076457348203,,,0.0,-0.0,0.0,-0.0
49.312305,"[553.4386596679688, 8.59126091003418, 0.0]","[262.3120422363281, 4.5, 0.0]",14.694846241532698,7.637139320373535,-0.3636076457348203,,,0.0,-0.0,0.0,-0.0
49.331984,"[553.732666015625, 8.596902847290039, 0.0]","[262.4638366699219, 4.5, 0.0]",14.687574088618002,7.618621826171877,-0.3636076457348203,,,0.0,-0.0,0.0,-0.0
49.353658,"[554.0264892578125, 8.60254192352295, 0.0]","[262.6194152832031, 4.5, 0.0]",14.680301937990798,7.599645614624023,-0.3636075313601772,,,0.0,-0.0,0.0,-0.0
49.371229,"[554.3201904296875, 8.608179092407227, 0.0]","[262.7666931152344, 4.5, 0.0]",14.673029786219848,7.581680774688721,-0.36360758854749875,,,0.0,-0.0,0.0,-0.0
49.392513,"[554.61376953125, 8.613813400268555, 0.0]","[262.91876220703125, 4.5, 0.0]",14.665757634448898,7.566466331481934,-0.36360758854749875,,,0.0,-0.0,0.0,-0.0
49.412243,"[554.9071655273438, 8.619444847106934, 0.0]","[263.0713806152344, 4.5, 0.0]",14.658485482677948,7.540841102600099,-0.36360758854749875,,,0.0,-0.0,0.0,-0.0
49.433483,"[555.200439453125, 8.625073432922363, 0.0]","[263.22161865234375, 4.5, 0.0]",14.651213332050743,7.528067588806152,-0.363607531360266,,,0.0,-0.0,0.0,-0.0
49.454962,"[555.4935302734375, 8.630699157714844, 0.0]","[263.37213134765625, 4.5, 0.0]",14.64394118142354,7.501928806304932,-0.3636075313601772,,,0.0,-0.0,0.0,-0.0
49.471904,"[555.7864990234375, 8.636322021484375, 0.0]","[263.5209045410156, 4.5, 0.0]",14.636669028508843,7.489346027374268,-0.3636076457348203,,,0.0,-0.0,0.0,-0.0
49.490945,"[556.079345703125, 8.641942024230957, 0.0]","[263.6707763671875, 4.5, 0.0]",14.629396875594146,7.463291168212891,-0.3636076457348203,,,0.0,-0.0,0.0,-0.0
49.511564,"[556.3720092773438, 8.64755916595459, 0.0]","[263.8214111328125, 4.5, 0.0]",14.622124723251323,7.450273036956787,-0.3636076171411595,,,0.0,-0.0,0.0,-0.0
49.53522,"[556.66455078125, 8.653173446655273, 0.0]","[263.9707336425781, 4.5, 0.0]",14.61485257262412,7.423645973205566,-0.3636075313601772,,,0.0,-0.0,0.0,-0.0
49.551573,"[556.9569091796875, 8.658784866333008, 0.0]","[264.11859130859375, 4.5, 0.0]",14.607580419709423,7.410549640655518,-0.3636076457348203,,,0.0,-0.0,0.0,-0.0
49.571309,"[557.2491455078125, 8.664393424987793, 0.0]","[264.26470947265625, 4.5, 0.0]",14.600308266794727,7.384353637695313,-0.3636076457348203,,,0.0,-0.0,0.0,-0.0
49.591477,"[557.541259765625, 8.669999122619629, 0.0]","[264.4134216308594, 4.5, 0.0]",14.593036113880032,7.3711419105529785,-0.3636076457347315,,,0.0,-0.0,0.0,-0.0
49.612311,"[557.8331909179688, 8.675601959228516, 0.0]","[264.5614929199219, 4.5, 0.0]",14.585763960965336,7.344628810882568,-0.3636076457348203,,,0.0,-0.0,0.0,-0.0
49.63264,"[558.125, 8.68120288848877, 0.0]","[264.70672607421875, 4.5, 0.0]",14.578491809194386,7.331699371337891,-0.36360758854749875,,,0.0,-0.0,0.0,-0.0
49.652677,"[558.4166870117188, 8.686800956726074, 0.0]","[264.8550109863281, 4.5, 0.0]",14.571219658567182,7.30502986907959,-0.3636075313601772,,,0.0,-0.0,0.0,-0.0
49.671218,"[558.7081909179688, 8.69239616394043, 0.0]","[265.0001525878906, 4.5, 0.0]",14.563947507939977,7.2921142578125,-0.363607531360266,,,0.0,-0.0,0.0,-0.0
49.692972,"[558.9995727539062, 8.697988510131836, 0.0]","[265.1451110839844, 4.5, 0.0]",14.5566753567409,7.265888214111328,-0.363607559953838,,,0.0,-0.0,0.0,-0.0
49.713644,"[559.290771484375, 8.703577995300293, 0.0]","[265.2918395996094, 4.5, 0.0]",14.549403203826202,7.252837657928467,-0.3636076457349091,,,0.0,-0.0,0.0,-0.0
49.73247,"[559.5818481445312, 8.7091646194458, 0.0]","[265.43572998046875, 4.5, 0.0]",14.542131050911507,7.227014064788818,-0.3636076457347315,,,0.0,-0.0,0.0,-0.0
49.752572,"[559.872802734375, 8.71474838256836, 0.0]","[265.58349609375, 4.5, 0.0]",14.534858900284304,7.214008808135986,-0.3636075313601772,,,0.0,-0.0,0.0,-0.0
49.772117,"[560.16357421875, 8.720329284667969, 0.0]","[265.7262878417969, 4.5, 0.0]",14.527586749085225,7.188333988189697,-0.3636075599539268,,,0.0,-0.0,0.0,-0.0
49.792863,"[560.4542236328125, 8.725907325744629, 0.0]","[265.8703918457031, 4.5, 0.0]",14.520314596170529,7.1758131980896,-0.3636076457348203,,,0.0,-0.0,0.0,-0.0
49.812102,"[560.7447509765625, 8.73148250579834, 0.0]","[266.0149841308594, 4.5, 0.0]",14.513042443255834,7.150125503540039,-0.3636076457347315,,,0.0,-0.0,0.0,-0.0
49.83169,"[561.0350952148438, 8.737054824829102, 0.0]","[266.15716552734375, 4.5, 0.0]",14.505770292628629,7.138552665710449,-0.363607531360266,,,0.0,-0.0,0.0,-0.0
49.852242,"[561.3253173828125, 8.742624282836914, 0.0]","[266.2999572753906, 4.5, 0.0]",14.498498140857679,7.113566875457764,-0.36360758854749875,,,0.0,-0.0,0.0,-0.0
49.871834,"[561.6153564453125, 8.748190879821777, 0.0]","[266.4410705566406, 4.5, 0.0]",14.491225989086729,7.102133274078369,-0.36360758854749875,,,0.0,-0.0,0.0,-0.0
49.892631,"[561.9052734375, 8.753754615783691, 0.0]","[266.5814514160156, 4.5, 0.0]",14.483953836172033,7.080789566040041,-0.3636076457348203,,,0.0,-0.0,0.0,-0.0
49.911362,"[562.195068359375, 8.759316444396973, 0.0]","[266.72393798828125, 4.5, 0.0]",14.476681684972956,7.059484004974365,-0.363607559953838,,,0.0,-0.0,0.0,-0.0
49.931683,"[562.4846801757812, 8.764875411987305, 0.0]","[266.8627014160156, 4.5, 0.0]",14.469409533202006,7.049310207366943,-0.36360758854749875,,,0.0,-0.0,0.0,-0.0
49.951569,"[562.774169921875, 8.770431518554688, 0.0]","[267.00445556640625, 4.5, 0.0]",14.46213738028731,7.025442123413086,-0.3636076457348203,,,0.0,-0.0,0.0,-0.0
49.971381,"[563.0634765625, 8.775984764099121, 0.0]","[267.1444396972656, 4.5, 0.0]",14.454865229660106,7.015120983123779,-0.3636075313601772,,,0.0,-0.0,0.0,-0.0
49.991626,"[563.3526611328125, 8.781535148620605, 0.0]","[267.2853088378906, 4.5, 0.0]",14.44759307674541,6.991357326507568,-0.3636076457348203,,,0.0,-0.0,0.0,-0.0
50.012739,"[563.6417236328125, 8.78708267211914, 0.0]","[267.4253234863281, 4.5, 0.0]",14.440320926118204,6.981412887573242,-0.363607531360266,,,0.0,-0.0,0.0,-0.0
50.031307,"[563.9306030273438, 8.792627334594727, 0.0]","[267.5638732910156, 4.5, 0.0]",14.433048774347256,6.959170818328857,-0.36360758854740993,,,0.0,-0.0,0.0,-0.0
50.052205,"[564.2193603515625, 8.798169136047363, 0.0]","[267.703125, 4.5, 0.0]",14.425776622004433,6.950183868408203,-0.3636076171411595,,,0.0,-0.0,0.0,-0.0
50.072209,"[564.5079956054688, 8.80370807647705, 0.0]","[267.8417663574219, 4.5, 0.0]",14.418504469089736,6.927929401397706,-0.3636076457348203,,,0.0,-0.0,0.0,-0.0
50.092668,"[564.7964477539062, 8.809244155883789, 0.0]","[267.9807434082031, 4.5, 0.0]",14.41123231617504,6.918971538543701,-0.3636076457348203,,,0.0,-0.0,0.0,-0.0
50.112207,"[565.0847778320312, 8.814777374267578, 0.0]","[268.11968994140625, 4.5, 0.0]",14.403960163260344,6.897094249725342,-0.3636076457348203,,,0.0,-0.0,0.0,-0.0
50.132681,"[565.3729248046875, 8.820307731628418, 0.0]","[268.2571716308594, 4.5, 0.0]",14.39668801263314,6.889638423919678,-0.3636075313601772,,,0.0,-0.0,0.0,-0.0
50.151248,"[565.6609497070312, 8.825835227966309, 0.0]","[268.39483642578125, 4.5, 0.0]",14.389415859718444,6.868832111358643,-0.3636076457348203,,,0.0,-0.0,0.0,-0.0
50.172377,"[565.9488525390625, 8.831360816955566, 0.0]","[268.5315246582031, 4.5, 0.0]",14.38214370737562,6.861457347869873,-0.3636076171411595,,,0.0,-0.0,0.0,-0.0
50.193564,"[566.236572265625, 8.836883544921875, 0.0]","[268.6690368652344, 4.5, 0.0]",14.374871556176544,6.840664863586427,-0.363607559953838,,,0.0,-0.0,0.0,-0.0
50.212597,"[566.524169921875, 8.842403411865234, 0.0]","[268.80670166015625, 4.5, 0.0]",14.36759940554934,6.833627223968506,-0.3636075313601772,,,0.0,-0.0,0.0,-0.0
50.233043,"[566.8115844726562, 8.847920417785645, 0.0]","[268.9422912597656, 4.5, 0.0]",14.360327252634644,6.814451694488525,-0.3636076457348203,,,0.0,-0.0,0.0,-0.0
50.251286,"[567.098876953125, 8.853434562683105, 0.0]","[269.07904052734375, 4.5, 0.0]",14.353055102007438,6.808497905731201,-0.363607531360266,,,0.0,-0.0,0.0,-0.0
50.271483,"[567.3860473632812, 8.858945846557617, 0.0]","[269.2149353027344, 4.5, 0.0]",14.345782951380235,6.78929328918457,-0.3636075313601772,,,0.0,-0.0,0.0,-0.0
50.29275,"[567.6730346679688, 8.86445426940918, 0.0]","[269.3512268066406, 4.5, 0.0]",14.338510798465538,6.783383369445801,-0.3636076457348203,,,0.0,-0.0,0.0,-0.0
50.311469,"[567.9598999023438, 8.869959831237793, 0.0]","[269.4870300292969, 4.5, 0.0]",14.331238645550842,6.767956256866455,-0.3636076457348203,,,0.0,-0.0,0.0,-0.0
50.332212,"[568.2466430664062, 8.875462532043457, 0.0]","[269.6219177246094, 4.5, 0.0]",14.323966492636147,6.756921291351318,-0.3636076457347315,,,0.0,-0.0,0.0,-0.0
50.352619,"[568.533203125, 8.880962371826172, 0.0]","[269.7593688964844, 4.5, 0.0]",14.316694339721451,6.745676040649414,-0.3636076457348203,,,0.0,-0.0,0.0,-0.0
50.371903,"[568.8196411132812, 8.886459350585938, 0.0]","[269.89422607421875, 4.5, 0.0]",14.309422189094247,6.734643936157227,-0.3636075313601772,,,0.0,-0.0,0.0,-0.0
50.393242,"[569.1058959960938, 8.891953468322754, 0.0]","[270.0293273925781, 4.5, 0.0]",14.302150036751422,6.723590850830078,-0.36360761714124834,,,0.0,-0.0,0.0,-0.0
50.412218,"[569.3920288085938, 8.897444725036621, 0.0]","[270.1611022949219, 4.5, 0.0]",14.294877886124219,6.713199615478516,-0.3636075313601772,,,0.0,-0.0,0.0,-0.0
50.432185,"[569.6780395507812, 8.902933120727539, 0.0]","[270.2951354980469, 4.5, 0.0]",14.287605734925142,6.70350980758667,-0.363607559953838,,,0.0,-0.0,0.0,-0.0
50.45166,"[569.9638671875, 8.908419609069824, 0.0]","[270.4293212890625, 4.5, 0.0]",14.280333582010446,6.693809509277344,-0.3636076457348203,,,0.0,-0.0,0.0,-0.0
50.471775,"[570.2495727539062, 8.91390323638916, 0.0]","[270.5622253417969, 4.5, 0.0]",14.273061429667623,6.684202194213867,-0.3636076171411595,,,0.0,-0.0,0.0,-0.0
50.492456,"[570.53515625, 8.919384002685547, 0.0]","[270.6969299316406, 4.5, 0.0]",14.265789279040417,6.674465656280518,-0.363607531360266,,,0.0,-0.0,0.0,-0.0
50.512281,"[570.820556640625, 8.924861907958984, 0.0]","[270.8306884765625, 4.5, 0.0]",14.258517127269467,6.665139675140381,-0.36360758854749875,,,0.0,-0.0,0.0,-0.0
50.531013,"[571.1058349609375, 8.930336952209473, 0.0]","[270.9627685546875, 4.5, 0.0]",14.251244974354773,6.656697750091553,-0.3636076457347315,,,0.0,-0.0,0.0,-0.0
50.551475,"[571.3909301757812, 8.935809135437012, 0.0]","[271.0965881347656, 4.5, 0.0]",14.243972821440076,6.64814567565918,-0.3636076457348203,,,0.0,-0.0,0.0,-0.0
50.572122,"[571.6759033203125, 8.941278457641602, 0.0]","[271.2291564941406, 4.5, 0.0]",14.23670066852538,6.639672756195068,-0.3636076457348203,,,0.0,-0.0,0.0,-0.0
50.592473,"[571.9607543945312, 8.946744918823242, 0.0]","[271.3623962402344, 4.5, 0.0]",14.229428515610683,6.631158351898193,-0.3636076457348203,,,0.0,-0.0,0.0,-0.0
50.611148,"[572.2454223632812, 8.952208518981934, 0.0]","[271.4952392578125, 4.5, 0.0]",14.222156362695989,6.622910022735596,-0.3636076457347315,,,0.0,-0.0,0.0,-0.0
50.632175,"[572.5299682617188, 8.957669258117676, 0.0]","[271.62750244140625, 4.5, 0.0]",14.214884212068783,6.615245819091797,-0.363607531360266,,,0.0,-0.0,0.0,-0.0
50.652729,"[572.8143310546875, 8.963127136230469, 0.0]","[271.75994873046875, 4.5, 0.0]",14.20761205972596,6.607570648193359,-0.3636076171411595,,,0.0,-0.0,0.0,-0.0
50.672039,"[573.0985717773438, 8.968582153320312, 0.0]","[271.8916015625, 4.5, 0.0]",14.200339909098757,6.599942207336426,-0.3636075313601772,,,0.0,-0.0,0.0,-0.0
50.691865,"[573.3826904296875, 8.974034309387207, 0.0]","[272.0236511230469, 4.5, 0.0]",14.193067757899678,6.592289447784426,-0.3636075599539268,,,0.0,-0.0,0.0,-0.0
50.712574,"[573.6666259765625, 8.979483604431152, 0.0]","[272.1563720703125, 4.5, 0.0]",14.185795605556857,6.584741115570068,-0.3636076171410707,,,0.0,-0.0,0.0,-0.0
50.732093,"[573.950439453125, 8.984930992126465, 0.0]","[272.28948974609375, 4.5, 0.0]",14.178523454929651,6.580822944641113,-0.363607531360266,,,0.0,-0.0,0.0,-0.0
50.753108,"[574.234130859375, 8.990375518798828, 0.0]","[272.4192810058594, 4.5, 0.0]",14.171251304302448,6.5670881271362305,-0.3636075313601772,,,0.0,-0.0,0.0,-0.0
50.771237,"[574.5176391601562, 8.995817184448242, 0.0]","[272.5500793457031, 4.5, 0.0]",14.163979151387752,6.566628932952881,-0.3636076457348203,,,0.0,-0.0,0.0,-0.0
50.792237,"[574.801025390625, 9.001255989074707, 0.0]","[272.6809387207031, 4.5, 0.0]",14.156706998473055,6.552834987640381,-0.3636076457348203,,,0.0,-0.0,0.0,-0.0
50.811485,"[575.084228515625, 9.006691932678223, 0.0]","[272.8131408691406, 4.5, 0.0]",14.149434846702105,6.55232572555542,-0.36360758854749875,,,0.0,-0.0,0.0,-0.0
50.832295,"[575.3673095703125, 9.012125015258789, 0.0]","[272.9439392089844, 4.5, 0.0]",14.14216269378741,6.5386152267456055,-0.3636076457347315,,,0.0,-0.0,0.0,-0.0
50.851523,"[575.6502685546875, 9.017555236816406, 0.0]","[273.0747375488281, 4.5, 0.0]",14.134890543160205,6.538238525390625,-0.363607531360266,,,0.0,-0.0,0.0,-0.0
50.872268,"[575.9330444335938, 9.022982597351074, 0.0]","[273.2053527832031, 4.5, 0.0]",14.127618392533002,6.524538516998291,-0.3636075313601772,,,0.0,-0.0,0.0,-0.0
50.892129,"[576.2156982421875, 9.028407096862793, 0.0]","[273.33538818359375, 4.5, 0.0]",14.120346239618305,6.524203300476074,-0.3636076457348203,,,0.0,-0.0,0.0,-0.0
50.911546,"[576.4981689453125, 9.033828735351562, 0.0]","[273.4667053222656, 4.5, 0.0]",14.113074087847354,6.510373115539551,-0.36360758854758757,,,0.0,-0.0,0.0,-0.0
50.937061,"[576.780517578125, 9.039247512817383, 0.0]","[273.6001892089844, 4.5, 0.0]",14.105801934932659,6.50954532623291,-0.3636076457347315,,,0.0,-0.0,0.0,-0.0
50.951823,"[577.062744140625, 9.044663429260254, 0.0]","[273.72906494140625, 4.5, 0.0]",14.098529782017962,6.49564266204834,-0.3636076457348203,,,0.0,-0.0,0.0,-0.0
50.973229,"[577.3447875976562, 9.050076484680176, 0.0]","[273.8558349609375, 4.5, 0.0]",14.09125762967514,6.49519157409668,-0.3636076171411595,,,0.0,-0.0,0.0,-0.0
50.99275,"[577.626708984375, 9.055487632751465, 0.0]","[273.9862060546875, 4.5, 0.0]",14.083985479047936,6.481205940246582,-0.3636075313601772,,,0.0,-0.0,0.0,-0.0
51.011291,"[577.9085083007812, 9.060895919799805, 0.0]","[274.11627197265625, 4.5, 0.0]",14.076713327276984,6.4803786277771,-0.36360758854758757,,,0.0,-0.0,0.0,-0.0
51.031337,"[578.1901245117188, 9.066301345825195, 0.0]","[274.2453308105469, 4.5, 0.0]",14.06944117493416,6.4658451080322275,-0.3636076171411595,,,0.0,-0.0,0.0,-0.0
51.051746,"[578.4716186523438, 9.071703910827637, 0.0]","[274.3752136230469, 4.5, 0.0]",14.062169022019466,6.464592456817627,-0.3636076457347315,,,0.0,-0.0,0.0,-0.0
51.072245,"[578.7529296875, 9.077103614807129, 0.0]","[274.50396728515625, 4.5, 0.0]",14.05489687139226,6.450078010559082,-0.363607531360266,,,0.0,-0.0,0.0,-0.0
51.091809,"[579.0341186523438, 9.082500457763672, 0.0]","[274.63592529296875, 4.5, 0.0]",14.047624719049438,6.448700428009033,-0.3636076171411595,,,0.0,-0.0,0.0,-0.0
51.112319,"[579.315185546875, 9.087894439697266, 0.0]","[274.7624816894531, 4.5, 0.0]",14.040352566134743,6.434036731719971,-0.3636076457347315,,,0.0,-0.0,0.0,-0.0
51.132832,"[579.5960693359375, 9.09328556060791, 0.0]","[274.8924560546875, 4.5, 0.0]",14.033080414363793,6.431859493255615,-0.36360758854749875,,,0.0,-0.0,0.0,-0.0
51.151373,"[579.8768310546875, 9.098673820495605, 0.0]","[275.01898193359375, 4.5, 0.0]",14.025808261449097,6.4165825843811035,-0.3636076457348203,,,0.0,-0.0,0.0,-0.0
51.173291,"[580.157470703125, 9.104059219360352, 0.0]","[275.1496887207031, 4.5, 0.0]",14.018536110821891,6.414353847503662,-0.363607531360266,,,0.0,-0.0,0.0,-0.0
51.192798,"[580.4379272460938, 9.109441757202148, 0.0]","[275.2757873535156, 4.5, 0.0]",14.011263960194688,6.399105548858643,-0.3636075313601772,,,0.0,-0.0,0.0,-0.0
51.211346,"[580.71826171875, 9.114821434020996, 0.0]","[275.40423583984375, 4.5, 0.0]",14.003991808423738,6.396692276000977,-0.36360758854749875,,,0.0,-0.0,0.0,-0.0
51.232595,"[580.9984130859375, 9.120198249816895, 0.0]","[275.53240966796875, 4.5, 0.0]",13.996719655509041,6.38352632522583,-0.3636076457348203,,,0.0,-0.0,0.0,-0.0
51.252478,"[581.2784423828125, 9.125572204589844, 0.0]","[275.65936279296875, 4.5, 0.0]",13.989447502594345,6.373789310455322,-0.3636076457348203,,,0.0,-0.0,0.0,-0.0
51.272018,"[581.558349609375, 9.13094425201416, 0.0]","[275.7865905761719, 4.5, 0.0]",13.982175349679649,6.3640313148498535,-0.3636076457348203,,,0.0,-0.0,0.0,-0.0
51.292745,"[581.8380737304688, 9.136313438415527, 0.0]","[275.9139099121094, 4.5, 0.0]",13.974903196764954,6.354265213012695,-0.3636076457347315,,,0.0,-0.0,0.0,-0.0
51.312135,"[582.11767578125, 9.141679763793945, 0.0]","[276.0417785644531, 4.5, 0.0]",13.967631046137749,6.344072341918945,-0.363607531360266,,,0.0,-0.0,0.0,-0.0
51.33086,"[582.3970947265625, 9.147043228149414, 0.0]","[276.1671447753906, 4.5, 0.0]",13.960358893223052,6.333229064941406,-0.3636076457348203,,,0.0,-0.0,0.0,-0.0
51.352335,"[582.6763916015625, 9.152403831481934, 0.0]","[276.2945251464844, 4.5, 0.0]",13.953086741452104,6.322208404541016,-0.36360758854740993,,,0.0,-0.0,0.0,-0.0
51.372325,"[582.95556640625, 9.157761573791504, 0.0]","[276.42071533203125, 4.5, 0.0]",13.945814590824899,6.311294078826905,-0.363607531360266,,,0.0,-0.0,0.0,-0.0
51.392519,"[583.2345581054688, 9.163116455078125, 0.0]","[276.5471496582031, 4.5, 0.0]",13.938542440197695,6.300357341766357,-0.3636075313601772,,,0.0,-0.0,0.0,-0.0
51.413226,"[583.513427734375, 9.168468475341797, 0.0]","[276.67340087890625, 4.5, 0.0]",13.93127028957049,6.289017677307129,-0.363607531360266,,,0.0,-0.0,0.0,-0.0
51.432324,"[583.7921752929688, 9.17381763458252, 0.0]","[276.7986755371094, 4.5, 0.0]",13.923998136655793,6.276821613311768,-0.3636076457348203,,,0.0,-0.0,0.0,-0.0
51.454546,"[584.0707397460938, 9.179163932800293, 0.0]","[276.9280090332031, 4.5, 0.0]",13.91672598602859,6.2642292976379395,-0.3636075313601772,,,0.0,-0.0,0.0,-0.0
51.471184,"[584.3491821289062, 9.184507369995117, 0.0]","[277.049072265625, 4.5, 0.0]",13.909453833113893,6.252443790435791,-0.3636076457348203,,,0.0,-0.0,0.0,-0.0
51.491764,"[584.62744140625, 9.189847946166992, 0.0]","[277.1746826171875, 4.5, 0.0]",13.902181680199197,6.240214347839356,-0.3636076457348203,,,0.0,-0.0,0.0,-0.0
51.512169,"[584.9055786132812, 9.195185661315918, 0.0]","[277.29986572265625, 4.5, 0.0]",13.894909529571994,6.227591514587402,-0.3636075313601772,,,0.0,-0.0,0.0,-0.0
51.531725,"[585.18359375, 9.200521469116211, 0.0]","[277.42291259765625, 4.5, 0.0]",13.887637378372917,6.214216709136963,-0.363607559953838,,,0.0,-0.0,0.0,-0.0
51.552243,"[585.46142578125, 9.205854415893555, 0.0]","[277.548828125, 4.5, 0.0]",13.880365224886347,6.200531005859375,-0.36360767432848107,,,0.0,-0.0,0.0,-0.0
51.572177,"[585.7391357421875, 9.21118450164795, 0.0]","[277.6716613769531, 4.5, 0.0]",13.87309307197165,6.187180995941162,-0.3636076457348203,,,0.0,-0.0,0.0,-0.0
51.591494,"[586.0166625976562, 9.216511726379395, 0.0]","[277.7953186035156, 4.5, 0.0]",13.865820919056956,6.17374324798584,-0.3636076457347315,,,0.0,-0.0,0.0,-0.0
51.612262,"[586.2940673828125, 9.22183609008789, 0.0]","[277.91925048828125, 4.5, 0.0]",13.85854876614226,6.1598381996154785,-0.3636076457348203,,,0.0,-0.0,0.0,-0.0
51.632289,"[586.5713500976562, 9.227157592773438, 0.0]","[278.04193115234375, 4.5, 0.0]",13.851276613799437,6.14509153366089,-0.3636076171411595,,,0.0,-0.0,0.0,-0.0
51.652961,"[586.8484497070312, 9.232476234436035, 0.0]","[278.1644287109375, 4.5, 0.0]",13.844004462028487,6.133698463439941,-0.36360758854749875,,,0.0,-0.0,0.0,-0.0
51.671483,"[587.1254272460938, 9.237792015075684, 0.0]","[278.288818359375, 4.5, 0.0]",13.836732310257537,6.11207914352417,-0.36360758854749875,,,0.0,-0.0,0.0,-0.0
51.692033,"[587.4022827148438, 9.243104934692383, 0.0]","[278.4094543457031, 4.5, 0.0]",13.829460159630331,6.104244709014893,-0.363607531360266,,,0.0,-0.0,0.0,-0.0
51.712259,"[587.678955078125, 9.248414993286133, 0.0]","[278.5321044921875, 4.5, 0.0]",13.822188008431255,6.082444667816163,-0.363607559953838,,,0.0,-0.0,0.0,-0.0
51.731792,"[587.9555053710938, 9.253722190856934, 0.0]","[278.65228271484375, 4.5, 0.0]",13.814915855516558,6.073408126831055,-0.3636076457348203,,,0.0,-0.0,0.0,-0.0
51.752326,"[588.2318725585938, 9.259026527404785, 0.0]","[278.7732849121094, 4.5, 0.0]",13.807643702601862,6.050933837890625,-0.3636076457348203,,,0.0,-0.0,0.0,-0.0
51.772375,"[588.5081176757812, 9.264328002929688, 0.0]","[278.89508056640625, 4.5, 0.0]",13.800371551974658,6.04168701171875,-0.3636075313601772,,,0.0,-0.0,0.0,-0.0
51.79177,"[588.7842407226562, 9.26962661743164, 0.0]","[279.0164489746094, 4.5, 0.0]",13.793099401347453,6.019165515899658,-0.363607531360266,,,0.0,-0.0,0.0,-0.0
51.811751,"[589.0601806640625, 9.274923324584961, 0.0]","[279.1368713378906, 4.5, 0.0]",13.785827248432758,6.009772777557373,-0.3636076457347315,,,0.0,-0.0,0.0,-0.0
51.831116,"[589.3359985351562, 9.280217170715332, 0.0]","[279.2561340332031, 4.5, 0.0]",13.778555095518062,5.986477375030518,-0.3636076457348203,,,0.0,-0.0,0.0,-0.0
51.852286,"[589.6116943359375, 9.285508155822754, 0.0]","[279.3760070800781, 4.5, 0.0]",13.771282944890856,5.9764251708984375,-0.363607531360266,,,0.0,-0.0,0.0,-0.0
51.87292,"[589.88720703125, 9.290796279907227, 0.0]","[279.4962158203125, 4.5, 0.0]",13.764010792548035,5.952993392944337,-0.3636076171410707,,,0.0,-0.0,0.0,-0.0
51.892952,"[590.16259765625, 9.29608154296875, 0.0]","[279.61376953125, 4.5, 0.0]",13.756738640777085,5.943268299102783,-0.36360758854749875,,,0.0,-0.0,0.0,-0.0
51.913959,"[590.4378051757812, 9.301363945007324, 0.0]","[279.7349548339844, 4.5, 0.0]",13.749466487862389,5.919487476348877,-0.3636076457348203,,,0.0,-0.0,0.0,-0.0
51.932946,"[590.712890625, 9.30664348602295, 0.0]","[279.8507995605469, 4.5, 0.0]",13.742194334947692,5.909332275390625,-0.3636076457348203,,,0.0,-0.0,0.0,-0.0
51.951512,"[590.9878540039062, 9.311920166015625, 0.0]","[279.9693908691406, 4.5, 0.0]",13.734922182032996,5.885449409484863,-0.3636076457348203,,,0.0,-0.0,0.0,-0.0
51.971795,"[591.2626342773438, 9.317193984985352, 0.0]","[280.08648681640625, 4.5, 0.0]",13.727650029690174,5.875116348266602,-0.3636076171410707,,,0.0,-0.0,0.0,-0.0
51.993284,"[591.5372924804688, 9.322464942932129, 0.0]","[280.20465087890625, 4.5, 0.0]",13.72037787906297,5.851291656494141,-0.363607531360266,,,0.0,-0.0,0.0,-0.0
52.0122,"[591.811767578125, 9.327733039855957, 0.0]","[280.322021484375, 4.5, 0.0]",13.713105728435764,5.840847015380859,-0.363607531360266,,,0.0,-0.0,0.0,-0.0
52.032342,"[592.0861206054688, 9.332998275756836, 0.0]","[280.4378662109375, 4.5, 0.0]",13.705833575521067,5.8171329498291025,-0.3636076457348203,,,0.0,-0.0,0.0,-0.0
52.051795,"[592.3603515625, 9.338260650634766, 0.0]","[280.5544128417969, 4.5, 0.0]",13.69856142375012,5.806647777557373,-0.36360758854740993,,,0.0,-0.0,0.0,-0.0
52.072099,"[592.6343994140625, 9.343520164489746, 0.0]","[280.6701965332031, 4.5, 0.0]",13.691289273122914,5.782947540283203,-0.363607531360266,,,0.0,-0.0,0.0,-0.0
52.093486,"[592.9083251953125, 9.348777770996094, 0.0]","[280.7884826660156, 4.5, 0.0]",13.68401712249571,5.772204399108887,-0.3636075313601772,,,0.0,-0.0,0.0,-0.0
52.111525,"[593.18212890625, 9.354032516479492, 0.0]","[280.90191650390625, 4.5, 0.0]",13.676744969581014,5.748929023742676,-0.3636076457348203,,,0.0,-0.0,0.0,-0.0
52.134644,"[593.4557495117188, 9.359284400939941, 0.0]","[281.0195007324219, 4.5, 0.0]",13.669472816666318,5.738575458526611,-0.3636076457348203,,,0.0,-0.0,0.0,-0.0
52.152149,"[593.729248046875, 9.364533424377441, 0.0]","[281.1306457519531, 4.5, 0.0]",13.662200666039114,5.715817451477051,-0.3636075313601772,,,0.0,-0.0,0.0,-0.0
52.171799,"[594.0025634765625, 9.369779586791992, 0.0]","[281.2444763183594, 4.5, 0.0]",13.654928513124418,5.706005096435547,-0.3636076457348203,,,0.0,-0.0,0.0,-0.0
52.192645,"[594.2757568359375, 9.375022888183594, 0.0]","[281.35931396484375, 4.5, 0.0]",13.647656362497214,5.686043739318848,-0.3636075313601772,,,0.0,-0.0,0.0,-0.0
52.212229,"[594.548828125, 9.380263328552246, 0.0]","[281.473388671875, 4.5, 0.0]",13.640384209582518,5.6697587966918945,-0.3636076457348203,,,0.0,-0.0,0.0,-0.0
52.231341,"[594.8217163085938, 9.38550090789795, 0.0]","[281.586181640625, 4.5, 0.0]",13.633112057811568,5.654176712036133,-0.36360758854749875,,,0.0,-0.0,0.0,-0.0
52.252549,"[595.094482421875, 9.390735626220703, 0.0]","[281.6992492675781, 4.5, 0.0]",13.625839907184362,5.638557434082031,-0.363607531360266,,,0.0,-0.0,0.0,-0.0
52.272592,"[595.3670654296875, 9.395967483520508, 0.0]","[281.8119201660156, 4.5, 0.0]",13.618567754269666,5.622992992401123,-0.3636076457348203,,,0.0,-0.0,0.0,-0.0
52.29238,"[595.6395263671875, 9.401196479797363, 0.0]","[281.9241943359375, 4.5, 0.0]",13.611295601926845,5.607481479644775,-0.3636076171410707,,,0.0,-0.0,0.0,-0.0
52.312496,"[595.911865234375, 9.40642261505127, 0.0]","[282.0369567871094, 4.5, 0.0]",13.604023450727766,5.592274188995361,-0.3636075599539268,,,0.0,-0.0,0.0,-0.0
52.332535,"[596.1840209960938, 9.411645889282227, 0.0]","[282.14813232421875, 4.5, 0.0]",13.59675129781307,5.578108310699463,-0.3636076457348203,,,0.0,-0.0,0.0,-0.0
52.351738,"[596.4560546875, 9.41686725616455, 0.0]","[282.26165771484375, 4.5, 0.0]",13.58947914604212,5.563644409179688,-0.36360758854749875,,,0.0,-0.0,0.0,-0.0
52.375251,"[596.7279663085938, 9.422085762023926, 0.0]","[282.3700866699219, 4.5, 0.0]",13.582206993127425,5.54982852935791,-0.3636076457347315,,,0.0,-0.0,0.0,-0.0
52.392636,"[596.9996948242188, 9.427301406860352, 0.0]","[282.4812316894531, 4.5, 0.0]",13.574934840784602,5.535667896270752,-0.3636076171411595,,,0.0,-0.0,0.0,-0.0
52.412294,"[597.2713012695312, 9.432514190673828, 0.0]","[282.5926208496094, 4.5, 0.0]",13.567662689013652,5.521963119506836,-0.36360758854749875,,,0.0,-0.0,0.0,-0.0
52.431765,"[597.542724609375, 9.437724113464355, 0.0]","[282.70263671875, 4.5, 0.0]",13.5603905372427,5.509538173675537,-0.36360758854758757,,,0.0,-0.0,0.0,-0.0
52.452873,"[597.8140258789062, 9.442931175231934, 0.0]","[282.8128967285156, 4.5, 0.0]",13.553118386615497,5.497084140777588,-0.3636075313601772,,,0.0,-0.0,0.0,-0.0
52.47238,"[598.085205078125, 9.448135375976562, 0.0]","[282.92462158203125, 4.5, 0.0]",13.5458462337008,5.484463214874268,-0.3636076457348203,,,0.0,-0.0,0.0,-0.0
52.492917,"[598.356201171875, 9.453336715698242, 0.0]","[283.0346984863281, 4.5, 0.0]",13.538574080786105,5.472031593322754,-0.3636076457347315,,,0.0,-0.0,0.0,-0.0
52.513883,"[598.6270751953125, 9.458535194396973, 0.0]","[283.1444396972656, 4.5, 0.0]",13.531301927871409,5.460269927978516,-0.3636076457348203,,,0.0,-0.0,0.0,-0.0
52.532171,"[598.8978271484375, 9.463730812072754, 0.0]","[283.2508239746094, 4.5, 0.0]",13.524029777244204,5.450140476226807,-0.363607531360266,,,0.0,-0.0,0.0,-0.0
52.552206,"[599.1683959960938, 9.468923568725586, 0.0]","[283.3612976074219, 4.5, 0.0]",13.516757625473254,5.439625263214111,-0.36360758854749875,,,0.0,-0.0,0.0,-0.0
52.573031,"[599.4388427734375, 9.474113464355469, 0.0]","[283.4685974121094, 4.5, 0.0]",13.50948547255856,5.429408073425293,-0.3636076457347315,,,0.0,-0.0,0.0,-0.0
52.591532,"[599.7091064453125, 9.479300498962402, 0.0]","[283.57745361328125, 4.5, 0.0]",13.502213321931354,5.419045448303223,-0.363607531360266,,,0.0,-0.0,0.0,-0.0
52.611466,"[599.979248046875, 9.484484672546387, 0.0]","[283.6860656738281, 4.5, 0.0]",13.494941169016657,5.41275691986084,-0.3636076457348203,,,0.0,-0.0,0.0,-0.0
52.632357,"[600.249267578125, 9.489666938781738, 0.0]","[283.79388427734375, 4.5, 0.0]",13.487669016101963,5.39815616607666,-0.3636076457347315,,,0.0,-0.0,0.0,-0.0
52.654579,"[600.5191040039062, 9.49484634399414, 0.0]","[283.90216064453125, 4.5, 0.0]",13.480396865474757,5.396854877471924,-0.363607531360266,,,0.0,-0.0,0.0,-0.0
52.672553,"[600.788818359375, 9.500022888183594, 0.0]","[284.0098571777344, 4.5, 0.0]",13.473124713703807,5.3822660446167,-0.36360758854749875,,,0.0,-0.0,0.0,-0.0
52.692347,"[601.058349609375, 9.505196571350098, 0.0]","[284.1170654296875, 4.5, 0.0]",13.465852560789113,5.381043434143066,-0.3636076457347315,,,0.0,-0.0,0.0,-0.0
52.711583,"[601.3277587890625, 9.510367393493652, 0.0]","[284.2254638671875, 4.5, 0.0]",13.458580409590034,5.3672051429748535,-0.3636075599539268,,,0.0,-0.0,0.0,-0.0
52.731822,"[601.5970458984375, 9.515535354614258, 0.0]","[284.3320617675781, 4.5, 0.0]",13.451308258390958,5.368624687194824,-0.363607559953838,,,0.0,-0.0,0.0,-0.0
52.753234,"[601.8661499023438, 9.520700454711914, 0.0]","[284.4400939941406, 4.5, 0.0]",13.444036105476261,5.356639385223389,-0.3636076457348203,,,0.0,-0.0,0.0,-0.0
52.77248,"[602.1351318359375, 9.525862693786621, 0.0]","[284.54681396484375, 4.5, 0.0]",13.436763952561565,5.35805082321167,-0.3636076457348203,,,0.0,-0.0,0.0,-0.0
52.79129,"[602.4039916992188, 9.531022071838379, 0.0]","[284.65399169921875, 4.5, 0.0]",13.429491801934361,5.346108436584473,-0.3636075313601772,,,0.0,-0.0,0.0,-0.0
52.81129,"[602.6726684570312, 9.536178588867188, 0.0]","[284.7613220214844, 4.5, 0.0]",13.422219651307156,5.348365783691406,-0.363607531360266,,,0.0,-0.0,0.0,-0.0
52.831431,"[602.9412231445312, 9.541332244873047, 0.0]","[284.8692626953125, 4.5, 0.0]",13.41494749839246,5.339275360107422,-0.3636076457348203,,,0.0,-0.0,0.0,-0.0
52.852212,"[603.2095947265625, 9.546483039855957, 0.0]","[284.9752502441406, 4.5, 0.0]",13.407675345477765,5.343561172485352,-0.3636076457347315,,,0.0,-0.0,0.0,-0.0
52.873305,"[603.4778442382812, 9.551630973815918, 0.0]","[285.0816650390625, 4.5, 0.0]",13.400403192563068,5.334505081176759,-0.3636076457348203,,,0.0,-0.0,0.0,-0.0
52.892816,"[603.7459716796875, 9.556777000427246, 0.0]","[285.1885681152344, 4.5, 0.0]",13.393131041935863,5.338769912719727,-0.363607531360266,,,0.0,-0.0,0.0,-0.0
52.912584,"[604.013916015625, 9.561920166015625, 0.0]","[285.2984619140625, 4.5, 0.0]",13.385858890736786,5.330633640289307,-0.363607559953838,,,0.0,-0.0,0.0,-0.0
52.931968,"[604.28173828125, 9.567060470581055, 0.0]","[285.4020690917969, 4.5, 0.0]",13.37858673782209,5.337882041931152,-0.3636076457348203,,,0.0,-0.0,0.0,-0.0
52.95139,"[604.5493774414062, 9.572197914123535, 0.0]","[285.5095520019531, 4.5, 0.0]",13.371314587194886,5.331819534301758,-0.3636075313601772,,,0.0,-0.0,0.0,-0.0
52.972614,"[604.81689453125, 9.577332496643066, 0.0]","[285.6157531738281, 4.5, 0.0]",13.364042434852063,5.339082717895508,-0.3636076171411595,,,0.0,-0.0,0.0,-0.0
52.993144,"[605.0842895507812, 9.582464218139648, 0.0]","[285.7225341796875, 4.5, 0.0]",13.35677028422486,5.3330163955688485,-0.3636075313601772,,,0.0,-0.0,0.0,-0.0
53.013411,"[605.3515014648438, 9.587593078613281, 0.0]","[285.8299865722656, 4.5, 0.0]",13.349498133597656,5.341186046600342,-0.3636075313601772,,,0.0,-0.0,0.0,-0.0
53.033055,"[605.6185913085938, 9.592719078063965, 0.0]","[285.93670654296875, 4.5, 0.0]",13.34222598068296,5.338011264801025,-0.3636076457348203,,,0.0,-0.0,0.0,-0.0
53.053916,"[605.8855590820312, 9.5978422164917, 0.0]","[286.04388427734375, 4.5, 0.0]",13.334953828340137,5.348183631896973,-0.3636076171411595,,,0.0,-0.0,0.0,-0.0
53.073222,"[606.15234375, 9.602962493896484, 0.0]","[286.15283203125, 4.5, 0.0]",13.32768167542544,5.345082759857179,-0.3636076457348203,,,0.0,-0.0,0.0,-0.0
53.092814,"[606.4190063476562, 9.60807991027832, 0.0]","[286.25750732421875, 4.5, 0.0]",13.320409522510744,5.355173587799072,-0.3636076457348203,,,0.0,-0.0,0.0,-0.0
53.112757,"[606.6854858398438, 9.613194465637207, 0.0]","[286.3668518066406, 4.5, 0.0]",13.313137369596047,5.356282711029053,-0.3636076457348203,,,0.0,-0.0,0.0,-0.0
53.132303,"[606.9518432617188, 9.618306159973145, 0.0]","[286.4721374511719, 4.5, 0.0]",13.305865216681353,5.36231803894043,-0.3636076457347315,,,0.0,-0.0,0.0,-0.0
53.15283,"[607.2180786132812, 9.623414993286133, 0.0]","[286.57977294921875, 4.5, 0.0]",13.298593066054147,5.36848783493042,-0.363607531360266,,,0.0,-0.0,0.0,-0.0
53.173115,"[607.484130859375, 9.628521919250488, 0.0]","[286.6885681152344, 4.5, 0.0]",13.291320913139451,5.374724388122559,-0.3636076457348203,,,0.0,-0.0,0.0,-0.0
53.192533,"[607.7500610351562, 9.633625984191895, 0.0]","[286.7944641113281, 4.5, 0.0]",13.284048760224756,5.380796432495117,-0.3636076457347315,,,0.0,-0.0,0.0,-0.0
53.211149,"[608.0158081054688, 9.638727188110352, 0.0]","[286.90234375, 4.5, 0.0]",13.276776608453806,5.387645721435547,-0.36360758854749875,,,0.0,-0.0,0.0,-0.0
53.231291,"[608.2814331054688, 9.64382553100586, 0.0]","[287.010009765625, 4.5, 0.0]",13.269504458970347,5.395964622497559,-0.3636074741729445,,,0.0,-0.0,0.0,-0.0
53.251369,"[608.5469360351562, 9.648921012878418, 0.0]","[287.1187438964844, 4.5, 0.0]",13.262232308343142,5.404367446899414,-0.363607531360266,,,0.0,-0.0,0.0,-0.0
53.273137,"[608.812255859375, 9.654013633728027, 0.0]","[287.2275695800781, 4.5, 0.0]",13.254960157715939,5.412776470184327,-0.3636075313601772,,,0.0,-0.0,0.0,-0.0
53.292977,"[609.0774536132812, 9.659103393554688, 0.0]","[287.33453369140625, 4.5, 0.0]",13.247688006516862,5.421041488647461,-0.363607559953838,,,0.0,-0.0,0.0,-0.0
53.312083,"[609.342529296875, 9.664190292358398, 0.0]","[287.4447021484375, 4.5, 0.0]",13.240415854174039,5.43005657196045,-0.3636076171411595,,,0.0,-0.0,0.0,-0.0
53.331972,"[609.607421875, 9.66927433013916, 0.0]","[287.5521545410156, 4.5, 0.0]",13.233143701831215,5.439904689788818,-0.3636076171411595,,,0.0,-0.0,0.0,-0.0
53.35248,"[609.8721923828125, 9.674355506896973, 0.0]","[287.6618347167969, 4.5, 0.0]",13.225871548916519,5.449958801269531,-0.3636076457348203,,,0.0,-0.0,0.0,-0.0
53.37092,"[610.1367797851562, 9.679433822631836, 0.0]","[287.7700500488281, 4.5, 0.0]",13.218599396001823,5.459877014160156,-0.3636076457348203,,,0.0,-0.0,0.0,-0.0
53.391125,"[610.4012451171875, 9.68450927734375, 0.0]","[287.8795166015625, 4.5, 0.0]",13.211327243087126,5.469908237457276,-0.3636076457348203,,,0.0,-0.0,0.0,-0.0
53.412653,"[610.6655883789062, 9.689581871032715, 0.0]","[287.9895324707031, 4.5, 0.0]",13.20405509017243,5.48027229309082,-0.3636076457348203,,,0.0,-0.0,0.0,-0.0
53.4325,"[610.9297485351562, 9.69465160369873, 0.0]","[288.0989990234375, 4.5, 0.0]",13.196782937257735,5.491204261779786,-0.3636076457347315,,,0.0,-0.0,0.0,-0.0
53.45142,"[611.1937866210938, 9.699719429016113, 0.0]","[288.2098083496094, 4.5, 0.0]",13.189510786058658,5.502268314361572,-0.363607559953838,,,0.0,-0.0,0.0,-0.0
53.471318,"[611.4577026367188, 9.704784393310547, 0.0]","[288.31988525390625, 4.5, 0.0]",13.182238635431453,5.513260841369629,-0.363607531360266,,,0.0,-0.0,0.0,-0.0
53.492056,"[611.721435546875, 9.709846496582031, 0.0]","[288.4293518066406, 4.5, 0.0]",13.174966482516757,5.5241923332214355,-0.3636076457348203,,,0.0,-0.0,0.0,-0.0
53.51251,"[611.9850463867188, 9.714905738830566, 0.0]","[288.5407409667969, 4.5, 0.0]",13.167694331889553,5.53542947769165,-0.3636075313601772,,,0.0,-0.0,0.0,-0.0
53.532733,"[612.2484741210938, 9.719962120056152, 0.0]","[288.6518249511719, 4.5, 0.0]",13.16042217954673,5.550224781036377,-0.3636076171411595,,,0.0,-0.0,0.0,-0.0
53.552273,"[612.5117797851562, 9.725015640258789, 0.0]","[288.7633361816406, 4.5, 0.0]",13.153150028919526,5.555062294006348,-0.3636075313601772,,,0.0,-0.0,0.0,-0.0
53.572779,"[612.7749633789062, 9.730066299438477, 0.0]","[288.8757019042969, 4.5, 0.0]",13.14587787600483,5.573318958282471,-0.3636076457348203,,,0.0,-0.0,0.0,-0.0
53.594596,"[613.0379638671875, 9.735114097595215, 0.0]","[288.9866027832031, 4.5, 0.0]",13.138605723090134,5.578093528747559,-0.3636076457348203,,,0.0,-0.0,0.0,-0.0
53.612608,"[613.3008422851562, 9.740159034729004, 0.0]","[289.0994873046875, 4.5, 0.0]",13.131333571319184,5.596360683441162,-0.36360758854749875,,,0.0,-0.0,0.0,-0.0
53.632574,"[613.5635375976562, 9.745201110839844, 0.0]","[289.20941162109375, 4.5, 0.0]",13.124061418404487,5.600900173187256,-0.3636076457348203,,,0.0,-0.0,0.0,-0.0
53.654359,"[613.8261108398438, 9.750240325927734, 0.0]","[289.3225402832031, 4.5, 0.0]",13.116789267777284,5.619098663330078,-0.3636075313601772,,,0.0,-0.0,0.0,-0.0
53.672253,"[614.0885620117188, 9.755276679992676, 0.0]","[289.4344482421875, 4.5, 0.0]",13.10951711543446,5.623840332031251,-0.3636076171411595,,,0.0,-0.0,0.0,-0.0
53.693329,"[614.350830078125, 9.760310173034668, 0.0]","[289.5468444824219, 4.5, 0.0]",13.102244964807255,5.641963481903076,-0.363607531360266,,,0.0,-0.0,0.0,-0.0
53.712576,"[614.6129760742188, 9.765341758728027, 0.0]","[289.661865234375, 4.5, 0.0]",13.094972814180052,5.646852970123291,-0.3636075313601772,,,0.0,-0.0,0.0,-0.0
53.731506,"[614.875, 9.770370483398438, 0.0]","[289.7724609375, 4.5, 0.0]",13.087700663552848,5.664291858673096,-0.3636075313601772,,,0.0,-0.0,0.0,-0.0
53.751912,"[615.1368408203125, 9.775396347045898, 0.0]","[289.8891296386719, 4.5, 0.0]",13.080428510638152,5.66898775100708,-0.3636076457348203,,,0.0,-0.0,0.0,-0.0
53.772504,"[615.3985595703125, 9.78041934967041, 0.0]","[290.0023193359375, 4.5, 0.0]",13.073156357723455,5.686678886413574,-0.3636076457348203,,,0.0,-0.0,0.0,-0.0
53.793802,"[615.6600952148438, 9.785439491271973, 0.0]","[290.11529541015625, 4.5, 0.0]",13.065884204808759,5.691018104553223,-0.3636076457348203,,,0.0,-0.0,0.0,-0.0
53.813077,"[615.9215087890625, 9.790456771850586, 0.0]","[290.2300720214844, 4.5, 0.0]",13.058612051894062,5.708592414855957,-0.3636076457348203,,,0.0,-0.0,0.0,-0.0
53.832549,"[616.1828002929688, 9.79547119140625, 0.0]","[290.3427429199219, 4.5, 0.0]",13.051339898979368,5.712090015411377,-0.3636076457347315,,,0.0,-0.0,0.0,-0.0
53.852299,"[616.4439086914062, 9.800482749938965, 0.0]","[290.4574279785156, 4.5, 0.0]",13.044067746064671,5.729103088378906,-0.3636076457348203,,,0.0,-0.0,0.0,-0.0
53.871415,"[616.7048950195312, 9.80549144744873, 0.0]","[290.5714416503906, 4.5, 0.0]",13.036795595437466,5.732721328735352,-0.363607531360266,,,0.0,-0.0,0.0,-0.0
53.89205,"[616.9656982421875, 9.810497283935547, 0.0]","[290.6863708496094, 4.5, 0.0]",13.029523444810263,5.749755859375,-0.3636075313601772,,,0.0,-0.0,0.0,-0.0
53.912133,"[617.2263793945312, 9.815500259399414, 0.0]","[290.8015441894531, 4.5, 0.0]",13.022251294183059,5.753158092498779,-0.3636075313601772,,,0.0,-0.0,0.0,-0.0
53.931837,"[617.4869384765625, 9.820500373840332, 0.0]","[290.9161376953125, 4.5, 0.0]",13.014979143555856,5.769142150878906,-0.3636075313601772,,,0.0,-0.0,0.0,-0.0
53.951713,"[617.747314453125, 9.8254976272583, 0.0]","[291.03289794921875, 4.5, 0.0]",13.007706992928652,5.771969318389893,-0.3636075313601772,,,0.0,-0.0,0.0,-0.0
53.973186,"[618.007568359375, 9.83049201965332, 0.0]","[291.1478576660156, 4.5, 0.0]",13.000434841157702,5.787983417510986,-0.36360758854749875,,,0.0,-0.0,0.0,-0.0
53.992875,"[618.2677001953125, 9.835484504699707, 0.0]","[291.2632751464844, 4.5, 0.0]",12.993162688243006,5.790700912475591,-0.3636076457348203,,,0.0,-0.0,0.0,-0.0
54.013476,"[618.5276489257812, 9.840474128723145, 0.0]","[291.37969970703125, 4.5, 0.0]",12.985890536472056,5.806446075439453,-0.36360758854749875,,,0.0,-0.0,0.0,-0.0
54.030914,"[618.7874755859375, 9.845460891723633, 0.0]","[291.49554443359375, 4.5, 0.0]",12.978618384701104,5.811288356781006,-0.36360758854758757,,,0.0,-0.0,0.0,-0.0
54.051886,"[619.047119140625, 9.850444793701172, 0.0]","[291.61285400390625, 4.5, 0.0]",12.971346233502029,5.816231727600098,-0.36360755995374916,,,0.0,-0.0,0.0,-0.0
54.07224,"[619.306640625, 9.855425834655762, 0.0]","[291.7288818359375, 4.5, 0.0]",12.964074080587332,5.831087112426758,-0.3636076457348203,,,0.0,-0.0,0.0,-0.0
54.093479,"[619.5660400390625, 9.860404014587402, 0.0]","[291.8475341796875, 4.5, 0.0]",12.95680192881638,5.832791805267334,-0.36360758854758757,,,0.0,-0.0,0.0,-0.0
54.114322,"[619.8252563476562, 9.865379333496094, 0.0]","[291.9623718261719, 4.5, 0.0]",12.94952977704543,5.847136974334717,-0.36360758854749875,,,0.0,-0.0,0.0,-0.0
54.13193,"[620.0843505859375, 9.870351791381836, 0.0]","[292.0794677734375, 4.5, 0.0]",12.942257625274483,5.847362995147705,-0.36360758854740993,,,0.0,-0.0,0.0,-0.0
54.153402,"[620.3433227539062, 9.875321388244629, 0.0]","[292.1986389160156, 4.5, 0.0]",12.934985472359784,5.861042499542236,-0.3636076457349091,,,0.0,-0.0,0.0,-0.0
54.172488,"[620.6021118164062, 9.880288124084473, 0.0]","[292.3132629394531, 4.5, 0.0]",12.927713320588834,5.861121654510498,-0.36360758854749875,,,0.0,-0.0,0.0,-0.0
54.193816,"[620.8607788085938, 9.885251998901367, 0.0]","[292.4332580566406, 4.5, 0.0]",12.920441167674138,5.874849319458008,-0.3636076457348203,,,0.0,-0.0,0.0,-0.0
54.213401,"[621.1192626953125, 9.890213012695312, 0.0]","[292.5511474609375, 4.5, 0.0]",12.913169015331315,5.874654293060303,-0.3636076171411595,,,0.0,-0.0,0.0,-0.0
54.233752,"[621.3776245117188, 9.895171165466309, 0.0]","[292.66546630859375, 4.5, 0.0]",12.905896864132238,5.886673450469971,-0.363607559953838,,,0.0,-0.0,0.0,-0.0
54.253278,"[621.6358642578125, 9.900127410888672, 0.0]","[292.78448486328125, 4.5, 0.0]",12.898624712361288,5.8855814933776855,-0.36360758854749875,,,0.0,-0.0,0.0,-0.0
54.272959,"[621.8939208984375, 9.905080795288086, 0.0]","[292.9022216796875, 4.5, 0.0]",12.891352561162211,5.897762298583984,-0.363607559953838,,,0.0,-0.0,0.0,-0.0
54.292961,"[622.15185546875, 9.91003131866455, 0.0]","[293.02008056640625, 4.5, 0.0]",12.884080408247515,5.896615505218507,-0.3636076457348203,,,0.0,-0.0,0.0,-0.0
54.315208,"[622.4096069335938, 9.914978981018066, 0.0]","[293.1402282714844, 4.5, 0.0]",12.876808256476565,5.908463954925537,-0.36360758854749875,,,0.0,-0.0,0.0,-0.0
54.335821,"[622.667236328125, 9.919923782348633, 0.0]","[293.2564697265625, 4.5, 0.0]",12.869536104705615,5.905902862548828,-0.36360758854749875,,,0.0,-0.0,0.0,-0.0
54.351636,"[622.9247436523438, 9.92486572265625, 0.0]","[293.37518310546875, 4.5, 0.0]",12.862263952362792,5.916761875152588,-0.3636076171411595,,,0.0,-0.0,0.0,-0.0
54.372558,"[623.1820678710938, 9.929804801940918, 0.0]","[293.4952392578125, 4.5, 0.0]",12.854991799448095,5.91433572769165,-0.3636076457348203,,,0.0,-0.0,0.0,-0.0
54.393603,"[623.4392700195312, 9.934741020202637, 0.0]","[293.6131286621094, 4.5, 0.0]",12.847719647391209,5.925166130065918,-0.36360760284432914,,,0.0,-0.0,0.0,-0.0
54.413387,"[623.6963500976562, 9.939674377441406, 0.0]","[293.732421875, 4.5, 0.0]",12.840447494476512,5.92232084274292,-0.3636076457348203,,,0.0,-0.0,0.0,-0.0
54.433001,"[623.9532470703125, 9.944604873657227, 0.0]","[293.8488464355469, 4.5, 0.0]",12.83317534270556,5.931929111480713,-0.36360758854758757,,,0.0,-0.0,0.0,-0.0
54.452785,"[624.2100219726562, 9.949532508850098, 0.0]","[293.9700622558594, 4.5, 0.0]",12.82590319093461,5.93165922164917,-0.36360758854749875,,,0.0,-0.0,0.0,-0.0
54.47188,"[624.4666137695312, 9.95445728302002, 0.0]","[294.0878601074219, 4.5, 0.0]",12.818631039735534,5.934636116027832,-0.363607559953838,,,0.0,-0.0,0.0,-0.0
54.493402,"[624.7230834960938, 9.959379196166992, 0.0]","[294.2071228027344, 4.5, 0.0]",12.811358887678649,5.937650203704834,-0.3636076028442403,,,0.0,-0.0,0.0,-0.0
54.51206,"[624.9794311523438, 9.964298248291016, 0.0]","[294.3235778808594, 4.5, 0.0]",12.804086735907697,5.940320014953613,-0.36360758854758757,,,0.0,-0.0,0.0,-0.0
54.530729,"[625.235595703125, 9.969215393066406, 0.0]","[294.4418029785156, 4.5, 0.0]",12.796814584136749,5.942426681518555,-0.36360758854740993,,,0.0,-0.0,0.0,-0.0
54.554458,"[625.4916381835938, 9.974129676818848, 0.0]","[294.5635986328125, 4.5, 0.0]",12.789542431507988,5.944597244262695,-0.3636076314380787,,,0.0,-0.0,0.0,-0.0
54.572311,"[625.7474975585938, 9.97904109954834, 0.0]","[294.6801452636719, 4.5, 0.0]",12.782270279737038,5.946674346923828,-0.36360758854749875,,,0.0,-0.0,0.0,-0.0
54.592041,"[626.0032348632812, 9.983949661254883, 0.0]","[294.7991943359375, 4.5, 0.0]",12.774998127966088,5.948795795440674,-0.36360758854749875,,,0.0,-0.0,0.0,-0.0
54.611605,"[626.2588500976562, 9.988855361938477, 0.0]","[294.9193115234375, 4.5, 0.0]",12.767725976195138,5.950758457183838,-0.36360758854749875,,,0.0,-0.0,0.0,-0.0
54.631208,"[626.5142822265625, 9.993758201599121, 0.0]","[295.0376281738281, 4.5, 0.0]",12.760453824424188,5.95230770111084,-0.36360758854749875,,,0.0,-0.0,0.0,-0.0
54.653358,"[626.7695922851562, 9.998658180236816, 0.0]","[295.1577453613281, 4.5, 0.0]",12.753181672653238,5.953880310058594,-0.36360758854749875,,,0.0,-0.0,0.0,-0.0
54.672029,"[627.0247802734375, 10.003555297851562, 0.0]","[295.2755432128906, 4.5, 0.0]",12.745909520882288,5.955422878265381,-0.36360758854749875,,,0.0,-0.0,0.0,-0.0
54.692625,"[627.27978515625, 10.00844955444336, 0.0]","[295.3949890136719, 4.5, 0.0]",12.738637369111338,5.956986427307129,-0.36360758854749875,,,0.0,-0.0,0.0,-0.0
54.712323,"[627.53466796875, 10.013340950012207, 0.0]","[295.51507568359375, 4.5, 0.0]",12.731365217340388,5.9584760665893555,-0.36360758854749875,,,0.0,-0.0,0.0,-0.0
54.731812,"[627.7893676757812, 10.018229484558105, 0.0]","[295.6327819824219, 4.5, 0.0]",12.724093065569438,5.95975923538208,-0.36360758854749875,,,0.0,-0.0,0.0,-0.0
54.751568,"[628.0439453125, 10.023115158081055, 0.0]","[295.7531433105469, 4.5, 0.0]",12.716820913798488,5.961071014404297,-0.36360758854749875,,,0.0,-0.0,0.0,-0.0
54.772129,"[628.2984008789062, 10.027997970581055, 0.0]","[295.8719177246094, 4.5, 0.0]",12.709548761741601,5.96236515045166,-0.36360760284432914,,,0.0,-0.0,0.0,-0.0
54.792271,"[628.5526733398438, 10.032878875732422, 0.0]","[295.9906005859375, 4.5, 0.0]",12.702276608826905,5.963658332824707,-0.3636076457348203,,,0.0,-0.0,0.0,-0.0
54.812341,"[628.8068237304688, 10.03775691986084, 0.0]","[296.1110534667969, 4.5, 0.0]",12.695004457055955,5.964982986450195,-0.36360758854749875,,,0.0,-0.0,0.0,-0.0
54.832135,"[629.0608520507812, 10.042632102966309, 0.0]","[296.2301330566406, 4.5, 0.0]",12.687732305285003,5.9663190841674805,-0.36360758854758757,,,0.0,-0.0,0.0,-0.0
54.85301,"[629.314697265625, 10.047504425048828, 0.0]","[296.3497314453125, 4.5, 0.0]",12.680460154657801,5.967660903930664,-0.3636075313600884,,,0.0,-0.0,0.0,-0.0
54.871038,"[629.5684204101562, 10.052373886108398, 0.0]","[296.46844482421875, 4.5, 0.0]",12.673188002029041,5.972326278686523,-0.3636076314379899,,,0.0,-0.0,0.0,-0.0
54.894907,"[629.8219604492188, 10.05724048614502, 0.0]","[296.58770751953125, 4.5, 0.0]",12.665915850258092,5.966998100280763,-0.36360758854749875,,,0.0,-0.0,0.0,-0.0
54.913526,"[630.0753784179688, 10.062104225158691, 0.0]","[296.7091064453125, 4.5, 0.0]",12.65864369848714,5.975102424621582,-0.36360758854758757,,,0.0,-0.0,0.0,-0.0
54.932302,"[630.3286743164062, 10.066965103149414, 0.0]","[296.82733154296875, 4.5, 0.0]",12.651371545572445,5.969998359680176,-0.3636076457347315,,,0.0,-0.0,0.0,-0.0
54.953431,"[630.581787109375, 10.071823120117188, 0.0]","[296.9468994140625, 4.5, 0.0]",12.64409939408743,5.978244781494141,-0.3636075742507572,,,0.0,-0.0,0.0,-0.0
54.972949,"[630.8347778320312, 10.076678276062012, 0.0]","[297.06646728515625, 4.5, 0.0]",12.636827241172734,5.973158359527589,-0.3636076457348203,,,0.0,-0.0,0.0,-0.0
54.992684,"[631.0875854492188, 10.081530570983887, 0.0]","[297.1861877441406, 4.5, 0.0]",12.629555089115847,5.981406211853027,-0.36360760284432914,,,0.0,-0.0,0.0,-0.0
55.011235,"[631.3402709960938, 10.086380004882812, 0.0]","[297.305908203125, 4.5, 0.0]",12.622282937344897,5.976451396942139,-0.36360758854749875,,,0.0,-0.0,0.0,-0.0
55.033269,"[631.5928344726562, 10.091226577758789, 0.0]","[297.4252014160156, 4.5, 0.0]",12.6150107844302,5.985109806060791,-0.3636076457348203,,,0.0,-0.0,0.0,-0.0
55.052606,"[631.84521484375, 10.096070289611816, 0.0]","[297.54547119140625, 4.5, 0.0]",12.607738631515504,5.980452537536621,-0.3636076457348203,,,0.0,-0.0,0.0,-0.0
55.072816,"[632.0974731445312, 10.100912094116211, 0.0]","[297.6651306152344, 4.5, 0.0]",12.600466480602364,5.98911714553833,-0.3636075456570076,,,0.0,-0.0,0.0,-0.0
55.093215,"[632.349609375, 10.105751037597656, 0.0]","[297.7843933105469, 4.5, 0.0]",12.593194328831414,5.984442234039307,-0.36360758854749875,,,0.0,-0.0,0.0,-0.0
55.112192,"[632.6015625, 10.110587120056152, 0.0]","[297.9049377441406, 4.5, 0.0]",12.5859221773464,5.993294715881348,-0.36360757425066836,,,0.0,-0.0,0.0,-0.0
55.131188,"[632.8533935546875, 10.1154203414917, 0.0]","[298.0240478515625, 4.5, 0.0]",12.578650025861387,5.9891700744628915,-0.36360757425066836,,,0.0,-0.0,0.0,-0.0
55.151573,"[633.1050415039062, 10.120250701904297, 0.0]","[298.1435241699219, 4.5, 0.0]",12.571377874376374,5.998385429382324,-0.36360757425066836,,,0.0,-0.0,0.0,-0.0
55.172531,"[633.3565673828125, 10.125078201293945, 0.0]","[298.2666931152344, 4.5, 0.0]",12.564105722605424,5.99434757232666,-0.36360758854749875,,,0.0,-0.0,0.0,-0.0
55.192549,"[633.6079711914062, 10.129902839660645, 0.0]","[298.3868408203125, 4.5, 0.0]",12.556833568832918,6.00357723236084,-0.36360768862531145,,,0.0,-0.0,0.0,-0.0
55.212785,"[633.8591918945312, 10.134724617004395, 0.0]","[298.5073547363281, 4.5, 0.0]",12.549561417061968,5.999725341796875,-0.36360758854749875,,,0.0,-0.0,0.0,-0.0
55.23236,"[634.1102905273438, 10.139543533325195, 0.0]","[298.62701416015625, 4.5, 0.0]",12.542289265291018,6.009674549102783,-0.36360758854749875,,,0.0,-0.0,0.0,-0.0
55.251564,"[634.3612060546875, 10.144359588623047, 0.0]","[298.7452392578125, 4.5, 0.0]",12.535017112376321,6.006251811981201,-0.3636076457348203,,,0.0,-0.0,0.0,-0.0
55.271749,"[634.6119995117188, 10.14917278289795, 0.0]","[298.8677673339844, 4.5, 0.0]",12.527744959461625,6.016280174255371,-0.3636076457348203,,,0.0,-0.0,0.0,-0.0
55.293336,"[634.8626708984375, 10.153983116149902, 0.0]","[298.9874572753906, 4.5, 0.0]",12.520472807690675,6.012897968292237,-0.36360758854749875,,,0.0,-0.0,0.0,-0.0
55.312913,"[635.1131591796875, 10.158790588378906, 0.0]","[299.1062927246094, 4.5, 0.0]",12.513200656777533,6.023130893707275,-0.3636075456570964,,,0.0,-0.0,0.0,-0.0
55.332729,"[635.363525390625, 10.163595199584961, 0.0]","[299.22906494140625, 4.5, 0.0]",12.505928506150331,6.020840644836426,-0.3636075313600884,,,0.0,-0.0,0.0,-0.0
55.352549,"[635.61376953125, 10.168397903442383, 0.0]","[299.3500671386719, 4.5, 0.0]",12.498656355523128,6.031819820404053,-0.3636075313601772,,,0.0,-0.0,0.0,-0.0
55.372268,"[635.8638305664062, 10.173197746276855, 0.0]","[299.4697570800781, 4.5, 0.0]",12.491384203752178,6.029418468475342,-0.36360758854749875,,,0.0,-0.0,0.0,-0.0
55.391959,"[636.11376953125, 10.177994728088379, 0.0]","[299.5909118652344, 4.5, 0.0]",12.48411205083748,6.040403366088867,-0.3636076457349091,,,0.0,-0.0,0.0,-0.0
55.412512,"[636.363525390625, 10.182788848876953, 0.0]","[299.7120056152344, 4.5, 0.0]",12.476839898494658,6.041788101196289,-0.3636076171410707,,,0.0,-0.0,0.0,-0.0
55.431689,"[636.6131591796875, 10.187580108642578, 0.0]","[299.8303527832031, 4.5, 0.0]",12.469567746723706,6.047199249267578,-0.36360758854758757,,,0.0,-0.0,0.0,-0.0
55.453192,"[636.8626708984375, 10.192368507385254, 0.0]","[299.9519958496094, 4.5, 0.0]",12.462295594952757,6.052762508392334,-0.36360758854749875,,,0.0,-0.0,0.0,-0.0
55.472183,"[637.1119995117188, 10.19715404510498, 0.0]","[300.0730285644531, 4.5, 0.0]",12.45502344203806,6.058298110961914,-0.3636076457348203,,,0.0,-0.0,0.0,-0.0
55.494408,"[637.3612060546875, 10.201936721801758, 0.0]","[300.196044921875, 4.5, 0.0]",12.44775129026711,6.0639238357543945,-0.36360758854749875,,,0.0,-0.0,0.0,-0.0
55.513738,"[637.6102905273438, 10.206716537475586, 0.0]","[300.3179626464844, 4.5, 0.0]",12.44047913849616,6.069982051849366,-0.36360758854749875,,,0.0,-0.0,0.0,-0.0
55.533494,"[637.8591918945312, 10.211493492126465, 0.0]","[300.4388427734375, 4.5, 0.0]",12.433206986439274,6.076971530914307,-0.36360760284432914,,,0.0,-0.0,0.0,-0.0
55.554741,"[638.1079711914062, 10.216267585754395, 0.0]","[300.56158447265625, 4.5, 0.0]",12.425934833524577,6.084067344665527,-0.3636076457348203,,,0.0,-0.0,0.0,-0.0
55.573982,"[638.3565673828125, 10.221038818359375, 0.0]","[300.68292236328125, 4.5, 0.0]",12.418662682039564,6.091081619262695,-0.36360757425066836,,,0.0,-0.0,0.0,-0.0
55.592574,"[638.6050415039062, 10.225807189941406, 0.0]","[300.80242919921875, 4.5, 0.0]",12.41139053055455,6.097990036010742,-0.36360757425066836,,,0.0,-0.0,0.0,-0.0
55.612673,"[638.8533935546875, 10.230573654174805, 0.0]","[300.9244384765625, 4.5, 0.0]",12.4041183787836,6.10557746887207,-0.36360758854749875,,,0.0,-0.0,0.0,-0.0
55.632993,"[639.1015625, 10.235337257385254, 0.0]","[301.04693603515625, 4.5, 0.0]",12.39684622701265,6.114391803741455,-0.36360758854749875,,,0.0,-0.0,0.0,-0.0
55.653602,"[639.349609375, 10.240097999572754, 0.0]","[301.1697692871094, 4.5, 0.0]",12.3895740752417,6.123232364654541,-0.36360758854749875,,,0.0,-0.0,0.0,-0.0
55.673502,"[639.5974731445312, 10.244855880737305, 0.0]","[301.29217529296875, 4.5, 0.0]",12.382301924614497,6.132040977478027,-0.3636075313601772,,,0.0,-0.0,0.0,-0.0
55.693317,"[639.84521484375, 10.249610900878906, 0.0]","[301.41461181640625, 4.5, 0.0]",12.3750297716998,6.140851020812988,-0.3636076457348203,,,0.0,-0.0,0.0,-0.0
55.712981,"[640.0928344726562, 10.254363059997559, 0.0]","[301.53863525390625, 4.5, 0.0]",12.367757618785104,6.150372982025147,-0.3636076457348203,,,0.0,-0.0,0.0,-0.0
55.733117,"[640.3402709960938, 10.259112358093262, 0.0]","[301.6627502441406, 4.5, 0.0]",12.360485465870406,6.1612043380737305,-0.3636076457349091,,,0.0,-0.0,0.0,-0.0
55.754069,"[640.5875854492188, 10.263858795166016, 0.0]","[301.7874450683594, 4.5, 0.0]",12.353213314099456,6.172084331512451,-0.36360758854749875,,,0.0,-0.0,0.0,-0.0
55.773352,"[640.8347778320312, 10.26860237121582, 0.0]","[301.90789794921875, 4.5, 0.0]",12.345941161756635,6.1825947761535645,-0.3636076171410707,,,0.0,-0.0,0.0,-0.0
55.792998,"[641.081787109375, 10.273343086242676, 0.0]","[302.031005859375, 4.5, 0.0]",12.338669009985685,6.193336486816406,-0.36360758854749875,,,0.0,-0.0,0.0,-0.0
55.814652,"[641.3286743164062, 10.278080940246582, 0.0]","[302.1558532714844, 4.5, 0.0]",12.331396858214733,6.204847812652588,-0.36360758854758757,,,0.0,-0.0,0.0,-0.0
55.833106,"[641.5753784179688, 10.282815933227539, 0.0]","[302.2804260253906, 4.5, 0.0]",12.324124706443785,6.221044063568115,-0.36360758854740993,,,0.0,-0.0,0.0,-0.0
55.852164,"[641.8219604492188, 10.287548065185547, 0.0]","[302.4051818847656, 4.5, 0.0]",12.316852553529086,6.227258682250977,-0.3636076457349091,,,0.0,-0.0,0.0,-0.0
55.872828,"[642.0684204101562, 10.292277336120605, 0.0]","[302.5293273925781, 4.5, 0.0]",12.309580401758137,6.2467451095581055,-0.36360758854749875,,,0.0,-0.0,0.0,-0.0
55.894094,"[642.314697265625, 10.297004699707031, 0.0]","[302.6553039550781, 4.5, 0.0]",12.302308251130935,6.25308895111084,-0.3636075313600884,,,0.0,-0.0,0.0,-0.0
55.912636,"[642.5608520507812, 10.301729202270508, 0.0]","[302.7798156738281, 4.5, 0.0]",12.295036099359983,6.273216247558594,-0.36360758854758757,,,0.0,-0.0,0.0,-0.0
55.932724,"[642.8068237304688, 10.306450843811035, 0.0]","[302.9050598144531, 4.5, 0.0]",12.287763946731223,6.281425952911378,-0.3636076314379899,,,0.0,-0.0,0.0,-0.0
55.951877,"[643.0526733398438, 10.311169624328613, 0.0]","[303.0320739746094, 4.5, 0.0]",12.2804917943884,6.3031768798828125,-0.3636076171411595,,,0.0,-0.0,0.0,-0.0
55.973502,"[643.2984008789062, 10.315885543823242, 0.0]","[303.1590576171875, 4.5, 0.0]",12.27321964261745,6.311594486236572,-0.36360758854749875,,,0.0,-0.0,0.0,-0.0
55.99482,"[643.5439453125, 10.320598602294922, 0.0]","[303.2843017578125, 4.5, 0.0]",12.2659474908465,6.333136081695557,-0.36360758854749875,,,0.0,-0.0,0.0,-0.0
56.012721,"[643.7893676757812, 10.325308799743652, 0.0]","[303.4108581542969, 4.5, 0.0]",12.258675340219297,6.342089653015137,-0.3636075313601772,,,0.0,-0.0,0.0,-0.0
56.031565,"[644.03466796875, 10.330016136169434, 0.0]","[303.5384216308594, 4.5, 0.0]",12.251403189306156,6.365814685821533,-0.3636075456570076,,,0.0,-0.0,0.0,-0.0
56.053624,"[644.27978515625, 10.334720611572266, 0.0]","[303.666748046875, 4.5, 0.0]",12.244131038678953,6.376307487487793,-0.3636075313601772,,,0.0,-0.0,0.0,-0.0
56.072905,"[644.5247802734375, 10.339422225952148, 0.0]","[303.7939453125, 4.5, 0.0]",12.236858885764256,6.399983882904053,-0.3636076457348203,,,0.0,-0.0,0.0,-0.0
56.093684,"[644.7695922851562, 10.344120979309082, 0.0]","[303.92230224609375, 4.5, 0.0]",12.22958673284956,6.410480976104736,-0.3636076457348203,,,0.0,-0.0,0.0,-0.0
56.113131,"[645.0142822265625, 10.348816871643066, 0.0]","[304.0502014160156, 4.5, 0.0]",12.222314579648927,6.434788703918457,-0.3636076600316507,,,0.0,-0.0,0.0,-0.0
56.132713,"[645.2588500976562, 10.353509902954102, 0.0]","[304.1788024902344, 4.5, 0.0]",12.215042427877977,6.447047233581544,-0.36360758854749875,,,0.0,-0.0,0.0,-0.0
56.153624,"[645.5032348632812, 10.358201026916504, 0.0]","[304.30926513671875, 4.5, 0.0]",12.207770276107027,6.472906589508057,-0.36360758854749875,,,0.0,-0.0,0.0,-0.0
56.173428,"[645.7474975585938, 10.362889289855957, 0.0]","[304.4384765625, 4.5, 0.0]",12.200498124336077,6.485257148742676,-0.36360758854749875,,,0.0,-0.0,0.0,-0.0
56.191698,"[645.9916381835938, 10.367574691772461, 0.0]","[304.5674133300781, 4.5, 0.0]",12.193225972565127,6.510895729064941,-0.36360758854749875,,,0.0,-0.0,0.0,-0.0
56.213048,"[646.235595703125, 10.372257232666016, 0.0]","[304.698486328125, 4.5, 0.0]",12.18595381965043,6.5239577293396,-0.3636076457348203,,,0.0,-0.0,0.0,-0.0
56.233383,"[646.4794311523438, 10.376936912536621, 0.0]","[304.831298828125, 4.5, 0.0]",12.178681666735734,6.551606178283691,-0.3636076457348203,,,0.0,-0.0,0.0,-0.0
56.253452,"[646.7230834960938, 10.381613731384277, 0.0]","[304.96240234375, 4.5, 0.0]",12.171409515822592,6.5656518936157235,-0.3636075456570964,,,0.0,-0.0,0.0,-0.0
56.273017,"[646.9666137695312, 10.386287689208984, 0.0]","[305.0917663574219, 4.5, 0.0]",12.164137364051644,6.5927605628967285,-0.36360758854740993,,,0.0,-0.0,0.0,-0.0
56.293568,"[647.2100219726562, 10.390958786010742, 0.0]","[305.225341796875, 4.5, 0.0]",12.156865212280692,6.6071977615356445,-0.36360758854758757,,,0.0,-0.0,0.0,-0.0
56.313762,"[647.4532470703125, 10.39562702178955, 0.0]","[305.359375, 4.5, 0.0]",12.149593060509742,6.635394096374512,-0.36360758854749875,,,0.0,-0.0,0.0,-0.0
56.333293,"[647.6963500976562, 10.40029239654541, 0.0]","[305.49029541015625, 4.5, 0.0]",12.142320908738794,6.653802394866943,-0.36360758854740993,,,0.0,-0.0,0.0,-0.0
56.354457,"[647.9392700195312, 10.40495491027832, 0.0]","[305.6244812011719, 4.5, 0.0]",12.135048756967842,6.676087856292725,-0.36360758854758757,,,0.0,-0.0,0.0,-0.0
56.372414,"[648.1820678710938, 10.409614562988281, 0.0]","[305.7571105957031, 4.5, 0.0]",12.127776604053146,6.698115348815918,-0.3636076457348203,,,0.0,-0.0,0.0,-0.0
56.397339,"[648.4247436523438, 10.414271354675293, 0.0]","[305.8912353515625, 4.5, 0.0]",12.12050445113845,6.720393180847168,-0.3636076457348203,,,0.0,-0.0,0.0,-0.0
56.414135,"[648.667236328125, 10.418925285339355, 0.0]","[306.0277099609375, 4.5, 0.0]",12.11323229850969,6.743231296539307,-0.3636076314379899,,,0.0,-0.0,0.0,-0.0
56.432309,"[648.9096069335938, 10.423577308654785, 0.0]","[306.1640930175781, 4.5, 0.0]",12.10596014673874,6.766429901123049,-0.36360758854749875,,,0.0,-0.0,0.0,-0.0
56.454075,"[649.15185546875, 10.428226470947266, 0.0]","[306.2976379394531, 4.5, 0.0]",12.098687996111536,6.7891411781311035,-0.3636075313601772,,,0.0,-0.0,0.0,-0.0
56.473183,"[649.3939208984375, 10.432872772216797, 0.0]","[306.43341064453125, 4.5, 0.0]",12.091415845484333,6.81223201751709,-0.3636075313601772,,,0.0,-0.0,0.0,-0.0
56.492148,"[649.6358642578125, 10.437516212463379, 0.0]","[306.56866455078125, 4.5, 0.0]",12.084143693713383,6.8352370262146,-0.36360758854749875,,,0.0,-0.0,0.0,-0.0
56.513545,"[649.8776245117188, 10.442156791687012, 0.0]","[306.7061462402344, 4.5, 0.0]",12.076871542514306,6.858612537384033,-0.363607559953838,,,0.0,-0.0,0.0,-0.0
56.533048,"[650.1192626953125, 10.446794509887695, 0.0]","[306.8443298339844, 4.5, 0.0]",12.069599390743358,6.8820977210998535,-0.36360758854740993,,,0.0,-0.0,0.0,-0.0
56.553973,"[650.3607788085938, 10.45142936706543, 0.0]","[306.9829406738281, 4.5, 0.0]",12.06232723782866,6.905659198760986,-0.3636076457349091,,,0.0,-0.0,0.0,-0.0
56.572376,"[650.6021118164062, 10.456061363220215, 0.0]","[307.1200866699219, 4.5, 0.0]",12.055055084913963,6.928968906402588,-0.3636076457348203,,,0.0,-0.0,0.0,-0.0
56.593218,"[650.8433227539062, 10.46069049835205, 0.0]","[307.2586975097656, 4.5, 0.0]",12.047782931999267,6.952526092529297,-0.3636076457348203,,,0.0,-0.0,0.0,-0.0
56.613359,"[651.0843505859375, 10.465316772460938, 0.0]","[307.398681640625, 4.5, 0.0]",12.040510779084569,6.97611141204834,-0.3636076457349091,,,0.0,-0.0,0.0,-0.0
56.632524,"[651.3252563476562, 10.469940185546875, 0.0]","[307.5383605957031, 4.5, 0.0]",12.033238626169874,6.9991984367370605,-0.3636076457347315,,,0.0,-0.0,0.0,-0.0
56.653192,"[651.5660400390625, 10.474560737609863, 0.0]","[307.6806335449219, 4.5, 0.0]",12.025966474398924,7.022715091705322,-0.36360758854749875,,,0.0,-0.0,0.0,-0.0
56.673346,"[651.806640625, 10.479178428649902, 0.0]","[307.8201904296875, 4.5, 0.0]",12.018694323485782,7.045780181884766,-0.3636075456570964,,,0.0,-0.0,0.0,-0.0
56.692169,"[652.047119140625, 10.483793258666992, 0.0]","[307.9605712890625, 4.5, 0.0]",12.011422171714832,7.068984985351564,-0.36360758854749875,,,0.0,-0.0,0.0,-0.0
56.712874,"[652.2874755859375, 10.48840618133545, 0.0]","[308.10198974609375, 4.5, 0.0]",12.004150018800136,7.091980934143066,-0.3636076457348203,,,0.0,-0.0,0.0,-0.0
56.73271,"[652.5276489257812, 10.493016242980957, 0.0]","[308.2447204589844, 4.5, 0.0]",11.996877867029186,7.114357948303223,-0.36360758854749875,,,0.0,-0.0,0.0,-0.0
56.752241,"[652.7677001953125, 10.497623443603516, 0.0]","[308.3880615234375, 4.5, 0.0]",11.989605716116046,7.140159606933594,-0.3636075456570076,,,0.0,-0.0,0.0,-0.0
56.772994,"[653.007568359375, 10.502227783203125, 0.0]","[308.53228759765625, 4.5, 0.0]",11.982333565488842,7.15610456466675,-0.3636075313601772,,,0.0,-0.0,0.0,-0.0
56.795488,"[653.247314453125, 10.506829261779785, 0.0]","[308.6772155761719, 4.5, 0.0]",11.97506141486164,7.185492992401123,-0.3636075313600884,,,0.0,-0.0,0.0,-0.0
56.812269,"[653.4869384765625, 10.511427879333496, 0.0]","[308.8171081542969, 4.5, 0.0]",11.96778926309069,7.200224876403809,-0.36360758854749875,,,0.0,-0.0,0.0,-0.0
56.833406,"[653.7263793945312, 10.516023635864258, 0.0]","[308.96142578125, 4.5, 0.0]",11.960517110175992,7.2278008460998535,-0.3636076457349091,,,0.0,-0.0,0.0,-0.0
56.854613,"[653.9656982421875, 10.52061653137207, 0.0]","[309.1081237792969, 4.5, 0.0]",11.953244958405042,7.242395401000977,-0.36360758854749875,,,0.0,-0.0,0.0,-0.0
56.872105,"[654.2048950195312, 10.525206565856934, 0.0]","[309.2552490234375, 4.5, 0.0]",11.945972805490346,7.270380020141602,-0.3636076457348203,,,0.0,-0.0,0.0,-0.0
56.894781,"[654.4439086914062, 10.529793739318848, 0.0]","[309.39739990234375, 4.5, 0.0]",11.938700653719396,7.284311771392822,-0.36360758854749875,,,0.0,-0.0,0.0,-0.0
56.912999,"[654.6828002929688, 10.534378051757812, 0.0]","[309.5429992675781, 4.5, 0.0]",11.931428501948446,7.311450958251953,-0.36360758854749875,,,0.0,-0.0,0.0,-0.0
56.932295,"[654.9215087890625, 10.538959503173828, 0.0]","[309.6891174316406, 4.5, 0.0]",11.924156349605623,7.323936939239503,-0.3636076171411595,,,0.0,-0.0,0.0,-0.0
56.953904,"[655.1600952148438, 10.543538093566895, 0.0]","[309.8405456542969, 4.5, 0.0]",11.916884197834673,7.350456237792969,-0.36360758854749875,,,0.0,-0.0,0.0,-0.0
56.97791,"[655.3985595703125, 10.548114776611328, 0.0]","[309.98834228515625, 4.5, 0.0]",11.909612046063723,7.363163948059082,-0.36360758854749875,,,0.0,-0.0,0.0,-0.0
56.993779,"[655.6368408203125, 10.552688598632812, 0.0]","[310.13092041015625, 4.5, 0.0]",11.902339893149026,7.388518333435059,-0.3636076457348203,,,0.0,-0.0,0.0,-0.0
57.013188,"[655.875, 10.557259559631348, 0.0]","[310.2789611816406, 4.5, 0.0]",11.89506774023433,7.400600433349609,-0.3636076457348203,,,0.0,-0.0,0.0,-0.0
57.032356,"[656.1129760742188, 10.561827659606934, 0.0]","[310.4306335449219, 4.5, 0.0]",11.887795589607126,7.424968719482422,-0.3636075313601772,,,0.0,-0.0,0.0,-0.0
57.052194,"[656.350830078125, 10.56639289855957, 0.0]","[310.57708740234375, 4.5, 0.0]",11.88052343755024,7.435396194458008,-0.36360760284432914,,,0.0,-0.0,0.0,-0.0
57.072606,"[656.5885620117188, 10.570955276489258, 0.0]","[310.7253723144531, 4.5, 0.0]",11.873251284635542,7.459371089935303,-0.3636076457349091,,,0.0,-0.0,0.0,-0.0
57.0951,"[656.8261108398438, 10.575514793395996, 0.0]","[310.8748474121094, 4.5, 0.0]",11.865979132006782,7.470149993896484,-0.3636076314379899,,,0.0,-0.0,0.0,-0.0
57.112999,"[657.0635375976562, 10.580071449279785, 0.0]","[311.02386474609375, 4.5, 0.0]",11.858706981379578,7.493554592132568,-0.3636075313601772,,,0.0,-0.0,0.0,-0.0
57.131587,"[657.3008422851562, 10.584625244140625, 0.0]","[311.1734313964844, 4.5, 0.0]",11.851434830752376,7.502225875854492,-0.3636075313600884,,,0.0,-0.0,0.0,-0.0
57.155953,"[657.5379638671875, 10.589176177978516, 0.0]","[311.3301696777344, 4.5, 0.0]",11.844162678981426,7.524967670440674,-0.36360758854749875,,,0.0,-0.0,0.0,-0.0
57.172831,"[657.7749633789062, 10.593724250793457, 0.0]","[311.4780578613281, 4.5, 0.0]",11.836890525494855,7.533468246459961,-0.3636076743285699,,,0.0,-0.0,0.0,-0.0
57.193371,"[658.0117797851562, 10.59826946258545, 0.0]","[311.6253662109375, 4.5, 0.0]",11.829618373723905,7.555241584777832,-0.36360758854749875,,,0.0,-0.0,0.0,-0.0
57.212499,"[658.2484741210938, 10.602811813354492, 0.0]","[311.77685546875, 4.5, 0.0]",11.822346223096703,7.563520431518555,-0.3636075313600884,,,0.0,-0.0,0.0,-0.0
57.23323,"[658.4850463867188, 10.607351303100586, 0.0]","[311.9304504394531, 4.5, 0.0]",11.815074071325753,7.58398962020874,-0.36360758854749875,,,0.0,-0.0,0.0,-0.0
57.252498,"[658.721435546875, 10.611888885498047, 0.0]","[312.0816650390625, 4.5, 0.0]",11.807801919268865,7.594247817993166,-0.36360760284441795,,,0.0,-0.0,0.0,-0.0
57.271976,"[658.9577026367188, 10.616423606872559, 0.0]","[312.23236083984375, 4.5, 0.0]",11.800529765782295,7.604456901550293,-0.36360767432848107,,,0.0,-0.0,0.0,-0.0
57.293787,"[659.1937866210938, 10.620955467224121, 0.0]","[312.3852233886719, 4.5, 0.0]",11.793257613153536,7.62485933303833,-0.3636076314379899,,,0.0,-0.0,0.0,-0.0
57.312846,"[659.4297485351562, 10.625484466552734, 0.0]","[312.53759765625, 4.5, 0.0]",11.78598546023884,7.631363868713379,-0.3636076457348203,,,0.0,-0.0,0.0,-0.0
57.332437,"[659.6655883789062, 10.630010604858398, 0.0]","[312.6896667480469, 4.5, 0.0]",11.77871330846789,7.650012016296387,-0.36360758854749875,,,0.0,-0.0,0.0,-0.0
57.352956,"[659.9012451171875, 10.634533882141113, 0.0]","[312.8448486328125, 4.5, 0.0]",11.77144115669694,7.655575275421143,-0.36360758854749875,,,0.0,-0.0,0.0,-0.0
57.372632,"[660.1367797851562, 10.639054298400879, 0.0]","[312.9970703125, 4.5, 0.0]",11.764169006069736,7.67423677444458,-0.3636075313601772,,,0.0,-0.0,0.0,-0.0
57.393075,"[660.3721923828125, 10.643571853637695, 0.0]","[313.14971923828125, 4.5, 0.0]",11.756896854298786,7.679602146148682,-0.36360758854749875,,,0.0,-0.0,0.0,-0.0
57.414494,"[660.607421875, 10.648086547851562, 0.0]","[313.3056335449219, 4.5, 0.0]",11.7496247022419,7.698144912719727,-0.36360760284432914,,,0.0,-0.0,0.0,-0.0
57.432851,"[660.842529296875, 10.65259838104248, 0.0]","[313.4580078125, 4.5, 0.0]",11.74235255047095,7.702214717864992,-0.36360758854749875,,,0.0,-0.0,0.0,-0.0
57.454803,"[661.0774536132812, 10.65710735321045, 0.0]","[313.61767578125, 4.5, 0.0]",11.735080398699997,7.720129013061523,-0.36360758854758757,,,0.0,-0.0,0.0,-0.0
57.472374,"[661.312255859375, 10.661613464355469, 0.0]","[313.76629638671875, 4.5, 0.0]",11.72780824692905,7.723931789398193,-0.36360758854740993,,,0.0,-0.0,0.0,-0.0
57.492952,"[661.5469360351562, 10.666116714477539, 0.0]","[313.92218017578125, 4.5, 0.0]",11.7205360951581,7.741580009460449,-0.36360758854749875,,,0.0,-0.0,0.0,-0.0
57.512255,"[661.7814331054688, 10.670618057250977, 0.0]","[314.0767822265625, 4.5, 0.0]",11.713263942243401,7.745524883270264,-0.3636076457349091,,,0.0,-0.0,0.0,-0.0
57.532156,"[662.0158081054688, 10.675116539001465, 0.0]","[314.2313537597656, 4.5, 0.0]",11.705991789328705,7.762171745300293,-0.3636076457348203,,,0.0,-0.0,0.0,-0.0
57.55408,"[662.25, 10.679612159729004, 0.0]","[314.38934326171875, 4.5, 0.0]",11.698719637557755,7.765707969665528,-0.36360758854749875,,,0.0,-0.0,0.0,-0.0
57.572757,"[662.4840698242188, 10.684104919433594, 0.0]","[314.54278564453125, 4.5, 0.0]",11.691447485786805,7.782281398773193,-0.36360758854749875,,,0.0,-0.0,0.0,-0.0
57.592567,"[662.718017578125, 10.688594818115234, 0.0]","[314.6979064941406, 4.5, 0.0]",11.684175332872108,7.78563117980957,-0.3636076457348203,,,0.0,-0.0,0.0,-0.0
57.613366,"[662.9517822265625, 10.693081855773926, 0.0]","[314.8544921875, 4.5, 0.0]",11.676903181101158,7.802273273468018,-0.36360758854749875,,,0.0,-0.0,0.0,-0.0
57.633435,"[663.1854248046875, 10.697566032409668, 0.0]","[315.0107421875, 4.5, 0.0]",11.669631029330208,7.805253505706787,-0.36360758854749875,,,0.0,-0.0,0.0,-0.0
57.652681,"[663.4189453125, 10.702047348022461, 0.0]","[315.1671447753906, 4.5, 0.0]",11.662358877559258,7.821575164794922,-0.36360758854749875,,,0.0,-0.0,0.0,-0.0
57.672764,"[663.6522827148438, 10.706525802612305, 0.0]","[315.3229675292969, 4.5, 0.0]",11.655086725788308,7.827861785888672,-0.36360758854749875,,,0.0,-0.0,0.0,-0.0
57.695638,"[663.885498046875, 10.7110013961792, 0.0]","[315.4810791015625, 4.5, 0.0]",11.647814573731422,7.837623596191406,-0.36360760284432914,,,0.0,-0.0,0.0,-0.0
57.712605,"[664.1185302734375, 10.715474128723145, 0.0]","[315.6369934082031, 4.5, 0.0]",11.640542422532345,7.8472371101379395,-0.363607559953838,,,0.0,-0.0,0.0,-0.0
57.731315,"[664.3514404296875, 10.71994400024414, 0.0]","[315.79351806640625, 4.5, 0.0]",11.633270271047332,7.8568620681762695,-0.36360757425066836,,,0.0,-0.0,0.0,-0.0
57.752702,"[664.584228515625, 10.724411010742188, 0.0]","[315.95416259765625, 4.5, 0.0]",11.625998118132635,7.866738796234132,-0.3636076457348203,,,0.0,-0.0,0.0,-0.0
57.772123,"[664.8168334960938, 10.728875160217285, 0.0]","[316.10833740234375, 4.5, 0.0]",11.618725966361685,7.876218795776367,-0.36360758854749875,,,0.0,-0.0,0.0,-0.0
57.795197,"[665.04931640625, 10.73333740234375, 0.0]","[316.26580810546875, 4.5, 0.0]",11.611453814876672,7.885900020599365,-0.36360757425066836,,,0.0,-0.0,0.0,-0.0
57.813799,"[665.2816772460938, 10.737796783447266, 0.0]","[316.42803955078125, 4.5, 0.0]",11.604181664249468,7.896019458770752,-0.3636075313601772,,,0.0,-0.0,0.0,-0.0
57.83167,"[665.5138549804688, 10.742253303527832, 0.0]","[316.5838623046875, 4.5, 0.0]",11.596909511906645,7.906032085418701,-0.3636076171411595,,,0.0,-0.0,0.0,-0.0
57.853142,"[665.7459106445312, 10.74670696258545, 0.0]","[316.7428894042969, 4.5, 0.0]",11.589637360135695,7.916249752044678,-0.36360758854749875,,,0.0,-0.0,0.0,-0.0
57.874909,"[665.977783203125, 10.751157760620117, 0.0]","[316.9010009765625, 4.5, 0.0]",11.582365207220999,7.926411151885986,-0.3636076457348203,,,0.0,-0.0,0.0,-0.0
57.892895,"[666.2095336914062, 10.755605697631836, 0.0]","[317.05792236328125, 4.5, 0.0]",11.575093054020366,7.936492919921876,-0.3636076600316507,,,0.0,-0.0,0.0,-0.0
57.912627,"[666.441162109375, 10.760050773620605, 0.0]","[317.21697998046875, 4.5, 0.0]",11.56782090110567,7.946956634521484,-0.3636076457348203,,,0.0,-0.0,0.0,-0.0
57.931209,"[666.672607421875, 10.764492988586426, 0.0]","[317.3756103515625, 4.5, 0.0]",11.560548750764402,7.957940101623535,-0.3636075170633468,,,0.0,-0.0,0.0,-0.0
57.951903,"[666.9039306640625, 10.768932342529297, 0.0]","[317.5356750488281, 4.5, 0.0]",11.553276598993452,7.969016075134277,-0.36360758854749875,,,0.0,-0.0,0.0,-0.0
57.972042,"[667.1350708007812, 10.773368835449219, 0.0]","[317.6951599121094, 4.5, 0.0]",11.546004446078756,7.980057716369629,-0.3636076457348203,,,0.0,-0.0,0.0,-0.0
57.992772,"[667.3660888671875, 10.777802467346191, 0.0]","[317.8547668457031, 4.5, 0.0]",11.53873229316406,7.991105556488037,-0.3636076457348203,,,0.0,-0.0,0.0,-0.0
58.012344,"[667.5969848632812, 10.782233238220215, 0.0]","[318.0149841308594, 4.5, 0.0]",11.53146014139311,8.002501487731934,-0.36360758854749875,,,0.0,-0.0,0.0,-0.0
58.032561,"[667.8276977539062, 10.786661148071289, 0.0]","[318.1751403808594, 4.5, 0.0]",11.52418798962216,8.014585494995117,-0.36360758854749875,,,0.0,-0.0,0.0,-0.0
58.053146,"[668.0582885742188, 10.791086196899414, 0.0]","[318.3363952636719, 4.5, 0.0]",11.516915838994954,8.026751518249513,-0.363607531360266,,,0.0,-0.0,0.0,-0.0
58.072742,"[668.2887573242188, 10.795509338378906, 0.0]","[318.4968566894531, 4.5, 0.0]",11.509643686652133,8.038856506347658,-0.3636076171410707,,,0.0,-0.0,0.0,-0.0
58.092208,"[668.51904296875, 10.79992961883545, 0.0]","[318.65972900390625, 4.5, 0.0]",11.502371534881181,8.054479598999023,-0.36360758854758757,,,0.0,-0.0,0.0,-0.0
58.113172,"[668.7492065429688, 10.804347038269043, 0.0]","[318.8206481933594, 4.5, 0.0]",11.495099383110231,8.060306549072266,-0.36360758854749875,,,0.0,-0.0,0.0,-0.0
58.13211,"[668.9791870117188, 10.808761596679688, 0.0]","[318.98028564453125, 4.5, 0.0]",11.487827231339281,8.080105781555176,-0.36360758854749875,,,0.0,-0.0,0.0,-0.0
58.153019,"[669.2090454101562, 10.813173294067383, 0.0]","[319.1426086425781, 4.5, 0.0]",11.480555079568331,8.086791038513184,-0.36360758854749875,,,0.0,-0.0,0.0,-0.0
58.172294,"[669.4387817382812, 10.817582130432129, 0.0]","[319.30328369140625, 4.5, 0.0]",11.473282927511445,8.10667610168457,-0.36360760284432914,,,0.0,-0.0,0.0,-0.0
58.193877,"[669.6683349609375, 10.821988105773926, 0.0]","[319.46502685546875, 4.5, 0.0]",11.466010775740495,8.113313674926758,-0.36360758854749875,,,0.0,-0.0,0.0,-0.0
58.211942,"[669.8977661132812, 10.826391220092773, 0.0]","[319.6288757324219, 4.5, 0.0]",11.458738623969545,8.133766174316406,-0.36360758854749875,,,0.0,-0.0,0.0,-0.0
58.232989,"[670.1270141601562, 10.830791473388672, 0.0]","[319.7913818359375, 4.5, 0.0]",11.451466472198595,8.141448974609375,-0.36360758854749875,,,0.0,-0.0,0.0,-0.0
58.253505,"[670.3561401367188, 10.835188865661621, 0.0]","[319.9552307128906, 4.5, 0.0]",11.444194319283898,8.16258430480957,-0.3636076457348203,,,0.0,-0.0,0.0,-0.0
58.274074,"[670.5851440429688, 10.839583396911621, 0.0]","[320.11865234375, 4.5, 0.0]",11.436922167512948,8.170344352722168,-0.36360758854749875,,,0.0,-0.0,0.0,-0.0
58.294528,"[670.81396484375, 10.843975067138672, 0.0]","[320.2816467285156, 4.5, 0.0]",11.429650016885745,8.191405296325684,-0.3636075313601772,,,0.0,-0.0,0.0,-0.0
58.313417,"[671.0426635742188, 10.848363876342773, 0.0]","[320.4456481933594, 4.5, 0.0]",11.422377865114795,8.199457168579102,-0.36360758854749875,,,0.0,-0.0,0.0,-0.0
58.332736,"[671.271240234375, 10.852750778198242, 0.0]","[320.60894775390625, 4.5, 0.0]",11.415105712771972,8.221303939819336,-0.3636076171411595,,,0.0,-0.0,0.0,-0.0
58.354176,"[671.4996337890625, 10.857134819030762, 0.0]","[320.7767639160156, 4.5, 0.0]",11.407833559857275,8.23023796081543,-0.3636076457348203,,,0.0,-0.0,0.0,-0.0
58.37238,"[671.7279052734375, 10.861515998840332, 0.0]","[320.9422912597656, 4.5, 0.0]",11.400561408086325,8.25229549407959,-0.36360758854749875,,,0.0,-0.0,0.0,-0.0
58.393677,"[671.9559936523438, 10.865894317626953, 0.0]","[321.1037292480469, 4.5, 0.0]",11.393289256315374,8.260634422302248,-0.36360758854758757,,,0.0,-0.0,0.0,-0.0
58.412734,"[672.1839599609375, 10.870269775390625, 0.0]","[321.27008056640625, 4.5, 0.0]",11.386017104830362,8.2828950881958,-0.36360757425057955,,,0.0,-0.0,0.0,-0.0
58.433205,"[672.4118041992188, 10.874642372131348, 0.0]","[321.4365234375, 4.5, 0.0]",11.378744953059412,8.29211711883545,-0.36360758854749875,,,0.0,-0.0,0.0,-0.0
58.453991,"[672.6394653320312, 10.879012107849121, 0.0]","[321.603271484375, 4.5, 0.0]",11.371472801288462,8.314701080322266,-0.36360758854749875,,,0.0,-0.0,0.0,-0.0
58.472399,"[672.8670043945312, 10.883378982543945, 0.0]","[321.7681884765625, 4.5, 0.0]",11.36420064951751,8.323777198791504,-0.36360758854758757,,,0.0,-0.0,0.0,-0.0
58.493084,"[673.0944213867188, 10.88774299621582, 0.0]","[321.9349670410156, 4.5, 0.0]",11.35692849774656,8.34636402130127,-0.36360758854749875,,,0.0,-0.0,0.0,-0.0
58.512197,"[673.3216552734375, 10.892104148864746, 0.0]","[322.1023254394531, 4.5, 0.0]",11.349656345975612,8.355687141418457,-0.36360758854740993,,,0.0,-0.0,0.0,-0.0
58.532375,"[673.5487670898438, 10.896462440490723, 0.0]","[322.2692565917969, 4.5, 0.0]",11.342384194204662,8.378336906433105,-0.36360758854749875,,,0.0,-0.0,0.0,-0.0
58.552966,"[673.7756958007812, 10.90081787109375, 0.0]","[322.43841552734375, 4.5, 0.0]",11.335112040146218,8.387864112854004,-0.36360770292223066,,,0.0,-0.0,0.0,-0.0
58.572639,"[674.0025024414062, 10.905170440673828, 0.0]","[322.6054382324219, 4.5, 0.0]",11.327839886659648,8.410523414611816,-0.36360767432848107,,,0.0,-0.0,0.0,-0.0
58.593349,"[674.2291870117188, 10.909520149230957, 0.0]","[322.773681640625, 4.5, 0.0]",11.320567733459015,8.419962882995605,-0.3636076600316507,,,0.0,-0.0,0.0,-0.0
58.612635,"[674.4556884765625, 10.913867950439453, 0.0]","[322.9424133300781, 4.5, 0.0]",11.313295581974002,8.442697525024414,-0.36360757425066836,,,0.0,-0.0,0.0,-0.0
58.633314,"[674.6820678710938, 10.918212890625, 0.0]","[323.11175537109375, 4.5, 0.0]",11.306023431346798,8.455282211303711,-0.3636075313601772,,,0.0,-0.0,0.0,-0.0
58.652766,"[674.9082641601562, 10.922554969787598, 0.0]","[323.28179931640625, 4.5, 0.0]",11.298751279575848,8.471269607543945,-0.36360758854749875,,,0.0,-0.0,0.0,-0.0
58.67173,"[675.1343383789062, 10.926894187927246, 0.0]","[323.4512939453125, 4.5, 0.0]",11.291479127804898,8.487202644348145,-0.36360758854749875,,,0.0,-0.0,0.0,-0.0
58.694015,"[675.3602905273438, 10.931230545043945, 0.0]","[323.6217956542969, 4.5, 0.0]",11.284206976319885,8.5032320022583,-0.36360757425066836,,,0.0,-0.0,0.0,-0.0
58.712437,"[675.5860595703125, 10.935564041137695, 0.0]","[323.7903747558594, 4.5, 0.0]",11.276934823405188,8.518901824951172,-0.3636076457348203,,,0.0,-0.0,0.0,-0.0
58.732831,"[675.8117065429688, 10.939894676208496, 0.0]","[323.9616394042969, 4.5, 0.0]",11.269662671634238,8.534414291381836,-0.36360758854749875,,,0.0,-0.0,0.0,-0.0
58.753124,"[676.0372314453125, 10.944222450256348, 0.0]","[324.13348388671875, 4.5, 0.0]",11.262390519863288,8.549980163574219,-0.36360758854749875,,,0.0,-0.0,0.0,-0.0
58.772684,"[676.2625732421875, 10.94854736328125, 0.0]","[324.3064270019531, 4.5, 0.0]",11.255118368950148,8.565644264221191,-0.3636075456570076,,,0.0,-0.0,0.0,-0.0
58.792017,"[676.48779296875, 10.952869415283203, 0.0]","[324.4740295410156, 4.5, 0.0]",11.247846217179198,8.580824851989746,-0.36360758854749875,,,0.0,-0.0,0.0,-0.0
58.813232,"[676.7128295898438, 10.957188606262207, 0.0]","[324.6466369628906, 4.5, 0.0]",11.240574064264502,8.596197128295898,-0.3636076457348203,,,0.0,-0.0,0.0,-0.0
58.833245,"[676.937744140625, 10.961504936218262, 0.0]","[324.8189697265625, 4.5, 0.0]",11.233301912493552,8.610949516296387,-0.36360758854749875,,,0.0,-0.0,0.0,-0.0
58.852999,"[677.1625366210938, 10.965818405151367, 0.0]","[324.9918212890625, 4.5, 0.0]",11.2260297607226,8.625749588012695,-0.36360758854758757,,,0.0,-0.0,0.0,-0.0
58.872541,"[677.3871459960938, 10.97012996673584, 0.0]","[325.1636657714844, 4.5, 0.0]",11.21875760895165,8.640460014343262,-0.36360758854749875,,,0.0,-0.0,0.0,-0.0
58.892962,"[677.6116333007812, 10.974438667297363, 0.0]","[325.3359375, 4.5, 0.0]",11.2114854571807,8.655208587646484,-0.36360758854749875,,,0.0,-0.0,0.0,-0.0
58.913968,"[677.8359375, 10.978744506835938, 0.0]","[325.51220703125, 4.5, 0.0]",11.204213305695687,8.669987678527832,-0.36360757425066836,,,0.0,-0.0,0.0,-0.0
58.932399,"[678.0601196289062, 10.983047485351562, 0.0]","[325.6830139160156, 4.5, 0.0]",11.19694115278099,8.683646202087402,-0.3636076457348203,,,0.0,-0.0,0.0,-0.0
58.952912,"[678.2841796875, 10.987347602844238, 0.0]","[325.8573303222656, 4.5, 0.0]",11.189669000724104,8.69758415222168,-0.36360760284432914,,,0.0,-0.0,0.0,-0.0
58.972645,"[678.508056640625, 10.991644859313965, 0.0]","[326.0318908691406, 4.5, 0.0]",11.182396847809407,8.711543083190918,-0.3636076457348203,,,0.0,-0.0,0.0,-0.0
58.993429,"[678.7318115234375, 10.995939254760742, 0.0]","[326.2056579589844, 4.5, 0.0]",11.175124696038457,8.725440025329592,-0.36360758854749875,,,0.0,-0.0,0.0,-0.0
59.013144,"[678.9554443359375, 11.00023078918457, 0.0]","[326.383056640625, 4.5, 0.0]",11.167852544267507,8.73926067352295,-0.36360758854749875,,,0.0,-0.0,0.0,-0.0
59.031737,"[679.1788940429688, 11.00451946258545, 0.0]","[326.5561828613281, 4.5, 0.0]",11.160580391352811,8.751974105834963,-0.3636076457348203,,,0.0,-0.0,0.0,-0.0
59.053316,"[679.4022216796875, 11.008805274963379, 0.0]","[326.7319641113281, 4.5, 0.0]",11.153308240153734,8.768213272094727,-0.363607559953838,,,0.0,-0.0,0.0,-0.0
59.07304,"[679.6253662109375, 11.01308822631836, 0.0]","[326.91033935546875, 4.5, 0.0]",11.14603608952653,8.774643898010256,-0.3636075313601772,,,0.0,-0.0,0.0,-0.0
59.092866,"[679.848388671875, 11.01736831665039, 0.0]","[327.082275390625, 4.5, 0.0]",11.13876393775558,8.793936729431152,-0.36360758854749875,,,0.0,-0.0,0.0,-0.0
59.11355,"[680.0712890625, 11.021645545959473, 0.0]","[327.2585144042969, 4.5, 0.0]",11.13149178598463,8.799818992614746,-0.36360758854749875,,,0.0,-0.0,0.0,-0.0
59.133103,"[680.2940063476562, 11.025919914245605, 0.0]","[327.4344787597656, 4.5, 0.0]",11.124219633355871,8.818140983581543,-0.3636076314379899,,,0.0,-0.0,0.0,-0.0
59.152696,"[680.5166015625, 11.030192375183105, 0.0]","[327.611572265625, 4.5, 0.0]",11.116947481584921,8.82320499420166,-0.36360758854749875,,,0.0,-0.0,0.0,-0.0
59.172505,"[680.7390747070312, 11.034461975097656, 0.0]","[327.7874755859375, 4.5, 0.0]",11.109675328670225,8.841524124145508,-0.3636076457348203,,,0.0,-0.0,0.0,-0.0
59.192438,"[680.9613647460938, 11.038728713989258, 0.0]","[327.9638366699219, 4.5, 0.0]",11.102403176899275,8.846535682678223,-0.36360758854749875,,,0.0,-0.0,0.0,-0.0
59.212962,"[681.1835327148438, 11.04299259185791, 0.0]","[328.1424560546875, 4.5, 0.0]",11.095131025128325,8.864623069763184,-0.36360758854749875,,,0.0,-0.0,0.0,-0.0
59.232831,"[681.405517578125, 11.047253608703613, 0.0]","[328.3196105957031, 4.5, 0.0]",11.087858873929248,8.868359565734865,-0.363607559953838,,,0.0,-0.0,0.0,-0.0
59.25415,"[681.6273803710938, 11.051511764526367, 0.0]","[328.4980773925781, 4.5, 0.0]",11.080586722158298,8.885510444641113,-0.36360758854749875,,,0.0,-0.0,0.0,-0.0
59.27259,"[681.84912109375, 11.055767059326172, 0.0]","[328.6751403808594, 4.5, 0.0]",11.073314570387348,8.889242172241211,-0.36360758854749875,,,0.0,-0.0,0.0,-0.0
59.29274,"[682.0706787109375, 11.060019493103027, 0.0]","[328.8523254394531, 4.5, 0.0]",11.066042418616398,8.906316757202148,-0.36360758854749875,,,0.0,-0.0,0.0,-0.0
59.313048,"[682.2921142578125, 11.064269065856934, 0.0]","[329.03338623046875, 4.5, 0.0]",11.0587702657017,8.909844398498535,-0.3636076457349091,,,0.0,-0.0,0.0,-0.0
59.332763,"[682.5133666992188, 11.06851577758789, 0.0]","[329.209716796875, 4.5, 0.0]",11.051498112787003,8.925509452819824,-0.3636076457348203,,,0.0,-0.0,0.0,-0.0
59.352904,"[682.7344970703125, 11.072759628295898, 0.0]","[329.3896179199219, 4.5, 0.0]",11.044225959872307,8.928020477294922,-0.3636076457348203,,,0.0,-0.0,0.0,-0.0
59.372623,"[682.9555053710938, 11.077000617980957, 0.0]","[329.56646728515625, 4.5, 0.0]",11.036953808101357,8.943713188171387,-0.36360758854749875,,,0.0,-0.0,0.0,-0.0
59.392821,"[683.1763305664062, 11.081238746643066, 0.0]","[329.74725341796875, 4.5, 0.0]",11.029681657188217,8.946269989013674,-0.3636075456570076,,,0.0,-0.0,0.0,-0.0
59.413299,"[683.3970336914062, 11.085474014282227, 0.0]","[329.92572021484375, 4.5, 0.0]",11.022409505417267,8.961621284484863,-0.36360758854749875,,,0.0,-0.0,0.0,-0.0
59.434088,"[683.6176147460938, 11.089707374572754, 0.0]","[330.10430908203125, 4.5, 0.0]",11.015137353646317,8.962711334228516,-0.36360758854749875,,,0.0,-0.0,0.0,-0.0
59.45293,"[683.8380126953125, 11.093937873840332, 0.0]","[330.2843933105469, 4.5, 0.0]",11.007865203019113,8.977201461791992,-0.3636075313601772,,,0.0,-0.0,0.0,-0.0
59.473431,"[684.0582885742188, 11.098165512084961, 0.0]","[330.463623046875, 4.5, 0.0]",11.000593051248163,8.97831916809082,-0.36360758854749875,,,0.0,-0.0,0.0,-0.0
59.493231,"[684.2783813476562, 11.10239028930664, 0.0]","[330.6430358886719, 4.5, 0.0]",10.993320898333467,8.992779731750488,-0.3636076457348203,,,0.0,-0.0,0.0,-0.0
59.511871,"[684.4983520507812, 11.106612205505371, 0.0]","[330.8236083984375, 4.5, 0.0]",10.98604874541877,8.993555068969727,-0.3636076457348203,,,0.0,-0.0,0.0,-0.0
59.532751,"[684.7182006835938, 11.110831260681152, 0.0]","[331.00628662109375, 4.5, 0.0]",10.97877659364782,9.006850242614746,-0.36360758854749875,,,0.0,-0.0,0.0,-0.0
59.553617,"[684.9378662109375, 11.115047454833984, 0.0]","[331.187744140625, 4.5, 0.0]",10.971504443020617,9.010098457336426,-0.3636075313601772,,,0.0,-0.0,0.0,-0.0
59.576278,"[685.1574096679688, 11.119260787963867, 0.0]","[331.36944580078125, 4.5, 0.0]",10.964232291249667,9.016690254211426,-0.36360758854749875,,,0.0,-0.0,0.0,-0.0
59.593887,"[685.3767700195312, 11.1234712600708, 0.0]","[331.5480041503906, 4.5, 0.0]",10.95696013833497,9.02316665649414,-0.3636076457348203,,,0.0,-0.0,0.0,-0.0
59.612534,"[685.5960083007812, 11.127678871154785, 0.0]","[331.7248840332031, 4.5, 0.0]",10.949687985420274,9.029219627380371,-0.3636076457348203,,,0.0,-0.0,0.0,-0.0
59.632947,"[685.8151245117188, 11.13188362121582, 0.0]","[331.9049377441406, 4.5, 0.0]",10.94241583393526,9.034574508666992,-0.36360757425066836,,,0.0,-0.0,0.0,-0.0
59.653368,"[686.0340576171875, 11.136085510253906, 0.0]","[332.0879211425781, 4.5, 0.0]",10.935143681592438,9.040017127990723,-0.3636076171411595,,,0.0,-0.0,0.0,-0.0
59.672739,"[686.2528686523438, 11.140284538269043, 0.0]","[332.26715087890625, 4.5, 0.0]",10.927871529821488,9.045348167419434,-0.36360758854749875,,,0.0,-0.0,0.0,-0.0
59.694246,"[686.4715576171875, 11.144481658935547, 0.0]","[332.45184326171875, 4.5, 0.0]",10.920599378050538,9.050840377807617,-0.36360758854749875,,,0.0,-0.0,0.0,-0.0
59.714452,"[686.6900634765625, 11.148675918579102, 0.0]","[332.6338195800781, 4.5, 0.0]",10.913327226279588,9.055923461914064,-0.36360758854749875,,,0.0,-0.0,0.0,-0.0
59.734278,"[686.908447265625, 11.152867317199707, 0.0]","[332.8098449707031, 4.5, 0.0]",10.906055073936763,9.06019401550293,-0.36360761714124834,,,0.0,-0.0,0.0,-0.0
59.75346,"[687.1266479492188, 11.157055854797363, 0.0]","[332.9922180175781, 4.5, 0.0]",10.898782922737686,9.064619064331055,-0.363607559953838,,,0.0,-0.0,0.0,-0.0
59.772289,"[687.3447265625, 11.16124153137207, 0.0]","[333.1731262207031, 4.5, 0.0]",10.891510770966738,9.06900691986084,-0.36360758854740993,,,0.0,-0.0,0.0,-0.0
59.792997,"[687.5626831054688, 11.165424346923828, 0.0]","[333.3540344238281, 4.5, 0.0]",10.884238619195788,9.073395729064941,-0.36360758854749875,,,0.0,-0.0,0.0,-0.0
59.813587,"[687.7804565429688, 11.169604301452637, 0.0]","[333.5384216308594, 4.5, 0.0]",10.87696646628109,9.077617645263672,-0.3636076457349091,,,0.0,-0.0,0.0,-0.0
59.835074,"[687.9981079101562, 11.173781394958496, 0.0]","[333.7181396484375, 4.5, 0.0]",10.869694313366393,9.081196784973145,-0.3636076457348203,,,0.0,-0.0,0.0,-0.0
59.855216,"[688.2156372070312, 11.177955627441406, 0.0]","[333.90289306640625, 4.5, 0.0]",10.862422161595443,9.084875106811523,-0.36360758854749875,,,0.0,-0.0,0.0,-0.0
59.873096,"[688.4329833984375, 11.182126998901367, 0.0]","[334.08099365234375, 4.5, 0.0]",10.85515000925262,9.088422775268555,-0.3636076171411595,,,0.0,-0.0,0.0,-0.0
59.896704,"[688.6502075195312, 11.186295509338379, 0.0]","[334.2676696777344, 4.5, 0.0]",10.84787785748167,9.092140197753906,-0.36360758854749875,,,0.0,-0.0,0.0,-0.0
59.912938,"[688.8672485351562, 11.190461158752441, 0.0]","[334.4460754394531, 4.5, 0.0]",10.840605706854467,9.095504760742188,-0.3636075313601772,,,0.0,-0.0,0.0,-0.0
59.932743,"[689.0841674804688, 11.194623947143555, 0.0]","[334.6299133300781, 4.5, 0.0]",10.833333556227263,9.098553657531738,-0.3636075313601772,,,0.0,-0.0,0.0,-0.0
59.955736,"[689.3009643554688, 11.198783874511719, 0.0]","[334.8138122558594, 4.5, 0.0]",10.826061404456313,9.101602554321289,-0.36360758854749875,,,0.0,-0.0,0.0,-0.0
59.975283,"[689.517578125, 11.20294189453125, 0.0]","[334.9952697753906, 4.5, 0.0]",10.818789251827553,9.107946395874023,-0.3636076314379899,,,0.0,-0.0,0.0,-0.0
59.99458,"[689.7340698242188, 11.207097053527832, 0.0]","[335.1739501953125, 4.5, 0.0]",10.811517100056603,9.104241371154785,-0.36360758854749875,,,0.0,-0.0,0.0,-0.0
60.014524,"[689.9503784179688, 11.211249351501465, 0.0]","[335.3598327636719, 4.5, 0.0]",10.804244948285653,9.11387825012207,-0.36360758854749875,,,0.0,-0.0,0.0,-0.0
60.033346,"[690.1665649414062, 11.215398788452148, 0.0]","[335.5406799316406, 4.5, 0.0]",10.796972796514703,9.109868049621584,-0.36360758854749875,,,0.0,-0.0,0.0,-0.0
60.055171,"[690.3826293945312, 11.219545364379883, 0.0]","[335.7215270996094, 4.5, 0.0]",10.789700643600007,9.119193077087402,-0.3636076457348203,,,0.0,-0.0,0.0,-0.0
60.074051,"[690.5985107421875, 11.223689079284668, 0.0]","[335.9029846191406, 4.5, 0.0]",10.78242849068531,9.115191459655762,-0.3636076457348203,,,0.0,-0.0,0.0,-0.0
60.097269,"[690.8142700195312, 11.227829933166504, 0.0]","[336.0914611816406, 4.5, 0.0]",10.775156337770614,9.124629020690918,-0.3636076457348203,,,0.0,-0.0,0.0,-0.0
60.114675,"[691.0299072265625, 11.23196792602539, 0.0]","[336.2685852050781, 4.5, 0.0]",10.767884185999662,9.120543479919434,-0.36360758854758757,,,0.0,-0.0,0.0,-0.0
60.136263,"[691.245361328125, 11.236103057861328, 0.0]","[336.4503479003906, 4.5, 0.0]",10.760612034228714,9.1298189163208,-0.36360758854740993,,,0.0,-0.0,0.0,-0.0
60.154354,"[691.460693359375, 11.240235328674316, 0.0]","[336.6336669921875, 4.5, 0.0]",10.75333988188589,9.12578010559082,-0.36360761714124834,,,0.0,-0.0,0.0,-0.0
60.173626,"[691.6758422851562, 11.244364738464355, 0.0]","[336.81512451171875, 4.5, 0.0]",10.746067730686812,9.135050773620605,-0.363607559953838,,,0.0,-0.0,0.0,-0.0
60.194466,"[691.890869140625, 11.248491287231445, 0.0]","[336.99749755859375, 4.5, 0.0]",10.738795578915862,9.130998611450195,-0.36360758854749875,,,0.0,-0.0,0.0,-0.0
60.214661,"[692.1057739257812, 11.252614974975586, 0.0]","[337.18157958984375, 4.5, 0.0]",10.731523427144912,9.140398025512695,-0.36360758854749875,,,0.0,-0.0,0.0,-0.0
60.232464,"[692.3204956054688, 11.256736755371094, 0.0]","[337.36334228515625, 4.5, 0.0]",10.72425127480209,9.136631965637209,-0.3636076171411595,,,0.0,-0.0,0.0,-0.0
60.254192,"[692.5350952148438, 11.260855674743652, 0.0]","[337.54718017578125, 4.5, 0.0]",10.71697912303114,9.146233558654785,-0.36360758854749875,,,0.0,-0.0,0.0,-0.0
60.274398,"[692.74951171875, 11.264971733093262, 0.0]","[337.7306823730469, 4.5, 0.0]",10.70970697126019,9.142495155334473,-0.36360758854749875,,,0.0,-0.0,0.0,-0.0
60.294183,"[692.9638061523438, 11.269084930419922, 0.0]","[337.91741943359375, 4.5, 0.0]",10.70243481948924,9.152144432067871,-0.36360758854749875,,,0.0,-0.0,0.0,-0.0
60.31448,"[693.177978515625, 11.273195266723633, 0.0]","[338.09796142578125, 4.5, 0.0]",10.69516266771829,9.148551940917969,-0.36360758854749875,,,0.0,-0.0,0.0,-0.0
60.333861,"[693.3919677734375, 11.277302742004395, 0.0]","[338.28192138671875, 4.5, 0.0]",10.68789051508953,9.158773422241211,-0.3636076314379899,,,0.0,-0.0,0.0,-0.0
60.35555,"[693.6058349609375, 11.281407356262207, 0.0]","[338.465087890625, 4.5, 0.0]",10.68061836331858,9.155643463134766,-0.36360758854749875,,,0.0,-0.0,0.0,-0.0
60.374845,"[693.819580078125, 11.28550910949707, 0.0]","[338.6460266113281, 4.5, 0.0]",10.67334621154763,9.165807723999023,-0.36360758854749875,,,0.0,-0.0,0.0,-0.0
60.394931,"[694.0331420898438, 11.289608001708984, 0.0]","[338.8315124511719, 4.5, 0.0]",10.66607405977668,9.162721633911133,-0.36360758854749875,,,0.0,-0.0,0.0,-0.0
60.414521,"[694.24658203125, 11.29370403289795, 0.0]","[339.0161437988281, 4.5, 0.0]",10.65880190714792,9.173293113708496,-0.3636076314379899,,,0.0,-0.0,0.0,-0.0
60.436936,"[694.4598388671875, 11.297797203063965, 0.0]","[339.19549560546875, 4.5, 0.0]",10.65152975537697,9.171097755432129,-0.36360758854749875,,,0.0,-0.0,0.0,-0.0
60.454533,"[694.6729736328125, 11.301887512207031, 0.0]","[339.38165283203125, 4.5, 0.0]",10.64425760360602,9.18240737915039,-0.36360758854749875,,,0.0,-0.0,0.0,-0.0
60.474503,"[694.885986328125, 11.305974960327148, 0.0]","[339.56353759765625, 4.5, 0.0]",10.636985451263197,9.183609008789062,-0.3636076171411595,,,0.0,-0.0,0.0,-0.0
60.494166,"[695.0988159179688, 11.310059547424316, 0.0]","[339.7461242675781, 4.5, 0.0]",10.629713299492247,9.188162803649902,-0.36360758854749875,,,0.0,-0.0,0.0,-0.0
60.514396,"[695.3115234375, 11.314142227172852, 0.0]","[339.9317626953125, 4.5, 0.0]",10.622441147721297,9.193216323852539,-0.36360758854749875,,,0.0,-0.0,0.0,-0.0
60.534525,"[695.5241088867188, 11.318222045898438, 0.0]","[340.11553955078125, 4.5, 0.0]",10.615168995950347,9.199162483215332,-0.36360758854749875,,,0.0,-0.0,0.0,-0.0
60.554371,"[695.7365112304688, 11.322299003601074, 0.0]","[340.3003234863281, 4.5, 0.0]",10.60789684303565,9.205141067504883,-0.3636076457348203,,,0.0,-0.0,0.0,-0.0
60.573142,"[695.9487915039062, 11.326373100280762, 0.0]","[340.4863586425781, 4.5, 0.0]",10.600624692408447,9.211160659790039,-0.3636075313601772,,,0.0,-0.0,0.0,-0.0
60.592251,"[696.160888671875, 11.3304443359375, 0.0]","[340.667236328125, 4.5, 0.0]",10.593352540637495,9.217013359069824,-0.36360758854758757,,,0.0,-0.0,0.0,-0.0
60.613686,"[696.3728637695312, 11.334512710571289, 0.0]","[340.8527526855469, 4.5, 0.0]",10.586080387722799,9.223541259765625,-0.3636076457348203,,,0.0,-0.0,0.0,-0.0
60.632353,"[696.584716796875, 11.338578224182129, 0.0]","[341.03643798828125, 4.5, 0.0]",10.578808235379977,9.231173515319826,-0.3636076171410707,,,0.0,-0.0,0.0,-0.0
60.652992,"[696.79638671875, 11.34264087677002, 0.0]","[341.2216491699219, 4.5, 0.0]",10.571536083609026,9.238866806030273,-0.36360758854758757,,,0.0,-0.0,0.0,-0.0
60.672607,"[697.0079345703125, 11.346700668334961, 0.0]","[341.4060974121094, 4.5, 0.0]",10.564263931838076,9.2465295791626,-0.36360758854749875,,,0.0,-0.0,0.0,-0.0
60.692574,"[697.2192993164062, 11.350757598876953, 0.0]","[341.5908203125, 4.5, 0.0]",10.556991780067126,9.254202842712402,-0.36360758854749875,,,0.0,-0.0,0.0,-0.0
60.712811,"[697.4305419921875, 11.354811668395996, 0.0]","[341.7777404785156, 4.5, 0.0]",10.54971962715243,9.262554168701172,-0.3636076457348203,,,0.0,-0.0,0.0,-0.0
60.734049,"[697.6416625976562, 11.35886287689209, 0.0]","[341.9624328613281, 4.5, 0.0]",10.542447474809606,9.272100448608398,-0.3636076171411595,,,0.0,-0.0,0.0,-0.0
60.752748,"[697.8526000976562, 11.362911224365234, 0.0]","[342.1489562988281, 4.5, 0.0]",10.535175325326149,9.281740188598633,-0.36360747417285566,,,0.0,-0.0,0.0,-0.0
60.772268,"[698.0634155273438, 11.36695671081543, 0.0]","[342.3332214355469, 4.5, 0.0]",10.527903173841135,9.291264533996582,-0.36360757425066836,,,0.0,-0.0,0.0,-0.0
60.793479,"[698.2741088867188, 11.371000289916992, 0.0]","[342.523193359375, 4.5, 0.0]",10.520631022070186,9.3010835647583,-0.36360758854749875,,,0.0,-0.0,0.0,-0.0
60.812775,"[698.484619140625, 11.375041007995605, 0.0]","[342.70611572265625, 4.5, 0.0]",10.513358869441426,9.311172485351562,-0.3636076314379899,,,0.0,-0.0,0.0,-0.0
60.83275,"[698.6950073242188, 11.37907886505127, 0.0]","[342.89306640625, 4.5, 0.0]",10.506086717670476,9.32290267944336,-0.36360758854749875,,,0.0,-0.0,0.0,-0.0
60.853139,"[698.9052124023438, 11.383113861083984, 0.0]","[343.0799560546875, 4.5, 0.0]",10.498814566185462,9.334627151489258,-0.36360757425066836,,,0.0,-0.0,0.0,-0.0
60.872883,"[699.1152954101562, 11.38714599609375, 0.0]","[343.26812744140625, 4.5, 0.0]",10.491542413270766,9.346433639526367,-0.3636076457348203,,,0.0,-0.0,0.0,-0.0
60.892904,"[699.3252563476562, 11.391175270080566, 0.0]","[343.453125, 4.5, 0.0]",10.48427026035607,9.361374855041504,-0.3636076457348203,,,0.0,-0.0,0.0,-0.0
60.912506,"[699.5350341796875, 11.395201683044434, 0.0]","[343.6405029296875, 4.5, 0.0]",10.476998107441373,9.367095947265625,-0.3636076457348203,,,0.0,-0.0,0.0,-0.0
60.933495,"[699.7446899414062, 11.399225234985352, 0.0]","[343.8308410644531, 4.5, 0.0]",10.469725955670423,9.387789726257324,-0.36360758854749875,,,0.0,-0.0,0.0,-0.0
60.952991,"[699.9541625976562, 11.40324592590332, 0.0]","[344.0168151855469, 4.5, 0.0]",10.462453803041663,9.39482593536377,-0.3636076314379899,,,0.0,-0.0,0.0,-0.0
60.972615,"[700.1635131835938, 11.40726375579834, 0.0]","[344.2043762207031, 4.5, 0.0]",10.455181650126967,9.415316581726074,-0.3636076457348203,,,0.0,-0.0,0.0,-0.0
60.992554,"[700.3727416992188, 11.41127872467041, 0.0]","[344.3920593261719, 4.5, 0.0]",10.447909499499762,9.422479629516602,-0.363607531360266,,,0.0,-0.0,0.0,-0.0
61.01292,"[700.581787109375, 11.415290832519531, 0.0]","[344.5816650390625, 4.5, 0.0]",10.44063734973037,9.443747520446777,-0.36360748846959723,,,0.0,-0.0,0.0,-0.0
61.033476,"[700.7907104492188, 11.419300079345703, 0.0]","[344.7698669433594, 4.5, 0.0]",10.433365198531293,9.452962875366213,-0.363607559953838,,,0.0,-0.0,0.0,-0.0
61.052652,"[700.99951171875, 11.423307418823242, 0.0]","[344.96075439453125, 4.5, 0.0]",10.426093045616597,9.47574234008789,-0.3636076457348203,,,0.0,-0.0,0.0,-0.0
61.074536,"[701.2081298828125, 11.427311897277832, 0.0]","[345.1512756347656, 4.5, 0.0]",10.418820893845645,9.485153198242188,-0.36360758854758757,,,0.0,-0.0,0.0,-0.0
61.09376,"[701.4166259765625, 11.431313514709473, 0.0]","[345.3394470214844, 4.5, 0.0]",10.411548742074697,9.50770378112793,-0.36360758854740993,,,0.0,-0.0,0.0,-0.0
61.112874,"[701.6249389648438, 11.435312271118164, 0.0]","[345.5296630859375, 4.5, 0.0]",10.404276590303747,9.517658233642578,-0.36360758854749875,,,0.0,-0.0,0.0,-0.0
61.132296,"[701.8331298828125, 11.439308166503906, 0.0]","[345.7202453613281, 4.5, 0.0]",10.397004437674987,9.54226303100586,-0.3636076314379899,,,0.0,-0.0,0.0,-0.0
61.1534,"[702.0411987304688, 11.4433012008667, 0.0]","[345.91448974609375, 4.5, 0.0]",10.389732285904035,9.553874015808105,-0.36360758854758757,,,0.0,-0.0,0.0,-0.0
61.172441,"[702.2490844726562, 11.447291374206543, 0.0]","[346.1025695800781, 4.5, 0.0]",10.382460134133085,9.578239440917969,-0.36360758854749875,,,0.0,-0.0,0.0,-0.0
61.194536,"[702.4568481445312, 11.451278686523438, 0.0]","[346.29791259765625, 4.5, 0.0]",10.375187981218389,9.589954376220703,-0.3636076457348203,,,0.0,-0.0,0.0,-0.0
61.214188,"[702.6644287109375, 11.455263137817383, 0.0]","[346.4906921386719, 4.5, 0.0]",10.367915828303692,9.615270614624023,-0.3636076457348203,,,0.0,-0.0,0.0,-0.0
61.232278,"[702.8718872070312, 11.459244728088379, 0.0]","[346.6789245605469, 4.5, 0.0]",10.360643675960869,9.627820014953613,-0.3636076171411595,,,0.0,-0.0,0.0,-0.0
61.252674,"[703.0792236328125, 11.463223457336426, 0.0]","[346.8737487792969, 4.5, 0.0]",10.35337152418992,9.654376029968262,-0.36360758854749875,,,0.0,-0.0,0.0,-0.0
61.274118,"[703.286376953125, 11.467199325561523, 0.0]","[347.0708312988281, 4.5, 0.0]",10.34609937241897,9.667827606201172,-0.36360758854749875,,,0.0,-0.0,0.0,-0.0
61.293409,"[703.493408203125, 11.471172332763672, 0.0]","[347.2594299316406, 4.5, 0.0]",10.33882722064802,9.693750381469727,-0.36360758854749875,,,0.0,-0.0,0.0,-0.0
61.313991,"[703.7003173828125, 11.475142478942871, 0.0]","[347.4530334472656, 4.5, 0.0]",10.331555067733323,9.707201957702637,-0.3636076457348203,,,0.0,-0.0,0.0,-0.0
61.332312,"[703.9070434570312, 11.479110717773438, 0.0]","[347.6470031738281, 4.5, 0.0]",10.32428291710612,9.734818458557129,-0.3636075313601772,,,0.0,-0.0,0.0,-0.0
61.353719,"[704.1136474609375, 11.483076095581055, 0.0]","[347.845458984375, 4.5, 0.0]",10.31701076533517,9.749581336975105,-0.36360758854749875,,,0.0,-0.0,0.0,-0.0
61.372322,"[704.320068359375, 11.487038612365723, 0.0]","[348.0377197265625, 4.5, 0.0]",10.309738612420473,9.77701187133789,-0.3636076457348203,,,0.0,-0.0,0.0,-0.0
61.393222,"[704.5263671875, 11.490998268127441, 0.0]","[348.2328186035156, 4.5, 0.0]",10.302466460649521,9.794745445251465,-0.36360758854758757,,,0.0,-0.0,0.0,-0.0
61.41386,"[704.7325439453125, 11.494955062866211, 0.0]","[348.43072509765625, 4.5, 0.0]",10.295194308878573,9.812973976135254,-0.36360758854740993,,,0.0,-0.0,0.0,-0.0
61.433323,"[704.9385375976562, 11.498908996582031, 0.0]","[348.62640380859375, 4.5, 0.0]",10.287922155963876,9.841375350952148,-0.3636076457348203,,,0.0,-0.0,0.0,-0.0
61.452672,"[705.1444091796875, 11.502860069274902, 0.0]","[348.82476806640625, 4.5, 0.0]",10.280650004192925,9.85673999786377,-0.36360758854758757,,,0.0,-0.0,0.0,-0.0
61.472828,"[705.3501586914062, 11.506808280944824, 0.0]","[349.02191162109375, 4.5, 0.0]",10.273377853565723,9.88530445098877,-0.3636075313600884,,,0.0,-0.0,0.0,-0.0
61.493056,"[705.5557250976562, 11.510753631591797, 0.0]","[349.21929931640625, 4.5, 0.0]",10.26610570208071,9.90056037902832,-0.36360757425066836,,,0.0,-0.0,0.0,-0.0
61.512548,"[705.7611694335938, 11.51469612121582, 0.0]","[349.41729736328125, 4.5, 0.0]",10.258833549166011,9.929205894470215,-0.3636076457349091,,,0.0,-0.0,0.0,-0.0
61.53244,"[705.9664306640625, 11.518635749816895, 0.0]","[349.6152648925781, 4.5, 0.0]",10.251561397395061,9.944483757019043,-0.36360758854749875,,,0.0,-0.0,0.0,-0.0
61.554244,"[706.1715698242188, 11.52257251739502, 0.0]","[349.818603515625, 4.5, 0.0]",10.244289245624111,9.973690032958984,-0.36360758854749875,,,0.0,-0.0,0.0,-0.0
61.573671,"[706.3765869140625, 11.526506423950195, 0.0]","[350.016357421875, 4.5, 0.0]",10.237017093281288,9.988941192626953,-0.3636076171411595,,,0.0,-0.0,0.0,-0.0
61.593678,"[706.5814208984375, 11.530438423156738, 0.0]","[350.21502685546875, 4.5, 0.0]",10.229744941510338,10.017634391784668,-0.36360758854749875,,,0.0,-0.0,0.0,-0.0
61.613571,"[706.7861328125, 11.534367561340332, 0.0]","[350.4154052734375, 4.5, 0.0]",10.222472789739388,10.033063888549805,-0.36360758854749875,,,0.0,-0.0,0.0,-0.0
61.632992,"[706.9906616210938, 11.538293838500977, 0.0]","[350.61767578125, 4.5, 0.0]",10.215200639112187,10.061789512634277,-0.3636075313600884,,,0.0,-0.0,0.0,-0.0
61.652579,"[707.195068359375, 11.542217254638672, 0.0]","[350.819580078125, 4.5, 0.0]",10.207928486197488,10.077136993408205,-0.3636076457349091,,,0.0,-0.0,0.0,-0.0
61.67116,"[707.3993530273438, 11.546137809753418, 0.0]","[351.0198974609375, 4.5, 0.0]",10.200656334426538,10.105647087097168,-0.36360758854749875,,,0.0,-0.0,0.0,-0.0
61.69335,"[707.6034545898438, 11.550055503845215, 0.0]","[351.22247314453125, 4.5, 0.0]",10.193384182941525,10.121068000793457,-0.36360757425066836,,,0.0,-0.0,0.0,-0.0
61.712637,"[707.8074340820312, 11.553970336914062, 0.0]","[351.4253845214844, 4.5, 0.0]",10.186112031170575,10.149540901184082,-0.36360758854749875,,,0.0,-0.0,0.0,-0.0
61.733775,"[708.0112915039062, 11.557882308959961, 0.0]","[351.62994384765625, 4.5, 0.0]",10.178839879399625,10.164140701293945,-0.36360758854749875,,,0.0,-0.0,0.0,-0.0
61.753172,"[708.2149658203125, 11.56179141998291, 0.0]","[351.8372497558594, 4.5, 0.0]",10.171567726770865,10.192361831665039,-0.3636076314379899,,,0.0,-0.0,0.0,-0.0
61.772429,"[708.4185180664062, 11.56569766998291, 0.0]","[352.036376953125, 4.5, 0.0]",10.164295574999915,10.206392288208008,-0.36360758854749875,,,0.0,-0.0,0.0,-0.0
61.792965,"[708.6218872070312, 11.569601058959961, 0.0]","[352.2405700683594, 4.5, 0.0]",10.157023423228965,10.234291076660156,-0.36360758854749875,,,0.0,-0.0,0.0,-0.0
61.81181,"[708.8251342773438, 11.573501586914062, 0.0]","[352.4457092285156, 4.5, 0.0]",10.149751271458015,10.25178337097168,-0.36360758854749875,,,0.0,-0.0,0.0,-0.0
61.832252,"[709.0282592773438, 11.577399253845215, 0.0]","[352.6504211425781, 4.5, 0.0]",10.142479118543319,10.271462440490723,-0.3636076457348203,,,0.0,-0.0,0.0,-0.0
61.853234,"[709.231201171875, 11.581294059753418, 0.0]","[352.860107421875, 4.5, 0.0]",10.135206965628623,10.291622161865234,-0.3636076457348203,,,0.0,-0.0,0.0,-0.0
61.872679,"[709.4340209960938, 11.585186958312988, 0.0]","[353.06341552734375, 4.5, 0.0]",10.12793481385767,10.311163902282715,-0.36360758854758757,,,0.0,-0.0,0.0,-0.0
61.892342,"[709.6366577148438, 11.58907699584961, 0.0]","[353.2696533203125, 4.5, 0.0]",10.120662662086723,10.3309907913208,-0.36360758854740993,,,0.0,-0.0,0.0,-0.0
61.912785,"[709.8391723632812, 11.592964172363281, 0.0]","[353.475830078125, 4.5, 0.0]",10.11339051031577,10.350445747375488,-0.36360758854758757,,,0.0,-0.0,0.0,-0.0
61.932952,"[710.0415649414062, 11.596848487854004, 0.0]","[353.68341064453125, 4.5, 0.0]",10.10611835854482,10.369217872619629,-0.36360758854749875,,,0.0,-0.0,0.0,-0.0
61.953255,"[710.2437744140625, 11.600729942321777, 0.0]","[353.89306640625, 4.5, 0.0]",10.098846207917619,10.388176918029785,-0.3636075313600884,,,0.0,-0.0,0.0,-0.0
61.973182,"[710.4458618164062, 11.604608535766602, 0.0]","[354.0986022949219, 4.5, 0.0]",10.09157405614667,10.406763076782227,-0.36360758854749875,,,0.0,-0.0,0.0,-0.0
61.992834,"[710.6478271484375, 11.608484268188477, 0.0]","[354.306884765625, 4.5, 0.0]",10.084301902946036,10.4255952835083,-0.3636076600316507,,,0.0,-0.0,0.0,-0.0
62.013475,"[710.849609375, 11.612357139587402, 0.0]","[354.51629638671875, 4.5, 0.0]",10.077029750031338,10.443987846374512,-0.3636076457349091,,,0.0,-0.0,0.0,-0.0
62.033375,"[711.05126953125, 11.616227149963379, 0.0]","[354.7301330566406, 4.5, 0.0]",10.069757596544768,10.461526870727539,-0.36360767432848107,,,0.0,-0.0,0.0,-0.0
62.052867,"[711.2527465820312, 11.620094299316406, 0.0]","[354.9352722167969, 4.5, 0.0]",10.062485444773818,10.478354454040527,-0.36360758854749875,,,0.0,-0.0,0.0,-0.0
62.072421,"[711.4541015625, 11.623958587646484, 0.0]","[355.1437072753906, 4.5, 0.0]",10.055213293002868,10.49544906616211,-0.36360758854749875,,,0.0,-0.0,0.0,-0.0
62.096359,"[711.6553344726562, 11.627820014953613, 0.0]","[355.3594055175781, 4.5, 0.0]",10.047941140374109,10.513140678405762,-0.3636076314379899,,,0.0,-0.0,0.0,-0.0
62.11289,"[711.8563842773438, 11.631678581237793, 0.0]","[355.5691833496094, 4.5, 0.0]",10.040668989746905,10.529974937438965,-0.3636075313601772,,,0.0,-0.0,0.0,-0.0
62.13257,"[712.0573120117188, 11.635534286499023, 0.0]","[355.775634765625, 4.5, 0.0]",10.033396837975955,10.545798301696777,-0.36360758854749875,,,0.0,-0.0,0.0,-0.0
62.152693,"[712.2581176757812, 11.639388084411621, 0.0]","[355.9880676269531, 4.5, 0.0]",10.026124686205005,10.562079429626465,-0.36360758854749875,,,0.0,-0.0,0.0,-0.0
62.173122,"[712.458740234375, 11.64323902130127, 0.0]","[356.2021484375, 4.5, 0.0]",10.018852535577802,10.57848834991455,-0.3636075313601772,,,0.0,-0.0,0.0,-0.0
62.195229,"[712.6592407226562, 11.647087097167969, 0.0]","[356.40936279296875, 4.5, 0.0]",10.011580384378725,10.594367980957031,-0.363607559953838,,,0.0,-0.0,0.0,-0.0
62.214676,"[712.8595581054688, 11.650932312011719, 0.0]","[356.6226501464844, 4.5, 0.0]",10.004308232607775,10.610307693481445,-0.36360758854749875,,,0.0,-0.0,0.0,-0.0
62.233626,"[713.0597534179688, 11.65477466583252, 0.0]","[356.83465576171875, 4.5, 0.0]",9.997036079693078,10.62857723236084,-0.3636076457348203,,,0.0,-0.0,0.0,-0.0
62.253111,"[713.2598266601562, 11.658614158630371, 0.0]","[357.0534362792969, 4.5, 0.0]",9.989763927350255,10.637319564819338,-0.3636076171411595,,,0.0,-0.0,0.0,-0.0
62.272329,"[713.459716796875, 11.662450790405273, 0.0]","[357.2608337402344, 4.5, 0.0]",9.982491775579305,10.658598899841309,-0.36360758854749875,,,0.0,-0.0,0.0,-0.0
62.29689,"[713.6594848632812, 11.666284561157227, 0.0]","[357.4725341796875, 4.5, 0.0]",9.975219622664609,10.666844367980957,-0.3636076457348203,,,0.0,-0.0,0.0,-0.0
62.313182,"[713.8590698242188, 11.67011547088623, 0.0]","[357.68804931640625, 4.5, 0.0]",9.967947468606166,10.688352584838867,-0.36360770292214184,,,0.0,-0.0,0.0,-0.0
62.333224,"[714.0585327148438, 11.673943519592285, 0.0]","[357.90167236328125, 4.5, 0.0]",9.960675316835216,10.69563388824463,-0.36360758854749875,,,0.0,-0.0,0.0,-0.0
62.352713,"[714.2578735351562, 11.67776870727539, 0.0]","[358.1168212890625, 4.5, 0.0]",9.953403165064266,10.716352462768555,-0.36360758854749875,,,0.0,-0.0,0.0,-0.0
62.37216,"[714.45703125, 11.681591033935547, 0.0]","[358.33489990234375, 4.5, 0.0]",9.946131014437062,10.723926544189453,-0.3636075313601772,,,0.0,-0.0,0.0,-0.0
62.394511,"[714.6560668945312, 11.685410499572754, 0.0]","[358.5476989746094, 4.5, 0.0]",9.93885886266611,10.744490623474121,-0.36360758854758757,,,0.0,-0.0,0.0,-0.0
62.412907,"[714.85498046875, 11.689228057861328, 0.0]","[358.7597961425781, 4.5, 0.0]",9.93158671089516,10.751522064208984,-0.36360758854749875,,,0.0,-0.0,0.0,-0.0
62.435432,"[715.0537109375, 11.693042755126953, 0.0]","[358.9751281738281, 4.5, 0.0]",9.92431455912421,10.771763801574707,-0.36360758854749875,,,0.0,-0.0,0.0,-0.0
62.454021,"[715.2523193359375, 11.696854591369629, 0.0]","[359.1952209472656, 4.5, 0.0]",9.91704240735326,10.778968811035156,-0.36360758854749875,,,0.0,-0.0,0.0,-0.0
62.474009,"[715.4507446289062, 11.700663566589355, 0.0]","[359.4081726074219, 4.5, 0.0]",9.90977025558231,10.799059867858887,-0.36360758854749875,,,0.0,-0.0,0.0,-0.0
62.495021,"[715.6490478515625, 11.704469680786133, 0.0]","[359.62176513671875, 4.5, 0.0]",9.902498103239488,10.8058557510376,-0.3636076171411595,,,0.0,-0.0,0.0,-0.0
62.51199,"[715.8472290039062, 11.708272933959961, 0.0]","[359.83935546875, 4.5, 0.0]",9.895225950896664,10.826087951660156,-0.3636076171411595,,,0.0,-0.0,0.0,-0.0
62.532987,"[716.0452270507812, 11.71207332611084, 0.0]","[360.05517578125, 4.5, 0.0]",9.887953799125714,10.83254337310791,-0.36360758854749875,,,0.0,-0.0,0.0,-0.0
62.552481,"[716.2431030273438, 11.71587085723877, 0.0]","[360.2724609375, 4.5, 0.0]",9.880681647354765,10.852421760559082,-0.36360758854749875,,,0.0,-0.0,0.0,-0.0
62.572731,"[716.4407958984375, 11.71966552734375, 0.0]","[360.4925231933594, 4.5, 0.0]",9.873409495583815,10.859134674072266,-0.36360758854749875,,,0.0,-0.0,0.0,-0.0
62.593156,"[716.6383666992188, 11.723457336425781, 0.0]","[360.7074890136719, 4.5, 0.0]",9.866137343240991,10.87887191772461,-0.3636076171411595,,,0.0,-0.0,0.0,-0.0
62.612033,"[716.8358154296875, 11.727246284484863, 0.0]","[360.92486572265625, 4.5, 0.0]",9.858865191470041,10.885335922241211,-0.36360758854749875,,,0.0,-0.0,0.0,-0.0
62.631737,"[717.0330810546875, 11.731032371520996, 0.0]","[361.14300537109375, 4.5, 0.0]",9.851593040842838,10.904986381530762,-0.3636075313601772,,,0.0,-0.0,0.0,-0.0
62.65332,"[717.230224609375, 11.73481559753418, 0.0]","[361.3618469238281, 4.5, 0.0]",9.844320889357824,10.911344528198244,-0.36360757425066836,,,0.0,-0.0,0.0,-0.0
62.671839,"[717.42724609375, 11.738595962524414, 0.0]","[361.57965087890625, 4.5, 0.0]",9.837048737586874,10.930976867675781,-0.36360758854749875,,,0.0,-0.0,0.0,-0.0
62.692824,"[717.6240844726562, 11.742374420166016, 0.0]","[361.79754638671875, 4.5, 0.0]",9.829776583242495,10.937277793884277,-0.3636077172189722,,,0.0,-0.0,0.0,-0.0
62.713619,"[717.82080078125, 11.746150016784668, 0.0]","[362.017333984375, 4.5, 0.0]",9.822504430327799,10.95712661743164,-0.3636076457348203,,,0.0,-0.0,0.0,-0.0
62.732335,"[718.017333984375, 11.749922752380371, 0.0]","[362.2357482910156, 4.5, 0.0]",9.815232278556849,10.96377944946289,-0.36360758854749875,,,0.0,-0.0,0.0,-0.0
62.752865,"[718.2137451171875, 11.753692626953125, 0.0]","[362.4585266113281, 4.5, 0.0]",9.807960126785897,10.98403263092041,-0.36360758854758757,,,0.0,-0.0,0.0,-0.0
62.773936,"[718.4100341796875, 11.75745964050293, 0.0]","[362.67596435546875, 4.5, 0.0]",9.800687975014949,10.993959426879883,-0.36360758854740993,,,0.0,-0.0,0.0,-0.0
62.792804,"[718.6061401367188, 11.761223793029785, 0.0]","[362.9001770019531, 4.5, 0.0]",9.793415823243997,11.0076322555542,-0.36360758854758757,,,0.0,-0.0,0.0,-0.0
62.813627,"[718.8021240234375, 11.764985084533691, 0.0]","[363.12042236328125, 4.5, 0.0]",9.786143671473047,11.021166801452637,-0.36360758854749875,,,0.0,-0.0,0.0,-0.0
62.833083,"[718.9979858398438, 11.768743515014648, 0.0]","[363.34100341796875, 4.5, 0.0]",9.778871521417718,11.034934997558594,-0.3636075027664276,,,0.0,-0.0,0.0,-0.0
62.853111,"[719.1936645507812, 11.772499084472656, 0.0]","[363.5635986328125, 4.5, 0.0]",9.771599369646768,11.048830032348633,-0.36360758854749875,,,0.0,-0.0,0.0,-0.0
62.873929,"[719.3892211914062, 11.776251792907715, 0.0]","[363.7798156738281, 4.5, 0.0]",9.764327217875818,11.062324523925783,-0.36360758854749875,,,0.0,-0.0,0.0,-0.0
62.89206,"[719.5845947265625, 11.780001640319824, 0.0]","[363.9995422363281, 4.5, 0.0]",9.757055066676742,11.07603931427002,-0.363607559953838,,,0.0,-0.0,0.0,-0.0
62.913466,"[719.7798461914062, 11.783748626708984, 0.0]","[364.222900390625, 4.5, 0.0]",9.749782914905792,11.090263366699219,-0.36360758854749875,,,0.0,-0.0,0.0,-0.0
62.931614,"[719.9749755859375, 11.787492752075195, 0.0]","[364.4433898925781, 4.5, 0.0]",9.742510761991094,11.10492992401123,-0.3636076457349091,,,0.0,-0.0,0.0,-0.0
62.953038,"[720.169921875, 11.791234970092773, 0.0]","[364.66802978515625, 4.5, 0.0]",9.735238609076397,11.11987018585205,-0.3636076457348203,,,0.0,-0.0,0.0,-0.0
62.973438,"[720.36474609375, 11.794974327087402, 0.0]","[364.8896179199219, 4.5, 0.0]",9.7279664561617,11.134608268737793,-0.3636076457348203,,,0.0,-0.0,0.0,-0.0
62.993725,"[720.5593872070312, 11.798710823059082, 0.0]","[365.1114807128906, 4.5, 0.0]",9.720694303247004,11.149364471435547,-0.3636076457348203,,,0.0,-0.0,0.0,-0.0
63.012093,"[720.75390625, 11.802444458007812, 0.0]","[365.3356018066406, 4.5, 0.0]",9.713422151476054,11.1644868850708,-0.36360758854749875,,,0.0,-0.0,0.0,-0.0
63.032686,"[720.9483032226562, 11.806175231933594, 0.0]","[365.5587463378906, 4.5, 0.0]",9.706149999705104,11.180024147033691,-0.36360758854749875,,,0.0,-0.0,0.0,-0.0
63.052953,"[721.1425170898438, 11.809903144836426, 0.0]","[365.78436279296875, 4.5, 0.0]",9.698877847934154,11.195734024047852,-0.36360758854749875,,,0.0,-0.0,0.0,-0.0
63.074154,"[721.3366088867188, 11.813628196716309, 0.0]","[366.01202392578125, 4.5, 0.0]",9.69160569730695,11.211587905883789,-0.3636075313601772,,,0.0,-0.0,0.0,-0.0
63.093761,"[721.5305786132812, 11.817350387573242, 0.0]","[366.23052978515625, 4.5, 0.0]",9.684333544964128,11.226802825927734,-0.3636076171411595,,,0.0,-0.0,0.0,-0.0
63.113728,"[721.724365234375, 11.821069717407227, 0.0]","[366.4559631347656, 4.5, 0.0]",9.677061393193178,11.242709159851074,-0.36360758854749875,,,0.0,-0.0,0.0,-0.0
63.134452,"[721.9180297851562, 11.824786186218262, 0.0]","[366.686279296875, 4.5, 0.0]",9.669789239134735,11.25944995880127,-0.36360770292214184,,,0.0,-0.0,0.0,-0.0
63.152774,"[722.1115112304688, 11.828499794006348, 0.0]","[366.9075927734375, 4.5, 0.0]",9.662517087077848,11.275534629821777,-0.36360760284432914,,,0.0,-0.0,0.0,-0.0
63.173499,"[722.3048706054688, 11.832210540771484, 0.0]","[367.1319580078125, 4.5, 0.0]",9.655244935306898,11.291842460632324,-0.36360758854749875,,,0.0,-0.0,0.0,-0.0
63.192797,"[722.4981079101562, 11.835918426513672, 0.0]","[367.3576965332031, 4.5, 0.0]",9.647972784679695,11.311583518981934,-0.3636075313601772,,,0.0,-0.0,0.0,-0.0
63.21551,"[722.691162109375, 11.83962345123291, 0.0]","[367.5917663574219, 4.5, 0.0]",9.640700632908743,11.322023391723633,-0.36360758854758757,,,0.0,-0.0,0.0,-0.0
63.232742,"[722.8840942382812, 11.843326568603516, 0.0]","[367.8118591308594, 4.5, 0.0]",9.633428481137795,11.344958305358887,-0.36360758854740993,,,0.0,-0.0,0.0,-0.0
63.252191,"[723.0768432617188, 11.847026824951172, 0.0]","[368.0392761230469, 4.5, 0.0]",9.626156328223098,11.355098724365234,-0.3636076457348203,,,0.0,-0.0,0.0,-0.0
63.275912,"[723.2694702148438, 11.850724220275879, 0.0]","[368.2729187011719, 4.5, 0.0]",9.6188841753084,11.379035949707031,-0.3636076457349091,,,0.0,-0.0,0.0,-0.0
63.294761,"[723.4619750976562, 11.854418754577637, 0.0]","[368.494384765625, 4.5, 0.0]",9.611612023537452,11.388736724853517,-0.36360758854740993,,,0.0,-0.0,0.0,-0.0
63.311906,"[723.654296875, 11.858110427856445, 0.0]","[368.7220764160156, 4.5, 0.0]",9.604339873196183,11.41231918334961,-0.36360751706343564,,,0.0,-0.0,0.0,-0.0
63.331877,"[723.8464965820312, 11.861799240112305, 0.0]","[368.9487609863281, 4.5, 0.0]",9.597067721425233,11.422677993774414,-0.36360758854749875,,,0.0,-0.0,0.0,-0.0
63.352202,"[724.03857421875, 11.865485191345215, 0.0]","[369.18084716796875, 4.5, 0.0]",9.589795569654283,11.446776390075684,-0.36360758854749875,,,0.0,-0.0,0.0,-0.0
63.372755,"[724.23046875, 11.869168281555176, 0.0]","[369.4083557128906, 4.5, 0.0]",9.58252341731146,11.457198143005371,-0.3636076171411595,,,0.0,-0.0,0.0,-0.0
63.394959,"[724.4222412109375, 11.872848510742188, 0.0]","[369.6363830566406, 4.5, 0.0]",9.575251264396764,11.48099136352539,-0.3636076457348203,,,0.0,-0.0,0.0,-0.0
63.412794,"[724.6138305664062, 11.87652587890625, 0.0]","[369.867431640625, 4.5, 0.0]",9.567979112625814,11.491453170776367,-0.36360758854749875,,,0.0,-0.0,0.0,-0.0
63.43288,"[724.8052978515625, 11.880200386047363, 0.0]","[370.0971374511719, 4.5, 0.0]",9.560706960854864,11.51465129852295,-0.36360758854749875,,,0.0,-0.0,0.0,-0.0
63.452605,"[724.9966430664062, 11.883872032165527, 0.0]","[370.3269958496094, 4.5, 0.0]",9.553434809083914,11.524521827697754,-0.36360758854749875,,,0.0,-0.0,0.0,-0.0
63.472932,"[725.1878051757812, 11.887540817260742, 0.0]","[370.5595703125, 4.5, 0.0]",9.546162657312964,11.547926902770996,-0.36360758854749875,,,0.0,-0.0,0.0,-0.0
63.494539,"[725.3788452148438, 11.891206741333008, 0.0]","[370.78948974609375, 4.5, 0.0]",9.538890504684204,11.557802200317385,-0.3636076314379899,,,0.0,-0.0,0.0,-0.0
63.512836,"[725.5697631835938, 11.89487075805664, 0.0]","[371.021484375, 4.5, 0.0]",9.531618351769508,11.58100414276123,-0.3636076457348203,,,0.0,-0.0,0.0,-0.0
63.533011,"[725.760498046875, 11.898531913757324, 0.0]","[371.2532043457031, 4.5, 0.0]",9.524346199998558,11.590494155883789,-0.36360758854749875,,,0.0,-0.0,0.0,-0.0
63.553183,"[725.9511108398438, 11.902190208435059, 0.0]","[371.4860534667969, 4.5, 0.0]",9.517074048227608,11.613398551940918,-0.36360758854749875,,,0.0,-0.0,0.0,-0.0
63.571571,"[726.1415405273438, 11.905845642089844, 0.0]","[371.71722412109375, 4.5, 0.0]",9.509801896456658,11.622849464416504,-0.36360758854749875,,,0.0,-0.0,0.0,-0.0
63.594333,"[726.3318481445312, 11.90949821472168, 0.0]","[371.9489440917969, 4.5, 0.0]",9.502529744685708,11.645673751831055,-0.36360758854749875,,,0.0,-0.0,0.0,-0.0
63.612878,"[726.5220336914062, 11.913147926330566, 0.0]","[372.1833801269531, 4.5, 0.0]",9.495257592914756,11.655073165893556,-0.36360758854758757,,,0.0,-0.0,0.0,-0.0
63.632932,"[726.7120361328125, 11.916794776916504, 0.0]","[372.4163513183594, 4.5, 0.0]",9.487985442001618,11.677081108093262,-0.3636075456569188,,,0.0,-0.0,0.0,-0.0
63.653092,"[726.9019165039062, 11.920438766479492, 0.0]","[372.65203857421875, 4.5, 0.0]",9.480713290230668,11.685927391052246,-0.36360758854749875,,,0.0,-0.0,0.0,-0.0
63.673052,"[727.0916137695312, 11.924079895019531, 0.0]","[372.8849182128906, 4.5, 0.0]",9.473441138459718,11.707928657531738,-0.36360758854749875,,,0.0,-0.0,0.0,-0.0
63.693251,"[727.2811889648438, 11.927718162536621, 0.0]","[373.118408203125, 4.5, 0.0]",9.466168986688768,11.71996784210205,-0.36360758854749875,,,0.0,-0.0,0.0,-0.0
63.711862,"[727.4706420898438, 11.931353569030762, 0.0]","[373.353271484375, 4.5, 0.0]",9.458896835775628,11.735030174255371,-0.3636075456570076,,,0.0,-0.0,0.0,-0.0
63.732899,"[727.659912109375, 11.934986114501953, 0.0]","[373.5880126953125, 4.5, 0.0]",9.45162468486249,11.749192237854004,-0.3636075456569188,,,0.0,-0.0,0.0,-0.0
63.752556,"[727.8490600585938, 11.938615798950195, 0.0]","[373.82476806640625, 4.5, 0.0]",9.444352531947791,11.763474464416504,-0.3636076457349091,,,0.0,-0.0,0.0,-0.0
63.773484,"[728.0380859375, 11.942243576049805, 0.0]","[374.0586242675781, 4.5, 0.0]",9.437080379319031,11.777581214904785,-0.3636076314379899,,,0.0,-0.0,0.0,-0.0
63.793354,"[728.2269287109375, 11.945868492126465, 0.0]","[374.2950439453125, 4.5, 0.0]",9.429808226404333,11.791843414306642,-0.3636076457349091,,,0.0,-0.0,0.0,-0.0
63.811997,"[728.4156494140625, 11.949490547180176, 0.0]","[374.531005859375, 4.5, 0.0]",9.4225360732037,11.805683135986328,-0.3636076600316507,,,0.0,-0.0,0.0,-0.0
63.833144,"[728.6041870117188, 11.953109741210938, 0.0]","[374.7657165527344, 4.5, 0.0]",9.415263920289004,11.818571090698242,-0.3636076457348203,,,0.0,-0.0,0.0,-0.0
63.855452,"[728.7926025390625, 11.95672607421875, 0.0]","[375.0070495605469, 4.5, 0.0]",9.407991767374309,11.83182144165039,-0.3636076457347315,,,0.0,-0.0,0.0,-0.0
63.871793,"[728.9808959960938, 11.960339546203613, 0.0]","[375.2403259277344, 4.5, 0.0]",9.400719614459613,11.844632148742676,-0.3636076457348203,,,0.0,-0.0,0.0,-0.0
63.895095,"[729.1690063476562, 11.963950157165527, 0.0]","[375.4827575683594, 4.5, 0.0]",9.393447463832407,11.857943534851074,-0.363607531360266,,,0.0,-0.0,0.0,-0.0
63.913889,"[729.3569946289062, 11.967557907104492, 0.0]","[375.71734619140625, 4.5, 0.0]",9.386175312919267,11.87035846710205,-0.3636075456570076,,,0.0,-0.0,0.0,-0.0
63.931719,"[729.5447998046875, 11.971162796020508, 0.0]","[375.9521484375, 4.5, 0.0]",9.378903162292064,11.881802558898926,-0.3636075313601772,,,0.0,-0.0,0.0,-0.0
63.95236,"[729.7324829101562, 11.974764823913574, 0.0]","[376.1915588378906, 4.5, 0.0]",9.371631010521114,11.893472671508789,-0.36360758854749875,,,0.0,-0.0,0.0,-0.0
63.972738,"[729.9200439453125, 11.978363990783691, 0.0]","[376.42755126953125, 4.5, 0.0]",9.364358858750164,11.904975891113281,-0.36360758854749875,,,0.0,-0.0,0.0,-0.0
63.993646,"[730.107421875, 11.98196029663086, 0.0]","[376.66644287109375, 4.5, 0.0]",9.357086705835467,11.916620254516602,-0.3636076457348203,,,0.0,-0.0,0.0,-0.0
64.011761,"[730.294677734375, 11.985553741455078, 0.0]","[376.9052429199219, 4.5, 0.0]",9.34981455292077,11.927750587463379,-0.3636076457348203,,,0.0,-0.0,0.0,-0.0
64.03391,"[730.4818115234375, 11.989144325256348, 0.0]","[377.1431579589844, 4.5, 0.0]",9.342542400006074,11.937702178955078,-0.3636076457348203,,,0.0,-0.0,0.0,-0.0
64.052644,"[730.6687622070312, 11.992733001708984, 0.0]","[377.3876953125, 4.5, 0.0]",9.335270248235124,11.947931289672853,-0.36360758854749875,,,0.0,-0.0,0.0,-0.0
64.07394,"[730.8555908203125, 11.996318817138672, 0.0]","[377.6227111816406, 4.5, 0.0]",9.327998096464174,11.957762718200684,-0.36360758854749875,,,0.0,-0.0,0.0,-0.0
64.09237,"[731.042236328125, 11.99990177154541, 0.0]","[377.86083984375, 4.5, 0.0]",9.320725945836971,11.96772289276123,-0.3636075313601772,,,0.0,-0.0,0.0,-0.0
64.113542,"[731.228759765625, 12.0034818649292, 0.0]","[378.1014404296875, 4.5, 0.0]",9.31345379578164,11.980549812316895,-0.36360750276651643,,,0.0,-0.0,0.0,-0.0
64.132948,"[731.4151611328125, 12.007059097290039, 0.0]","[378.3395690917969, 4.5, 0.0]",9.30618164401069,11.982019424438478,-0.36360758854749875,,,0.0,-0.0,0.0,-0.0
64.152019,"[731.6013793945312, 12.01063346862793, 0.0]","[378.5812072753906, 4.5, 0.0]",9.29890949223974,11.996944427490234,-0.36360758854749875,,,0.0,-0.0,0.0,-0.0
64.172373,"[731.7874755859375, 12.014204978942871, 0.0]","[378.819580078125, 4.5, 0.0]",9.291637339325044,11.998421669006348,-0.3636076457348203,,,0.0,-0.0,0.0,-0.0
64.193033,"[731.9734497070312, 12.017773628234863, 0.0]","[379.059814453125, 4.5, 0.0]",9.284365187268156,12.013298988342285,-0.36360760284441795,,,0.0,-0.0,0.0,-0.0
64.21322,"[732.1592407226562, 12.021339416503906, 0.0]","[379.3008117675781, 4.5, 0.0]",9.277093035497206,12.014426231384277,-0.36360758854749875,,,0.0,-0.0,0.0,-0.0
64.236297,"[732.3449096679688, 12.02490234375, 0.0]","[379.5396728515625, 4.5, 0.0]",9.269820883726258,12.02784252166748,-0.36360758854740993,,,0.0,-0.0,0.0,-0.0
64.251871,"[732.5303955078125, 12.028462409973145, 0.0]","[379.7822570800781, 4.5, 0.0]",9.26254873081156,12.028026580810547,-0.3636076457349091,,,0.0,-0.0,0.0,-0.0
64.279036,"[732.7157592773438, 12.03201961517334, 0.0]","[380.0301818847656, 4.5, 0.0]",9.25527657904061,12.041698455810547,-0.36360758854749875,,,0.0,-0.0,0.0,-0.0
64.29214,"[732.9010009765625, 12.035573959350586, 0.0]","[380.26202392578125, 4.5, 0.0]",9.248004426697786,12.041580200195314,-0.3636076171411595,,,0.0,-0.0,0.0,-0.0
64.312903,"[733.0860595703125, 12.0391263961792, 0.0]","[380.5046691894531, 4.5, 0.0]",9.240732274354963,12.054479598999023,-0.3636076171411595,,,0.0,-0.0,0.0,-0.0
64.332462,"[733.27099609375, 12.042675971984863, 0.0]","[380.744384765625, 4.5, 0.0]",9.233460122584013,12.052579879760742,-0.36360758854749875,,,0.0,-0.0,0.0,-0.0
64.353835,"[733.4557495117188, 12.046222686767578, 0.0]","[380.98809814453125, 4.5, 0.0]",9.226187971670873,12.064096450805664,-0.3636075456570076,,,0.0,-0.0,0.0,-0.0
64.372537,"[733.640380859375, 12.049766540527344, 0.0]","[381.228271484375, 4.5, 0.0]",9.218915819899923,12.062206268310547,-0.36360758854749875,,,0.0,-0.0,0.0,-0.0
64.392372,"[733.8248901367188, 12.05330753326416, 0.0]","[381.4685974121094, 4.5, 0.0]",9.211643668128973,12.073655128479004,-0.36360758854749875,,,0.0,-0.0,0.0,-0.0
64.413523,"[734.0092163085938, 12.056845664978027, 0.0]","[381.7113037109375, 4.5, 0.0]",9.204371516358023,12.071380615234375,-0.36360758854749875,,,0.0,-0.0,0.0,-0.0
64.431491,"[734.1934204101562, 12.060380935668945, 0.0]","[381.95159912109375, 4.5, 0.0]",9.197099365730821,12.081428527832031,-0.3636075313600884,,,0.0,-0.0,0.0,-0.0
64.454037,"[734.3775024414062, 12.063913345336914, 0.0]","[382.19464111328125, 4.5, 0.0]",9.189827213959871,12.078179359436035,-0.36360758854749875,,,0.0,-0.0,0.0,-0.0
64.474125,"[734.5614013671875, 12.067442893981934, 0.0]","[382.4364013671875, 4.5, 0.0]",9.182555061045173,12.088248252868652,-0.3636076457349091,,,0.0,-0.0,0.0,-0.0
64.493302,"[734.7451782226562, 12.070969581604004, 0.0]","[382.6780700683594, 4.5, 0.0]",9.175282908130477,12.084979057312012,-0.3636076457348203,,,0.0,-0.0,0.0,-0.0
64.512016,"[734.9287719726562, 12.074493408203125, 0.0]","[382.9207458496094, 4.5, 0.0]",9.168010755215779,12.094685554504395,-0.3636076457349091,,,0.0,-0.0,0.0,-0.0
64.532589,"[735.1122436523438, 12.078014373779297, 0.0]","[383.16064453125, 4.5, 0.0]",9.160738602301084,12.090198516845703,-0.3636076457347315,,,0.0,-0.0,0.0,-0.0
64.55282,"[735.2955932617188, 12.08153247833252, 0.0]","[383.40411376953125, 4.5, 0.0]",9.153466450530134,12.099080085754395,-0.36360758854749875,,,0.0,-0.0,0.0,-0.0
64.572768,"[735.478759765625, 12.085047721862793, 0.0]","[383.64599609375, 4.5, 0.0]",9.146194298759182,12.094611167907715,-0.36360758854758757,,,0.0,-0.0,0.0,-0.0
64.592571,"[735.6618041992188, 12.088561058044434, 0.0]","[383.8861389160156, 4.5, 0.0]",9.13892214641636,12.103462219238281,-0.3636076171410707,,,0.0,-0.0,0.0,-0.0
64.613672,"[735.8446655273438, 12.092071533203125, 0.0]","[384.1300048828125, 4.5, 0.0]",9.131649994645409,12.10197448730469,-0.36360758854758757,,,0.0,-0.0,0.0,-0.0
64.634387,"[736.0274047851562, 12.095579147338867, 0.0]","[384.3712463378906, 4.5, 0.0]",9.124377841730713,12.099637031555176,-0.3636076457348203,,,0.0,-0.0,0.0,-0.0
64.652295,"[736.2100219726562, 12.09908390045166, 0.0]","[384.6138000488281, 4.5, 0.0]",9.117105689959764,12.107306480407715,-0.36360758854740993,,,0.0,-0.0,0.0,-0.0
64.673183,"[736.3924560546875, 12.102585792541504, 0.0]","[384.85528564453125, 4.5, 0.0]",9.109833538760686,12.101635932922363,-0.3636075599539268,,,0.0,-0.0,0.0,-0.0
64.692849,"[736.5747680664062, 12.106084823608398, 0.0]","[385.0974426269531, 4.5, 0.0]",9.102561388133482,12.10930347442627,-0.3636075313601772,,,0.0,-0.0,0.0,-0.0
64.715339,"[736.7569580078125, 12.109580993652344, 0.0]","[385.34075927734375, 4.5, 0.0]",9.095289236362532,12.1033935546875,-0.36360758854749875,,,0.0,-0.0,0.0,-0.0
64.732294,"[736.93896484375, 12.11307430267334, 0.0]","[385.5815124511719, 4.5, 0.0]",9.088017084591582,12.110260963439941,-0.36360758854749875,,,0.0,-0.0,0.0,-0.0
64.757899,"[737.120849609375, 12.116564750671387, 0.0]","[385.8311767578125, 4.5, 0.0]",9.080744932820632,12.103798866271973,-0.36360758854749875,,,0.0,-0.0,0.0,-0.0
64.773945,"[737.3025512695312, 12.120052337646484, 0.0]","[386.066650390625, 4.5, 0.0]",9.073472779905936,12.110661506652832,-0.3636076457348203,,,0.0,-0.0,0.0,-0.0
64.792515,"[737.484130859375, 12.123537063598633, 0.0]","[386.3082580566406, 4.5, 0.0]",9.06620062699124,12.10419273376465,-0.3636076457348203,,,0.0,-0.0,0.0,-0.0
64.812747,"[737.6655883789062, 12.127018928527832, 0.0]","[386.5516662597656, 4.5, 0.0]",9.05892847522029,12.11093807220459,-0.36360758854749875,,,0.0,-0.0,0.0,-0.0
64.833474,"[737.8468627929688, 12.130497932434082, 0.0]","[386.80029296875, 4.5, 0.0]",9.05165632344934,12.10406494140625,-0.36360758854749875,,,0.0,-0.0,0.0,-0.0
64.852444,"[738.0280151367188, 12.133974075317383, 0.0]","[387.0357666015625, 4.5, 0.0]",9.044384171106516,12.110538482666016,-0.3636076171411595,,,0.0,-0.0,0.0,-0.0
64.874038,"[738.2090454101562, 12.13744831085205, 0.0]","[387.2779541015625, 4.5, 0.0]",9.037112019335567,12.103670120239258,-0.36360758854749875,,,0.0,-0.0,0.0,-0.0
64.895527,"[738.389892578125, 12.14091968536377, 0.0]","[387.5224914550781, 4.5, 0.0]",9.029839867564617,12.110136985778809,-0.36360758854749875,,,0.0,-0.0,0.0,-0.0
64.912032,"[738.5706176757812, 12.144388198852539, 0.0]","[387.7635803222656, 4.5, 0.0]",9.022567715793667,12.10314464569092,-0.36360758854749875,,,0.0,-0.0,0.0,-0.0
64.932581,"[738.7511596679688, 12.14785385131836, 0.0]","[388.00360107421875, 4.5, 0.0]",9.015295564022717,12.10921859741211,-0.36360758854749875,,,0.0,-0.0,0.0,-0.0
64.953693,"[738.9315795898438, 12.15131664276123, 0.0]","[388.24884033203125, 4.5, 0.0]",9.008023412251767,12.101943016052246,-0.36360758854749875,,,0.0,-0.0,0.0,-0.0
64.972608,"[739.1118774414062, 12.154776573181152, 0.0]","[388.4889221191406, 4.5, 0.0]",9.000751260480817,12.108016014099121,-0.36360758854749875,,,0.0,-0.0,0.0,-0.0
64.993737,"[739.2919921875, 12.158233642578125, 0.0]","[388.734375, 4.5, 0.0]",8.993479108709865,12.100739479064941,-0.36360758854758757,,,0.0,-0.0,0.0,-0.0
65.014321,"[739.4719848632812, 12.161687850952148, 0.0]","[388.97552490234375, 4.5, 0.0]",8.986206956938917,12.106746673583984,-0.36360758854740993,,,0.0,-0.0,0.0,-0.0
65.032607,"[739.6517944335938, 12.165139198303223, 0.0]","[389.2152099609375, 4.5, 0.0]",8.978934805167967,12.102621078491211,-0.36360758854749875,,,0.0,-0.0,0.0,-0.0
65.053315,"[739.8314819335938, 12.168587684631348, 0.0]","[389.4593505859375, 4.5, 0.0]",8.971662654540763,12.101814270019531,-0.3636075313601772,,,0.0,-0.0,0.0,-0.0
65.073424,"[740.0110473632812, 12.172033309936523, 0.0]","[389.7038879394531, 4.5, 0.0]",8.964390502769813,12.101006507873535,-0.36360758854749875,,,0.0,-0.0,0.0,-0.0
65.094878,"[740.1904296875, 12.17547607421875, 0.0]","[389.9421081542969, 4.5, 0.0]",8.957118349855117,12.100218772888184,-0.3636076457348203,,,0.0,-0.0,0.0,-0.0
65.11557,"[740.3696899414062, 12.178915977478027, 0.0]","[390.1840515136719, 4.5, 0.0]",8.949846196940419,12.099419593811035,-0.3636076457349091,,,0.0,-0.0,0.0,-0.0
65.133782,"[740.548828125, 12.182353973388672, 0.0]","[390.4252624511719, 4.5, 0.0]",8.942574045169469,12.09862232208252,-0.36360758854749875,,,0.0,-0.0,0.0,-0.0
65.153163,"[740.727783203125, 12.185789108276367, 0.0]","[390.6730651855469, 4.5, 0.0]",8.935301892254772,12.097803115844727,-0.3636076457348203,,,0.0,-0.0,0.0,-0.0
65.173138,"[740.9066162109375, 12.189221382141113, 0.0]","[390.9098205566406, 4.5, 0.0]",8.928029740197886,12.097020149230957,-0.36360760284432914,,,0.0,-0.0,0.0,-0.0
65.196035,"[741.0852661132812, 12.19265079498291, 0.0]","[391.1506652832031, 4.5, 0.0]",8.920757588712872,12.096223831176758,-0.36360757425066836,,,0.0,-0.0,0.0,-0.0
65.213453,"[741.2637939453125, 12.196077346801758, 0.0]","[391.3941345214844, 4.5, 0.0]",8.913485436941922,12.095480918884277,-0.36360758854749875,,,0.0,-0.0,0.0,-0.0
65.232404,"[741.4421997070312, 12.199501037597656, 0.0]","[391.63458251953125, 4.5, 0.0]",8.906213285170972,12.094884872436523,-0.36360758854749875,,,0.0,-0.0,0.0,-0.0
65.253827,"[741.6204223632812, 12.202921867370605, 0.0]","[391.8777770996094, 4.5, 0.0]",8.898941132256276,12.094282150268555,-0.3636076457348203,,,0.0,-0.0,0.0,-0.0
65.27378,"[741.7985229492188, 12.206339836120605, 0.0]","[392.1195983886719, 4.5, 0.0]",8.89166897934158,12.093682289123535,-0.3636076457348203,,,0.0,-0.0,0.0,-0.0
65.293868,"[741.9764404296875, 12.209754943847656, 0.0]","[392.36212158203125, 4.5, 0.0]",8.88439682757063,12.093080520629883,-0.36360758854749875,,,0.0,-0.0,0.0,-0.0
65.313328,"[742.1542358398438, 12.213167190551758, 0.0]","[392.6039123535156, 4.5, 0.0]",8.877124674655933,12.09254264831543,-0.3636076457348203,,,0.0,-0.0,0.0,-0.0
65.332352,"[742.3319091796875, 12.21657657623291, 0.0]","[392.84454345703125, 4.5, 0.0]",8.869852522884983,12.092144966125488,-0.36360758854749875,,,0.0,-0.0,0.0,-0.0
65.354441,"[742.5093994140625, 12.219983100891113, 0.0]","[393.0879821777344, 4.5, 0.0]",8.86258037225778,12.091742515563965,-0.3636075313601772,,,0.0,-0.0,0.0,-0.0
65.371996,"[742.686767578125, 12.223386764526367, 0.0]","[393.3283996582031, 4.5, 0.0]",8.855308221630576,12.091344833374023,-0.3636075313601772,,,0.0,-0.0,0.0,-0.0
65.393435,"[742.864013671875, 12.226787567138672, 0.0]","[393.5708312988281, 4.5, 0.0]",8.848036071003373,12.090943336486816,-0.3636075313601772,,,0.0,-0.0,0.0,-0.0
65.413424,"[743.0410766601562, 12.230186462402344, 0.0]","[393.8131103515625, 4.5, 0.0]",8.840763919232423,12.09072780609131,-0.36360758854749875,,,0.0,-0.0,0.0,-0.0
65.433137,"[743.218017578125, 12.233582496643066, 0.0]","[394.0538024902344, 4.5, 0.0]",8.833491765745853,12.090926170349121,-0.36360767432848107,,,0.0,-0.0,0.0,-0.0
65.453432,"[743.394775390625, 12.23697566986084, 0.0]","[394.2980651855469, 4.5, 0.0]",8.826219613974903,12.094462394714355,-0.36360758854749875,,,0.0,-0.0,0.0,-0.0
65.473655,"[743.5714111328125, 12.240365982055664, 0.0]","[394.5404357910156, 4.5, 0.0]",8.818947462203953,12.087994575500488,-0.36360758854749875,,,0.0,-0.0,0.0,-0.0
65.49526,"[743.7479248046875, 12.243753433227539, 0.0]","[394.7800598144531, 4.5, 0.0]",8.811675310433003,12.094861030578613,-0.36360758854749875,,,0.0,-0.0,0.0,-0.0
65.511971,"[743.9242553710938, 12.247138023376465, 0.0]","[395.02301025390625, 4.5, 0.0]",8.804403158662053,12.088517189025879,-0.36360758854749875,,,0.0,-0.0,0.0,-0.0
65.533522,"[744.1004638671875, 12.250519752502441, 0.0]","[395.2694091796875, 4.5, 0.0]",8.797131008034851,12.095796585083008,-0.3636075313600884,,,0.0,-0.0,0.0,-0.0
65.556312,"[744.2764892578125, 12.253898620605469, 0.0]","[395.50933837890625, 4.5, 0.0]",8.7898588562639,12.089723587036133,-0.36360758854758757,,,0.0,-0.0,0.0,-0.0
65.573032,"[744.452392578125, 12.257274627685547, 0.0]","[395.75189208984375, 4.5, 0.0]",8.782586703349203,12.096993446350098,-0.3636076457348203,,,0.0,-0.0,0.0,-0.0
65.593214,"[744.628173828125, 12.260647773742676, 0.0]","[395.9905090332031, 4.5, 0.0]",8.775314549862632,12.090916633605957,-0.3636076743285699,,,0.0,-0.0,0.0,-0.0
65.613686,"[744.8037719726562, 12.264018058776855, 0.0]","[396.23760986328125, 4.5, 0.0]",8.768042398091682,12.098395347595215,-0.36360758854749875,,,0.0,-0.0,0.0,-0.0
65.634666,"[744.979248046875, 12.267385482788086, 0.0]","[396.4730529785156, 4.5, 0.0]",8.760770246320732,12.092894554138184,-0.36360758854749875,,,0.0,-0.0,0.0,-0.0
65.654583,"[745.1546020507812, 12.270750045776367, 0.0]","[396.7226867675781, 4.5, 0.0]",8.753498094549782,12.100800514221191,-0.36360758854749875,,,0.0,-0.0,0.0,-0.0
65.673879,"[745.3297729492188, 12.274112701416016, 0.0]","[396.958251953125, 4.5, 0.0]",8.746225940491339,12.095300674438477,-0.36360770292214184,,,0.0,-0.0,0.0,-0.0
65.694545,"[745.5048217773438, 12.277472496032715, 0.0]","[397.2056884765625, 4.5, 0.0]",8.738953787576643,12.103195190429688,-0.3636076457348203,,,0.0,-0.0,0.0,-0.0
65.714136,"[745.6796875, 12.280829429626465, 0.0]","[397.44287109375, 4.5, 0.0]",8.731681634661946,12.097826957702637,-0.3636076457348203,,,0.0,-0.0,0.0,-0.0
65.733847,"[745.8544311523438, 12.284183502197266, 0.0]","[397.6838684082031, 4.5, 0.0]",8.724409482890996,12.106086730957031,-0.36360758854749875,,,0.0,-0.0,0.0,-0.0
65.753195,"[746.029052734375, 12.287534713745117, 0.0]","[397.9275817871094, 4.5, 0.0]",8.7171373299763,12.10102939605713,-0.3636076457348203,,,0.0,-0.0,0.0,-0.0
65.772534,"[746.2034912109375, 12.29088306427002, 0.0]","[398.1707458496094, 4.5, 0.0]",8.70986517820535,12.10930347442627,-0.36360758854749875,,,0.0,-0.0,0.0,-0.0
65.792935,"[746.3778076171875, 12.294228553771973, 0.0]","[398.4153137207031, 4.5, 0.0]",8.7025930264344,12.104251861572266,-0.36360758854749875,,,0.0,-0.0,0.0,-0.0
65.814085,"[746.552001953125, 12.297571182250977, 0.0]","[398.6576843261719, 4.5, 0.0]",8.69532087466345,12.11258602142334,-0.36360758854749875,,,0.0,-0.0,0.0,-0.0
65.833416,"[746.7260131835938, 12.300910949707031, 0.0]","[398.8969421386719, 4.5, 0.0]",8.6880487228925,12.107694625854492,-0.36360758854749875,,,0.0,-0.0,0.0,-0.0
65.854045,"[746.89990234375, 12.304247856140137, 0.0]","[399.14361572265625, 4.5, 0.0]",8.680776571407486,12.116195678710938,-0.36360757425066836,,,0.0,-0.0,0.0,-0.0
65.872226,"[747.0736083984375, 12.307581901550293, 0.0]","[399.3839416503906, 4.5, 0.0]",8.673504419636537,12.111312866210938,-0.36360758854749875,,,0.0,-0.0,0.0,-0.0
65.893183,"[747.2471923828125, 12.3109130859375, 0.0]","[399.6224670410156, 4.5, 0.0]",8.666232270153078,12.119751930236816,-0.3636074741729445,,,0.0,-0.0,0.0,-0.0
65.913771,"[747.420654296875, 12.314241409301758, 0.0]","[399.8655700683594, 4.5, 0.0]",8.658960119525876,12.114951133728027,-0.3636075313600884,,,0.0,-0.0,0.0,-0.0
65.932504,"[747.5939331054688, 12.317566871643066, 0.0]","[400.11077880859375, 4.5, 0.0]",8.651687968612736,12.123641967773438,-0.3636075456570076,,,0.0,-0.0,0.0,-0.0
65.952456,"[747.76708984375, 12.320890426635742, 0.0]","[400.3524169921875, 4.5, 0.0]",8.644415816841786,12.118966102600098,-0.36360758854749875,,,0.0,-0.0,0.0,-0.0
65.972804,"[747.9400634765625, 12.324211120605469, 0.0]","[400.59466552734375, 4.5, 0.0]",8.63714366392709,12.127632141113281,-0.3636076457348203,,,0.0,-0.0,0.0,-0.0
65.992252,"[748.1129150390625, 12.327528953552246, 0.0]","[400.8402099609375, 4.5, 0.0]",8.629871511012393,12.126322746276855,-0.3636076457348203,,,0.0,-0.0,0.0,-0.0
66.013079,"[748.28564453125, 12.330843925476074, 0.0]","[401.07763671875, 4.5, 0.0]",8.622599359241441,12.128341674804688,-0.36360758854758757,,,0.0,-0.0,0.0,-0.0
66.031428,"[748.4581909179688, 12.334156036376953, 0.0]","[401.3249206542969, 4.5, 0.0]",8.615327206326745,12.130582809448242,-0.3636076457348203,,,0.0,-0.0,0.0,-0.0
66.052854,"[748.630615234375, 12.337465286254883, 0.0]","[401.56365966796875, 4.5, 0.0]",8.608055054555795,12.132746696472168,-0.36360758854749875,,,0.0,-0.0,0.0,-0.0
66.072753,"[748.8029174804688, 12.340771675109863, 0.0]","[401.804931640625, 4.5, 0.0]",8.600782903070781,12.134933471679688,-0.36360757425066836,,,0.0,-0.0,0.0,-0.0
66.092997,"[748.9750366210938, 12.344075202941895, 0.0]","[402.0486145019531, 4.5, 0.0]",8.593510751299831,12.137142181396486,-0.36360758854749875,,,0.0,-0.0,0.0,-0.0
66.112997,"[749.1470336914062, 12.347375869750977, 0.0]","[402.29193115234375, 4.5, 0.0]",8.586238599528881,12.13928508758545,-0.36360758854749875,,,0.0,-0.0,0.0,-0.0
66.132649,"[749.31884765625, 12.35067367553711, 0.0]","[402.5336608886719, 4.5, 0.0]",8.578966446614185,12.141275405883789,-0.3636076457348203,,,0.0,-0.0,0.0,-0.0
66.152705,"[749.4905395507812, 12.353968620300293, 0.0]","[402.7773132324219, 4.5, 0.0]",8.571694293699489,12.143280982971191,-0.3636076457348203,,,0.0,-0.0,0.0,-0.0
66.173141,"[749.662109375, 12.357260704040527, 0.0]","[403.0202941894531, 4.5, 0.0]",8.564422140784792,12.145281791687012,-0.3636076457348203,,,0.0,-0.0,0.0,-0.0
66.192212,"[749.83349609375, 12.360549926757812, 0.0]","[403.26324462890625, 4.5, 0.0]",8.557149989013842,12.147281646728516,-0.36360758854749875,,,0.0,-0.0,0.0,-0.0
66.212929,"[750.0047607421875, 12.363836288452148, 0.0]","[403.5059509277344, 4.5, 0.0]",8.549877838386639,12.149340629577638,-0.3636075313601772,,,0.0,-0.0,0.0,-0.0
66.232536,"[750.1758422851562, 12.367120742797852, 0.0]","[403.7476501464844, 4.5, 0.0]",8.542605686615689,12.151527404785156,-0.36360758854749875,,,0.0,-0.0,0.0,-0.0
66.252543,"[750.3468017578125, 12.370402336120605, 0.0]","[403.9943542480469, 4.5, 0.0]",8.53533353370099,12.153759002685547,-0.3636076457349091,,,0.0,-0.0,0.0,-0.0
66.272476,"[750.5176391601562, 12.37368106842041, 0.0]","[404.23577880859375, 4.5, 0.0]",8.528061381930042,12.155943870544434,-0.36360758854740993,,,0.0,-0.0,0.0,-0.0
66.293773,"[750.6882934570312, 12.376956939697266, 0.0]","[404.4785461425781, 4.5, 0.0]",8.520789229587217,12.158140182495117,-0.36360761714124834,,,0.0,-0.0,0.0,-0.0
66.313005,"[750.8588256835938, 12.380229949951172, 0.0]","[404.72198486328125, 4.5, 0.0]",8.513517076672523,12.160219192504883,-0.3636076457347315,,,0.0,-0.0,0.0,-0.0
66.332273,"[751.0292358398438, 12.383500099182129, 0.0]","[404.9649658203125, 4.5, 0.0]",8.506244924901573,12.162016868591309,-0.36360758854749875,,,0.0,-0.0,0.0,-0.0
66.352814,"[751.199462890625, 12.386767387390137, 0.0]","[405.2095031738281, 4.5, 0.0]",8.498972773130621,12.163825035095217,-0.36360758854758757,,,0.0,-0.0,0.0,-0.0
66.372215,"[751.3695678710938, 12.390031814575195, 0.0]","[405.4508056640625, 4.5, 0.0]",8.491700622217481,12.165610313415527,-0.3636075456570076,,,0.0,-0.0,0.0,-0.0
66.392535,"[751.5394897460938, 12.393293380737305, 0.0]","[405.694091796875, 4.5, 0.0]",8.484428470446531,12.167409896850588,-0.36360758854749875,,,0.0,-0.0,0.0,-0.0
66.412199,"[751.7092895507812, 12.396552085876465, 0.0]","[405.93951416015625, 4.5, 0.0]",8.477156318389644,12.172496795654297,-0.36360760284432914,,,0.0,-0.0,0.0,-0.0
66.432943,"[751.8789672851562, 12.399807929992676, 0.0]","[406.1806640625, 4.5, 0.0]",8.469884166618694,12.167412757873537,-0.36360758854749875,,,0.0,-0.0,0.0,-0.0
66.452465,"[752.0484619140625, 12.403060913085938, 0.0]","[406.4262390136719, 4.5, 0.0]",8.462612014847744,12.175694465637207,-0.36360758854749875,,,0.0,-0.0,0.0,-0.0
66.472298,"[752.2178344726562, 12.40631103515625, 0.0]","[406.6681213378906, 4.5, 0.0]",8.455339863076794,12.170616149902344,-0.36360758854749875,,,0.0,-0.0,0.0,-0.0
66.493588,"[752.3870849609375, 12.40955924987793, 0.0]","[406.91510009765625, 4.5, 0.0]",8.448067711305844,12.178906440734863,-0.36360758854749875,,,0.0,-0.0,0.0,-0.0
66.512089,"[752.55615234375, 12.41280460357666, 0.0]","[407.1616516113281, 4.5, 0.0]",8.440795559534894,12.173792839050293,-0.36360758854749875,,,0.0,-0.0,0.0,-0.0
66.532176,"[752.72509765625, 12.416047096252441, 0.0]","[407.39947509765625, 4.5, 0.0]",8.433523408907691,12.1818265914917,-0.3636075313601772,,,0.0,-0.0,0.0,-0.0
66.551412,"[752.8938598632812, 12.419286727905273, 0.0]","[407.64324951171875, 4.5, 0.0]",8.426251257136743,12.176559448242188,-0.36360758854740993,,,0.0,-0.0,0.0,-0.0
66.571957,"[753.0625, 12.422523498535156, 0.0]","[407.8924560546875, 4.5, 0.0]",8.418979104222045,12.184659004211426,-0.3636076457349091,,,0.0,-0.0,0.0,-0.0
66.593611,"[753.2310180664062, 12.42575740814209, 0.0]","[408.1358947753906, 4.5, 0.0]",8.411706951307348,12.179389953613283,-0.3636076457348203,,,0.0,-0.0,0.0,-0.0
66.612743,"[753.3993530273438, 12.428988456726074, 0.0]","[408.37939453125, 4.5, 0.0]",8.404434799536398,12.18739128112793,-0.36360758854749875,,,0.0,-0.0,0.0,-0.0
66.631263,"[753.5675659179688, 12.43221664428711, 0.0]","[408.6177673339844, 4.5, 0.0]",8.397162647479512,12.181896209716797,-0.36360760284432914,,,0.0,-0.0,0.0,-0.0
66.651589,"[753.735595703125, 12.435441970825195, 0.0]","[408.8635559082031, 4.5, 0.0]",8.389890495708562,12.189774513244629,-0.36360758854749875,,,0.0,-0.0,0.0,-0.0
66.672413,"[753.9035034179688, 12.438664436340332, 0.0]","[409.1051330566406, 4.5, 0.0]",8.382618342793865,12.184295654296875,-0.3636076457348203,,,0.0,-0.0,0.0,-0.0
66.693226,"[754.0712890625, 12.44188404083252, 0.0]","[409.3501281738281, 4.5, 0.0]",8.375346192166662,12.192169189453125,-0.3636075313601772,,,0.0,-0.0,0.0,-0.0
66.713033,"[754.2388916015625, 12.445100784301758, 0.0]","[409.59466552734375, 4.5, 0.0]",8.368074040395712,12.186580657958984,-0.36360758854749875,,,0.0,-0.0,0.0,-0.0
66.732322,"[754.4063720703125, 12.448314666748047, 0.0]","[409.83636474609375, 4.5, 0.0]",8.360801887481015,12.19404125213623,-0.3636076457348203,,,0.0,-0.0,0.0,-0.0
66.752709,"[754.57373046875, 12.451525688171387, 0.0]","[410.0849304199219, 4.5, 0.0]",8.353529734566317,12.188188552856447,-0.3636076457349091,,,0.0,-0.0,0.0,-0.0
66.771961,"[754.7409057617188, 12.454734802246094, 0.0]","[410.3299255371094, 4.5, 0.0]",8.346257583939115,12.195660591125488,-0.3636075313600884,,,0.0,-0.0,0.0,-0.0
66.7943,"[754.907958984375, 12.457941055297852, 0.0]","[410.5743103027344, 4.5, 0.0]",8.338985432168165,12.189793586730957,-0.36360758854749875,,,0.0,-0.0,0.0,-0.0
66.815074,"[755.0748291015625, 12.46114444732666, 0.0]","[410.8135070800781, 4.5, 0.0]",8.331713279253467,12.197123527526855,-0.3636076457349091,,,0.0,-0.0,0.0,-0.0
66.832979,"[755.2415771484375, 12.46434497833252, 0.0]","[411.0591125488281, 4.5, 0.0]",8.32444112633877,12.190857887268066,-0.3636076457348203,,,0.0,-0.0,0.0,-0.0
66.85176,"[755.408203125, 12.46754264831543, 0.0]","[411.302001953125, 4.5, 0.0]",8.31716897456782,12.197924613952637,-0.36360758854749875,,,0.0,-0.0,0.0,-0.0
66.872518,"[755.5746459960938, 12.47073745727539, 0.0]","[411.5451965332031, 4.5, 0.0]",8.30989682279687,12.191655158996582,-0.36360758854749875,,,0.0,-0.0,0.0,-0.0
66.893002,"[755.740966796875, 12.473929405212402, 0.0]","[411.7893371582031, 4.5, 0.0]",8.302624670168111,12.198722839355469,-0.3636076314379899,,,0.0,-0.0,0.0,-0.0
66.911499,"[755.9071044921875, 12.477118492126465, 0.0]","[412.0329284667969, 4.5, 0.0]",8.295352518397161,12.195788383483887,-0.36360758854749875,,,0.0,-0.0,0.0,-0.0
66.932569,"[756.0731201171875, 12.480304718017578, 0.0]","[412.2761535644531, 4.5, 0.0]",8.288080367769957,12.196187019348145,-0.3636075313601772,,,0.0,-0.0,0.0,-0.0
66.95385,"[756.239013671875, 12.483488082885742, 0.0]","[412.5230712890625, 4.5, 0.0]",8.280808215999008,12.196592330932617,-0.36360758854749875,,,0.0,-0.0,0.0,-0.0
66.972807,"[756.4047241210938, 12.486668586730957, 0.0]","[412.7685852050781, 4.5, 0.0]",8.273536064228058,12.19699478149414,-0.36360758854749875,,,0.0,-0.0,0.0,-0.0
66.999201,"[756.5703125, 12.489846229553223, 0.0]","[413.0083312988281, 4.5, 0.0]",8.266263913600854,12.1973876953125,-0.3636075313601772,,,0.0,-0.0,0.0,-0.0
67.012566,"[756.7357788085938, 12.493021011352539, 0.0]","[413.253662109375, 4.5, 0.0]",8.258991761829904,12.197728157043457,-0.36360758854749875,,,0.0,-0.0,0.0,-0.0
67.031636,"[756.9010620117188, 12.496193885803223, 0.0]","[413.50048828125, 4.5, 0.0]",8.251719608915208,12.197930335998535,-0.3636076457348203,,,0.0,-0.0,0.0,-0.0
67.052673,"[757.0662231445312, 12.499363899230957, 0.0]","[413.7420654296875, 4.5, 0.0]",8.244447456000511,12.198127746582031,-0.3636076457348203,,,0.0,-0.0,0.0,-0.0
67.073335,"[757.231201171875, 12.502531051635742, 0.0]","[413.9847106933594, 4.5, 0.0]",8.237175304229561,12.198327064514162,-0.36360758854749875,,,0.0,-0.0,0.0,-0.0
67.09388,"[757.3960571289062, 12.505695343017578, 0.0]","[414.2285461425781, 4.5, 0.0]",8.229903152458611,12.198526382446289,-0.36360758854749875,,,0.0,-0.0,0.0,-0.0
67.112596,"[757.560791015625, 12.508856773376465, 0.0]","[414.4742736816406, 4.5, 0.0]",8.222631000687661,12.198728561401367,-0.36360758854749875,,,0.0,-0.0,0.0,-0.0
67.132456,"[757.725341796875, 12.512015342712402, 0.0]","[414.71722412109375, 4.5, 0.0]",8.215358850060458,12.19892692565918,-0.3636075313601772,,,0.0,-0.0,0.0,-0.0
67.152599,"[757.8897705078125, 12.51517105102539, 0.0]","[414.9619445800781, 4.5, 0.0]",8.208086698289508,12.199128150939941,-0.36360758854749875,,,0.0,-0.0,0.0,-0.0
67.171381,"[758.0540771484375, 12.51832389831543, 0.0]","[415.2040710449219, 4.5, 0.0]",8.200814546518558,12.199326515197754,-0.36360758854749875,,,0.0,-0.0,0.0,-0.0
67.192447,"[758.2182006835938, 12.52147388458252, 0.0]","[415.44940185546875, 4.5, 0.0]",8.193542393603861,12.199527740478516,-0.3636076457348203,,,0.0,-0.0,0.0,-0.0
67.212889,"[758.3822021484375, 12.52462100982666, 0.0]","[415.6937255859375, 4.5, 0.0]",8.186270240689163,12.199728012084961,-0.3636076457349091,,,0.0,-0.0,0.0,-0.0
67.231004,"[758.5460205078125, 12.527765274047852, 0.0]","[415.93621826171875, 4.5, 0.0]",8.178998090061961,12.199926376342773,-0.3636075313600884,,,0.0,-0.0,0.0,-0.0
67.254196,"[758.709716796875, 12.530906677246094, 0.0]","[416.1844177246094, 4.5, 0.0]",8.171725937433202,12.200129508972168,-0.3636076314379899,,,0.0,-0.0,0.0,-0.0
67.272407,"[758.873291015625, 12.534045219421387, 0.0]","[416.4243469238281, 4.5, 0.0]",8.164453784518503,12.200325965881348,-0.3636076457349091,,,0.0,-0.0,0.0,-0.0
67.292462,"[759.0366821289062, 12.53718090057373, 0.0]","[416.6694641113281, 4.5, 0.0]",8.157181632747553,12.20052719116211,-0.36360758854749875,,,0.0,-0.0,0.0,-0.0
67.311464,"[759.199951171875, 12.540314674377441, 0.0]","[416.91400146484375, 4.5, 0.0]",8.14990948040473,12.200727462768555,-0.3636076171411595,,,0.0,-0.0,0.0,-0.0
67.332507,"[759.363037109375, 12.543445587158203, 0.0]","[417.1568908691406, 4.5, 0.0]",8.14263732863378,12.20426082611084,-0.36360758854749875,,,0.0,-0.0,0.0,-0.0
67.352563,"[759.5260009765625, 12.546573638916016, 0.0]","[417.40087890625, 4.5, 0.0]",8.13536517686283,12.197792053222656,-0.36360758854749875,,,0.0,-0.0,0.0,-0.0
67.372529,"[759.6888427734375, 12.549698829650879, 0.0]","[417.6466369628906, 4.5, 0.0]",8.128093023948134,12.20466136932373,-0.3636076457348203,,,0.0,-0.0,0.0,-0.0
67.39288,"[759.8515014648438, 12.552821159362793, 0.0]","[417.8899230957031, 4.5, 0.0]",8.120820872177184,12.198192596435549,-0.36360758854749875,,,0.0,-0.0,0.0,-0.0
67.412357,"[760.0140380859375, 12.555940628051758, 0.0]","[418.1343688964844, 4.5, 0.0]",8.113548720406234,12.205183982849121,-0.36360758854749875,,,0.0,-0.0,0.0,-0.0
67.432204,"[760.1764526367188, 12.559057235717773, 0.0]","[418.3770751953125, 4.5, 0.0]",8.106276568635284,12.199112892150879,-0.36360758854749875,,,0.0,-0.0,0.0,-0.0
67.453814,"[760.3386840820312, 12.56217098236084, 0.0]","[418.6231994628906, 4.5, 0.0]",8.099004415720588,12.206385612487793,-0.3636076457348203,,,0.0,-0.0,0.0,-0.0
67.472204,"[760.5007934570312, 12.565281867980957, 0.0]","[418.86627197265625, 4.5, 0.0]",8.091732263949638,12.200315475463867,-0.36360758854749875,,,0.0,-0.0,0.0,-0.0
67.492808,"[760.6627197265625, 12.568389892578125, 0.0]","[419.1111145019531, 4.5, 0.0]",8.084460111034941,12.207585334777832,-0.3636076457348203,,,0.0,-0.0,0.0,-0.0
67.512537,"[760.8245239257812, 12.571495056152344, 0.0]","[419.35589599609375, 4.5, 0.0]",8.077187959263991,12.201704978942871,-0.36360758854749875,,,0.0,-0.0,0.0,-0.0
67.5322,"[760.9862060546875, 12.574597358703613, 0.0]","[419.5980224609375, 4.5, 0.0]",8.069915807493041,12.209562301635742,-0.36360758854749875,,,0.0,-0.0,0.0,-0.0
67.553714,"[761.147705078125, 12.577696800231934, 0.0]","[419.8442687988281, 4.5, 0.0]",8.06264365572209,12.20410442352295,-0.36360758854758757,,,0.0,-0.0,0.0,-0.0
67.572474,"[761.30908203125, 12.580793380737305, 0.0]","[420.0876159667969, 4.5, 0.0]",8.055371503951141,12.211968421936035,-0.36360758854740993,,,0.0,-0.0,0.0,-0.0
67.592226,"[761.4702758789062, 12.583888053894043, 0.0]","[420.3309020996094, 4.5, 0.0]",8.048099351036445,12.206495285034181,-0.3636076457348203,,,0.0,-0.0,0.0,-0.0
67.612211,"[761.63134765625, 12.586979866027832, 0.0]","[420.57635498046875, 4.5, 0.0]",8.040827199265493,12.214553833007812,-0.36360758854758757,,,0.0,-0.0,0.0,-0.0
67.632549,"[761.7922973632812, 12.590068817138672, 0.0]","[420.82061767578125, 4.5, 0.0]",8.033555047494545,12.209685325622559,-0.36360758854740993,,,0.0,-0.0,0.0,-0.0
67.653453,"[761.9530639648438, 12.593154907226562, 0.0]","[421.0674133300781, 4.5, 0.0]",8.026282895723595,12.218171119689941,-0.36360758854749875,,,0.0,-0.0,0.0,-0.0
67.671247,"[762.1137084960938, 12.596238136291504, 0.0]","[421.3085021972656, 4.5, 0.0]",8.019010743952643,12.213278770446777,-0.36360758854758757,,,0.0,-0.0,0.0,-0.0
67.696315,"[762.2742309570312, 12.599318504333496, 0.0]","[421.5594787597656, 4.5, 0.0]",8.011738593325441,12.221796035766602,-0.3636075313600884,,,0.0,-0.0,0.0,-0.0
67.711742,"[762.4345703125, 12.602396011352539, 0.0]","[421.79833984375, 4.5, 0.0]",8.00446644155449,12.217194557189943,-0.36360758854758757,,,0.0,-0.0,0.0,-0.0
67.731341,"[762.5947875976562, 12.605470657348633, 0.0]","[422.0423583984375, 4.5, 0.0]",7.997194289783541,12.226655960083008,-0.36360758854745434,,,0.0,-0.0,0.0,-0.0
67.752178,"[762.7548217773438, 12.608542442321777, 0.0]","[422.2881774902344, 4.5, 0.0]",7.989922138012591,12.22280216217041,-0.36360758854749875,,,0.0,-0.0,0.0,-0.0
67.77197,"[762.9147338867188, 12.611611366271973, 0.0]","[422.5302429199219, 4.5, 0.0]",7.982649985097893,12.2322416305542,-0.3636076457348647,,,0.0,-0.0,0.0,-0.0
67.792833,"[763.0745239257812, 12.614677429199219, 0.0]","[422.7765197753906, 4.5, 0.0]",7.975377833326943,12.228392601013185,-0.36360758854749875,,,0.0,-0.0,0.0,-0.0
67.81239,"[763.234130859375, 12.617740631103516, 0.0]","[423.0215759277344, 4.5, 0.0]",7.968105680412247,12.238296508789062,-0.3636076457348203,,,0.0,-0.0,0.0,-0.0
67.832109,"[763.3936157226562, 12.620800971984863, 0.0]","[423.2696228027344, 4.5, 0.0]",7.960833528641297,12.239215850830078,-0.36360758854749875,,,0.0,-0.0,0.0,-0.0
67.853197,"[763.552978515625, 12.623859405517578, 0.0]","[423.5123291015625, 4.5, 0.0]",7.953561376870347,12.243376731872559,-0.36360758854749875,,,0.0,-0.0,0.0,-0.0
67.872783,"[763.712158203125, 12.626914978027344, 0.0]","[423.755859375, 4.5, 0.0]",7.946289223955651,12.247552871704102,-0.3636076457348203,,,0.0,-0.0,0.0,-0.0
67.892623,"[763.8712158203125, 12.62996768951416, 0.0]","[424.0022277832031, 4.5, 0.0]",7.939017072184701,12.251776695251465,-0.36360758854749875,,,0.0,-0.0,0.0,-0.0
67.912318,"[764.0300903320312, 12.633017539978027, 0.0]","[424.24591064453125, 4.5, 0.0]",7.931744921557497,12.25650405883789,-0.3636075313601772,,,0.0,-0.0,0.0,-0.0
67.932769,"[764.1888427734375, 12.636064529418945, 0.0]","[424.4954833984375, 4.5, 0.0]",7.924472769786547,12.262604713439941,-0.36360758854749875,,,0.0,-0.0,0.0,-0.0
67.952719,"[764.3474731445312, 12.639108657836914, 0.0]","[424.7361755371094, 4.5, 0.0]",7.917200618015596,12.268487930297852,-0.36360758854754316,,,0.0,-0.0,0.0,-0.0
67.972149,"[764.5059204101562, 12.642149925231934, 0.0]","[424.9815979003906, 4.5, 0.0]",7.90992846595871,12.274487495422363,-0.36360760284432914,,,0.0,-0.0,0.0,-0.0
67.994645,"[764.6642456054688, 12.645188331604004, 0.0]","[425.2295837402344, 4.5, 0.0]",7.902656315331507,12.280549049377443,-0.3636075313601328,,,0.0,-0.0,0.0,-0.0
68.012305,"[764.8223876953125, 12.648223876953125, 0.0]","[425.4737243652344, 4.5, 0.0]",7.895384163560557,12.287126541137695,-0.36360758854749875,,,0.0,-0.0,0.0,-0.0
68.032845,"[764.9804077148438, 12.651256561279297, 0.0]","[425.71923828125, 4.5, 0.0]",7.88811201064586,12.295104980468752,-0.3636076457348647,,,0.0,-0.0,0.0,-0.0
68.0534,"[765.1383056640625, 12.65428638458252, 0.0]","[425.96563720703125, 4.5, 0.0]",7.880839857731163,12.30311393737793,-0.3636076457348203,,,0.0,-0.0,0.0,-0.0
68.07212,"[765.2960205078125, 12.657313346862793, 0.0]","[426.21099853515625, 4.5, 0.0]",7.87356770710396,12.311087608337402,-0.3636075313601772,,,0.0,-0.0,0.0,-0.0
68.092168,"[765.45361328125, 12.660337448120117, 0.0]","[426.4571228027344, 4.5, 0.0]",7.866295555618947,12.319086074829102,-0.36360757425062395,,,0.0,-0.0,0.0,-0.0
68.112617,"[765.611083984375, 12.663358688354492, 0.0]","[426.7054748535156, 4.5, 0.0]",7.859023404991746,12.327830314636232,-0.3636075313600884,,,0.0,-0.0,0.0,-0.0
68.132555,"[765.7683715820312, 12.666378021240234, 0.0]","[426.9521179199219, 4.5, 0.0]",7.851751252077047,12.3380126953125,-0.3636076457349091,,,0.0,-0.0,0.0,-0.0
68.152933,"[765.925537109375, 12.669394493103027, 0.0]","[427.1997985839844, 4.5, 0.0]",7.84447909916235,12.348237991333008,-0.3636076457348647,,,0.0,-0.0,0.0,-0.0
68.171678,"[766.08251953125, 12.672408103942871, 0.0]","[427.4447937011719, 4.5, 0.0]",7.837206946247654,12.358352661132812,-0.3636076457348203,,,0.0,-0.0,0.0,-0.0
68.192466,"[766.2393798828125, 12.675418853759766, 0.0]","[427.6924743652344, 4.5, 0.0]",7.829934792761084,12.368577957153322,-0.36360767432848107,,,0.0,-0.0,0.0,-0.0
68.212449,"[766.3961181640625, 12.678426742553711, 0.0]","[427.9406433105469, 4.5, 0.0]",7.822662639846388,12.379486083984375,-0.3636076457348203,,,0.0,-0.0,0.0,-0.0
68.231,"[766.5526733398438, 12.681431770324707, 0.0]","[428.18719482421875, 4.5, 0.0]",7.815390488075438,12.391804695129395,-0.36360758854749875,,,0.0,-0.0,0.0,-0.0
68.252519,"[766.7091064453125, 12.684433937072754, 0.0]","[428.4367980957031, 4.5, 0.0]",7.808118337448233,12.407608985900879,-0.3636075313602216,,,0.0,-0.0,0.0,-0.0
68.272595,"[766.8653564453125, 12.687433242797852, 0.0]","[428.6861572265625, 4.5, 0.0]",7.8008461862491565,12.413398742675781,-0.363607559953838,,,0.0,-0.0,0.0,-0.0
68.292516,"[767.021484375, 12.6904296875, 0.0]","[428.9313659667969, 4.5, 0.0]",7.7935740344782065,12.432317733764648,-0.36360758854749875,,,0.0,-0.0,0.0,-0.0
68.312374,"[767.177490234375, 12.6934232711792, 0.0]","[429.1817626953125, 4.5, 0.0]",7.78630188156351,12.438935279846191,-0.3636076457348203,,,0.0,-0.0,0.0,-0.0
68.332288,"[767.3333129882812, 12.69641399383545, 0.0]","[429.4313049316406, 4.5, 0.0]",7.77902972979256,12.460601806640625,-0.36360758854749875,,,0.0,-0.0,0.0,-0.0
68.353008,"[767.489013671875, 12.69940185546875, 0.0]","[429.681640625, 4.5, 0.0]",7.771757578021609,12.468979835510254,-0.36360758854754316,,,0.0,-0.0,0.0,-0.0
68.371999,"[767.6445922851562, 12.702386856079102, 0.0]","[429.9298400878906, 4.5, 0.0]",7.76448542625066,12.49056625366211,-0.36360758854745434,,,0.0,-0.0,0.0,-0.0
68.394125,"[767.7999877929688, 12.70536994934082, 0.0]","[430.1783142089844, 4.5, 0.0]",7.75721327447971,12.49883270263672,-0.36360758854749875,,,0.0,-0.0,0.0,-0.0
68.412579,"[767.9552612304688, 12.70835018157959, 0.0]","[430.4305114746094, 4.5, 0.0]",7.74994112270876,12.521368026733398,-0.36360758854749875,,,0.0,-0.0,0.0,-0.0
68.431911,"[768.1103515625, 12.71132755279541, 0.0]","[430.67987060546875, 4.5, 0.0]",7.742668970937809,12.531974792480469,-0.36360758854754316,,,0.0,-0.0,0.0,-0.0
68.451602,"[768.2653198242188, 12.714302062988281, 0.0]","[430.9313049316406, 4.5, 0.0]",7.73539681745124,12.556058883666992,-0.36360767432848107,,,0.0,-0.0,0.0,-0.0
68.472352,"[768.420166015625, 12.717273712158203, 0.0]","[431.1825256347656, 4.5, 0.0]",7.728124664536543,12.566792488098145,-0.3636076457348203,,,0.0,-0.0,0.0,-0.0
68.491558,"[768.5748291015625, 12.720242500305176, 0.0]","[431.43389892578125, 4.5, 0.0]",7.720852512765593,12.590872764587402,-0.36360758854749875,,,0.0,-0.0,0.0,-0.0
68.513158,"[768.7293701171875, 12.7232084274292, 0.0]","[431.6881408691406, 4.5, 0.0]",7.71358036213839,12.60246467590332,-0.3636075313601772,,,0.0,-0.0,0.0,-0.0
68.53273,"[768.8837890625, 12.726171493530273, 0.0]","[431.9410095214844, 4.5, 0.0]",7.706308211511186,12.6287202835083,-0.3636075313601772,,,0.0,-0.0,0.0,-0.0
68.553473,"[769.0380249023438, 12.729131698608398, 0.0]","[432.1949157714844, 4.5, 0.0]",7.699036060883984,12.641719818115234,-0.3636075313601328,,,0.0,-0.0,0.0,-0.0
68.57196,"[769.192138671875, 12.732089042663574, 0.0]","[432.44427490234375, 4.5, 0.0]",7.6917639091130345,12.667701721191406,-0.36360758854745434,,,0.0,-0.0,0.0,-0.0
68.591951,"[769.3460693359375, 12.7350435256958, 0.0]","[432.69775390625, 4.5, 0.0]",7.684491757342085,12.680667877197266,-0.36360758854749875,,,0.0,-0.0,0.0,-0.0
68.612248,"[769.4998779296875, 12.737995147705078, 0.0]","[432.9525146484375, 4.5, 0.0]",7.677219604427386,12.707511901855469,-0.3636076457349091,,,0.0,-0.0,0.0,-0.0
68.632923,"[769.653564453125, 12.740943908691406, 0.0]","[433.20599365234375, 4.5, 0.0]",7.669947452656437,12.721912384033203,-0.36360758854745434,,,0.0,-0.0,0.0,-0.0
68.652877,"[769.8070678710938, 12.743889808654785, 0.0]","[433.46234130859375, 4.5, 0.0]",7.66267529974174,12.749883651733398,-0.3636076457348647,,,0.0,-0.0,0.0,-0.0
68.671505,"[769.96044921875, 12.746833801269531, 0.0]","[433.71636962890625, 4.5, 0.0]",7.655403147398916,12.764328002929688,-0.36360761714120393,,,0.0,-0.0,0.0,-0.0
68.692202,"[770.1136474609375, 12.749774932861328, 0.0]","[433.9711608886719, 4.5, 0.0]",7.648130995627967,12.792173385620117,-0.36360758854745434,,,0.0,-0.0,0.0,-0.0
68.713728,"[770.2667236328125, 12.752713203430176, 0.0]","[434.2311706542969, 4.5, 0.0]",7.6408588427132695,12.807564735412598,-0.3636076457348647,,,0.0,-0.0,0.0,-0.0
68.731988,"[770.419677734375, 12.755648612976074, 0.0]","[434.48516845703125, 4.5, 0.0]",7.63358669094232,12.836742401123047,-0.36360758854749875,,,0.0,-0.0,0.0,-0.0
68.752916,"[770.5724487304688, 12.758581161499023, 0.0]","[434.7434997558594, 4.5, 0.0]",7.62631453917137,12.856301307678223,-0.36360758854749875,,,0.0,-0.0,0.0,-0.0
68.772521,"[770.72509765625, 12.761510848999023, 0.0]","[435.00054931640625, 4.5, 0.0]",7.619042387114483,12.875746726989746,-0.36360760284432914,,,0.0,-0.0,0.0,-0.0
68.792737,"[770.8776245117188, 12.764437675476074, 0.0]","[435.2578430175781, 4.5, 0.0]",7.611770234199787,12.905214309692383,-0.3636076457348203,,,0.0,-0.0,0.0,-0.0
68.812208,"[771.0299682617188, 12.767361640930176, 0.0]","[435.5157165527344, 4.5, 0.0]",7.6044980818569625,12.921582221984863,-0.36360761714120393,,,0.0,-0.0,0.0,-0.0
68.832003,"[771.1821899414062, 12.770282745361328, 0.0]","[435.7740783691406, 4.5, 0.0]",7.5972259300860125,12.951737403869629,-0.36360758854749875,,,0.0,-0.0,0.0,-0.0
68.853137,"[771.334228515625, 12.773200988769531, 0.0]","[436.0358581542969, 4.5, 0.0]",7.589953778315063,12.968868255615234,-0.36360758854749875,,,0.0,-0.0,0.0,-0.0
68.872543,"[771.4861450195312, 12.776116371154785, 0.0]","[436.2939147949219, 4.5, 0.0]",7.582681626544113,12.998994827270508,-0.36360758854749875,,,0.0,-0.0,0.0,-0.0
68.892714,"[771.637939453125, 12.77902889251709, 0.0]","[436.553466796875, 4.5, 0.0]",7.575409474773163,13.015922546386719,-0.36360758854749875,,,0.0,-0.0,0.0,-0.0
68.912463,"[771.78955078125, 12.781938552856445, 0.0]","[436.814697265625, 4.5, 0.0]",7.568137323002213,13.046273231506348,-0.36360758854749875,,,0.0,-0.0,0.0,-0.0
68.932712,"[771.9410400390625, 12.784845352172852, 0.0]","[437.0750732421875, 4.5, 0.0]",7.560865172375009,13.063061714172363,-0.3636075313601772,,,0.0,-0.0,0.0,-0.0
68.952956,"[772.0923461914062, 12.787750244140625, 0.0]","[437.3443298339844, 4.5, 0.0]",7.553593019460313,13.093987464904785,-0.3636076457348203,,,0.0,-0.0,0.0,-0.0
68.971608,"[772.2435302734375, 12.79065227508545, 0.0]","[437.60052490234375, 4.5, 0.0]",7.546320866545616,13.110401153564453,-0.3636076457348203,,,0.0,-0.0,0.0,-0.0
68.991768,"[772.3945922851562, 12.793551445007324, 0.0]","[437.86175537109375, 4.5, 0.0]",7.539048714774665,13.140604019165039,-0.36360758854754316,,,0.0,-0.0,0.0,-0.0
69.012275,"[772.5454711914062, 12.79644775390625, 0.0]","[438.1246643066406, 4.5, 0.0]",7.531776563003716,13.157434463500978,-0.36360758854745434,,,0.0,-0.0,0.0,-0.0
69.031344,"[772.6962280273438, 12.799341201782227, 0.0]","[438.3885192871094, 4.5, 0.0]",7.5245044112327655,13.187262535095215,-0.36360758854754316,,,0.0,-0.0,0.0,-0.0
69.052665,"[772.8468627929688, 12.802231788635254, 0.0]","[438.6558532714844, 4.5, 0.0]",7.5172322594618155,13.204061508178711,-0.36360758854749875,,,0.0,-0.0,0.0,-0.0
69.072353,"[772.997314453125, 12.805119514465332, 0.0]","[438.9170227050781, 4.5, 0.0]",7.509960107976802,13.233654975891113,-0.36360757425066836,,,0.0,-0.0,0.0,-0.0
69.092662,"[773.1476440429688, 12.808004379272461, 0.0]","[439.1814270019531, 4.5, 0.0]",7.502687957063663,13.25019645690918,-0.3636075456569632,,,0.0,-0.0,0.0,-0.0
69.111388,"[773.2977905273438, 12.81088638305664, 0.0]","[439.4476013183594, 4.5, 0.0]",7.495415805292713,13.279796600341797,-0.36360758854749875,,,0.0,-0.0,0.0,-0.0
69.132263,"[773.4478149414062, 12.813765525817871, 0.0]","[439.7135314941406, 4.5, 0.0]",7.488143652378016,13.295074462890625,-0.3636076457348647,,,0.0,-0.0,0.0,-0.0
69.152333,"[773.5977172851562, 12.816641807556152, 0.0]","[439.9805603027344, 4.5, 0.0]",7.480871500035192,13.323783874511719,-0.3636076171411595,,,0.0,-0.0,0.0,-0.0
69.172881,"[773.7474365234375, 12.819515228271484, 0.0]","[440.24676513671875, 4.5, 0.0]",7.473599348264242,13.342418670654297,-0.36360758854749875,,,0.0,-0.0,0.0,-0.0
69.192559,"[773.8970336914062, 12.822385787963867, 0.0]","[440.5191955566406, 4.5, 0.0]",7.4663271964932925,13.364904403686523,-0.36360758854749875,,,0.0,-0.0,0.0,-0.0
69.211963,"[774.0464477539062, 12.825254440307617, 0.0]","[440.7801818847656, 4.5, 0.0]",7.459055043578596,13.385902404785156,-0.3636076457348203,,,0.0,-0.0,0.0,-0.0
69.23179,"[774.1957397460938, 12.828120231628418, 0.0]","[441.0479736328125, 4.5, 0.0]",7.45178288980609,13.406233787536621,-0.36360768862531145,,,0.0,-0.0,0.0,-0.0
69.251779,"[774.3449096679688, 12.83098316192627, 0.0]","[441.31890869140625, 4.5, 0.0]",7.444510739178885,13.426804542541504,-0.3636075313602216,,,0.0,-0.0,0.0,-0.0
69.272184,"[774.493896484375, 12.833843231201172, 0.0]","[441.585693359375, 4.5, 0.0]",7.437238587407936,13.447060585021973,-0.36360758854745434,,,0.0,-0.0,0.0,-0.0
69.292372,"[774.6427612304688, 12.836700439453125, 0.0]","[441.8544616699219, 4.5, 0.0]",7.429966435922922,13.467467308044434,-0.3636075742507128,,,0.0,-0.0,0.0,-0.0
69.312202,"[774.79150390625, 12.839554786682129, 0.0]","[442.12554931640625, 4.5, 0.0]",7.422694284151972,13.487383842468262,-0.36360758854749875,,,0.0,-0.0,0.0,-0.0
69.33102,"[774.9400634765625, 12.842406272888184, 0.0]","[442.39398193359375, 4.5, 0.0]",7.415422134096643,13.505633354187013,-0.363607502766472,,,0.0,-0.0,0.0,-0.0
69.352623,"[775.0885009765625, 12.845254898071289, 0.0]","[442.66815185546875, 4.5, 0.0]",7.408149982325693,13.524275779724123,-0.36360758854749875,,,0.0,-0.0,0.0,-0.0
69.372384,"[775.2367553710938, 12.848100662231445, 0.0]","[442.9361572265625, 4.5, 0.0]",7.400877829410995,13.542498588562012,-0.3636076457348647,,,0.0,-0.0,0.0,-0.0
69.392363,"[775.3848876953125, 12.850943565368652, 0.0]","[443.20562744140625, 4.5, 0.0]",7.393605675924426,13.560820579528809,-0.36360767432848107,,,0.0,-0.0,0.0,-0.0
69.412319,"[775.5328979492188, 12.85378360748291, 0.0]","[443.4786376953125, 4.5, 0.0]",7.3863335235816026,13.578606605529785,-0.3636076171411595,,,0.0,-0.0,0.0,-0.0
69.43284,"[775.6807250976562, 12.856620788574219, 0.0]","[443.7497253417969, 4.5, 0.0]",7.379061371810653,13.594532012939453,-0.36360758854749875,,,0.0,-0.0,0.0,-0.0
69.452438,"[775.8284301757812, 12.859455108642578, 0.0]","[444.0247802734375, 4.5, 0.0]",7.371789220039703,13.610692024230957,-0.36360758854749875,,,0.0,-0.0,0.0,-0.0
69.471367,"[775.9760131835938, 12.862286567687988, 0.0]","[444.2936096191406, 4.5, 0.0]",7.364517068268752,13.626484870910646,-0.36360758854754316,,,0.0,-0.0,0.0,-0.0
69.492673,"[776.1234130859375, 12.865116119384766, 0.0]","[444.5662536621094, 4.5, 0.0]",7.357244916497802,13.64250373840332,-0.36360758854749875,,,0.0,-0.0,0.0,-0.0
69.511593,"[776.2706909179688, 12.867942810058594, 0.0]","[444.84051513671875, 4.5, 0.0]",7.349972763583105,13.65791130065918,-0.3636076457348203,,,0.0,-0.0,0.0,-0.0
69.531193,"[776.4177856445312, 12.870766639709473, 0.0]","[445.1125793457031, 4.5, 0.0]",7.34270061066841,13.671623229980469,-0.3636076457347759,,,0.0,-0.0,0.0,-0.0
69.552841,"[776.5647583007812, 12.873587608337402, 0.0]","[445.38848876953125, 4.5, 0.0]",7.335428458897459,13.685527801513672,-0.36360758854754316,,,0.0,-0.0,0.0,-0.0
69.573613,"[776.7116088867188, 12.876405715942383, 0.0]","[445.6622314453125, 4.5, 0.0]",7.328156307984319,13.699322700500488,-0.3636075456570076,,,0.0,-0.0,0.0,-0.0
69.592707,"[776.8582763671875, 12.879220962524414, 0.0]","[445.93414306640625, 4.5, 0.0]",7.320884156213369,13.716361045837402,-0.36360758854749875,,,0.0,-0.0,0.0,-0.0
69.612835,"[777.0048217773438, 12.882033348083496, 0.0]","[446.20989990234375, 4.5, 0.0]",7.313612005300229,13.722771644592287,-0.3636075456570076,,,0.0,-0.0,0.0,-0.0
69.632125,"[777.1511840820312, 12.884842872619629, 0.0]","[446.4842529296875, 4.5, 0.0]",7.306339854673026,13.74061107635498,-0.3636075313601328,,,0.0,-0.0,0.0,-0.0
69.652341,"[777.2974243164062, 12.887649536132812, 0.0]","[446.7602844238281, 4.5, 0.0]",7.299067702902076,13.7451810836792,-0.36360758854749875,,,0.0,-0.0,0.0,-0.0
69.675208,"[777.4435424804688, 12.890453338623047, 0.0]","[447.03387451171875, 4.5, 0.0]",7.291795549987379,13.762988090515137,-0.3636076457348647,,,0.0,-0.0,0.0,-0.0
69.692919,"[777.5894775390625, 12.893254280090332, 0.0]","[447.3103942871094, 4.5, 0.0]",7.284523395642999,13.767579078674318,-0.3636077172189722,,,0.0,-0.0,0.0,-0.0
69.711437,"[777.7352905273438, 12.896052360534668, 0.0]","[447.5865173339844, 4.5, 0.0]",7.277251242728303,13.784793853759766,-0.3636076457348203,,,0.0,-0.0,0.0,-0.0
69.732578,"[777.8809814453125, 12.898847579956055, 0.0]","[447.8596496582031, 4.5, 0.0]",7.269979090957353,13.787030220031738,-0.36360758854749875,,,0.0,-0.0,0.0,-0.0
69.752256,"[778.0264892578125, 12.901640892028809, 0.0]","[448.1367492675781, 4.5, 0.0]",7.262706939186403,13.802730560302734,-0.36360758854749875,,,0.0,-0.0,0.0,-0.0
69.772052,"[778.171875, 12.904431343078613, 0.0]","[448.4130859375, 4.5, 0.0]",7.255434787415452,13.805069923400879,-0.36360758854754316,,,0.0,-0.0,0.0,-0.0
69.794857,"[778.3170776367188, 12.907218933105469, 0.0]","[448.6966552734375, 4.5, 0.0]",7.248162636788249,13.820981979370117,-0.3636075313601772,,,0.0,-0.0,0.0,-0.0
69.81218,"[778.462158203125, 12.910003662109375, 0.0]","[448.96649169921875, 4.5, 0.0]",7.240890485017299,13.822548866271973,-0.36360758854749875,,,0.0,-0.0,0.0,-0.0
69.831263,"[778.6071166992188, 12.912785530090332, 0.0]","[449.24310302734375, 4.5, 0.0]",7.233618333246349,13.836408615112305,-0.36360758854749875,,,0.0,-0.0,0.0,-0.0
69.85253,"[778.7518920898438, 12.91556453704834, 0.0]","[449.52099609375, 4.5, 0.0]",7.226346181475399,13.836966514587404,-0.36360758854749875,,,0.0,-0.0,0.0,-0.0
69.872212,"[778.8965454101562, 12.918340682983398, 0.0]","[449.7989501953125, 4.5, 0.0]",7.219074028846639,13.850862503051758,-0.3636076314379899,,,0.0,-0.0,0.0,-0.0
69.89424,"[779.041015625, 12.921113967895508, 0.0]","[450.08294677734375, 4.5, 0.0]",7.211801875931942,13.851578712463379,-0.3636076457348203,,,0.0,-0.0,0.0,-0.0
69.913499,"[779.1853637695312, 12.923884391784668, 0.0]","[450.3570556640625, 4.5, 0.0]",7.204529724160992,13.864907264709473,-0.36360758854754316,,,0.0,-0.0,0.0,-0.0
69.931708,"[779.32958984375, 12.926651954650879, 0.0]","[450.6270446777344, 4.5, 0.0]",7.197257572390042,13.86388111114502,-0.36360758854749875,,,0.0,-0.0,0.0,-0.0
69.953939,"[779.4736328125, 12.92941665649414, 0.0]","[450.905029296875, 4.5, 0.0]",7.189985421762838,13.876358985900879,-0.3636075313601772,,,0.0,-0.0,0.0,-0.0
69.972512,"[779.6175537109375, 12.932178497314453, 0.0]","[451.1834411621094, 4.5, 0.0]",7.182713269991888,13.875509262084961,-0.36360758854749875,,,0.0,-0.0,0.0,-0.0
69.992259,"[779.7613525390625, 12.934937477111816, 0.0]","[451.46124267578125, 4.5, 0.0]",7.175441118220939,13.887982368469238,-0.36360758854745434,,,0.0,-0.0,0.0,-0.0
70.012186,"[779.9049682617188, 12.93769359588623, 0.0]","[451.738525390625, 4.5, 0.0]",7.168168966449988,13.886799812316896,-0.36360758854754316,,,0.0,-0.0,0.0,-0.0
70.032262,"[780.0484619140625, 12.940447807312012, 0.0]","[452.01580810546875, 4.5, 0.0]",7.160896814679039,13.898253440856934,-0.36360758854745434,,,0.0,-0.0,0.0,-0.0
70.052691,"[780.1917724609375, 12.943199157714844, 0.0]","[452.2978820800781, 4.5, 0.0]",7.153624662908088,13.896454811096191,-0.36360758854754316,,,0.0,-0.0,0.0,-0.0
70.072587,"[780.3349609375, 12.945947647094727, 0.0]","[452.5762634277344, 4.5, 0.0]",7.146352511137139,13.907928466796875,-0.36360758854745434,,,0.0,-0.0,0.0,-0.0
70.092797,"[780.47802734375, 12.94869327545166, 0.0]","[452.850830078125, 4.5, 0.0]",7.139080359366189,13.905999183654785,-0.36360758854749875,,,0.0,-0.0,0.0,-0.0
70.111972,"[780.6209106445312, 12.951436042785645, 0.0]","[453.129150390625, 4.5, 0.0]",7.131808207595239,13.917346954345703,-0.36360758854749875,,,0.0,-0.0,0.0,-0.0
70.133836,"[780.763671875, 12.95417594909668, 0.0]","[453.40704345703125, 4.5, 0.0]",7.124536054108669,13.918402671813965,-0.3636076743285255,,,0.0,-0.0,0.0,-0.0
70.152569,"[780.9063110351562, 12.956912994384766, 0.0]","[453.6857604980469, 4.5, 0.0]",7.117263901193971,13.922804832458496,-0.3636076457348647,,,0.0,-0.0,0.0,-0.0
70.172283,"[781.0487670898438, 12.959647178649902, 0.0]","[453.96905517578125, 4.5, 0.0]",7.109991748279275,13.92728042602539,-0.3636076457348203,,,0.0,-0.0,0.0,-0.0
70.192196,"[781.1911010742188, 12.96237850189209, 0.0]","[454.24310302734375, 4.5, 0.0]",7.102719596508325,13.931609153747559,-0.36360758854749875,,,0.0,-0.0,0.0,-0.0
70.212318,"[781.333251953125, 12.965106964111328, 0.0]","[454.5229187011719, 4.5, 0.0]",7.095447444737375,13.936089515686035,-0.36360758854749875,,,0.0,-0.0,0.0,-0.0
70.231741,"[781.4752807617188, 12.967832565307617, 0.0]","[454.79962158203125, 4.5, 0.0]",7.088175294110171,13.940650939941406,-0.3636075313601772,,,0.0,-0.0,0.0,-0.0
70.252466,"[781.6171875, 12.970555305480957, 0.0]","[455.082763671875, 4.5, 0.0]",7.0809031423392215,13.945320129394531,-0.36360758854749875,,,0.0,-0.0,0.0,-0.0
70.273226,"[781.7589111328125, 12.973275184631348, 0.0]","[455.36474609375, 4.5, 0.0]",7.0736309905682715,13.949969291687012,-0.36360758854749875,,,0.0,-0.0,0.0,-0.0
70.292984,"[781.9005126953125, 12.975992202758789, 0.0]","[455.6387634277344, 4.5, 0.0]",7.0663588387973215,13.954486846923828,-0.36360758854749875,,,0.0,-0.0,0.0,-0.0
70.313214,"[782.0419311523438, 12.978707313537598, 0.0]","[455.9183349609375, 4.5, 0.0]",7.0590866870263715,13.95915699005127,-0.36360758854749875,,,0.0,-0.0,0.0,-0.0
70.331709,"[782.1832275390625, 12.981419563293457, 0.0]","[456.20166015625, 4.5, 0.0]",7.051814534111675,13.964022636413578,-0.3636076457348203,,,0.0,-0.0,0.0,-0.0
70.35314,"[782.3244018554688, 12.984128952026367, 0.0]","[456.48095703125, 4.5, 0.0]",7.044542382626662,13.968819618225098,-0.36360757425066836,,,0.0,-0.0,0.0,-0.0
70.372039,"[782.4653930664062, 12.986835479736328, 0.0]","[456.75457763671875, 4.5, 0.0]",7.037270229711965,13.973520278930664,-0.3636076457348203,,,0.0,-0.0,0.0,-0.0
70.392519,"[782.6062622070312, 12.98953914642334, 0.0]","[457.0343017578125, 4.5, 0.0]",7.029998077369141,13.978324890136719,-0.36360761714120393,,,0.0,-0.0,0.0,-0.0
70.416856,"[782.7470092773438, 12.992239952087402, 0.0]","[457.323486328125, 4.5, 0.0]",7.022725925312255,13.983490943908691,-0.36360760284432914,,,0.0,-0.0,0.0,-0.0
70.431946,"[782.8875732421875, 12.994937896728516, 0.0]","[457.5942687988281, 4.5, 0.0]",7.015453773541305,13.988714218139648,-0.36360758854749875,,,0.0,-0.0,0.0,-0.0
70.455333,"[783.0280151367188, 12.99763298034668, 0.0]","[457.87811279296875, 4.5, 0.0]",7.0081816211984815,13.99418830871582,-0.3636076171411595,,,0.0,-0.0,0.0,-0.0
70.472318,"[783.1682739257812, 13.000325202941895, 0.0]","[458.1552429199219, 4.5, 0.0]",7.000909468283785,13.999533653259277,-0.3636076457348203,,,0.0,-0.0,0.0,-0.0
70.492606,"[783.3084106445312, 13.00301456451416, 0.0]","[458.43524169921875, 4.5, 0.0]",6.993637316512835,14.004934310913086,-0.36360758854749875,,,0.0,-0.0,0.0,-0.0
70.512387,"[783.4484252929688, 13.005701065063477, 0.0]","[458.7155456542969, 4.5, 0.0]",6.98636516359814,14.010584831237795,-0.3636076457347759,,,0.0,-0.0,0.0,-0.0
70.531463,"[783.5882568359375, 13.008384704589844, 0.0]","[458.99468994140625, 4.5, 0.0]",6.979093012970935,14.016754150390625,-0.3636075313602216,,,0.0,-0.0,0.0,-0.0
70.552501,"[783.7279663085938, 13.011065483093262, 0.0]","[459.2774658203125, 4.5, 0.0]",6.971820861199985,14.026336669921875,-0.36360758854749875,,,0.0,-0.0,0.0,-0.0
70.572523,"[783.8674926757812, 13.013744354248047, 0.0]","[459.5606689453125, 4.5, 0.0]",6.964548710572781,14.025927543640137,-0.3636075313602216,,,0.0,-0.0,0.0,-0.0
70.592512,"[784.0068969726562, 13.016420364379883, 0.0]","[459.8396301269531, 4.5, 0.0]",6.957276559945578,14.0387601852417,-0.3636075313601328,,,0.0,-0.0,0.0,-0.0
70.612108,"[784.1461791992188, 13.01909351348877, 0.0]","[460.1181335449219, 4.5, 0.0]",6.950004409318376,14.03848934173584,-0.3636075313600884,,,0.0,-0.0,0.0,-0.0
70.631864,"[784.2852783203125, 13.021763801574707, 0.0]","[460.3974304199219, 4.5, 0.0]",6.942732256975552,14.052109718322754,-0.36360761714120393,,,0.0,-0.0,0.0,-0.0
70.652085,"[784.4242553710938, 13.024431228637695, 0.0]","[460.6831970214844, 4.5, 0.0]",6.935460105204602,14.052555084228517,-0.36360758854749875,,,0.0,-0.0,0.0,-0.0
70.67399,"[784.5631103515625, 13.027095794677734, 0.0]","[460.960693359375, 4.5, 0.0]",6.928187952575842,14.066130638122559,-0.3636076314380343,,,0.0,-0.0,0.0,-0.0
70.695103,"[784.7017822265625, 13.029757499694824, 0.0]","[461.24151611328125, 4.5, 0.0]",6.9209158008048925,14.066452980041504,-0.36360758854745434,,,0.0,-0.0,0.0,-0.0
70.712644,"[784.84033203125, 13.032416343688965, 0.0]","[461.52923583984375, 4.5, 0.0]",6.913643649033943,14.080602645874023,-0.36360758854749875,,,0.0,-0.0,0.0,-0.0
70.73239,"[784.9786987304688, 13.035072326660156, 0.0]","[461.80633544921875, 4.5, 0.0]",6.906371497262993,14.081796646118164,-0.36360758854749875,,,0.0,-0.0,0.0,-0.0
70.751698,"[785.116943359375, 13.037725448608398, 0.0]","[462.0883483886719, 4.5, 0.0]",6.899099344348295,14.096466064453125,-0.3636076457348647,,,0.0,-0.0,0.0,-0.0
70.772504,"[785.2550659179688, 13.040375709533691, 0.0]","[462.3682556152344, 4.5, 0.0]",6.891827191433598,14.097739219665527,-0.3636076457348647,,,0.0,-0.0,0.0,-0.0
70.795841,"[785.3930053710938, 13.043023109436035, 0.0]","[462.6565856933594, 4.5, 0.0]",6.884555039662648,14.112588882446289,-0.36360758854749875,,,0.0,-0.0,0.0,-0.0
70.812075,"[785.5308227539062, 13.04566764831543, 0.0]","[462.9346008300781, 4.5, 0.0]",6.877282887891698,14.11404800415039,-0.36360758854749875,,,0.0,-0.0,0.0,-0.0
70.831493,"[785.6685180664062, 13.048309326171875, 0.0]","[463.21533203125, 4.5, 0.0]",6.870010736120748,14.129451751708984,-0.36360758854749875,,,0.0,-0.0,0.0,-0.0
70.852368,"[785.8060302734375, 13.050949096679688, 0.0]","[463.500732421875, 4.5, 0.0]",6.862738583206051,14.131665229797365,-0.3636076457348647,,,0.0,-0.0,0.0,-0.0
70.871987,"[785.9434204101562, 13.05358600616455, 0.0]","[463.7815856933594, 4.5, 0.0]",6.855466430291354,14.147071838378906,-0.3636076457348203,,,0.0,-0.0,0.0,-0.0
70.892428,"[786.0806274414062, 13.056220054626465, 0.0]","[464.0645446777344, 4.5, 0.0]",6.848194278520404,14.149209022521973,-0.36360758854749875,,,0.0,-0.0,0.0,-0.0
70.912101,"[786.2177124023438, 13.05885124206543, 0.0]","[464.3488464355469, 4.5, 0.0]",6.840922126749454,14.164838790893555,-0.36360758854749875,,,0.0,-0.0,0.0,-0.0
70.931288,"[786.3546752929688, 13.061479568481445, 0.0]","[464.63116455078125, 4.5, 0.0]",6.833649973834758,14.167325973510742,-0.3636076457348203,,,0.0,-0.0,0.0,-0.0
70.952267,"[786.491455078125, 13.064105033874512, 0.0]","[464.9164733886719, 4.5, 0.0]",6.826377822063808,14.183245658874512,-0.36360758854749875,,,0.0,-0.0,0.0,-0.0
70.972235,"[786.6281127929688, 13.066727638244629, 0.0]","[465.2000732421875, 4.5, 0.0]",6.819105670292858,14.185774803161623,-0.36360758854749875,,,0.0,-0.0,0.0,-0.0
70.991906,"[786.7645874023438, 13.069347381591797, 0.0]","[465.4833984375, 4.5, 0.0]",6.8118335196656545,14.201630592346191,-0.3636075313601772,,,0.0,-0.0,0.0,-0.0
71.011179,"[786.9009399414062, 13.071964263916016, 0.0]","[465.7672424316406, 4.5, 0.0]",6.804561367894705,14.204280853271484,-0.36360758854749875,,,0.0,-0.0,0.0,-0.0
71.031714,"[787.0371704101562, 13.074578285217285, 0.0]","[466.05047607421875, 4.5, 0.0]",6.797289216123755,14.220501899719238,-0.36360758854749875,,,0.0,-0.0,0.0,-0.0
71.053037,"[787.1732177734375, 13.077189445495605, 0.0]","[466.3377990722656, 4.5, 0.0]",6.790017064352805,14.226858139038086,-0.36360758854749875,,,0.0,-0.0,0.0,-0.0
71.071993,"[787.3091430664062, 13.079797744750977, 0.0]","[466.6203918457031, 4.5, 0.0]",6.782744913153728,14.23638916015625,-0.363607559953838,,,0.0,-0.0,0.0,-0.0
71.092659,"[787.4449462890625, 13.082403182983398, 0.0]","[466.9098815917969, 4.5, 0.0]",6.775472761382779,14.246152877807617,-0.36360758854745434,,,0.0,-0.0,0.0,-0.0
71.11264,"[787.58056640625, 13.085006713867188, 0.0]","[467.1916809082031, 4.5, 0.0]",6.768200608468081,14.255521774291992,-0.3636076457349091,,,0.0,-0.0,0.0,-0.0
71.132212,"[787.716064453125, 13.087607383728027, 0.0]","[467.47601318359375, 4.5, 0.0]",6.760928454981511,14.26468276977539,-0.36360767432848107,,,0.0,-0.0,0.0,-0.0
71.152387,"[787.8513793945312, 13.090205192565918, 0.0]","[467.7630920410156, 4.5, 0.0]",6.753656303210561,14.273930549621586,-0.36360758854749875,,,0.0,-0.0,0.0,-0.0
71.172211,"[787.986572265625, 13.09280014038086, 0.0]","[468.0477600097656, 4.5, 0.0]",6.746384150867738,14.283101081848145,-0.3636076171411595,,,0.0,-0.0,0.0,-0.0
71.191485,"[788.1216430664062, 13.095392227172852, 0.0]","[468.33709716796875, 4.5, 0.0]",6.739111997953041,14.2924222946167,-0.3636076457348203,,,0.0,-0.0,0.0,-0.0
71.211768,"[788.2565307617188, 13.097981452941895, 0.0]","[468.6257019042969, 4.5, 0.0]",6.731839846182091,14.301445960998535,-0.36360758854749875,,,0.0,-0.0,0.0,-0.0
71.232641,"[788.3912963867188, 13.100567817687988, 0.0]","[468.9049987792969, 4.5, 0.0]",6.724567695554887,14.309635162353517,-0.3636075313602216,,,0.0,-0.0,0.0,-0.0
71.252359,"[788.52587890625, 13.103151321411133, 0.0]","[469.194580078125, 4.5, 0.0]",6.717295544927684,14.318127632141117,-0.3636075313601328,,,0.0,-0.0,0.0,-0.0
71.27211,"[788.6603393554688, 13.105731964111328, 0.0]","[469.47698974609375, 4.5, 0.0]",6.710023393156734,14.326408386230469,-0.36360758854749875,,,0.0,-0.0,0.0,-0.0
71.292357,"[788.794677734375, 13.108309745788574, 0.0]","[469.7698974609375, 4.5, 0.0]",6.702751241385784,14.334997177124023,-0.36360758854749875,,,0.0,-0.0,0.0,-0.0
71.31221,"[788.9288330078125, 13.110884666442871, 0.0]","[470.0520324707031, 4.5, 0.0]",6.695479088471087,14.34289264678955,-0.3636076457348647,,,0.0,-0.0,0.0,-0.0
71.330949,"[789.0628662109375, 13.113456726074219, 0.0]","[470.33721923828125, 4.5, 0.0]",6.688206935842327,14.350041389465332,-0.3636076314379899,,,0.0,-0.0,0.0,-0.0
71.352723,"[789.19677734375, 13.116025924682617, 0.0]","[470.6305236816406, 4.5, 0.0]",6.680934784071377,14.357393264770508,-0.36360758854749875,,,0.0,-0.0,0.0,-0.0
71.372452,"[789.3305053710938, 13.118592262268066, 0.0]","[470.9182434082031, 4.5, 0.0]",6.673662631156681,14.364604949951172,-0.3636076457348203,,,0.0,-0.0,0.0,-0.0
71.392569,"[789.464111328125, 13.121156692504883, 0.0]","[471.2040100097656, 4.5, 0.0]",6.66639047938573,14.3717679977417,-0.36360758854754316,,,0.0,-0.0,0.0,-0.0
71.413021,"[789.5975341796875, 13.12371826171875, 0.0]","[471.488037109375, 4.5, 0.0]",6.659118327614781,14.37826728820801,-0.36360758854745434,,,0.0,-0.0,0.0,-0.0
71.432332,"[789.7308349609375, 13.126276969909668, 0.0]","[471.77410888671875, 4.5, 0.0]",6.651846176987577,14.383435249328613,-0.3636075313601772,,,0.0,-0.0,0.0,-0.0
71.452101,"[789.864013671875, 13.128832817077637, 0.0]","[472.06591796875, 4.5, 0.0]",6.644574025216627,14.38870620727539,-0.36360758854749875,,,0.0,-0.0,0.0,-0.0
71.47245,"[789.9970092773438, 13.131385803222656, 0.0]","[472.3519592285156, 4.5, 0.0]",6.6373018734456775,14.397207260131836,-0.36360758854749875,,,0.0,-0.0,0.0,-0.0
71.491554,"[790.1298828125, 13.133935928344727, 0.0]","[472.6398620605469, 4.5, 0.0]",6.63002972053098,14.39573955535889,-0.3636076457348647,,,0.0,-0.0,0.0,-0.0
71.5123,"[790.2626342773438, 13.136483192443848, 0.0]","[472.9278869628906, 4.5, 0.0]",6.622757567616284,14.407052040100098,-0.3636076457348203,,,0.0,-0.0,0.0,-0.0
71.532709,"[790.3952026367188, 13.13902759552002, 0.0]","[473.21600341796875, 4.5, 0.0]",6.615485414701587,14.40378189086914,-0.3636076457348203,,,0.0,-0.0,0.0,-0.0
71.551932,"[790.5276489257812, 13.141569137573242, 0.0]","[473.5040588378906, 4.5, 0.0]",6.608213263502511,14.413846969604492,-0.363607559953838,,,0.0,-0.0,0.0,-0.0
71.572318,"[790.659912109375, 13.144107818603516, 0.0]","[473.79644775390625, 4.5, 0.0]",6.600941110587814,14.410627365112305,-0.3636076457348203,,,0.0,-0.0,0.0,-0.0
71.59189,"[790.7920532226562, 13.14664363861084, 0.0]","[474.0805969238281, 4.5, 0.0]",6.593668958816864,14.420646667480469,-0.36360758854749875,,,0.0,-0.0,0.0,-0.0
71.612038,"[790.924072265625, 13.149176597595215, 0.0]","[474.369384765625, 4.5, 0.0]",6.586396808189661,14.416641235351562,-0.3636075313601772,,,0.0,-0.0,0.0,-0.0
71.632858,"[791.055908203125, 13.15170669555664, 0.0]","[474.65545654296875, 4.5, 0.0]",6.579124655274964,14.424301147460938,-0.3636076457348203,,,0.0,-0.0,0.0,-0.0
71.653333,"[791.1876220703125, 13.154233932495117, 0.0]","[474.94744873046875, 4.5, 0.0]",6.571852503504014,14.418644905090334,-0.36360758854749875,,,0.0,-0.0,0.0,-0.0
71.672095,"[791.3191528320312, 13.156759262084961, 0.0]","[475.23626708984375, 4.5, 0.0]",6.564580351733063,14.426314353942871,-0.36360758854754316,,,0.0,-0.0,0.0,-0.0
71.69133,"[791.4505615234375, 13.159281730651855, 0.0]","[475.52191162109375, 4.5, 0.0]",6.5573081999621134,14.420636177062988,-0.36360758854749875,,,0.0,-0.0,0.0,-0.0
71.712093,"[791.5818481445312, 13.1618013381958, 0.0]","[475.8111572265625, 4.5, 0.0]",6.5500360481911635,14.427570343017578,-0.36360758854749875,,,0.0,-0.0,0.0,-0.0
71.73149,"[791.7129516601562, 13.164318084716797, 0.0]","[476.0980224609375, 4.5, 0.0]",6.542763895276467,14.419510841369629,-0.3636076457348203,,,0.0,-0.0,0.0,-0.0
71.75214,"[791.8439331054688, 13.166831970214844, 0.0]","[476.3879699707031, 4.5, 0.0]",6.535491743505517,14.424771308898926,-0.36360758854749875,,,0.0,-0.0,0.0,-0.0
71.771542,"[791.9747924804688, 13.169342994689941, 0.0]","[476.6766357421875, 4.5, 0.0]",6.528219590590822,14.416702270507812,-0.3636076457347759,,,0.0,-0.0,0.0,-0.0
71.792112,"[792.10546875, 13.17185115814209, 0.0]","[476.9640197753906, 4.5, 0.0]",6.520947438819871,14.421976089477539,-0.36360758854754316,,,0.0,-0.0,0.0,-0.0
71.812543,"[792.2360229492188, 13.174356460571289, 0.0]","[477.2598571777344, 4.5, 0.0]",6.513675286905952,14.412951469421387,-0.36360759569591394,,,0.0,-0.0,0.0,-0.0
71.831366,"[792.3663940429688, 13.176858901977539, 0.0]","[477.5413513183594, 4.5, 0.0]",6.50640313456313,14.415517807006836,-0.3636076171411151,,,0.0,-0.0,0.0,-0.0
71.852514,"[792.4966430664062, 13.17935848236084, 0.0]","[477.8303527832031, 4.5, 0.0]",6.499130982363274,14.404638290405273,-0.36360760999278874,,,0.0,-0.0,0.0,-0.0
71.871536,"[792.6267700195312, 13.181855201721191, 0.0]","[478.123046875, 4.5, 0.0]",6.4918588315931025,14.4070405960083,-0.3636075385085924,,,0.0,-0.0,0.0,-0.0
71.893512,"[792.7567138671875, 13.184349060058594, 0.0]","[478.41180419921875, 4.5, 0.0]",6.484586681823709,14.396164894104004,-0.36360748846968605,,,0.0,-0.0,0.0,-0.0
71.913331,"[792.8865356445312, 13.186840057373047, 0.0]","[478.6997985839844, 4.5, 0.0]",6.477314530195727,14.397788047790527,-0.36360758139908356,,,0.0,-0.0,0.0,-0.0
71.931627,"[793.0161743164062, 13.189329147338867, 0.0]","[478.97955322265625, 4.5, 0.0]",6.470042377852904,14.384506225585938,-0.3636076171411595,,,0.0,-0.0,0.0,-0.0
71.952528,"[793.1456909179688, 13.191815376281738, 0.0]","[479.2710876464844, 4.5, 0.0]",6.46277022551008,14.384283065795898,-0.36360761714120393,,,0.0,-0.0,0.0,-0.0
71.972434,"[793.2750854492188, 13.19429874420166, 0.0]","[479.5630798339844, 4.5, 0.0]",6.455498072595383,14.374046325683597,-0.3636076457348203,,,0.0,-0.0,0.0,-0.0
71.992749,"[793.404296875, 13.196779251098633, 0.0]","[479.84942626953125, 4.5, 0.0]",6.448225921682243,14.363943099975586,-0.3636075456570076,,,0.0,-0.0,0.0,-0.0
72.012666,"[793.5333862304688, 13.199256896972656, 0.0]","[480.13836669921875, 4.5, 0.0]",6.440953769482388,14.36279296875,-0.36360760999274433,,,0.0,-0.0,0.0,-0.0
72.032171,"[793.662353515625, 13.20173168182373, 0.0]","[480.41949462890625, 4.5, 0.0]",6.433681616996597,14.346519470214844,-0.3636076242895747,,,0.0,-0.0,0.0,-0.0
72.051332,"[793.7911376953125, 13.204203605651855, 0.0]","[480.707763671875, 4.5, 0.0]",6.426409465225646,14.343338012695312,-0.36360758854754316,,,0.0,-0.0,0.0,-0.0
72.07104,"[793.9197998046875, 13.206672668457031, 0.0]","[480.9917297363281, 4.5, 0.0]",6.419137313454697,14.326969146728516,-0.36360758854745434,,,0.0,-0.0,0.0,-0.0
72.093028,"[794.0482788085938, 13.209138870239258, 0.0]","[481.2823181152344, 4.5, 0.0]",6.411865160254064,14.323707580566406,-0.3636076600316507,,,0.0,-0.0,0.0,-0.0
72.112158,"[794.1766357421875, 13.211602210998535, 0.0]","[481.5664978027344, 4.5, 0.0]",6.404593007911241,14.306458473205566,-0.3636076171411595,,,0.0,-0.0,0.0,-0.0
72.131022,"[794.3048706054688, 13.214062690734863, 0.0]","[481.8511657714844, 4.5, 0.0]",6.397320856569195,14.300572395324707,-0.3636075671022976,,,0.0,-0.0,0.0,-0.0
72.15467,"[794.4329223632812, 13.216520309448242, 0.0]","[482.1392822265625, 4.5, 0.0]",6.390048704941213,14.281198501586918,-0.36360758139908356,,,0.0,-0.0,0.0,-0.0
72.171537,"[794.5608520507812, 13.218975067138672, 0.0]","[482.4235534667969, 4.5, 0.0]",6.382776552026517,14.275328636169434,-0.3636076457348203,,,0.0,-0.0,0.0,-0.0
72.192551,"[794.6886596679688, 13.221426963806152, 0.0]","[482.71087646484375, 4.5, 0.0]",6.3755043996836935,14.255990028381348,-0.3636076171411595,,,0.0,-0.0,0.0,-0.0
72.211052,"[794.8162841796875, 13.223876953125, 0.0]","[482.9942321777344, 4.5, 0.0]",6.368232247340871,14.249285697937012,-0.3636076171411151,,,0.0,-0.0,0.0,-0.0
72.231573,"[794.9437866210938, 13.226324081420898, 0.0]","[483.2769470214844, 4.5, 0.0]",6.360960095141016,14.227304458618164,-0.36360760999274433,,,0.0,-0.0,0.0,-0.0
72.25268,"[795.0711059570312, 13.228768348693848, 0.0]","[483.5660400390625, 4.5, 0.0]",6.353687942798193,14.218313217163086,-0.3636076171411595,,,0.0,-0.0,0.0,-0.0
72.272557,"[795.1983032226562, 13.231209754943848, 0.0]","[483.8465270996094, 4.5, 0.0]",6.346415791456148,14.196452140808107,-0.36360756710225317,,,0.0,-0.0,0.0,-0.0
72.291285,"[795.3253784179688, 13.233648300170898, 0.0]","[484.1304931640625, 4.5, 0.0]",6.339143639971134,14.187739372253418,-0.3636075742507128,,,0.0,-0.0,0.0,-0.0
72.314505,"[795.4522705078125, 13.236083984375, 0.0]","[484.4184875488281, 4.5, 0.0]",6.331871486484565,14.164616584777832,-0.36360767432843666,,,0.0,-0.0,0.0,-0.0
72.332211,"[795.5790405273438, 13.238516807556152, 0.0]","[484.6983947753906, 4.5, 0.0]",6.324599334141743,14.153459548950195,-0.3636076171411151,,,0.0,-0.0,0.0,-0.0
72.352172,"[795.7056274414062, 13.240946769714355, 0.0]","[484.9820861816406, 4.5, 0.0]",6.317327182942664,14.1287260055542,-0.3636075599539268,,,0.0,-0.0,0.0,-0.0
72.371944,"[795.8320922851562, 13.24337387084961, 0.0]","[485.2619934082031, 4.5, 0.0]",6.310055031314683,14.117566108703613,-0.36360758139908356,,,0.0,-0.0,0.0,-0.0
72.392512,"[795.9584350585938, 13.245798110961914, 0.0]","[485.5461120605469, 4.5, 0.0]",6.302782880401542,14.096138954162598,-0.3636075456570076,,,0.0,-0.0,0.0,-0.0
72.41198,"[796.0845947265625, 13.24821949005127, 0.0]","[485.82830810546875, 4.5, 0.0]",6.295510728630592,14.077452659606934,-0.36360758854754316,,,0.0,-0.0,0.0,-0.0
72.432245,"[796.2106323242188, 13.250638008117676, 0.0]","[486.1132507324219, 4.5, 0.0]",6.288238577431515,14.056949615478516,-0.363607559953838,,,0.0,-0.0,0.0,-0.0
72.451489,"[796.3365478515625, 13.253053665161133, 0.0]","[486.3902893066406, 4.5, 0.0]",6.280966425374628,14.037015914916992,-0.36360760284432914,,,0.0,-0.0,0.0,-0.0
72.472489,"[796.4622802734375, 13.255467414855957, 0.0]","[486.6756286621094, 4.5, 0.0]",6.273694273603678,14.016484260559082,-0.36360758854749875,,,0.0,-0.0,0.0,-0.0
72.491518,"[796.587890625, 13.257878303527832, 0.0]","[486.9493408203125, 4.5, 0.0]",6.266422121832728,13.99678897857666,-0.36360758854749875,,,0.0,-0.0,0.0,-0.0
72.512111,"[796.7133178710938, 13.260286331176758, 0.0]","[487.2315368652344, 4.5, 0.0]",6.259149969203968,13.975818634033203,-0.3636076314380343,,,0.0,-0.0,0.0,-0.0
72.53211,"[796.838623046875, 13.262691497802734, 0.0]","[487.5147399902344, 4.5, 0.0]",6.251877816289272,13.953251838684082,-0.3636076457347759,,,0.0,-0.0,0.0,-0.0
72.552592,"[796.9638061523438, 13.265093803405762, 0.0]","[487.794921875, 4.5, 0.0]",6.244605663946449,13.930928230285645,-0.3636076171411595,,,0.0,-0.0,0.0,-0.0
72.572079,"[797.0888061523438, 13.26749324798584, 0.0]","[488.0682373046875, 4.5, 0.0]",6.2373335124614355,13.909149169921875,-0.36360757425066836,,,0.0,-0.0,0.0,-0.0
72.591606,"[797.2136840820312, 13.269889831542969, 0.0]","[488.345947265625, 4.5, 0.0]",6.230061361262358,13.887022018432617,-0.3636075599538824,,,0.0,-0.0,0.0,-0.0
72.611241,"[797.33837890625, 13.272283554077148, 0.0]","[488.62335205078125, 4.5, 0.0]",6.222789208919535,13.86430835723877,-0.3636076171411595,,,0.0,-0.0,0.0,-0.0
72.631598,"[797.4629516601562, 13.274674415588379, 0.0]","[488.898193359375, 4.5, 0.0]",6.215517056576712,13.840436935424805,-0.3636076171411151,,,0.0,-0.0,0.0,-0.0
72.653766,"[797.58740234375, 13.27706241607666, 0.0]","[489.17901611328125, 4.5, 0.0]",6.20824490494873,13.81604290008545,-0.36360758139912797,,,0.0,-0.0,0.0,-0.0
72.672849,"[797.711669921875, 13.279447555541992, 0.0]","[489.4577331542969, 4.5, 0.0]",6.2009727534637165,13.791831970214844,-0.36360757425066836,,,0.0,-0.0,0.0,-0.0
72.69204,"[797.8358154296875, 13.281829833984375, 0.0]","[489.7275390625, 4.5, 0.0]",6.193700601835735,13.76839828491211,-0.36360758139908356,,,0.0,-0.0,0.0,-0.0
72.711508,"[797.9598388671875, 13.284209251403809, 0.0]","[490.006103515625, 4.5, 0.0]",6.18642844963588,13.743695259094238,-0.36360760999274433,,,0.0,-0.0,0.0,-0.0
72.732238,"[798.0836791992188, 13.286585807800293, 0.0]","[490.27789306640625, 4.5, 0.0]",6.179156298007898,13.718482971191406,-0.36360758139908356,,,0.0,-0.0,0.0,-0.0
72.752387,"[798.2073974609375, 13.288960456848145, 0.0]","[490.5523376464844, 4.5, 0.0]",6.171884146522885,13.69302749633789,-0.36360757425066836,,,0.0,-0.0,0.0,-0.0
72.772116,"[798.3309326171875, 13.291332244873047, 0.0]","[490.8242492675781, 4.5, 0.0]",6.164611994180061,13.667805671691896,-0.36360761714120393,,,0.0,-0.0,0.0,-0.0
72.793058,"[798.454345703125, 13.293701171875, 0.0]","[491.0994567871094, 4.5, 0.0]",6.157339841265365,13.642277717590332,-0.3636076457347759,,,0.0,-0.0,0.0,-0.0
72.811922,"[798.57763671875, 13.296067237854004, 0.0]","[491.3729248046875, 4.5, 0.0]",6.150067688350669,13.619738578796387,-0.3636076457348203,,,0.0,-0.0,0.0,-0.0
72.831154,"[798.7007446289062, 13.298430442810059, 0.0]","[491.6424255371094, 4.5, 0.0]",6.142795536007847,13.586441040039062,-0.3636076171411151,,,0.0,-0.0,0.0,-0.0
72.853637,"[798.82373046875, 13.300790786743164, 0.0]","[491.9155578613281, 4.5, 0.0]",6.135523383665023,13.566120147705078,-0.3636076171411595,,,0.0,-0.0,0.0,-0.0
72.871421,"[798.9465942382812, 13.30314826965332, 0.0]","[492.1859436035156, 4.5, 0.0]",6.1282512313222,13.532732963562012,-0.3636076171411595,,,0.0,-0.0,0.0,-0.0
72.892015,"[799.0692749023438, 13.305502891540527, 0.0]","[492.45703125, 4.5, 0.0]",6.120979079837186,13.512615203857422,-0.3636075742507128,,,0.0,-0.0,0.0,-0.0
72.912264,"[799.1918334960938, 13.307854652404785, 0.0]","[492.7285461425781, 4.5, 0.0]",6.113706928638109,13.478597640991211,-0.363607559953838,,,0.0,-0.0,0.0,-0.0
72.931862,"[799.314208984375, 13.310203552246094, 0.0]","[492.99676513671875, 4.5, 0.0]",6.106434778296841,13.457093238830566,-0.36360751706339123,,,0.0,-0.0,0.0,-0.0
72.952119,"[799.4364624023438, 13.312549591064453, 0.0]","[493.2655029296875, 4.5, 0.0]",6.099162626811828,13.422196388244629,-0.36360757425066836,,,0.0,-0.0,0.0,-0.0
72.971022,"[799.55859375, 13.314892768859863, 0.0]","[493.531982421875, 4.5, 0.0]",6.0918904747549405,13.400874137878418,-0.36360760284437355,,,0.0,-0.0,0.0,-0.0
72.992859,"[799.6805419921875, 13.317233085632324, 0.0]","[493.80230712890625, 4.5, 0.0]",6.084618322269149,13.365813255310059,-0.3636076242895747,,,0.0,-0.0,0.0,-0.0
73.013002,"[799.8023681640625, 13.319570541381836, 0.0]","[494.0746765136719, 4.5, 0.0]",6.077346169926326,13.343311309814453,-0.3636076171411595,,,0.0,-0.0,0.0,-0.0
73.031425,"[799.9240112304688, 13.321906089782715, 0.0]","[494.3384094238281, 4.5, 0.0]",6.070074017726471,13.307249069213867,-0.36360760999274433,,,0.0,-0.0,0.0,-0.0
73.052452,"[800.0455322265625, 13.324238777160645, 0.0]","[494.6048889160156, 4.5, 0.0]",6.062801865383649,13.284217834472656,-0.3636076171411151,,,0.0,-0.0,0.0,-0.0
73.073341,"[800.1669311523438, 13.326568603515625, 0.0]","[494.86614990234375, 4.5, 0.0]",6.055529713183794,13.248432159423828,-0.36360760999274433,,,0.0,-0.0,0.0,-0.0
73.093047,"[800.2881469726562, 13.328895568847656, 0.0]","[495.1355895996094, 4.5, 0.0]",6.0482575608409705,13.225069999694824,-0.3636076171411595,,,0.0,-0.0,0.0,-0.0
73.112599,"[800.4092407226562, 13.331219673156738, 0.0]","[495.40234375, 4.5, 0.0]",6.040985408498147,13.188229560852053,-0.3636076171411595,,,0.0,-0.0,0.0,-0.0
73.132909,"[800.5302124023438, 13.333540916442871, 0.0]","[495.6630859375, 4.5, 0.0]",6.033713256727197,13.164511680603027,-0.36360758854749875,,,0.0,-0.0,0.0,-0.0
73.152356,"[800.6510009765625, 13.335859298706055, 0.0]","[495.922607421875, 4.5, 0.0]",6.026441104956247,13.127598762512207,-0.36360758854749875,,,0.0,-0.0,0.0,-0.0
73.172034,"[800.7716674804688, 13.338174819946289, 0.0]","[496.1835632324219, 4.5, 0.0]",6.019168953471233,13.103852272033691,-0.3636075742507128,,,0.0,-0.0,0.0,-0.0
73.193502,"[800.8921508789062, 13.340487480163574, 0.0]","[496.44598388671875, 4.5, 0.0]",6.01189680112841,13.066604614257812,-0.3636076171411595,,,0.0,-0.0,0.0,-0.0
73.211159,"[801.0125122070312, 13.34279727935791, 0.0]","[496.7078857421875, 4.5, 0.0]",6.00462464935746,13.042271614074707,-0.36360758854749875,,,0.0,-0.0,0.0,-0.0
73.232026,"[801.1327514648438, 13.345104217529297, 0.0]","[496.96697998046875, 4.5, 0.0]",5.99735249758651,13.00384521484375,-0.36360758854749875,,,0.0,-0.0,0.0,-0.0
73.251792,"[801.2528076171875, 13.347408294677734, 0.0]","[497.2259521484375, 4.5, 0.0]",5.990080345243687,12.978772163391113,-0.3636076171411595,,,0.0,-0.0,0.0,-0.0
73.27222,"[801.3727416992188, 13.349709510803223, 0.0]","[497.4856262207031, 4.5, 0.0]",5.9828081933297685,12.940279006958008,-0.36360759569591394,,,0.0,-0.0,0.0,-0.0
73.292111,"[801.4924926757812, 13.352008819580078, 0.0]","[497.7452087402344, 4.5, 0.0]",5.9755360424166275,12.915131568908691,-0.363607545657052,,,0.0,-0.0,0.0,-0.0
73.31261,"[801.6121215820312, 13.354305267333984, 0.0]","[498.005126953125, 4.5, 0.0]",5.9682638896449,12.876297950744629,-0.3636076385863607,,,0.0,-0.0,0.0,-0.0
73.332619,"[801.7316284179688, 13.356598854064941, 0.0]","[498.25927734375, 4.5, 0.0]",5.960991737588013,12.85082721710205,-0.36360760284437355,,,0.0,-0.0,0.0,-0.0
73.353565,"[801.8509521484375, 13.35888957977295, 0.0]","[498.5180969238281, 4.5, 0.0]",5.953719585531126,12.81476879119873,-0.36360760284432914,,,0.0,-0.0,0.0,-0.0
73.371353,"[801.9701538085938, 13.361177444458008, 0.0]","[498.7729187011719, 4.5, 0.0]",5.946447433188304,12.782546997070312,-0.3636076171411151,,,0.0,-0.0,0.0,-0.0
73.391639,"[802.0892333984375, 13.363462448120117, 0.0]","[499.0287170410156, 4.5, 0.0]",5.939175280845481,12.750203132629395,-0.3636076171411595,,,0.0,-0.0,0.0,-0.0
73.411969,"[802.2081298828125, 13.365744590759277, 0.0]","[499.28424072265625, 4.5, 0.0]",5.9319031289315625,12.717646598815918,-0.36360759569591394,,,0.0,-0.0,0.0,-0.0
73.431231,"[802.326904296875, 13.368023872375488, 0.0]","[499.5364074707031, 4.5, 0.0]",5.9246309771606125,12.68494987487793,-0.36360758854749875,,,0.0,-0.0,0.0,-0.0
73.452526,"[802.4454956054688, 13.37030029296875, 0.0]","[499.7905578613281, 4.5, 0.0]",5.9173588253896625,12.651998519897463,-0.36360758854749875,,,0.0,-0.0,0.0,-0.0
73.471923,"[802.56396484375, 13.372573852539062, 0.0]","[500.0426330566406, 4.5, 0.0]",5.910086673618712,12.619315147399902,-0.36360758854754316,,,0.0,-0.0,0.0,-0.0
73.493263,"[802.6823120117188, 13.374844551086426, 0.0]","[500.2989807128906, 4.5, 0.0]",5.902814521847762,12.586081504821777,-0.36360758854749875,,,0.0,-0.0,0.0,-0.0
73.51143,"[802.8004760742188, 13.37711238861084, 0.0]","[500.5491027832031, 4.5, 0.0]",5.895542370076811,12.553333282470703,-0.36360758854754316,,,0.0,-0.0,0.0,-0.0
73.531739,"[802.9185180664062, 13.379377365112305, 0.0]","[500.7973327636719, 4.5, 0.0]",5.888270218877734,12.520125389099121,-0.363607559953838,,,0.0,-0.0,0.0,-0.0
73.553268,"[803.036376953125, 13.38163948059082, 0.0]","[501.0500793457031, 4.5, 0.0]",5.880998068536467,12.486313819885254,-0.3636075170633468,,,0.0,-0.0,0.0,-0.0
73.573168,"[803.1541137695312, 13.383899688720703, 0.0]","[501.29705810546875, 4.5, 0.0]",5.873725916765517,12.453274726867678,-0.36360758854749875,,,0.0,-0.0,0.0,-0.0
73.592225,"[803.271728515625, 13.386157035827637, 0.0]","[501.5470275878906, 4.5, 0.0]",5.866453764422694,12.419835090637207,-0.3636076171411595,,,0.0,-0.0,0.0,-0.0
73.613012,"[803.38916015625, 13.388411521911621, 0.0]","[501.797607421875, 4.5, 0.0]",5.859181613223617,12.38616943359375,-0.363607559953838,,,0.0,-0.0,0.0,-0.0
73.631709,"[803.5064697265625, 13.390663146972656, 0.0]","[502.04205322265625, 4.5, 0.0]",5.851909461738605,12.353028297424316,-0.36360757425062395,,,0.0,-0.0,0.0,-0.0
73.651343,"[803.6236572265625, 13.392911911010742, 0.0]","[502.2903747558594, 4.5, 0.0]",5.844637308680939,12.319356918334961,-0.3636076528832799,,,0.0,-0.0,0.0,-0.0
73.672267,"[803.7406616210938, 13.395157814025879, 0.0]","[502.53411865234375, 4.5, 0.0]",5.837365155766242,12.286308288574219,-0.3636076457348647,,,0.0,-0.0,0.0,-0.0
73.691371,"[803.8575439453125, 13.397400856018066, 0.0]","[502.78045654296875, 4.5, 0.0]",5.830093003423419,12.252906799316406,-0.3636076171411595,,,0.0,-0.0,0.0,-0.0
73.712995,"[803.9742431640625, 13.399641036987305, 0.0]","[503.0284118652344, 4.5, 0.0]",5.8228208515095,12.219207763671877,-0.36360759569591394,,,0.0,-0.0,0.0,-0.0
73.731381,"[804.0908203125, 13.401878356933594, 0.0]","[503.2690124511719, 4.5, 0.0]",5.815548699166677,12.186333656311035,-0.3636076171411595,,,0.0,-0.0,0.0,-0.0
73.75248,"[804.207275390625, 13.404112815856934, 0.0]","[503.512451171875, 4.5, 0.0]",5.808276546823855,12.153074264526369,-0.3636076171411151,,,0.0,-0.0,0.0,-0.0
73.772575,"[804.3235473632812, 13.406344413757324, 0.0]","[503.7547302246094, 4.5, 0.0]",5.801004394481032,12.123309135437012,-0.3636076171411595,,,0.0,-0.0,0.0,-0.0
73.791753,"[804.439697265625, 13.408573150634766, 0.0]","[503.9969482421875, 4.5, 0.0]",5.793732242710081,12.083548545837404,-0.36360758854754316,,,0.0,-0.0,0.0,-0.0
73.815564,"[804.5557250976562, 13.410799026489258, 0.0]","[504.24310302734375, 4.5, 0.0]",5.786460090939131,12.056503295898438,-0.36360758854749875,,,0.0,-0.0,0.0,-0.0
73.83212,"[804.6715698242188, 13.413022994995117, 0.0]","[504.47955322265625, 4.5, 0.0]",5.779187938024435,12.017282485961914,-0.3636076457347759,,,0.0,-0.0,0.0,-0.0
73.852555,"[804.7872924804688, 13.415244102478027, 0.0]","[504.7232971191406, 4.5, 0.0]",5.771915786253485,11.990388870239258,-0.36360758854749875,,,0.0,-0.0,0.0,-0.0
73.873977,"[804.90283203125, 13.417462348937988, 0.0]","[504.9609069824219, 4.5, 0.0]",5.7646436344825345,11.951008796691895,-0.36360758854754316,,,0.0,-0.0,0.0,-0.0
73.891499,"[805.0182495117188, 13.419677734375, 0.0]","[505.19830322265625, 4.5, 0.0]",5.757371482997521,11.924993515014648,-0.36360757425066836,,,0.0,-0.0,0.0,-0.0
73.912272,"[805.133544921875, 13.421890258789062, 0.0]","[505.43878173828125, 4.5, 0.0]",5.750099330797666,11.885324478149414,-0.36360760999274433,,,0.0,-0.0,0.0,-0.0
73.932192,"[805.2486572265625, 13.424099922180176, 0.0]","[505.6739807128906, 4.5, 0.0]",5.742827178025939,11.859959602355957,-0.3636076385863607,,,0.0,-0.0,0.0,-0.0
73.952606,"[805.3636474609375, 13.42630672454834, 0.0]","[505.9148864746094, 4.5, 0.0]",5.735555026826861,11.820483207702637,-0.3636075599538824,,,0.0,-0.0,0.0,-0.0
73.97205,"[805.4784545898438, 13.428510665893555, 0.0]","[506.1469421386719, 4.5, 0.0]",5.728282876342625,11.795546531677246,-0.3636075242118064,,,0.0,-0.0,0.0,-0.0
73.99216,"[805.5931396484375, 13.43071174621582, 0.0]","[506.3837585449219, 4.5, 0.0]",5.721010724571675,11.75662612915039,-0.36360758854749875,,,0.0,-0.0,0.0,-0.0
74.01212,"[805.7077026367188, 13.432909965515137, 0.0]","[506.6204833984375, 4.5, 0.0]",5.713738572228852,11.731231689453125,-0.3636076171411595,,,0.0,-0.0,0.0,-0.0
74.031534,"[805.8220825195312, 13.435105323791504, 0.0]","[506.8511657714844, 4.5, 0.0]",5.706466419886029,11.693708419799805,-0.3636076171411595,,,0.0,-0.0,0.0,-0.0
74.052844,"[805.9363403320312, 13.437297821044922, 0.0]","[507.0859680175781, 4.5, 0.0]",5.699194267543205,11.668970108032227,-0.36360761714120393,,,0.0,-0.0,0.0,-0.0
74.073849,"[806.0504760742188, 13.43948745727539, 0.0]","[507.31878662109375, 4.5, 0.0]",5.6919221152003825,11.631163597106934,-0.3636076171411151,,,0.0,-0.0,0.0,-0.0
74.093984,"[806.1644287109375, 13.44167423248291, 0.0]","[507.5570068359375, 4.5, 0.0]",5.684649963715368,11.605968475341797,-0.3636075742507128,,,0.0,-0.0,0.0,-0.0
74.11275,"[806.2782592773438, 13.443859100341797, 0.0]","[507.7843322753906, 4.5, 0.0]",5.677377811658482,11.569194793701174,-0.36360760284432914,,,0.0,-0.0,0.0,-0.0
74.131397,"[806.3919067382812, 13.446041107177734, 0.0]","[508.0138854980469, 4.5, 0.0]",5.670105659315659,11.546148300170898,-0.3636076171411151,,,0.0,-0.0,0.0,-0.0
74.152422,"[806.5054321289062, 13.448220252990723, 0.0]","[508.24493408203125, 4.5, 0.0]",5.662833506972836,11.509572982788086,-0.3636076171411595,,,0.0,-0.0,0.0,-0.0
74.17116,"[806.6188354492188, 13.450396537780762, 0.0]","[508.47418212890625, 4.5, 0.0]",5.655561355201886,11.486565589904785,-0.36360758854749875,,,0.0,-0.0,0.0,-0.0
74.192901,"[806.7320556640625, 13.452569961547852, 0.0]","[508.70904541015625, 4.5, 0.0]",5.648289203287968,11.449496269226074,-0.36360759569591394,,,0.0,-0.0,0.0,-0.0
74.211345,"[806.8451538085938, 13.454740524291992, 0.0]","[508.9386291503906, 4.5, 0.0]",5.641017050945145,11.426840782165527,-0.3636076171411595,,,0.0,-0.0,0.0,-0.0
74.232053,"[806.9580688476562, 13.456908226013184, 0.0]","[509.1605529785156, 4.5, 0.0]",5.633744899174195,11.392641067504883,-0.36360758854749875,,,0.0,-0.0,0.0,-0.0
74.252125,"[807.0708618164062, 13.459073066711426, 0.0]","[509.38970947265625, 4.5, 0.0]",5.626472747403244,11.370881080627441,-0.36360758854754316,,,0.0,-0.0,0.0,-0.0
74.272011,"[807.1835327148438, 13.461235046386719, 0.0]","[509.6162414550781, 4.5, 0.0]",5.619200595203389,11.339442253112793,-0.36360760999274433,,,0.0,-0.0,0.0,-0.0
74.292253,"[807.2960205078125, 13.463394165039062, 0.0]","[509.842529296875, 4.5, 0.0]",5.611928443432439,11.311371803283691,-0.36360758854749875,,,0.0,-0.0,0.0,-0.0
74.3125,"[807.4083862304688, 13.465550422668457, 0.0]","[510.0700378417969, 4.5, 0.0]",5.604656292233362,11.283653259277344,-0.363607559953838,,,0.0,-0.0,0.0,-0.0
74.332917,"[807.5206298828125, 13.467703819274902, 0.0]","[510.2946472167969, 4.5, 0.0]",5.597384141606158,11.257452964782715,-0.3636075313602216,,,0.0,-0.0,0.0,-0.0
74.352614,"[807.6326904296875, 13.469854354858398, 0.0]","[510.520263671875, 4.5, 0.0]",5.590111989549271,11.231133460998535,-0.36360760284432914,,,0.0,-0.0,0.0,-0.0
74.372303,"[807.74462890625, 13.472002029418945, 0.0]","[510.7441711425781, 4.5, 0.0]",5.582839837635353,11.205012321472168,-0.36360759569591394,,,0.0,-0.0,0.0,-0.0
74.391808,"[807.8563842773438, 13.47414779663086, 0.0]","[510.96807861328125, 4.5, 0.0]",5.575567686007371,11.1788911819458,-0.36360758139908356,,,0.0,-0.0,0.0,-0.0
74.412887,"[807.968017578125, 13.476290702819824, 0.0]","[511.1937255859375, 4.5, 0.0]",5.568295532949707,11.15303897857666,-0.3636076528832355,,,0.0,-0.0,0.0,-0.0
74.43178,"[808.0795288085938, 13.47843074798584, 0.0]","[511.41741943359375, 4.5, 0.0]",5.561023379892042,11.128459930419924,-0.3636076528832355,,,0.0,-0.0,0.0,-0.0
74.456774,"[808.1908569335938, 13.480567932128906, 0.0]","[511.6404113769531, 4.5, 0.0]",5.553751228692965,11.103957176208496,-0.363607559953838,,,0.0,-0.0,0.0,-0.0
74.472742,"[808.3020629882812, 13.482702255249023, 0.0]","[511.85821533203125, 4.5, 0.0]",5.546479076922015,11.0800199508667,-0.36360758854749875,,,0.0,-0.0,0.0,-0.0
74.493596,"[808.4131469726562, 13.484833717346191, 0.0]","[512.0847778320312, 4.5, 0.0]",5.539206925437002,11.055127143859863,-0.36360757425066836,,,0.0,-0.0,0.0,-0.0
74.511182,"[808.5240478515625, 13.48696231842041, 0.0]","[512.3026123046875, 4.5, 0.0]",5.531934773666052,11.031793594360352,-0.36360758854749875,,,0.0,-0.0,0.0,-0.0
74.532304,"[808.6348266601562, 13.48908805847168, 0.0]","[512.5216064453125, 4.5, 0.0]",5.524662622466975,11.009671211242676,-0.363607559953838,,,0.0,-0.0,0.0,-0.0
74.553048,"[808.7454223632812, 13.4912109375, 0.0]","[512.7420043945312, 4.5, 0.0]",5.517390469552279,10.987399101257324,-0.3636076457348203,,,0.0,-0.0,0.0,-0.0
74.571976,"[808.8558959960938, 13.493330955505371, 0.0]","[512.9605712890625, 4.5, 0.0]",5.510118317352423,10.965322494506836,-0.36360760999278874,,,0.0,-0.0,0.0,-0.0
74.59215,"[808.9662475585938, 13.495448112487793, 0.0]","[513.1846313476562, 4.5, 0.0]",5.5028461650096,10.942684173583984,-0.3636076171411595,,,0.0,-0.0,0.0,-0.0
74.613104,"[809.076416015625, 13.497562408447266, 0.0]","[513.4004516601562, 4.5, 0.0]",5.495574011523031,10.921367645263672,-0.36360767432843666,,,0.0,-0.0,0.0,-0.0
74.633074,"[809.1864624023438, 13.499673843383789, 0.0]","[513.6170654296875, 4.5, 0.0]",5.488301859180209,10.901061058044434,-0.3636076171411151,,,0.0,-0.0,0.0,-0.0
74.653149,"[809.2963256835938, 13.50178337097168, 0.0]","[513.838134765625, 4.5, 0.0]",5.481029706837385,10.880332946777344,-0.3636076171411595,,,0.0,-0.0,0.0,-0.0
74.672435,"[809.4060668945312, 13.503890037536621, 0.0]","[514.0516357421875, 4.5, 0.0]",5.473757554494563,10.86031723022461,-0.3636076171411151,,,0.0,-0.0,0.0,-0.0
74.69285,"[809.5156860351562, 13.505993843078613, 0.0]","[514.2738037109375, 4.5, 0.0]",5.46648540215174,10.842822074890137,-0.3636076171411595,,,0.0,-0.0,0.0,-0.0
74.71276,"[809.6251220703125, 13.508094787597656, 0.0]","[514.488037109375, 4.5, 0.0]",5.45921325038079,10.816571235656738,-0.36360758854749875,,,0.0,-0.0,0.0,-0.0
74.731602,"[809.7344360351562, 13.51019287109375, 0.0]","[514.7028198242188, 4.5, 0.0]",5.451941098609839,10.804713249206543,-0.36360758854754316,,,0.0,-0.0,0.0,-0.0
74.752264,"[809.8436279296875, 13.512288093566895, 0.0]","[514.9190063476562, 4.5, 0.0]",5.4446689474107615,10.779402732849123,-0.3636075599538824,,,0.0,-0.0,0.0,-0.0
74.772697,"[809.95263671875, 13.51438045501709, 0.0]","[515.1337890625, 4.5, 0.0]",5.43739679649762,10.767541885375977,-0.363607545657052,,,0.0,-0.0,0.0,-0.0
74.79225,"[810.0615234375, 13.516469955444336, 0.0]","[515.3492431640625, 4.5, 0.0]",5.430124645441511,10.742290496826172,-0.3636075528054672,,,0.0,-0.0,0.0,-0.0
74.812157,"[810.1702270507812, 13.518556594848633, 0.0]","[515.566162109375, 4.5, 0.0]",5.422852493670561,10.730700492858887,-0.36360758854749875,,,0.0,-0.0,0.0,-0.0
74.832325,"[810.27880859375, 13.52064037322998, 0.0]","[515.7791137695312, 4.5, 0.0]",5.415580341470706,10.707108497619629,-0.36360760999274433,,,0.0,-0.0,0.0,-0.0
74.852604,"[810.3872680664062, 13.522721290588379, 0.0]","[515.9930419921875, 4.5, 0.0]",5.408308189556788,10.696770668029785,-0.36360759569591394,,,0.0,-0.0,0.0,-0.0
74.873075,"[810.4955444335938, 13.524799346923828, 0.0]","[516.2061767578125, 4.5, 0.0]",5.401036038071775,10.673162460327148,-0.36360757425066836,,,0.0,-0.0,0.0,-0.0
74.892681,"[810.6036987304688, 13.526874542236328, 0.0]","[516.4202880859375, 4.5, 0.0]",5.393763885728951,10.662808418273926,-0.3636076171411595,,,0.0,-0.0,0.0,-0.0
74.912122,"[810.711669921875, 13.528946876525879, 0.0]","[516.6346435546875, 4.5, 0.0]",5.386491733386128,10.639374732971191,-0.3636076171411595,,,0.0,-0.0,0.0,-0.0
74.932421,"[810.8195190429688, 13.531017303466797, 0.0]","[516.845458984375, 4.5, 0.0]",5.379219581615178,10.630147933959961,-0.36360758854749875,,,0.0,-0.0,0.0,-0.0
74.952918,"[810.92724609375, 13.533084869384766, 0.0]","[517.0606689453125, 4.5, 0.0]",5.371947429272355,10.607250213623049,-0.3636076171411595,,,0.0,-0.0,0.0,-0.0
74.972817,"[811.0347900390625, 13.535149574279785, 0.0]","[517.2744140625, 4.5, 0.0]",5.364675276929532,10.597805976867676,-0.3636076171411595,,,0.0,-0.0,0.0,-0.0
74.992829,"[811.1422119140625, 13.537211418151855, 0.0]","[517.4823608398438, 4.5, 0.0]",5.357403125730454,10.575461387634277,-0.3636075599538824,,,0.0,-0.0,0.0,-0.0
75.013043,"[811.24951171875, 13.539270401000977, 0.0]","[517.6947631835938, 4.5, 0.0]",5.350130974531377,10.566447257995605,-0.363607559953838,,,0.0,-0.0,0.0,-0.0
75.032254,"[811.3566284179688, 13.541326522827148, 0.0]","[517.9042358398438, 4.5, 0.0]",5.342858822188554,10.545064926147461,-0.3636076171411595,,,0.0,-0.0,0.0,-0.0
75.052397,"[811.463623046875, 13.543379783630371, 0.0]","[518.1165161132812, 4.5, 0.0]",5.335586669273858,10.536820411682129,-0.3636076457348203,,,0.0,-0.0,0.0,-0.0
75.072399,"[811.5704345703125, 13.545430183410645, 0.0]","[518.3274536132812, 4.5, 0.0]",5.328314516788067,10.515335083007814,-0.3636076242895303,,,0.0,-0.0,0.0,-0.0
75.091873,"[811.6771240234375, 13.547477722167969, 0.0]","[518.5372314453125, 4.5, 0.0]",5.321042365446021,10.507266998291016,-0.3636075671022976,,,0.0,-0.0,0.0,-0.0
75.112593,"[811.78369140625, 13.549522399902344, 0.0]","[518.7493286132812, 4.5, 0.0]",5.313770213246166,10.485855102539062,-0.36360760999274433,,,0.0,-0.0,0.0,-0.0
75.13217,"[811.8900756835938, 13.55156421661377, 0.0]","[518.9575805664062, 4.5, 0.0]",5.306498061904121,10.47839069366455,-0.36360756710225317,,,0.0,-0.0,0.0,-0.0
75.152387,"[811.996337890625, 13.553603172302246, 0.0]","[519.1668090820312, 4.5, 0.0]",5.299225910419108,10.457520484924318,-0.36360757425066836,,,0.0,-0.0,0.0,-0.0
75.171794,"[812.1024780273438, 13.555639266967773, 0.0]","[519.3748779296875, 4.5, 0.0]",5.291953758076285,10.450068473815918,-0.3636076171411595,,,0.0,-0.0,0.0,-0.0
75.192233,"[812.2084350585938, 13.557673454284668, 0.0]","[519.5833740234375, 4.5, 0.0]",5.284681605876429,10.432585716247559,-0.36360760999278874,,,0.0,-0.0,0.0,-0.0
75.212807,"[812.3142700195312, 13.559704780578613, 0.0]","[519.7943725585938, 4.5, 0.0]",5.277409454105479,10.418298721313477,-0.36360758854749875,,,0.0,-0.0,0.0,-0.0
75.231575,"[812.419921875, 13.56173324584961, 0.0]","[520.000732421875, 4.5, 0.0]",5.270137302620466,10.404393196105957,-0.36360757425066836,,,0.0,-0.0,0.0,-0.0
75.253294,"[812.5254516601562, 13.563758850097656, 0.0]","[520.2092895507812, 4.5, 0.0]",5.262865151421389,10.39034652709961,-0.363607559953838,,,0.0,-0.0,0.0,-0.0
75.272206,"[812.630859375, 13.565781593322754, 0.0]","[520.417236328125, 4.5, 0.0]",5.255592999650439,10.376336097717285,-0.36360758854749875,,,0.0,-0.0,0.0,-0.0
75.293054,"[812.736083984375, 13.567801475524902, 0.0]","[520.6243286132812, 4.5, 0.0]",5.248320847307616,10.362383842468262,-0.3636076171411595,,,0.0,-0.0,0.0,-0.0
75.312929,"[812.8411865234375, 13.569818496704102, 0.0]","[520.83251953125, 4.5, 0.0]",5.241048695536666,10.348394393920898,-0.36360758854749875,,,0.0,-0.0,0.0,-0.0
75.330641,"[812.9461059570312, 13.571832656860352, 0.0]","[521.037109375, 4.5, 0.0]",5.233776543765716,10.334716796875,-0.36360758854749875,,,0.0,-0.0,0.0,-0.0
75.35597,"[813.0509033203125, 13.573843955993652, 0.0]","[521.2545166015625, 4.5, 0.0]",5.226504390851019,10.320183753967289,-0.3636076457348203,,,0.0,-0.0,0.0,-0.0
75.372631,"[813.1555786132812, 13.575852394104004, 0.0]","[521.4546508789062, 4.5, 0.0]",5.219232239080069,10.306804656982422,-0.36360758854749875,,,0.0,-0.0,0.0,-0.0
75.391389,"[813.2600708007812, 13.577857971191406, 0.0]","[521.66064453125, 4.5, 0.0]",5.211960086737246,10.293032646179201,-0.3636076171411595,,,0.0,-0.0,0.0,-0.0
75.413183,"[813.3644409179688, 13.57986068725586, 0.0]","[521.8680419921875, 4.5, 0.0]",5.204687934823327,10.27913761138916,-0.36360759569595835,,,0.0,-0.0,0.0,-0.0
75.431944,"[813.4686889648438, 13.581860542297363, 0.0]","[522.0730590820312, 4.5, 0.0]",5.197415781622695,10.265340805053711,-0.3636076600316063,,,0.0,-0.0,0.0,-0.0
75.452608,"[813.57275390625, 13.583857536315918, 0.0]","[522.2786865234375, 4.5, 0.0]",5.190143628136127,10.251502990722656,-0.36360767432839225,,,0.0,-0.0,0.0,-0.0
75.471839,"[813.6766967773438, 13.58585262298584, 0.0]","[522.4822998046875, 4.5, 0.0]",5.1828714756503365,10.237797737121584,-0.3636076242895303,,,0.0,-0.0,0.0,-0.0
75.493282,"[813.7804565429688, 13.587844848632812, 0.0]","[522.6878051757812, 4.5, 0.0]",5.175599323879386,10.223966598510742,-0.36360758854754316,,,0.0,-0.0,0.0,-0.0
75.512579,"[813.8840942382812, 13.589834213256836, 0.0]","[522.8931884765625, 4.5, 0.0]",5.168327172108436,10.209980010986328,-0.36360758854749875,,,0.0,-0.0,0.0,-0.0
75.532376,"[813.9876098632812, 13.59182071685791, 0.0]","[523.0914916992188, 4.5, 0.0]",5.161055019908581,10.19615364074707,-0.36360760999274433,,,0.0,-0.0,0.0,-0.0
75.552698,"[814.0909423828125, 13.593804359436035, 0.0]","[523.3004150390625, 4.5, 0.0]",5.153782868709503,10.181586265563965,-0.3636075599538824,,,0.0,-0.0,0.0,-0.0
75.571975,"[814.1941528320312, 13.595785140991211, 0.0]","[523.4998168945312, 4.5, 0.0]",5.146510717796361,10.167683601379395,-0.3636075456570964,,,0.0,-0.0,0.0,-0.0
75.591957,"[814.2971801757812, 13.597763061523438, 0.0]","[523.7013549804688, 4.5, 0.0]",5.139238566025411,10.153630256652832,-0.36360758854749875,,,0.0,-0.0,0.0,-0.0
75.615804,"[814.4000854492188, 13.599738121032715, 0.0]","[523.9083862304688, 4.5, 0.0]",5.131966413682589,10.142435073852539,-0.3636076171411151,,,0.0,-0.0,0.0,-0.0
75.632869,"[814.5028686523438, 13.601710319519043, 0.0]","[524.1087036132812, 4.5, 0.0]",5.124694262483511,10.121499061584473,-0.3636075599538824,,,0.0,-0.0,0.0,-0.0
75.651279,"[814.60546875, 13.603679656982422, 0.0]","[524.311279296875, 4.5, 0.0]",5.117422110426625,10.113743782043457,-0.36360760284432914,,,0.0,-0.0,0.0,-0.0
75.672427,"[814.7079467773438, 13.605646133422852, 0.0]","[524.5140380859375, 4.5, 0.0]",5.110149959227547,10.092638969421387,-0.3636075599538824,,,0.0,-0.0,0.0,-0.0
75.69364,"[814.810302734375, 13.607609748840332, 0.0]","[524.7144775390625, 4.5, 0.0]",5.102877807742534,10.085033416748047,-0.36360757425066836,,,0.0,-0.0,0.0,-0.0
75.712337,"[814.9124755859375, 13.609570503234863, 0.0]","[524.91796875, 4.5, 0.0]",5.095605655971584,10.063652992248535,-0.36360758854749875,,,0.0,-0.0,0.0,-0.0
75.732575,"[815.0145263671875, 13.611529350280762, 0.0]","[525.12060546875, 4.5, 0.0]",5.088333504772508,10.055182456970215,-0.36360755995379357,,,0.0,-0.0,0.0,-0.0
75.751749,"[815.1163940429688, 13.613485336303711, 0.0]","[525.3212280273438, 4.5, 0.0]",5.081061353001557,10.033523559570314,-0.36360758854754316,,,0.0,-0.0,0.0,-0.0
75.773616,"[815.2181396484375, 13.615438461303711, 0.0]","[525.5234985351562, 4.5, 0.0]",5.0737892000868605,10.025077819824219,-0.3636076457348203,,,0.0,-0.0,0.0,-0.0
75.792546,"[815.3197631835938, 13.617388725280762, 0.0]","[525.7197875976562, 4.5, 0.0]",5.066517047601069,10.003740310668945,-0.3636076242895747,,,0.0,-0.0,0.0,-0.0
75.811929,"[815.4212036132812, 13.619336128234863, 0.0]","[525.9203491210938, 4.5, 0.0]",5.059244894686373,9.99524211883545,-0.3636076457348203,,,0.0,-0.0,0.0,-0.0
75.831677,"[815.5225219726562, 13.621280670166016, 0.0]","[526.1180419921875, 4.5, 0.0]",5.051972742915423,9.973214149475098,-0.36360758854749875,,,0.0,-0.0,0.0,-0.0
75.851912,"[815.6237182617188, 13.623222351074219, 0.0]","[526.3182373046875, 4.5, 0.0]",5.0447005905725995,9.964323997497559,-0.3636076171411595,,,0.0,-0.0,0.0,-0.0
75.872997,"[815.7247314453125, 13.625161170959473, 0.0]","[526.5183715820312, 4.5, 0.0]",5.0374284388016495,9.942109107971191,-0.36360758854749875,,,0.0,-0.0,0.0,-0.0
75.892191,"[815.8256225585938, 13.627097129821777, 0.0]","[526.7164916992188, 4.5, 0.0]",5.030156286458826,9.933381080627441,-0.3636076171411595,,,0.0,-0.0,0.0,-0.0
75.912429,"[815.9263305664062, 13.629030227661133, 0.0]","[526.9164428710938, 4.5, 0.0]",5.022884134687876,9.910970687866211,-0.36360758854749875,,,0.0,-0.0,0.0,-0.0
75.931613,"[816.0269165039062, 13.630960464477539, 0.0]","[527.112548828125, 4.5, 0.0]",5.015611981201308,9.901744842529297,-0.36360767432843666,,,0.0,-0.0,0.0,-0.0
75.952783,"[816.1273803710938, 13.632887840270996, 0.0]","[527.3115844726562, 4.5, 0.0]",5.008339829430358,9.878946304321289,-0.36360758854749875,,,0.0,-0.0,0.0,-0.0
75.972646,"[816.2276611328125, 13.634812355041504, 0.0]","[527.5131225585938, 4.5, 0.0]",5.001067677516439,9.869275093078613,-0.36360759569591394,,,0.0,-0.0,0.0,-0.0
75.993048,"[816.3278198242188, 13.636734008789062, 0.0]","[527.7056274414062, 4.5, 0.0]",4.993795525888457,9.847006797790527,-0.36360758139912797,,,0.0,-0.0,0.0,-0.0
76.011362,"[816.4277954101562, 13.638653755187988, 0.0]","[527.90380859375, 4.5, 0.0]",4.986523374403443,9.83742904663086,-0.36360757425066836,,,0.0,-0.0,0.0,-0.0
76.032338,"[816.5276489257812, 13.640570640563965, 0.0]","[528.0996704101562, 4.5, 0.0]",4.979251222918429,9.814295768737793,-0.3636075742507128,,,0.0,-0.0,0.0,-0.0
76.05232,"[816.6273803710938, 13.642484664916992, 0.0]","[528.297119140625, 4.5, 0.0]",4.971979072005288,9.804362297058105,-0.363607545657052,,,0.0,-0.0,0.0,-0.0
76.072096,"[816.7269287109375, 13.64439582824707, 0.0]","[528.4911499023438, 4.5, 0.0]",4.964706919090593,9.78138542175293,-0.3636076457347759,,,0.0,-0.0,0.0,-0.0
76.092568,"[816.8263549804688, 13.6463041305542, 0.0]","[528.6874389648438, 4.5, 0.0]",4.957434766747769,9.771551132202148,-0.3636076171411595,,,0.0,-0.0,0.0,-0.0
76.113652,"[816.9256591796875, 13.648209571838379, 0.0]","[528.8837890625, 4.5, 0.0]",4.950162615262756,9.748208999633789,-0.36360757425066836,,,0.0,-0.0,0.0,-0.0
76.132174,"[817.0247802734375, 13.65011215209961, 0.0]","[529.0771484375, 4.5, 0.0]",4.9428904632058694,9.738081932067871,-0.36360760284432914,,,0.0,-0.0,0.0,-0.0
76.152513,"[817.123779296875, 13.65201187133789, 0.0]","[529.2733764648438, 4.5, 0.0]",4.935618311720855,9.717706680297852,-0.3636075742507128,,,0.0,-0.0,0.0,-0.0
76.172445,"[817.2225952148438, 13.653908729553223, 0.0]","[529.470458984375, 4.5, 0.0]",4.92834616037881,9.69725227355957,-0.36360756710225317,,,0.0,-0.0,0.0,-0.0
76.191457,"[817.3212890625, 13.655802726745605, 0.0]","[529.6602172851562, 4.5, 0.0]",4.921074008893797,9.687443733215332,-0.36360757425066836,,,0.0,-0.0,0.0,-0.0
76.212872,"[817.4198608398438, 13.657693862915039, 0.0]","[529.8558959960938, 4.5, 0.0]",4.91380185769472,9.663652420043945,-0.363607559953838,,,0.0,-0.0,0.0,-0.0
76.231652,"[817.5182495117188, 13.659582138061523, 0.0]","[530.0466918945312, 4.5, 0.0]",4.906529705351897,9.653345108032227,-0.3636076171411595,,,0.0,-0.0,0.0,-0.0
76.253054,"[817.6165161132812, 13.661467552185059, 0.0]","[530.2418823242188, 4.5, 0.0]",4.899257551865327,9.629310607910156,-0.36360767432848107,,,0.0,-0.0,0.0,-0.0
76.272867,"[817.714599609375, 13.663350105285645, 0.0]","[530.4324340820312, 4.5, 0.0]",4.891985399522504,9.619026184082031,-0.3636076171411595,,,0.0,-0.0,0.0,-0.0
76.292882,"[817.8125610351562, 13.665230751037598, 0.0]","[530.6278686523438, 4.5, 0.0]",4.884713247322649,9.594974517822266,-0.36360760999274433,,,0.0,-0.0,0.0,-0.0
76.311298,"[817.910400390625, 13.667108535766602, 0.0]","[530.8176879882812, 4.5, 0.0]",4.877441095551699,9.584676742553711,-0.36360758854749875,,,0.0,-0.0,0.0,-0.0
76.33349,"[818.008056640625, 13.668983459472656, 0.0]","[531.0097045898438, 4.5, 0.0]",4.870168943208876,9.5606689453125,-0.3636076171411595,,,0.0,-0.0,0.0,-0.0
76.352305,"[818.1055908203125, 13.670855522155762, 0.0]","[531.1987915039062, 4.5, 0.0]",4.862896790866053,9.550263404846191,-0.3636076171411595,,,0.0,-0.0,0.0,-0.0
76.371765,"[818.2030029296875, 13.672724723815918, 0.0]","[531.3890380859375, 4.5, 0.0]",4.8556246385232305,9.52642059326172,-0.3636076171411151,,,0.0,-0.0,0.0,-0.0
76.393335,"[818.3002319335938, 13.674591064453125, 0.0]","[531.5810546875, 4.5, 0.0]",4.848352486323376,9.5157470703125,-0.36360760999274433,,,0.0,-0.0,0.0,-0.0
76.412098,"[818.3973388671875, 13.676454544067383, 0.0]","[531.7716064453125, 4.5, 0.0]",4.841080334552426,9.491839408874512,-0.36360758854749875,,,0.0,-0.0,0.0,-0.0
76.432826,"[818.4942626953125, 13.678315162658691, 0.0]","[531.960205078125, 4.5, 0.0]",4.833808182209602,9.481363296508789,-0.3636076171411595,,,0.0,-0.0,0.0,-0.0
76.451881,"[818.591064453125, 13.68017292022705, 0.0]","[532.1497802734375, 4.5, 0.0]",4.8265360308675564,9.4574613571167,-0.3636075671022976,,,0.0,-0.0,0.0,-0.0
76.472142,"[818.687744140625, 13.682027816772461, 0.0]","[532.3392333984375, 4.5, 0.0]",4.8192638790966065,9.446911811828613,-0.36360758854749875,,,0.0,-0.0,0.0,-0.0
76.492427,"[818.7842407226562, 13.683879852294922, 0.0]","[532.5277709960938, 4.5, 0.0]",4.811991727611592,9.423102378845215,-0.3636075742507128,,,0.0,-0.0,0.0,-0.0
76.511158,"[818.880615234375, 13.685729026794434, 0.0]","[532.7171630859375, 4.5, 0.0]",4.804719575697674,9.412542343139648,-0.36360759569591394,,,0.0,-0.0,0.0,-0.0
76.531721,"[818.9768676757812, 13.687575340270996, 0.0]","[532.9037475585938, 4.5, 0.0]",4.797447424641565,9.388876914978027,-0.3636075528054672,,,0.0,-0.0,0.0,-0.0
76.553682,"[819.0729370117188, 13.689419746398926, 0.0]","[533.09423828125, 4.5, 0.0]",4.790175273728424,9.378192901611328,-0.3636075456570076,,,0.0,-0.0,0.0,-0.0
76.572674,"[819.1688842773438, 13.691261291503906, 0.0]","[533.2820434570312, 4.5, 0.0]",4.782903122529349,9.357752799987793,-0.36360755995379357,,,0.0,-0.0,0.0,-0.0
76.593182,"[819.2646484375, 13.693099975585938, 0.0]","[533.4705810546875, 4.5, 0.0]",4.7756309701865245,9.340581893920898,-0.36360761714120393,,,0.0,-0.0,0.0,-0.0
76.612587,"[819.3602905273438, 13.69493579864502, 0.0]","[533.6585693359375, 4.5, 0.0]",4.768358817271828,9.323465347290039,-0.3636076457348203,,,0.0,-0.0,0.0,-0.0
76.632154,"[819.455810546875, 13.696768760681152, 0.0]","[533.8427734375, 4.5, 0.0]",4.761086663642291,9.30670738220215,-0.36360768147685185,,,0.0,-0.0,0.0,-0.0
76.65105,"[819.5511474609375, 13.698598861694336, 0.0]","[534.025634765625, 4.5, 0.0]",4.753814511871341,9.290074348449707,-0.36360758854749875,,,0.0,-0.0,0.0,-0.0
76.672072,"[819.6463623046875, 13.70042610168457, 0.0]","[534.21142578125, 4.5, 0.0]",4.7465423602433585,9.273179054260254,-0.36360758139912797,,,0.0,-0.0,0.0,-0.0
76.692943,"[819.7413940429688, 13.702250480651855, 0.0]","[534.3973388671875, 4.5, 0.0]",4.739270207900535,9.256270408630371,-0.3636076171411595,,,0.0,-0.0,0.0,-0.0
76.712298,"[819.8363037109375, 13.704071998596191, 0.0]","[534.5831298828125, 4.5, 0.0]",4.731998056987395,9.239384651184084,-0.3636075456570076,,,0.0,-0.0,0.0,-0.0
76.731768,"[819.9310913085938, 13.705890655517578, 0.0]","[534.7659301757812, 4.5, 0.0]",4.724725904644572,9.22280502319336,-0.3636076171411595,,,0.0,-0.0,0.0,-0.0
76.75261,"[820.0256958007812, 13.707706451416016, 0.0]","[534.9533081054688, 4.5, 0.0]",4.717453751872844,9.205808639526367,-0.3636076385864051,,,0.0,-0.0,0.0,-0.0
76.771985,"[820.1201782226562, 13.709519386291504, 0.0]","[535.1349487304688, 4.5, 0.0]",4.710181599530022,9.189332008361816,-0.3636076171411151,,,0.0,-0.0,0.0,-0.0
76.791999,"[820.2145385742188, 13.711329460144043, 0.0]","[535.3181762695312, 4.5, 0.0]",4.702909447759071,9.17271614074707,-0.36360758854754316,,,0.0,-0.0,0.0,-0.0
76.813028,"[820.3087158203125, 13.713136672973633, 0.0]","[535.504638671875, 4.5, 0.0]",4.695637294844376,9.155807495117188,-0.3636076457347315,,,0.0,-0.0,0.0,-0.0
76.832306,"[820.4027709960938, 13.71494197845459, 0.0]","[535.6846923828125, 4.5, 0.0]",4.688365142501553,9.139484405517578,-0.3636076171411595,,,0.0,-0.0,0.0,-0.0
76.851795,"[820.4966430664062, 13.716744422912598, 0.0]","[535.8678588867188, 4.5, 0.0]",4.681092991588411,9.122879981994629,-0.3636075456570964,,,0.0,-0.0,0.0,-0.0
76.873535,"[820.5903930664062, 13.718544006347656, 0.0]","[536.0537109375, 4.5, 0.0]",4.67382084067527,9.10603141784668,-0.363607545657052,,,0.0,-0.0,0.0,-0.0
76.892911,"[820.6840209960938, 13.720340728759766, 0.0]","[536.2353515625, 4.5, 0.0]",4.66654868890432,9.089569091796875,-0.36360758854749875,,,0.0,-0.0,0.0,-0.0
76.912235,"[820.7774658203125, 13.722134590148926, 0.0]","[536.414794921875, 4.5, 0.0]",4.65927653713337,9.073296546936035,-0.36360758854749875,,,0.0,-0.0,0.0,-0.0
76.932054,"[820.8707885742188, 13.723925590515137, 0.0]","[536.5941772460938, 4.5, 0.0]",4.65200438536242,9.057025909423828,-0.36360758854749875,,,0.0,-0.0,0.0,-0.0
76.954237,"[820.9639282226562, 13.725713729858398, 0.0]","[536.775634765625, 4.5, 0.0]",4.644732233305533,9.043902397155762,-0.36360760284432914,,,0.0,-0.0,0.0,-0.0
76.972704,"[821.0569458007812, 13.727499008178711, 0.0]","[536.95849609375, 4.5, 0.0]",4.63746008096271,9.020649909973146,-0.3636076171411595,,,0.0,-0.0,0.0,-0.0
76.992974,"[821.1498413085938, 13.729281425476074, 0.0]","[537.1376342773438, 4.5, 0.0]",4.630187929191759,9.011066436767578,-0.36360758854754316,,,0.0,-0.0,0.0,-0.0
77.012506,"[821.2425537109375, 13.731060981750488, 0.0]","[537.3179931640625, 4.5, 0.0]",4.622915776848937,8.988032341003418,-0.3636076171411151,,,0.0,-0.0,0.0,-0.0
77.031612,"[821.3351440429688, 13.732837677001953, 0.0]","[537.497314453125, 4.5, 0.0]",4.615643624506114,8.978408813476562,-0.3636076171411595,,,0.0,-0.0,0.0,-0.0
77.052233,"[821.4276123046875, 13.734611511230469, 0.0]","[537.6767578125, 4.5, 0.0]",4.608371472020322,8.955437660217285,-0.3636076242895747,,,0.0,-0.0,0.0,-0.0
77.072075,"[821.5198974609375, 13.736382484436035, 0.0]","[537.8554077148438, 4.5, 0.0]",4.601099320106404,8.945871353149414,-0.36360759569591394,,,0.0,-0.0,0.0,-0.0
77.091166,"[821.612060546875, 13.738150596618652, 0.0]","[538.0338745117188, 4.5, 0.0]",4.593827168621391,8.922987937927246,-0.36360757425066836,,,0.0,-0.0,0.0,-0.0
77.1123,"[821.7040405273438, 13.739916801452637, 0.0]","[538.2141723632812, 4.5, 0.0]",4.5865550171363765,8.913290977478027,-0.3636075742507128,,,0.0,-0.0,0.0,-0.0
77.132871,"[821.7958984375, 13.741680145263672, 0.0]","[538.3910522460938, 4.5, 0.0]",4.579282865651363,8.890606880187988,-0.36360757425066836,,,0.0,-0.0,0.0,-0.0
77.152437,"[821.8876342773438, 13.743440628051758, 0.0]","[538.5692138671875, 4.5, 0.0]",4.5720107135944765,8.881142616271973,-0.36360760284432914,,,0.0,-0.0,0.0,-0.0
77.174264,"[821.9791870117188, 13.745198249816895, 0.0]","[538.7451171875, 4.5, 0.0]",4.564738560965717,8.858541488647461,-0.3636076314379899,,,0.0,-0.0,0.0,-0.0
77.192594,"[822.0706176757812, 13.746953010559082, 0.0]","[538.9252319335938, 4.5, 0.0]",4.557466409194767,8.84890079498291,-0.36360758854749875,,,0.0,-0.0,0.0,-0.0
77.212878,"[822.161865234375, 13.74870491027832, 0.0]","[539.1010131835938, 4.5, 0.0]",4.550194258281626,8.826336860656738,-0.363607545657052,,,0.0,-0.0,0.0,-0.0
77.232004,"[822.2529907226562, 13.75045394897461, 0.0]","[539.2791748046875, 4.5, 0.0]",4.542922107082549,8.816946983337402,-0.363607559953838,,,0.0,-0.0,0.0,-0.0
77.252234,"[822.343994140625, 13.75220012664795, 0.0]","[539.4535522460938, 4.5, 0.0]",4.535649955025662,8.794563293457031,-0.36360760284432914,,,0.0,-0.0,0.0,-0.0
77.272171,"[822.434814453125, 13.75394344329834, 0.0]","[539.628662109375, 4.5, 0.0]",4.5283778038265865,8.785445213317871,-0.36360755995379357,,,0.0,-0.0,0.0,-0.0
77.291501,"[822.5255126953125, 13.755683898925781, 0.0]","[539.8041381835938, 4.5, 0.0]",4.521105650911889,8.76296329498291,-0.3636076457348647,,,0.0,-0.0,0.0,-0.0
77.312468,"[822.6160888671875, 13.757421493530273, 0.0]","[539.9806518554688, 4.5, 0.0]",4.513833497997193,8.753764152526855,-0.3636076457348203,,,0.0,-0.0,0.0,-0.0
77.331258,"[822.7064819335938, 13.759156227111816, 0.0]","[540.1546630859375, 4.5, 0.0]",4.50656134565437,8.731552124023438,-0.3636076171411595,,,0.0,-0.0,0.0,-0.0
77.352297,"[822.7967529296875, 13.76088809967041, 0.0]","[540.3292846679688, 4.5, 0.0]",4.499289192739674,8.722618103027344,-0.3636076457347759,,,0.0,-0.0,0.0,-0.0
77.371802,"[822.8868408203125, 13.762618064880371, 0.0]","[540.5025024414062, 4.5, 0.0]",4.492017040968723,8.70047664642334,-0.36360758854754316,,,0.0,-0.0,0.0,-0.0
77.391403,"[822.976806640625, 13.764345169067383, 0.0]","[540.67822265625, 4.5, 0.0]",4.4847448901985505,8.691445350646973,-0.3636075385086368,,,0.0,-0.0,0.0,-0.0
77.41225,"[823.066650390625, 13.766069412231445, 0.0]","[540.8516845703125, 4.5, 0.0]",4.4774727384276005,8.669326782226562,-0.36360758854749875,,,0.0,-0.0,0.0,-0.0
77.431026,"[823.1563110351562, 13.767790794372559, 0.0]","[541.0232543945312, 4.5, 0.0]",4.4702005866566505,8.660831451416016,-0.36360758854749875,,,0.0,-0.0,0.0,-0.0
77.452193,"[823.245849609375, 13.769509315490723, 0.0]","[541.1975708007812, 4.5, 0.0]",4.462928435171637,8.638751029968262,-0.36360757425066836,,,0.0,-0.0,0.0,-0.0
77.472934,"[823.3352661132812, 13.771224975585938, 0.0]","[541.3701782226562, 4.5, 0.0]",4.455656282828814,8.630162239074707,-0.3636076171411595,,,0.0,-0.0,0.0,-0.0
77.493666,"[823.4244995117188, 13.772937774658203, 0.0]","[541.54296875, 4.5, 0.0]",4.448384129342245,8.611552238464355,-0.36360767432843666,,,0.0,-0.0,0.0,-0.0
77.511384,"[823.5136108398438, 13.77464771270752, 0.0]","[541.7154541015625, 4.5, 0.0]",4.441111976713486,8.596357345581055,-0.3636076314379455,,,0.0,-0.0,0.0,-0.0
77.53153,"[823.6025390625, 13.776354789733887, 0.0]","[541.8870239257812, 4.5, 0.0]",4.433839825228472,8.581356048583984,-0.3636075742507128,,,0.0,-0.0,0.0,-0.0
77.553094,"[823.6913452148438, 13.778059005737305, 0.0]","[542.0604248046875, 4.5, 0.0]",4.426567674029394,8.566193580627441,-0.3636075599538824,,,0.0,-0.0,0.0,-0.0
77.571244,"[823.780029296875, 13.779760360717773, 0.0]","[542.228515625, 4.5, 0.0]",4.419295521686571,8.551501274108887,-0.3636076171411595,,,0.0,-0.0,0.0,-0.0
77.593627,"[823.8685302734375, 13.781458854675293, 0.0]","[542.4042358398438, 4.5, 0.0]",4.412023369343748,8.536137580871582,-0.3636076171411595,,,0.0,-0.0,0.0,-0.0
77.612009,"[823.9569091796875, 13.783154487609863, 0.0]","[542.5716552734375, 4.5, 0.0]",4.404751217000926,8.521540641784668,-0.3636076171411151,,,0.0,-0.0,0.0,-0.0
77.631777,"[824.0451049804688, 13.784847259521484, 0.0]","[542.7406616210938, 4.5, 0.0]",4.397479065229975,8.506891250610352,-0.36360758854754316,,,0.0,-0.0,0.0,-0.0
77.652459,"[824.1331787109375, 13.786538124084473, 0.0]","[542.9116821289062, 4.5, 0.0]",4.390206913459025,8.492070198059082,-0.36360758854749875,,,0.0,-0.0,0.0,-0.0
77.672261,"[824.2211303710938, 13.788226127624512, 0.0]","[543.0806884765625, 4.5, 0.0]",4.3829347619740116,8.477424621582031,-0.36360757425066836,,,0.0,-0.0,0.0,-0.0
77.692892,"[824.3088989257812, 13.789911270141602, 0.0]","[543.2503662109375, 4.5, 0.0]",4.375662610203062,8.462718009948732,-0.36360758854749875,,,0.0,-0.0,0.0,-0.0
77.712358,"[824.3965454101562, 13.791593551635742, 0.0]","[543.4208374023438, 4.5, 0.0]",4.368390457860238,8.447982788085938,-0.3636076171411595,,,0.0,-0.0,0.0,-0.0
77.732386,"[824.4840698242188, 13.793272972106934, 0.0]","[543.58837890625, 4.5, 0.0]",4.361118304945543,8.433572769165039,-0.3636076457347759,,,0.0,-0.0,0.0,-0.0
77.752765,"[824.5714111328125, 13.794949531555176, 0.0]","[543.7574462890625, 4.5, 0.0]",4.353846152602721,8.419035911560059,-0.3636076171411151,,,0.0,-0.0,0.0,-0.0
77.772574,"[824.6586303710938, 13.796623229980469, 0.0]","[543.9259643554688, 4.5, 0.0]",4.346574000259897,8.404547691345215,-0.3636076171411595,,,0.0,-0.0,0.0,-0.0
77.793127,"[824.7456665039062, 13.798294067382812, 0.0]","[544.0946655273438, 4.5, 0.0]",4.339301848488947,8.390039443969727,-0.36360758854749875,,,0.0,-0.0,0.0,-0.0
77.811984,"[824.8325805664062, 13.799962043762207, 0.0]","[544.2619018554688, 4.5, 0.0]",4.3320296967179965,8.375710487365723,-0.36360758854754316,,,0.0,-0.0,0.0,-0.0
77.831799,"[824.9193725585938, 13.801627159118652, 0.0]","[544.4277954101562, 4.5, 0.0]",4.324757546090791,8.361624717712402,-0.363607531360266,,,0.0,-0.0,0.0,-0.0
77.852425,"[825.0059814453125, 13.803289413452148, 0.0]","[544.5962524414062, 4.5, 0.0]",4.317485394319841,8.347314834594727,-0.36360758854749875,,,0.0,-0.0,0.0,-0.0
77.871029,"[825.0924682617188, 13.804948806762695, 0.0]","[544.7620849609375, 4.5, 0.0]",4.310213241977018,8.333232879638672,-0.3636076171411595,,,0.0,-0.0,0.0,-0.0
77.893261,"[825.1787719726562, 13.806605339050293, 0.0]","[544.9306640625, 4.5, 0.0]",4.30294109163575,8.318915367126465,-0.36360751706339123,,,0.0,-0.0,0.0,-0.0
77.912544,"[825.2649536132812, 13.808259963989258, 0.0]","[545.0968627929688, 4.5, 0.0]",4.2956689404366735,8.308213233947754,-0.363607559953838,,,0.0,-0.0,0.0,-0.0
77.931658,"[825.3510131835938, 13.809911727905273, 0.0]","[545.2608642578125, 4.5, 0.0]",4.288396789237598,8.287875175476074,-0.36360755995379357,,,0.0,-0.0,0.0,-0.0
77.952634,"[825.4368896484375, 13.81156063079834, 0.0]","[545.427001953125, 4.5, 0.0]",4.281124636608837,8.280694961547852,-0.3636076314380343,,,0.0,-0.0,0.0,-0.0
77.971262,"[825.5226440429688, 13.813206672668457, 0.0]","[545.593017578125, 4.5, 0.0]",4.273852484837887,8.260188102722168,-0.36360758854749875,,,0.0,-0.0,0.0,-0.0
77.99231,"[825.6082763671875, 13.814849853515625, 0.0]","[545.7613525390625, 4.5, 0.0]",4.266580333066937,8.252823829650879,-0.36360758854749875,,,0.0,-0.0,0.0,-0.0
78.012808,"[825.6937255859375, 13.816490173339844, 0.0]","[545.9270629882812, 4.5, 0.0]",4.25930818101005,8.232463836669922,-0.36360760284432914,,,0.0,-0.0,0.0,-0.0
78.036766,"[825.779052734375, 13.818127632141113, 0.0]","[546.0921020507812, 4.5, 0.0]",4.2520360269516075,8.225746154785156,-0.36360770292214184,,,0.0,-0.0,0.0,-0.0
78.052513,"[825.8641967773438, 13.819762229919434, 0.0]","[546.2557983398438, 4.5, 0.0]",4.244763875180658,8.205798149108887,-0.36360758854749875,,,0.0,-0.0,0.0,-0.0
78.073368,"[825.94921875, 13.821393966674805, 0.0]","[546.4193725585938, 4.5, 0.0]",4.237491723409707,8.199199676513672,-0.36360758854754316,,,0.0,-0.0,0.0,-0.0
78.094712,"[826.0341186523438, 13.823022842407227, 0.0]","[546.58154296875, 4.5, 0.0]",4.230219571638757,8.179377555847168,-0.36360758854749875,,,0.0,-0.0,0.0,-0.0
78.11284,"[826.1188354492188, 13.8246488571167, 0.0]","[546.7445068359375, 4.5, 0.0]",4.222947419867807,8.173005104064941,-0.36360758854749875,,,0.0,-0.0,0.0,-0.0
78.131897,"[826.2034301757812, 13.826272010803223, 0.0]","[546.9063720703125, 4.5, 0.0]",4.215675268382793,8.153800964355469,-0.36360757425066836,,,0.0,-0.0,0.0,-0.0
78.152495,"[826.2879028320312, 13.827892303466797, 0.0]","[547.0704345703125, 4.5, 0.0]",4.20840311603997,8.147756576538086,-0.3636076171411595,,,0.0,-0.0,0.0,-0.0
78.172013,"[826.3721923828125, 13.829509735107422, 0.0]","[547.2327270507812, 4.5, 0.0]",4.20113096426902,8.128520011901855,-0.36360758854749875,,,0.0,-0.0,0.0,-0.0
78.191659,"[826.4563598632812, 13.831125259399414, 0.0]","[547.395263671875, 4.5, 0.0]",4.19385881249807,8.122593879699707,-0.36360758854749875,,,0.0,-0.0,0.0,-0.0
78.212235,"[826.5403442382812, 13.832737922668457, 0.0]","[547.5585327148438, 4.5, 0.0]",4.186586660155247,8.10348892211914,-0.3636076171411595,,,0.0,-0.0,0.0,-0.0
78.23202,"[826.6242065429688, 13.83434772491455, 0.0]","[547.7199096679688, 4.5, 0.0]",4.179314508384297,8.09834098815918,-0.36360758854749875,,,0.0,-0.0,0.0,-0.0
78.252582,"[826.7079467773438, 13.835954666137695, 0.0]","[547.882080078125, 4.5, 0.0]",4.172042356613346,8.079798698425293,-0.36360758854754316,,,0.0,-0.0,0.0,-0.0
78.272213,"[826.79150390625, 13.83755874633789, 0.0]","[548.0433349609375, 4.5, 0.0]",4.164770204270523,8.074654579162598,-0.3636076171411595,,,0.0,-0.0,0.0,-0.0
78.29279,"[826.8749389648438, 13.839159965515137, 0.0]","[548.205078125, 4.5, 0.0]",4.157498049926146,8.056143760681152,-0.363607717218839,,,0.0,-0.0,0.0,-0.0
78.31226,"[826.9581909179688, 13.840758323669434, 0.0]","[548.3671264648438, 4.5, 0.0]",4.150225897583323,8.051199913024902,-0.3636076171411595,,,0.0,-0.0,0.0,-0.0
78.334507,"[827.0413208007812, 13.842353820800781, 0.0]","[548.52734375, 4.5, 0.0]",4.142953746527213,8.033613204956055,-0.3636075528055116,,,0.0,-0.0,0.0,-0.0
78.353181,"[827.1243286132812, 13.84394645690918, 0.0]","[548.6881103515625, 4.5, 0.0]",4.1356815941843905,8.029326438903809,-0.3636076171411151,,,0.0,-0.0,0.0,-0.0
78.372511,"[827.2071533203125, 13.845536231994629, 0.0]","[548.8513793945312, 4.5, 0.0]",4.128409441841568,8.0115327835083,-0.3636076171411151,,,0.0,-0.0,0.0,-0.0
78.392566,"[827.2898559570312, 13.847123146057129, 0.0]","[549.0076293945312, 4.5, 0.0]",4.121137290928426,8.007551193237305,-0.3636075456570964,,,0.0,-0.0,0.0,-0.0
78.412741,"[827.3724365234375, 13.84870719909668, 0.0]","[549.1690063476562, 4.5, 0.0]",4.113865140015285,7.9934611320495605,-0.363607545657052,,,0.0,-0.0,0.0,-0.0
78.431989,"[827.454833984375, 13.850288391113281, 0.0]","[549.3280639648438, 4.5, 0.0]",4.106592989102145,7.983386039733887,-0.3636075456570076,,,0.0,-0.0,0.0,-0.0
78.45126,"[827.537109375, 13.85186767578125, 0.0]","[549.4876098632812, 4.5, 0.0]",4.099320836759322,7.9732818603515625,-0.3636076171411595,,,0.0,-0.0,0.0,-0.0
78.472348,"[827.6192016601562, 13.85344409942627, 0.0]","[549.6502685546875, 4.5, 0.0]",4.092048684416498,7.962984085083009,-0.36360761714120393,,,0.0,-0.0,0.0,-0.0
78.491735,"[827.701171875, 13.85501766204834, 0.0]","[549.8068237304688, 4.5, 0.0]",4.084776531501802,7.953071117401123,-0.3636076457347759,,,0.0,-0.0,0.0,-0.0
78.512112,"[827.7830200195312, 13.856588363647461, 0.0]","[549.9661254882812, 4.5, 0.0]",4.077504379158979,7.94320821762085,-0.3636076171411595,,,0.0,-0.0,0.0,-0.0
78.534254,"[827.8646850585938, 13.858156204223633, 0.0]","[550.1248168945312, 4.5, 0.0]",4.070232226816157,7.933898448944092,-0.3636076171411151,,,0.0,-0.0,0.0,-0.0
78.552227,"[827.9462280273438, 13.859721183776855, 0.0]","[550.2830200195312, 4.5, 0.0]",4.06296007475927,7.924617290496826,-0.36360760284432914,,,0.0,-0.0,0.0,-0.0
78.571822,"[828.027587890625, 13.861283302307129, 0.0]","[550.44091796875, 4.5, 0.0]",4.055687922988319,7.915353775024414,-0.36360758854754316,,,0.0,-0.0,0.0,-0.0
78.593031,"[828.1088256835938, 13.862842559814453, 0.0]","[550.599609375, 4.5, 0.0]",4.048415771217369,7.906044960021973,-0.36360758854749875,,,0.0,-0.0,0.0,-0.0
78.612057,"[828.18994140625, 13.864398956298828, 0.0]","[550.7581787109375, 4.5, 0.0]",4.041143618874547,7.896919250488283,-0.3636076171411151,,,0.0,-0.0,0.0,-0.0
78.632526,"[828.2708740234375, 13.865952491760254, 0.0]","[550.9154052734375, 4.5, 0.0]",4.033871467103596,7.888281345367432,-0.36360758854754316,,,0.0,-0.0,0.0,-0.0
78.652426,"[828.3516845703125, 13.86750316619873, 0.0]","[551.07373046875, 4.5, 0.0]",4.026599315904519,7.879582881927492,-0.3636075599538824,,,0.0,-0.0,0.0,-0.0
78.672026,"[828.432373046875, 13.869050979614258, 0.0]","[551.231201171875, 4.5, 0.0]",4.019327164133569,7.870933532714844,-0.36360758854749875,,,0.0,-0.0,0.0,-0.0
78.692463,"[828.5128784179688, 13.870595932006836, 0.0]","[551.3890380859375, 4.5, 0.0]",4.012055011790745,7.862259864807129,-0.3636076171411595,,,0.0,-0.0,0.0,-0.0
78.711986,"[828.59326171875, 13.872138023376465, 0.0]","[551.5465087890625, 4.5, 0.0]",4.004782859447923,7.853762149810791,-0.3636076171411151,,,0.0,-0.0,0.0,-0.0
78.73241,"[828.6734619140625, 13.873678207397461, 0.0]","[551.7022094726562, 4.5, 0.0]",3.997510231213547,7.845696926116944,-0.3636314117188011,,,0.0,-0.0,0.0,-0.0
78.753287,"[828.7535400390625, 13.875215530395508, 0.0]","[551.8601684570312, 4.5, 0.0]",3.9902371259438745,7.837516784667969,-0.363655263483631,,,0.0,-0.0,0.0,-0.0
78.771968,"[828.83349609375, 13.876749992370605, 0.0]","[552.0167236328125, 4.5, 0.0]",3.9829640201023286,7.829410076141357,-0.36365529207729175,,,0.0,-0.0,0.0,-0.0
78.792953,"[828.9132690429688, 13.878281593322754, 0.0]","[552.1759033203125, 4.5, 0.0]",3.975690914260783,7.821166515350342,-0.36365529207729175,,,0.0,-0.0,0.0,-0.0
78.811339,"[828.992919921875, 13.879810333251953, 0.0]","[552.3306884765625, 4.5, 0.0]",3.968417808419237,7.813254356384278,-0.36365529207729175,,,0.0,-0.0,0.0,-0.0
78.832216,"[829.0724487304688, 13.881336212158203, 0.0]","[552.4856567382812, 4.5, 0.0]",3.961144702577691,7.808899402618408,-0.36365529207729175,,,0.0,-0.0,0.0,-0.0
78.852481,"[829.1517944335938, 13.882859230041504, 0.0]","[552.6430053710938, 4.5, 0.0]",3.9538715973080185,7.794425010681152,-0.363655263483631,,,0.0,-0.0,0.0,-0.0
78.871968,"[829.2310180664062, 13.884379386901855, 0.0]","[552.7977294921875, 4.5, 0.0]",3.9465984926102196,7.793413162231445,-0.363655234889948,,,0.0,-0.0,0.0,-0.0
78.892775,"[829.31005859375, 13.885896682739258, 0.0]","[552.9541015625, 4.5, 0.0]",3.9393253873405474,7.778988838195801,-0.36365526348360877,,,0.0,-0.0,0.0,-0.0
78.912084,"[829.3889770507812, 13.887411117553711, 0.0]","[553.1102905273438, 4.5, 0.0]",3.9320522820708756,7.7779693603515625,-0.36365526348358657,,,0.0,-0.0,0.0,-0.0
78.931837,"[829.4677734375, 13.888922691345215, 0.0]","[553.2672119140625, 4.5, 0.0]",3.9247791756574557,7.763721942901611,-0.36365532067099693,,,0.0,-0.0,0.0,-0.0
78.951544,"[829.54638671875, 13.89043140411377, 0.0]","[553.4237670898438, 4.5, 0.0]",3.917506069244036,7.762823581695557,-0.3636553206709747,,,0.0,-0.0,0.0,-0.0
78.97198,"[829.6248779296875, 13.891937255859375, 0.0]","[553.5745849609375, 4.5, 0.0]",3.910232962830617,7.748871326446533,-0.3636553206709525,,,0.0,-0.0,0.0,-0.0
78.99206,"[829.7031860351562, 13.893440246582031, 0.0]","[553.7302856445312, 4.5, 0.0]",3.9029598569890713,7.748014450073242,-0.36365529207729175,,,0.0,-0.0,0.0,-0.0
79.011719,"[829.7813720703125, 13.894941329956055, 0.0]","[553.8861083984375, 4.5, 0.0]",3.8956867511475255,7.733830928802492,-0.36365529207729175,,,0.0,-0.0,0.0,-0.0
79.030844,"[829.8594360351562, 13.896439552307129, 0.0]","[554.039306640625, 4.5, 0.0]",3.8884136451630114,7.733139514923096,-0.36365529922570694,,,0.0,-0.0,0.0,-0.0
79.052526,"[829.9373168945312, 13.897934913635254, 0.0]","[554.1980590820312, 4.5, 0.0]",3.8811405393214655,7.718850135803223,-0.36365529207729175,,,0.0,-0.0,0.0,-0.0
79.072009,"[830.0150756835938, 13.89942741394043, 0.0]","[554.3492431640625, 4.5, 0.0]",3.873867433622888,7.718255043029785,-0.36365528492887655,,,0.0,-0.0,0.0,-0.0
79.093383,"[830.0927124023438, 13.900917053222656, 0.0]","[554.50341796875, 4.5, 0.0]",3.866594327781342,7.704181671142578,-0.36365529207729175,,,0.0,-0.0,0.0,-0.0
79.111057,"[830.170166015625, 13.902403831481934, 0.0]","[554.6578979492188, 4.5, 0.0]",3.8593212212249552,7.703375816345215,-0.3636553278193455,,,0.0,-0.0,0.0,-0.0
79.132647,"[830.2474975585938, 13.903887748718262, 0.0]","[554.81103515625, 4.5, 0.0]",3.8520481153834094,7.689177989959717,-0.36365529207729175,,,0.0,-0.0,0.0,-0.0
79.152889,"[830.3246459960938, 13.90536880493164, 0.0]","[554.9652709960938, 4.5, 0.0]",3.8447750095418636,7.688259601593018,-0.36365529207729175,,,0.0,-0.0,0.0,-0.0
79.171888,"[830.4016723632812, 13.90684700012207, 0.0]","[555.1182861328125, 4.5, 0.0]",3.8375019037003177,7.674070358276367,-0.36365529207729175,,,0.0,-0.0,0.0,-0.0
79.192021,"[830.4785766601562, 13.90832233428955, 0.0]","[555.2725219726562, 4.5, 0.0]",3.830228797286899,7.673149108886719,-0.3636553206709303,,,0.0,-0.0,0.0,-0.0
79.212181,"[830.5552978515625, 13.909794807434082, 0.0]","[555.4263916015625, 4.5, 0.0]",3.82295569173129,7.658782005310059,-0.36365527778046136,,,0.0,-0.0,0.0,-0.0
79.231925,"[830.6318969726562, 13.911264419555664, 0.0]","[555.5786743164062, 4.5, 0.0]",3.81568258703349,7.657522678375244,-0.3636552348899924,,,0.0,-0.0,0.0,-0.0
79.25135,"[830.7083129882812, 13.912731170654297, 0.0]","[555.73193359375, 4.5, 0.0]",3.8084094820497545,7.642881393432617,-0.3636552491867784,,,0.0,-0.0,0.0,-0.0
79.272575,"[830.7846069335938, 13.914196014404297, 0.0]","[555.8844604492188, 4.5, 0.0]",3.801136375636335,7.641610622406006,-0.3636553206709747,,,0.0,-0.0,0.0,-0.0
79.294096,"[830.8607788085938, 13.915657997131348, 0.0]","[556.0413818359375, 4.5, 0.0]",3.7938632689369793,7.6267781257629395,-0.3636553349677829,,,0.0,-0.0,0.0,-0.0
79.31098,"[830.936767578125, 13.91711711883545, 0.0]","[556.1911010742188, 4.5, 0.0]",3.7865901625235607,7.625424385070801,-0.3636553206709303,,,0.0,-0.0,0.0,-0.0
79.333104,"[831.0126342773438, 13.918573379516602, 0.0]","[556.3455200195312, 4.5, 0.0]",3.779317057825761,7.613299846649172,-0.3636552348899924,,,0.0,-0.0,0.0,-0.0
79.352087,"[831.08837890625, 13.920026779174805, 0.0]","[556.4949951171875, 4.5, 0.0]",3.7720439514123423,7.601458549499512,-0.3636553206709303,,,0.0,-0.0,0.0,-0.0
79.371931,"[831.1639404296875, 13.921477317810059, 0.0]","[556.6463623046875, 4.5, 0.0]",3.7647708449989237,7.5995097160339355,-0.3636553206709303,,,0.0,-0.0,0.0,-0.0
79.392271,"[831.2393798828125, 13.922924995422363, 0.0]","[556.7985229492188, 4.5, 0.0]",3.7574977403011234,7.584181308746338,-0.3636552348900146,,,0.0,-0.0,0.0,-0.0
79.412571,"[831.3146362304688, 13.924369812011719, 0.0]","[556.9517211914062, 4.5, 0.0]",3.7502246356033244,7.581805229187012,-0.363655234889948,,,0.0,-0.0,0.0,-0.0
79.43077,"[831.3897705078125, 13.925811767578125, 0.0]","[557.1016235351562, 4.5, 0.0]",3.7429515306195893,7.565583229064941,-0.3636552491867562,,,0.0,-0.0,0.0,-0.0
79.452265,"[831.4647827148438, 13.927250862121582, 0.0]","[557.25390625, 4.5, 0.0]",3.735678424635075,7.5625410079956055,-0.36365529922570694,,,0.0,-0.0,0.0,-0.0
79.472498,"[831.5396118164062, 13.92868709564209, 0.0]","[557.4053955078125, 4.5, 0.0]",3.7284053185075923,7.546217918395996,-0.36365530637414434,,,0.0,-0.0,0.0,-0.0
79.491683,"[831.6143188476562, 13.930120468139648, 0.0]","[557.555419921875, 4.5, 0.0]",3.7211322120941728,7.543316841125488,-0.3636553206709747,,,0.0,-0.0,0.0,-0.0
79.512213,"[831.6888427734375, 13.931550979614258, 0.0]","[557.7069702148438, 4.5, 0.0]",3.713859106252627,7.526612758636475,-0.36365529207729175,,,0.0,-0.0,0.0,-0.0
79.531425,"[831.7632446289062, 13.932978630065918, 0.0]","[557.8572998046875, 4.5, 0.0]",3.7065860006970177,7.522472381591797,-0.36365527778046136,,,0.0,-0.0,0.0,-0.0
79.553092,"[831.8375244140625, 13.934404373168945, 0.0]","[558.0079956054688, 4.5, 0.0]",3.6993128941406304,7.504969596862793,-0.3636553278193677,,,0.0,-0.0,0.0,-0.0
79.571875,"[831.91162109375, 13.935827255249023, 0.0]","[558.1607055664062, 4.5, 0.0]",3.6920397870123702,7.500654220581055,-0.3636553564130063,,,0.0,-0.0,0.0,-0.0
79.591361,"[831.985595703125, 13.937247276306152, 0.0]","[558.307373046875, 4.5, 0.0]",3.684766680313016,7.483439922332764,-0.3636553349677163,,,0.0,-0.0,0.0,-0.0
79.613017,"[832.0594482421875, 13.938664436340332, 0.0]","[558.4591674804688, 4.5, 0.0]",3.67749357447147,7.478767395019531,-0.36365529207729175,,,0.0,-0.0,0.0,-0.0
79.632357,"[832.1331176757812, 13.940078735351562, 0.0]","[558.6064453125, 4.5, 0.0]",3.6702204697736693,7.460183143615724,-0.3636552348900368,,,0.0,-0.0,0.0,-0.0
79.652416,"[832.2066650390625, 13.941490173339844, 0.0]","[558.7559814453125, 4.5, 0.0]",3.6629473639321235,7.454749584197998,-0.36365529207729175,,,0.0,-0.0,0.0,-0.0
79.670929,"[832.280029296875, 13.942898750305176, 0.0]","[558.9046630859375, 4.5, 0.0]",3.655674258662451,7.436054229736328,-0.363655263483631,,,0.0,-0.0,0.0,-0.0
79.693287,"[832.353271484375, 13.944304466247559, 0.0]","[559.052978515625, 4.5, 0.0]",3.6484011539646515,7.430715560913086,-0.3636552348899702,,,0.0,-0.0,0.0,-0.0
79.712272,"[832.4263916015625, 13.945707321166992, 0.0]","[559.2027587890625, 4.5, 0.0]",3.6411280486949793,7.4115166664123535,-0.36365526348360877,,,0.0,-0.0,0.0,-0.0
79.731712,"[832.4993286132812, 13.947107315063477, 0.0]","[559.35009765625, 4.5, 0.0]",3.63385494228156,7.404924392700195,-0.3636553206709747,,,0.0,-0.0,0.0,-0.0
79.752292,"[832.5721435546875, 13.948504447937012, 0.0]","[559.4984741210938, 4.5, 0.0]",3.626581836440014,7.3882341384887695,-0.36365529207729175,,,0.0,-0.0,0.0,-0.0
79.771345,"[832.6448364257812, 13.949898719787598, 0.0]","[559.64501953125, 4.5, 0.0]",3.619308730598468,7.375046730041504,-0.36365529207729175,,,0.0,-0.0,0.0,-0.0
79.792765,"[832.7173461914062, 13.951290130615234, 0.0]","[559.793701171875, 4.5, 0.0]",3.612035623613176,7.361664772033691,-0.3636553492646133,,,0.0,-0.0,0.0,-0.0
79.812055,"[832.7897338867188, 13.952678680419922, 0.0]","[559.94091796875, 4.5, 0.0]",3.6047625180575666,7.348034858703614,-0.36365527778046136,,,0.0,-0.0,0.0,-0.0
79.830601,"[832.8619384765625, 13.954065322875977, 0.0]","[560.0863037109375, 4.5, 0.0]",3.597489412787894,7.333711624145509,-0.363655263483631,,,0.0,-0.0,0.0,-0.0
79.852924,"[832.9340209960938, 13.955449104309082, 0.0]","[560.2354125976562, 4.5, 0.0]",3.590216305802602,7.319025993347168,-0.3636553492645911,,,0.0,-0.0,0.0,-0.0
79.872343,"[833.0059814453125, 13.956830024719238, 0.0]","[560.3797607421875, 4.5, 0.0]",3.5829431993891836,7.304807662963867,-0.3636553206709303,,,0.0,-0.0,0.0,-0.0
79.892072,"[833.0777587890625, 13.958208084106445, 0.0]","[560.5283813476562, 4.5, 0.0]",3.5756700935476378,7.290166854858398,-0.36365529207729175,,,0.0,-0.0,0.0,-0.0
79.912213,"[833.1494140625, 13.959583282470703, 0.0]","[560.6727905273438, 4.5, 0.0]",3.5683969871342196,7.275641441345215,-0.3636553206709081,,,0.0,-0.0,0.0,-0.0
79.932312,"[833.2208862304688, 13.960955619812012, 0.0]","[560.8175659179688, 4.5, 0.0]",3.561123880720802,7.260396480560303,-0.3636553206708859,,,0.0,-0.0,0.0,-0.0
79.951478,"[833.292236328125, 13.962325096130371, 0.0]","[560.9628295898438, 4.5, 0.0]",3.5538507760230007,7.245094299316406,-0.363655234890059,,,0.0,-0.0,0.0,-0.0
79.970756,"[833.3634643554688, 13.963691711425781, 0.0]","[561.1060180664062, 4.5, 0.0]",3.546577671611137,7.230015277862549,-0.3636552205931842,,,0.0,-0.0,0.0,-0.0
79.993547,"[833.4345092773438, 13.965055465698242, 0.0]","[561.2512817382812, 4.5, 0.0]",3.539304565769591,7.214719295501709,-0.36365529207729175,,,0.0,-0.0,0.0,-0.0
80.012347,"[833.5054321289062, 13.966416358947754, 0.0]","[561.396728515625, 4.5, 0.0]",3.5320314593561726,7.199174880981445,-0.3636553206709303,,,0.0,-0.0,0.0,-0.0
80.03169,"[833.5762329101562, 13.967774391174316, 0.0]","[561.5391235351562, 4.5, 0.0]",3.5247583540864995,7.183441638946533,-0.3636552634836532,,,0.0,-0.0,0.0,-0.0
80.052266,"[833.6468505859375, 13.96912956237793, 0.0]","[561.6834106445312, 4.5, 0.0]",3.517485247673081,7.1674981117248535,-0.3636553206709303,,,0.0,-0.0,0.0,-0.0
80.072165,"[833.7173461914062, 13.970481872558594, 0.0]","[561.826904296875, 4.5, 0.0]",3.510212142403408,7.151640892028809,-0.3636552634836532,,,0.0,-0.0,0.0,-0.0
80.09138,"[833.7876586914062, 13.971832275390625, 0.0]","[561.9699096679688, 4.5, 0.0]",3.5029390371337352,7.135839462280274,-0.363655263483631,,,0.0,-0.0,0.0,-0.0
80.113259,"[833.8578491210938, 13.973179817199707, 0.0]","[562.11279296875, 4.5, 0.0]",3.4956659324359363,7.1199212074279785,-0.363655234889948,,,0.0,-0.0,0.0,-0.0
80.131715,"[833.9279174804688, 13.97452449798584, 0.0]","[562.2535400390625, 4.5, 0.0]",3.4883928270232962,7.103937149047853,-0.36365527063200176,,,0.0,-0.0,0.0,-0.0
80.152345,"[833.997802734375, 13.975866317749023, 0.0]","[562.3975219726562, 4.5, 0.0]",3.4811197211817504,7.087582588195801,-0.36365529207729175,,,0.0,-0.0,0.0,-0.0
80.171601,"[834.0675659179688, 13.977205276489258, 0.0]","[562.5376586914062, 4.5, 0.0]",3.473846615340204,7.07499885559082,-0.36365529207731395,,,0.0,-0.0,0.0,-0.0
80.190882,"[834.1371459960938, 13.978541374206543, 0.0]","[562.6790771484375, 4.5, 0.0]",3.4665735089267846,7.052273750305176,-0.3636553206709747,,,0.0,-0.0,0.0,-0.0
80.212143,"[834.2066040039062, 13.979874610900879, 0.0]","[562.8214111328125, 4.5, 0.0]",3.4593004025133656,7.042743682861328,-0.3636553206709525,,,0.0,-0.0,0.0,-0.0
80.232362,"[834.2759399414062, 13.981204986572266, 0.0]","[562.9609985351562, 4.5, 0.0]",3.4520272960999465,7.020116806030273,-0.3636553206709525,,,0.0,-0.0,0.0,-0.0
80.252302,"[834.3450927734375, 13.982532501220703, 0.0]","[563.1011352539062, 4.5, 0.0]",3.4447541896865275,7.010767936706543,-0.3636553206709525,,,0.0,-0.0,0.0,-0.0
80.271305,"[834.4141235351562, 13.983857154846191, 0.0]","[563.2416381835938, 4.5, 0.0]",3.437481083844982,6.988038539886475,-0.36365529207726954,,,0.0,-0.0,0.0,-0.0
80.292529,"[834.4830322265625, 13.98517894744873, 0.0]","[563.3814086914062, 4.5, 0.0]",3.4302079780034362,6.978732585906982,-0.36365529207729175,,,0.0,-0.0,0.0,-0.0
80.311511,"[834.5517578125, 13.98649787902832, 0.0]","[563.5241088867188, 4.5, 0.0]",3.422934873591573,6.9558424949646,-0.363655220593162,,,0.0,-0.0,0.0,-0.0
80.332216,"[834.620361328125, 13.987813949584961, 0.0]","[563.6627197265625, 4.5, 0.0]",3.415661768321901,6.946950435638428,-0.36365526348360877,,,0.0,-0.0,0.0,-0.0
80.355492,"[834.6887817382812, 13.989127159118652, 0.0]","[563.7986450195312, 4.5, 0.0]",3.4083886630522287,6.925019264221191,-0.36365526348360877,,,0.0,-0.0,0.0,-0.0
80.371789,"[834.757080078125, 13.990438461303711, 0.0]","[563.9364624023438, 4.5, 0.0]",3.401115556638809,6.916208267211914,-0.3636553206709747,,,0.0,-0.0,0.0,-0.0
80.393168,"[834.8252563476562, 13.99174690246582, 0.0]","[564.0758056640625, 4.5, 0.0]",3.3938424507972633,6.893895149230957,-0.36365529207729175,,,0.0,-0.0,0.0,-0.0
80.412021,"[834.8932495117188, 13.99305248260498, 0.0]","[564.2139282226562, 4.5, 0.0]",3.3865693443838443,6.885247707366943,-0.3636553206709525,,,0.0,-0.0,0.0,-0.0
80.431416,"[834.9611206054688, 13.994355201721191, 0.0]","[564.3499145507812, 4.5, 0.0]",3.3792962385422984,6.863938808441162,-0.36365529207729175,,,0.0,-0.0,0.0,-0.0
80.452072,"[835.0288696289062, 13.995655059814453, 0.0]","[564.4879760742188, 4.5, 0.0]",3.3720231321288794,6.855738162994385,-0.3636553206709525,,,0.0,-0.0,0.0,-0.0
80.471663,"[835.096435546875, 13.996952056884766, 0.0]","[564.6250610351562, 4.5, 0.0]",3.364750025715461,6.834306716918946,-0.3636553206709303,,,0.0,-0.0,0.0,-0.0
80.49237,"[835.1638793945312, 13.998246192932129, 0.0]","[564.7620239257812, 4.5, 0.0]",3.357476919302042,6.826220512390137,-0.3636553206709303,,,0.0,-0.0,0.0,-0.0
80.511792,"[835.2311401367188, 13.999537467956543, 0.0]","[564.898681640625, 4.5, 0.0]",3.35020381317456,6.805135726928711,-0.36365530637409993,,,0.0,-0.0,0.0,-0.0
80.535236,"[835.2982788085938, 14.000825881958008, 0.0]","[565.0346069335938, 4.5, 0.0]",3.34293070847676,6.798133850097656,-0.3636552348900146,,,0.0,-0.0,0.0,-0.0
80.552932,"[835.3652954101562, 14.002111434936523, 0.0]","[565.1714477539062, 4.5, 0.0]",3.3356576026352136,6.777708530426025,-0.36365529207731395,,,0.0,-0.0,0.0,-0.0
80.57182,"[835.43212890625, 14.00339412689209, 0.0]","[565.3051147460938, 4.5, 0.0]",3.328384496221795,6.770930767059326,-0.3636553206709303,,,0.0,-0.0,0.0,-0.0
80.592427,"[835.4988403320312, 14.004673957824707, 0.0]","[565.4403686523438, 4.5, 0.0]",3.321111391381027,6.750664234161377,-0.3636552420384076,,,0.0,-0.0,0.0,-0.0
80.612276,"[835.5653686523438, 14.005950927734375, 0.0]","[565.5767211914062, 4.5, 0.0]",3.3138382866832274,6.744018077850342,-0.3636552348899702,,,0.0,-0.0,0.0,-0.0
80.631546,"[835.6317749023438, 14.007225036621094, 0.0]","[565.7103881835938, 4.5, 0.0]",3.3065651814135557,6.7251906394958505,-0.36365526348358657,,,0.0,-0.0,0.0,-0.0
80.65244,"[835.6980590820312, 14.00849723815918, 0.0]","[565.8453979492188, 4.5, 0.0]",3.2992920761438835,6.719580173492432,-0.36365526348360877,,,0.0,-0.0,0.0,-0.0
80.671327,"[835.76416015625, 14.009766578674316, 0.0]","[565.9815063476562, 4.5, 0.0]",3.292018970874212,6.700533390045166,-0.36365526348358657,,,0.0,-0.0,0.0,-0.0
80.692657,"[835.8301391601562, 14.011033058166504, 0.0]","[566.1171875, 4.5, 0.0]",3.284745864460792,6.694856643676758,-0.36365532067099693,,,0.0,-0.0,0.0,-0.0
80.71212,"[835.89599609375, 14.012296676635742, 0.0]","[566.2479858398438, 4.5, 0.0]",3.277472758619246,6.6800947189331055,-0.36365529207729175,,,0.0,-0.0,0.0,-0.0
80.732438,"[835.961669921875, 14.013557434082031, 0.0]","[566.3800659179688, 4.5, 0.0]",3.2701996522058265,6.669582366943361,-0.3636553206709747,,,0.0,-0.0,0.0,-0.0
80.751672,"[836.0272216796875, 14.014815330505371, 0.0]","[566.5150146484375, 4.5, 0.0]",3.2629265463642807,6.658845901489258,-0.36365529207729175,,,0.0,-0.0,0.0,-0.0
80.77216,"[836.0925903320312, 14.016070365905762, 0.0]","[566.6466674804688, 4.5, 0.0]",3.2556534396649246,6.648369312286377,-0.3636553349678051,,,0.0,-0.0,0.0,-0.0
80.792049,"[836.1578369140625, 14.017322540283203, 0.0]","[566.7801513671875, 4.5, 0.0]",3.2483803332515055,6.637747764587402,-0.3636553206709525,,,0.0,-0.0,0.0,-0.0
80.812128,"[836.2229614257812, 14.018571853637695, 0.0]","[566.9136352539062, 4.5, 0.0]",3.2411072273384756,6.627625465393067,-0.36365529565149934,,,0.0,-0.0,0.0,-0.0
80.831692,"[836.2879028320312, 14.019818305969238, 0.0]","[567.044921875, 4.5, 0.0]",3.2338341214969297,6.61878776550293,-0.36365529207729175,,,0.0,-0.0,0.0,-0.0
80.853904,"[836.3527221679688, 14.021061897277832, 0.0]","[567.1793823242188, 4.5, 0.0]",3.2265610160128047,6.609736919403077,-0.36365527420625376,,,0.0,-0.0,0.0,-0.0
80.87164,"[836.4173583984375, 14.022302627563477, 0.0]","[567.3101806640625, 4.5, 0.0]",3.219287910171259,6.600935459136963,-0.36365529207729175,,,0.0,-0.0,0.0,-0.0
80.893062,"[836.4818725585938, 14.023540496826172, 0.0]","[567.442138671875, 4.5, 0.0]",3.212014804901586,6.592053413391113,-0.363655263483631,,,0.0,-0.0,0.0,-0.0
80.913762,"[836.5462646484375, 14.024776458740234, 0.0]","[567.574462890625, 4.5, 0.0]",3.2047416992744933,6.583621025085449,-0.36365528135464675,,,0.0,-0.0,0.0,-0.0
80.932023,"[836.6104736328125, 14.026009559631348, 0.0]","[567.70556640625, 4.5, 0.0]",3.197468593289979,6.576337337493897,-0.36365529922570694,,,0.0,-0.0,0.0,-0.0
80.951533,"[836.674560546875, 14.027239799499512, 0.0]","[567.83740234375, 4.5, 0.0]",3.1901954883062436,6.569014549255371,-0.3636552491867784,,,0.0,-0.0,0.0,-0.0
80.971725,"[836.738525390625, 14.028467178344727, 0.0]","[567.9678955078125, 4.5, 0.0]",3.182922382250245,6.561765193939209,-0.36365530279993674,,,0.0,-0.0,0.0,-0.0
80.997354,"[836.8023071289062, 14.029691696166992, 0.0]","[568.1044921875, 4.5, 0.0]",3.1756492761227624,6.55418062210083,-0.36365530637412213,,,0.0,-0.0,0.0,-0.0
81.013092,"[836.865966796875, 14.030913352966309, 0.0]","[568.2315063476562, 4.5, 0.0]",3.1683761705671536,6.5475687980651855,-0.36365527778043916,,,0.0,-0.0,0.0,-0.0
81.031598,"[836.929443359375, 14.032132148742676, 0.0]","[568.361328125, 4.5, 0.0]",3.1611030658693555,6.5417914390563965,-0.3636552348899036,,,0.0,-0.0,0.0,-0.0
81.052125,"[836.9927978515625, 14.033348083496094, 0.0]","[568.4931030273438, 4.5, 0.0]",3.1538299611715583,6.535927295684815,-0.3636552348898592,,,0.0,-0.0,0.0,-0.0
81.072255,"[837.0560302734375, 14.034561157226562, 0.0]","[568.6232299804688, 4.5, 0.0]",3.146556854758138,6.5301361083984375,-0.36365532067101913,,,0.0,-0.0,0.0,-0.0
81.091686,"[837.1190795898438, 14.035771369934082, 0.0]","[568.754150390625, 4.5, 0.0]",3.1392837482017493,6.5243072509765625,-0.3636553278194343,,,0.0,-0.0,0.0,-0.0
81.112039,"[837.1820068359375, 14.036978721618652, 0.0]","[568.8851928710938, 4.5, 0.0]",3.1320106426461405,6.518838882446291,-0.36365527778043916,,,0.0,-0.0,0.0,-0.0
81.137277,"[837.2447509765625, 14.038183212280273, 0.0]","[569.0146484375, 4.5, 0.0]",3.124737537376469,6.517580509185791,-0.36365526348356436,,,0.0,-0.0,0.0,-0.0
81.152509,"[837.307373046875, 14.039384841918945, 0.0]","[569.1469116210938, 4.5, 0.0]",3.1174644302482064,6.506220817565919,-0.3636553564131395,,,0.0,-0.0,0.0,-0.0
81.171404,"[837.369873046875, 14.040583610534668, 0.0]","[569.2756958007812, 4.5, 0.0]",3.1101913234058816,6.5083208084106445,-0.3636553421162425,,,0.0,-0.0,0.0,-0.0
81.192937,"[837.4321899414062, 14.041780471801758, 0.0]","[569.4059448242188, 4.5, 0.0]",3.1029182178502723,6.49703311920166,-0.36365527778046136,,,0.0,-0.0,0.0,-0.0
81.211029,"[837.494384765625, 14.042974472045898, 0.0]","[569.5359497070312, 4.5, 0.0]",3.0956451117942745,6.49936580657959,-0.36365530279989233,,,0.0,-0.0,0.0,-0.0
81.232018,"[837.5564575195312, 14.04416561126709, 0.0]","[569.6649780273438, 4.5, 0.0]",3.088372005237887,6.4890217781066895,-0.3636553278193677,,,0.0,-0.0,0.0,-0.0
81.252276,"[837.6183471679688, 14.045353889465332, 0.0]","[569.7957763671875, 4.5, 0.0]",3.0810988993963413,6.491961479187012,-0.36365529207729175,,,0.0,-0.0,0.0,-0.0
81.271197,"[837.6801147460938, 14.046539306640625, 0.0]","[569.9253540039062, 4.5, 0.0]",3.0738257935547955,6.481600761413574,-0.36365529207729175,,,0.0,-0.0,0.0,-0.0
81.292023,"[837.74169921875, 14.047721862792969, 0.0]","[570.0546264648438, 4.5, 0.0]",3.066552687284345,6.484583377838135,-0.3636553135225151,,,0.0,-0.0,0.0,-0.0
81.312334,"[837.8031616210938, 14.048901557922363, 0.0]","[570.1852416992188, 4.5, 0.0]",3.0592795817287355,6.474419593811035,-0.36365527778048357,,,0.0,-0.0,0.0,-0.0
81.331231,"[837.864501953125, 14.050078392028809, 0.0]","[570.3146362304688, 4.5, 0.0]",3.052006476530547,6.478128910064697,-0.3636552599094234,,,0.0,-0.0,0.0,-0.0
81.352365,"[837.9256591796875, 14.051252365112305, 0.0]","[570.4451904296875, 4.5, 0.0]",3.0447333712608744,6.468478202819824,-0.363655263483631,,,0.0,-0.0,0.0,-0.0
81.371958,"[837.9866943359375, 14.052423477172852, 0.0]","[570.5728149414062, 4.5, 0.0]",3.0374602659912022,6.472227096557617,-0.36365526348360877,,,0.0,-0.0,0.0,-0.0
81.394955,"[838.047607421875, 14.05359172821045, 0.0]","[570.7059326171875, 4.5, 0.0]",3.0301871604355934,6.462517261505127,-0.36365527778043916,,,0.0,-0.0,0.0,-0.0
81.412078,"[838.1083374023438, 14.054757118225098, 0.0]","[570.8327026367188, 4.5, 0.0]",3.022914054879984,6.466452121734619,-0.36365527778046136,,,0.0,-0.0,0.0,-0.0
81.431606,"[838.1689453125, 14.055919647216797, 0.0]","[570.9609375, 4.5, 0.0]",3.015640949324376,6.457383155822754,-0.36365527778041695,,,0.0,-0.0,0.0,-0.0
81.452744,"[838.2293701171875, 14.057079315185547, 0.0]","[571.0911254882812, 4.5, 0.0]",3.008367842767987,6.461611270904541,-0.3636553278194343,,,0.0,-0.0,0.0,-0.0
81.471356,"[838.2896728515625, 14.058237075805664, 0.0]","[571.2203979492188, 4.5, 0.0]",3.0010947372123784,6.452525138854981,-0.36365527778043916,,,0.0,-0.0,0.0,-0.0
81.492927,"[838.349853515625, 14.059391975402832, 0.0]","[571.3510131835938, 4.5, 0.0]",2.993821630941927,6.45674467086792,-0.36365531352255953,,,0.0,-0.0,0.0,-0.0
81.514038,"[838.4098510742188, 14.06054401397705, 0.0]","[571.4803466796875, 4.5, 0.0]",2.9865485246714765,6.447810173034668,-0.3636553135225373,,,0.0,-0.0,0.0,-0.0
81.531225,"[838.4697265625, 14.06169319152832, 0.0]","[571.607666015625, 4.5, 0.0]",2.9792754188299306,6.452561855316162,-0.36365529207729175,,,0.0,-0.0,0.0,-0.0
81.551484,"[838.5294189453125, 14.06283950805664, 0.0]","[571.7378540039062, 4.5, 0.0]",2.9720023132743214,6.443937301635742,-0.36365527778046136,,,0.0,-0.0,0.0,-0.0
81.571038,"[838.5889892578125, 14.063982963562012, 0.0]","[571.864990234375, 4.5, 0.0]",2.9647292065034816,6.4486918449401855,-0.3636553385419905,,,0.0,-0.0,0.0,-0.0
81.593341,"[838.6484375, 14.065123558044434, 0.0]","[571.9957885742188, 4.5, 0.0]",2.957456101233809,6.44005823135376,-0.363655263483631,,,0.0,-0.0,0.0,-0.0
81.611778,"[838.7077026367188, 14.066261291503906, 0.0]","[572.12353515625, 4.5, 0.0]",2.9501829959641364,6.4449567794799805,-0.363655263483631,,,0.0,-0.0,0.0,-0.0
81.631751,"[838.766845703125, 14.06739616394043, 0.0]","[572.2515869140625, 4.5, 0.0]",2.9429098904085276,6.440192699432373,-0.36365527778043916,,,0.0,-0.0,0.0,-0.0
81.652343,"[838.8258666992188, 14.068528175354004, 0.0]","[572.382080078125, 4.5, 0.0]",2.935636784924403,6.4387335777282715,-0.36365527420623156,,,0.0,-0.0,0.0,-0.0
81.672334,"[838.8847045898438, 14.069657325744629, 0.0]","[572.5099487304688, 4.5, 0.0]",2.928363679654731,6.437304973602295,-0.36365526348358657,,,0.0,-0.0,0.0,-0.0
81.692762,"[838.9434204101562, 14.070783615112305, 0.0]","[572.6381225585938, 4.5, 0.0]",2.9210905738131854,6.435871601104736,-0.36365529207729175,,,0.0,-0.0,0.0,-0.0
81.712217,"[839.001953125, 14.071907043457031, 0.0]","[572.76806640625, 4.5, 0.0]",2.9138174679716395,6.43459939956665,-0.36365529207729175,,,0.0,-0.0,0.0,-0.0
81.732192,"[839.0603637695312, 14.073028564453125, 0.0]","[572.8961181640625, 4.5, 0.0]",2.9065443612722826,6.433743953704834,-0.3636553349678495,,,0.0,-0.0,0.0,-0.0
81.753076,"[839.11865234375, 14.07414722442627, 0.0]","[573.0255737304688, 4.5, 0.0]",2.8992712554307367,6.432879447937012,-0.36365529207729175,,,0.0,-0.0,0.0,-0.0
81.772235,"[839.1767578125, 14.075263023376465, 0.0]","[573.1532592773438, 4.5, 0.0]",2.891998149875128,6.432025909423829,-0.36365527778043916,,,0.0,-0.0,0.0,-0.0
81.793941,"[839.2347412109375, 14.076375961303711, 0.0]","[573.283203125, 4.5, 0.0]",2.8847250441765504,6.431157588958742,-0.36365528492887655,,,0.0,-0.0,0.0,-0.0
81.812469,"[839.2925415039062, 14.077486038208008, 0.0]","[573.4114379882812, 4.5, 0.0]",2.8774519389068787,6.430529594421387,-0.36365526348358657,,,0.0,-0.0,0.0,-0.0
81.831625,"[839.3502197265625, 14.078593254089355, 0.0]","[573.539306640625, 4.5, 0.0]",2.87017883285088,6.430410385131836,-0.36365530279993674,,,0.0,-0.0,0.0,-0.0
81.852455,"[839.4077758789062, 14.079697608947754, 0.0]","[573.6687622070312, 4.5, 0.0]",2.862905727223787,6.4302897453308105,-0.36365528135464675,,,0.0,-0.0,0.0,-0.0
81.872324,"[839.4651489257812, 14.080799102783203, 0.0]","[573.7971801757812, 4.5, 0.0]",2.8556326220256,6.430170059204102,-0.36365525990935677,,,0.0,-0.0,0.0,-0.0
81.891827,"[839.5223999023438, 14.081897735595703, 0.0]","[573.9251098632812, 4.5, 0.0]",2.8483595158266324,6.430050849914551,-0.36365530994837414,,,0.0,-0.0,0.0,-0.0
81.911482,"[839.5795288085938, 14.082993507385254, 0.0]","[574.0548706054688, 4.5, 0.0]",2.8410864084124334,6.4302144050598145,-0.3636553707099477,,,0.0,-0.0,0.0,-0.0
81.93222,"[839.636474609375, 14.084086418151855, 0.0]","[574.184326171875, 4.5, 0.0]",2.8338133024994034,6.431019306182861,-0.36365529565149934,,,0.0,-0.0,0.0,-0.0
81.95131,"[839.6932983398438, 14.085176467895508, 0.0]","[574.3121337890625, 4.5, 0.0]",2.8265401964434056,6.431813716888429,-0.36365530279989233,,,0.0,-0.0,0.0,-0.0
81.972044,"[839.7499389648438, 14.086263656616211, 0.0]","[574.4398803710938, 4.5, 0.0]",2.8192670899585024,6.432607650756836,-0.3636553242451601,,,0.0,-0.0,0.0,-0.0
81.993166,"[839.8064575195312, 14.087347984313965, 0.0]","[574.5695190429688, 4.5, 0.0]",2.811993984259925,6.433413505554199,-0.36365528492887655,,,0.0,-0.0,0.0,-0.0
82.012376,"[839.8628540039062, 14.088430404663086, 0.0]","[574.6983032226562, 4.5, 0.0]",2.8047208782754107,6.434571266174316,-0.36365529922570694,,,0.0,-0.0,0.0,-0.0
82.031731,"[839.9190673828125, 14.089509963989258, 0.0]","[574.8262939453125, 4.5, 0.0]",2.797447772004961,6.436519145965576,-0.3636553135224929,,,0.0,-0.0,0.0,-0.0
82.052726,"[839.9751586914062, 14.09058666229248, 0.0]","[574.9561157226562, 4.5, 0.0]",2.790174666306383,6.441826820373535,-0.36365528492889876,,,0.0,-0.0,0.0,-0.0
82.07288,"[840.0310668945312, 14.091660499572754, 0.0]","[575.0848388671875, 4.5, 0.0]",2.782901560250385,6.4371185302734375,-0.36365530279989233,,,0.0,-0.0,0.0,-0.0
82.092397,"[840.0868530273438, 14.092731475830078, 0.0]","[575.2130737304688, 4.5, 0.0]",2.775628454980712,6.445734977722168,-0.3636552634836532,,,0.0,-0.0,0.0,-0.0
82.112238,"[840.1425170898438, 14.093799591064453, 0.0]","[575.3428955078125, 4.5, 0.0]",2.768355350139944,6.441459178924561,-0.3636552420384076,,,0.0,-0.0,0.0,-0.0
82.133044,"[840.197998046875, 14.094864845275879, 0.0]","[575.4718017578125, 4.5, 0.0]",2.7610822448702717,6.451420783996582,-0.36365526348360877,,,0.0,-0.0,0.0,-0.0
82.151926,"[840.2533569335938, 14.095927238464355, 0.0]","[575.6007690429688, 4.5, 0.0]",2.7538091406013794,6.4480509757995605,-0.3636552134446136,,,0.0,-0.0,0.0,-0.0
82.17201,"[840.30859375, 14.096986770629883, 0.0]","[575.7291259765625, 4.5, 0.0]",2.746536035331708,6.4579973220825195,-0.36365526348356436,,,0.0,-0.0,0.0,-0.0
82.192459,"[840.3636474609375, 14.098043441772461, 0.0]","[575.85888671875, 4.5, 0.0]",2.7392629289182877,6.454648971557617,-0.36365532067101913,,,0.0,-0.0,0.0,-0.0
82.212035,"[840.4185791015625, 14.09909725189209, 0.0]","[575.9880981445312, 4.5, 0.0]",2.731989823076742,6.465088367462158,-0.36365529207729175,,,0.0,-0.0,0.0,-0.0
82.231762,"[840.4733276367188, 14.10014820098877, 0.0]","[576.1167602539062, 4.5, 0.0]",2.724716717235196,6.463229656219482,-0.36365529207729175,,,0.0,-0.0,0.0,-0.0
82.254766,"[840.5279541015625, 14.1011962890625, 0.0]","[576.249755859375, 4.5, 0.0]",2.7174436108217757,6.474865436553955,-0.36365532067101913,,,0.0,-0.0,0.0,-0.0
82.272452,"[840.5824584960938, 14.102241516113281, 0.0]","[576.3768310546875, 4.5, 0.0]",2.7101705046942928,6.472947597503662,-0.36365530637414434,,,0.0,-0.0,0.0,-0.0
82.294274,"[840.6367797851562, 14.10328483581543, 0.0]","[576.5088500976562, 4.5, 0.0]",2.7028973985668103,6.4845476150512695,-0.36365530637412213,,,0.0,-0.0,0.0,-0.0
82.311958,"[840.6909790039062, 14.104325294494629, 0.0]","[576.6358642578125, 4.5, 0.0]",2.6956242920104225,6.483138084411621,-0.3636553278193899,,,0.0,-0.0,0.0,-0.0
82.332258,"[840.7450561523438, 14.105362892150879, 0.0]","[576.7659912109375, 4.5, 0.0]",2.6883511864548133,6.496325492858887,-0.36365527778046136,,,0.0,-0.0,0.0,-0.0
82.352235,"[840.7989501953125, 14.10639762878418, 0.0]","[576.8966064453125, 4.5, 0.0]",2.6810780806132675,6.496207237243652,-0.36365529207729175,,,0.0,-0.0,0.0,-0.0
82.370802,"[840.8527221679688, 14.107429504394531, 0.0]","[577.0252075195312, 4.5, 0.0]",2.67380497405688,6.5093207359313965,-0.3636553278193677,,,0.0,-0.0,0.0,-0.0
82.392913,"[840.9063110351562, 14.108458518981934, 0.0]","[577.1558837890625, 4.5, 0.0]",2.6665318680723664,6.509204387664795,-0.36365529922568474,,,0.0,-0.0,0.0,-0.0
82.411034,"[840.9597778320312, 14.109484672546387, 0.0]","[577.2864990234375, 4.5, 0.0]",2.6592587625167567,6.522945404052734,-0.36365527778048357,,,0.0,-0.0,0.0,-0.0
82.431659,"[841.0131225585938, 14.11050796508789, 0.0]","[577.4163818359375, 4.5, 0.0]",2.651985657818958,6.524499416351319,-0.363655234889948,,,0.0,-0.0,0.0,-0.0
82.452141,"[841.0662841796875, 14.111528396606445, 0.0]","[577.547607421875, 4.5, 0.0]",2.644712552263349,6.539470672607422,-0.36365527778043916,,,0.0,-0.0,0.0,-0.0
82.472163,"[841.1193237304688, 14.11254596710205, 0.0]","[577.6785278320312, 4.5, 0.0]",2.637439446421803,6.541093349456787,-0.36365529207729175,,,0.0,-0.0,0.0,-0.0
82.492773,"[841.1721801757812, 14.113560676574707, 0.0]","[577.8106079101562, 4.5, 0.0]",2.6301663414380685,6.556118488311768,-0.363655249186734,,,0.0,-0.0,0.0,-0.0
82.51301,"[841.2249145507812, 14.114572525024414, 0.0]","[577.9410400390625, 4.5, 0.0]",2.622893236168397,6.558212757110597,-0.36365526348356436,,,0.0,-0.0,0.0,-0.0
82.531912,"[841.2775268554688, 14.115581512451172, 0.0]","[578.0723266601562, 4.5, 0.0]",2.6156201303268514,6.574827194213867,-0.36365529207729175,,,0.0,-0.0,0.0,-0.0
82.552138,"[841.3299560546875, 14.116588592529297, 0.0]","[578.2046508789062, 4.5, 0.0]",2.6083470249142113,6.581514835357666,-0.36365527063200176,,,0.0,-0.0,0.0,-0.0
82.572339,"[841.3822631835938, 14.117592811584473, 0.0]","[578.3358764648438, 4.5, 0.0]",2.601073918786728,6.591459274291992,-0.36365530637416654,,,0.0,-0.0,0.0,-0.0
82.591821,"[841.4344482421875, 14.1185941696167, 0.0]","[578.46728515625, 4.5, 0.0]",2.5938008126592447,6.601412773132324,-0.36365530637416654,,,0.0,-0.0,0.0,-0.0
82.612136,"[841.4864501953125, 14.119592666625977, 0.0]","[578.5999755859375, 4.5, 0.0]",2.5865277071036363,6.611922740936279,-0.36365527778041695,,,0.0,-0.0,0.0,-0.0
82.634729,"[841.538330078125, 14.120588302612305, 0.0]","[578.732177734375, 4.5, 0.0]",2.5792546008331847,6.623409748077393,-0.36365531352258174,,,0.0,-0.0,0.0,-0.0
82.653197,"[841.5900268554688, 14.121581077575684, 0.0]","[578.8668823242188, 4.5, 0.0]",2.571981494991639,6.63511323928833,-0.36365529207729175,,,0.0,-0.0,0.0,-0.0
82.671291,"[841.6416015625, 14.122570991516113, 0.0]","[578.9978637695312, 4.5, 0.0]",2.564708389150093,6.646495819091797,-0.36365529207729175,,,0.0,-0.0,0.0,-0.0
82.692579,"[841.6930541992188, 14.123558044433594, 0.0]","[579.1304931640625, 4.5, 0.0]",2.5574352829511255,6.65802001953125,-0.36365530994837414,,,0.0,-0.0,0.0,-0.0
82.712137,"[841.7443237304688, 14.124542236328125, 0.0]","[579.2647705078125, 4.5, 0.0]",2.5501621754654433,6.67004919052124,-0.3636553742841109,,,0.0,-0.0,0.0,-0.0
82.731279,"[841.7954711914062, 14.125523567199707, 0.0]","[579.39794921875, 4.5, 0.0]",2.542889068909056,6.6827874183654785,-0.3636553278193677,,,0.0,-0.0,0.0,-0.0
82.752269,"[841.846435546875, 14.12650203704834, 0.0]","[579.5323486328125, 4.5, 0.0]",2.5356159636393834,6.695643901824951,-0.363655263483631,,,0.0,-0.0,0.0,-0.0
82.771022,"[841.8972778320312, 14.127477645874023, 0.0]","[579.6654663085938, 4.5, 0.0]",2.5283428583697107,6.708376884460449,-0.363655263483631,,,0.0,-0.0,0.0,-0.0
82.793002,"[841.947998046875, 14.128450393676758, 0.0]","[579.8014526367188, 4.5, 0.0]",2.521069752170744,6.721385478973389,-0.36365530994832973,,,0.0,-0.0,0.0,-0.0
82.812511,"[841.99853515625, 14.129420280456543, 0.0]","[579.9378051757812, 4.5, 0.0]",2.513796645900294,6.73466682434082,-0.3636553135225151,,,0.0,-0.0,0.0,-0.0
82.831013,"[842.0489501953125, 14.130388259887695, 0.0]","[580.0722045898438, 4.5, 0.0]",2.506523540344684,6.748249053955078,-0.36365527778048357,,,0.0,-0.0,0.0,-0.0
82.852353,"[842.0992431640625, 14.131353378295898, 0.0]","[580.2059326171875, 4.5, 0.0]",2.4992504350750115,6.7617645263671875,-0.363655263483631,,,0.0,-0.0,0.0,-0.0
82.873482,"[842.1493530273438, 14.132315635681152, 0.0]","[580.34228515625, 4.5, 0.0]",2.491977328804561,6.775547981262207,-0.3636553135225373,,,0.0,-0.0,0.0,-0.0
82.892169,"[842.1993408203125, 14.133275032043457, 0.0]","[580.4757080078125, 4.5, 0.0]",2.4847042238208252,6.789031505584717,-0.3636552491867784,,,0.0,-0.0,0.0,-0.0
82.912145,"[842.2491455078125, 14.134231567382812, 0.0]","[580.6121215820312, 4.5, 0.0]",2.4774311183367,6.802916049957275,-0.36365527420625376,,,0.0,-0.0,0.0,-0.0
82.931861,"[842.298828125, 14.135185241699219, 0.0]","[580.7478637695312, 4.5, 0.0]",2.4701580124951543,6.816957473754883,-0.36365529207729175,,,0.0,-0.0,0.0,-0.0
82.952016,"[842.348388671875, 14.136136054992676, 0.0]","[580.8849487304688, 4.5, 0.0]",2.462884906367672,6.831131458282471,-0.36365530637412213,,,0.0,-0.0,0.0,-0.0
82.972199,"[842.3977661132812, 14.137084007263184, 0.0]","[581.0223388671875, 4.5, 0.0]",2.455611800097221,6.848672389984131,-0.3636553135225373,,,0.0,-0.0,0.0,-0.0
82.992909,"[842.447021484375, 14.138029098510742, 0.0]","[581.1591186523438, 4.5, 0.0]",2.4483386938267704,6.856144905090332,-0.3636553135225373,,,0.0,-0.0,0.0,-0.0
83.011034,"[842.4961547851562, 14.138971328735352, 0.0]","[581.2963256835938, 4.5, 0.0]",2.441065588271161,6.876950263977051,-0.36365527778046136,,,0.0,-0.0,0.0,-0.0
83.030835,"[842.5451049804688, 14.139910697937012, 0.0]","[581.4337768554688, 4.5, 0.0]",2.4337924824296153,6.884329795837402,-0.36365529207729175,,,0.0,-0.0,0.0,-0.0
83.052325,"[842.5939331054688, 14.140847206115723, 0.0]","[581.5733032226562, 4.5, 0.0]",2.4265193774458793,6.905259609222412,-0.3636552491868006,,,0.0,-0.0,0.0,-0.0
83.072157,"[842.642578125, 14.141780853271484, 0.0]","[581.7103271484375, 4.5, 0.0]",2.4192462718902705,6.912597179412842,-0.36365527778043916,,,0.0,-0.0,0.0,-0.0
83.092571,"[842.6911010742188, 14.142711639404297, 0.0]","[581.8484497070312, 4.5, 0.0]",2.4119731660487247,6.9333815574646,-0.36365529207729175,,,0.0,-0.0,0.0,-0.0
83.113199,"[842.739501953125, 14.143640518188477, 0.0]","[581.9880981445312, 4.5, 0.0]",2.4047000605646,6.940800189971925,-0.36365527420623156,,,0.0,-0.0,0.0,-0.0
83.134634,"[842.7877197265625, 14.144566535949707, 0.0]","[582.1263427734375, 4.5, 0.0]",2.397426954580086,6.9610185623168945,-0.36365529922570694,,,0.0,-0.0,0.0,-0.0
83.153244,"[842.8358154296875, 14.145489692687988, 0.0]","[582.2673950195312, 4.5, 0.0]",2.3901538487385396,6.968179702758789,-0.36365529207731395,,,0.0,-0.0,0.0,-0.0
83.172049,"[842.8837280273438, 14.14640998840332, 0.0]","[582.4058837890625, 4.5, 0.0]",2.3828807438977737,6.988424301147461,-0.3636552420382966,,,0.0,-0.0,0.0,-0.0
83.191943,"[842.9315185546875, 14.147327423095703, 0.0]","[582.54541015625, 4.5, 0.0]",2.375607637770291,6.99543571472168,-0.36365530637414434,,,0.0,-0.0,0.0,-0.0
83.211964,"[842.9791870117188, 14.148241996765137, 0.0]","[582.685302734375, 4.5, 0.0]",2.368334531642808,7.015542507171631,-0.36365530637414434,,,0.0,-0.0,0.0,-0.0
83.232869,"[843.0266723632812, 14.149153709411621, 0.0]","[582.8261108398438, 4.5, 0.0]",2.3610614249434514,7.0217933654785165,-0.3636553349678273,,,0.0,-0.0,0.0,-0.0
83.251165,"[843.0740356445312, 14.150062561035156, 0.0]","[582.9674682617188, 4.5, 0.0]",2.353788318815969,7.041421413421631,-0.36365530637412213,,,0.0,-0.0,0.0,-0.0
83.271704,"[843.1212768554688, 14.150968551635742, 0.0]","[583.1085205078125, 4.5, 0.0]",2.3465152132603597,7.047692775726318,-0.36365527778046136,,,0.0,-0.0,0.0,-0.0
83.293057,"[843.1683349609375, 14.151871681213379, 0.0]","[583.248779296875, 4.5, 0.0]",2.3392421067039724,7.06722354888916,-0.3636553278193677,,,0.0,-0.0,0.0,-0.0
83.31207,"[843.2152709960938, 14.152771949768066, 0.0]","[583.3905639648438, 4.5, 0.0]",2.3319690008624265,7.073215007781982,-0.36365529207729175,,,0.0,-0.0,0.0,-0.0
83.333353,"[843.2620239257812, 14.153669357299805, 0.0]","[583.5311279296875, 4.5, 0.0]",2.3246958958786905,7.091672420501709,-0.3636552491868006,,,0.0,-0.0,0.0,-0.0
83.353177,"[843.3086547851562, 14.154563903808594, 0.0]","[583.6763305664062, 4.5, 0.0]",2.3174227898941764,7.097183704376221,-0.36365529922570694,,,0.0,-0.0,0.0,-0.0
83.371292,"[843.3551635742188, 14.15545654296875, 0.0]","[583.8156127929688, 4.5, 0.0]",2.310149683337789,7.115528583526611,-0.3636553278193677,,,0.0,-0.0,0.0,-0.0
83.395648,"[843.4014892578125, 14.156346321105957, 0.0]","[583.9596557617188, 4.5, 0.0]",2.302876577138823,7.120946407318115,-0.3636553099483075,,,0.0,-0.0,0.0,-0.0
83.412771,"[843.4476928710938, 14.157233238220215, 0.0]","[584.1015625, 4.5, 0.0]",2.2956034724410235,7.139151573181152,-0.3636552348899702,,,0.0,-0.0,0.0,-0.0
83.432236,"[843.4937133789062, 14.158117294311523, 0.0]","[584.2439575195312, 4.5, 0.0]",2.2883303673858038,7.143260955810547,-0.363655252760986,,,0.0,-0.0,0.0,-0.0
83.458058,"[843.5396118164062, 14.158998489379883, 0.0]","[584.3881225585938, 4.5, 0.0]",2.281057261830195,7.160833358764648,-0.36365527778043916,,,0.0,-0.0,0.0,-0.0
83.474656,"[843.5853881835938, 14.159876823425293, 0.0]","[584.5322265625, 4.5, 0.0]",2.273784156274586,7.165071487426758,-0.36365527778043916,,,0.0,-0.0,0.0,-0.0
83.492589,"[843.6309814453125, 14.160752296447754, 0.0]","[584.6743774414062, 4.5, 0.0]",2.2665110502900716,7.182493686676025,-0.36365529922572915,,,0.0,-0.0,0.0,-0.0
83.512232,"[843.6764526367188, 14.161624908447266, 0.0]","[584.8180541992188, 4.5, 0.0]",2.2592379450204,7.189663887023928,-0.36365526348358657,,,0.0,-0.0,0.0,-0.0
83.532141,"[843.7218017578125, 14.162494659423828, 0.0]","[584.9615478515625, 4.5, 0.0]",2.25196483860698,7.19599723815918,-0.36365532067099693,,,0.0,-0.0,0.0,-0.0
83.552479,"[843.7669677734375, 14.163361549377441, 0.0]","[585.1082763671875, 4.5, 0.0]",2.2446917323365287,7.212549686431885,-0.36365531352255953,,,0.0,-0.0,0.0,-0.0
83.57241,"[843.81201171875, 14.164225578308105, 0.0]","[585.2528076171875, 4.5, 0.0]",2.237418627352794,7.21561622619629,-0.363655249186734,,,0.0,-0.0,0.0,-0.0
83.593339,"[843.8568725585938, 14.16508674621582, 0.0]","[585.3969116210938, 4.5, 0.0]",2.2301455215112482,7.231993198394775,-0.36365529207729175,,,0.0,-0.0,0.0,-0.0
83.611787,"[843.901611328125, 14.165945053100586, 0.0]","[585.53955078125, 4.5, 0.0]",2.2228724154552495,7.234601974487305,-0.36365530279993674,,,0.0,-0.0,0.0,-0.0
83.632623,"[843.9462280273438, 14.166800498962402, 0.0]","[585.6847534179688, 4.5, 0.0]",2.2155993096137037,7.249970436096191,-0.36365529207729175,,,0.0,-0.0,0.0,-0.0
83.653517,"[843.9906616210938, 14.167654037475586, 0.0]","[585.8316650390625, 4.5, 0.0]",2.2083262050588757,7.252105712890625,-0.3636552277413996,,,0.0,-0.0,0.0,-0.0
83.671884,"[844.0349731445312, 14.16850471496582, 0.0]","[585.9749145507812, 4.5, 0.0]",2.2010530989313923,7.267355442047119,-0.36365530637416654,,,0.0,-0.0,0.0,-0.0
83.692701,"[844.0791015625, 14.169352531433105, 0.0]","[586.1200561523438, 4.5, 0.0]",2.1937799925179715,7.269383430480957,-0.36365532067104134,,,0.0,-0.0,0.0,-0.0
83.713707,"[844.1231079101562, 14.170197486877441, 0.0]","[586.2665405273438, 4.5, 0.0]",2.186506886962363,7.284542083740234,-0.36365527778041695,,,0.0,-0.0,0.0,-0.0
83.731896,"[844.1669921875, 14.171039581298828, 0.0]","[586.4111328125, 4.5, 0.0]",2.1792337819071452,7.2856388092041025,-0.36365525276089716,,,0.0,-0.0,0.0,-0.0
83.757112,"[844.210693359375, 14.171878814697266, 0.0]","[586.5626831054688, 4.5, 0.0]",2.171960676351537,7.300442695617676,-0.36365527778041695,,,0.0,-0.0,0.0,-0.0
83.773149,"[844.2542724609375, 14.172715187072754, 0.0]","[586.7067260742188, 4.5, 0.0]",2.164687568794367,7.301507949829102,-0.3636553778584961,,,0.0,-0.0,0.0,-0.0
83.792739,"[844.2977294921875, 14.173548698425293, 0.0]","[586.8525390625, 4.5, 0.0]",2.157414461380169,7.316002368927002,-0.3636553707099033,,,0.0,-0.0,0.0,-0.0
83.812943,"[844.3410034179688, 14.174379348754883, 0.0]","[586.996337890625, 4.5, 0.0]",2.150141355538623,7.316842555999756,-0.36365529207729175,,,0.0,-0.0,0.0,-0.0
83.834322,"[844.3841552734375, 14.175207138061523, 0.0]","[587.1432495117188, 4.5, 0.0]",2.1428682486963004,7.330694198608398,-0.3636553421161315,,,0.0,-0.0,0.0,-0.0
83.852267,"[844.4271240234375, 14.176032066345215, 0.0]","[587.2908325195312, 4.5, 0.0]",2.1355951428547546,7.331246376037598,-0.36365529207729175,,,0.0,-0.0,0.0,-0.0
83.872161,"[844.469970703125, 14.176854133605957, 0.0]","[587.4368286132812, 4.5, 0.0]",2.128322037299145,7.34505558013916,-0.36365527778048357,,,0.0,-0.0,0.0,-0.0
83.892793,"[844.5126953125, 14.17767333984375, 0.0]","[587.583740234375, 4.5, 0.0]",2.1210489328872812,7.345573902130128,-0.3636552205931842,,,0.0,-0.0,0.0,-0.0
83.912947,"[844.5552368164062, 14.178489685058594, 0.0]","[587.7337646484375, 4.5, 0.0]",2.1137758285469044,7.359428405761719,-0.3636552170188434,,,0.0,-0.0,0.0,-0.0
83.932224,"[844.59765625, 14.179304122924805, 0.0]","[587.8770751953125, 4.5, 0.0]",2.1065027227053585,7.362664222717285,-0.36365529207729175,,,0.0,-0.0,0.0,-0.0
83.953655,"[844.6399536132812, 14.180115699768066, 0.0]","[588.0256958007812, 4.5, 0.0]",2.0992296161489703,7.369476795196535,-0.3636553278194121,,,0.0,-0.0,0.0,-0.0
83.972546,"[844.6820678710938, 14.180924415588379, 0.0]","[588.1728515625, 4.5, 0.0]",2.0919565103074245,7.376221656799316,-0.36365529207729175,,,0.0,-0.0,0.0,-0.0
83.992324,"[844.7240600585938, 14.181730270385742, 0.0]","[588.3200073242188, 4.5, 0.0]",2.084683405180721,7.382967948913574,-0.3636552563351714,,,0.0,-0.0,0.0,-0.0
84.012842,"[844.765869140625, 14.182533264160156, 0.0]","[588.4682006835938, 4.5, 0.0]",2.077410299053238,7.389695644378662,-0.36365530637414434,,,0.0,-0.0,0.0,-0.0
84.032462,"[844.8075561523438, 14.183333396911621, 0.0]","[588.6156005859375, 4.5, 0.0]",2.07013719249685,7.396240711212158,-0.3636553278194121,,,0.0,-0.0,0.0,-0.0
84.052225,"[844.84912109375, 14.184130668640137, 0.0]","[588.7647094726562, 4.5, 0.0]",2.0628640871556936,7.402863502502441,-0.36365526705781637,,,0.0,-0.0,0.0,-0.0
84.072894,"[844.8905029296875, 14.184925079345703, 0.0]","[588.91162109375, 4.5, 0.0]",2.0555909818145377,7.409388542175293,-0.36365526705779416,,,0.0,-0.0,0.0,-0.0
84.092658,"[844.9317626953125, 14.18571662902832, 0.0]","[589.060546875, 4.5, 0.0]",2.048317874686276,7.416003227233887,-0.3636553564130951,,,0.0,-0.0,0.0,-0.0
84.11215,"[844.9728393554688, 14.186505317687988, 0.0]","[589.2093505859375, 4.5, 0.0]",2.041044768272857,7.422633647918702,-0.3636553206709303,,,0.0,-0.0,0.0,-0.0
84.131723,"[845.0137939453125, 14.187291145324707, 0.0]","[589.3572387695312, 4.5, 0.0]",2.0337716618594386,7.42927360534668,-0.3636553206709303,,,0.0,-0.0,0.0,-0.0
84.152392,"[845.0546264648438, 14.188074111938477, 0.0]","[589.5078735351562, 4.5, 0.0]",2.0264985560178927,7.436036109924316,-0.36365529207729175,,,0.0,-0.0,0.0,-0.0
84.172626,"[845.0952758789062, 14.188854217529297, 0.0]","[589.6555786132812, 4.5, 0.0]",2.0192254507482197,7.4426655769348145,-0.3636552634836532,,,0.0,-0.0,0.0,-0.0
84.192337,"[845.1358032226562, 14.189632415771484, 0.0]","[589.8031616210938, 4.5, 0.0]",2.011952345621515,7.4492902755737305,-0.363655256335238,,,0.0,-0.0,0.0,-0.0
84.212089,"[845.1762084960938, 14.190407752990723, 0.0]","[589.9537963867188, 4.5, 0.0]",2.0046792397799695,7.4561543464660645,-0.36365529207726954,,,0.0,-0.0,0.0,-0.0
84.232118,"[845.2164306640625, 14.191180229187012, 0.0]","[590.1028442382812, 4.5, 0.0]",1.997406373885757,7.463173866271973,-0.36364329471062495,,,0.0,-0.0,0.0,-0.0
84.25244,"[845.2565307617188, 14.191949844360352, 0.0]","[590.255126953125, 4.5, 0.0]",1.9901337452224779,7.470343589782715,-0.36363143316395785,,,0.0,-0.0,0.0,-0.0
84.27194,"[845.2964477539062, 14.192716598510742, 0.0]","[590.4014282226562, 4.5, 0.0]",1.9828611153439661,7.477232933044434,-0.3636314939255869,,,0.0,-0.0,0.0,-0.0
84.292345,"[845.3362426757812, 14.193480491638184, 0.0]","[590.5509033203125, 4.5, 0.0]",1.9755884859658446,7.4842729568481445,-0.3636314689060782,,,0.0,-0.0,0.0,-0.0
84.312332,"[845.3759155273438, 14.194241523742676, 0.0]","[590.7013549804688, 4.5, 0.0]",1.9683158576599862,7.494859218597412,-0.36363141529291987,,,0.0,-0.0,0.0,-0.0
84.331809,"[845.4154052734375, 14.194999694824219, 0.0]","[590.850830078125, 4.5, 0.0]",1.9610432285678014,7.495774745941163,-0.36363145460923674,,,0.0,-0.0,0.0,-0.0
84.352433,"[845.4547729492188, 14.195755004882812, 0.0]","[591.0022583007812, 4.5, 0.0]",1.9537705989037433,7.510121822357178,-0.3636314832029086,,,0.0,-0.0,0.0,-0.0
84.372388,"[845.4939575195312, 14.196507453918457, 0.0]","[591.1517333984375, 4.5, 0.0]",1.9464979694541384,7.511036396026611,-0.3636314724802414,,,0.0,-0.0,0.0,-0.0
84.392949,"[845.5330200195312, 14.197257041931152, 0.0]","[591.3014526367188, 4.5, 0.0]",1.9392253413627316,7.525299072265625,-0.3636314045703415,,,0.0,-0.0,0.0,-0.0
84.412331,"[845.5719604492188, 14.198003768920898, 0.0]","[591.4524536132812, 4.5, 0.0]",1.9319527128424205,7.526513099670411,-0.36363142601555376,,,0.0,-0.0,0.0,-0.0
84.430932,"[845.6107177734375, 14.198747634887695, 0.0]","[591.6024780273438, 4.5, 0.0]",1.9246800837502358,7.541501998901367,-0.36363145460923674,,,0.0,-0.0,0.0,-0.0
84.452434,"[845.6493530273438, 14.199488639831543, 0.0]","[591.7548217773438, 4.5, 0.0]",1.9174074562307046,7.543288707733154,-0.3636313759765586,,,0.0,-0.0,0.0,-0.0
84.472119,"[845.6878662109375, 14.200227737426758, 0.0]","[591.9055786132812, 4.5, 0.0]",1.910134827853363,7.558320045471191,-0.36363141886708306,,,0.0,-0.0,0.0,-0.0
84.493434,"[845.7261962890625, 14.200963973999023, 0.0]","[592.0579833984375, 4.5, 0.0]",1.9028621987611778,7.560110569000244,-0.36363145460925894,,,0.0,-0.0,0.0,-0.0
84.511854,"[845.764404296875, 14.20169734954834, 0.0]","[592.2077026367188, 4.5, 0.0]",1.8955895693830553,7.575337886810303,-0.36363146890612263,,,0.0,-0.0,0.0,-0.0
84.53435,"[845.8024291992188, 14.202427864074707, 0.0]","[592.3607177734375, 4.5, 0.0]",1.8883169407912606,7.5779995918273935,-0.36363142958973915,,,0.0,-0.0,0.0,-0.0
84.553204,"[845.84033203125, 14.203155517578125, 0.0]","[592.5126953125, 4.5, 0.0]",1.8810443123424347,7.593927383422852,-0.36363142244129065,,,0.0,-0.0,0.0,-0.0
84.571776,"[845.8781127929688, 14.203880310058594, 0.0]","[592.6627807617188, 4.5, 0.0]",1.8737716818205639,7.596410274505615,-0.3636315260935441,,,0.0,-0.0,0.0,-0.0
84.59231,"[845.9157104492188, 14.204602241516113, 0.0]","[592.8148803710938, 4.5, 0.0]",1.866499051441665,7.612349510192871,-0.36363151894494017,,,0.0,-0.0,0.0,-0.0
84.612785,"[845.9531860351562, 14.205321311950684, 0.0]","[592.9676513671875, 4.5, 0.0]",1.8592264207768339,7.61527681350708,-0.3636315332415596,,,0.0,-0.0,0.0,-0.0
84.631752,"[845.9905395507812, 14.206037521362305, 0.0]","[593.1198120117188, 4.5, 0.0]",1.8519537919705857,7.632136821746826,-0.36363144031240635,,,0.0,-0.0,0.0,-0.0
84.65221,"[846.0277099609375, 14.206750869750977, 0.0]","[593.2738647460938, 4.5, 0.0]",1.844681163450273,7.635786056518555,-0.3636314260156315,,,0.0,-0.0,0.0,-0.0
84.673429,"[846.0647583007812, 14.2074613571167, 0.0]","[593.4257202148438, 4.5, 0.0]",1.8374085343580893,7.652624607086182,-0.36363145460919233,,,0.0,-0.0,0.0,-0.0
84.693558,"[846.1016235351562, 14.208168983459473, 0.0]","[593.5791625976562, 4.5, 0.0]",1.8301359065526164,7.65623664855957,-0.36363139027364433,,,0.0,-0.0,0.0,-0.0
84.712471,"[846.1383666992188, 14.208873748779297, 0.0]","[593.7330322265625, 4.5, 0.0]",1.8228632785326928,7.673502445220947,-0.3636314009961783,,,0.0,-0.0,0.0,-0.0
84.732013,"[846.1749877929688, 14.209575653076172, 0.0]","[593.8858642578125, 4.5, 0.0]",1.815590650369802,7.678013801574708,-0.363631408144538,,,0.0,-0.0,0.0,-0.0
84.752201,"[846.21142578125, 14.210275650024414, 0.0]","[594.0411376953125, 4.5, 0.0]",1.8083180209916812,7.6960344314575195,-0.3636314689060449,,,0.0,-0.0,0.0,-0.0
84.771294,"[846.2477416992188, 14.210972785949707, 0.0]","[594.194580078125, 4.5, 0.0]",1.8010453914705922,7.700591564178467,-0.363631476054449,,,0.0,-0.0,0.0,-0.0
84.793912,"[846.2838745117188, 14.21166706085205, 0.0]","[594.3478393554688, 4.5, 0.0]",1.7937727638080903,7.7184648513793945,-0.3636313831250959,,,0.0,-0.0,0.0,-0.0
84.812761,"[846.3198852539062, 14.212358474731445, 0.0]","[594.5033569335938, 4.5, 0.0]",1.7865001355737162,7.723455905914307,-0.36363141171870117,,,0.0,-0.0,0.0,-0.0
84.831679,"[846.3557739257812, 14.21304702758789, 0.0]","[594.6573486328125, 4.5, 0.0]",1.7792275072678583,7.742294788360596,-0.36363141529289766,,,0.0,-0.0,0.0,-0.0
84.853194,"[846.3914794921875, 14.213732719421387, 0.0]","[594.8128051757812, 4.5, 0.0]",1.7719548778897363,7.751247882843018,-0.36363146890610043,,,0.0,-0.0,0.0,-0.0
84.870982,"[846.4270629882812, 14.214415550231934, 0.0]","[594.9673461914062, 4.5, 0.0]",1.7646822493694256,7.763457775115968,-0.36363142601553156,,,0.0,-0.0,0.0,-0.0
84.892426,"[846.4625244140625, 14.215095520019531, 0.0]","[595.1226806640625, 4.5, 0.0]",1.7574096205631777,7.775731563568115,-0.36363144031239525,,,0.0,-0.0,0.0,-0.0
84.912287,"[846.497802734375, 14.21577262878418, 0.0]","[595.27880859375, 4.5, 0.0]",1.75013699175693,7.788348197937012,-0.36363144031238415,,,0.0,-0.0,0.0,-0.0
84.931405,"[846.532958984375, 14.216446876525879, 0.0]","[595.4344482421875, 4.5, 0.0]",1.7428643623788078,7.801543712615967,-0.36363146890611153,,,0.0,-0.0,0.0,-0.0
84.95282,"[846.5679321289062, 14.217118263244629, 0.0]","[595.5913696289062, 4.5, 0.0]",1.735591733286623,7.814844608306885,-0.36363145460923674,,,0.0,-0.0,0.0,-0.0
84.972321,"[846.602783203125, 14.21778678894043, 0.0]","[595.7501831054688, 4.5, 0.0]",1.7283191044803754,7.828310489654541,-0.36363144031238415,,,0.0,-0.0,0.0,-0.0
84.993864,"[846.6375122070312, 14.218452453613281, 0.0]","[595.9052734375, 4.5, 0.0]",1.7210464748163168,7.841458797454834,-0.3636314832029308,,,0.0,-0.0,0.0,-0.0
85.012326,"[846.6720581054688, 14.2191162109375, 0.0]","[596.0642700195312, 4.5, 0.0]",1.7137738460100689,7.855206489562988,-0.36363144031239525,,,0.0,-0.0,0.0,-0.0
85.031672,"[846.7064819335938, 14.21977710723877, 0.0]","[596.2180786132812, 4.5, 0.0]",1.7065012164889795,7.86904811859131,-0.3636314760544712,,,0.0,-0.0,0.0,-0.0
85.054435,"[846.74072265625, 14.22043514251709, 0.0]","[596.3787231445312, 4.5, 0.0]",1.6992285873967952,7.883502960205078,-0.36363145460921453,,,0.0,-0.0,0.0,-0.0
85.07268,"[846.7748413085938, 14.221090316772461, 0.0]","[596.5347900390625, 4.5, 0.0]",1.6919559591624203,7.897546768188477,-0.3636314117187456,,,0.0,-0.0,0.0,-0.0
85.091771,"[846.808837890625, 14.221742630004883, 0.0]","[596.6923828125, 4.5, 0.0]",1.684683330928046,7.911731719970703,-0.36363141171871227,,,0.0,-0.0,0.0,-0.0
85.111947,"[846.8426513671875, 14.222392082214355, 0.0]","[596.8505249023438, 4.5, 0.0]",1.6774107015499244,7.926212310791016,-0.3636314689060782,,,0.0,-0.0,0.0,-0.0
85.13066,"[846.8763427734375, 14.223038673400879, 0.0]","[597.0087280273438, 4.5, 0.0]",1.6701380733155502,7.941248416900635,-0.36363141171871227,,,0.0,-0.0,0.0,-0.0
85.151906,"[846.909912109375, 14.223682403564453, 0.0]","[597.1690673828125, 4.5, 0.0]",1.6628654449382083,7.956493377685547,-0.36363141886709416,,,0.0,-0.0,0.0,-0.0
85.172506,"[846.9432983398438, 14.224323272705078, 0.0]","[597.3289794921875, 4.5, 0.0]",1.6555928151311807,7.971695423126221,-0.3636314903513793,,,0.0,-0.0,0.0,-0.0
85.191833,"[846.9765625, 14.224961280822754, 0.0]","[597.4871826171875, 4.5, 0.0]",1.6483201858960277,7.9867377281188965,-0.36363146175765193,,,0.0,-0.0,0.0,-0.0
85.211371,"[847.0096435546875, 14.22559642791748, 0.0]","[597.6475219726562, 4.5, 0.0]",1.6410475573757166,8.002220153808594,-0.36363142601555376,,,0.0,-0.0,0.0,-0.0
85.23219,"[847.0426025390625, 14.226228713989258, 0.0]","[597.8090209960938, 4.5, 0.0]",1.6337749295702488,8.0183687210083,-0.363631390273389,,,0.0,-0.0,0.0,-0.0
85.251589,"[847.075439453125, 14.226858139038086, 0.0]","[597.9706420898438, 4.5, 0.0]",1.626502300335095,8.034530639648438,-0.36363146175769634,,,0.0,-0.0,0.0,-0.0
85.272956,"[847.1080932617188, 14.227484703063965, 0.0]","[598.1303100585938, 4.5, 0.0]",1.6192296712429102,8.053831100463867,-0.36363145460923674,,,0.0,-0.0,0.0,-0.0
85.296003,"[847.140625, 14.228109359741211, 0.0]","[598.2913818359375, 4.5, 0.0]",1.6119570419720146,8.063270568847656,-0.36363146354477793,,,0.0,-0.0,0.0,-0.0
85.312083,"[847.1729736328125, 14.228731155395508, 0.0]","[598.4524536132812, 4.5, 0.0]",1.6046844121649884,8.086276054382324,-0.3636314903513127,,,0.0,-0.0,0.0,-0.0
85.33195,"[847.2052001953125, 14.229350090026855, 0.0]","[598.613525390625, 4.5, 0.0]",1.5974117832157722,8.096464157104492,-0.36363144746081044,,,0.0,-0.0,0.0,-0.0
85.352576,"[847.2373046875, 14.229966163635254, 0.0]","[598.7786254882812, 4.5, 0.0]",1.5901391539806196,8.120402336120605,-0.3636314617576297,,,0.0,-0.0,0.0,-0.0
85.371926,"[847.2692260742188, 14.230579376220703, 0.0]","[598.939208984375, 4.5, 0.0]",1.5828665253173397,8.130537033081055,-0.36363143316399116,,,0.0,-0.0,0.0,-0.0
85.391433,"[847.301025390625, 14.231189727783203, 0.0]","[599.1009521484375, 4.5, 0.0]",1.575593895939219,8.154134750366211,-0.3636314689060338,,,0.0,-0.0,0.0,-0.0
85.412798,"[847.3327026367188, 14.231797218322754, 0.0]","[599.2649536132812, 4.5, 0.0]",1.5683212654173566,8.164863586425781,-0.3636315260931222,,,0.0,-0.0,0.0,-0.0
85.431681,"[847.3641967773438, 14.232401847839355, 0.0]","[599.4298706054688, 4.5, 0.0]",1.561048635967754,8.189566612243652,-0.3636314724801304,,,0.0,-0.0,0.0,-0.0
85.452511,"[847.3955688476562, 14.233003616333008, 0.0]","[599.59423828125, 4.5, 0.0]",1.5537760065896358,8.200874328613281,-0.3636314689059117,,,0.0,-0.0,0.0,-0.0
85.472134,"[847.4267578125, 14.233602523803711, 0.0]","[599.7572631835938, 4.5, 0.0]",1.5465033779263548,8.225370407104492,-0.36363143316404667,,,0.0,-0.0,0.0,-0.0
85.4968,"[847.4578247070312, 14.234198570251465, 0.0]","[599.9265747070312, 4.5, 0.0]",1.5392307501923634,8.237224578857422,-0.36363138669956996,,,0.0,-0.0,0.0,-0.0
85.512435,"[847.48876953125, 14.23479175567627, 0.0]","[600.0899047851562, 4.5, 0.0]",1.5319581226013426,8.261985778808594,-0.36363137955104374,,,0.0,-0.0,0.0,-0.0
85.532138,"[847.51953125, 14.235382080078125, 0.0]","[600.254638671875, 4.5, 0.0]",1.5246854952247773,8.27405071258545,-0.3636313688282655,,,0.0,-0.0,0.0,-0.0
85.553527,"[847.5501708984375, 14.235969543457031, 0.0]","[600.4207153320312, 4.5, 0.0]",1.5174128675622782,8.299596786499023,-0.3636313831249516,,,0.0,-0.0,0.0,-0.0
85.571293,"[847.5806884765625, 14.236555099487305, 0.0]","[600.584716796875, 4.5, 0.0]",1.5101402385415774,8.311580657958984,-0.36363145103504024,,,0.0,-0.0,0.0,-0.0
85.593078,"[847.6110229492188, 14.237137794494629, 0.0]","[600.754150390625, 4.5, 0.0]",1.5028676093421658,8.337512016296387,-0.36363145997058144,,,0.0,-0.0,0.0,-0.0
85.612442,"[847.6412353515625, 14.237717628479004, 0.0]","[600.92041015625, 4.5, 0.0]",1.495594979749591,8.349960327148438,-0.3636314796287343,,,0.0,-0.0,0.0,-0.0
85.631492,"[847.6712646484375, 14.23829460144043, 0.0]","[601.0848388671875, 4.5, 0.0]",1.4883223508003747,8.37596607208252,-0.36363144746082154,,,0.0,-0.0,0.0,-0.0
85.652508,"[847.701171875, 14.238868713378906, 0.0]","[601.2550048828125, 4.5, 0.0]",1.4810497215652216,8.389317512512207,-0.36363146175765193,,,0.0,-0.0,0.0,-0.0
85.672036,"[847.73095703125, 14.239439964294434, 0.0]","[601.4210815429688, 4.5, 0.0]",1.4737770922585844,8.415514945983887,-0.3636314653318595,,,0.0,-0.0,0.0,-0.0
85.692624,"[847.7605590820312, 14.240008354187012, 0.0]","[601.5892333984375, 4.5, 0.0]",1.4665044634523368,8.428625106811523,-0.36363144031238415,,,0.0,-0.0,0.0,-0.0
85.712074,"[847.7900390625, 14.24057388305664, 0.0]","[601.7582397460938, 4.5, 0.0]",1.4592318351464781,8.455352783203125,-0.36363141529293097,,,0.0,-0.0,0.0,-0.0
85.731775,"[847.8193359375, 14.24113655090332, 0.0]","[601.9269409179688, 4.5, 0.0]",1.4519592057683566,8.469086647033691,-0.3636314689060782,,,0.0,-0.0,0.0,-0.0
85.752652,"[847.8485107421875, 14.24169635772705, 0.0]","[602.0993041992188, 4.5, 0.0]",1.4446865766761723,8.496599197387695,-0.36363145460921453,,,0.0,-0.0,0.0,-0.0
85.771328,"[847.8775634765625, 14.242253303527832, 0.0]","[602.2677612304688, 4.5, 0.0]",1.437413948227345,8.513638496398926,-0.36363142244136837,,,0.0,-0.0,0.0,-0.0
85.791743,"[847.9064331054688, 14.242807388305664, 0.0]","[602.4371948242188, 4.5, 0.0]",1.4301413200644553,8.534124374389648,-0.36363140814448247,,,0.0,-0.0,0.0,-0.0
85.812415,"[847.9351806640625, 14.243358612060547, 0.0]","[602.60888671875, 4.5, 0.0]",1.4228686909722703,8.555037498474121,-0.36363145460924784,,,0.0,-0.0,0.0,-0.0
85.832729,"[847.9638061523438, 14.243907928466797, 0.0]","[602.7838745117188, 4.5, 0.0]",1.4155960618443435,8.576700210571289,-0.36363145639634054,,,0.0,-0.0,0.0,-0.0
85.851645,"[847.9922485351562, 14.244454383850098, 0.0]","[602.9542846679688, 4.5, 0.0]",1.40832343243048,8.597790718078613,-0.3636314706931709,,,0.0,-0.0,0.0,-0.0
85.872183,"[848.0205688476562, 14.24499797821045, 0.0]","[603.12451171875, 4.5, 0.0]",1.401050803981653,8.618856430053711,-0.36363142244135727,,,0.0,-0.0,0.0,-0.0
85.89273,"[848.0487060546875, 14.245538711547852, 0.0]","[603.2965087890625, 4.5, 0.0]",1.3937781764621229,8.640144348144531,-0.3636313759765031,,,0.0,-0.0,0.0,-0.0
85.912187,"[848.0767211914062, 14.246076583862305, 0.0]","[603.47021484375, 4.5, 0.0]",1.3865055470840002,8.661728858947754,-0.36363146890613374,,,0.0,-0.0,0.0,-0.0
85.931748,"[848.1046142578125, 14.246611595153809, 0.0]","[603.6431884765625, 4.5, 0.0]",1.379232917670136,8.68343448638916,-0.36363147069321533,,,0.0,-0.0,0.0,-0.0
85.95232,"[848.13232421875, 14.247143745422363, 0.0]","[603.8189697265625, 4.5, 0.0]",1.3719602881133037,8.705479621887207,-0.3636314778416083,,,0.0,-0.0,0.0,-0.0
85.971254,"[848.159912109375, 14.247673034667969, 0.0]","[603.9927978515625, 4.5, 0.0]",1.3646876582347944,8.727289199829102,-0.3636314939254648,,,0.0,-0.0,0.0,-0.0
85.991946,"[848.1873168945312, 14.248199462890625, 0.0]","[604.1659545898438, 4.5, 0.0]",1.3574150289996423,8.749007225036621,-0.3636314617576075,,,0.0,-0.0,0.0,-0.0
86.012306,"[848.214599609375, 14.248723030090332, 0.0]","[604.3424682617188, 4.5, 0.0]",1.350142399264103,8.771219253540039,-0.3636314867769608,,,0.0,-0.0,0.0,-0.0
86.032774,"[848.2417602539062, 14.24924373626709, 0.0]","[604.52197265625, 4.5, 0.0]",1.3428697707080486,8.793970108032227,-0.36363142780272417,,,0.0,-0.0,0.0,-0.0
86.052674,"[848.2687377929688, 14.249761581420898, 0.0]","[604.6987915039062, 4.5, 0.0]",1.335597142688124,8.816374778747559,-0.3636314009962338,,,0.0,-0.0,0.0,-0.0
86.07244,"[848.2955932617188, 14.250276565551758, 0.0]","[604.87451171875, 4.5, 0.0]",1.3283245143107802,8.838635444641113,-0.363631418867183,,,0.0,-0.0,0.0,-0.0
86.093172,"[848.3223266601562, 14.250788688659668, 0.0]","[605.0510864257812, 4.5, 0.0]",1.321051885933437,8.861004829406738,-0.36363141886716077,,,0.0,-0.0,0.0,-0.0
86.11228,"[848.348876953125, 14.251298904418945, 0.0]","[605.2251586914062, 4.5, 0.0]",1.3137792567697684,8.88309097290039,-0.36363145818343323,,,0.0,-0.0,0.0,-0.0
86.132368,"[848.3753051757812, 14.251806259155273, 0.0]","[605.4025268554688, 4.5, 0.0]",1.3065066272486796,8.905638694763184,-0.3636314760544379,,,0.0,-0.0,0.0,-0.0
86.152538,"[848.4015502929688, 14.252310752868652, 0.0]","[605.5838012695312, 4.5, 0.0]",1.2992339982994636,8.928680419921875,-0.36363144746079934,,,0.0,-0.0,0.0,-0.0
86.171977,"[848.4276733398438, 14.252812385559082, 0.0]","[605.760498046875, 4.5, 0.0]",1.2919613704225088,8.951141357421875,-0.3636313938477409,,,0.0,-0.0,0.0,-0.0
86.191966,"[848.4536743164062, 14.253311157226562, 0.0]","[605.93896484375, 4.5, 0.0]",1.2846887407941934,8.977161407470703,-0.3636314814157715,,,0.0,-0.0,0.0,-0.0
86.212035,"[848.4794921875, 14.253807067871094, 0.0]","[606.119384765625, 4.5, 0.0]",1.2774161118449774,8.993432998657227,-0.36363144746079934,,,0.0,-0.0,0.0,-0.0
86.232148,"[848.5051879882812, 14.254300117492676, 0.0]","[606.2999267578125, 4.5, 0.0]",1.2701434830387293,9.023065567016602,-0.36363144031240635,,,0.0,-0.0,0.0,-0.0
86.251051,"[848.53076171875, 14.254790306091309, 0.0]","[606.4804077148438, 4.5, 0.0]",1.262870853946545,9.039349555969238,-0.36363145460921453,,,0.0,-0.0,0.0,-0.0
86.272052,"[848.55615234375, 14.255277633666992, 0.0]","[606.6614990234375, 4.5, 0.0]",1.2555982261410747,9.069046020507812,-0.3636313902735111,,,0.0,-0.0,0.0,-0.0
86.292407,"[848.5814208984375, 14.255762100219727, 0.0]","[606.8428955078125, 4.5, 0.0]",1.2483255965485012,9.08544635772705,-0.3636314796286788,,,0.0,-0.0,0.0,-0.0
86.313977,"[848.6065063476562, 14.256243705749512, 0.0]","[607.025390625, 4.5, 0.0]",1.2410529669559287,9.115321159362793,-0.3636314796286233,,,0.0,-0.0,0.0,-0.0
86.331796,"[848.6314697265625, 14.256722450256348, 0.0]","[607.2074584960938, 4.5, 0.0]",1.2337803389360051,9.131814956665039,-0.3636314009961783,,,0.0,-0.0,0.0,-0.0
86.352382,"[848.6563110351562, 14.257198333740234, 0.0]","[607.3922729492188, 4.5, 0.0]",1.2265077099867892,9.161994934082031,-0.36363144746079934,,,0.0,-0.0,0.0,-0.0
86.371147,"[848.6809692382812, 14.257671356201172, 0.0]","[607.5747680664062, 4.5, 0.0]",1.2192350807516366,9.1785364151001,-0.3636314617576297,,,0.0,-0.0,0.0,-0.0
86.392101,"[848.7055053710938, 14.258142471313477, 0.0]","[607.7572631835938, 4.5, 0.0]",1.2119624524457773,9.20842170715332,-0.3636314152929643,,,0.0,-0.0,0.0,-0.0
86.413033,"[848.7298583984375, 14.258610725402832, 0.0]","[607.9442749023438, 4.5, 0.0]",1.2046898230676564,9.225537300109863,-0.3636314689060449,,,0.0,-0.0,0.0,-0.0
86.432651,"[848.7540893554688, 14.259076118469238, 0.0]","[608.1289672851562, 4.5, 0.0]",1.1974171942614085,9.2556791305542,-0.36363144031239525,,,0.0,-0.0,0.0,-0.0
86.452189,"[848.7781982421875, 14.259538650512695, 0.0]","[608.3145751953125, 4.5, 0.0]",1.190144565741097,9.272603988647461,-0.36363142601557596,,,0.0,-0.0,0.0,-0.0
86.471898,"[848.8021240234375, 14.259998321533203, 0.0]","[608.49853515625, 4.5, 0.0]",1.1828719366489124,9.302656173706055,-0.36363145460922564,,,0.0,-0.0,0.0,-0.0
86.491663,"[848.825927734375, 14.260455131530762, 0.0]","[608.6849365234375, 4.5, 0.0]",1.1755993079856328,9.319679260253908,-0.36363143316398006,,,0.0,-0.0,0.0,-0.0
86.512725,"[848.849609375, 14.260909080505371, 0.0]","[608.871826171875, 4.5, 0.0]",1.1683266791793847,9.350123405456543,-0.36363144031240635,,,0.0,-0.0,0.0,-0.0
86.531815,"[848.8731079101562, 14.261360168457031, 0.0]","[609.058837890625, 4.5, 0.0]",1.161054049801264,9.367301940917969,-0.3636314689060338,,,0.0,-0.0,0.0,-0.0
86.552146,"[848.896484375, 14.261808395385742, 0.0]","[609.2482299804688, 4.5, 0.0]",1.153781421137984,9.398123741149902,-0.36363143316400226,,,0.0,-0.0,0.0,-0.0
86.571891,"[848.919677734375, 14.262253761291504, 0.0]","[609.43505859375, 4.5, 0.0]",1.1465087926176727,9.415281295776367,-0.36363142601556486,,,0.0,-0.0,0.0,-0.0
86.59218,"[848.9427490234375, 14.262696266174316, 0.0]","[609.62255859375, 4.5, 0.0]",1.139236164454783,9.445854187011719,-0.36363140814448247,,,0.0,-0.0,0.0,-0.0
86.612138,"[848.9656982421875, 14.26313591003418, 0.0]","[609.8128051757812, 4.5, 0.0]",1.1319635356842774,9.463499069213867,-0.36363143852528035,,,0.0,-0.0,0.0,-0.0
86.632483,"[848.9884643554688, 14.263572692871094, 0.0]","[610.0025634765625, 4.5, 0.0]",1.1246909069495141,9.494538307189941,-0.36363143673816545,,,0.0,-0.0,0.0,-0.0
86.652313,"[849.0111083984375, 14.264007568359375, 0.0]","[610.1941528320312, 4.5, 0.0]",1.117418277571392,9.512469291687012,-0.36363146890611153,,,0.0,-0.0,0.0,-0.0
86.672204,"[849.0335693359375, 14.264439582824707, 0.0]","[610.384521484375, 4.5, 0.0]",1.1101456479788179,9.543585777282715,-0.363631479628701,,,0.0,-0.0,0.0,-0.0
86.691997,"[849.055908203125, 14.26486873626709, 0.0]","[610.5736694335938, 4.5, 0.0]",1.1028730190296017,9.56453800201416,-0.36363144746081044,,,0.0,-0.0,0.0,-0.0
86.713252,"[849.078125, 14.265295028686523, 0.0]","[610.765869140625, 4.5, 0.0]",1.095600389865933,9.585978507995605,-0.36363145818343323,,,0.0,-0.0,0.0,-0.0
86.739608,"[849.1001586914062, 14.265718460083008, 0.0]","[610.9597778320312, 4.5, 0.0]",1.0883277606307808,9.617850303649902,-0.3636314617576075,,,0.0,-0.0,0.0,-0.0
86.751595,"[849.1220703125, 14.266139030456543, 0.0]","[611.1508178710938, 4.5, 0.0]",1.081055131181177,9.636013984680178,-0.363631472480197,,,0.0,-0.0,0.0,-0.0
86.77199,"[849.1438598632812, 14.266556739807129, 0.0]","[611.3428344726562, 4.5, 0.0]",1.0737825018745415,9.667648315429688,-0.3636314653317707,,,0.0,-0.0,0.0,-0.0
86.792378,"[849.1654663085938, 14.266971588134766, 0.0]","[611.5362548828125, 4.5, 0.0]",1.0665098733542289,9.686117172241211,-0.3636314260156315,,,0.0,-0.0,0.0,-0.0
86.811942,"[849.1869506835938, 14.267383575439453, 0.0]","[611.7310791015625, 4.5, 0.0]",1.0592372445479807,9.718233108520508,-0.36363144031240635,,,0.0,-0.0,0.0,-0.0
86.83269,"[849.208251953125, 14.267792701721191, 0.0]","[611.9251708984375, 4.5, 0.0]",1.0519646154915387,9.737198829650879,-0.36363145282209963,,,0.0,-0.0,0.0,-0.0
86.852048,"[849.2294311523438, 14.26819896697998, 0.0]","[612.1216430664062, 4.5, 0.0]",1.0446919869354843,9.769817352294922,-0.36363142780272417,,,0.0,-0.0,0.0,-0.0
86.872164,"[849.25048828125, 14.26860237121582, 0.0]","[612.3168334960938, 4.5, 0.0]",1.0374193593444654,9.788926124572754,-0.3636313795509438,,,0.0,-0.0,0.0,-0.0
86.892133,"[849.2713623046875, 14.269002914428711, 0.0]","[612.5120239257812, 4.5, 0.0]",1.0301467308956385,9.821377754211426,-0.36363142244134616,,,0.0,-0.0,0.0,-0.0
86.912096,"[849.2921142578125, 14.269400596618652, 0.0]","[612.709716796875, 4.5, 0.0]",1.0228741026612655,9.840973854064941,-0.36363141171864566,,,0.0,-0.0,0.0,-0.0
86.931731,"[849.3126831054688, 14.269796371459961, 0.0]","[612.90673828125, 4.5, 0.0]",1.0156014739622445,9.874176979064941,-0.36363143495105055,,,0.0,-0.0,0.0,-0.0
86.952298,"[849.3331298828125, 14.27018928527832, 0.0]","[613.1062622070312, 4.5, 0.0]",1.0083288448700591,9.894381523132324,-0.36363145460927004,,,0.0,-0.0,0.0,-0.0
86.97208,"[849.3534545898438, 14.27057933807373, 0.0]","[613.3036499023438, 4.5, 0.0]",1.0010562153489682,9.927628517150879,-0.36363147605454893,,,0.0,-0.0,0.0,-0.0
86.993303,"[849.3735961914062, 14.270966529846191, 0.0]","[613.5025634765625, 4.5, 0.0]",0.9937835861138149,9.947744369506838,-0.36363146175766303,,,0.0,-0.0,0.0,-0.0
87.012549,"[849.3936157226562, 14.271350860595703, 0.0]","[613.7007446289062, 4.5, 0.0]",0.9865109567356938,9.981283187866211,-0.363631468906056,,,0.0,-0.0,0.0,-0.0
87.031579,"[849.4135131835938, 14.271732330322266, 0.0]","[613.900146484375, 4.5, 0.0]",0.9792383278579617,10.002057075500488,-0.36363144388660285,,,0.0,-0.0,0.0,-0.0
87.055563,"[849.4332275390625, 14.272110939025879, 0.0]","[614.1045532226562, 4.5, 0.0]",0.9719656989802297,10.036857604980469,-0.36363144388660285,,,0.0,-0.0,0.0,-0.0
87.072273,"[849.4528198242188, 14.272486686706543, 0.0]","[614.3042602539062, 4.5, 0.0]",0.9646930709603079,10.057670593261719,-0.3636314009960895,,,0.0,-0.0,0.0,-0.0
87.093275,"[849.4722290039062, 14.272859573364258, 0.0]","[614.50244140625, 4.5, 0.0]",0.9574204419396073,10.091619491577148,-0.36363145103502914,,,0.0,-0.0,0.0,-0.0
87.112375,"[849.4915161132812, 14.273229598999023, 0.0]","[614.7075805664062, 4.5, 0.0]",0.9501478123112913,10.116698265075684,-0.36363148141579926,,,0.0,-0.0,0.0,-0.0
87.132953,"[849.5106811523438, 14.27359676361084, 0.0]","[614.9110717773438, 4.5, 0.0]",0.9428751827187188,10.145269393920898,-0.3636314796286233,,,0.0,-0.0,0.0,-0.0
87.152136,"[849.5296630859375, 14.273961067199707, 0.0]","[615.1134033203125, 4.5, 0.0]",0.9356025540554387,10.173687934875488,-0.3636314331640078,,,0.0,-0.0,0.0,-0.0
87.171862,"[849.5485229492188, 14.274322509765625, 0.0]","[615.31591796875, 4.5, 0.0]",0.9283299252491907,10.202130317687988,-0.3636314403124008,,,0.0,-0.0,0.0,-0.0
87.1928,"[849.5672607421875, 14.27468204498291, 0.0]","[615.519775390625, 4.5, 0.0]",0.9210572965859107,10.230757713317871,-0.3636314331639967,,,0.0,-0.0,0.0,-0.0
87.211922,"[849.5858154296875, 14.275038719177246, 0.0]","[615.7249145507812, 4.5, 0.0]",0.9137846682800517,10.259690284729004,-0.3636314152929532,,,0.0,-0.0,0.0,-0.0
87.230601,"[849.604248046875, 14.275392532348633, 0.0]","[615.93017578125, 4.5, 0.0]",0.9065120390448989,10.288900375366211,-0.36363146175764083,,,0.0,-0.0,0.0,-0.0
87.253044,"[849.6224975585938, 14.27574348449707, 0.0]","[616.138427734375, 4.5, 0.0]",0.8992394102743929,10.318545341491701,-0.363631438525297,,,0.0,-0.0,0.0,-0.0
87.271002,"[849.640625, 14.276091575622559, 0.0]","[616.3438110351562, 4.5, 0.0]",0.8919667806460782,10.3477783203125,-0.3636314814157382,,,0.0,-0.0,0.0,-0.0
87.292213,"[849.6586303710938, 14.276436805725098, 0.0]","[616.5504150390625, 4.5, 0.0]",0.8846941518398301,10.377189636230469,-0.3636314403124008,,,0.0,-0.0,0.0,-0.0
87.312248,"[849.6764526367188, 14.276779174804688, 0.0]","[616.7589111328125, 4.5, 0.0]",0.8774215235339705,10.40704345703125,-0.36363141529298093,,,0.0,-0.0,0.0,-0.0
87.332163,"[849.6941528320312, 14.277118682861328, 0.0]","[616.9686889648438, 4.5, 0.0]",0.8701488947992067,10.437473297119142,-0.3636314367381932,,,0.0,-0.0,0.0,-0.0
87.35226,"[849.711669921875, 14.27745532989502, 0.0]","[617.1781616210938, 4.5, 0.0]",0.8628762659214746,10.467862129211426,-0.36363144388660285,,,0.0,-0.0,0.0,-0.0
87.37259,"[849.7290649414062, 14.277789115905762, 0.0]","[617.3901977539062, 4.5, 0.0]",0.8556036376156163,10.498623847961428,-0.3636314152929143,,,0.0,-0.0,0.0,-0.0
87.395213,"[849.746337890625, 14.278120040893555, 0.0]","[617.6001586914062, 4.5, 0.0]",0.8483310085234315,10.52908992767334,-0.3636314546092423,,,0.0,-0.0,0.0,-0.0
87.412227,"[849.763427734375, 14.278448104858398, 0.0]","[617.80810546875, 4.5, 0.0]",0.8410583794312467,10.559370040893555,-0.36363145460923674,,,0.0,-0.0,0.0,-0.0
87.43093,"[849.7803955078125, 14.278773307800293, 0.0]","[618.0186767578125, 4.5, 0.0]",0.8337857495527374,10.590270042419434,-0.3636314939254648,,,0.0,-0.0,0.0,-0.0
87.451102,"[849.7972412109375, 14.279095649719238, 0.0]","[618.232421875, 4.5, 0.0]",0.8265131193168129,10.621634483337404,-0.3636315117962252,,,0.0,-0.0,0.0,-0.0
87.472312,"[849.8139038085938, 14.27941608428955, 0.0]","[618.4454956054688, 4.5, 0.0]",0.8192404895812783,10.652897834777832,-0.3636314867767332,,,0.0,-0.0,0.0,-0.0
87.492949,"[849.8304443359375, 14.279733657836914, 0.0]","[618.6578369140625, 4.5, 0.0]",0.8119678618472834,10.68405532836914,-0.36363138669974204,,,0.0,-0.0,0.0,-0.0
87.512094,"[849.8468017578125, 14.280048370361328, 0.0]","[618.8715209960938, 4.5, 0.0]",0.8046952338273572,10.71545696258545,-0.3636314009963115,,,0.0,-0.0,0.0,-0.0
87.532303,"[849.863037109375, 14.280360221862793, 0.0]","[619.0864868164062, 4.5, 0.0]",0.7974226055929812,10.750472068786621,-0.3636314117188011,,,0.0,-0.0,0.0,-0.0
87.552385,"[849.879150390625, 14.280669212341309, 0.0]","[619.3037719726562, 4.5, 0.0]",0.790149976643765,10.775826454162598,-0.36363144746081044,,,0.0,-0.0,0.0,-0.0
87.571702,"[849.8950805664062, 14.280975341796875, 0.0]","[619.5176391601562, 4.5, 0.0]",0.7828773482306797,10.81401538848877,-0.36363142065426457,,,0.0,-0.0,0.0,-0.0
87.593246,"[849.910888671875, 14.281278610229492, 0.0]","[619.7342529296875, 4.5, 0.0]",0.775604720014177,10.839267730712892,-0.3636314108251326,,,0.0,-0.0,0.0,-0.0
87.612757,"[849.926513671875, 14.28157901763916, 0.0]","[619.9514770507812, 4.5, 0.0]",0.768332091493867,10.87805461883545,-0.36363142601549825,,,0.0,-0.0,0.0,-0.0
87.630852,"[849.9420166015625, 14.281876564025879, 0.0]","[620.1690063476562, 4.5, 0.0]",0.7610594631165265,10.903770446777344,-0.36363141886702754,,,0.0,-0.0,0.0,-0.0
87.652137,"[849.9573974609375, 14.282171249389648, 0.0]","[620.3893432617188, 4.5, 0.0]",0.7537868352038382,10.9432373046875,-0.36363139563441726,,,0.0,-0.0,0.0,-0.0
87.672997,"[849.9725952148438, 14.282463073730469, 0.0]","[620.6084594726562, 4.5, 0.0]",0.7465142062546214,10.96918296813965,-0.3636314474608382,,,0.0,-0.0,0.0,-0.0
87.692415,"[849.9876708984375, 14.28275203704834, 0.0]","[620.8276977539062, 4.5, 0.0]",0.7392415764118461,11.008491516113281,-0.3636314921387662,,,0.0,-0.0,0.0,-0.0
87.712203,"[850.0026245117188, 14.283038139343262, 0.0]","[621.0476684570312, 4.5, 0.0]",0.7319689472124337,11.034479141235352,-0.3636314599706203,,,0.0,-0.0,0.0,-0.0
87.731696,"[850.0173950195312, 14.283321380615234, 0.0]","[621.268310546875, 4.5, 0.0]",0.7246963178700528,11.073708534240723,-0.36363146711904104,,,0.0,-0.0,0.0,-0.0
87.751422,"[850.0320434570312, 14.283602714538574, 0.0]","[621.4920654296875, 4.5, 0.0]",0.7174236867405722,11.100062370300293,-0.3636315564740311,,,0.0,-0.0,0.0,-0.0
87.771025,"[850.0465087890625, 14.283881187438965, 0.0]","[621.713134765625, 4.5, 0.0]",0.7101510578270982,11.13935661315918,-0.3636314456737011,,,0.0,-0.0,0.0,-0.0
87.793231,"[850.0608520507812, 14.284156799316406, 0.0]","[621.9348754882812, 4.5, 0.0]",0.7028784287706568,11.16541576385498,-0.3636314528220719,,,0.0,-0.0,0.0,-0.0
87.812292,"[850.0750732421875, 14.284429550170898, 0.0]","[622.1613159179688, 4.5, 0.0]",0.6956057993925392,11.20547103881836,-0.3636314689058784,,,0.0,-0.0,0.0,-0.0
87.832992,"[850.089111328125, 14.284699440002441, 0.0]","[622.3860473632812, 4.5, 0.0]",0.6883331701931312,11.231879234313965,-0.36363145997039825,,,0.0,-0.0,0.0,-0.0
87.852539,"[850.10302734375, 14.284966468811035, 0.0]","[622.6107177734375, 4.5, 0.0]",0.6810605411366906,11.27161979675293,-0.363631452822033,,,0.0,-0.0,0.0,-0.0
87.872263,"[850.1168212890625, 14.28523063659668, 0.0]","[622.8355712890625, 4.5, 0.0]",0.6737879133312121,11.29804801940918,-0.3636313902739219,,,0.0,-0.0,0.0,-0.0
87.891587,"[850.1304321289062, 14.285491943359375, 0.0]","[623.0618286132812, 4.5, 0.0]",0.6665152854899963,11.338011741638184,-0.36363139206079254,,,0.0,-0.0,0.0,-0.0
87.912222,"[850.1439208984375, 14.285750389099121, 0.0]","[623.2883911132812, 4.5, 0.0]",0.6592426575951715,11.364486694335938,-0.3636313947412373,,,0.0,-0.0,0.0,-0.0
87.931028,"[850.1572265625, 14.286005973815918, 0.0]","[623.5160522460938, 4.5, 0.0]",0.6519700293965415,11.403979301452637,-0.363631409931503,,,0.0,-0.0,0.0,-0.0
87.952235,"[850.17041015625, 14.286258697509766, 0.0]","[623.7463989257812, 4.5, 0.0]",0.6446974012693983,11.430520057678223,-0.36363140635715663,,,0.0,-0.0,0.0,-0.0
87.971958,"[850.1834716796875, 14.286508560180664, 0.0]","[623.9743041992188, 4.5, 0.0]",0.6374247729992877,11.470049858093262,-0.36363141350553296,,,0.0,-0.0,0.0,-0.0
87.992447,"[850.1963500976562, 14.286755561828613, 0.0]","[624.2031860351562, 4.5, 0.0]",0.6301521442109121,11.496388435363771,-0.36363143941877674,,,0.0,-0.0,0.0,-0.0
88.011988,"[850.2091064453125, 14.28700065612793, 0.0]","[624.4337158203125, 4.5, 0.0]",0.622879514386006,11.536026000976562,-0.3636314912453087,,,0.0,-0.0,0.0,-0.0
88.03202,"[850.2216796875, 14.287242889404297, 0.0]","[624.664794921875, 4.5, 0.0]",0.6156068851508507,11.561803817749023,-0.36363146175776295,,,0.0,-0.0,0.0,-0.0
88.052109,"[850.234130859375, 14.287482261657715, 0.0]","[624.8978271484375, 4.5, 0.0]",0.6083342552008522,11.601194381713867,-0.36363149749992774,,,0.0,-0.0,0.0,-0.0
88.072383,"[850.2464599609375, 14.287718772888184, 0.0]","[625.1295776367188, 4.5, 0.0]",0.6010616262516358,11.630410194396973,-0.363631447460816,,,0.0,-0.0,0.0,-0.0
88.092975,"[850.2586059570312, 14.287952423095703, 0.0]","[625.3616333007812, 4.5, 0.0]",0.5937889965518363,11.662993431091309,-0.3636314849899791,,,0.0,-0.0,0.0,-0.0
88.112036,"[850.2706298828125, 14.288183212280273, 0.0]","[625.595458984375, 4.5, 0.0]",0.5865163673166846,11.695503234863281,-0.3636314617575853,,,0.0,-0.0,0.0,-0.0
88.132044,"[850.2825317382812, 14.288411140441895, 0.0]","[625.8302001953125, 4.5, 0.0]",0.5792437381530171,11.7274169921875,-0.36363145818337217,,,0.0,-0.0,0.0,-0.0
88.151451,"[850.2942504882812, 14.288636207580566, 0.0]","[626.0665893554688, 4.5, 0.0]",0.571971109990124,11.759552955627441,-0.36363140814465456,,,0.0,-0.0,0.0,-0.0
88.171978,"[850.3058471679688, 14.288858413696289, 0.0]","[626.3009033203125, 4.5, 0.0]",0.56469848089794,11.791406631469727,-0.36363145460920343,,,0.0,-0.0,0.0,-0.0
88.191715,"[850.3172607421875, 14.289077758789062, 0.0]","[626.5355224609375, 4.5, 0.0]",0.5574258513411116,11.823307991027832,-0.3636314778414196,,,0.0,-0.0,0.0,-0.0
88.211982,"[850.3285522460938, 14.289294242858887, 0.0]","[626.773681640625, 4.5, 0.0]",0.5501532226420888,11.855180740356445,-0.36363143495113937,,,0.0,-0.0,0.0,-0.0
88.236387,"[850.3397216796875, 14.289507865905762, 0.0]","[627.0115356445312, 4.5, 0.0]",0.5428805939430662,11.885893821716309,-0.36363143495112826,,,0.0,-0.0,0.0,-0.0
88.251519,"[850.3507080078125, 14.289718627929688, 0.0]","[627.2496948242188, 4.5, 0.0]",0.5356079649581084,11.916651725769043,-0.36363144924789204,,,0.0,-0.0,0.0,-0.0
88.272028,"[850.361572265625, 14.289926528930664, 0.0]","[627.4869995117188, 4.5, 0.0]",0.528335336187602,11.947291374206543,-0.3636314385253192,,,0.0,-0.0,0.0,-0.0
88.293645,"[850.3722534179688, 14.290132522583008, 0.0]","[627.7288208007812, 4.5, 0.0]",0.5210627071311603,11.978514671325684,-0.363631452822083,,,0.0,-0.0,0.0,-0.0
88.312132,"[850.3828125, 14.290335655212402, 0.0]","[627.9672241210938, 4.5, 0.0]",0.5137900776636881,12.008751869201662,-0.3636314733736101,,,0.0,-0.0,0.0,-0.0
88.334574,"[850.3932495117188, 14.290535926818848, 0.0]","[628.2086181640625, 4.5, 0.0]",0.5065174484642805,12.038131713867188,-0.3636314599703816,,,0.0,-0.0,0.0,-0.0
88.352189,"[850.4035034179688, 14.290733337402344, 0.0]","[628.4502563476562, 4.5, 0.0]",0.4992447900041636,12.067544937133789,-0.3636329230058438,,,0.0,-0.0,0.0,-0.0
88.371963,"[850.4136352539062, 14.29092788696289, 0.0]","[628.6905517578125, 4.5, 0.0]",0.4919720425824435,12.096794128417969,-0.36363737108600636,,,0.0,-0.0,0.0,-0.0
88.392924,"[850.4236450195312, 14.291119575500488, 0.0]","[628.9329223632812, 4.5, 0.0]",0.484699295089242,12.126301765441895,-0.3636373746600752,,,0.0,-0.0,0.0,-0.0
88.412019,"[850.4334716796875, 14.291308403015137, 0.0]","[629.1751098632812, 4.5, 0.0]",0.4774265473101058,12.155244827270508,-0.3636373889568084,,,0.0,-0.0,0.0,-0.0
88.431951,"[850.4431762695312, 14.291494369506836, 0.0]","[629.41845703125, 4.5, 0.0]",0.4701537994237439,12.183122634887695,-0.36363739431809483,,,0.0,-0.0,0.0,-0.0
88.452805,"[850.4526977539062, 14.291677474975586, 0.0]","[629.6630249023438, 4.5, 0.0]",0.4628810508404115,12.211142539978027,-0.3636374291666217,,,0.0,-0.0,0.0,-0.0
88.472034,"[850.4620971679688, 14.291857719421387, 0.0]","[629.9081420898438, 4.5, 0.0]",0.45560830288256515,12.23922348022461,-0.3636373978923163,,,0.0,-0.0,0.0,-0.0
88.492209,"[850.4713745117188, 14.292035102844238, 0.0]","[630.1519165039062, 4.5, 0.0]",0.44833555535362457,12.270488739013672,-0.3636373764470291,,,0.0,-0.0,0.0,-0.0
88.511556,"[850.48046875, 14.29220962524414, 0.0]","[630.3986206054688, 4.5, 0.0]",0.4410628080748825,12.291431427001955,-0.36363736393710266,,,0.0,-0.0,0.0,-0.0
88.532496,"[850.4894409179688, 14.292381286621094, 0.0]","[630.6450805664062, 4.5, 0.0]",0.43379006036723494,12.324226379394531,-0.3636373853823788,,,0.0,-0.0,0.0,-0.0
88.553515,"[850.498291015625, 14.292550086975098, 0.0]","[630.892822265625, 4.5, 0.0]",0.4265173124451333,12.343825340270996,-0.36363739610508206,,,0.0,-0.0,0.0,-0.0
88.574228,"[850.5069580078125, 14.292716979980469, 0.0]","[631.1387329101562, 4.5, 0.0]",0.41924456380818226,12.376566886901855,-0.36363743184755215,,,0.0,-0.0,0.0,-0.0
88.593013,"[850.5155029296875, 14.29288101196289, 0.0]","[631.3912353515625, 4.5, 0.0]",0.4119718136700642,12.396673202514648,-0.36363750690590335,,,0.0,-0.0,0.0,-0.0
88.611905,"[850.5238647460938, 14.293042182922363, 0.0]","[631.63427734375, 4.5, 0.0]",0.4046990651760889,12.42841625213623,-0.36363742469876503,,,0.0,-0.0,0.0,-0.0
88.631838,"[850.5321044921875, 14.293200492858887, 0.0]","[631.88525390625, 4.5, 0.0]",0.39742631675359813,12.446079254150392,-0.363637421124538,,,0.0,-0.0,0.0,-0.0
88.652407,"[850.5402221679688, 14.293355941772461, 0.0]","[632.1339111328125, 4.5, 0.0]",0.39015356958207237,12.476848602294922,-0.3636373585762881,,,0.0,-0.0,0.0,-0.0
88.671051,"[850.5481567382812, 14.293508529663086, 0.0]","[632.38232421875, 4.5, 0.0]",0.3828808205966463,12.49426555633545,-0.3636374492713035,,,0.0,-0.0,0.0,-0.0
88.693456,"[850.5559692382812, 14.293658256530762, 0.0]","[632.6331787109375, 4.5, 0.0]",0.37560807135209984,12.525249481201172,-0.36363746222732307,,,0.0,-0.0,0.0,-0.0
88.712567,"[850.5635986328125, 14.293805122375488, 0.0]","[632.8836669921875, 4.5, 0.0]",0.36833532278664716,12.542179107666016,-0.363637428272634,,,0.0,-0.0,0.0,-0.0
88.732072,"[850.5711059570312, 14.293949127197266, 0.0]","[633.1348876953125, 4.5, 0.0]",0.3610625754721446,12.570985794067383,-0.36363736572512795,,,0.0,-0.0,0.0,-0.0
88.753092,"[850.5784912109375, 14.294090270996094, 0.0]","[633.38671875, 4.5, 0.0]",0.3537898293907429,12.586503982543945,-0.36363730407008577,,,0.0,-0.0,0.0,-0.0
88.771721,"[850.585693359375, 14.294228553771973, 0.0]","[633.63818359375, 4.5, 0.0]",0.34651708225496874,12.615328788757324,-0.3636373567887069,,,0.0,-0.0,0.0,-0.0
88.792663,"[850.5927734375, 14.294363975524902, 0.0]","[633.8927612304688, 4.5, 0.0]",0.3392443347439052,12.631095886230469,-0.36363737555317743,,,0.0,-0.0,0.0,-0.0
88.812259,"[850.5997314453125, 14.294496536254883, 0.0]","[634.1444091796875, 4.5, 0.0]",0.3319715862231168,12.659133911132812,-0.3636374260394204,,,0.0,-0.0,0.0,-0.0
88.834682,"[850.6065063476562, 14.29462718963623, 0.0]","[634.3963623046875, 4.5, 0.0]",0.32469883724661563,12.672104835510256,-0.36363744882505766,,,0.0,-0.0,0.0,-0.0
88.851711,"[850.6131591796875, 14.294754981994629, 0.0]","[634.6503295898438, 4.5, 0.0]",0.3174260892172857,12.698567390441895,-0.36363740146649615,,,0.0,-0.0,0.0,-0.0
88.872357,"[850.61962890625, 14.294879913330078, 0.0]","[634.9056396484375, 4.5, 0.0]",0.3101533415096366,12.71179485321045,-0.3636373853824565,,,0.0,-0.0,0.0,-0.0
88.892506,"[850.6259765625, 14.295001983642578, 0.0]","[635.1591186523438, 4.5, 0.0]",0.30288059358753433,12.73822021484375,-0.3636373961051126,,,0.0,-0.0,0.0,-0.0
88.91259,"[850.6322021484375, 14.295121192932129, 0.0]","[635.417236328125, 4.5, 0.0]",0.2956078453080081,12.750732421875,-0.36363741397631155,,,0.0,-0.0,0.0,-0.0
88.932308,"[850.6382446289062, 14.29523754119873, 0.0]","[635.6712646484375, 4.5, 0.0]",0.28833509690338394,12.774276733398438,-0.36363742023120815,,,0.0,-0.0,0.0,-0.0
88.953097,"[850.6441650390625, 14.295351028442383, 0.0]","[635.9274291992188, 4.5, 0.0]",0.2810623489991525,12.784627914428713,-0.3636373952115718,,,0.0,-0.0,0.0,-0.0
88.9721,"[850.64990234375, 14.295461654663086, 0.0]","[636.1824340820312, 4.5, 0.0]",0.2737896013808617,12.808235168457031,-0.3636373809145388,,,0.0,-0.0,0.0,-0.0
88.993187,"[850.655517578125, 14.29556941986084, 0.0]","[636.4403076171875, 4.5, 0.0]",0.2665168519486457,12.82203483581543,-0.3636374716108004,,,0.0,-0.0,0.0,-0.0
89.011467,"[850.6610107421875, 14.295674324035645, 0.0]","[636.6954345703125, 4.5, 0.0]",0.25924410361550787,12.838142395019531,-0.3636374166568923,,,0.0,-0.0,0.0,-0.0
89.032671,"[850.6663208007812, 14.2957763671875, 0.0]","[636.9520263671875, 4.5, 0.0]",0.2519713556755326,12.852493286132812,-0.3636373969987644,,,0.0,-0.0,0.0,-0.0
89.053075,"[850.6715087890625, 14.295875549316406, 0.0]","[637.209228515625, 4.5, 0.0]",0.24469860759258916,12.866881370544434,-0.3636374041471713,,,0.0,-0.0,0.0,-0.0
89.072563,"[850.6765747070312, 14.295971870422363, 0.0]","[637.466796875, 4.5, 0.0]",0.2374258584910015,12.881287574768066,-0.3636374550793825,,,0.0,-0.0,0.0,-0.0
89.092504,"[850.6814575195312, 14.296065330505371, 0.0]","[637.7235717773438, 4.5, 0.0]",0.23015310987193408,12.895646095275879,-0.3636374309533716,,,0.0,-0.0,0.0,-0.0
89.112046,"[850.6862182617188, 14.296156883239746, 0.0]","[637.982177734375, 4.5, 0.0]",0.22288036211066425,12.909228324890137,-0.36363738806349105,,,0.0,-0.0,0.0,-0.0
89.132018,"[850.6907958984375, 14.296245574951172, 0.0]","[638.24072265625, 4.5, 0.0]",0.21560761438513748,12.920820236206055,-0.3636373862763387,,,0.0,-0.0,0.0,-0.0
89.151872,"[850.6952514648438, 14.296331405639648, 0.0]","[638.4998168945312, 4.5, 0.0]",0.2083348663379356,12.932435989379883,-0.36363740236009384,,,0.0,-0.0,0.0,-0.0
89.172295,"[850.6995849609375, 14.296414375305176, 0.0]","[638.7606811523438, 4.5, 0.0]",0.20106211831754014,12.94412899017334,-0.36363740101977293,,,0.0,-0.0,0.0,-0.0
89.193371,"[850.7037353515625, 14.296494483947754, 0.0]","[639.0209350585938, 4.5, 0.0]",0.19378937037756402,12.955796241760254,-0.36363739699880604,,,0.0,-0.0,0.0,-0.0
89.212142,"[850.707763671875, 14.296571731567383, 0.0]","[639.2786254882812, 4.5, 0.0]",0.18651662268778274,12.966448783874512,-0.3636373844890642,,,0.0,-0.0,0.0,-0.0
89.23168,"[850.7116088867188, 14.296646118164062, 0.0]","[639.534423828125, 4.5, 0.0]",0.1792438740776448,12.975112915039064,-0.3636374305068968,,,0.0,-0.0,0.0,-0.0
89.251976,"[850.71533203125, 14.296717643737793, 0.0]","[639.7960815429688, 4.5, 0.0]",0.1719711256462189,12.983976364135742,-0.3636374215712959,,,0.0,-0.0,0.0,-0.0
89.271842,"[850.7189331054688, 14.296786308288574, 0.0]","[640.0546264648438, 4.5, 0.0]",0.1646983772237302,12.9927339553833,-0.3636374211244339,,,0.0,-0.0,0.0,-0.0
89.292517,"[850.7223510742188, 14.296852111816406, 0.0]","[640.3150024414062, 4.5, 0.0]",0.1574256293641712,13.001555442810059,-0.36363739297795017,,,0.0,-0.0,0.0,-0.0
89.312471,"[850.7256469726562, 14.296915054321289, 0.0]","[640.5751953125, 4.5, 0.0]",0.15015288147780675,13.009686470031738,-0.3636373943182225,,,0.0,-0.0,0.0,-0.0
89.331163,"[850.7288208007812, 14.296975135803223, 0.0]","[640.8365478515625, 4.5, 0.0]",0.14288013437777033,13.016307830810547,-0.363637355001821,,,0.0,-0.0,0.0,-0.0
89.35218,"[850.7318115234375, 14.297032356262207, 0.0]","[641.095703125, 4.5, 0.0]",0.13560738633950548,13.02287292480469,-0.36363740191324295,,,0.0,-0.0,0.0,-0.0
89.371,"[850.7346801757812, 14.297086715698242, 0.0]","[641.3557739257812, 4.5, 0.0]",0.12833463822082017,13.029460906982422,-0.36363740593426536,,,0.0,-0.0,0.0,-0.0
89.391533,"[850.7373657226562, 14.297139167785645, 0.0]","[641.615966796875, 4.5, 0.0]",0.12106191230679117,13.036051750183107,-0.36363629570144995,,,0.0,-0.0,0.0,-0.0
89.412029,"[850.7399291992188, 14.297188758850098, 0.0]","[641.8778076171875, 4.5, 0.0]",0.11378919495893335,13.045281410217285,-0.36363586739289117,,,0.0,-0.0,0.0,-0.0
89.431344,"[850.7423706054688, 14.297235488891602, 0.0]","[642.1375732421875, 4.5, 0.0]",0.10651647762450614,13.042792320251465,-0.3636358667213603,,,0.0,-0.0,0.0,-0.0
89.451492,"[850.74462890625, 14.297279357910156, 0.0]","[642.4009399414062, 4.5, 0.0]",0.09924375875309452,13.053696632385254,-0.36363594357058104,,,0.0,-0.0,0.0,-0.0
89.472062,"[850.7467651367188, 14.297320365905762, 0.0]","[642.66015625, 4.5, 0.0]",0.09197103906853553,13.051198959350588,-0.36363598422794946,,,0.0,-0.0,0.0,-0.0
89.493397,"[850.748779296875, 14.297358512878418, 0.0]","[642.9257202148438, 4.5, 0.0]",0.0846983201167289,13.062139511108398,-0.3636359475903315,,,0.0,-0.0,0.0,-0.0
89.512057,"[850.7506103515625, 14.297393798828125, 0.0]","[643.1838989257812, 4.5, 0.0]",0.07742560216570224,13.059191703796387,-0.3636358975513329,,,0.0,-0.0,0.0,-0.0
89.531735,"[850.7523193359375, 14.297426223754883, 0.0]","[643.4443359375, 4.5, 0.0]",0.07015288389299745,13.068649291992188,-0.36363591363523934,,,0.0,-0.0,0.0,-0.0
89.551916,"[850.7538452148438, 14.297455787658691, 0.0]","[643.7062377929688, 4.5, 0.0]",0.06288016585708762,13.064786911010742,-0.3636359017954914,,,0.0,-0.0,0.0,-0.0
89.57187,"[850.7552490234375, 14.29748249053955, 0.0]","[643.9672241210938, 4.5, 0.0]",0.055607432739581186,13.074249267578125,-0.3636366558753219,,,0.0,-0.0,0.0,-0.0
89.592202,"[850.7565307617188, 14.297506332397461, 0.0]","[644.2273559570312, 4.5, 0.0]",0.048334698913924105,13.070366859436035,-0.36363669128285403,,,0.0,-0.0,0.0,-0.0
89.612273,"[850.7576293945312, 14.297527313232422, 0.0]","[644.4959106445312, 4.5, 0.0]",0.04106196503021072,13.079455375671387,-0.3636366941856692,,,0.0,-0.0,0.0,-0.0
89.632704,"[850.7586059570312, 14.297545433044434, 0.0]","[644.7564697265625, 4.5, 0.0]",0.033789231830050476,13.074181556701662,-0.3636366600080123,,,0.0,-0.0,0.0,-0.0
89.65199,"[850.7593994140625, 14.297561645507812, 0.0]","[645.0145874023438, 4.5, 0.0]",0.026516504227967138,13.082230567932129,-0.3636363801041669,,,0.0,-0.0,0.0,-0.0
89.673395,"[850.7600708007812, 14.297574996948242, 0.0]","[645.275634765625, 4.5, 0.0]",0.01924377885619624,13.076959609985352,-0.363636268588545,,,0.0,-0.0,0.0,-0.0
89.69245,"[850.7606201171875, 14.297585487365723, 0.0]","[645.5361328125, 4.5, 0.0]",0.011971052658519166,13.085021018981934,-0.36363630988385365,,,0.0,-0.0,0.0,-0.0
89.712945,"[850.760986328125, 14.297593116760254, 0.0]","[645.8004150390625, 4.5, 0.0]",0.004698326119738657,13.079580307006836,-0.3636363269390254,,,0.0,-0.0,0.0,-0.0
89.731654,"[850.76123046875, 14.297597885131836, 0.0]","[646.06005859375, 4.5, 0.0]",0.0025744014719306318,13.087041854858398,-0.10619623239040128,,,0.0,-0.0,0.0,-0.0
89.752414,"[850.7613525390625, 14.297599792480469, 0.0]","[646.322265625, 4.5, 0.0]",0.0012256651925090004,13.081175804138184,-0.06743681397108156,,,0.0,-0.0,0.0,-0.0
89.771905,"[850.7612915039062, 14.297598838806152, 0.0]","[646.5835571289062, 4.5, 0.0]",0.006047062101568994,13.088642120361328,0.2410698454529997,,,0.0,-0.0,0.0,-0.0
89.792579,"[850.7612915039062, 14.297598838806152, 0.0]","[646.8480224609375, 4.5, 0.0]",0.0012256653592050094,13.082782745361328,-0.24106983711819924,,,0.0,-0.0,0.0,-0.0
89.811965,"[850.7611694335938, 14.29759693145752, 0.0]","[647.1077270507812, 4.5, 0.0]",0.006047061761284539,13.09018325805664,0.24106982010397648,,,0.0,-0.0,0.0,-0.0
89.832135,"[850.7611694335938, 14.29759693145752, 0.0]","[647.3684692382812, 4.5, 0.0]",0.0012256657020408436,13.084112167358398,-0.24106980296218478,,,0.0,-0.0,0.0,-0.0
89.851565,"[850.7610473632812, 14.297595024108887, 0.0]","[647.631591796875, 4.5, 0.0]",0.006047061687790699,13.091383934020996,0.24106979928749275,,,0.0,-0.0,0.0,-0.0
89.87082,"[850.7610473632812, 14.297595024108887, 0.0]","[647.8917846679688, 4.5, 0.0]",0.0012256658599647564,13.085311889648438,-0.2410697913912971,,,0.0,-0.0,0.0,-0.0
89.891162,"[850.7609252929688, 14.297593116760254, 0.0]","[648.1541137695312, 4.5, 0.0]",0.00604706179590652,13.092580795288086,0.24106979679708818,,,0.0,-0.0,0.0,-0.0
89.911177,"[850.7609252929688, 14.297593116760254, 0.0]","[648.4176025390625, 4.5, 0.0]",0.0012256657736963103,13.089850425720215,-0.2410698011105105,,,0.0,-0.0,0.0,-0.0
89.931368,"[850.7608032226562, 14.297591209411621, 0.0]","[648.6775512695312, 4.5, 0.0]",0.006047061452333116,13.090446472167969,0.24106978393184028,,,0.0,-0.0,0.0,-0.0
89.952014,"[850.7608032226562, 14.297591209411621, 0.0]","[648.941162109375, 4.5, 0.0]",0.001225665768574384,13.091050148010256,-0.2410697841879366,,,0.0,-0.0,0.0,-0.0
89.972054,"[850.7606811523438, 14.297589302062988, 0.0]","[649.20166015625, 4.5, 0.0]",0.00532066591909943,13.091647148132324,0.2047500075262523,,,0.0,-0.0,0.0,-0.0
89.994569,"[850.7606811523438, 14.297589302062988, 0.0]","[649.4647216796875, 4.5, 0.0]",0.0019520615708679878,13.092249870300293,-0.16843021741157208,,,0.0,-0.0,0.0,-0.0
90.012047,"[850.7605590820312, 14.297587394714355, 0.0]","[649.7263793945312, 4.5, 0.0]",0.00433395118795718,13.092970848083496,0.1190944808544596,,,0.0,-0.0,0.0,-0.0
90.031469,"[850.7606201171875, 14.297588348388672, 0.0]","[649.9871826171875, 4.5, 0.0]",0.00293877596631899,13.093966484069824,-0.06975876108190951,,,0.0,-0.0,0.0,-0.0
90.051521,"[850.7605590820312, 14.297586441040039, 0.0]","[650.2509155273438, 4.5, 0.0]",0.004333951157953483,13.09497356414795,0.06975875958172464,,,0.0,-0.0,0.0,-0.0
90.071269,"[850.7606201171875, 14.297587394714355, 0.0]","[650.5117797851562, 4.5, 0.0]",0.002938776358373003,13.095969200134277,-0.06975873997902399,,,0.0,-0.0,0.0,-0.0
90.091227,"[850.7605590820312, 14.297585487365723, 0.0]","[650.773681640625, 4.5, 0.0]",0.004333951136333845,13.096968650817871,0.06975873889804211,,,0.0,-0.0,0.0,-0.0
90.112182,"[850.7606201171875, 14.297586441040039, 0.0]","[651.0392456054688, 4.5, 0.0]",0.0029387761874727497,13.098172187805178,-0.06975874744305477,,,0.0,-0.0,0.0,-0.0
90.131537,"[850.7605590820312, 14.297584533691406, 0.0]","[651.2972412109375, 4.5, 0.0]",0.004333951251658367,13.099747657775879,0.06975875320928085,,,0.0,-0.0,0.0,-0.0
90.151922,"[850.7606201171875, 14.297585487365723, 0.0]","[651.5613403320312, 4.5, 0.0]",0.0029387761284040354,13.101359367370605,-0.06975875616271657,,,0.0,-0.0,0.0,-0.0
90.170848,"[850.7605590820312, 14.29758358001709, 0.0]","[651.8218383789062, 4.5, 0.0]",0.004333951499009836,13.102950096130371,0.06975876853029003,,,0.0,-0.0,0.0,-0.0
90.191852,"[850.7606201171875, 14.297584533691406, 0.0]","[652.0833740234375, 4.5, 0.0]",0.002938776073435792,13.104546546936035,-0.06975877127870221,,,0.0,-0.0,0.0,-0.0
90.212022,"[850.7605590820312, 14.297582626342773, 0.0]","[652.3477172851562, 4.5, 0.0]",0.004333951144336943,13.106468200683594,0.06975875354505758,,,0.0,-0.0,0.0,-0.0
90.231271,"[850.7606201171875, 14.29758358001709, 0.0]","[652.60791015625, 4.5, 0.0]",0.0029387761424026445,13.109046936035156,-0.06975875009671494,,,0.0,-0.0,0.0,-0.0
90.251335,"[850.7605590820312, 14.297581672668457, 0.0]","[652.8724975585938, 4.5, 0.0]",0.004333950904801079,13.111669540405273,0.06975873811992173,,,0.0,-0.0,0.0,-0.0
90.271813,"[850.7606201171875, 14.297582626342773, 0.0]","[653.1331176757812, 4.5, 0.0]",0.0029387767577156105,13.114253044128418,-0.06975870735427343,,,0.0,-0.0,0.0,-0.0
90.291836,"[850.7605590820312, 14.29758071899414, 0.0]","[653.39501953125, 4.5, 0.0]",0.004333950954561007,13.116848945617676,0.06975870984226983,,,0.0,-0.0,0.0,-0.0
90.312049,"[850.7606201171875, 14.297581672668457, 0.0]","[653.6588134765625, 4.5, 0.0]",0.002938776247850331,13.119708061218262,-0.0697587353355338,,,0.0,-0.0,0.0,-0.0
90.333207,"[850.7605590820312, 14.297579765319824, 0.0]","[653.9212036132812, 4.5, 0.0]",0.00433395070571096,13.126439094543457,0.06975872289303144,,,0.0,-0.0,0.0,-0.0
90.351999,"[850.7606201171875, 14.29758071899414, 0.0]","[654.183349609375, 4.5, 0.0]",0.002938776861599211,13.123165130615234,-0.06975869220558743,,,0.0,-0.0,0.0,-0.0
90.371791,"[850.7605590820312, 14.297578811645508, 0.0]","[654.4449462890625, 4.5, 0.0]",0.004333950622766008,13.133219718933105,0.06975868805833983,,,0.0,-0.0,0.0,-0.0
90.390479,"[850.7606201171875, 14.297579765319824, 0.0]","[654.7072143554688, 4.5, 0.0]",0.0029387767480945227,13.129947662353516,-0.06975869373357425,,,0.0,-0.0,0.0,-0.0
90.411947,"[850.7605590820312, 14.297577857971191, 0.0]","[654.9713745117188, 4.5, 0.0]",0.004333950473216486,13.140277862548828,0.06975868625609814,,,0.0,-0.0,0.0,-0.0
90.431515,"[850.7606201171875, 14.297578811645508, 0.0]","[655.2332153320312, 4.5, 0.0]",0.002938776676501794,13.137791633605957,-0.06975868983573458,,,0.0,-0.0,0.0,-0.0
90.451791,"[850.7605590820312, 14.297576904296875, 0.0]","[655.4967651367188, 4.5, 0.0]",0.004333950745575812,13.14866828918457,0.06975870345370089,,,0.0,-0.0,0.0,-0.0
90.475374,"[850.7606201171875, 14.297577857971191, 0.0]","[655.7601928710938, 4.5, 0.0]",0.0029387767599780975,13.146206855773926,-0.0697586992798857,,,0.0,-0.0,0.0,-0.0
90.49253,"[850.7605590820312, 14.297575950622559, 0.0]","[656.0276489257812, 4.5, 0.0]",0.004333950488559999,13.157146453857422,0.0697586864290951,,,0.0,-0.0,0.0,-0.0
90.512335,"[850.7606201171875, 14.297576904296875, 0.0]","[656.292236328125, 4.5, 0.0]",0.0029387770675470453,13.155027389526367,-0.0697586710506477,,,0.0,-0.0,0.0,-0.0
90.531476,"[850.7605590820312, 14.297574996948242, 0.0]","[656.5494384765625, 4.5, 0.0]",0.0043339502653167074,13.16677188873291,0.06975865988848311,,,0.0,-0.0,0.0,-0.0
90.551944,"[850.7606201171875, 14.297575950622559, 0.0]","[656.8123168945312, 4.5, 0.0]",0.0029387770981406315,13.165291786193848,-0.0697586583588038,,,0.0,-0.0,0.0,-0.0
90.571241,"[850.7605590820312, 14.297574043273926, 0.0]","[657.081298828125, 4.5, 0.0]",0.004333950326261887,13.17726993560791,0.06975866140606277,,,0.0,-0.0,0.0,-0.0
90.592349,"[850.7606201171875, 14.297574996948242, 0.0]","[657.3446044921875, 4.5, 0.0]",0.0029387770046029795,13.17579746246338,-0.06975866608294537,,,0.0,-0.0,0.0,-0.0
90.612418,"[850.7605590820312, 14.29757308959961, 0.0]","[657.609375, 4.5, 0.0]",0.00433395029504284,13.187883377075195,0.069758664521993,,,0.0,-0.0,0.0,-0.0
90.631947,"[850.7606201171875, 14.297574043273926, 0.0]","[657.8675537109375, 4.5, 0.0]",0.002938776968452493,13.186887741088867,-0.06975866632951734,,,0.0,-0.0,0.0,-0.0
90.652133,"[850.7605590820312, 14.297572135925293, 0.0]","[658.1329956054688, 4.5, 0.0]",0.004333950411225381,13.199386596679688,0.06975867213864438,,,0.0,-0.0,0.0,-0.0
90.672422,"[850.7606201171875, 14.29757308959961, 0.0]","[658.3961791992188, 4.5, 0.0]",0.0029387767879542775,13.198499679565431,-0.06975868116355516,,,0.0,-0.0,0.0,-0.0
90.692748,"[850.7605590820312, 14.297571182250977, 0.0]","[658.6648559570312, 4.5, 0.0]",0.004333950449081588,13.211071014404297,0.06975868305636554,,,0.0,-0.0,0.0,-0.0
90.711556,"[850.7606201171875, 14.297572135925293, 0.0]","[658.9298706054688, 4.5, 0.0]",0.002938776646702064,13.210351943969727,-0.06975869011897622,,,0.0,-0.0,0.0,-0.0
90.731581,"[850.7605590820312, 14.29757022857666, 0.0]","[659.1910400390625, 4.5, 0.0]",0.004333950375031139,13.223138809204102,0.06975868641645377,,,0.0,-0.0,0.0,-0.0
90.751944,"[850.7606201171875, 14.297571182250977, 0.0]","[659.45458984375, 4.5, 0.0]",0.002938777090541016,13.22264575958252,-0.06975866422450616,,,0.0,-0.0,0.0,-0.0
90.771964,"[850.7605590820312, 14.297569274902344, 0.0]","[659.7223510742188, 4.5, 0.0]",0.004333950128129116,13.235588073730469,0.06975865187940501,,,0.0,-0.0,0.0,-0.0
90.791908,"[850.7606201171875, 14.29757022857666, 0.0]","[659.981689453125, 4.5, 0.0]",0.002938777067047895,13.234995841979982,-0.06975865305406106,,,0.0,-0.0,0.0,-0.0
90.810976,"[850.7605590820312, 14.297568321228027, 0.0]","[660.2474975585938, 4.5, 0.0]",0.004333949956557916,13.24794864654541,0.06975864447550106,,,0.0,-0.0,0.0,-0.0
90.830535,"[850.7606201171875, 14.297569274902344, 0.0]","[660.5115966796875, 4.5, 0.0]",0.0029387773517211314,13.25098705291748,-0.06975863024183925,,,0.0,-0.0,0.0,-0.0
90.85215,"[850.7605590820312, 14.297567367553711, 0.0]","[660.7791137695312, 4.5, 0.0]",0.00433395034798018,13.254107475280763,0.06975864981295242,,,0.0,-0.0,0.0,-0.0
90.87198,"[850.7606201171875, 14.297568321228027, 0.0]","[661.0427856445312, 4.5, 0.0]",0.0029387768162690724,13.267138481140137,-0.06975867658555537,,,0.0,-0.0,0.0,-0.0
90.891868,"[850.7605590820312, 14.297566413879395, 0.0]","[661.3074340820312, 4.5, 0.0]",0.004333950281173047,13.26685619354248,0.06975867324519873,,,0.0,-0.0,0.0,-0.0
90.912157,"[850.7606201171875, 14.297567367553711, 0.0]","[661.5745849609375, 4.5, 0.0]",0.002938776937897571,13.27990436553955,-0.06975866716377381,,,0.0,-0.0,0.0,-0.0
90.931269,"[850.7605590820312, 14.297565460205078, 0.0]","[661.8385620117188, 4.5, 0.0]",0.004333950384768934,13.279392242431642,0.06975867234356817,,,0.0,-0.0,0.0,-0.0
90.951907,"[850.7606201171875, 14.297566413879395, 0.0]","[662.10693359375, 4.5, 0.0]",0.0029387767159250833,13.292317390441895,-0.06975868344219255,,,0.0,-0.0,0.0,-0.0
90.971273,"[850.7605590820312, 14.297564506530762, 0.0]","[662.3758544921875, 4.5, 0.0]",0.004333950455632373,13.291921615600586,0.06975868698536447,,,0.0,-0.0,0.0,-0.0
90.992106,"[850.7606201171875, 14.297565460205078, 0.0]","[662.6416625976562, 4.5, 0.0]",0.002938776827557308,13.304787635803223,-0.06975868140375323,,,0.0,-0.0,0.0,-0.0
91.011941,"[850.7605590820312, 14.297563552856445, 0.0]","[662.903564453125, 4.5, 0.0]",0.004333950639190684,13.304222106933594,0.06975869058166882,,,0.0,-0.0,0.0,-0.0
91.032043,"[850.7606201171875, 14.297564506530762, 0.0]","[663.1741333007812, 4.5, 0.0]",0.0029387768032196403,13.317185401916504,-0.06975869179855221,,,0.0,-0.0,0.0,-0.0
91.051138,"[850.7605590820312, 14.297562599182129, 0.0]","[663.4375, 4.5, 0.0]",0.004333950691181801,13.316645622253418,0.06975869439810801,,,0.0,-0.0,0.0,-0.0
91.072287,"[850.7606201171875, 14.297563552856445, 0.0]","[663.7075805664062, 4.5, 0.0]",0.002938776606221166,13.329597473144531,-0.06975870424803174,,,0.0,-0.0,0.0,-0.0
91.093178,"[850.7605590820312, 14.297561645507812, 0.0]","[663.9690551757812, 4.5, 0.0]",0.004333950485912057,13.329011917114258,0.06975869398454454,,,0.0,-0.0,0.0,-0.0
91.112465,"[850.7606201171875, 14.297562599182129, 0.0]","[664.2387084960938, 4.5, 0.0]",0.0029387767208792622,13.341760635375977,-0.06975868825163972,,,0.0,-0.0,0.0,-0.0
91.132257,"[850.7605590820312, 14.297560691833496, 0.0]","[664.5022583007812, 4.5, 0.0]",0.004333950396591107,13.340618133544922,0.06975868378559223,,,0.0,-0.0,0.0,-0.0
91.154277,"[850.7606201171875, 14.297561645507812, 0.0]","[664.7763061523438, 4.5, 0.0]",0.002938776719028112,13.353033065795898,-0.06975868387814974,,,0.0,-0.0,0.0,-0.0
91.171305,"[850.7605590820312, 14.29755973815918, 0.0]","[665.0419921875, 4.5, 0.0]",0.004333950310606219,13.351935386657715,0.06975867957890536,,,0.0,-0.0,0.0,-0.0
91.191698,"[850.7606201171875, 14.297560691833496, 0.0]","[665.3035888671875, 4.5, 0.0]",0.0029387768307811654,13.36408805847168,-0.06975867399125268,,,0.0,-0.0,0.0,-0.0
91.212059,"[850.7605590820312, 14.297558784484863, 0.0]","[665.57177734375, 4.5, 0.0]",0.004333950613179069,13.362613677978516,0.06975868911989516,,,0.0,-0.0,0.0,-0.0
91.231339,"[850.7606201171875, 14.29755973815918, 0.0]","[665.8380737304688, 4.5, 0.0]",0.0029387767732789636,13.373461723327637,-0.06975869199500526,,,0.0,-0.0,0.0,-0.0
91.251967,"[850.7605590820312, 14.297557830810547, 0.0]","[666.1079711914062, 4.5, 0.0]",0.004333950189668744,13.374363899230957,0.06975867081948901,,,0.0,-0.0,0.0,-0.0
91.272752,"[850.7606201171875, 14.297558784484863, 0.0]","[666.3741455078125, 4.5, 0.0]",0.0029387771235873544,13.378541946411133,-0.06975865330406947,,,0.0,-0.0,0.0,-0.0
91.292738,"[850.7605590820312, 14.29755687713623, 0.0]","[666.640869140625, 4.5, 0.0]",0.00433395004226588,13.382729530334473,0.06975864593392626,,,0.0,-0.0,0.0,-0.0
91.312044,"[850.7606201171875, 14.297557830810547, 0.0]","[666.9105224609375, 4.5, 0.0]",0.0029387772854196402,13.386959075927734,-0.06975863784231197,,,0.0,-0.0,0.0,-0.0
91.33161,"[850.7605590820312, 14.297555923461914, 0.0]","[667.1766967773438, 4.5, 0.0]",0.0043339496294901554,13.391130447387695,0.06975861720352576,,,0.0,-0.0,0.0,-0.0
91.351928,"[850.7606201171875, 14.29755687713623, 0.0]","[667.446533203125, 4.5, 0.0]",0.0029387774598769586,13.395359992980957,-0.06975860848065984,,,0.0,-0.0,0.0,-0.0
91.3717,"[850.7605590820312, 14.297554969787598, 0.0]","[667.713134765625, 4.5, 0.0]",0.0043339496868153235,13.399538040161133,0.06975861134691824,,,0.0,-0.0,0.0,-0.0
91.391832,"[850.7606201171875, 14.297555923461914, 0.0]","[667.9806518554688, 4.5, 0.0]",0.0029387776943238853,13.403730392456055,-0.06975859962457191,,,0.0,-0.0,0.0,-0.0
91.411983,"[850.7605590820312, 14.297554016113281, 0.0]","[668.2498779296875, 4.5, 0.0]",0.004333949055254539,13.407886505126953,0.06975856804653267,,,0.0,-0.0,0.0,-0.0
91.431216,"[850.7606201171875, 14.297554969787598, 0.0]","[668.516845703125, 4.5, 0.0]",0.002938778379734818,13.411866188049316,-0.06975853377598604,,,0.0,-0.0,0.0,-0.0
91.452047,"[850.7605590820312, 14.297553062438965, 0.0]","[668.787109375, 4.5, 0.0]",0.004333948631577968,13.4158935546875,0.06975851259215747,,,0.0,-0.0,0.0,-0.0
91.471884,"[850.7606201171875, 14.297554016113281, 0.0]","[669.0547485351562, 4.5, 0.0]",0.0029387784275314876,13.419882774353027,-0.069758510202324,,,0.0,-0.0,0.0,-0.0
91.492315,"[850.7605590820312, 14.297552108764648, 0.0]","[669.3230590820312, 4.5, 0.0]",0.0043339488642779745,13.423880577087402,0.06975852183732434,,,0.0,-0.0,0.0,-0.0
91.512074,"[850.7606201171875, 14.297553062438965, 0.0]","[669.5924072265625, 4.5, 0.0]",0.002938778478157803,13.42789363861084,-0.06975851930600858,,,0.0,-0.0,0.0,-0.0
91.530839,"[850.7605590820312, 14.297551155090332, 0.0]","[669.8598022460938, 4.5, 0.0]",0.004333949169899953,13.431872367858887,0.0697585345871075,,,0.0,-0.0,0.0,-0.0
91.55203,"[850.7606201171875, 14.297552108764648, 0.0]","[670.1295776367188, 4.5, 0.0]",0.0029387779698326955,13.435886383056642,-0.06975856000336286,,,0.0,-0.0,0.0,-0.0
91.571932,"[850.7605590820312, 14.297550201416016, 0.0]","[670.3977661132812, 4.5, 0.0]",0.00433394931999491,13.439877510070804,0.06975856750811073,,,0.0,-0.0,0.0,-0.0
91.591782,"[850.7606201171875, 14.297551155090332, 0.0]","[670.6658325195312, 4.5, 0.0]",0.0029387780111182447,13.443866729736328,-0.06975856544383327,,,0.0,-0.0,0.0,-0.0
91.612141,"[850.7605590820312, 14.2975492477417, 0.0]","[670.9360961914062, 4.5, 0.0]",0.004333949104819114,13.44788646697998,0.06975855468504344,,,0.0,-0.0,0.0,-0.0
91.632443,"[850.7606201171875, 14.297550201416016, 0.0]","[671.2037963867188, 4.5, 0.0]",0.0029387784087364613,13.451865196228027,-0.06975853480413262,,,0.0,-0.0,0.0,-0.0
91.65099,"[850.7605590820312, 14.297548294067383, 0.0]","[671.4749145507812, 4.5, 0.0]",0.004333949108277277,13.455892562866211,0.06975853497704078,,,0.0,-0.0,0.0,-0.0
91.67164,"[850.7606201171875, 14.2975492477417, 0.0]","[671.7434692382812, 4.5, 0.0]",0.0029387781281391017,13.463217735290527,-0.06975854900690877,,,0.0,-0.0,0.0,-0.0
91.69145,"[850.7605590820312, 14.297547340393066, 0.0]","[672.011962890625, 4.5, 0.0]",0.00433394929733182,13.460538864135742,0.06975855845963591,,,0.0,-0.0,0.0,-0.0
91.711904,"[850.7606201171875, 14.297548294067383, 0.0]","[672.2830810546875, 4.5, 0.0]",0.0029387777651143305,13.471233367919922,-0.06975857661087446,,,0.0,-0.0,0.0,-0.0
91.731246,"[850.7605590820312, 14.29754638671875, 0.0]","[672.5505981445312, 4.5, 0.0]",0.00433394929227723,13.468534469604492,0.06975857635814499,,,0.0,-0.0,0.0,-0.0
91.751968,"[850.7606201171875, 14.297547340393066, 0.0]","[672.822265625, 4.5, 0.0]",0.002938778143379763,13.479233741760254,-0.06975855744487337,,,0.0,-0.0,0.0,-0.0
91.771578,"[850.7605590820312, 14.297545433044434, 0.0]","[673.0897216796875, 4.5, 0.0]",0.004333949449898987,13.476533889770511,0.06975856532596121,,,0.0,-0.0,0.0,-0.0
91.790729,"[850.7606201171875, 14.29754638671875, 0.0]","[673.3593139648438, 4.5, 0.0]",0.0029387778892571827,13.487201690673828,-0.06975857803209022,,,0.0,-0.0,0.0,-0.0
91.811506,"[850.7605590820312, 14.297544479370117, 0.0]","[673.635498046875, 4.5, 0.0]",0.004333949261976188,13.484564781188965,0.06975856863595027,,,0.0,-0.0,0.0,-0.0
91.831139,"[850.7606201171875, 14.297545433044434, 0.0]","[673.8988647460938, 4.5, 0.0]",0.0029387780449624938,13.494938850402832,-0.06975856085068473,,,0.0,-0.0,0.0,-0.0
91.851057,"[850.7605590820312, 14.2975435256958, 0.0]","[674.1712646484375, 4.5, 0.0]",0.004333949117120484,13.492105484008789,0.0697585536078995,,,0.0,-0.0,0.0,-0.0
91.870989,"[850.7606201171875, 14.297544479370117, 0.0]","[674.4396362304688, 4.5, 0.0]",0.002938778010070788,13.50255012512207,-0.06975855535248478,,,0.0,-0.0,0.0,-0.0
91.892023,"[850.7605590820312, 14.297542572021484, 0.0]","[674.7100219726562, 4.5, 0.0]",0.00433394918334851,13.49968719482422,0.06975855866388611,,,0.0,-0.0,0.0,-0.0
91.911111,"[850.7606201171875, 14.2975435256958, 0.0]","[674.9815673828125, 4.5, 0.0]",0.0029387780754789833,13.510176658630371,-0.06975855539347633,,,0.0,-0.0,0.0,-0.0
91.931507,"[850.7605590820312, 14.297541618347168, 0.0]","[675.2496948242188, 4.5, 0.0]",0.004333949189820674,13.50727653503418,0.06975855571708454,,,0.0,-0.0,0.0,-0.0
91.951755,"[850.7606201171875, 14.297542572021484, 0.0]","[675.5218505859375, 4.5, 0.0]",0.0029387780792010623,13.517769813537598,-0.06975855553098058,,,0.0,-0.0,0.0,-0.0
91.97172,"[850.7605590820312, 14.297540664672852, 0.0]","[675.7907104492188, 4.5, 0.0]",0.004333949102698802,13.514880180358887,0.06975855117488697,,,0.0,-0.0,0.0,-0.0
91.991641,"[850.7606201171875, 14.297541618347168, 0.0]","[676.060546875, 4.5, 0.0]",0.002938778157360885,13.525341033935547,-0.06975854726689583,,,0.0,-0.0,0.0,-0.0
92.011171,"[850.7605590820312, 14.297539710998535, 0.0]","[676.3322143554688, 4.5, 0.0]",0.0043339490823552165,13.522428512573242,0.06975854624971657,,,0.0,-0.0,0.0,-0.0
92.031361,"[850.7606201171875, 14.297540664672852, 0.0]","[676.6017456054688, 4.5, 0.0]",0.002938778036911794,13.53268051147461,-0.06975855227217113,,,0.0,-0.0,0.0,-0.0
92.051253,"[850.7605590820312, 14.297538757324219, 0.0]","[676.8744506835938, 4.5, 0.0]",0.004333948782938353,13.529638290405273,0.06975853730132794,,,0.0,-0.0,0.0,-0.0
92.071949,"[850.7606201171875, 14.297539710998535, 0.0]","[677.1438598632812, 4.5, 0.0]",0.0029387784571584686,13.539889335632324,-0.06975851628899421,,,0.0,-0.0,0.0,-0.0
92.091139,"[850.7605590820312, 14.297537803649902, 0.0]","[677.4151611328125, 4.5, 0.0]",0.004333948850663938,13.536828041076662,0.0697585196752735,,,0.0,-0.0,0.0,-0.0
92.11198,"[850.7606201171875, 14.297538757324219, 0.0]","[677.6867065429688, 4.5, 0.0]",0.0029387785921563526,13.54710578918457,-0.0697585129253793,,,0.0,-0.0,0.0,-0.0
92.131457,"[850.7605590820312, 14.297536849975586, 0.0]","[677.9563598632812, 4.5, 0.0]",0.004333949136409606,13.544018745422363,0.06975852721266267,,,0.0,-0.0,0.0,-0.0
92.151895,"[850.7606201171875, 14.297537803649902, 0.0]","[678.22998046875, 4.5, 0.0]",0.0029387781458212322,13.554319381713867,-0.06975854952941869,,,0.0,-0.0,0.0,-0.0
92.171837,"[850.7605590820312, 14.29753589630127, 0.0]","[678.4985961914062, 4.5, 0.0]",0.004333949127325899,13.55121898651123,0.06975854907523334,,,0.0,-0.0,0.0,-0.0
92.191404,"[850.7606201171875, 14.297536849975586, 0.0]","[678.7693481445312, 4.5, 0.0]",0.0029387780471324984,13.561482429504395,-0.06975855400967003,,,0.0,-0.0,0.0,-0.0
92.211954,"[850.7605590820312, 14.297534942626953, 0.0]","[678.9589233398438, 4.5, 0.0]",0.004333949114040676,13.56066608428955,0.0697585533454089,,,0.0,-0.0,0.0,-0.0
