time[s],position_ego[m],position_pre[m],speed_ego[m/s],speed_pre[m/s],acceleration_ego[m/s2],headway[m],deltav[m/s],engine_throttle,engine_brake,Controller_throttle,Controller_brake
0.056727,"[5.0, 4.5, 0.0]","[13.0, 4.5, 0.0]",0.007272727321833372,0.15600000321865082,0.3636363660916686,,,0.0,-0.0,0.0,-0.0
0.1018,"[5.0, 4.5, 0.0]","[13.0, 4.5, 0.0]",0.00421274034306407,0.15600000321865082,-0.15299934893846512,8.0,0.14872727589681745,0.0,-0.0,0.0,-0.0
0.121194,"[5.000145435333252, 4.5, 0.0]","[13.000399589538574, 4.5, 0.0]",0.01148546766489749,0.15661534667015076,0.36363636609167105,8.0,0.15178726287558675,0.0,-0.0,0.0,-0.0
0.138249,"[5.000229835510254, 4.5, 0.0]","[13.004094123840332, 4.5, 0.0]",0.018758194521076965,0.16229887306690216,0.3636363428089737,8.000254154205322,0.14512987900525326,0.0,-0.0,0.0,-0.0
0.14627,"[5.000459671020508, 4.5, 0.0]","[13.007012367248535, 4.5, 0.0]",0.026030922308614007,0.1667889803647995,0.3636363893768521,8.003864288330078,0.1435406785458252,0.0,-0.0,0.0,-0.0
0.166503,"[5.000834941864014, 4.5, 0.0]","[13.010397911071777, 4.5, 0.0]",0.03330364823346285,0.17199626564979553,0.3636362962424422,8.006552696228027,0.1407580580561855,0.0,-0.0,0.0,-0.0
0.195569,"[5.0013556480407715, 4.5, 0.0]","[13.013772964477539, 4.5, 0.0]",0.04057636857036524,0.17718973755836487,0.36363601684511954,8.00956296920748,0.13869261741633268,0.0,-0.0,0.0,-0.0
0.206222,"[5.002021789550781, 4.5, 0.0]","[13.017110824584961, 4.5, 0.0]",0.04148080945017343,0.18230058252811432,0.0452220439904092,8.012417316436697,0.13661336898799964,0.0,-0.0,0.0,-0.0
0.227682,"[5.002833366394043, 4.5, 0.0]","[13.021149635314941, 4.5, 0.0]",0.048753529787064036,0.1880703568458557,0.36363601684453045,8.015089035033895,0.14081977307794089,0.0,-0.0,0.0,-0.0
0.246883,"[5.003663063049316, 4.5, 0.0]","[13.025041580200195, 4.5, 0.0]",0.04148080945016562,0.19363075494766235,-0.36363601684492075,8.018316268920827,0.13931682705879167,0.0,-0.0,0.0,-0.0
0.270022,"[5.004638195037842, 4.5, 0.0]","[13.02901840209961, 4.5, 0.0]",0.048753529787091424,0.19931167364120483,0.36363601684629016,8.021378517150879,0.15214994549749672,0.0,-0.0,0.0,-0.0
0.287743,"[5.005467891693115, 4.5, 0.0]","[13.032877922058105, 4.5, 0.0]",0.041480809450165114,0.2048250287771225,-0.36363601684631547,8.024380207061768,0.15055814385411342,0.0,-0.0,0.0,-0.0
0.306557,"[5.006443023681641, 4.5, 0.0]","[13.036754608154297, 4.5, 0.0]",0.03420808911324225,0.21033935248851776,-0.36363601684614305,8.027410030364349,0.1633442193269574,0.0,-0.0,0.0,-0.0
0.328259,"[5.007272720336914, 4.5, 0.0]","[13.041275978088379, 4.5, 0.0]",0.026935363188390564,0.21636748313903809,-0.3636362962425844,8.030311584472656,0.17613126337527552,0.0,-0.0,0.0,-0.0
0.349318,"[5.0079569816589355, 4.5, 0.0]","[13.045795440673828, 4.5, 0.0]",0.019662635400897674,0.22239422798156738,-0.3636363893746445,8.034003257750824,0.18943211995064752,-0.0,0.0,-0.0,0.0
0.367289,"[5.008495807647705, 4.5, 0.0]","[13.05029296875, 4.5, 0.0]",0.01238990761340503,0.22839029133319855,-0.36363638937463216,8.037838459014822,0.2027315925806697,-0.0,0.0,-0.0,0.0
0.387193,"[5.008889198303223, 4.5, 0.0]","[13.054811477661133, 4.5, 0.0]",0.005117179825913687,0.23441480100154877,-0.36363638937456716,8.041797161102224,0.21600038371979352,-0.0,0.0,-0.0,0.0
0.406668,"[5.009137153625488, 4.5, 0.0]","[13.059318542480469, 4.5, 0.0]",0.0021555474960647564,0.240398570895195,-0.14808161649244653,8.04592227935791,0.22929762117563507,-0.0,0.0,-0.0,0.0
0.428018,"[5.009239673614502, 4.5, 0.0]","[13.064452171325684, 4.5, 0.0]",0.00942827481778347,0.246815025806427,0.3636363660859357,8.05018138885491,0.23824302339913025,-0.0,0.0,-0.0,0.0
0.448105,"[5.009196758270264, 4.5, 0.0]","[13.069584846496582, 4.5, 0.0]",0.016701001673937087,0.2532314956188202,0.3636363428076808,8.055212497710896,0.23738675098864354,-0.0,0.0,-0.0,0.0
0.467988,"[5.009008407592773, 4.5, 0.0]","[13.074746131896973, 4.5, 0.0]",0.02226289361716397,0.2596825063228607,0.2780945971613442,8.060388088226318,0.2365304939448831,-0.0,0.0,-0.0,0.0
0.488107,"[5.008674621582031, 4.5, 0.0]","[13.079824447631836, 4.5, 0.0]",0.014990165829664025,0.25936365127563477,-0.3636363893749973,8.0657377243042,0.23741961270569675,-0.0,0.0,-0.0,0.0
0.507768,"[5.0082292556762695, 4.5, 0.0]","[13.084952354431152, 4.5, 0.0]",0.019523797556758874,0.2724149227142334,0.22668158635474248,8.071149826049805,0.24437348544597073,-0.0,0.0,-0.0,0.0
0.529339,"[5.00792932510376, 4.5, 0.0]","[13.0908784866333, 4.5, 0.0]",0.01225106976926386,0.27271929383277893,-0.3636363893747507,8.076723098754812,0.25289112515747453,-0.0,0.0,-0.0,0.0
0.54747,"[5.007538795471191, 4.5, 0.0]","[13.0966157913208, 4.5, 0.0]",0.013142740353967083,0.28613629937171936,0.04458352923516111,8.082949161529541,0.26046822406351505,-0.0,0.0,-0.0,0.0
0.56702,"[5.007293701171875, 4.5, 0.0]","[13.102401733398438, 4.5, 0.0]",0.0058700125664687885,0.2862768769264222,-0.3636363893749147,8.089076995849323,0.2729935590177523,-0.0,0.0,-0.0,0.0
0.587856,"[5.007030963897705, 4.5, 0.0]","[13.108216285705566, 4.5, 0.0]",0.013062203302979471,0.2997838854789734,0.3596095368255341,8.095108032226277,0.2804068643599534,-0.0,0.0,-0.0,0.0
0.606858,"[5.006913661956787, 4.5, 0.0]","[13.114019393920898, 4.5, 0.0]",0.005789475515491942,0.2999102771282196,-0.3636363893743764,8.101185321807861,0.2867216821759939,-0.0,0.0,-0.0,0.0
0.628462,"[5.006652355194092, 4.5, 0.0]","[13.120521545410156, 4.5, 0.0]",0.0027528984938136407,0.31380194425582886,-0.15182885108391506,8.107105731964111,0.2941208016127277,-0.0,0.0,-0.0,0.0
0.646842,"[5.006536483764648, 4.5, 0.0]","[13.126829147338867, 4.5, 0.0]",0.004494024440667869,0.31414368748664856,0.08705629734271139,8.113869190216064,0.3110490457620152,-0.0,0.0,-0.0,0.0
0.666775,"[5.006481647491455, 4.5, 0.0]","[13.133316993713379, 4.5, 0.0]",0.002778702881224909,0.3280189037322998,-0.08576607797214797,8.120292663574146,0.3096496630459807,-0.0,0.0,-0.0,0.0
0.687321,"[5.006392002105713, 4.5, 0.0]","[13.13996696472168, 4.5, 0.0]",0.00449402444064949,0.3320741355419159,0.08576607797122905,8.126835346221275,0.3252402008510749,-0.0,0.0,-0.0,0.0
0.70697,"[5.006447792053223, 4.5, 0.0]","[13.146467208862305, 4.5, 0.0]",0.002778702881278649,0.33926352858543396,-0.08576607796854205,8.133574962614164,0.3275801111012664,-0.0,0.0,-0.0,0.0
0.728414,"[5.0063581466674805, 4.5, 0.0]","[13.153738021850586, 4.5, 0.0]",0.0037542695645549993,0.34691697359085083,0.04877833416381751,8.14001941680901,0.33648482570415533,-0.0,0.0,-0.0,0.0
0.747399,"[5.00641393661499, 4.5, 0.0]","[13.160904884338379, 4.5, 0.0]",0.003518457757369615,0.3544617295265198,-0.011790590359269217,8.147379875182455,0.34316270402629584,-0.0,0.0,-0.0,0.0
0.766758,"[5.006339073181152, 4.5, 0.0]","[13.168124198913574, 4.5, 0.0]",0.00193823245381289,0.36206015944480896,-0.07901126517783624,8.154490947723316,0.35094327176915013,-0.0,0.0,-0.0,0.0
0.789825,"[5.006409645080566, 4.5, 0.0]","[13.175399780273438, 4.5, 0.0]",0.005334495101230151,0.3697195053100587,0.16981313237086304,8.161785125732422,0.36012192699099604,-0.0,0.0,-0.0,0.0
0.806219,"[5.006371021270752, 4.5, 0.0]","[13.182448387145996, 4.5, 0.0]",0.0019382323376413027,0.3771153688430786,-0.1698131381794424,8.168990135192871,0.3643850102088286,-0.0,0.0,-0.0,0.0
0.828316,"[5.0064778327941895, 4.5, 0.0]","[13.190666198730469, 4.5, 0.0]",0.0053344951012887715,0.3853332996368408,0.16981313818237342,8.176077365875244,0.3751771365054373,-0.0,0.0,-0.0,0.0
0.847584,"[5.006439208984375, 4.5, 0.0]","[13.198683738708496, 4.5, 0.0]",0.0019382323372084587,0.3933504223823548,-0.16981313820401564,8.184188365936206,0.37999880453555207,-0.0,0.0,-0.0,0.0
0.86755,"[5.0065460205078125, 4.5, 0.0]","[13.206659317016602, 4.5, 0.0]",0.005334495101124983,0.40132588148117065,0.16981313819582622,8.192244529724121,0.3914121900451463,-0.0,0.0,-0.0,0.0
0.887596,"[5.006507396697998, 4.5, 0.0]","[13.214720726013184, 4.5, 0.0]",0.001938232337164525,0.409387618303299,-0.1698131381980229,8.200113296508789,0.39599138638004566,-0.0,0.0,-0.0,0.0
0.908274,"[5.0066142082214355, 4.5, 0.0]","[13.222765922546387, 4.5, 0.0]",0.005334495101197638,0.4173964262008667,0.1698131382016556,8.208213329315186,0.4074493859661345,-0.0,0.0,-0.0,0.0
0.929685,"[5.006575584411621, 4.5, 0.0]","[13.231484413146973, 4.5, 0.0]",0.0019382323374987115,0.4256997704505921,-0.1698131381849463,8.216151714324878,0.41206193109966904,-0.0,0.0,-0.0,0.0
0.947681,"[5.006682395935059, 4.5, 0.0]","[13.240365028381348, 4.5, 0.0]",0.005334495101366647,0.434157282114029,0.16981313819339675,8.224908828735279,0.42376153811309336,-0.0,0.0,-0.0,0.0
0.968086,"[5.006643772125244, 4.5, 0.0]","[13.249235153198242, 4.5, 0.0]",0.001938232339067866,0.44260507822036743,-0.16981313811493903,8.233682632446289,0.42882278701266235,-0.0,0.0,-0.0,0.0
0.986841,"[5.006750583648682, 4.5, 0.0]","[13.257807731628418, 4.5, 0.0]",0.005263770000118418,0.45076906681060797,0.1662768830525276,8.242591381072707,0.44066684588129956,-0.0,0.0,-0.0,0.0
1.007041,"[5.006711959838867, 4.5, 0.0]","[13.266883850097656, 4.5, 0.0]",0.002008957324649865,0.45937901735305786,-0.16274063377342765,8.251057147979077,0.44550529681048956,-0.0,0.0,-0.0,0.0
1.028296,"[5.00681734085083, 4.5, 0.0]","[13.276592254638672, 4.5, 0.0]",0.003642682685364371,0.4682047367095948,0.08168626803572529,8.260171890258716,0.457370060028408,-0.0,0.0,-0.0,0.0
1.046804,"[5.006777286529541, 4.5, 0.0]","[13.286059379577637, 4.5, 0.0]",0.0036300446378556483,0.47681197524070745,-0.0006319023754361398,8.269774913787842,0.4645620540242304,-0.0,0.0,-0.0,0.0
1.066407,"[5.006850242614746, 4.5, 0.0]","[13.29571533203125, 4.5, 0.0]",0.0036426826846477425,0.4855893552303316,0.0006319023396047108,8.279282093047435,0.4731819306028518,-0.0,0.0,-0.0,0.0
1.087848,"[5.006777763366699, 4.5, 0.0]","[13.305597305297852, 4.5, 0.0]",0.0036300446372479213,0.4945733845233918,-0.0006319023699910596,8.288865089415843,0.48194667254568385,-0.0,0.0,-0.0,0.0
1.107061,"[5.006850719451904, 4.5, 0.0]","[13.315339088439941, 4.5, 0.0]",0.003642682684585481,0.5067299604415894,0.00063190236687799,8.298819541929975,0.49094333988614386,-0.0,0.0,-0.0,0.0
1.128247,"[5.006778240203857, 4.5, 0.0]","[13.325960159301758, 4.5, 0.0]",0.003630044637248697,0.509298861026764,-0.0006319023668391972,8.308488368987375,0.5030872777570039,-0.0,0.0,-0.0,0.0
1.147001,"[5.0068511962890625, 4.5, 0.0]","[13.336498260498047, 4.5, 0.0]",0.0036426826847777947,0.525128960609436,0.0006319023764548778,8.319181919097236,0.5056688163895153,-0.0,0.0,-0.0,0.0
1.168771,"[5.006778717041016, 4.5, 0.0]","[13.347301483154297, 4.5, 0.0]",0.0036300446375831723,0.5278567671775819,-0.0006319023597311244,8.32964706420832,0.5214862779246583,-0.0,0.0,-0.0,0.0
1.18827,"[5.006851673126221, 4.5, 0.0]","[13.357759475708008, 4.5, 0.0]",0.0036426826848775045,0.5436172485351562,0.0006319023647166112,8.340522766112986,0.5242267225399987,-0.0,0.0,-0.0,0.0
1.206986,"[5.006779193878174, 4.5, 0.0]","[13.368322372436523, 4.5, 0.0]",0.003630044637400376,0.5461017489433293,-0.0006319023738564139,8.350907802581492,0.5399745658502787,-0.0,0.0,-0.0,0.0
1.228367,"[5.006852149963379, 4.5, 0.0]","[13.379746437072754, 4.5, 0.0]",0.003642682685096092,0.5622883439064026,0.0006319023847857789,8.361543178557682,0.542471704305929,-0.0,0.0,-0.0,0.0
1.247092,"[5.006779670715332, 4.5, 0.0]","[13.391393661499023, 4.5, 0.0]",0.0036300446376857885,0.5653282999992371,-0.000631902370515163,8.372894287106702,0.5586456612213065,-0.0,0.0,-0.0,0.0
1.266852,"[5.006852626800537, 4.5, 0.0]","[13.402857780456543, 4.5, 0.0]",0.0036426826845866248,0.581548273563385,0.0006319023450418113,8.384613990783022,0.5616982553615513,-0.0,0.0,-0.0,0.0
1.287521,"[5.00678014755249, 4.5, 0.0]","[13.414166450500488, 4.5, 0.0]",0.0036300446374133905,0.5843051075935364,-0.0006319023586617107,8.396005153654814,0.5779055908787983,-0.0,0.0,-0.0,0.0
1.306565,"[5.006853103637695, 4.5, 0.0]","[13.425745010375977, 4.5, 0.0]",0.0036426826846844376,0.6005963087081909,0.0006319023635523516,8.407386302947327,0.580675062956123,-0.0,0.0,-0.0,0.0
1.327415,"[5.006780624389648, 4.5, 0.0]","[13.438268661499023, 4.5, 0.0]",0.00363004463728029,0.6039485931396484,-0.0006319023702073797,8.418891906737088,0.5969536260235064,-0.0,0.0,-0.0,0.0
1.347331,"[5.0068535804748535, 4.5, 0.0]","[13.451021194458008, 4.5, 0.0]",0.0036426826846661484,0.6208171248435974,0.0006319023692929202,8.431488037109077,0.6003185485023681,-0.0,0.0,-0.0,0.0
1.366512,"[5.006781101226807, 4.5, 0.0]","[13.463254928588867, 4.5, 0.0]",0.0036300446372590413,0.6239372491836548,-0.0006319023703553516,8.444167613982481,0.6171744421589312,-0.0,0.0,-0.0,0.0
1.387099,"[5.006854057312012, 4.5, 0.0]","[13.475746154785156, 4.5, 0.0]",0.003642682684585528,0.6405968070030212,0.0006319023663243313,8.456473827360862,0.6203072045463958,-0.0,0.0,-0.0,0.0
1.406709,"[5.006781578063965, 4.5, 0.0]","[13.488298416137695, 4.5, 0.0]",0.003630044637258802,0.6439245939254764,-0.0006319023663363009,8.468892097472468,0.6369541243184357,-0.0,0.0,-0.0,0.0
1.432846,"[5.00685453414917, 4.5, 0.0]","[13.502336502075195, 4.5, 0.0]",0.003642682684632311,0.6609896421432495,0.0006319023686754454,8.48151683807343,0.6402945492882176,-0.0,0.0,-0.0,0.0
1.446613,"[5.006782054901123, 4.5, 0.0]","[13.515325546264648, 4.5, 0.0]",0.0036300446372507854,0.6639447808265686,-0.0006319023690762749,8.49548196792482,0.6573469594586172,-0.0,0.0,-0.0,0.0
1.466326,"[5.006855010986328, 4.5, 0.0]","[13.52879524230957, 4.5, 0.0]",0.003642682684600883,0.6805889010429382,0.0006319023675048756,8.508543491363223,0.6603147361893178,-0.0,0.0,-0.0,0.0
1.489357,"[5.006782531738281, 4.5, 0.0]","[13.542862892150879, 4.5, 0.0]",0.0036300446372598194,0.6843427419662476,-0.0006319023670531753,8.521940231322562,0.6769462183583373,-0.0,0.0,-0.0,0.0
1.50742,"[5.006855487823486, 4.5, 0.0]","[13.556129455566406, 4.5, 0.0]",0.0036426826846289824,0.7007787823677063,0.0006319023684581496,8.536080360412521,0.6807126973289878,-0.0,0.0,-0.0,0.0
1.528198,"[5.0067830085754395, 4.5, 0.0]","[13.570696830749512, 4.5, 0.0]",0.003630044637250607,0.7041586041450503,-0.000631902368918762,8.549273967742618,0.6971360996830773,-0.0,0.0,-0.0,0.0
1.547358,"[5.0068559646606445, 4.5, 0.0]","[13.585326194763184, 4.5, 0.0]",0.003642682684586098,0.7209147214889526,0.0006319023667745354,8.563913822173996,0.7005285595077997,-0.0,0.0,-0.0,0.0
1.567818,"[5.006783485412598, 4.5, 0.0]","[13.599632263183594, 4.5, 0.0]",0.0036300446372571618,0.7241143584251404,-0.0006319023664468027,8.578470230102235,0.7172720388043665,-0.0,0.0,-0.0,0.0
1.587288,"[5.006856441497803, 4.5, 0.0]","[13.613892555236816, 4.5, 0.0]",0.0036426826846449657,0.7406158447265625,0.0006319023693901948,8.59284877777031,0.7204843137878832,-0.0,0.0,-0.0,0.0
1.60675,"[5.006783962249756, 4.5, 0.0]","[13.628390312194824, 4.5, 0.0]",0.003630044637262984,0.7472410202026367,-0.0006319023690990865,8.607036113738326,0.7369731620419175,-0.0,0.0,-0.0,0.0
1.629511,"[5.006856918334961, 4.5, 0.0]","[13.644270896911621, 4.5, 0.0]",0.0036426826846169395,0.7574864029884338,0.0006319023676977769,8.621606349944381,0.7436109755653737,-0.0,0.0,-0.0,0.0
1.64723,"[5.006784439086914, 4.5, 0.0]","[13.659728050231934, 4.5, 0.0]",0.0036300446374124616,0.7674587368965149,-0.0006319023602238943,8.637413978575971,0.7538437203038169,-0.0,0.0,-0.0,0.0
1.669249,"[5.006857395172119, 4.5, 0.0]","[13.675447463989258, 4.5, 0.0]",0.003642682684646185,0.7776002883911133,0.0006319023616861794,8.652943611144329,0.7638286922591024,-0.0,0.0,-0.0,0.0
1.686988,"[5.006784915924072, 4.5, 0.0]","[13.690393447875977, 4.5, 0.0]",0.0036300446372633426,0.7872431874275208,-0.0006319023691421293,8.668590068816446,0.7739576057064671,-0.0,0.0,-0.0,0.0
1.706885,"[5.006857872009277, 4.5, 0.0]","[13.706293106079102, 4.5, 0.0]",0.0036426826845860844,0.7974506020545961,0.0006319023661370896,8.683608531951212,0.7836131427902574,-0.0,0.0,-0.0,0.0
1.728139,"[5.0067853927612305, 4.5, 0.0]","[13.72256851196289, 4.5, 0.0]",0.0036300446372487835,0.8073143362998962,-0.0006319023668650446,8.69943523406913,0.7938079193700099,-0.0,0.0,-0.0,0.0
1.746991,"[5.0068583488464355, 4.5, 0.0]","[13.73929214477539, 4.5, 0.0]",0.0036426826846107643,0.8174500465393066,0.0006319023680990401,8.715783119200964,0.8036842916626474,-0.0,0.0,-0.0,0.0
1.767774,"[5.006785869598389, 4.5, 0.0]","[13.755781173706055, 4.5, 0.0]",0.003630044637699836,0.8274431228637695,-0.0006319023455464206,8.732433795928259,0.8138073638546959,-0.0,0.0,-0.0,0.0
1.787601,"[5.006858825683594, 4.5, 0.0]","[13.772382736206055, 4.5, 0.0]",0.003642682684847282,0.8375047445297241,0.0006319023573723125,8.748995304106968,0.8238130782260698,-0.0,0.0,-0.0,0.0
1.806837,"[5.006786346435547, 4.5, 0.0]","[13.788897514343262, 4.5, 0.0]",0.003630044637296304,0.8474650979042053,-0.0006319023775489029,8.765523910521761,0.8338620618448769,-0.0,0.0,-0.0,0.0
1.828518,"[5.006859302520752, 4.5, 0.0]","[13.806443214416504, 4.5, 0.0]",0.0036426826845870315,0.8574916124343872,0.0006319023645363735,8.782111167907013,0.843835053266909,-0.0,0.0,-0.0,0.0
1.847224,"[5.006786823272705, 4.5, 0.0]","[13.823918342590332, 4.5, 0.0]",0.003630044637275934,0.8674772381782532,-0.000631902365554873,8.799583911895441,0.8538489297498002,-0.0,0.0,-0.0,0.0
1.867178,"[5.00685977935791, 4.5, 0.0]","[13.841570854187012, 4.5, 0.0]",0.0036426826849645824,0.8775643706321716,0.0006319023844324157,8.817131519316924,0.8638471935409773,-0.0,0.0,-0.0,0.0
1.887642,"[5.006787300109863, 4.5, 0.0]","[13.85897445678711, 4.5, 0.0]",0.0036300446376796983,0.8875089883804321,-0.0006319023642442027,8.834711074828789,0.873921687947207,-0.0,0.0,-0.0,0.0
1.906439,"[5.006860256195068, 4.5, 0.0]","[13.8760986328125, 4.5, 0.0]",0.0036426826847715974,0.8972607254981995,0.0006319023545949551,8.852187156676539,0.8838789437427524,-0.0,0.0,-0.0,0.0
1.928917,"[5.0067877769470215, 4.5, 0.0]","[13.89501953125, 4.5, 0.0]",0.003630044637251756,0.9074882864952087,-0.0006319023759920753,8.869238376617117,0.8936180428134278,-0.0,0.0,-0.0,0.0
1.947438,"[5.006860733032227, 4.5, 0.0]","[13.913834571838379, 4.5, 0.0]",0.003642682684753282,0.9176584482192993,0.0006319023750762931,8.88823175430227,0.9038582418579569,-0.0,0.0,-0.0,0.0
1.966295,"[5.00678825378418, 4.5, 0.0]","[13.931593894958496, 4.5, 0.0]",0.003630044638205166,0.9272581934928896,-0.0006319023274057884,8.906973838805836,0.914015765534546,-0.0,0.0,-0.0,0.0
1.987611,"[5.006861209869385, 4.5, 0.0]","[13.95055103302002, 4.5, 0.0]",0.003642682685925576,0.9375051856040955,0.00063190238602049,8.924805641173604,0.9236281488546845,-0.0,0.0,-0.0,0.0
2.006381,"[5.006788730621338, 4.5, 0.0]","[13.968624114990234, 4.5, 0.0]",0.0036300446381014005,0.9472433924674988,-0.0006319023912087661,8.943689823150319,0.9338625029181699,-0.0,0.0,-0.0,0.0
2.027918,"[5.006861686706543, 4.5, 0.0]","[13.988611221313477, 4.5, 0.0]",0.0036426826854116757,0.96082603931427,0.00063190236551376,8.96183538436818,0.9436133478293974,-0.0,0.0,-0.0,0.0
2.047375,"[5.006789207458496, 4.5, 0.0]","[14.007671356201172, 4.5, 0.0]",0.0036300446374955323,0.9639338850975038,-0.000631902395807171,8.981749534606616,0.9571833566288583,-0.0,0.0,-0.0,0.0
2.066524,"[5.006862163543701, 4.5, 0.0]","[14.02715015411377, 4.5, 0.0]",0.0036426826845937323,0.9805898666381836,0.0006319023549100026,9.000882148741958,0.9603038404600083,-0.0,0.0,-0.0,0.0
2.087306,"[5.006789684295654, 4.5, 0.0]","[14.046701431274414, 4.5, 0.0]",0.0036300446372852417,0.9839494228363038,-0.0006319023654245302,9.020287990569749,0.9769471839535898,-0.0,0.0,-0.0,0.0
2.110223,"[5.006862640380859, 4.5, 0.0]","[14.066631317138672, 4.5, 0.0]",0.003642682684802968,1.0007957220077515,0.0006319023758863222,9.039911746978039,0.9803193781990186,-0.0,0.0,-0.0,0.0
2.128441,"[5.0067901611328125, 4.5, 0.0]","[14.08718490600586, 4.5, 0.0]",0.0036300446382397608,1.004155158996582,-0.0006319023281603714,9.059768676757491,0.9971530393229485,-0.0,0.0,-0.0,0.0
2.147581,"[5.006863117218018, 4.5, 0.0]","[14.107608795166016, 4.5, 0.0]",0.0036426826861885165,1.020784616470337,0.0006319023974377894,9.080394744872322,1.0005251143583422,-0.0,0.0,-0.0,0.0
2.167111,"[5.006790637969971, 4.5, 0.0]","[14.12816333770752, 4.5, 0.0]",0.0036300446388478217,1.0241446495056152,-0.0006319023670347439,9.100745677947677,1.0171419337841483,-0.0,0.0,-0.0,0.0
2.187666,"[5.006863594055176, 4.5, 0.0]","[14.148743629455566, 4.5, 0.0]",0.003642682685455779,1.0408505201339722,0.0006319023303978611,9.12137269973682,1.0205146048667675,-0.0,0.0,-0.0,0.0
2.206802,"[5.006791114807129, 4.5, 0.0]","[14.168793678283691, 4.5, 0.0]",0.0036300446374619385,1.043934941291809,-0.0006319023996920192,9.141880035400067,1.0372078374485163,-0.0,0.0,-0.0,0.0
2.228583,"[5.006864070892334, 4.5, 0.0]","[14.19080638885498, 4.5, 0.0]",0.003642682684658453,1.060840129852295,0.0006319023598257319,9.16200256347583,1.040304896654347,-0.0,0.0,-0.0,0.0
2.246763,"[5.006791591644287, 4.5, 0.0]","[14.211797714233398, 4.5, 0.0]",0.003630044637339117,1.0639370679855347,-0.0006319023659668048,9.183942317962321,1.0571974471676364,-0.0,0.0,-0.0,0.0
2.2664,"[5.006864547729492, 4.5, 0.0]","[14.233278274536133, 4.5, 0.0]",0.0036426826846712263,1.0805944204330444,0.0006319023666054649,9.205006122588376,1.0603070233481955,-0.0,0.0,-0.0,0.0
2.28754,"[5.006792068481445, 4.5, 0.0]","[14.255284309387207, 4.5, 0.0]",0.0036300446373618957,1.0841633081436157,-0.0006319023654665322,9.226413726806314,1.0769517377483733,-0.0,0.0,-0.0,0.0
2.306645,"[5.00686502456665, 4.5, 0.0]","[14.276612281799316, 4.5, 0.0]",0.003642682684658534,1.1007163524627686,0.0006319023648319053,9.248492240905023,1.080533263506254,-0.0,0.0,-0.0,0.0
2.328162,"[5.0067925453186035, 4.5, 0.0]","[14.299405097961426, 4.5, 0.0]",0.003630044637333286,1.104180097579956,-0.00063190236626238,9.269747257232337,1.09707366977811,-0.0,0.0,-0.0,0.0
2.347182,"[5.006865501403809, 4.5, 0.0]","[14.321832656860352, 4.5, 0.0]",0.0036426826846293475,1.1208146810531616,0.0006319023648030655,9.29261255264208,1.1005500529426229,-0.0,0.0,-0.0,0.0
2.367071,"[5.006793022155762, 4.5, 0.0]","[14.343835830688477, 4.5, 0.0]",0.003630044637278608,1.123927116394043,-0.000631902367536968,9.314967155456213,1.1171719983685322,-0.0,0.0,-0.0,0.0
2.38728,"[5.006865978240967, 4.5, 0.0]","[14.366410255432129, 4.5, 0.0]",0.0036426826846738367,1.1406269073486328,0.0006319023697614256,9.337042808531969,1.1202970717567644,-0.0,0.0,-0.0,0.0
2.407005,"[5.00679349899292, 4.5, 0.0]","[14.38889217376709, 4.5, 0.0]",0.0036300446372837165,1.1439255475997925,-0.0006319023695060093,9.35954427719083,1.136984224663959,-0.0,0.0,-0.0,0.0
2.427752,"[5.006866455078125, 4.5, 0.0]","[14.41250991821289, 4.5, 0.0]",0.0036426826845895955,1.160642385482788,0.0006319023652939489,9.38209867477342,1.1402955029625088,-0.0,0.0,-0.0,0.0
2.446701,"[5.006793975830078, 4.5, 0.0]","[14.435901641845703, 4.5, 0.0]",0.0036300446372589936,1.16392982006073,-0.0006319023665300912,9.405643463134432,1.1569997027981984,-0.0,0.0,-0.0,0.0
2.467113,"[5.006866931915283, 4.5, 0.0]","[14.460037231445312, 4.5, 0.0]",0.0036426826847163044,1.180867075920105,0.0006319023728655398,9.429107666014872,1.160299775423471,-0.0,0.0,-0.0,0.0
2.487863,"[5.006794452667236, 4.5, 0.0]","[14.483455657958984, 4.5, 0.0]",0.003630044637359002,1.1841657161712646,-0.0006319023678651127,9.453170299529695,1.1772243932353887,-0.0,0.0,-0.0,0.0
2.507031,"[5.006867408752441, 4.5, 0.0]","[14.506494522094727, 4.5, 0.0]",0.0036426826848673525,1.2006100416183472,0.0006319023754175132,9.476661205290991,1.1805356715339057,-0.0,0.0,-0.0,0.0
2.528642,"[5.0067949295043945, 4.5, 0.0]","[14.531550407409668, 4.5, 0.0]",0.0036300446372526268,1.2075036764144902,-0.0006319023807362838,9.49962711334195,1.1969673589334797,-0.0,0.0,-0.0,0.0
2.547316,"[5.0068678855896, 4.5, 0.0]","[14.5559720993042, 4.5, 0.0]",0.003642682684593016,1.214138388633728,0.0006319023670194567,9.524755477904513,1.2038736317772376,-0.0,0.0,-0.0,0.0
2.566868,"[5.006795406341553, 4.5, 0.0]","[14.579975128173828, 4.5, 0.0]",0.003630044637416608,1.2306021451950073,-0.0006319023588203946,9.549104213714262,1.210495705949135,-0.0,0.0,-0.0,0.0
2.588684,"[5.006868362426758, 4.5, 0.0]","[14.604580879211426, 4.5, 0.0]",0.0036426826846378568,1.2339786291122437,0.0006319023610624379,9.573179721831512,1.2269721005575907,-0.0,0.0,-0.0,0.0
2.6076,"[5.006795883178711, 4.5, 0.0]","[14.629644393920898, 4.5, 0.0]",0.0036300446374209596,1.2508409023284912,-0.0006319023608448602,9.597712516784329,1.2303359464276058,-0.0,0.0,-0.0,0.0
2.629061,"[5.006868839263916, 4.5, 0.0]","[14.65515422821045, 4.5, 0.0]",0.00364268268463955,1.2541782855987549,0.0006319023609295147,9.62284851074142,1.2472108576910703,-0.0,0.0,-0.0,0.0
2.647181,"[5.006796360015869, 4.5, 0.0]","[14.680109024047852, 4.5, 0.0]",0.003630044637290385,1.270630955696106,-0.0006319023674582333,9.648285388946192,1.2505356029141153,-0.0,0.0,-0.0,0.0
2.667035,"[5.006869316101074, 4.5, 0.0]","[14.705543518066406, 4.5, 0.0]",0.0036426826845937185,1.273938775062561,0.0006319023651666636,9.67331266403121,1.2670009110588156,-0.0,0.0,-0.0,0.0
2.687882,"[5.006796836853027, 4.5, 0.0]","[14.731182098388672, 4.5, 0.0]",0.0036300446372703327,1.290659785270691,-0.0006319023661692904,9.69867420196499,1.2702960923779674,-0.0,0.0,-0.0,0.0
2.707177,"[5.006869792938232, 4.5, 0.0]","[14.756691932678223, 4.5, 0.0]",0.0036426826847272835,1.2939718961715698,0.0006319023728475421,9.724385261534868,1.2870297406334206,-0.0,0.0,-0.0,0.0
2.728599,"[5.0067973136901855, 4.5, 0.0]","[14.783244132995605, 4.5, 0.0]",0.003630044637365827,1.3106582164764404,-0.0006319023680728241,9.749822139739646,1.2903292134868425,-0.0,0.0,-0.0,0.0
2.746806,"[5.006870269775391, 4.5, 0.0]","[14.809697151184082, 4.5, 0.0]",0.003642682684691517,1.3139739036560059,0.0006319023662844977,9.77644681930464,1.3070281718390746,-0.0,0.0,-0.0,0.0
2.766825,"[5.006797790527344, 4.5, 0.0]","[14.836100578308105, 4.5, 0.0]",0.0036300446372776324,1.3306039571762085,-0.0006319023706942298,9.802826881408345,1.3103312209713143,-0.0,0.0,-0.0,0.0
2.788645,"[5.006870746612549, 4.5, 0.0]","[14.863130569458008, 4.5, 0.0]",0.0036426826845914685,1.3341374397277832,0.0006319023656918077,9.829302787779977,1.3269739125389308,-0.0,0.0,-0.0,0.0
2.806826,"[5.006798267364502, 4.5, 0.0]","[14.889077186584473, 4.5, 0.0]",0.0036300446373042773,1.3505735397338867,-0.0006319023643595618,9.856259822845109,1.3304947570431918,-0.0,0.0,-0.0,0.0
2.828658,"[5.006871223449707, 4.5, 0.0]","[14.917386054992676, 4.5, 0.0]",0.003642682684639775,1.3542009592056274,0.0006319023667748823,9.882278919219182,1.3469434950965824,-0.0,0.0,-0.0,0.0
2.847903,"[5.00679874420166, 4.5, 0.0]","[14.944302558898926, 4.5, 0.0]",0.0036300446372527734,1.3706556558609009,-0.0006319023693500793,9.910514831542617,1.3505582765209876,-0.0,0.0,-0.0,0.0
2.868188,"[5.006871700286865, 4.5, 0.0]","[14.972217559814453, 4.5, 0.0]",0.00364268268458645,1.3741397857666016,0.000631902366683831,9.937503814696472,1.367025611223648,-0.0,0.0,-0.0,0.0
2.888297,"[5.006799221038818, 4.5, 0.0]","[14.999860763549805, 4.5, 0.0]",0.003630044637276929,1.39085853099823,-0.0006319023654760515,9.965345859527234,1.3704971030820152,-0.0,0.0,-0.0,0.0
2.907233,"[5.006872177124023, 4.5, 0.0]","[15.027264595031738, 4.5, 0.0]",0.0036426826846500952,1.3941278457641602,0.000631902368658315,9.993061542510189,1.387228486360953,-0.0,0.0,-0.0,0.0
2.927826,"[5.006799697875977, 4.5, 0.0]","[15.055480003356934, 4.5, 0.0]",0.0036300446372766284,1.4106947183609009,-0.000631902368673342,10.02039241790736,1.39048516307951,-0.0,0.0,-0.0,0.0
2.947623,"[5.006872653961182, 4.5, 0.0]","[15.083937644958496, 4.5, 0.0]",0.0036426826846171095,1.4173465967178345,0.0006319023670240537,10.048680305480154,1.4070646737236243,-0.0,0.0,-0.0,0.0
2.967515,"[5.006800174713135, 4.5, 0.0]","[15.112714767456055, 4.5, 0.0]",0.0036300446372531394,1.4274439811706543,-0.0006319023681985048,10.077064990996957,1.4137039140332173,-0.0,0.0,-0.0,0.0
2.988211,"[5.00687313079834, 4.5, 0.0]","[15.141491889953613, 4.5, 0.0]",0.0036426826846023704,1.4375410079956055,0.0006319023674615509,10.105914592742113,1.423813936533401,-0.0,0.0,-0.0,0.0
3.007287,"[5.006800651550293, 4.5, 0.0]","[15.169855117797852, 4.5, 0.0]",0.003630044637314411,1.447464942932129,-0.0006319023643979642,10.134618759154915,1.4338983253110031,-0.0,0.0,-0.0,0.0
3.028279,"[5.006873607635498, 4.5, 0.0]","[15.198921203613281, 4.5, 0.0]",0.003642682684769302,1.4573179483413696,0.0006319023727445429,10.163054466246747,1.4438348982948146,-0.0,0.0,-0.0,0.0
3.047163,"[5.006801128387451, 4.5, 0.0]","[15.228407859802246, 4.5, 0.0]",0.003630044637519415,1.4673134088516235,-0.0006319023624943437,10.192047595977423,1.4536752656566003,-0.0,0.0,-0.0,0.0
3.067197,"[5.006874084472656, 4.5, 0.0]","[15.258306503295898, 4.5, 0.0]",0.0036426826846601193,1.4774484634399414,0.0006319023570352123,10.22160673141398,1.463683364214104,-0.0,0.0,-0.0,0.0
3.09282,"[5.006801605224609, 4.5, 0.0]","[15.288609504699707, 4.5, 0.0]",0.003630044637302521,1.4877208471298218,-0.0006319023678799229,10.25143241882288,1.4738057807552813,-0.0,0.0,-0.0,0.0
3.108101,"[5.0068745613098145, 4.5, 0.0]","[15.317523956298828, 4.5, 0.0]",0.003642682684587211,1.4974942207336426,0.0006319023642345099,10.281807899474277,1.4840908024925192,-0.0,0.0,-0.0,0.0
3.129885,"[5.006802082061768, 4.5, 0.0]","[15.3479642868042, 4.5, 0.0]",0.0036300446372553377,1.507474660873413,-0.0006319023665936688,10.310649394988648,1.4938515380490553,-0.0,0.0,-0.0,0.0
3.147297,"[5.006875038146973, 4.5, 0.0]","[15.378520965576172, 4.5, 0.0]",0.0036426826846868935,1.5174933671951294,0.0006319023715777895,10.341162204741606,1.5038446162361578,-0.0,0.0,-0.0,0.0
3.166732,"[5.006802558898926, 4.5, 0.0]","[15.408369064331055, 4.5, 0.0]",0.003630044637340312,1.5272794961929321,-0.0006319023673290831,10.371645927428832,1.5138506845104425,-0.0,0.0,-0.0,0.0
3.187857,"[5.006875514984131, 4.5, 0.0]","[15.439558029174805, 4.5, 0.0]",0.003642682684666039,1.5375053882598877,0.0006319023662863625,10.4015665054313,1.5236494515555918,-0.0,0.0,-0.0,0.0
3.208725,"[5.006803035736084, 4.5, 0.0]","[15.470017433166504, 4.5, 0.0]",0.0036300446372838427,1.5474656820297241,-0.0006319023691098201,10.432682514190304,1.5338627055752216,-0.0,0.0,-0.0,0.0
3.228692,"[5.006875991821289, 4.5, 0.0]","[15.501288414001465, 4.5, 0.0]",0.0036426826845867297,1.557393193244934,0.0006319023651443507,10.463214397429585,1.5438356373924402,-0.0,0.0,-0.0,0.0
3.24769,"[5.006803512573242, 4.5, 0.0]","[15.533209800720215, 4.5, 0.0]",0.003630044637291646,1.5675268173217773,-0.0006319023647541897,10.494412422179805,1.5537505105603473,-0.0,0.0,-0.0,0.0
3.266939,"[5.006876468658447, 4.5, 0.0]","[15.563979148864746, 4.5, 0.0]",0.003642682684637959,1.5772948265075684,0.0006319023673156607,10.526406288146132,1.5638967726844857,-0.0,0.0,-0.0,0.0
3.287485,"[5.0068039894104, 4.5, 0.0]","[15.595613479614258, 4.5, 0.0]",0.0036300446373347547,1.5873374938964844,-0.0006319023651602234,10.557102680205926,1.5736521438229305,-0.0,0.0,-0.0,0.0
3.308068,"[5.0068769454956055, 4.5, 0.0]","[15.62757682800293, 4.5, 0.0]",0.0036426826845890204,1.5974594354629517,0.0006319023627132875,10.588809490203012,1.5837074492591496,-0.0,0.0,-0.0,0.0
3.328298,"[5.006804466247559, 4.5, 0.0]","[15.660249710083008, 4.5, 0.0]",0.003630044637248716,1.6075125932693486,-0.0006319023670152283,10.620699882506948,1.5938167527783627,-0.0,0.0,-0.0,0.0
3.347402,"[5.006877422332764, 4.5, 0.0]","[15.692082405090332, 4.5, 0.0]",0.0036426826846299963,1.6173075437545776,0.0006319023690640234,10.653445243834598,1.6038825486320998,-0.0,0.0,-0.0,0.0
3.366696,"[5.006804943084717, 4.5, 0.0]","[15.724443435668945, 4.5, 0.0]",0.003630044637288257,1.6305978298187256,-0.0006319023670869591,10.68520498275719,1.6136648610699476,-0.0,0.0,-0.0,0.0
3.387552,"[5.006877899169922, 4.5, 0.0]","[15.75710678100586, 4.5, 0.0]",0.0036426826846139475,1.633981466293335,0.0006319023662845194,10.717638492583372,1.6269677851814373,-0.0,0.0,-0.0,0.0
3.409497,"[5.006805419921875, 4.5, 0.0]","[15.790243148803711, 4.5, 0.0]",0.003630044637252282,1.6508188247680664,-0.0006319023680832758,10.750228881835557,1.630338783608721,-0.0,0.0,-0.0,0.0
3.429484,"[5.00687837600708, 4.5, 0.0]","[15.823270797729492, 4.5, 0.0]",0.0036426826845893795,1.6540110111236572,0.0006319023668548748,10.783437728880974,1.647188780130814,-0.0,0.0,-0.0,0.0
3.447536,"[5.006805896759033, 4.5, 0.0]","[15.85690975189209, 4.5, 0.0]",0.0036300446372505616,1.6707195043563843,-0.0006319023669408954,10.816392421722028,1.6503683284390678,-0.0,0.0,-0.0,0.0
3.467768,"[5.006878852844238, 4.5, 0.0]","[15.89001178741455, 4.5, 0.0]",0.0036426826845876543,1.6739338636398315,0.0006319023668546362,10.85010385513219,1.6670894597191337,-0.0,0.0,-0.0,0.0
3.488099,"[5.006806373596191, 4.5, 0.0]","[15.924386024475098, 4.5, 0.0]",0.0036300446372601342,1.6908613443374634,-0.0006319023663760043,10.883132934569927,1.6702911809552439,-0.0,0.0,-0.0,0.0
3.508057,"[5.0068793296813965, 4.5, 0.0]","[15.957720756530762, 4.5, 0.0]",0.0036426826845975657,1.6941218376159668,0.0006319023668715715,10.917579650878034,1.6872312997002032,-0.0,0.0,-0.0,0.0
3.528075,"[5.00680685043335, 4.5, 0.0]","[15.991884231567383, 4.5, 0.0]",0.0036300446372616577,1.710691213607788,-0.0006319023667953954,10.950841426848978,1.6904791549313691,-0.0,0.0,-0.0,0.0
3.547372,"[5.006879806518555, 4.5, 0.0]","[16.02676773071289, 4.5, 0.0]",0.0036426826846057774,1.714135766029358,0.0006319023672059828,10.985077381133156,1.7070611689705264,-0.0,0.0,-0.0,0.0
3.566934,"[5.006807327270508, 4.5, 0.0]","[16.06120491027832, 4.5, 0.0]",0.0036300446372519325,1.7307838201522827,-0.0006319023676922475,11.019887924193945,1.710493083344752,-0.0,0.0,-0.0,0.0
3.587339,"[5.006880283355713, 4.5, 0.0]","[16.095096588134766, 4.5, 0.0]",0.003642682684651878,1.7339413166046143,0.000631902369997283,11.05439758300693,1.7271537755150308,-0.0,0.0,-0.0,0.0
3.60916,"[5.006807804107666, 4.5, 0.0]","[16.130455017089844, 4.5, 0.0]",0.0036300446373019658,1.7508326768875122,-0.0006319023674956166,11.08821630477866,1.7302986339199624,-0.0,0.0,-0.0,0.0
3.628193,"[5.006880760192871, 4.5, 0.0]","[16.165376663208008, 4.5, 0.0]",0.0036426826845860063,1.7540026903152466,0.0006319023642020272,11.12364721298129,1.7472026322502103,-0.0,0.0,-0.0,0.0
3.647321,"[5.006808280944824, 4.5, 0.0]","[16.200809478759766, 4.5, 0.0]",0.0036300446372631565,1.7706503868103027,-0.0006319023661424889,11.158495903014742,1.7503600076306607,-0.0,0.0,-0.0,0.0
3.667073,"[5.006881237030029, 4.5, 0.0]","[16.236242294311523, 4.5, 0.0]",0.00364268268458858,1.7739650011062624,0.000631902366271162,11.194001197814048,1.7670203421730395,-0.0,0.0,-0.0,0.0
3.687855,"[5.006808757781982, 4.5, 0.0]","[16.272546768188477, 4.5, 0.0]",0.003630044637248315,1.7908583879470825,-0.0006319023670132333,11.229361057281096,1.7703223184216739,-0.0,0.0,-0.0,0.0
3.707433,"[5.0068817138671875, 4.5, 0.0]","[16.30721092224121, 4.5, 0.0]",0.0036426826845854534,1.7939391136169434,0.0006319023668569131,11.265738010405595,1.7872283433098342,-0.0,0.0,-0.0,0.0
3.728829,"[5.006809234619141, 4.5, 0.0]","[16.344573974609375, 4.5, 0.0]",0.0036300446372565915,1.8108423948287964,-0.0006319023664430948,11.300329208373624,1.790296430932358,-0.0,0.0,-0.0,0.0
3.74716,"[5.006882190704346, 4.5, 0.0]","[16.380905151367188, 4.5, 0.0]",0.003642682684591101,1.81412935256958,0.0006319023667254861,11.33776473998933,1.8072123501915398,-0.0,0.0,-0.0,0.0
3.76713,"[5.006809711456299, 4.5, 0.0]","[16.41745376586914, 4.5, 0.0]",0.003630044637264745,1.8308091163635254,-0.0006319023663178044,11.374022960662439,1.810486669884989,-0.0,0.0,-0.0,0.0
3.787457,"[5.006882667541504, 4.5, 0.0]","[16.453447341918945, 4.5, 0.0]",0.0036426826845948677,1.8340040445327759,0.0006319023665061303,11.41064405441193,1.8271790717262606,-0.0,0.0,-0.0,0.0
3.808181,"[5.006810188293457, 4.5, 0.0]","[16.4906063079834, 4.5, 0.0]",0.0036300446372596585,1.8508282899856567,-0.0006319023667604624,11.446564674377036,1.830361361848181,-0.0,0.0,-0.0,0.0
3.828629,"[5.006883144378662, 4.5, 0.0]","[16.52817153930664, 4.5, 0.0]",0.003642682684604108,1.85417902469635,0.0006319023672224843,11.483796119689025,1.847198245348397,-0.0,0.0,-0.0,0.0
3.848039,"[5.006810665130615, 4.5, 0.0]","[16.56494903564453, 4.5, 0.0]",0.0036300446372534672,1.8706529140472412,-0.0006319023675320458,11.52128839492757,1.850536342011746,-0.0,0.0,-0.0,0.0
3.867445,"[5.00688362121582, 4.5, 0.0]","[16.60256004333496, 4.5, 0.0]",0.0036426826845924196,1.8740159273147583,0.0006319023669476174,11.558138370512994,1.8670228694099877,-0.0,0.0,-0.0,0.0
3.887384,"[5.006811141967773, 4.5, 0.0]","[16.639976501464844, 4.5, 0.0]",0.0036300446372484105,1.8906605243682861,-0.0006319023672004534,11.59567642211873,1.870373244630166,-0.0,0.0,-0.0,0.0
3.907292,"[5.0068840980529785, 4.5, 0.0]","[16.677326202392578, 4.5, 0.0]",0.003642682684631766,1.897270679473877,0.0006319023691677816,11.633165359496141,1.8870304797310378,-0.0,0.0,-0.0,0.0
3.927648,"[5.006811618804932, 4.5, 0.0]","[16.71599006652832, 4.5, 0.0]",0.003630044637289402,1.907313346862793,-0.0006319023671182058,11.670442104339186,1.893627996789245,-0.0,0.0,-0.0,0.0
3.949444,"[5.006884574890137, 4.5, 0.0]","[16.755001068115234, 4.5, 0.0]",0.0036426826846258638,1.9174460172653198,0.000631902366823086,11.709178447722454,1.9036833022255035,-0.0,0.0,-0.0,0.0
3.96713,"[5.00681209564209, 4.5, 0.0]","[16.79355239868164, 4.5, 0.0]",0.0036300446372585404,1.927459716796875,-0.0006319023683661659,11.748116493224682,1.913803334580694,-0.0,0.0,-0.0,0.0
3.988512,"[5.006885051727295, 4.5, 0.0]","[16.83228874206543, 4.5, 0.0]",0.0036426826845931365,1.937520980834961,0.0006319023667298012,11.78674030303861,1.9238296721596164,-0.0,0.0,-0.0,0.0
4.007666,"[5.006812572479248, 4.5, 0.0]","[16.870027542114258, 4.5, 0.0]",0.0036300446372482926,1.9473066329956061,-0.0006319023672421951,11.825403690337716,1.9338782981503677,-0.0,0.0,-0.0,0.0
4.0284,"[5.006885528564453, 4.5, 0.0]","[16.909757614135742, 4.5, 0.0]",0.003642682684620354,1.9573646783828738,0.000631902368603064,11.863214969634063,1.9436765883583578,-0.0,0.0,-0.0,0.0
4.046956,"[5.006813049316406, 4.5, 0.0]","[16.948997497558594, 4.5, 0.0]",0.003630044637276565,1.9672988653182983,-0.0006319023671894379,11.902872085570868,1.9537219956982534,-0.0,0.0,-0.0,0.0
4.066648,"[5.006886005401611, 4.5, 0.0]","[16.988386154174805, 4.5, 0.0]",0.00364268268461705,1.9772709608078003,0.0006319023670242488,11.942184448241234,1.9636688206810218,-0.0,0.0,-0.0,0.0
4.08823,"[5.0068135261535645, 4.5, 0.0]","[17.027891159057617, 4.5, 0.0]",0.003630044637253119,1.9872722625732422,-0.0006319023681965533,11.981500148772769,1.9736282781231833,-0.0,0.0,-0.0,0.0
4.108996,"[5.0068864822387695, 4.5, 0.0]","[17.067502975463867, 4.5, 0.0]",0.0036426826845899116,1.9972844123840334,0.0006319023668396309,12.021077632903094,1.9836422179359892,-0.0,0.0,-0.0,0.0
4.128221,"[5.006814002990723, 4.5, 0.0]","[17.108631134033203, 4.5, 0.0]",0.0036300446372490385,2.007439613342285,-0.000631902367043656,12.060616493224671,1.9936417296994435,-0.0,0.0,-0.0,0.0
4.146772,"[5.006886959075928, 4.5, 0.0]","[17.1485595703125, 4.5, 0.0]",0.003642682684585839,2.0172982215881348,0.0006319023668400212,12.101817131041514,2.003809568705036,0.0,-0.0,0.0,-0.0
4.166785,"[5.006814479827881, 4.5, 0.0]","[17.188995361328125, 4.5, 0.0]",0.030214074999095532,2.027282476425171,1.3285696157254847,12.141672611236142,2.013655538903549,0.4810718819499016,0.0,0.4810718819499016,0.0
4.18799,"[5.006887435913086, 4.5, 0.0]","[17.230573654174805, 4.5, 0.0]",0.05678546801209609,2.037548780441284,1.3285696506500277,12.182180881499272,1.9970684014260753,0.4810718819499016,0.0,0.4810718819499016,0.0
4.208455,"[5.007491588592529, 4.5, 0.0]","[17.27051544189453, 4.5, 0.0]",0.08339190483093792,2.0473930835723877,1.3303218409420916,12.223686218261285,1.9807633124291881,0.48170648515224457,0.0,0.48170648515224457,0.0
4.229173,"[5.008627414703369, 4.5, 0.0]","[17.31256866455078, 4.5, 0.0]",0.11057609319687835,2.057526111602783,1.3592094182970214,12.263023853299284,1.9640011787414497,0.4921666532754898,0.0,0.4921666532754898,0.0
4.24706,"[5.010295391082764, 4.5, 0.0]","[17.35323715209961, 4.5, 0.0]",0.13789458572865607,2.067326068878174,1.3659246265888858,12.303941249844685,1.9469500184059048,0.4945983365178108,0.0,0.4945983365178108,0.0
4.266949,"[5.01250696182251, 4.5, 0.0]","[17.394563674926758, 4.5, 0.0]",0.16538460552694545,2.0772840976715092,1.3745009899144691,12.342941761015094,1.9294314831495178,0.49770355224609375,0.0,0.49770355224609375,0.0
4.288469,"[5.015264987945557, 4.5, 0.0]","[17.437021255493164, 4.5, 0.0]",0.19307227432729993,2.087514877319336,1.3843834400177237,12.382056713104138,1.9118994921445638,0.5012818425893784,0.0,0.5012818425893784,0.0
4.307651,"[5.018572807312012, 4.5, 0.0]","[17.478368759155273, 4.5, 0.0]",0.22097404301168386,2.0974593162536626,1.3950884342191965,12.421756267547167,1.894442602992036,0.5051584914326668,0.0,0.5051584914326668,0.0
4.327852,"[5.022434234619141, 4.5, 0.0]","[17.52049446105957, 4.5, 0.0]",0.24733431637289932,2.1107048988342285,1.3180136680607732,12.459795951842821,1.8764852732419788,0.4772493988275528,0.0,0.4772493988275528,0.0
4.348174,"[5.026853561401367, 4.5, 0.0]","[17.56352424621582, 4.5, 0.0]",0.2739314436912848,2.114161968231201,1.3298563659192741,12.498060226439431,1.8633705824613291,0.4815373942255974,0.0,0.4815373942255974,0.0
4.367085,"[5.031800270080566, 4.5, 0.0]","[17.605884552001953, 4.5, 0.0]",0.3007587790489447,2.130796432495117,1.3413667678829955,12.536670684813453,1.8402305245399164,0.48570554703474045,0.0,0.48570554703474045,0.0
4.388204,"[5.03727912902832, 4.5, 0.0]","[17.648723602294922, 4.5, 0.0]",0.3278071284294401,2.134209156036377,1.3524174690247692,12.574084281919603,1.8300376534461724,0.48970822244882584,0.0,0.48970822244882584,0.0
4.409006,"[5.043294429779053, 4.5, 0.0]","[17.691129684448242, 4.5, 0.0]",0.35506552457811863,2.150834321975708,1.3629198074339266,12.61144447326649,1.8064020276069368,0.493510439991951,0.0,0.493510439991951,0.0
4.429083,"[5.0498504638671875, 4.5, 0.0]","[17.734298706054688, 4.5, 0.0]",0.3808328509330961,2.1540913581848145,1.2883663177488736,12.647835254669078,1.7957687973975893,0.46651482582092285,0.0,0.46651482582092285,0.0
4.447561,"[5.056951999664307, 4.5, 0.0]","[17.777475357055664, 4.5, 0.0]",0.40680223703386237,2.1706840991973877,1.2984693050383134,12.684448242187388,1.7732585072517184,0.4701733961701393,0.0,0.4701733961701393,0.0
4.467509,"[5.064568519592285, 4.5, 0.0]","[17.821508407592773, 4.5, 0.0]",0.43296176195147534,2.1741392612457275,1.3079762458806488,12.720523357390906,1.7638818621635253,0.47361478209495544,0.0,0.47361478209495544,0.0
4.488651,"[5.072704792022705, 4.5, 0.0]","[17.865177154541016, 4.5, 0.0]",0.4592970013618791,2.190845489501953,1.3167619705201887,12.756939888000488,1.7411774992942521,0.4767974466085434,0.0,0.4767974466085434,0.0
4.507505,"[5.081364154815674, 4.5, 0.0]","[17.908605575561523, 4.5, 0.0]",0.48579901456834534,2.194143056869507,1.325100660323311,12.792472362518197,1.731548488140074,0.47981686890125275,0.0,0.47981686890125275,0.0
4.528014,"[5.090549945831299, 4.5, 0.0]","[17.952627182006836, 4.5, 0.0]",0.5106192827224857,2.210702657699585,1.2410134077070172,12.827241420745395,1.7083440423011615,0.44936712831258774,0.0,0.44936712831258774,0.0
4.546692,"[5.100265979766846, 4.5, 0.0]","[17.996749877929688, 4.5, 0.0]",0.5356043577194335,2.2139506340026855,1.24925374984739,12.862077236175537,1.7000833749770994,0.45235205441713333,0.0,0.45235205441713333,0.0
4.566487,"[5.110478401184082, 4.5, 0.0]","[18.041175842285156, 4.5, 0.0]",0.5607482194900691,2.2306010723114014,1.2571930885317828,12.896483898162842,1.6783462762832522,0.4552264139056206,0.0,0.4552264139056206,0.0
4.587909,"[5.121190547943115, 4.5, 0.0]","[18.085954666137695, 4.5, 0.0]",0.5860425233841112,2.233996868133545,1.264715194702104,12.930697441100959,1.6698528528213323,0.4579493775963783,0.0,0.4579493775963783,0.0
4.608015,"[5.1324052810668945, 4.5, 0.0]","[18.130409240722656, 4.5, 0.0]",0.6114803552627912,2.2506392002105713,1.2718915939339992,12.96476411819274,1.6479543447494338,0.4605470970273018,0.0,0.4605470970273018,0.0
4.629153,"[5.144125938415527, 4.5, 0.0]","[18.176122665405273, 4.5, 0.0]",0.6355785131454962,2.254019021987915,1.2049078941352487,12.998003959654724,1.63915884494778,0.43629594147205353,0.0,0.43629594147205353,0.0
4.647546,"[5.156355381011963, 4.5, 0.0]","[18.22235679626465, 4.5, 0.0]",0.6593683958054057,2.2708475589752197,1.1894941329954778,13.031996726988705,1.618440508842419,0.4307123273611069,0.0,0.4307123273611069,0.0
4.666799,"[5.169066905975342, 4.5, 0.0]","[18.266759872436523, 4.5, 0.0]",0.6833010911941829,2.273939371109009,1.196634769438859,13.066001415252686,1.611479163169814,0.433298759162426,0.0,0.433298759162426,0.0
4.687845,"[5.182254314422607, 4.5, 0.0]","[18.313404083251953, 4.5, 0.0]",0.7073699235916281,2.290858030319214,1.2034416198722586,13.097692966461066,1.5906382799148258,0.4357637092471123,0.0,0.4357637092471123,0.0
4.70773,"[5.195920467376709, 4.5, 0.0]","[18.358793258666992, 4.5, 0.0]",0.7315696477890059,2.2941486835479736,1.2099862098688907,13.131149768829346,1.5834881067275859,0.4381338506937027,0.0,0.4381338506937027,0.0
4.728439,"[5.2100677490234375, 4.5, 0.0]","[18.405492782592773, 4.5, 0.0]",0.7558993101119996,2.310858726501465,1.2164831161496859,13.162872791290283,1.5625790357589677,0.44048551470041275,0.0,0.44048551470041275,0.0
4.746903,"[5.224699020385742, 4.5, 0.0]","[18.450838088989258, 4.5, 0.0]",0.7790240049362211,2.3139431476593018,1.1562347412110763,13.195425033569336,1.5549594163894653,0.41866857558488846,0.0,0.41866857558488846,0.0
4.766424,"[5.239817142486572, 4.5, 0.0]","[18.497180938720703, 4.5, 0.0]",0.8022800683975251,2.3305764198303223,1.1628031730651966,13.226139068603398,1.5349191427230806,0.4210478812456131,0.0,0.4210478812456131,0.0
4.787675,"[5.255397796630859, 4.5, 0.0]","[18.544443130493164, 4.5, 0.0]",0.8256641626358088,2.334073543548584,1.1692047119141846,13.257363796234014,1.5282963514327972,0.4233676567673683,0.0,0.4233676567673683,0.0
4.807571,"[5.2714433670043945, 4.5, 0.0]","[18.590532302856445, 4.5, 0.0]",0.8491739034652849,2.3506383895874023,1.175487041473805,13.289045333862187,1.5084093809127752,0.4256412386894226,0.0,0.4256412386894226,0.0
4.828453,"[5.287956714630127, 4.5, 0.0]","[18.638338088989258, 4.5, 0.0]",0.8728066682815836,2.3573691844940186,1.1816382408149362,13.319088935851932,1.5014644861221176,0.42786911129951477,0.0,0.42786911129951477,0.0
4.847294,"[5.304940223693848, 4.5, 0.0]","[18.685501098632812, 4.5, 0.0]",0.8950108289718984,2.3672983646392822,1.1102080345157417,13.350381374358658,1.484562516212435,0.40200501680374146,0.0,0.40200501680374146,0.0
4.867501,"[5.322396278381348, 4.5, 0.0]","[18.733842849731445, 4.5, 0.0]",0.9173446893692369,2.3774755001068115,1.1166930198669212,13.38056087493849,1.472287535667384,0.4043523967266083,0.0,0.4043523967266083,0.0
4.887706,"[5.340296268463135, 4.5, 0.0]","[18.781566619873047, 4.5, 0.0]",0.9398027658462826,2.3875224590301514,1.1229038238522893,13.411446571349623,1.4601308107375748,0.4066009819507599,0.0,0.4066009819507599,0.0
4.907665,"[5.358643054962158, 4.5, 0.0]","[18.828876495361328, 4.5, 0.0]",0.9623802900314614,2.397465944290161,1.1288762092589388,13.441270351409436,1.4477196931838687,0.4087632894515991,0.0,0.4087632894515991,0.0
4.927842,"[5.377439022064209, 4.5, 0.0]","[18.876733779907227, 4.5, 0.0]",0.9850732088089301,2.4073328971862793,1.1346459388734353,13.470233440398692,1.4350856542586996,0.41085101664066315,0.0,0.41085101664066315,0.0
4.947113,"[5.396686553955078, 4.5, 0.0]","[18.925920486450195, 4.5, 0.0]",1.006625175476104,2.4174749851226807,1.0775983333586925,13.49929475784254,1.4222596883773493,0.39019573479890823,0.0,0.39019573479890823,0.0
4.967121,"[5.416388034820557, 4.5, 0.0]","[18.974403381347656, 4.5, 0.0]",1.028297901153599,2.427471160888672,1.083636283874756,13.529233932494638,1.4108498096465767,0.3923848271369934,0.0,0.3923848271369934,0.0
4.987824,"[5.436520576477051, 4.5, 0.0]","[19.023090362548828, 4.5, 0.0]",1.05008792877201,2.4375100135803227,1.0895013809205434,13.55801534652662,1.3991732597350728,0.3945062682032585,0.0,0.3945062682032585,0.0
5.008021,"[5.457086563110352, 4.5, 0.0]","[19.071552276611328, 4.5, 0.0]",1.0719890594482893,2.4474849700927734,1.095056533813965,13.586569786071296,1.3874220848083127,0.39651375263929367,0.0,0.39651375263929367,0.0
5.028497,"[5.47808837890625, 4.5, 0.0]","[19.121217727661133, 4.5, 0.0]",1.0929932594299838,2.4575183391571045,1.050209999084728,13.614465713500856,1.3754959106444842,0.38027744740247726,0.0,0.38027744740247726,0.0
5.047484,"[5.499527931213379, 4.5, 0.0]","[19.17060661315918, 4.5, 0.0]",1.1141114234925045,2.467495918273926,1.0559082031260325,13.643129348753794,1.3645250797271207,0.3823385015130043,0.0,0.3823385015130043,0.0
5.067225,"[5.521387577056885, 4.5, 0.0]","[19.220050811767578, 4.5, 0.0]",1.1353378295899514,2.477484703063965,1.0613203048723485,13.67107868194471,1.3533844947814213,0.3843022510409355,0.0,0.3843022510409355,0.0
5.087977,"[5.543669700622559, 4.5, 0.0]","[19.269790649414062, 4.5, 0.0]",1.1566681861878612,2.4875330924987793,1.0665178298954858,13.6986632347096,1.3421468734740134,0.3861876204609871,0.0,0.3861876204609871,0.0
5.107954,"[5.566376686096191, 4.5, 0.0]","[19.318145751953125, 4.5, 0.0]",1.17810249328627,2.4972891807556152,1.071715354920444,13.726120948789557,1.3308649063109181,0.38806505501270294,0.0,0.38806505501270294,0.0
5.129154,"[5.589509963989258, 4.5, 0.0]","[19.368940353393555, 4.5, 0.0]",1.1984553337099213,2.507347583770752,1.0176420211825632,13.751769065853885,1.3191866874693452,0.3684855252504349,0.0,0.3684855252504349,0.0
5.148455,"[5.613071918487549, 4.5, 0.0]","[19.420124053955078, 4.5, 0.0]",1.2189130783083406,2.5174829959869385,1.0228872299209657,13.779430389403197,1.3088922500608307,0.3703826293349266,0.0,0.3703826293349266,0.0
5.166769,"[5.637041091918945, 4.5, 0.0]","[19.46961212158203, 4.5, 0.0]",1.2394723892214283,2.52728271484375,1.0279655456543857,13.80705213546447,1.2985699176785979,0.37222251296043396,0.0,0.37222251296043396,0.0
5.187598,"[5.66141939163208, 4.5, 0.0]","[19.5203914642334, 4.5, 0.0]",1.2601308822633952,2.5373380184173584,1.0329246520983437,13.832571029661123,1.2878103256223217,0.3740178048610687,0.0,0.3740178048610687,0.0
5.207975,"[5.686208724975586, 4.5, 0.0]","[19.570775985717773, 4.5, 0.0]",1.2808861732484822,2.547302722930908,1.0377645492543497,13.858972072601318,1.2772071361539632,0.3757689520716667,0.0,0.3757689520716667,0.0
5.228443,"[5.711411476135254, 4.5, 0.0]","[19.622455596923828, 4.5, 0.0]",1.3006105422975371,2.557337522506714,0.9862184524527473,13.884567260741695,1.266416549682426,0.3571099415421486,0.0,0.3571099415421486,0.0
5.248053,"[5.737029075622559, 4.5, 0.0]","[19.674699783325195, 4.5, 0.0]",1.3204355239869756,2.570815324783325,0.9912490844719235,13.911044120788082,1.2567269802091767,0.3589332848787308,0.0,0.3589332848787308,0.0
5.267217,"[5.7630414962768555, 4.5, 0.0]","[19.72608184814453, 4.5, 0.0]",1.340356349945248,2.5741255283355713,0.9960412979136191,13.937670707701525,1.2503798007963496,0.3606626018881798,0.0,0.3606626018881798,0.0
5.287556,"[5.789450168609619, 4.5, 0.0]","[19.77706527709961, 4.5, 0.0]",1.3603682518007767,2.5906922817230225,1.000595092776435,13.963040351865695,1.2337691783903233,0.36231134086847305,0.0,0.36231134086847305,0.0
5.307549,"[5.816257476806641, 4.5, 0.0]","[19.829145431518555, 4.5, 0.0]",1.380470752716353,2.594122409820557,1.0051250457788097,13.98761510848689,1.2303240299222458,0.3639556095004082,0.0,0.3639556095004082,0.0
5.328266,"[5.8434648513793945, 4.5, 0.0]","[19.882064819335938, 4.5, 0.0]",1.4006638526919895,2.6108694076538086,1.0096549987818282,14.012887954708809,1.2136516571042042,0.3655897453427315,0.0,0.3655897453427315,0.0
5.347757,"[5.871074199676514, 4.5, 0.0]","[19.93435287475586, 4.5, 0.0]",1.4197564125064648,2.6141622066497803,0.9546279907237665,14.038599967953433,1.2102055549618191,0.345672070980072,0.0,0.345672070980072,0.0
5.367839,"[5.899087429046631, 4.5, 0.0]","[19.98666000366211, 4.5, 0.0]",1.4389405250553118,2.6307923793792725,0.9592056274423499,14.06327867507735,1.1944057941433155,0.3473241627216339,0.0,0.3473241627216339,0.0
5.388308,"[5.927482604980469, 4.5, 0.0]","[20.039386749267578, 4.5, 0.0]",1.4582128524784685,2.6341686248779297,0.9636163711578383,14.08757257461348,1.1918518543239607,0.34892089664936066,0.0,0.34892089664936066,0.0
5.408071,"[5.95626163482666, 4.5, 0.0]","[20.09188461303711, 4.5, 0.0]",1.4775705337529559,2.6508195400238037,0.9678840637243669,14.111904144283983,1.1759557723994611,0.3504699468612671,0.0,0.3504699468612671,0.0
5.428608,"[5.98542594909668, 4.5, 0.0]","[20.145660400390625, 4.5, 0.0]",1.4958853721624388,2.6542038917541504,0.9157419204741446,14.135622978202429,1.1732490062708478,0.3315896913409233,0.0,0.3315896913409233,0.0
5.447507,"[6.01497745513916, 4.5, 0.0]","[20.19895362854004, 4.5, 0.0]",1.5142893791204461,2.670832633972168,0.9202003479003684,14.160234451287794,1.1583185195917116,0.3332037478685379,0.0,0.3332037478685379,0.0
5.467386,"[6.044895172119141, 4.5, 0.0]","[20.252222061157227, 4.5, 0.0]",1.5327806472783518,2.6741220951080322,0.9245634078952847,14.183976173396351,1.1565432548517218,0.33478353172540665,0.0,0.33478353172540665,0.0
5.488242,"[6.075181007385254, 4.5, 0.0]","[20.30600929260254, 4.5, 0.0]",1.55135393142752,2.690842866897583,0.9286642074584073,14.207326889033551,1.1413414478296804,0.33626899123191833,0.0,0.33626899123191833,0.0
5.507462,"[6.105836868286133, 4.5, 0.0]","[20.359281539916992, 4.5, 0.0]",1.570005416870561,2.69411849975586,0.9325742721520536,14.230828285211103,1.139488935470063,0.3376796096563339,0.0,0.3376796096563339,0.0
5.52821,"[6.136863708496094, 4.5, 0.0]","[20.414106369018555, 4.5, 0.0]",1.5887308120730608,2.7108452320098877,0.9362697601249859,14.253444671630355,1.1241130828852988,0.33902306109666824,0.0,0.33902306109666824,0.0
5.547189,"[6.168263912200928, 4.5, 0.0]","[20.468339920043945, 4.5, 0.0]",1.6067752838137055,2.7141292095184326,0.9022235870322359,14.27724266052132,1.122114419936827,0.3266894072294235,0.0,0.3266894072294235,0.0
5.567002,"[6.200038433074951, 4.5, 0.0]","[20.522817611694336, 4.5, 0.0]",1.6248970031740608,2.7307920455932617,0.9060859680177669,14.300076007840989,1.1073539257047271,0.32809536904096603,0.0,0.32809536904096603,0.0
5.588542,"[6.232173919677734, 4.5, 0.0]","[20.57657814025879, 4.5, 0.0]",1.6430935859682327,2.7339892387390137,0.9098291397085956,14.322779178617353,1.105895042419201,0.3294508159160614,0.0,0.3294508159160614,0.0
5.607604,"[6.264671802520752, 4.5, 0.0]","[20.631147384643555, 4.5, 0.0]",1.661363124847619,2.750657320022583,0.9134769439693158,14.344404220579019,1.090895652770781,0.3307678923010826,0.0,0.3307678923010826,0.0
5.628795,"[6.2975335121154785, 4.5, 0.0]","[20.687829971313477, 4.5, 0.0]",1.6790108680726643,2.754203319549561,0.8823871612522627,14.366475582122803,1.089294195174964,0.3195127099752426,0.0,0.3195127099752426,0.0
5.647443,"[6.330760955810547, 4.5, 0.0]","[20.7431640625, 4.5, 0.0]",1.6967353820802307,2.7708404064178467,0.886225700378318,14.39029645919787,1.0751924514768967,0.3208981826901436,0.0,0.3208981826901436,0.0
5.667122,"[6.3643412590026855, 4.5, 0.0]","[20.797563552856445, 4.5, 0.0]",1.7145309448244033,2.773974895477295,0.88977813720863,14.412403106689325,1.074105024337616,0.3221830353140831,0.0,0.3221830353140831,0.0
5.687395,"[6.398275852203369, 4.5, 0.0]","[20.85321617126465, 4.5, 0.0]",1.7323961257936737,2.7906694412231445,0.8932590484635239,14.433222293852607,1.0594439506528917,0.3234461322426796,0.0,0.3234461322426796,0.0
5.707228,"[6.4325666427612305, 4.5, 0.0]","[20.909507751464844, 4.5, 0.0]",1.7503294944765297,2.7941308021545415,0.8966684341428,14.454940319060125,1.0582733154294708,0.32468516379594803,0.0,0.32468516379594803,0.0
5.729756,"[6.467214584350586, 4.5, 0.0]","[20.966957092285156, 4.5, 0.0]",1.767368316650596,2.8109660148620605,0.8519411087033135,14.4769411087031,1.0438013076780117,0.3084886632859707,0.0,0.3084886632859707,0.0
5.746746,"[6.50222110748291, 4.5, 0.0]","[21.02133560180664, 4.5, 0.0]",1.7844805717470185,2.8172569274902344,0.8556127548211223,14.499742507934057,1.0435976982114645,0.3098119981586933,0.0,0.3098119981586933,0.0
5.76671,"[6.53756856918335, 4.5, 0.0]","[21.077905654907227, 4.5, 0.0]",1.801661491394215,2.8272690773010254,0.8590459823598295,14.519114494323217,1.032776355743216,0.31105488538742065,0.0,0.31105488538742065,0.0
5.787587,"[6.573258399963379, 4.5, 0.0]","[21.13465690612793, 4.5, 0.0]",1.81890726089494,2.8373138904571533,0.8622884750362436,14.540337085722717,1.0256075859068103,0.3122290410101414,0.0,0.3122290410101414,0.0
5.807524,"[6.609292030334473, 4.5, 0.0]","[21.191102981567383, 4.5, 0.0]",1.8362178802491906,2.8472931385040283,0.8655309677125356,14.561398506163389,1.0184066295622134,0.31340915709733963,0.0,0.31340915709733963,0.0
5.829267,"[6.645669937133789, 4.5, 0.0]","[21.24887466430664, 4.5, 0.0]",1.8528928756715577,2.8573403358459473,0.8337497711183528,14.581810951231747,1.0110752582548377,0.3018997982144356,0.0,0.3018997982144356,0.0
5.847458,"[6.682394504547119, 4.5, 0.0]","[21.306364059448242, 4.5, 0.0]",1.8696346282960665,2.867338180541992,0.8370876312254416,14.603204727171686,1.0044474601743896,0.303106103092432,0.0,0.303106103092432,0.0
5.867214,"[6.719452381134033, 4.5, 0.0]","[21.36369514465332, 4.5, 0.0]",1.8864398002625995,2.8773093223571777,0.8402585983266486,14.623969554899956,0.9977035522459257,0.3042577765882015,0.0,0.3042577765882015,0.0
5.888194,"[6.756844997406006, 4.5, 0.0]","[21.420915603637695, 4.5, 0.0]",1.90330600738539,2.8872604370117188,0.8433103561395261,14.644242763518768,0.9908695220945782,0.30536290258169174,0.0,0.30536290258169174,0.0
5.906876,"[6.794573783874512, 4.5, 0.0]","[21.478660583496094, 4.5, 0.0]",1.9202313423158106,2.8972921371459965,0.8462667465210294,14.66407060623117,0.9839544296263287,0.30642878264188766,0.0,0.30642878264188766,0.0
5.929568,"[6.832639694213867, 4.5, 0.0]","[21.539011001586914, 4.5, 0.0]",1.9364938735963497,2.9076085090637207,0.8131265640269558,14.684086799621452,0.9770607948301859,0.2944350428879261,0.0,0.2944350428879261,0.0
5.947091,"[6.871044158935547, 4.5, 0.0]","[21.59672737121582, 4.5, 0.0]",1.9528169631960253,2.917474746704102,0.8161544799837772,14.706371307369787,0.971114635467371,0.295531302690506,0.0,0.295531302690506,0.0
5.967009,"[6.909773826599121, 4.5, 0.0]","[21.655141830444336, 4.5, 0.0]",1.9691996574404593,2.927459955215454,0.819134712221703,14.72568321227701,0.9646577835080767,0.2966025099158287,0.0,0.2966025099158287,0.0
5.987834,"[6.9488301277160645, 4.5, 0.0]","[21.714033126831055, 4.5, 0.0]",1.9856400489809973,2.9375267028808594,0.8220195770269001,14.745368003843122,0.9582602977749948,0.29765207320451736,0.0,0.29765207320451736,0.0
6.008298,"[6.988214015960693, 4.5, 0.0]","[21.772558212280273, 4.5, 0.0]",2.0021371841432845,2.947516441345215,0.8248567581143562,14.76520299911381,0.951886653899862,0.29868241399526596,0.0,0.29868241399526596,0.0
6.028613,"[7.027926921844482, 4.5, 0.0]","[21.832199096679688, 4.5, 0.0]",2.017883300781387,2.957540035247803,0.7873058319051163,14.78434419631958,0.9453792572019304,0.2850767411291599,0.0,0.2850767411291599,0.0
6.047389,"[7.067969799041748, 4.5, 0.0]","[21.891450881958008, 4.5, 0.0]",2.0336894989014467,2.967498540878296,0.790309906002995,14.804272174835205,0.9396567344664164,0.28617510572075844,0.0,0.28617510572075844,0.0
6.067092,"[7.108327388763428, 4.5, 0.0]","[21.95078468322754, 4.5, 0.0]",2.049551963806206,2.977470636367798,0.79312324523797,14.82348108291626,0.9338090419768492,0.28719229623675346,0.0,0.28719229623675346,0.0
6.087463,"[7.149001121520996, 4.5, 0.0]","[22.009449005126953, 4.5, 0.0]",2.065466880798378,2.987330198287964,0.7957458496085978,14.842457294464111,0.9279186725615918,0.28814563527703285,0.0,0.28814563527703285,0.0
6.107415,"[7.1899919509887695, 4.5, 0.0]","[22.069894790649414, 4.5, 0.0]",2.0814352035522736,2.997475385665894,0.7984161376947796,14.860447883605957,0.9218633174895858,0.2891046367585659,0.0,0.2891046367585659,0.0
6.127506,"[7.231301307678223, 4.5, 0.0]","[22.12949562072754, 4.5, 0.0]",2.0974569320678844,3.00732684135437,0.8010864257805395,14.879902839660645,0.9160401821136204,0.29006822034716606,0.0,0.29006822034716606,0.0
6.146786,"[7.272930145263672, 4.5, 0.0]","[22.189632415771484, 4.5, 0.0]",2.1129083633422923,3.0172669887542725,0.7725715637203923,14.898194313049185,0.9098699092864857,0.27975140139460564,0.0,0.27975140139460564,0.0
6.166548,"[7.314879417419434, 4.5, 0.0]","[22.25021743774414, 4.5, 0.0]",2.1284112930297883,3.0306143760681152,0.7751464843748002,14.916702270507812,0.9043586254119802,0.28068460524082184,0.0,0.28068460524082184,0.0
6.187645,"[7.357137680053711, 4.5, 0.0]","[22.31212043762207, 4.5, 0.0]",2.1439666748046884,3.034179210662842,0.7777690887450062,14.935338020324707,0.902203083038327,0.2816356532275677,0.0,0.2816356532275677,0.0
6.208301,"[7.39970588684082, 4.5, 0.0]","[22.372074127197266, 4.5, 0.0]",2.1595726013183603,3.050743818283081,0.7802963256835938,14.95498275756836,0.8902125358581534,0.28253698721528053,0.0,0.28253698721528053,0.0
6.227698,"[7.442584991455078, 4.5, 0.0]","[22.43320083618164, 4.5, 0.0]",2.174818992614752,3.054015874862671,0.7623195648195802,14.972368240356445,0.8911712169647208,0.2760281413793564,0.0,0.2760281413793564,0.0
6.2482,"[7.485776424407959, 4.5, 0.0]","[22.495384216308594, 4.5, 0.0]",2.190114021301274,3.070794105529785,0.7647514343261053,14.99061584472643,0.879196882247919,0.27690643444657326,0.0,0.27690643444657326,0.0
6.267206,"[7.52927303314209, 4.5, 0.0]","[22.556957244873047, 4.5, 0.0]",2.2054557800292987,3.074138879776001,0.767087936401234,15.009607791900635,0.8806800842285112,0.2777579426765442,0.0,0.2777579426765442,0.0
6.287792,"[7.573075294494629, 4.5, 0.0]","[22.618820190429688, 4.5, 0.0]",2.220843315124513,3.090865135192871,0.76937675476072,15.027684211730957,0.8686830997467023,0.27858199551701546,0.0,0.27858199551701546,0.0
6.30736,"[7.617184638977051, 4.5, 0.0]","[22.67997932434082, 4.5, 0.0]",2.2362747192382826,3.09412956237793,0.7715702056884766,15.045744895935059,0.870021820068358,0.2793879993259907,0.0,0.2793879993259907,0.0
6.328226,"[7.661601543426514, 4.5, 0.0]","[22.742794036865234, 4.5, 0.0]",2.251058578491212,3.110846996307373,0.7391929626464622,15.06279468536377,0.8578548431396475,0.26766708120703697,0.0,0.26766708120703697,0.0
6.348708,"[7.706326961517334, 4.5, 0.0]","[22.804630279541016, 4.5, 0.0]",2.2658929824829106,3.1140737533569336,0.7417201995849387,15.08119249343872,0.8597884178161612,0.2685741148889065,0.0,0.2685741148889065,0.0
6.366673,"[7.75134801864624, 4.5, 0.0]","[22.866315841674805, 4.5, 0.0]",2.2807722091674805,3.130610466003418,0.7439613342284934,15.098303318023682,0.848180770874023,0.26939375326037407,0.0,0.26939375326037407,0.0
6.388499,"[7.796665668487549, 4.5, 0.0]","[22.929162979125977, 4.5, 0.0]",2.2956962585449245,3.1339988708496094,0.7462024688722035,15.114967823028564,0.8498382568359375,0.27020301669836044,0.0,0.27020301669836044,0.0
6.407687,"[7.842281341552734, 4.5, 0.0]","[22.992816925048828, 4.5, 0.0]",2.3106641769409237,3.1508374214172363,0.7483959197999601,15.132497310638428,0.8383026123046848,0.2709982730448246,0.0,0.2709982730448246,0.0
6.427641,"[7.888195037841797, 4.5, 0.0]","[23.055177688598633, 4.5, 0.0]",2.3252820968628036,3.1539905071258545,0.7308959960939942,15.150535583496094,0.8401732444763126,0.2646557055413723,0.0,0.2646557055413723,0.0
6.446884,"[7.934408187866211, 4.5, 0.0]","[23.118467330932617, 4.5, 0.0]",2.3399429321289325,3.1706247329711914,0.7330417633064412,15.166982650756836,0.8287084102630509,0.2654336392879486,0.0,0.2654336392879486,0.0
6.466833,"[7.980914115905762, 4.5, 0.0]","[23.181909561157227, 4.5, 0.0]",2.3546466827392853,3.1739485263824463,0.7351875305176447,15.184059143066406,0.830681800842259,0.2662094868719578,0.0,0.2662094868719578,0.0
6.487718,"[8.02771282196045, 4.5, 0.0]","[23.247013092041016, 4.5, 0.0]",2.369389533996612,3.1908681392669678,0.737142562866322,15.20099544525133,0.8193018436431609,0.26692410930991173,0.0,0.26692410930991173,0.0
6.507327,"[8.074806213378906, 4.5, 0.0]","[23.308921813964844, 4.5, 0.0]",2.3841724395752313,3.1939408779144287,0.7391452789309749,15.219300270080431,0.821478605270356,0.26765093207359314,0.0,0.26765093207359314,0.0
6.528563,"[8.122194290161133, 4.5, 0.0]","[23.374595642089844, 4.5, 0.0]",2.3983640670776674,3.210789918899536,0.7095813751218039,15.234115600585802,0.8097684383391974,0.2569311484694481,0.0,0.2569311484694481,0.0
6.547269,"[8.169878005981445, 4.5, 0.0]","[23.439199447631836, 4.5, 0.0]",2.41259670257572,3.2141387462615967,0.7116317749026324,15.252401351928576,0.8124258518218688,0.2576860599219799,0.0,0.2576860599219799,0.0
6.566864,"[8.21784496307373, 4.5, 0.0]","[23.503604888916016, 4.5, 0.0]",2.426868438720755,3.2307913303375244,0.7135868072517537,15.269321441650256,0.8015420436858767,0.25839149951934814,0.0,0.25839149951934814,0.0
6.587478,"[8.266097068786621, 4.5, 0.0]","[23.567296981811523, 4.5, 0.0]",2.441180229187069,3.233999252319336,0.7155895233156961,15.285759925841743,0.8039228916167693,0.2591192163527012,0.0,0.2591192163527012,0.0
6.611635,"[8.314634323120117, 4.5, 0.0]","[23.632770538330078, 4.5, 0.0]",2.4555330276490124,3.2508046627044678,0.7176399230971686,15.301199913024766,0.7928190231322669,0.2598598226904869,0.0,0.2598598226904869,0.0
6.629684,"[8.363457679748535, 4.5, 0.0]","[23.69862174987793, 4.5, 0.0]",2.469605445861935,3.2541909217834473,0.70362091064613,15.31813621520942,0.7952716350554554,0.2547834999859333,0.0,0.2547834999859333,0.0
6.647545,"[8.412568092346191, 4.5, 0.0]","[23.763986587524414, 4.5, 0.0]",2.483716011047509,3.2708377838134766,0.7055282592786982,15.335164070129395,0.7845854759215123,0.2554713934659958,0.0,0.2554713934659958,0.0
6.666883,"[8.461959838867188, 4.5, 0.0]","[23.828086853027344, 4.5, 0.0]",2.4978628158571228,3.2772905826568604,0.7073402404806917,15.351418495176997,0.7871217727659676,0.25612205266952515,0.0,0.25612205266952515,0.0
6.687725,"[8.51163387298584, 4.5, 0.0]","[23.895103454589844, 4.5, 0.0]",2.5120439529421628,3.2841882705688477,0.7090568542519993,15.366127014159613,0.7794277667997376,0.25674186646938324,0.0,0.25674186646938324,0.0
6.707288,"[8.561591148376465, 4.5, 0.0]","[23.96030616760254, 4.5, 0.0]",2.5262575149539357,3.300797939300537,0.7106781005886464,15.383469581600595,0.7721443176266849,0.25733647868037224,0.0,0.25733647868037224,0.0
6.728705,"[8.611831665039062, 4.5, 0.0]","[24.02712631225586, 4.5, 0.0]",2.5399951934817957,3.3041789531707764,0.6868839263930004,15.39871501922389,0.7745404243466014,0.24872507899999619,0.0,0.24872507899999619,0.0
6.749603,"[8.66235637664795, 4.5, 0.0]","[24.09425163269043, 4.5, 0.0]",2.553767204285053,3.3209400177001953,0.6886005401628648,15.41529464721461,0.7641837596889807,0.24934697896242142,0.0,0.24934697896242142,0.0
6.76665,"[8.713156700134277, 4.5, 0.0]","[24.158540725708008, 4.5, 0.0]",2.5675735473636974,3.3239405155181885,0.6903171539322184,15.43189525604029,0.7671728134151423,0.24995453655719757,0.0,0.24995453655719757,0.0
6.787415,"[8.76423168182373, 4.5, 0.0]","[24.225547790527344, 4.5, 0.0]",2.5814123153690693,3.340683698654175,0.6919384002685991,15.445384025571538,0.7563669681544911,0.2505500800907612,0.0,0.2505500800907612,0.0
6.807791,"[8.815583229064941, 4.5, 0.0]","[24.291820526123047, 4.5, 0.0]",2.5952835083011574,3.34397292137146,0.6935596466044025,15.461316108702379,0.7592713832851055,0.25113545358181,0.0,0.25113545358181,0.0
6.827838,"[8.86721134185791, 4.5, 0.0]","[24.359403610229492, 4.5, 0.0]",2.6087083816532313,3.360652446746826,0.6712436676036937,15.476237297057557,0.7486894130703026,0.2430640161037445,0.0,0.2430640161037445,0.0
6.847317,"[8.919116973876953, 4.5, 0.0]","[24.42698097229004, 4.5, 0.0]",2.622168540954937,3.363996744155884,0.6730079650852927,15.492192268368148,0.7519440650935949,0.2436923235654831,0.0,0.2436923235654831,0.0
6.86682,"[8.971291542053223, 4.5, 0.0]","[24.494169235229492, 4.5, 0.0]",2.6356630325321277,3.38061785697937,0.6747245788595313,15.507863998411848,0.7418282032009467,0.24431146681308746,0.0,0.24431146681308746,0.0
6.8878,"[9.023735046386719, 4.5, 0.0]","[24.562068939208984, 4.5, 0.0]",2.6491909027104277,3.384009599685669,0.6763935089149964,15.522877693174067,0.7449548244472424,0.24492159485816956,0.0,0.24492159485816956,0.0
6.907209,"[9.076448440551758, 4.5, 0.0]","[24.630464553833008, 4.5, 0.0]",2.662752151489736,3.4007978439331055,0.6780624389654211,15.538333892820061,0.7348186969752413,0.2455226331949234,0.0,0.2455226331949234,0.0
6.928047,"[9.129432678222656, 4.5, 0.0]","[24.6993350982666, 4.5, 0.0]",2.6761093139653185,3.4041848182678227,0.6678581237791192,15.554016113277804,0.7380456924433694,0.2418348379433155,0.0,0.2418348379433155,0.0
6.947206,"[9.182687759399414, 4.5, 0.0]","[24.767547607421875, 4.5, 0.0]",2.6895008087162777,3.4208099842071533,0.6695747375479622,15.569902420041736,0.7280755043025042,0.2424468658864498,0.0,0.2424468658864498,0.0
6.967066,"[9.236209869384766, 4.5, 0.0]","[24.8359375, 4.5, 0.0]",2.7029218673710633,3.424126625061035,0.67105293273928,15.58485984802025,0.7313091754908756,0.24298503994941711,0.0,0.24298503994941711,0.0
6.98785,"[9.289999961853027, 4.5, 0.0]","[24.90486717224121, 4.5, 0.0]",2.7163696289067056,3.440856695175171,0.6723880767821155,15.599727630613021,0.7212047576899718,0.24346625432372093,0.0,0.24346625432372093,0.0
7.007513,"[9.3440580368042, 4.5, 0.0]","[24.973249435424805, 4.5, 0.0]",2.729844093323283,3.444159984588623,0.673723220828859,15.614867210385968,0.7244870662684653,0.24395965039730072,0.0,0.24395965039730072,0.0
7.028167,"[9.398385047912598, 4.5, 0.0]","[25.04168128967285, 4.5, 0.0]",2.742855072022065,3.4606735706329346,0.6505489349390992,15.629191398618389,0.7143158912653402,0.2355579473078251,0.0,0.2355579473078251,0.0
7.047107,"[9.452981948852539, 4.5, 0.0]","[25.110933303833008, 4.5, 0.0]",2.7558975219732837,3.463970899581909,0.6521224975609474,15.643296241758033,0.7178184986108698,0.23613352328538895,0.0,0.23613352328538895,0.0
7.067064,"[9.50783920288086, 4.5, 0.0]","[25.180404663085938, 4.5, 0.0]",2.7689685821539447,3.4806337356567383,0.6535530090330477,15.657951354977,0.7080733776086254,0.2366507425904274,0.0,0.2366507425904274,0.0
7.087739,"[9.562956809997559, 4.5, 0.0]","[25.251506805419922, 4.5, 0.0]",2.782065391541149,3.4875309467315674,0.6548404693602183,15.672565460201605,0.7116651535027936,0.2371237426996231,0.0,0.2371237426996231,0.0
7.107231,"[9.618335723876953, 4.5, 0.0]","[25.32069969177246, 4.5, 0.0]",2.79518985748353,3.4974749088287354,0.6562232971190518,15.688549995418887,0.7054655551904183,0.2376190759241581,0.0,0.2376190759241581,0.0
7.128035,"[9.67397689819336, 4.5, 0.0]","[25.390491485595703, 4.5, 0.0]",2.808145523071895,3.5073745250701904,0.6477832794182348,15.702363967892028,0.7022850513452052,0.23455573245882988,0.0,0.23455573245882988,0.0
7.147558,"[9.729880332946777, 4.5, 0.0]","[25.460344314575195, 4.5, 0.0]",2.821127891541147,3.517282724380493,0.6491184234626024,15.71651458739886,0.6992290019982956,0.23504555225372314,0.0,0.23504555225372314,0.0
7.166754,"[9.786043167114258, 4.5, 0.0]","[25.530799865722656, 4.5, 0.0]",2.834135055542671,3.5272765159606934,0.6503582000762176,15.730463981623396,0.6961548328393463,0.2354980818927288,0.0,0.2354980818927288,0.0
7.187438,"[9.8424654006958, 4.5, 0.0]","[25.60176658630371, 4.5, 0.0]",2.847168922425069,3.5373427867889404,0.6516933441198969,15.744756698603373,0.6931414604180222,0.23597834631800652,0.0,0.23597834631800652,0.0
7.207169,"[9.899147987365723, 4.5, 0.0]","[25.67169952392578, 4.5, 0.0]",2.8602275848396546,3.5472538471221924,0.652933120729271,15.75930118560288,0.6901738643638713,0.23641768842935562,0.0,0.23641768842935562,0.0
7.227903,"[9.956090927124023, 4.5, 0.0]","[25.743867874145508, 4.5, 0.0]",2.872924804688289,3.557347297668457,0.6348609924317294,15.772551536555024,0.6870262622825378,0.2298811450600624,0.0,0.2298811450600624,0.0
7.247129,"[10.01329517364502, 4.5, 0.0]","[25.815021514892578, 4.5, 0.0]",2.8856487274177858,3.5672988891601562,0.6361961364748314,15.787776947016445,0.6844224929801679,0.2303735911846161,0.0,0.2303735911846161,0.0
7.26728,"[10.070754051208496, 4.5, 0.0]","[25.886362075805664, 4.5, 0.0]",2.8983983993537925,3.5772764682769784,0.6374835968003367,15.801726341242516,0.6816501617423705,0.2308296039700508,0.0,0.2308296039700508,0.0
7.28744,"[10.128466606140137, 4.5, 0.0]","[25.95833396911621, 4.5, 0.0]",2.911171913147763,3.5873425006866455,0.6386756896985313,15.81560802459212,0.6788780689231859,0.23125935345888138,0.0,0.23125935345888138,0.0
7.307138,"[10.186434745788574, 4.5, 0.0]","[26.030759811401367, 4.5, 0.0]",2.9239673614508823,3.5974607467651367,0.6397724151559592,15.829867362975513,0.6761705875388824,0.23166216909885406,0.0,0.23166216909885406,0.0
7.327566,"[10.244658470153809, 4.5, 0.0]","[26.102262496948242, 4.5, 0.0]",2.9364891052251423,3.607323408126831,0.6260871887129982,15.844325065612653,0.6734933853142544,0.22669905796647072,0.0,0.22669905796647072,0.0
7.347122,"[10.30313777923584, 4.5, 0.0]","[26.174741744995117, 4.5, 0.0]",2.9490365982060314,3.6173205375671387,0.6273746490444543,15.857604026792183,0.6708343029016888,0.22716673091053963,0.0,0.22716673091053963,0.0
7.367772,"[10.361867904663086, 4.5, 0.0]","[26.24732780456543, 4.5, 0.0]",2.9616079330449043,3.6273322105407715,0.628566741943648,15.87160396575801,0.6682839393611073,0.22760670632123947,0.0,0.22760670632123947,0.0
7.38781,"[10.420848846435547, 4.5, 0.0]","[26.321046829223633, 4.5, 0.0]",2.9742031097417274,3.6375005245208745,0.6297588348411542,15.88545989990009,0.6657242774958672,0.22802725434303284,0.0,0.22802725434303284,0.0
7.407639,"[10.480080604553223, 4.5, 0.0]","[26.39356231689453, 4.5, 0.0]",2.986820220947975,3.647491455078125,0.6308555603123711,15.90019798278301,0.663297414779147,0.22842595353722572,0.0,0.22842595353722572,0.0
7.428205,"[10.539565086364746, 4.5, 0.0]","[26.46732521057129, 4.5, 0.0]",2.999185562134676,3.657526969909668,0.6182670593350537,15.913481712337783,0.6606712341301502,0.22387830540537834,0.0,0.22387830540537834,0.0
7.447265,"[10.5993013381958, 4.5, 0.0]","[26.540420532226562, 4.5, 0.0]",3.0115737915047003,3.6674718856811523,0.6194114685012186,15.927760124204283,0.6583414077749921,0.224281195551157,0.0,0.224281195551157,0.0
7.467401,"[10.659284591674805, 4.5, 0.0]","[26.612815856933594, 4.5, 0.0]",3.023983001709609,3.677321434020996,0.6204605102454464,15.941119194030197,0.6558980941764521,0.22467456758022308,0.0,0.22467456758022308,0.0
7.487719,"[10.719515800476074, 4.5, 0.0]","[26.68771743774414, 4.5, 0.0]",3.0364131927495435,3.687512159347534,0.6215095519967129,15.953531265255254,0.6533384323113869,0.22505484521389008,0.0,0.22505484521389008,0.0
7.507048,"[10.779995918273926, 4.5, 0.0]","[26.76085090637207, 4.5, 0.0]",3.048864364624491,3.7007851600646973,0.6225585937473799,15.968201637266791,0.6510989665979907,0.22542908787727356,0.0,0.22542908787727356,0.0
7.528109,"[10.840723991394043, 4.5, 0.0]","[26.83438491821289, 4.5, 0.0]",3.0610790252689553,3.7039885520935063,0.6107330322232096,15.980854988095878,0.6519207954402062,0.221148282289505,0.0,0.221148282289505,0.0
7.547092,"[10.901700973510742, 4.5, 0.0]","[26.909902572631836, 4.5, 0.0]",3.0733156204227043,3.720792293548584,0.6118297576874543,15.99366092681658,0.642909526824551,0.22154048085212708,0.0,0.22154048085212708,0.0
7.566654,"[10.962922096252441, 4.5, 0.0]","[26.983022689819336, 4.5, 0.0]",3.0855731964114432,3.723939895629883,0.6128787994369445,16.008201599118824,0.6474766731258796,0.22192319855093956,0.0,0.22192319855093956,0.0
7.587789,"[11.024388313293457, 4.5, 0.0]","[27.05939292907715, 4.5, 0.0]",3.0978479385379427,3.7408580780029297,0.6137371063249741,16.02010059356462,0.6383666992184396,0.22223886102437973,0.0,0.22223886102437973,0.0
7.607185,"[11.086099624633789, 4.5, 0.0]","[27.13243865966797, 4.5, 0.0]",3.1101408004764495,3.743987083435059,0.614643096925338,16.035004615781418,0.643010139464987,0.22256271913647652,0.0,0.22256271913647652,0.0
7.627672,"[11.148056983947754, 4.5, 0.0]","[27.20806121826172, 4.5, 0.0]",3.1221418380741124,3.7606701850891113,0.6000518798831456,16.046339035031902,0.6338462829586096,0.21727489307522774,0.0,0.21727489307522774,0.0
7.647635,"[11.210259437561035, 4.5, 0.0]","[27.283403396606445, 4.5, 0.0]",3.1341629028324087,3.7639825344085693,0.601053237914817,16.060004234311688,0.6385283470149989,0.2176479436457157,0.0,0.2176479436457157,0.0
7.667255,"[11.27270221710205, 4.5, 0.0]","[27.35866355895996, 4.5, 0.0]",3.1462049484256718,3.7806177139282227,0.6021022796631526,16.07314395904313,0.6298196315761606,0.21802086383104324,0.0,0.21802086383104324,0.0
7.687776,"[11.3353853225708, 4.5, 0.0]","[27.434284210205078, 4.5, 0.0]",3.1582641601566186,3.783966541290283,0.6029605865473409,16.085961341856628,0.6344127655025509,0.21833421662449837,0.0,0.21833421662449837,0.0
7.706744,"[11.398309707641602, 4.5, 0.0]","[27.509428024291992, 4.5, 0.0]",3.1703414916995825,3.8005788326263428,0.6038665771481933,16.09889888763299,0.6257023811336646,0.21866140887141228,0.0,0.21866140887141228,0.0
7.727613,"[11.461475372314453, 4.5, 0.0]","[27.58656120300293, 4.5, 0.0]",3.1823558807375907,3.8039944171905518,0.6007194519004111,16.11111831665025,0.6302373409267603,0.21751262247562408,0.0,0.21751262247562408,0.0
7.747149,"[11.524882316589355, 4.5, 0.0]","[27.6640682220459, 4.5, 0.0]",3.194385528564634,3.8207931518554688,0.6014823913521594,16.125085830687905,0.6216385364529611,0.21780338138341904,0.0,0.21780338138341904,0.0
7.766501,"[11.588529586791992, 4.5, 0.0]","[27.739120483398438, 4.5, 0.0]",3.206432342529432,3.8239367008209233,0.6023406982399004,16.13918590545597,0.6264076232908349,0.21811312064528465,0.0,0.21811312064528465,0.0
7.788172,"[11.652417182922363, 4.5, 0.0]","[27.817445755004883, 4.5, 0.0]",3.2184972763062563,3.8408424854278564,0.6032466888412191,16.150590896606445,0.6175043582914914,0.2184337005019188,0.0,0.2184337005019188,0.0
7.807418,"[11.716546058654785, 4.5, 0.0]","[27.894041061401367, 4.5, 0.0]",3.230577468872152,3.844176769256592,0.6040096282947882,16.16502857208252,0.6223452091216002,0.21870413795113564,0.0,0.21870413795113564,0.0
7.828035,"[11.780916213989258, 4.5, 0.0]","[27.97014617919922, 4.5, 0.0]",3.242322921752991,3.860664129257202,0.5872726440419473,16.177495002746582,0.6135993003844398,0.21265551447868347,0.0,0.21265551447868347,0.0
7.847849,"[11.845527648925781, 4.5, 0.0]","[28.049394607543945, 4.5, 0.0]",3.254088401794477,3.864222526550293,0.5882740020743071,16.18922996520996,0.6183412075042112,0.21300457417964935,0.0,0.21300457417964935,0.0
7.866757,"[11.91037368774414, 4.5, 0.0]","[28.124799728393555, 4.5, 0.0]",3.2658700942993475,3.880619525909424,0.5890846252435189,16.203866958618164,0.6101341247558159,0.21330386400222778,0.0,0.21330386400222778,0.0
7.887881,"[11.975455284118652, 4.5, 0.0]","[28.20418357849121, 4.5, 0.0]",3.277666091918971,3.884195327758789,0.5897998809811789,16.214426040649414,0.6147494316100763,0.2135612815618515,0.0,0.2135612815618515,0.0
7.907353,"[12.040772438049316, 4.5, 0.0]","[28.281251907348633, 4.5, 0.0]",3.2894773483276647,3.900796413421631,0.5905628204346813,16.22872829437256,0.606529235839818,0.21384822204709053,0.0,0.21384822204709053,0.0
7.928166,"[12.10632610321045, 4.5, 0.0]","[28.360136032104492, 4.5, 0.0]",3.301248550415069,3.904178380966187,0.588560104370206,16.240479469299316,0.6113190650939662,0.2131219208240509,0.0,0.2131219208240509,0.0
7.949764,"[12.172115325927734, 4.5, 0.0]","[28.437618255615234, 4.5, 0.0]",3.313035011291538,3.920715808868408,0.5893230438234642,16.253809928894043,0.6029298305511182,0.21339310333132744,0.0,0.21339310333132744,0.0
7.966612,"[12.238140106201172, 4.5, 0.0]","[28.51523208618164, 4.5, 0.0]",3.3248348236084326,3.923935651779175,0.5899906158447266,16.2655029296875,0.6076807975768701,0.21362800151109695,0.0,0.21362800151109695,0.0
7.988226,"[12.304400444030762, 4.5, 0.0]","[28.593786239624023, 4.5, 0.0]",3.336648941040074,3.9406096935272217,0.5907058715820757,16.27709197998047,0.5991008281707422,0.21389689296483994,0.0,0.21389689296483994,0.0
8.0074,"[12.37089729309082, 4.5, 0.0]","[28.673961639404297, 4.5, 0.0]",3.3484792709351,3.944145679473877,0.5915164947512874,16.289385795593116,0.6039607524871475,0.2141891047358513,0.0,0.2141891047358513,0.0
8.028032,"[12.437630653381348, 4.5, 0.0]","[28.754188537597656, 4.5, 0.0]",3.3599996566772923,3.960904121398926,0.5760192871096192,16.30306434631333,0.5956664085387771,0.20857276394963264,0.0,0.20857276394963264,0.0
8.047466,"[12.504600524902344, 4.5, 0.0]","[28.83306121826172, 4.5, 0.0]",3.37163448333745,3.967491865158081,0.5817413330078791,16.316557884216163,0.6009044647216335,0.21064713597297668,0.0,0.21064713597297668,0.0
8.066647,"[12.571800231933594, 4.5, 0.0]","[28.910884857177734, 4.5, 0.0]",3.3841390609741606,3.977280855178833,0.6252288818355378,16.32846069335923,0.5958573818206312,0.2264009391021356,0.0,0.2264009391021356,0.0
8.088003,"[12.639232635498047, 4.5, 0.0]","[28.992326736450195, 4.5, 0.0]",3.3983688354492445,3.987525224685669,0.7114887237541945,16.33908462524414,0.5931417942046724,0.25762611276552083,0.0,0.25762611276552083,0.0
8.107116,"[12.706915855407715, 4.5, 0.0]","[29.070087432861328, 4.5, 0.0]",3.415003776550306,3.9972987174987793,0.831747055053067,16.35309410095215,0.5891563892364244,0.30117041320402177,0.0,0.30117041320402177,0.0
8.128124,"[12.774883270263672, 4.5, 0.0]","[29.152372360229492, 4.5, 0.0]",3.433360099792486,4.00752067565918,0.9178161621089975,16.363171577453613,0.5822949409484734,0.3323345924788713,0.0,0.3323345924788713,0.0
8.146608,"[12.843183517456055, 4.5, 0.0]","[29.2309513092041, 4.5, 0.0]",3.452852249145509,4.017282009124756,0.9746074676511673,16.37748908996582,0.5741605758666939,0.3529037524484471,0.0,0.3529037524484471,0.0
8.166699,"[12.911850929260254, 4.5, 0.0]","[29.3114070892334, 4.5, 0.0]",3.472891807556153,4.027276515960693,1.0019779205321822,16.387767791748047,0.5644297599792467,0.36281269781172276,0.0,0.36281269781172276,0.0
8.188711,"[12.980908393859863, 4.5, 0.0]","[29.39386749267578, 4.5, 0.0]",3.4934883117675795,4.037519931793213,1.0298252105713335,16.399556159973145,0.5543847084045406,0.37288956889450553,0.0,0.37288956889450553,0.0
8.207727,"[13.050366401672363, 4.5, 0.0]","[29.474281311035156, 4.5, 0.0]",3.5149908065795903,4.047499179840088,1.0751247406005415,16.412959098815918,0.5440316200256334,0.38929223718941214,0.0,0.38929223718941214,0.0
8.227904,"[13.12023639678955, 4.5, 0.0]","[29.554489135742188, 4.5, 0.0]",3.538947105407715,4.057340621948242,1.1978149414062278,16.423914909362793,0.5325083732604976,0.4337288425628841,0.0,0.4337288425628841,0.0
8.247826,"[13.190536499023438, 4.5, 0.0]","[29.63884162902832, 4.5, 0.0]",3.5683403015136745,4.067690372467042,1.4696598052979848,16.434252738952637,0.5183935165405273,0.5321574660950898,0.0,0.5321574660950898,0.0
8.267027,"[13.26131534576416, 4.5, 0.0]","[29.718530654907227, 4.5, 0.0]",3.6055755615234455,4.077468395233154,1.8617630004885477,16.448305130004883,0.49935007095336736,0.6741402359223365,0.0,0.6741402359223365,0.0
8.288643,"[13.332682609558105, 4.5, 0.0]","[29.80049705505371, 4.5, 0.0]",3.6486797332763716,4.087525367736816,2.1552085876463067,16.45721530914292,0.4718928337097088,0.78039,0.0,0.78039,0.0
8.307123,"[13.404793739318848, 4.5, 0.0]","[29.881572723388672, 4.5, 0.0]",3.700664520263674,4.097463607788086,2.5992393493651234,16.467814445495605,0.4388456344604448,0.94118,0.0,0.94118,0.0
8.329469,"[13.477766990661621, 4.5, 0.0]","[29.964521408081055, 4.5, 0.0]",3.7558984756469767,4.107518196105957,2.761697769165128,16.476778984069824,0.39679908752441184,1.0,0.0,1.0,0.0
8.347412,"[13.551780700683594, 4.5, 0.0]","[30.04693603515625, 4.5, 0.0]",3.8111324310302885,4.117507457733154,2.761697769165594,16.486754417419288,0.3516197204589804,1.0,0.0,1.0,0.0
8.36687,"[13.626898765563965, 4.5, 0.0]","[30.1275634765625, 4.5, 0.0]",3.866366386413629,4.1272807121276855,2.7616977691670153,16.495155334470315,0.30637502670286576,1.0,0.0,1.0,0.0
8.387449,"[13.703121185302734, 4.5, 0.0]","[30.210554122924805, 4.5, 0.0]",3.9216003417969607,4.137340068817139,2.7616977691665934,16.500664710997217,0.2609143257140567,1.0,0.0,1.0,0.0
8.406852,"[13.780448913574219, 4.5, 0.0]","[30.292678833007812, 4.5, 0.0]",3.9768342971802517,4.147286891937256,2.7616977691645506,16.507432937621925,0.21573972702017796,1.0,0.0,1.0,0.0
8.428377,"[13.858880996704102, 4.5, 0.0]","[30.37652587890625, 4.5, 0.0]",4.032067775726423,4.1573286056518555,2.761673927308572,16.512229919433008,0.17045259475700414,1.0,0.0,1.0,0.0
8.447227,"[13.938417434692383, 4.5, 0.0]","[30.45992088317871, 4.5, 0.0]",4.0873007774354,4.16731595993042,2.7616500854488635,16.51764488220215,0.1252608299254323,1.0,0.0,1.0,0.0
8.467009,"[14.019059181213379, 4.5, 0.0]","[30.544679641723633, 4.5, 0.0]",4.142533779144374,4.180799961090088,2.761650085448686,16.521503448486328,0.08001518249501949,1.0,0.0,1.0,0.0
8.487734,"[14.100805282592773, 4.5, 0.0]","[30.6286563873291, 4.5, 0.0]",4.197766780853326,4.18419075012207,2.7616500854475756,16.52562046051011,0.03826618194571374,1.0,0.0,1.0,0.0
8.507157,"[14.183655738830566, 4.5, 0.0]","[30.711721420288086, 4.5, 0.0]",4.252999782562283,4.200795650482178,2.7616500854478865,16.527851104736182,-0.01357603073125535,1.0,0.0,1.0,0.0
8.528141,"[14.267611503601074, 4.5, 0.0]","[30.796669006347656, 4.5, 0.0]",4.308232784271254,4.204182147979736,2.761650085448508,16.52806568145752,-0.05220413208010566,1.0,0.0,1.0,0.0
8.54748,"[14.35267162322998, 4.5, 0.0]","[30.879268646240234, 4.5, 0.0]",4.363465785980231,4.22062349319458,2.7616500854488635,16.529057502746582,-0.10405063629151723,1.0,0.0,1.0,0.0
8.566642,"[14.438836097717285, 4.5, 0.0]","[30.963623046875, 4.5, 0.0]",4.418698787689212,4.223940372467041,2.761650085449041,16.526597023010254,-0.14284229278565075,1.0,0.0,1.0,0.0
8.587767,"[14.526105880737305, 4.5, 0.0]","[31.050310134887695, 4.5, 0.0]",4.4739317893982005,4.240865230560303,2.761650085449441,16.524786949157715,-0.19475841522217063,1.0,0.0,1.0,0.0
8.60733,"[14.614480018615723, 4.5, 0.0]","[31.133193969726562, 4.5, 0.0]",4.529164791107182,4.24399995803833,2.7616500854490855,16.52420425415039,-0.23306655883789773,1.0,0.0,1.0,0.0
8.627782,"[14.703958511352539, 4.5, 0.0]","[31.218629837036133, 4.5, 0.0]",4.5843977928161666,4.260658264160156,2.7616500854492188,16.51871395111084,-0.2851648330688521,1.0,0.0,1.0,0.0
8.647375,"[14.794541358947754, 4.5, 0.0]","[31.30392837524414, 4.5, 0.0]",4.639630794525147,4.263968467712402,2.761650085449041,16.514671325683594,-0.3237395286560103,1.0,0.0,1.0,0.0
8.66673,"[14.886229515075684, 4.5, 0.0]","[31.3894100189209, 4.5, 0.0]",4.694863796234133,4.280632972717285,2.761650085449263,16.509387016296387,-0.37566232681274503,1.0,0.0,1.0,0.0
8.688108,"[14.979022026062012, 4.5, 0.0]","[31.477005004882812, 4.5, 0.0]",4.750096797943122,4.2842116355896,2.761650085449485,16.503180503845215,-0.4142308235168475,1.0,0.0,1.0,0.0
8.70711,"[15.072918891906738, 4.5, 0.0]","[31.56062889099121, 4.5, 0.0]",4.805329799652111,4.300650596618652,2.761650085449441,16.4979829788208,-0.46588516235352273,1.0,0.0,1.0,0.0
8.728148,"[15.16792106628418, 4.5, 0.0]","[31.64902114868164, 4.5, 0.0]",4.860562801361089,4.304203510284424,2.761650085448908,16.487709999084473,-0.5046792030334588,1.0,0.0,1.0,0.0
8.747168,"[15.26402759552002, 4.5, 0.0]","[31.73482894897461, 4.5, 0.0]",4.915795803070071,4.320789337158203,2.7616500854490855,16.481100082397315,-0.5563592910766655,1.0,0.0,1.0,0.0
8.766871,"[15.361238479614258, 4.5, 0.0]","[31.8214168548584, 4.5, 0.0]",4.9710288047790545,4.324133396148682,2.7616500854491743,16.47080135345459,-0.5950064659118679,1.0,0.0,1.0,0.0
8.788679,"[15.459554672241211, 4.5, 0.0]","[31.908479690551758, 4.5, 0.0]",5.026261806488039,4.340864658355713,2.7616500854492188,16.46017837524414,-0.6468954086303729,1.0,0.0,1.0,0.0
8.807409,"[15.558975219726562, 4.5, 0.0]","[31.99463653564453, 4.5, 0.0]",5.081494808197022,4.344149589538574,2.7616500854491743,16.448925018310547,-0.685397148132326,1.0,0.0,1.0,0.0
8.827718,"[15.659500122070312, 4.5, 0.0]","[32.0810661315918, 4.5, 0.0]",5.136727809906015,4.360692977905273,2.7616500854496184,16.43566131591797,-0.7373452186584482,1.0,0.0,1.0,0.0
8.848103,"[15.761130332946777, 4.5, 0.0]","[32.16984176635742, 4.5, 0.0]",5.191960811615007,4.36417293548584,2.7616500854496184,16.42156600952134,-0.7760348320007413,1.0,0.0,1.0,0.0
8.867027,"[15.86386489868164, 4.5, 0.0]","[32.25566482543945, 4.5, 0.0]",5.247193813323998,4.380647659301758,2.7616500854495296,16.408711433410645,-0.8277878761291673,1.0,0.0,1.0,0.0
8.887434,"[15.967702865600586, 4.5, 0.0]","[32.343448638916016, 4.5, 0.0]",5.302426815032985,4.384013652801514,2.761650085449352,16.391799926757812,-0.8665461540222399,1.0,0.0,1.0,0.0
8.907174,"[16.072647094726562, 4.5, 0.0]","[32.4320068359375, 4.5, 0.0]",5.357659816741954,4.400791645050049,2.761650085448464,16.37574577331543,-0.9184131622314711,1.0,0.0,1.0,0.0
8.927833,"[16.178695678710938, 4.5, 0.0]","[32.52082824707031, 4.5, 0.0]",5.412892818450933,4.4041619300842285,2.7616500854489523,16.359359741210938,-0.9568681716919052,1.0,0.0,1.0,0.0
8.946657,"[16.28584861755371, 4.5, 0.0]","[32.60737609863281, 4.5, 0.0]",5.468125820159925,4.420607566833496,2.7616500854496184,16.342132568359375,-1.0087308883667045,1.0,0.0,1.0,0.0
8.966663,"[16.394105911254883, 4.5, 0.0]","[32.69586944580078, 4.5, 0.0]",5.523358821868917,4.427273750305176,2.761650085449574,16.3215274810791,-1.0475182533264293,1.0,0.0,1.0,0.0
8.988469,"[16.503467559814453, 4.5, 0.0]","[32.787017822265625, 4.5, 0.0]",5.578591823577905,4.437572956085205,2.7616500854493964,16.3017635345459,-1.0960850715637411,1.0,0.0,1.0,0.0
9.007357,"[16.613935470581055, 4.5, 0.0]","[32.87340545654297, 4.5, 0.0]",5.633824825286892,4.44732666015625,2.761650085449352,16.283550262451172,-1.1410188674926998,1.0,0.0,1.0,0.0
9.028849,"[16.725507736206055, 4.5, 0.0]","[32.964786529541016, 4.5, 0.0]",5.68905782699588,4.457536697387695,2.7616500854493964,16.259469985961914,-1.1864981651306419,1.0,0.0,1.0,0.0
9.047575,"[16.838184356689453, 4.5, 0.0]","[33.053775787353516, 4.5, 0.0]",5.744290828704895,4.467480182647705,2.761650085450773,16.23927879333496,-1.2315211296081845,1.0,0.0,1.0,0.0
9.067131,"[16.95196533203125, 4.5, 0.0]","[33.1431999206543, 4.5, 0.0]",5.799523830413953,4.477471351623536,2.7616500854529047,16.215591430663487,-1.2768106460571902,1.0,0.0,1.0,0.0
9.087916,"[17.066850662231445, 4.5, 0.0]","[33.23312759399414, 4.5, 0.0]",5.854756832123002,4.487519264221191,2.761650085452416,16.191234588622475,-1.3220524787904173,1.0,0.0,1.0,0.0
9.107036,"[17.18284034729004, 4.5, 0.0]","[33.320743560791016, 4.5, 0.0]",5.909989833832043,4.4973015785217285,2.761650085452061,16.166276931762123,-1.3672375679018103,1.0,0.0,1.0,0.0
9.128026,"[17.299936294555664, 4.5, 0.0]","[33.41327667236328, 4.5, 0.0]",5.965222835541065,4.50752592086792,2.761650085451084,16.137903213500405,-1.4126882553103144,1.0,0.0,1.0,0.0
9.147208,"[17.418136596679688, 4.5, 0.0]","[33.503257751464844, 4.5, 0.0]",6.020455837250076,4.5174689292907715,2.761650085450551,16.113340377807045,-1.4576969146731447,1.0,0.0,1.0,0.0
9.167335,"[17.53744125366211, 4.5, 0.0]","[33.5921630859375, 4.5, 0.0]",6.075688838959086,4.527292728424073,2.7616500854505066,16.085121154784588,-1.5029869079593041,1.0,0.0,1.0,0.0
9.1889,"[17.65785026550293, 4.5, 0.0]","[33.684574127197266, 4.5, 0.0]",6.1309218406680985,4.537504196166992,2.76165008545064,16.054721832274822,-1.5483961105350126,1.0,0.0,1.0,0.0
9.20774,"[17.77936363220215, 4.5, 0.0]","[33.77528381347656, 4.5, 0.0]",6.186154842377094,4.547517776489258,2.7616500854497517,16.026723861693768,-1.5934176445011063,1.0,0.0,1.0,0.0
9.227571,"[17.901981353759766, 4.5, 0.0]","[33.865081787109375, 4.5, 0.0]",6.241387844086091,4.557331562042236,2.761650085449885,15.995920181273847,-1.6386370658878358,1.0,0.0,1.0,0.0
9.249808,"[18.025705337524414, 4.5, 0.0]","[33.958030700683594, 4.5, 0.0]",6.296620845795094,4.5674896240234375,2.7616500854501513,15.963100433349044,-1.684056282043855,1.0,0.0,1.0,0.0
9.266902,"[18.15053367614746, 4.5, 0.0]","[34.04770278930664, 4.5, 0.0]",6.351853847504094,4.5772905349731445,2.7616500854499737,15.932325363158615,-1.7291312217716568,1.0,0.0,1.0,0.0
9.287145,"[18.276466369628906, 4.5, 0.0]","[34.13951873779297, 4.5, 0.0]",6.407086849213072,4.587324619293213,2.761650085448908,15.897169113158617,-1.7745633125309492,1.0,0.0,1.0,0.0
9.306686,"[18.40350341796875, 4.5, 0.0]","[34.23054122924805, 4.5, 0.0]",6.462319850922049,4.59726619720459,2.7616500854488635,15.863052368163501,-1.819762229919859,1.0,0.0,1.0,0.0
9.328091,"[18.531644821166992, 4.5, 0.0]","[34.325401306152344, 4.5, 0.0]",6.517552852631033,4.607521057128907,2.7616500854491743,15.827037811278736,-1.8650536537174593,1.0,0.0,1.0,0.0
9.347586,"[18.660890579223633, 4.5, 0.0]","[34.41598129272461, 4.5, 0.0]",6.566287517548026,4.617313385009766,2.436733245849654,15.793756484984792,-1.9100317955021255,0.88235,0.0,0.88235,0.0
9.367047,"[18.791240692138672, 4.5, 0.0]","[34.50992202758789, 4.5, 0.0]",6.60159444809002,4.627469062805176,1.7653465270996982,15.755090713500419,-1.9489741325382601,0.63922,0.0,0.63922,0.0
9.388699,"[18.92256736755371, 4.5, 0.0]","[34.60235595703125, 4.5, 0.0]",6.624555110931818,4.6407952308654785,1.1480331420899326,15.718681335448663,-1.974125385284844,0.41569,0.0,0.41569,0.0
9.407742,"[19.05459976196289, 4.5, 0.0]","[34.69523239135742, 4.5, 0.0]",6.637334346771657,4.644160747528077,0.638961791991921,15.679788589476983,-1.9837598800663399,0.23137,0.0,0.23137,0.0
9.428509,"[19.187089920043945, 4.5, 0.0]","[34.78731918334961, 4.5, 0.0]",6.647298336029569,4.660676002502441,0.4981994628955988,15.640632629393977,-1.9931735992435797,0.18039,0.0,0.18039,0.0
9.447691,"[19.319835662841797, 4.5, 0.0]","[34.880950927734375, 4.5, 0.0]",6.655961513520003,4.664023399353027,0.43315887452171076,15.600229263302207,-1.9866223335271274,0.15686,0.0,0.15686,0.0
9.466664,"[19.452781677246094, 4.5, 0.0]","[34.9737663269043, 4.5, 0.0]",6.662459850312141,4.680616855621338,0.32491683960689244,15.561115264891336,-1.9919381141669756,0.11765,0.0,0.11765,0.0
9.487319,"[19.585901260375977, 4.5, 0.0]","[35.06754684448242, 4.5, 0.0]",6.665492534638555,4.683980464935303,0.15163421632071739,15.520984649656,-1.981842994690803,0.0549,0.0,0.0549,0.0
9.506559,"[19.71915054321289, 4.5, 0.0]","[35.16065216064453, 4.5, 0.0]",6.595403194428769,4.700598239898682,-3.5044670104892983,15.48164558409972,-1.9815120697032524,0.0,0.21544402959927916,0.0,0.21544402959927916
9.527563,"[19.852460861206055, 4.5, 0.0]","[35.255638122558594, 4.5, 0.0]",6.443448543549831,4.703983306884766,-7.597732543946911,15.44150161742822,-1.8948049545300876,0.0,0.4670892002040148,0.0,0.4670892002040148
9.547361,"[19.9843692779541, 4.5, 0.0]","[35.34949493408203, 4.5, 0.0]",6.285615444184576,4.720581531524658,-7.89165496826274,15.403177261349125,-1.7394652366650654,0.0,0.4851583629080653,0.0,0.4851583629080653
9.56672,"[20.113237380981445, 4.5, 0.0]","[35.44422149658203, 4.5, 0.0]",6.118522167207009,4.723938941955567,-8.354663848878374,15.36512565612575,-1.565033912659918,0.0,0.5136258343157172,0.0,0.5136258343157172
9.587673,"[20.238948822021484, 4.5, 0.0]","[35.54042053222656, 4.5, 0.0]",5.9346137046824605,4.740785121917725,-9.195423126227409,15.330984115600042,-1.3945832252514414,0.0,0.6098557576030492,0.0,0.6098557576030492
9.607853,"[20.361318588256836, 4.5, 0.0]","[35.63452911376953, 4.5, 0.0]",5.75356245041,4.744070053100586,-9.052562713623047,15.301471710203856,-1.193828582764736,0.0,0.6569952759325504,0.0,0.6569952759325504
9.628052,"[20.480010986328125, 4.5, 0.0]","[35.731266021728516, 4.5, 0.0]",5.573793888092981,4.760865688323975,-8.988428115850944,15.273210525510528,-1.0094923973094136,0.0,0.6859397281706333,0.0,0.6859397281706333
9.647828,"[20.595081329345703, 4.5, 0.0]","[35.82644271850586, 4.5, 0.0]",5.385868549347766,4.76416540145874,-9.396266937260744,15.25125503539985,-0.8129281997690061,0.0,0.755384832417965,0.0,0.755384832417965
9.667038,"[20.70655632019043, 4.5, 0.0]","[35.91997146606445, 4.5, 0.0]",5.189408779145052,4.780624866485596,-9.8229885101357,15.231361389158941,-0.6217031478890256,0.0,0.8251382516443729,0.0,0.8251382516443729
9.687781,"[20.814273834228516, 4.5, 0.0]","[36.01596450805664, 4.5, 0.0]",4.983567714691857,4.784010410308838,-10.292053222659758,15.213415145872808,-0.40878391265945613,0.0,0.8993850114941597,0.0,0.8993850114941597
9.706707,"[20.918062210083008, 4.5, 0.0]","[36.110992431640625, 4.5, 0.0]",4.768148899079123,4.800621032714844,-10.770940780636673,15.201690673824757,-0.19955730438301877,0.0,0.9753463088291884,0.0,0.9753463088291884
9.727353,"[21.017732620239258, 4.5, 0.0]","[36.20792007446289, 4.5, 0.0]",4.551593303681324,4.803999423980713,-10.827779769889956,15.192930221551016,0.032472133635720546,0.0,1.0,0.0,1.0
9.747111,"[21.113096237182617, 4.5, 0.0]","[36.3043212890625, 4.5, 0.0]",4.3365573883066695,4.820655345916748,-10.75179576873273,15.190187454217034,0.2524061202993888,0.0,1.0,0.0,1.0
9.766665,"[21.20412826538086, 4.5, 0.0]","[36.40028762817383, 4.5, 0.0]",4.121669292451095,4.8239336013793945,-10.744404792778717,15.191225051873284,0.48409795761007857,0.0,1.0,0.0,1.0
9.787476,"[21.29085922241211, 4.5, 0.0]","[36.497222900390625, 4.5, 0.0]",3.9062385559094386,4.840644836425781,-10.771536827082828,15.196159362786368,0.7022643089282994,0.0,1.0,0.0,1.0
9.808919,"[21.373292922973633, 4.5, 0.0]","[36.59419250488281, 4.5, 0.0]",3.689935445786968,4.844020366668701,-10.81515550612353,15.206363677965035,0.9344062805163427,0.0,1.0,0.0,1.0
9.828184,"[21.451417922973633, 4.5, 0.0]","[36.691444396972656, 4.5, 0.0]",3.4726223945634422,4.860660552978516,-10.865652561176287,15.220899581889748,1.1540849208817332,0.0,1.0,0.0,1.0
9.848386,"[21.525217056274414, 4.5, 0.0]","[36.790008544921875, 4.5, 0.0]",3.253986597062916,4.864104270935059,-10.93178987502632,15.240026473982676,1.3880381584150734,0.0,1.0,0.0,1.0
9.86728,"[21.594669342041016, 4.5, 0.0]","[36.8879280090332, 4.5, 0.0]",3.0339465141313693,4.880813121795654,-11.002004146577326,15.264791488636499,1.6101176738721428,0.0,1.0,0.0,1.0
9.88784,"[21.65974998474121, 4.5, 0.0]","[36.985870361328125, 4.5, 0.0]",2.8126540184038507,4.887525558471681,-11.064624786375932,15.293258666981206,1.846866607664285,0.0,1.0,0.0,1.0
9.906834,"[21.720428466796875, 4.5, 0.0]","[37.0810432434082, 4.5, 0.0]",2.5903470516223415,4.893947124481201,-11.115348339075458,15.326120376567347,2.07487154006783,0.0,1.0,0.0,1.0
9.927536,"[21.776681900024414, 4.5, 0.0]","[37.17998123168945, 4.5, 0.0]",2.3672761917133966,4.91065788269043,-11.153542995447241,15.360614776580688,2.3036000728588597,0.0,1.0,0.0,1.0
9.947421,"[21.828489303588867, 4.5, 0.0]","[37.27800369262695, 4.5, 0.0]",2.143667697908414,4.913943290710449,-11.180424690249135,15.403299331648515,2.543381690977033,0.0,1.0,0.0,1.0
9.966528,"[21.875835418701172, 4.5, 0.0]","[37.376434326171875, 4.5, 0.0]",1.9197080135364193,4.930602550506592,-11.197984218599732,15.449514389018363,2.7702755928020353,0.0,1.0,0.0,1.0
9.987401,"[21.91870880126953, 4.5, 0.0]","[37.475433349609375, 4.5, 0.0]",1.6955430507677687,4.933987140655518,-11.20824813843253,15.500598907447479,3.0108945369701727,0.0,1.0,0.0,1.0
10.007228,"[21.957103729248047, 4.5, 0.0]","[37.57548904418945, 4.5, 0.0]",1.471280694009577,4.950802803039551,-11.21311783790958,15.556724548312813,3.238444089887749,0.0,1.0,0.0,1.0
10.027835,"[21.99101448059082, 4.5, 0.0]","[37.673797607421875, 4.5, 0.0]",1.2469958066956077,4.95401668548584,-11.214244365698466,15.618385314901388,3.4795221090299737,0.0,1.0,0.0,1.0
10.047657,"[22.02043914794922, 4.5, 0.0]","[37.772621154785156, 4.5, 0.0]",1.0227377414716834,4.970615386962891,-11.212903261196216,15.682783126790873,3.707020878790232,0.0,1.0,0.0,1.0
10.068038,"[22.045379638671875, 4.5, 0.0]","[37.87384033203125, 4.5, 0.0]",0.798534691334822,4.974122047424317,-11.210152506843068,15.752182006800187,3.9478776454912072,0.0,1.0,0.0,1.0
10.087708,"[22.065834045410156, 4.5, 0.0]","[37.972198486328125, 4.5, 0.0]",0.5744010210044648,4.990673065185547,-11.206683516517861,15.828460693327802,4.175587356089495,0.0,1.0,0.0,1.0
10.107384,"[22.081804275512695, 4.5, 0.0]","[38.07314682006836, 4.5, 0.0]",0.3503394424919256,4.994144439697266,-11.203078925626958,15.906364440881868,4.416272044181082,0.0,1.0,0.0,1.0
10.127497,"[22.093292236328125, 4.5, 0.0]","[38.172061920166016, 4.5, 0.0]",0.14548358321202906,5.010653018951416,-10.242792963994827,15.991342544523766,4.64380499720534,0.0,0.88235,0.0,0.88235
10.147277,"[22.100299835205078, 4.5, 0.0]","[38.27227020263672, 4.5, 0.0]",0.01299302279969725,5.013957500457764,-6.624528020616591,16.078769683796693,4.865169435739387,0.0,0.58824,0.0,0.58824
10.16736,"[22.10321044921875, 4.5, 0.0]","[38.37445831298828, 4.5, 0.0]",0.08443704247496223,5.030791759490967,3.572200983763249,16.171970367390205,5.000964477658067,0.0,0.21961,0.0,0.21961
10.189092,"[22.102951049804688, 4.5, 0.0]","[38.47571563720703, 4.5, 0.0]",0.061700165271876876,5.03420114517212,-1.1368438601542674,16.271247863717456,4.946354717016004,0.41164860129356384,0.0,0.41164860129356384,0.0
10.207431,"[22.10126304626465, 4.5, 0.0]","[38.575904846191406, 4.5, 0.0]",0.006466448307065923,5.050827980041504,-2.7616858482405475,16.372764587349945,4.972500979900243,1.0,0.0,1.0,0.0
10.227845,"[22.10002899169922, 4.5, 0.0]","[38.67580795288086, 4.5, 0.0]",0.04876726865800716,5.054004669189453,2.1150410175470618,16.474641799849493,5.044361531734438,1.0,0.0,1.0,0.0
10.24881,"[22.099899291992188, 4.5, 0.0]","[38.77741622924805, 4.5, 0.0]",0.10400098562302262,5.070681095123291,2.761685848250773,16.575778961110515,5.005237400531446,1.0,0.0,1.0,0.0
10.267785,"[22.100873947143555, 4.5, 0.0]","[38.88008117675781, 4.5, 0.0]",0.15923470258808364,5.074130058288574,2.761685848253051,16.677516937177643,4.966680109500269,1.0,0.0,1.0,0.0
10.288001,"[22.102954864501953, 4.5, 0.0]","[38.982215881347656, 4.5, 0.0]",0.21446841955313947,5.0908589363098145,2.7616858482527915,16.779207229535565,4.914895355700491,1.0,0.0,1.0,0.0
10.307136,"[22.10614013671875, 4.5, 0.0]","[39.08307647705078, 4.5, 0.0]",0.26970213651809594,5.097455024719238,2.761685848247823,16.879261016773278,4.876390516756675,1.0,0.0,1.0,0.0
10.328593,"[22.110429763793945, 4.5, 0.0]","[39.18645095825195, 4.5, 0.0]",0.32493585348311194,5.107540130615234,2.7616858482507998,16.97693634025241,4.827752888201142,1.0,0.0,1.0,0.0
10.347944,"[22.11582374572754, 4.5, 0.0]","[39.28852462768555, 4.5, 0.0]",0.3801695704481026,5.117498397827148,2.761685848249534,17.076021194384737,4.782604277132123,1.0,0.0,1.0,0.0
10.368129,"[22.12232208251953, 4.5, 0.0]","[39.390621185302734, 4.5, 0.0]",0.4354032874127828,5.1274590492248535,2.761685848234008,17.17270088189087,4.737328827379046,1.0,0.0,1.0,0.0
10.387607,"[22.129924774169922, 4.5, 0.0]","[39.49251174926758, 4.5, 0.0]",0.49063700437749913,5.137400150299072,2.7616858482358175,17.26829910272197,4.692055761812071,1.0,0.0,1.0,0.0
10.407099,"[22.138633728027344, 4.5, 0.0]","[39.59576416015625, 4.5, 0.0]",0.5458707213423843,5.147465229034424,2.7616858482442606,17.36258697504209,4.6467631459215735,1.0,0.0,1.0,0.0
10.427728,"[22.148447036743164, 4.5, 0.0]","[39.69783020019531, 4.5, 0.0]",0.6011044383072486,5.157326698303223,2.7616858482432116,17.457130432067,4.60159450769204,1.0,0.0,1.0,0.0
10.447983,"[22.159364700317383, 4.5, 0.0]","[39.80299377441406, 4.5, 0.0]",0.654528081419701,5.167487621307373,2.67118215562262,17.549383163395984,4.556222259995974,0.96722811460495,0.0,0.96722811460495,0.0
10.467636,"[22.17138671875, 4.5, 0.0]","[39.90622329711914, 4.5, 0.0]",0.708636939528406,5.177461624145508,2.7054429054352513,17.643629074034113,4.512959539887672,0.9796354788804055,0.0,0.9796354788804055,0.0
10.487634,"[22.184476852416992, 4.5, 0.0]","[40.01041793823242, 4.5, 0.0]",0.7633497118979733,5.187528610229492,2.7356386184783643,17.73483657830625,4.468824684617102,0.9905664074660838,0.0,0.9905664074660838,0.0
10.507054,"[22.198650360107422, 4.5, 0.0]","[40.11335754394531, 4.5, 0.0]",0.8185834288628636,5.197466850280762,2.761685848244516,17.82594108575838,4.424178898331519,1.0,0.0,1.0,0.0
10.527876,"[22.213916778564453, 4.5, 0.0]","[40.21842956542969, 4.5, 0.0]",0.8738171458276042,5.207521438598633,2.7616858482370277,17.914707183780557,4.378883421417898,1.0,0.0,1.0,0.0
10.546977,"[22.230287551879883, 4.5, 0.0]","[40.320125579833984, 4.5, 0.0]",0.9290508627924337,5.2172532081604,2.761685848241474,18.004512786807613,4.333704292771029,1.0,0.0,1.0,0.0
10.567454,"[22.247764587402344, 4.5, 0.0]","[40.42478942871094, 4.5, 0.0]",0.984284579757452,5.227268695831299,2.7616858482509166,18.089838027889954,4.288202345367967,1.0,0.0,1.0,0.0
10.589436,"[22.266345977783203, 4.5, 0.0]","[40.53049850463867, 4.5, 0.0]",1.0395183563268853,5.23738431930542,2.7616888284716645,18.177024841244133,4.242984116073847,1.0,0.0,1.0,0.0
10.607361,"[22.28603172302246, 4.5, 0.0]","[40.63603591918945, 4.5, 0.0]",1.0947523117101565,5.247476100921631,2.7616977691635625,18.264152526808672,4.197865962978534,1.0,0.0,1.0,0.0
10.627855,"[22.306821823120117, 4.5, 0.0]","[40.742042541503906, 4.5, 0.0]",1.1499862670935406,5.257524013519287,2.7616977691692024,18.350004196125344,4.152723789211475,1.0,0.0,1.0,0.0
10.647642,"[22.328716278076172, 4.5, 0.0]","[40.84754943847656, 4.5, 0.0]",1.2052202224769315,5.267524719238281,2.7616977691695466,18.435220718330836,4.107537746425747,1.0,0.0,1.0,0.0
10.667714,"[22.351715087890625, 4.5, 0.0]","[40.952491760253906, 4.5, 0.0]",1.2524394989052465,5.277472019195557,2.3609638214157513,18.518833160347196,4.0623044967613495,0.8549,0.0,0.8549,0.0
10.687346,"[22.37582015991211, 4.5, 0.0]","[41.05592727661133, 4.5, 0.0]",1.3061571121255837,5.287276268005372,2.6858806610168595,18.600776672309852,4.02503252029031,0.97255,0.0,0.97255,0.0
10.706828,"[22.400869369506836, 4.5, 0.0]","[41.16148376464844, 4.5, 0.0]",1.3613910675088188,5.297275543212891,2.761697769161753,18.680107116645562,3.9811191558797883,1.0,0.0,1.0,0.0
10.727525,"[22.426992416381836, 4.5, 0.0]","[41.26858901977539, 4.5, 0.0]",1.4166250228920574,5.310665607452393,2.7616977691619304,18.760614395093533,3.935884475704072,1.0,0.0,1.0,0.0
10.747148,"[22.454219818115234, 4.5, 0.0]","[41.37461853027344, 4.5, 0.0]",1.4718589782753393,5.313955307006836,2.7616977691640954,18.841596603360816,3.894040584560335,1.0,0.0,1.0,0.0
10.767015,"[22.48255157470703, 4.5, 0.0]","[41.48091506958008, 4.5, 0.0]",1.527092933658444,5.330602645874023,2.761697769155236,18.920398712109726,3.842096328731497,1.0,0.0,1.0,0.0
10.787427,"[22.51198959350586, 4.5, 0.0]","[41.588314056396484, 4.5, 0.0]",1.5823268890414977,5.334020614624023,2.7616977691526823,18.998363494848792,3.8035097122155794,1.0,0.0,1.0,0.0
10.806627,"[22.542531967163086, 4.5, 0.0]","[41.69419860839844, 4.5, 0.0]",1.6375608444245755,5.35062313079834,2.7616977691538924,19.076324462862043,3.751693725582526,1.0,0.0,1.0,0.0
10.827418,"[22.57417869567871, 4.5, 0.0]","[41.801822662353516, 4.5, 0.0]",1.6927947998077173,5.353968620300293,2.76169776915709,19.151666641206656,3.7130622863737646,1.0,0.0,1.0,0.0
10.847791,"[22.606929779052734, 4.5, 0.0]","[41.90977096557617, 4.5, 0.0]",1.7480287551909264,5.370676517486572,2.761697769160454,19.227643966645996,3.661173820492576,1.0,0.0,1.0,0.0
10.868659,"[22.640785217285156, 4.5, 0.0]","[42.01900100708008, 4.5, 0.0]",1.8032627105742625,5.374170780181885,2.7616977691668043,19.30284118649452,3.622647762295646,1.0,0.0,1.0,0.0
10.887365,"[22.675745010375977, 4.5, 0.0]","[42.12483596801758, 4.5, 0.0]",1.8584966659575766,5.390682220458984,2.761697769165705,19.37821578976589,3.570908069607622,1.0,0.0,1.0,0.0
10.906883,"[22.711811065673828, 4.5, 0.0]","[42.23171615600586, 4.5, 0.0]",1.9137306213409335,5.3939528465271,2.761697769167848,19.449090957607808,3.5321855545014076,1.0,0.0,1.0,0.0
10.927695,"[22.748981475830078, 4.5, 0.0]","[42.340702056884766, 4.5, 0.0]",1.9689645767244561,5.410663604736328,2.76169776917613,19.519905090298113,3.480222225186166,1.0,0.0,1.0,0.0
10.94833,"[22.787256240844727, 4.5, 0.0]","[42.44868850708008, 4.5, 0.0]",2.024198532107972,5.413950443267822,2.761697769175797,19.591720581015608,3.4416990280118718,1.0,0.0,1.0,0.0
10.967357,"[22.826635360717773, 4.5, 0.0]","[42.55903244018555, 4.5, 0.0]",2.0794324874915717,5.430786609649658,2.7616977691799827,19.661432266190726,3.38975191115985,1.0,0.0,1.0,0.0
10.987784,"[22.86711883544922, 4.5, 0.0]","[42.668331146240234, 4.5, 0.0]",2.1346664428751017,5.4341936111450195,2.7616977691764966,19.732397079428413,3.3513541221580865,1.0,0.0,1.0,0.0
11.007344,"[22.908706665039062, 4.5, 0.0]","[42.776554107666016, 4.5, 0.0]",2.18990039825859,5.450826644897461,2.7616977691744093,19.801212310751517,3.299527168269918,1.0,0.0,1.0,0.0
11.027594,"[22.951400756835938, 4.5, 0.0]","[42.884578704833984, 4.5, 0.0]",2.245134353642307,5.454025745391847,2.761697769185867,19.867847442587323,3.260926246638871,1.0,0.0,1.0,0.0
11.047428,"[22.99519920349121, 4.5, 0.0]","[42.99353790283203, 4.5, 0.0]",2.300368309025896,5.470642566680908,2.7616977691794498,19.933177947946973,3.2088913917495394,1.0,0.0,1.0,0.0
11.068099,"[23.040102005004883, 4.5, 0.0]","[43.102752685546875, 4.5, 0.0]",2.355602264409492,5.4739508628845215,2.761697769179783,19.998338699283376,3.170274257655012,1.0,0.0,1.0,0.0
11.088396,"[23.086109161376953, 4.5, 0.0]","[43.21493911743164, 4.5, 0.0]",2.4108362197930617,5.490861892700195,2.761697769178495,20.062650680496457,3.1183485984750297,1.0,0.0,1.0,0.0
11.10723,"[23.133220672607422, 4.5, 0.0]","[43.32238006591797, 4.5, 0.0]",2.4660701751765957,5.494001865386963,2.7616977691766964,20.128829956009003,3.0800256729071336,1.0,0.0,1.0,0.0
11.127429,"[23.18143653869629, 4.5, 0.0]","[43.432674407958984, 4.5, 0.0]",2.5213041305599977,5.51064920425415,2.7616977691701017,20.189159393264724,3.0279316902103672,1.0,0.0,1.0,0.0
11.147205,"[23.230758666992188, 4.5, 0.0]","[43.542842864990234, 4.5, 0.0]",2.5765380859434197,5.513952732086182,2.761697769171101,20.251237869216734,2.9893450736941527,1.0,0.0,1.0,0.0
11.167763,"[23.281185150146484, 4.5, 0.0]","[43.65541458129883, 4.5, 0.0]",2.6317720413268737,5.530806541442871,2.7616977691726996,20.312084197951947,2.937414646142762,1.0,0.0,1.0,0.0
11.18885,"[23.33271598815918, 4.5, 0.0]","[43.766231536865234, 4.5, 0.0]",2.687005996710325,5.5341691970825195,2.7616977691725664,20.3742294311061,2.8990345001159974,1.0,0.0,1.0,0.0
11.207079,"[23.385351181030273, 4.5, 0.0]","[43.87630844116211, 4.5, 0.0]",2.74223995209373,5.550790309906006,2.761697769170257,20.433515548659678,2.8471632003721945,1.0,0.0,1.0,0.0
11.227358,"[23.439090728759766, 4.5, 0.0]","[43.986324310302734, 4.5, 0.0]",2.7974739074772064,5.553990840911865,2.76169776917381,20.490957260085327,2.8085503578122757,1.0,0.0,1.0,0.0
11.247211,"[23.493934631347656, 4.5, 0.0]","[44.09740447998047, 4.5, 0.0]",2.852707862860625,5.570619583129883,2.7616977691709232,20.547233581496336,2.756516933434659,1.0,0.0,1.0,0.0
11.267386,"[23.549884796142578, 4.5, 0.0]","[44.20935821533203, 4.5, 0.0]",2.9079418182440695,5.577326774597168,2.7616977691722333,20.60346984858605,2.717911720269258,1.0,0.0,1.0,0.0
11.287375,"[23.6069393157959, 4.5, 0.0]","[44.320987701416016, 4.5, 0.0]",2.9631757736274387,5.587338447570801,2.7616977691684585,20.659473419142564,2.6693849563530985,1.0,0.0,1.0,0.0
11.306673,"[23.665098190307617, 4.5, 0.0]","[44.43154525756836, 4.5, 0.0]",3.018409729010819,5.597248554229736,2.7616977691690137,20.714048385573104,2.624162673943362,1.0,0.0,1.0,0.0
11.328113,"[23.724361419677734, 4.5, 0.0]","[44.544822692871094, 4.5, 0.0]",3.0736436843942254,5.607317924499512,2.7616977691703237,20.76644706721361,2.5788388252189174,1.0,0.0,1.0,0.0
11.347484,"[23.78472900390625, 4.5, 0.0]","[44.65737533569336, 4.5, 0.0]",3.128877639777639,5.6173224449157715,2.761697769170679,20.820461273146105,2.5336742401052863,1.0,0.0,1.0,0.0
11.367491,"[23.846200942993164, 4.5, 0.0]","[44.76957321166992, 4.5, 0.0]",3.184111595161096,5.627295970916749,2.761697769172855,20.872646331739737,2.4884448051381325,1.0,0.0,1.0,0.0
11.387398,"[23.90877914428711, 4.5, 0.0]","[44.882511138916016, 4.5, 0.0]",3.239345550544541,5.63733434677124,2.7616977691722555,20.92337226862927,2.443184375755653,1.0,0.0,1.0,0.0
11.406596,"[23.972461700439453, 4.5, 0.0]","[44.99435806274414, 4.5, 0.0]",3.2945795059280027,5.647271156311035,2.761697769173077,20.973731994581303,2.397988796226699,1.0,0.0,1.0,0.0
11.427563,"[24.037248611450195, 4.5, 0.0]","[45.10846710205078, 4.5, 0.0]",3.3498134613114594,5.65732479095459,2.761697769172833,21.021896362256975,2.3526916503830324,1.0,0.0,1.0,0.0
11.447993,"[24.103139877319336, 4.5, 0.0]","[45.22350311279297, 4.5, 0.0]",3.4050474166948455,5.6674604415893555,2.7616977691693023,21.071218490552763,2.3075113296431304,1.0,0.0,1.0,0.0
11.46787,"[24.170135498046875, 4.5, 0.0]","[45.33525466918945, 4.5, 0.0]",3.4602813720782453,5.677306175231934,2.7616977691699907,21.120363235425696,2.26241302489451,1.0,0.0,1.0,0.0
11.487278,"[24.238237380981445, 4.5, 0.0]","[45.44928741455078, 4.5, 0.0]",3.5155153274616544,5.687353134155274,2.761697769170457,21.165119171094542,2.2170248031536883,1.0,0.0,1.0,0.0
11.507262,"[24.307443618774414, 4.5, 0.0]","[45.564247131347656, 4.5, 0.0]",3.570749282845125,5.697474479675293,2.761697769173521,21.211050033521193,2.17183780669362,1.0,0.0,1.0,0.0
11.527401,"[24.37775421142578, 4.5, 0.0]","[45.677181243896484, 4.5, 0.0]",3.62598323822859,5.707337856292725,2.7616977691732547,21.256803512524996,2.126725196830168,1.0,0.0,1.0,0.0
11.547066,"[24.449169158935547, 4.5, 0.0]","[45.79109573364258, 4.5, 0.0]",3.681217193611979,5.717286586761475,2.7616977691694578,21.29942703242236,2.0813546180641347,1.0,0.0,1.0,0.0
11.567042,"[24.52168846130371, 4.5, 0.0]","[45.90751266479492, 4.5, 0.0]",3.7364511489953864,5.72745418548584,2.761697769170368,21.341926574658594,2.0360693931494955,1.0,0.0,1.0,0.0
11.587867,"[24.595312118530273, 4.5, 0.0]","[46.02067184448242, 4.5, 0.0]",3.791685104378798,5.737337112426758,2.761697769170568,21.385824203442674,1.9910030364904534,1.0,0.0,1.0,0.0
11.606723,"[24.670042037963867, 4.5, 0.0]","[46.134552001953125, 4.5, 0.0]",3.846919059762217,5.74727725982666,2.7616977691709677,21.425359725903522,1.94565200804796,1.0,0.0,1.0,0.0
11.627816,"[24.74587631225586, 4.5, 0.0]","[46.25283432006836, 4.5, 0.0]",3.9021530151456862,5.75751829147339,2.7616977691734546,21.464509963940543,1.900358200064443,1.0,0.0,1.0,0.0
11.647274,"[24.82281494140625, 4.5, 0.0]","[46.3658332824707, 4.5, 0.0]",3.957386970529123,5.7673020362854,2.7616977691718336,21.506958007763686,1.8553652763277033,1.0,0.0,1.0,0.0
11.668453,"[24.90085792541504, 4.5, 0.0]","[46.48490524291992, 4.5, 0.0]",4.012620925912571,5.777611255645753,2.7616977691723887,21.543018341015557,1.8099150657562775,1.0,0.0,1.0,0.0
11.687688,"[24.980005264282227, 4.5, 0.0]","[46.59968185424805, 4.5, 0.0]",4.067853927621643,5.790881633758545,2.7616500854536152,21.584047317455894,1.7649903297331822,1.0,0.0,1.0,0.0
11.707646,"[25.060256958007812, 4.5, 0.0]","[46.71428680419922, 4.5, 0.0]",4.123086929330814,5.794130802154542,2.7616500854585446,21.61967658991675,1.723027706136902,1.0,0.0,1.0,0.0
11.727477,"[25.14161491394043, 4.5, 0.0]","[46.829307556152344, 4.5, 0.0]",4.178319931039974,5.810670375823975,2.7616500854580117,21.654029846142258,1.671043872823728,1.0,0.0,1.0,0.0
11.746847,"[25.224077224731445, 4.5, 0.0]","[46.94497299194336, 4.5, 0.0]",4.23355293274911,5.813932418823242,2.7616500854568127,21.68769264216269,1.6323504447840005,1.0,0.0,1.0,0.0
11.768446,"[25.30764389038086, 4.5, 0.0]","[47.0621223449707, 4.5, 0.0]",4.288785934458239,5.830654144287109,2.761650085456413,21.720895767162617,1.5803794860741318,1.0,0.0,1.0,0.0
11.787552,"[25.392314910888672, 4.5, 0.0]","[47.18052673339844, 4.5, 0.0]",4.3440189361673225,5.834151744842529,2.7616500854541925,21.754478454540468,1.5418682098288707,1.0,0.0,1.0,0.0
11.806929,"[25.478090286254883, 4.5, 0.0]","[47.296775817871094, 4.5, 0.0]",4.399251937876387,5.850789546966553,2.7616500854532156,21.788211822460315,1.4901328086752068,1.0,0.0,1.0,0.0
11.827899,"[25.56496810913086, 4.5, 0.0]","[47.414955139160156, 4.5, 0.0]",4.454484939585464,5.854180812835693,2.7616500854538817,21.81868553156669,1.451537609090166,1.0,0.0,1.0,0.0
11.848035,"[25.6529541015625, 4.5, 0.0]","[47.53228759765625, 4.5, 0.0]",4.5097179412946105,5.870832920074463,2.761650085457301,21.849987029979705,1.399695873250229,1.0,0.0,1.0,0.0
11.867732,"[25.74204444885254, 4.5, 0.0]","[47.64968490600586, 4.5, 0.0]",4.564950951946697,5.874157905578613,2.7616505326043317,21.879333496044094,1.3611149787798524,1.0,0.0,1.0,0.0
11.887602,"[25.832239151000977, 4.5, 0.0]","[47.7679557800293, 4.5, 0.0]",4.620183094770074,5.890890121459961,2.7616071411688647,21.907640457103597,1.3092069536319162,1.0,0.0,1.0,0.0
11.906873,"[25.923538208007812, 4.500005722045898, 0.0]","[47.88277053833008, 4.5, 0.0]",4.675414524321922,5.893989562988281,2.7615714775923728,21.935716628978536,1.2707070266898866,1.0,0.0,1.0,0.0
11.927732,"[26.015941619873047, 4.500025272369385, 0.0]","[48.003700256347656, 4.5, 0.0]",4.730645387033528,5.910861015319824,2.761543135580302,21.959232330307394,1.2185750386663594,1.0,0.0,1.0,0.0
11.947715,"[26.10944938659668, 4.500065803527832, 0.0]","[48.118858337402344, 4.5, 0.0]",4.7858749778461815,5.913912773132324,2.761479540632683,21.987758634592783,1.1802156282862963,1.0,0.0,1.0,0.0
11.967634,"[26.20406150817871, 4.500132083892822, 0.0]","[48.23820495605469, 4.5, 0.0]",4.8411025954966584,5.930650234222412,2.761380882523845,22.00940893489298,1.1280377952861427,1.0,0.0,1.0,0.0
11.987721,"[26.299779891967773, 4.500230312347412, 0.0]","[48.359130859375, 4.5, 0.0]",4.870953437646638,5.9341888427734375,1.4925421074989842,22.034143378878202,1.0895476387257537,1.0,0.0,1.0,0.0
12.007046,"[26.396602630615234, 4.5003662109375, 0.0]","[48.47694778442383, 4.5, 0.0]",4.925571589915149,5.950790882110596,2.7309076134255594,22.059350750769394,1.0632354051267994,1.0,0.0,1.0,0.0
12.027189,"[26.494007110595703, 4.4986677169799805, 0.0]","[48.59459686279297, 4.5, 0.0]",4.980574441241556,5.953969478607179,2.750142566320335,22.080344593407425,1.0252192921954464,1.0,0.0,1.0,0.0
12.047195,"[26.592514038085938, 4.497674465179443, 0.0]","[48.71417236328125, 4.5, 0.0]",5.03569728071317,5.97064208984375,2.7561419735806947,22.100583837928617,0.9733950373656226,1.0,0.0,1.0,0.0
12.066943,"[26.692123413085938, 4.497045040130615, 0.0]","[48.83298110961914, 4.5, 0.0]",5.090860987548282,5.9739179611206055,2.7581853417556257,22.12163615920457,0.9349448091305801,1.0,0.0,1.0,0.0
12.088302,"[26.792837142944336, 4.496612071990967, 0.0]","[48.955753326416016, 4.5, 0.0]",5.146043431405101,5.99085807800293,2.7591221928409126,22.140818490333338,0.883056973572323,1.0,0.0,1.0,0.0
12.107257,"[26.8946533203125, 4.4963059425354, 0.0]","[49.074642181396484, 4.5, 0.0]",5.2012375397967014,5.994133949279785,2.7597054195800386,22.162863737267255,0.844814646597829,1.0,0.0,1.0,0.0
12.127778,"[26.997573852539062, 4.496096611022949, 0.0]","[49.19590759277344, 4.5, 0.0]",5.256439659131578,6.010863780975342,2.760105966743831,22.17992861244908,0.7928964094830837,1.0,0.0,1.0,0.0
12.147412,"[27.101598739624023, 4.495973110198975, 0.0]","[49.31595993041992, 4.5, 0.0]",5.311647696631422,6.01416015625,2.76040187499218,22.19827104401775,0.7544241218437637,1.0,0.0,1.0,0.0
12.166607,"[27.206727981567383, 4.495929718017578, 0.0]","[49.43402099609375, 4.5, 0.0]",5.366861353780217,6.0306243896484375,2.7606828574397557,22.214300604052013,0.7025124596185783,1.0,0.0,1.0,0.0
12.187676,"[27.31296157836914, 4.495964527130127, 0.0]","[49.55574035644531, 4.5, 0.0]",5.422078448251925,6.0373921394348145,2.7608547235854264,22.227237993381348,0.6637630358682207,1.0,0.0,1.0,0.0
12.207977,"[27.420299530029297, 4.496075630187988, 0.0]","[49.67461013793945, 4.5, 0.0]",5.4772993378131005,6.047252178192139,2.7610444780587606,22.242731618368403,0.6153136911828891,1.0,0.0,1.0,0.0
12.228274,"[27.52874183654785, 4.496261119842529, 0.0]","[49.799217224121094, 4.5, 0.0]",5.5325214144244885,6.0575079917907715,2.7611038305694002,22.254272607416883,0.5699528403790382,1.0,0.0,1.0,0.0
12.24756,"[27.638286590576172, 4.496516704559326, 0.0]","[49.92033767700195, 4.5, 0.0]",5.587744972276316,6.067476749420166,2.761177892591382,22.270446909825722,0.524986577366283,1.0,0.0,1.0,0.0
12.267485,"[27.74893569946289, 4.496836185455322, 0.0]","[50.04226303100586, 4.5, 0.0]",5.64296820932669,6.077511787414551,2.76116185251869,22.282031718880745,0.47973177714384985,1.0,0.0,1.0,0.0
12.287714,"[27.860689163208008, 4.497215747833252, 0.0]","[50.16399002075195, 4.5, 0.0]",5.698191829362356,6.087530612945557,2.7611810017833083,22.29331595992476,0.4345435780878608,1.0,0.0,1.0,0.0
12.307051,"[27.973546981811523, 4.497653484344482, 0.0]","[50.28474044799805, 4.5, 0.0]",5.753415979286618,6.097461700439453,2.761207496213114,22.303295763569352,0.3893387835832005,1.0,0.0,1.0,0.0
12.328782,"[28.087509155273438, 4.498149871826172, 0.0]","[50.406307220458984, 4.5, 0.0]",5.80864045728109,6.107385635375977,2.761223899723575,22.311192363365002,0.3440457211528347,1.0,0.0,1.0,0.0
12.347893,"[28.20257568359375, 4.498705863952637, 0.0]","[50.53038787841797, 4.5, 0.0]",5.8638643182456045,6.117515087127686,2.7611930482257296,22.318798116867477,0.29874517809488665,1.0,0.0,1.0,0.0
12.367339,"[28.31874656677246, 4.499322891235352, 0.0]","[50.652748107910156, 4.5, 0.0]",5.919089330974452,6.127503395080566,2.7612506364423695,22.327809997944605,0.25365076888208193,1.0,0.0,1.0,0.0
12.387703,"[28.43602180480957, 4.500002861022949, 0.0]","[50.77552795410156, 4.5, 0.0]",5.97431393719758,6.137526512145996,2.7612303111564263,22.33399312564734,0.20841406410611452,1.0,0.0,1.0,0.0
12.407146,"[28.554401397705078, 4.500746726989746, 0.0]","[50.897274017333984, 4.5, 0.0]",6.0295392882970225,6.147458076477051,2.761267554972102,22.33948696517837,0.16321257494841568,1.0,0.0,1.0,0.0
12.427873,"[28.673885345458984, 4.501554489135742, 0.0]","[51.021480560302734, 4.5, 0.0]",6.084765878847346,6.157515525817871,2.7613295275161764,22.342837598805932,0.11791878818002832,1.0,0.0,1.0,0.0
12.448114,"[28.79447364807129, 4.502427577972412, 0.0]","[51.14445877075195, 4.5, 0.0]",6.139991360967466,6.167473316192627,2.7612741060059953,22.347538760683502,0.0727496469705251,1.0,0.0,1.0,0.0
12.468081,"[28.91616439819336, 4.503367900848389, 0.0]","[51.26652908325195, 4.5, 0.0]",6.195215310144455,6.1773576736450195,2.7611974588494625,22.34990118059266,0.02748195522516106,1.0,0.0,1.0,0.0
12.487303,"[29.038959503173828, 4.504378795623779, 0.0]","[51.38991165161133, 4.5, 0.0]",6.250439544157829,6.187347888946533,2.7612117006686976,22.350246760252357,-0.017857636499435614,1.0,0.0,1.0,0.0
12.507723,"[29.162858963012695, 4.505463600158691, 0.0]","[51.512691497802734, 4.5, 0.0]",6.305662507339478,6.197284698486329,2.7611481590824383,22.350793168347412,-0.0630916552112959,1.0,0.0,1.0,0.0
12.528059,"[29.28786277770996, 4.506628036499023, 0.0]","[51.63923645019531, 4.5, 0.0]",6.360883918627073,6.207448959350586,2.761070564379775,22.349624932325476,-0.10837780885314885,1.0,0.0,1.0,0.0
12.547101,"[29.413969039916992, 4.507877349853516, 0.0]","[51.76165771484375, 4.5, 0.0]",6.352299450205316,6.217281818389893,-0.4292234210878654,22.351109126215565,-0.15343495927648743,1.0,0.0,1.0,0.0
12.567577,"[29.541179656982422, 4.509215831756592, 0.0]","[51.88853454589844, 4.5, 0.0]",6.407031409991862,6.22747278213501,2.736597989327283,22.347358134774844,-0.13501763181542348,1.0,0.0,1.0,0.0
12.590547,"[29.668224334716797, 4.508918285369873, 0.0]","[52.01370620727539, 4.5, 0.0]",6.462041861949952,6.237526893615723,2.7505225979044923,22.34694826894625,-0.17955862785685195,1.0,0.0,1.0,0.0
12.606936,"[29.796363830566406, 4.509309768676758, 0.0]","[52.135189056396484, 4.5, 0.0]",6.517146860950792,6.250612735748291,2.755249950042016,22.345123731272892,-0.2245149683342289,1.0,0.0,1.0,0.0
12.627427,"[29.925601959228516, 4.510072708129883, 0.0]","[52.26125717163086, 4.5, 0.0]",6.572292318294511,6.253991603851318,2.7572728671859448,22.33848270846069,-0.26653412520250086,1.0,0.0,1.0,0.0
12.647741,"[30.055940628051758, 4.511059284210205, 0.0]","[52.38649368286133, 4.5, 0.0]",6.627458857134746,6.270637035369873,2.7583269420117684,22.33530388163143,-0.3183007144431924,1.0,0.0,1.0,0.0
12.667312,"[30.187381744384766, 4.512205600738525, 0.0]","[52.51188659667969, 4.5, 0.0]",6.682637979520498,6.273962020874024,2.7589561192876033,22.3301731071651,-0.3568218217648731,1.0,0.0,1.0,0.0
12.687619,"[30.31992530822754, 4.513488292694092, 0.0]","[52.63827896118164, 4.5, 0.0]",6.737826317983817,6.290699481964111,2.759416923165947,22.32407871311223,-0.4086759586464739,1.0,0.0,1.0,0.0
12.707803,"[30.453571319580078, 4.5149006843566895, 0.0]","[52.76301193237305, 4.5, 0.0]",6.793021496155255,6.293967247009277,2.7597589085718965,22.317864520407678,-0.4471268360197058,1.0,0.0,1.0,0.0
12.728934,"[30.588319778442383, 4.516444206237793, 0.0]","[52.89104080200195, 4.5, 0.0]",6.84822140510675,6.310754299163818,2.7599954475747257,22.308871902323258,-0.49905424914597774,1.0,0.0,1.0,0.0
12.747521,"[30.724170684814453, 4.51812219619751, 0.0]","[53.01846694946289, 4.5, 0.0]",6.903425312081908,6.31416130065918,2.7601953487579323,22.302055959789097,-0.5374671059429312,1.0,0.0,1.0,0.0
12.767517,"[30.861122131347656, 4.519937992095947, 0.0]","[53.14523696899414, 4.5, 0.0]",6.958633052919286,6.330848693847656,2.7603870418688725,22.29351765105094,-0.5892640114227286,1.0,0.0,1.0,0.0
12.787812,"[30.999176025390625, 4.521893501281738, 0.0]","[53.27191925048828, 4.5, 0.0]",7.01384447859263,6.334197044372559,2.7605712836672236,22.283204909520727,-0.6277843590716294,1.0,0.0,1.0,0.0
12.808152,"[31.13833236694336, 4.52398681640625, 0.0]","[53.39750289916992, 4.5, 0.0]",7.069058209695075,6.350784778594971,2.760686555122227,22.271683664261566,-0.6796474342200716,1.0,0.0,1.0,0.0
12.828482,"[31.27859115600586, 4.526216506958008, 0.0]","[53.5256462097168, 4.5, 0.0]",7.124275023660298,6.354168891906738,2.7608406982611466,22.25794257077053,-0.718273431100104,1.0,0.0,1.0,0.0
12.851808,"[31.419952392578125, 4.528578758239746, 0.0]","[53.655269622802734, 4.5, 0.0]",7.179492592270258,6.371001243591309,2.760878430498037,22.245638873186802,-0.7701061317535594,1.0,0.0,1.0,0.0
12.867609,"[31.562416076660156, 4.531071662902832, 0.0]","[53.781166076660156, 4.5, 0.0]",7.2347125596525155,6.3742094039917,2.760998369112855,22.233692621461145,-0.8084913486789498,1.0,0.0,1.0,0.0
12.887873,"[31.705982208251953, 4.533692836761475, 0.0]","[53.908504486083984, 4.5, 0.0]",7.289932612688826,6.390862941741943,2.761002651815536,22.216896466174312,-0.8605031556608154,1.0,0.0,1.0,0.0
12.907317,"[31.850650787353516, 4.536442279815674, 0.0]","[54.03520584106445, 4.5, 0.0]",7.345153153206327,6.39412784576416,2.761027025875018,22.20041849829771,-0.8990696709468828,1.0,0.0,1.0,0.0
12.927846,"[31.996423721313477, 4.539320468902588, 0.0]","[54.164676666259766, 4.5, 0.0]",7.400375479538417,6.410869598388672,2.7611163166045394,22.182179522839085,-0.9510253074421664,1.0,0.0,1.0,0.0
12.947455,"[32.14329528808594, 4.542327880859375, 0.0]","[54.29227066040039, 4.5, 0.0]",7.4555980245709685,6.414133071899414,2.76112725162756,22.165583409609166,-0.9895058811497455,1.0,0.0,1.0,0.0
12.967153,"[32.2912712097168, 4.545466423034668, 0.0]","[54.42071533203125, 4.5, 0.0]",7.510821897934623,6.430794715881348,2.7611936681827043,22.145989802005452,-1.0414649526715545,1.0,0.0,1.0,0.0
12.987888,"[32.440345764160156, 4.5487380027771, 0.0]","[54.55002212524414, 4.5, 0.0]",7.566046866954465,6.434191226959229,2.7612484509921043,22.12611991125981,-1.080027182053275,1.0,0.0,1.0,0.0
13.006861,"[32.59052276611328, 4.552143573760986, 0.0]","[54.677730560302734, 4.5, 0.0]",7.62127311611579,6.450789928436279,2.7613124580662785,22.105991030069937,-1.1318556399952353,1.0,0.0,1.0,0.0
13.027407,"[32.74180221557617, 4.555682182312012, 0.0]","[54.80592727661133, 4.5, 0.0]",7.676499987323636,6.454023361206055,2.761343560392282,22.083138568856963,-1.170483187679511,1.0,0.0,1.0,0.0
13.047544,"[32.89418411254883, 4.559356212615967, 0.0]","[54.93712615966797, 4.5, 0.0]",7.7317306694829036,6.470820426940918,2.7615341079633815,22.059649925650685,-1.2224766261175812,1.0,0.0,1.0,0.0
13.067264,"[33.04766845703125, 4.563161849975586, 0.0]","[55.064353942871094, 4.5, 0.0]",7.786962939722144,6.473978996276856,2.761613511962002,22.038038610898038,-1.2609102425419856,1.0,0.0,1.0,0.0
13.090844,"[33.20225143432617, 4.567094802856445, 0.0]","[55.197933197021484, 4.5, 0.0]",7.842198463660075,6.490960121154785,2.761776196896548,22.011333790512637,-1.3129839434452872,1.0,0.0,1.0,0.0
13.107441,"[33.35793685913086, 4.571151256561279, 0.0]","[55.325538635253906, 4.5, 0.0]",7.897435943693784,6.497474193572998,2.7618740016854826,21.989862358939302,-1.3512383425052894,1.0,0.0,1.0,0.0
13.127854,"[33.51472473144531, 4.575325965881348, 0.0]","[55.45663833618164, 4.5, 0.0]",7.952673908489362,6.50752067565918,2.7618982397788816,21.961299382759357,-1.3999617501207862,1.0,0.0,1.0,0.0
13.147271,"[33.67261505126953, 4.579616546630859, 0.0]","[55.58426284790039, 4.5, 0.0]",8.0079142282623,6.517300128936768,2.762015988646871,21.93511458699573,-1.4451532328301822,1.0,0.0,1.0,0.0
13.166704,"[33.831607818603516, 4.584019184112549, 0.0]","[55.7147331237793, 4.5, 0.0]",8.063154418903592,6.5272979736328125,2.7620095320646243,21.904342116466303,-1.4906140993255317,1.0,0.0,1.0,0.0
13.187587,"[33.991703033447266, 4.588527679443359, 0.0]","[55.84569549560547, 4.5, 0.0]",8.11839500876264,6.537333011627197,2.7620294929524114,21.8753044020364,-1.5358564452707792,1.0,0.0,1.0,0.0
13.208262,"[34.15290069580078, 4.593138694763184, 0.0]","[55.97785949707031, 4.5, 0.0]",8.173636430108287,6.547454833984375,2.7620710672823456,21.845651387216627,-1.5810619971354427,1.0,0.0,1.0,0.0
13.227818,"[34.31520080566406, 4.597848415374756, 0.0]","[56.11022186279297, 4.5, 0.0]",8.228877332389025,6.557520389556885,2.762045114036926,21.816094853612633,-1.6261815961239119,1.0,0.0,1.0,0.0
13.247829,"[34.47860336303711, 4.602651119232178, 0.0]","[56.241294860839844, 4.5, 0.0]",8.284119237594235,6.567487716674805,2.7620952602604554,21.78563449676397,-1.6713569428321406,1.0,0.0,1.0,0.0
13.267811,"[34.64310836791992, 4.607541561126709, 0.0]","[56.3731803894043, 4.5, 0.0]",8.33935986105114,6.577517032623293,2.7620311728452585,21.752786026455457,-1.7166315209194298,1.0,0.0,1.0,0.0
13.287245,"[34.8087158203125, 4.612512588500977, 0.0]","[56.5023193359375, 4.5, 0.0]",8.394601650905289,6.587337493896484,2.7620894927074424,21.719653454428883,-1.761842828427847,1.0,0.0,1.0,0.0
13.306973,"[34.975425720214844, 4.617558002471924, 0.0]","[56.6328239440918, 4.5, 0.0]",8.449843959569519,6.597257614135743,2.7621154332114983,21.682682765159516,-1.8072641570088042,1.0,0.0,1.0,0.0
13.33051,"[35.14323806762695, 4.6226701736450195, 0.0]","[56.76811218261719, 4.5, 0.0]",8.505083502677806,6.6074676513671875,2.7619771554143746,21.64598701736584,-1.8525863454337754,1.0,0.0,1.0,0.0
13.347485,"[35.312156677246094, 4.627840995788574, 0.0]","[56.89867401123047, 4.5, 0.0]",8.56032124099715,6.617321491241455,2.761886915967171,21.612986892791355,-1.8976158513106185,1.0,0.0,1.0,0.0
13.367354,"[35.482177734375, 4.633059978485107, 0.0]","[57.033287048339844, 4.5, 0.0]",8.615559116346823,6.627480983734131,2.7618937674836808,21.574175936962153,-1.9429997497556943,1.0,0.0,1.0,0.0
13.387749,"[35.65330505371094, 4.638317584991455, 0.0]","[57.16642379760742, 4.5, 0.0]",8.670793391878156,6.637528896331788,2.7617137765666655,21.538336576145767,-1.9880781326126922,1.0,0.0,1.0,0.0
13.407668,"[35.82553482055664, 4.6436052322387695, 0.0]","[57.29804229736328, 4.5, 0.0]",8.726026376505244,6.647456645965576,2.7616492313543795,21.499943407516337,-2.0332644955463683,1.0,0.0,1.0,0.0
13.427548,"[35.998870849609375, 4.648914337158203, 0.0]","[57.4304084777832, 4.5, 0.0]",8.781259127411412,6.657371520996094,2.761637545308382,21.45896188495372,-2.0785697305396678,1.0,0.0,1.0,0.0
13.447587,"[36.173309326171875, 4.654229164123535, 0.0]","[57.56560516357422, 4.5, 0.0]",8.83649450381306,6.667498588562012,2.7617688200824553,21.417656750947163,-2.123887606415318,1.0,0.0,1.0,0.0
13.468155,"[36.348854064941406, 4.659557819366455, 0.0]","[57.6971435546875, 4.5, 0.0]",8.891728552206922,6.677351951599122,2.7617024196930906,21.378119219161785,-2.168995915251049,1.0,0.0,1.0,0.0
13.488608,"[36.5255012512207, 4.664912700653076, 0.0]","[57.83293533325195, 4.5, 0.0]",8.94696449751163,6.687523365020752,2.761797265235355,21.333854316209386,-2.2143766006078005,1.0,0.0,1.0,0.0
13.507426,"[36.70325469970703, 4.6702985763549805, 0.0]","[57.963340759277344, 4.5, 0.0]",9.002198603474742,6.697287082672119,2.7617052981556256,21.292765937356638,-2.2594411324908776,1.0,0.0,1.0,0.0
13.527517,"[36.882110595703125, 4.675718307495117, 0.0]","[58.098533630371094, 4.5, 0.0]",9.057432875889356,6.710671424865723,2.761713620730699,21.245208212558005,-2.304911520802623,1.0,0.0,1.0,0.0
13.547459,"[37.06207275390625, 4.681173324584961, 0.0]","[58.234825134277344, 4.5, 0.0]",9.11266467478129,6.714138507843018,2.761589944596654,21.201348952751257,-2.3467614510236334,1.0,0.0,1.0,0.0
13.567192,"[37.24313735961914, 4.686664581298828, 0.0]","[58.369293212890625, 4.5, 0.0]",9.167897056705078,6.730802536010742,2.7616190961894382,21.157493003865277,-2.3985261669382716,1.0,0.0,1.0,0.0
13.58845,"[37.42530822753906, 4.692193031311035, 0.0]","[58.50173568725586, 4.5, 0.0]",9.223127549609675,6.733983516693115,2.7615246452298514,21.11072135646839,-2.4370945206943357,1.0,0.0,1.0,0.0
13.607322,"[37.60858154296875, 4.697759628295898, 0.0]","[58.63568878173828, 4.5, 0.0]",9.27835960666755,6.750604629516602,2.761602852893752,21.06082505302122,-2.4891440329165597,1.0,0.0,1.0,0.0
13.627444,"[37.7929573059082, 4.70336389541626, 0.0]","[58.771907806396484, 4.5, 0.0]",9.333591106644624,6.75399112701416,2.7615749988536997,21.01134124844601,-2.5277549771509484,1.0,0.0,1.0,0.0
13.647116,"[37.97843933105469, 4.709005355834961, 0.0]","[58.9072151184082, 4.5, 0.0]",9.388823865090867,6.77064323425293,2.7616379223121434,20.96302321463661,-2.579599979630464,1.0,0.0,1.0,0.0
13.666998,"[38.16502380371094, 4.714684009552002, 0.0]","[59.04252243041992, 4.5, 0.0]",9.444055952655091,6.7739624977111825,2.7616043782112243,20.91269037185126,-2.618180630837937,1.0,0.0,1.0,0.0
13.687322,"[38.35271453857422, 4.720399379730225, 0.0]","[59.178340911865234, 4.5, 0.0]",9.499287397430583,6.790652751922607,2.761572238774601,20.86125685713649,-2.670093454943909,1.0,0.0,1.0,0.0
13.707317,"[38.541507720947266, 4.726150989532471, 0.0]","[59.31287384033203, 4.5, 0.0]",9.554520156887612,6.793910980224609,2.7616379728514495,20.80922927225825,-2.708634645507976,1.0,0.0,1.0,0.0
13.727602,"[38.731407165527344, 4.731938362121582, 0.0]","[59.45059585571289, 4.5, 0.0]",9.609752389401118,6.810666561126709,2.7616116256752754,20.75481501394593,-2.760609176663003,1.0,0.0,1.0,0.0
13.7468,"[38.92240905761719, 4.737761497497559, 0.0]","[59.586551666259766, 4.5, 0.0]",9.664984901323765,6.813960552215576,2.7616255961323333,20.702482518748276,-2.799085828274409,1.0,0.0,1.0,0.0
13.768599,"[39.1145133972168, 4.743619441986084, 0.0]","[59.72279739379883, 4.5, 0.0]",9.720218042294908,6.830607891082764,2.7616570485571756,20.647282395500685,-2.8510243491081884,1.0,0.0,1.0,0.0
13.787619,"[39.30772399902344, 4.749501705169678, 0.0]","[59.862361907958984, 4.5, 0.0]",9.77545037066076,6.834166049957275,2.7616164182926006,20.591269502580708,-2.8896101512121444,1.0,0.0,1.0,0.0
13.807187,"[39.502037048339844, 4.755398273468018, 0.0]","[59.99836349487305, 4.5, 0.0]",9.830680856378466,6.850790023803711,2.7615242858852973,20.537472714590347,-2.9412843207034847,1.0,0.0,1.0,0.0
13.828612,"[39.69745635986328, 4.7613019943237305, 0.0]","[60.13665771484375, 4.5, 0.0]",9.88591115144412,6.85418176651001,2.761514753282679,20.47902251525829,-2.979890832574755,1.0,0.0,1.0,0.0
13.847815,"[39.89398193359375, 4.767208099365234, 0.0]","[60.2713623046875, 4.5, 0.0]",9.941142122583983,6.870644569396973,2.7615485569931764,20.42177204504634,-3.03172938493411,1.0,0.0,1.0,0.0
13.867044,"[40.09161376953125, 4.7731122970581055, 0.0]","[60.40871047973633, 4.5, 0.0]",9.996374644094406,6.873967170715332,2.7616260755211286,20.359844317867896,-3.0704975531870105,1.0,0.0,1.0,0.0
13.887289,"[40.290348052978516, 4.779009819030762, 0.0]","[60.54679870605469, 4.5, 0.0]",10.05160444013946,6.890676021575928,2.7614898022527257,20.299471259560995,-3.1224074733790737,1.0,0.0,1.0,0.0
13.907548,"[40.49018859863281, 4.784894943237305, 0.0]","[60.68342971801758, 4.5, 0.0]",10.106835085691252,6.893942356109619,2.7615322775895734,20.2387557558107,-3.1609284185635325,1.0,0.0,1.0,0.0
13.927515,"[40.69113540649414, 4.790761947631836, 0.0]","[60.82293701171875, 4.5, 0.0]",10.162063038482517,6.910681247711182,2.7613976395632456,20.17549874943084,-3.2128927295816325,1.0,0.0,1.0,0.0
13.947008,"[40.8931884765625, 4.796602249145508, 0.0]","[60.96059799194336, 4.5, 0.0]",10.217288432535492,6.913954734802246,2.761269702648761,20.11403347260158,-3.251381790771335,1.0,0.0,1.0,0.0
13.966466,"[41.09634780883789, 4.802410125732422, 0.0]","[61.098812103271484, 4.5, 0.0]",10.272515193838945,6.930600166320801,2.7613380651726693,20.04964170030119,-3.3033336977332457,1.0,0.0,1.0,0.0
13.98725,"[41.30061340332031, 4.808178424835205, 0.0]","[61.23800277709961, 4.5, 0.0]",10.327741487196905,6.93398380279541,2.761314667897974,19.984722587102077,-3.3419150275181444,1.0,0.0,1.0,0.0
14.009535,"[41.505985260009766, 4.813900947570801, 0.0]","[61.380760192871094, 4.5, 0.0]",10.382964477885588,6.950950622558594,2.761149534434182,19.919700886664607,-3.3937576844014945,1.0,0.0,1.0,0.0
14.027751,"[41.71246337890625, 4.819572925567627, 0.0]","[61.51895523071289, 4.5, 0.0]",10.438187368659099,6.957523822784424,2.7611445386755307,19.857166152551816,-3.4320138553269945,1.0,0.0,1.0,0.0
14.047719,"[41.920047760009766, 4.825190544128418, 0.0]","[61.657928466796875, 4.5, 0.0]",10.493409704009634,6.964153289794922,2.7611167675267723,19.78899250199889,-3.480663545874675,1.0,0.0,1.0,0.0
14.067593,"[42.12873840332031, 4.83074951171875, 0.0]","[61.7978401184082, 4.5, 0.0]",10.548634334670513,6.980848789215088,2.7612315330439507,19.720516587458153,-3.5292564142147125,1.0,0.0,1.0,0.0
14.088646,"[42.33853530883789, 4.836245536804199, 0.0]","[61.937477111816406, 4.5, 0.0]",10.6038587413967,6.984192371368408,2.7612203363093,19.651897398669206,-3.5677855454554255,1.0,0.0,1.0,0.0
14.108375,"[42.5494384765625, 4.841675758361816, 0.0]","[62.076290130615234, 4.5, 0.0]",10.659083043501662,7.000803470611572,2.761215105248116,19.581921964336363,-3.619666370028291,1.0,0.0,1.0,0.0
14.128028,"[42.76144790649414, 4.847037315368652, 0.0]","[62.21771240234375, 4.5, 0.0]",10.714306075512294,7.0042033195495605,2.7611516005316084,19.51003834477865,-3.6582795728900894,1.0,0.0,1.0,0.0
14.147143,"[42.97456359863281, 4.852325916290283, 0.0]","[62.35761260986328, 4.5, 0.0]",10.769527691927953,7.02082633972168,2.7610808207829685,19.439676938330912,-3.7101027559627333,1.0,0.0,1.0,0.0
14.167133,"[43.188785552978516, 4.8575358390808105, 0.0]","[62.49787902832031, 4.5, 0.0]",10.82474904575899,7.024143695831299,2.761067691551844,19.366706596718004,-3.7487013522062735,1.0,0.0,1.0,0.0
14.187141,"[43.40411376953125, 4.862662315368652, 0.0]","[62.6362419128418, 4.5, 0.0]",10.879971803191935,7.040657997131348,2.761137871647268,19.293015024518272,-3.8006053499276913,1.0,0.0,1.0,0.0
14.207813,"[43.620548248291016, 4.867703914642334, 0.0]","[62.77604675292969, 4.5, 0.0]",10.935193057257601,7.043937683105469,2.76106270328329,19.21633273982333,-3.839313806060588,1.0,0.0,1.0,0.0
14.227838,"[43.83809280395508, 4.872652530670166, 0.0]","[62.92101287841797, 4.5, 0.0]",10.99041140990001,7.060849189758301,2.7609176321204743,19.14000153278108,-3.8912553741521325,1.0,0.0,1.0,0.0
14.247552,"[44.05674362182617, 4.877501010894775, 0.0]","[63.0622444152832, 4.5, 0.0]",11.045629800739961,7.064163684844971,2.7609195419975308,19.067737755802753,-3.92956222014171,1.0,0.0,1.0,0.0
14.267762,"[44.2765007019043, 4.882243633270264, 0.0]","[63.204315185546875, 4.5, 0.0]",11.100847305547475,7.080870151519775,2.760875240375693,18.990652315828992,-3.9814661158949907,1.0,0.0,1.0,0.0
14.28722,"[44.49736404418945, 4.886875629425049, 0.0]","[63.34288024902344, 4.5, 0.0]",11.15606352433824,7.083996772766115,2.7608109395382385,18.91331752457541,-4.0199771540277,1.0,0.0,1.0,0.0
14.307298,"[44.71933364868164, 4.891393184661865, 0.0]","[63.48371505737305, 4.5, 0.0]",11.211284185793271,7.100611686706543,2.761033072751573,18.831389290953002,-4.072066751572125,1.0,0.0,1.0,0.0
14.328879,"[44.942413330078125, 4.895793914794922, 0.0]","[63.629920959472656, 4.5, 0.0]",11.266506132555197,7.10420560836792,2.7610973380962633,18.750640248311758,-4.1106724990867285,1.0,0.0,1.0,0.0
14.34806,"[45.16659927368164, 4.900077819824219, 0.0]","[63.77253723144531, 4.5, 0.0]",11.32172825251524,7.120879650115967,2.7611059980021224,18.674164952898323,-4.162300524187277,1.0,0.0,1.0,0.0
14.367253,"[45.39189147949219, 4.904243469238281, 0.0]","[63.914031982421875, 4.5, 0.0]",11.376950948665405,7.124143600463867,2.761134807508281,18.593005830470275,-4.200848602399272,1.0,0.0,1.0,0.0
14.387855,"[45.618289947509766, 4.908292770385742, 0.0]","[64.05731201171875, 4.5, 0.0]",11.432177162644296,7.140864372253418,2.7613106989445413,18.509627575743835,-4.252807348201538,1.0,0.0,1.0,0.0
14.407284,"[45.845794677734375, 4.912228584289551, 0.0]","[64.19617462158203, 4.5, 0.0]",11.487406478424859,7.1439385414123535,2.7614657890281613,18.4269325901129,-4.291312790390878,1.0,0.0,1.0,0.0
14.428232,"[46.074405670166016, 4.916054725646973, 0.0]","[64.34318542480469, 4.5, 0.0]",11.542638339691067,7.160849094390869,2.761593063310386,18.33871551293753,-4.343467937012505,1.0,0.0,1.0,0.0
14.447349,"[46.30412292480469, 4.919778823852539, 0.0]","[64.48316192626953, 4.5, 0.0]",11.597874156251995,7.167270660400391,2.76179082804644,18.257534925965572,-4.381789245300197,1.0,0.0,1.0,0.0
14.467714,"[46.53494644165039, 4.9234089851379395, 0.0]","[64.62724304199219, 4.5, 0.0]",11.653110550536455,7.1773109436035165,2.7618197142230017,18.168206460525,-4.430603495851605,1.0,0.0,1.0,0.0
14.487481,"[46.766876220703125, 4.926958084106445, 0.0]","[64.77074432373047, 4.5, 0.0]",11.708348090043371,7.187311172485352,2.7618769753457784,18.081862507891742,-4.475799606932939,1.0,0.0,1.0,0.0
14.507842,"[46.99991226196289, 4.930436611175537, 0.0]","[64.91646575927734, 4.5, 0.0]",11.76358807177654,7.197460651397705,2.7619990866584843,17.993813309682924,-4.521036917558019,1.0,0.0,1.0,0.0
14.528247,"[47.23405456542969, 4.933859825134277, 0.0]","[65.06195831298828, 4.5, 0.0]",11.78994288685779,7.207529067993164,1.317740754062502,17.906853899327555,-4.566127420378836,1.0,0.0,1.0,0.0
14.547939,"[47.469303131103516, 4.9372453689575195, 0.0]","[65.2031021118164, 4.5, 0.0]",11.844989893427977,7.217296600341797,2.752350328509312,17.818530034259474,-4.582413818864627,1.0,0.0,1.0,0.0
14.567581,"[47.705047607421875, 4.9423956871032715, 0.0]","[65.34735107421875, 4.5, 0.0]",11.900181379088622,7.227279186248779,2.75957428303224,17.724717013858946,-4.62769329308618,1.0,0.0,1.0,0.0
14.588708,"[47.94190216064453, 4.946934700012207, 0.0]","[65.49202728271484, 4.5, 0.0]",11.955407911142611,7.23729133605957,2.7613266026994765,17.632762206723147,-4.672902192839842,1.0,0.0,1.0,0.0
14.608205,"[48.179866790771484, 4.951228141784668, 0.0]","[65.63648223876953, 4.5, 0.0]",12.01064057985459,7.247284412384034,2.7616334355989203,17.540246235203547,-4.718116575083041,1.0,0.0,1.0,0.0
14.628153,"[48.41893768310547, 4.955462455749512, 0.0]","[65.782470703125, 4.5, 0.0]",12.06587413352037,7.257317543029787,2.7616776832890544,17.44648468565673,-4.763356167470556,1.0,0.0,1.0,0.0
14.647652,"[48.659114837646484, 4.959708213806152, 0.0]","[65.92754364013672, 4.5, 0.0]",12.12110608602781,7.2672882080078125,2.7615976253719587,17.353202993783324,-4.808556590490584,1.0,0.0,1.0,0.0
14.668221,"[48.900394439697266, 4.963977336883545, 0.0]","[66.07610321044922, 4.5, 0.0]",12.17634079293568,7.277499198913574,2.761735345393479,17.257932827849757,-4.853817878019997,1.0,0.0,1.0,0.0
14.688647,"[49.14278030395508, 4.968270301818848, 0.0]","[66.22210693359375, 4.5, 0.0]",12.231574070626555,7.287533283233643,2.761663884543797,17.165071993769686,-4.898841594022105,1.0,0.0,1.0,0.0
14.708685,"[49.386268615722656, 4.972583293914795, 0.0]","[66.36395263671875, 4.5, 0.0]",12.286808625228424,7.297277927398682,2.761727730093444,17.06856873371993,-4.944040787392913,1.0,0.0,1.0,0.0
14.72849,"[49.630863189697266, 4.976912975311279, 0.0]","[66.5142822265625, 4.5, 0.0]",12.342043117078425,7.307539463043213,2.761724592500059,16.96682010353461,-4.989530697829743,1.0,0.0,1.0,0.0
14.747954,"[49.87656021118164, 4.981256484985352, 0.0]","[66.65987396240234, 4.5, 0.0]",12.397278529900461,7.317477703094483,2.7617706411017906,16.872458419262973,-5.034503654035213,1.0,0.0,1.0,0.0
14.768152,"[50.12336349487305, 4.9856133460998535, 0.0]","[66.80628967285156, 4.5, 0.0]",12.45251382854845,7.3274712562561035,2.761764932399391,16.7722657013945,-5.079800826805978,1.0,0.0,1.0,0.0
14.78935,"[50.37126922607422, 4.98998498916626, 0.0]","[66.95360565185547, 4.5, 0.0]",12.507748778029343,7.337527275085449,2.761747474044718,16.671796428933,-5.125042572292346,1.0,0.0,1.0,0.0
14.808331,"[50.62028121948242, 4.994373321533203, 0.0]","[67.09611511230469, 4.5, 0.0]",12.562982920970613,7.347250938415527,2.761707147063497,16.571129806717263,-5.170221502943894,1.0,0.0,1.0,0.0
14.830085,"[50.87039566040039, 4.998780250549316, 0.0]","[67.24790954589844, 4.5, 0.0]",12.618217773335365,7.357542037963867,2.7617426182375837,16.46455468194091,-5.215731982555086,1.0,0.0,1.0,0.0
14.848678,"[51.12161636352539, 5.003206729888916, 0.0]","[67.39529418945312, 4.5, 0.0]",12.673451120971647,7.367534160614014,2.7616673818140924,16.36616302320043,-5.260675735371498,1.0,0.0,1.0,0.0
14.868597,"[51.37394332885742, 5.007653713226318, 0.0]","[67.53990936279297, 4.5, 0.0]",12.72868464245593,7.380671977996826,2.7616760742141366,16.26225818293772,-5.305916960357633,1.0,0.0,1.0,0.0
14.888901,"[51.62737274169922, 5.012121677398682, 0.0]","[67.69020080566406, 4.5, 0.0]",12.783918201022715,7.384194850921632,2.7616779283392567,16.15447949629184,-5.3480126644591035,1.0,0.0,1.0,0.0
14.908832,"[51.88190841674805, 5.016610622406006, 0.0]","[67.83674621582031, 4.5, 0.0]",12.839151690734377,7.400791168212891,2.761674485583132,16.051274572957574,-5.399723350101083,1.0,0.0,1.0,0.0
14.931885,"[52.13754653930664, 5.021121025085449, 0.0]","[67.98680877685547, 4.5, 0.0]",12.894386980683308,7.404230117797852,2.761764497446517,15.943218776888592,-5.438360522521487,1.0,0.0,1.0,0.0
14.948113,"[52.394290924072266, 5.0256524085998535, 0.0]","[68.13407135009766, 4.5, 0.0]",12.949622111609472,7.420812606811523,2.7617565463081917,15.837577867759803,-5.490156862885456,1.0,0.0,1.0,0.0
14.968713,"[52.652137756347656, 5.030204772949219, 0.0]","[68.28234100341797, 4.5, 0.0]",13.004857084951182,7.42413091659546,2.761748667085495,15.72803189704361,-5.528809504797948,1.0,0.0,1.0,0.0
14.98844,"[52.91109085083008, 5.034778118133545, 0.0]","[68.42909240722656, 4.5, 0.0]",13.060091922174873,7.440679550170898,2.7617418611845856,15.618389873187576,-5.580726168355722,1.0,0.0,1.0,0.0
15.008309,"[53.171146392822266, 5.039371967315674, 0.0]","[68.5766830444336, 4.5, 0.0]",13.115326618980548,7.443948268890381,2.761734840283747,15.506124013371704,-5.619412372003975,1.0,0.0,1.0,0.0
15.028663,"[53.432308197021484, 5.0439863204956055, 0.0]","[68.72692108154297, 4.5, 0.0]",13.170561185299963,7.460663318634033,2.761728315970746,15.393594828726727,-5.671378350090167,1.0,0.0,1.0,0.0
15.048513,"[53.69457244873047, 5.048620700836182, 0.0]","[68.878662109375, 4.5, 0.0]",13.225795652678999,7.464147567749023,2.761723368951774,15.28260639115631,-5.70989786666593,1.0,0.0,1.0,0.0
15.068626,"[53.957942962646484, 5.0532755851745605, 0.0]","[69.0252914428711, 4.5, 0.0]",13.281030000276987,7.480621337890625,2.761717379899409,15.172018294897349,-5.761648084929975,1.0,0.0,1.0,0.0
15.089579,"[54.222415924072266, 5.057950496673584, 0.0]","[69.17606353759766, 4.5, 0.0]",13.336264261776407,7.484040260314941,2.761713074970995,15.055212740765281,-5.800408662386362,1.0,0.0,1.0,0.0
15.11017,"[54.48799514770508, 5.062644958496094, 0.0]","[69.3270263671875, 4.5, 0.0]",13.391498481148137,7.500799179077148,2.761710968586506,14.94144677855948,-5.852224001461465,1.0,0.0,1.0,0.0
15.129051,"[54.75468063354492, 5.067359447479248, 0.0]","[69.47569274902344, 4.5, 0.0]",13.446732644161358,7.504011154174806,2.7617081506610575,14.826765304726221,-5.890699302070988,1.0,0.0,1.0,0.0
15.149623,"[55.02246856689453, 5.072093486785889, 0.0]","[69.6281509399414, 4.5, 0.0]",13.501966780312094,7.520807266235352,2.761706807536779,14.708681188465397,-5.942721489986552,1.0,0.0,1.0,0.0
15.167985,"[55.29136276245117, 5.076847553253174, 0.0]","[69.77608489990234, 4.5, 0.0]",13.557200892231975,7.523970603942871,2.7617055959940906,14.593285777687521,-5.981159514076742,1.0,0.0,1.0,0.0
15.188343,"[55.56135940551758, 5.081621170043945, 0.0]","[69.92688751220703, 4.5, 0.0]",13.612434982816822,7.540657043457031,2.761704529242337,14.47226039964109,-6.033230288289104,1.0,0.0,1.0,0.0
15.210258,"[55.832462310791016, 5.086414337158203, 0.0]","[70.07938385009766, 4.5, 0.0]",13.667669048377247,7.544118404388428,2.7617032780212547,14.353000604772287,-6.071777939359791,1.0,0.0,1.0,0.0
15.228749,"[56.10466766357422, 5.091227054595947, 0.0]","[70.22905731201172, 4.5, 0.0]",13.722903097078644,7.56066370010376,2.761702435069857,14.234327835843873,-6.123550643988819,1.0,0.0,1.0,0.0
15.248307,"[56.37797927856445, 5.096059799194336, 0.0]","[70.38269805908203, 4.5, 0.0]",13.778137131027986,7.564139366149902,2.7617016974670783,14.111730123228922,-6.1622393969748845,1.0,0.0,1.0,0.0
15.268295,"[56.65239334106445, 5.100912094116211, 0.0]","[70.53437042236328, 4.5, 0.0]",13.833371152859348,7.580816268920898,2.761701091568103,13.991992520772378,-6.2139977648780835,1.0,0.0,1.0,0.0
15.28985,"[56.927913665771484, 5.105783939361572, 0.0]","[70.68700408935547, 4.5, 0.0]",13.888605163626337,7.5842251777648935,2.7617005383494764,13.869184221304927,-6.2525548839384495,1.0,0.0,1.0,0.0
15.311076,"[57.20453643798828, 5.11067533493042, 0.0]","[70.8397216796875, 4.5, 0.0]",13.943839168334241,7.60096549987793,2.7617002353951925,13.746230640370575,-6.304379985861444,1.0,0.0,1.0,0.0
15.330316,"[57.48226547241211, 5.115586280822754, 0.0]","[70.9907455444336, 4.5, 0.0]",13.999073167509936,7.6042022705078125,2.7616999587847246,13.622258348817327,-6.342873668456312,1.0,0.0,1.0,0.0
15.349081,"[57.7610969543457, 5.120516777038574, 0.0]","[71.13996887207031, 4.5, 0.0]",14.054307157728752,7.6206536293029785,2.7616995109408293,13.495486161431304,-6.394870897002123,1.0,0.0,1.0,0.0
15.367994,"[58.04103469848633, 5.125466346740723, 0.0]","[71.29207611083984, 4.5, 0.0]",14.109541147947617,7.623961448669434,2.7616995109432274,13.365811097482794,-6.433653528425774,1.0,0.0,1.0,0.0
15.388837,"[58.322078704833984, 5.130435466766357, 0.0]","[71.44821166992188, 4.5, 0.0]",14.164775140274015,7.640866279602051,2.7616996163199126,13.237913067451858,-6.485579699278183,1.0,0.0,1.0,0.0
15.408598,"[58.604225158691406, 5.1354241371154785, 0.0]","[71.59961700439453, 4.5, 0.0]",14.220009134707928,7.647456169128418,2.7616997216956207,13.11293629323873,-6.523908860671964,1.0,0.0,1.0,0.0
15.429704,"[58.88747787475586, 5.140432357788086, 0.0]","[71.75410461425781, 4.5, 0.0]",14.275243131249342,7.657520294189453,2.761699827070707,12.982127412818016,-6.57255296557951,1.0,0.0,1.0,0.0
15.449278,"[59.17183303833008, 5.14546012878418, 0.0]","[71.9072265625, 4.5, 0.0]",14.330477129371376,7.6674957275390625,2.761699906101711,12.853293891142213,-6.617722837059889,1.0,0.0,1.0,0.0
15.470149,"[59.45729446411133, 5.15050745010376, 0.0]","[72.0608901977539, 4.5, 0.0]",14.385711129074023,7.677506446838379,2.76169998513236,12.72199230042937,-6.6629814018323135,1.0,0.0,1.0,0.0
15.489922,"[59.743858337402344, 5.155574321746826, 0.0]","[72.2145767211914, 4.5, 0.0]",14.440945130884149,7.687519073486328,2.7617000905062916,12.590125877128578,-6.708204682235644,1.0,0.0,1.0,0.0
15.509836,"[60.03152847290039, 5.160660743713379, 0.0]","[72.36729431152344, 4.5, 0.0]",14.496179132694277,7.697462558746338,2.7617000905063804,12.457179717591286,-6.753426057397821,1.0,0.0,1.0,0.0
15.536836,"[60.3203010559082, 5.165766716003418, 0.0]","[72.52531433105469, 4.5, 0.0]",14.551413134504404,7.707690238952637,2.7617000905063804,12.322158341430294,-6.798716573947939,1.0,0.0,1.0,0.0
15.54868,"[60.61017990112305, 5.170892238616943, 0.0]","[72.67989349365234, 4.5, 0.0]",14.606647137368268,7.717695713043213,2.761700143193213,12.19133594495574,-6.8437228955517675,1.0,0.0,1.0,0.0
15.569173,"[60.901161193847656, 5.176037311553955, 0.0]","[72.83087921142578, 4.5, 0.0]",14.661881141285868,7.727468490600586,2.761700195879957,12.055966794344432,-6.888951424325056,1.0,0.0,1.0,0.0
15.590127,"[61.1932487487793, 5.181201934814453, 0.0]","[72.98590850830078, 4.5, 0.0]",14.717115145203467,7.737502574920654,2.761700195879957,11.915902139653454,-6.934412650685282,1.0,0.0,1.0,0.0
15.609535,"[61.4864387512207, 5.1863861083984375, 0.0]","[73.13699340820312, 4.5, 0.0]",14.77234915438974,7.74727773666382,2.7617004593136762,11.778773997184688,-6.9796125702828125,1.0,0.0,1.0,0.0
15.629788,"[61.78073501586914, 5.191589832305908, 0.0]","[73.29622650146484, 4.5, 0.0]",14.827583161468548,7.7575178146362305,2.761700353940366,11.636599453335016,-7.02507141772592,1.0,0.0,1.0,0.0
15.649931,"[62.07613754272461, 5.196813106536865, 0.0]","[73.4520492553711, 4.5, 0.0]",14.88281716749362,7.767538070678711,2.7617003012536223,11.50146527530687,-7.070065346832317,1.0,0.0,1.0,0.0
15.669547,"[62.372642517089844, 5.202055931091309, 0.0]","[73.60432434082031, 4.5, 0.0]",14.93805117351869,7.7773308753967285,2.7617003012535335,11.361814974768645,-7.115279096814909,1.0,0.0,1.0,0.0
15.689418,"[62.67025375366211, 5.207318305969238, 0.0]","[73.75996398925781, 4.5, 0.0]",14.993285179543763,7.787339687347412,2.7617003012536223,11.2175149393723,-7.160720298121962,1.0,0.0,1.0,0.0
15.709,"[62.96896743774414, 5.212600231170654, 0.0]","[73.91748046875, 4.5, 0.0]",15.048519185568837,7.797464370727539,2.761700301253711,11.075472506194375,-7.205945492196351,1.0,0.0,1.0,0.0
15.730246,"[63.2687873840332, 5.217901706695557, 0.0]","[74.07478332519531, 4.5, 0.0]",15.10375319159391,7.807516098022461,2.7617003012536223,10.934203989910314,-7.251054814841298,1.0,0.0,1.0,0.0
15.748487,"[63.56970977783203, 5.223222732543945, 0.0]","[74.23056030273438, 4.5, 0.0]",15.158987195511509,7.817469120025635,2.761700195879957,10.791615449020933,-7.296237093571449,1.0,0.0,1.0,0.0
15.769046,"[63.871742248535156, 5.228562831878662, 0.0]","[74.3840560913086, 4.5, 0.0]",15.209890842211257,7.827277660369873,2.5451823349873948,10.646398646851878,-7.341518075485874,0.92157,0.0,0.92157,0.0
15.789846,"[64.17487335205078, 5.233922481536865, 0.0]","[74.54441833496094, 4.5, 0.0]",15.252778562512745,7.837524414062501,2.1443860150744065,10.49779077161481,-7.382613181841384,0.77647,0.0,0.77647,0.0
15.808294,"[64.4790267944336, 5.23930025100708, 0.0]","[74.69698333740234, 4.5, 0.0]",15.288951363729895,7.847269058227539,1.8086400608575026,10.35494934947697,-7.415254148450244,0.6549,0.0,0.6549,0.0
15.830108,"[64.7840347290039, 5.244693279266357, 0.0]","[74.85819244384766, 4.5, 0.0]",15.319492795673467,7.860837459564209,1.5270715971785975,10.203289527042093,-7.441682305502356,0.55294,0.0,0.55294,0.0
15.849776,"[65.08976745605469, 5.250099182128906, 0.0]","[75.01399230957031, 4.5, 0.0]",15.346134990271691,7.864063262939453,1.332109729911224,10.059417952119222,-7.458655336109258,0.48235,0.0,0.48235,0.0
15.868279,"[65.39611053466797, 5.2555155754089355, 0.0]","[75.17010498046875, 4.5, 0.0]",15.369526554931818,7.880641460418701,1.169578233006341,9.909412829321777,-7.482071727332238,0.42353,0.0,0.42353,0.0
15.889727,"[65.70298767089844, 5.260941505432129, 0.0]","[75.32894134521484, 4.5, 0.0]",15.388587748148602,7.884060382843018,0.9530596608391839,9.759110638425247,-7.488885094513117,0.3451,0.0,0.3451,0.0
15.910853,"[66.01033020019531, 5.26637601852417, 0.0]","[75.4859848022461, 4.5, 0.0]",15.401368955201008,7.900692939758301,0.6390603526202909,9.610997080061884,-7.504527365305584,0.23137,0.0,0.23137,0.0
15.929392,"[66.31805419921875, 5.271817207336426, 0.0]","[75.64717864990234, 4.5, 0.0]",15.41068206005996,7.904196739196779,0.46565524294761573,9.460625670778919,-7.500676015442707,0.16863,0.0,0.16863,0.0
15.950044,"[66.62602996826172, 5.2772626876831055, 0.0]","[75.80492401123047, 4.5, 0.0]",15.41674835329696,7.920815467834473,0.3033146618499849,9.3140222274653,-7.506485320863181,0.1098,0.0,0.1098,0.0
15.969666,"[66.93419647216797, 5.282711505889893, 0.0]","[75.96315002441406, 4.5, 0.0]",15.41891540655461,7.924131870269775,0.1083526628825382,9.16371928036188,-7.495932885462487,0.03922,0.0,0.03922,0.0
15.98872,"[67.24248504638672, 5.2881622314453125, 0.0]","[76.12197875976562, 4.5, 0.0]",15.181936059957815,7.940818786621094,-11.848967329839777,9.013705896503346,-7.494783536284835,0.0,0.7284461259841919,0.0,0.7284461259841919
16.010017,"[67.55081176757812, 5.293613910675049, 0.0]","[76.28036499023438, 4.5, 0.0]",14.955341945221392,7.944140434265137,-11.329705736821172,8.864173181507898,-7.241117273336721,0.0,0.7284558415412903,0.0,0.7284558415412903
16.03021,"[67.85440063476562, 5.298981666564941, 0.0]","[76.44173431396484, 4.5, 0.0]",14.754909309251257,7.960923671722412,-10.021631798506725,8.714159495028055,-7.011201510956255,0.0,0.7308681607246399,0.0,0.7308681607246399
16.050169,"[68.15345764160156, 5.304269313812256, 0.0]","[76.60005950927734, 4.5, 0.0]",14.566508213999112,7.964183807373047,-9.420054762607233,8.57186715795209,-6.793985637528845,0.0,0.7370942234992981,0.0,0.7370942234992981
16.069564,"[68.4485092163086, 5.309485912322998, 0.0]","[76.75535583496094, 4.5, 0.0]",14.394589182469527,7.980586528778076,-8.595951576479255,8.43106386270533,-6.602324406626066,0.0,0.6725296378135681,0.0,0.6725296378135681
16.091475,"[68.73979187011719, 5.31463623046875, 0.0]","[76.91605377197266, 4.5, 0.0]",14.221279480111122,7.98399543762207,-8.66548511792029,8.291237851382101,-6.414002653691451,0.0,0.6834928393363953,0.0,0.6834928393363953
16.110686,"[69.02764129638672, 5.319725513458252, 0.0]","[77.07489013671875, 4.5, 0.0]",14.045755964349256,8.000616073608398,-8.776175788093266,8.160582364049581,-6.237284042489051,0.0,0.6952133774757385,0.0,0.6952133774757385
16.130034,"[69.31201934814453, 5.324753761291504, 0.0]","[77.23626708984375, 4.5, 0.0]",13.867773495416543,8.004002571105957,-8.89912344663566,8.031499492722613,-6.045139890740858,0.0,0.7071127891540527,0.0,0.7071127891540527
16.149198,"[69.59288787841797, 5.3297200202941895, 0.0]","[77.39929962158203, 4.5, 0.0]",13.687330145714975,8.020829200744629,-9.02216748507838,7.90842885221411,-5.863770924310586,0.0,0.7189281582832336,0.0,0.7189281582832336
16.16946,"[69.87020111083984, 5.334623336791992, 0.0]","[77.55675506591797, 4.5, 0.0]",13.528089329443995,8.023970603942871,-7.9620408135490095,7.790523730090535,-5.6665009449703465,0.0,0.5855637788772583,0.0,0.5855637788772583
16.188641,"[70.14390563964844, 5.339462757110596, 0.0]","[77.72025299072266, 4.5, 0.0]",13.362490320549538,8.040825843811035,-8.27995044472285,7.670597860956017,-5.504118725501124,0.0,0.5977084040641785,0.0,0.5977084040641785
16.210246,"[70.4144287109375, 5.344245910644531, 0.0]","[77.88018798828125, 4.5, 0.0]",13.192638234240947,8.044116973876953,-8.492604315429553,7.560323185278129,-5.321664476738503,0.0,0.6091396808624268,0.0,0.6091396808624268
16.230708,"[70.68163299560547, 5.348970413208008, 0.0]","[78.03964233398438, 4.5, 0.0]",13.019718654909951,8.060659408569336,-8.645978966549794,7.44966731585429,-5.148521260363994,0.0,0.6197293400764465,0.0,0.6197293400764465
16.250446,"[70.94544219970703, 5.353634834289551, 0.0]","[78.20085144042969, 4.5, 0.0]",12.844367779382965,8.063972473144531,-8.767543776349296,7.341850953620668,-4.959059246340615,0.0,0.6296168565750122,0.0,0.6296168565750122
16.26945,"[71.20579528808594, 5.358238220214844, 0.0]","[78.36551666259766, 4.5, 0.0]",12.688555038581839,8.08083724975586,-7.790637040056314,7.239184299364941,-4.780395306238434,0.0,0.5044108629226685,0.0,0.5044108629226685
16.288914,"[71.46263885498047, 5.36277961730957, 0.0]","[78.52433776855469, 4.5, 0.0]",12.526561512491512,8.084003448486328,-8.099676304516379,7.1434297434507,-4.60771778882598,0.0,0.5141413807868958,0.0,0.5141413807868958
16.309952,"[71.71636962890625, 5.3672661781311035, 0.0]","[78.68795776367188, 4.5, 0.0]",12.360942500377412,8.100797653198242,-8.280950605704973,7.045342052037693,-4.442558064005183,0.0,0.5232623219490051,0.0,0.5232623219490051
16.330171,"[71.96685791015625, 5.371695041656494, 0.0]","[78.85147094726562, 4.5, 0.0]",12.193186927003845,8.107525825500488,-8.387778668678347,6.955165906068079,-4.26014484717917,0.0,0.5317481160163879,0.0,0.5317481160163879
16.349831,"[72.21403503417969, 5.376065731048584, 0.0]","[79.0137710571289, 4.5, 0.0]",12.023282371515768,8.117513656616211,-8.49522777440388,6.868126234974281,-4.085661101503357,0.0,0.5398023724555969,0.0,0.5398023724555969
16.370304,"[72.4578628540039, 5.380376815795898, 0.0]","[79.17616271972656, 4.5, 0.0]",11.888503311404975,8.127506256103516,-6.7389530055396385,6.783185348706371,-3.9057687148995566,0.0,0.414295494556427,0.0,0.414295494556427
16.390152,"[72.69828796386719, 5.384627819061279, 0.0]","[79.33805084228516, 4.5, 0.0]",11.750961972766031,8.137469291687012,-6.877066931947162,6.701685703103495,-3.760997055301459,0.0,0.42278000712394714,0.0,0.42278000712394714
16.40999,"[72.93601989746094, 5.38883113861084, 0.0]","[79.5003890991211, 4.5, 0.0]",11.610818589994544,8.147454261779785,-7.007169138574376,6.623086103319117,-3.6134926810790198,0.0,0.43078354001045227,0.0,0.43078354001045227
16.429611,"[73.17100524902344, 5.392985820770264, 0.0]","[79.66157531738281, 4.5, 0.0]",11.468290645093264,8.157312393188477,-7.126397245064009,6.547630434933744,-3.463364328214759,0.0,0.43811696767807007,0.0,0.43811696767807007
16.449469,"[73.40318298339844, 5.397090911865234, 0.0]","[79.82793426513672, 4.5, 0.0]",11.323534577850785,8.167487144470215,-7.237803362123962,6.473769387016754,-3.3109782519047872,0.0,0.44495680928230286,0.0,0.44495680928230286
16.469826,"[73.63251495361328, 5.401145935058594, 0.0]","[79.99170684814453, 4.5, 0.0]",11.222990134948313,8.177504539489746,-5.027222145123567,6.407888180797948,-3.1560474333805697,0.0,0.3090621829032898,0.0,0.3090621829032898
16.491212,"[73.85894775390625, 5.405149459838867, 0.0]","[80.1551513671875, 4.5, 0.0]",11.120080213329684,8.187500953674316,-5.145496080931444,6.342267352741734,-3.045485595458567,0.0,0.31633681058883667,0.0,0.31633681058883667
16.510204,"[74.0833740234375, 5.409117698669434, 0.0]","[80.3179702758789, 4.5, 0.0]",11.014980308009967,8.197454452514648,-5.254995265985851,6.279217868590707,-2.932579259655368,0.0,0.32306715846061707,0.0,0.32306715846061707
16.529465,"[74.30574035644531, 5.413049221038818, 0.0]","[80.48046112060547, 4.5, 0.0]",10.907949857421094,8.207332611083986,-5.351522529443642,6.217550389880772,-2.817525855495319,0.0,0.3289960026741028,0.0,0.3289960026741028
16.549033,"[74.52600860595703, 5.416943550109863, 0.0]","[80.64727020263672, 4.5, 0.0]",10.799179643803784,8.217473030090332,-5.438510680865516,6.157614756176417,-2.7006172463371083,0.0,0.334343284368515,0.0,0.334343284368515
16.569217,"[74.74413299560547, 5.42080020904541, 0.0]","[80.81169891357422, 4.5, 0.0]",10.688807005883074,8.227468490600586,-5.518631896035497,6.1040952345828945,-2.581706613713452,0.0,0.339277058839798,0.0,0.339277058839798
16.589675,"[74.9600830078125, 5.424618244171143, 0.0]","[80.97396087646484, 4.5, 0.0]",10.606595053721014,8.237332344055176,-4.110597608103017,6.050339768557757,-2.4613385152824883,0.0,0.2527078688144684,0.0,0.2527078688144684
16.609715,"[75.173828125, 5.4283976554870605, 0.0]","[81.14070892333984, 4.5, 0.0]",10.522704367573127,8.247464179992676,-4.19453430739436,5.996592750787107,-2.369262709665838,0.0,0.25787466764450073,0.0,0.25787466764450073
16.631276,"[75.38592529296875, 5.432147979736328, 0.0]","[81.30425262451172, 4.5, 0.0]",10.437234156743873,8.257346153259277,-4.273510541462677,5.949536350004877,-2.275240187580451,0.0,0.26273009181022644,0.0,0.26273009181022644
16.649748,"[75.59634399414062, 5.435868263244629, 0.0]","[81.46885681152344, 4.5, 0.0]",10.350333202788793,8.267291069030762,-4.345047697754012,5.900924034851057,-2.1798880034845958,0.0,0.2671254277229309,0.0,0.2671254277229309
16.669599,"[75.8050537109375, 5.439558506011963, 0.0]","[81.63488006591797, 4.5, 0.0]",10.26210453227452,8.277322769165039,-4.411433525713626,5.855050913034513,-2.083042133758031,0.0,0.27119892835617065,0.0,0.27119892835617065
16.689908,"[76.01203155517578, 5.443217754364014, 0.0]","[81.80061340332031, 4.5, 0.0]",10.197942727266925,8.287337303161621,-3.208090250379758,5.812305885222927,-1.9847817631094813,0.0,0.1972295194864273,0.0,0.1972295194864273
16.710372,"[76.21723937988281, 5.446846008300781, 0.0]","[81.9651870727539, 4.5, 0.0]",10.132384523429831,8.297277450561523,-3.277910191854705,5.771003553175169,-1.910605424105304,0.0,0.2015228122472763,0.0,0.2015228122472763
16.730808,"[76.4211654663086, 5.450451374053955, 0.0]","[82.13264465332031, 4.5, 0.0]",10.065517674066188,8.30733585357666,-3.3433424681821755,5.730311469191053,-1.8351070728683077,0.0,0.20553651452064514,0.0,0.20553651452064514
16.749976,"[76.623779296875, 5.454033851623535, 0.0]","[82.29817962646484, 4.5, 0.0]",9.997483349651649,8.320611000061035,-3.401716220726936,5.6937849275001335,-1.7581818204895274,0.0,0.20913246273994446,0.0,0.20913246273994446
16.769283,"[76.82505798339844, 5.457592487335205, 0.0]","[82.46775817871094, 4.5, 0.0]",9.928373116273185,8.324128150939943,-3.4555116689231724,5.656648393856927,-1.6768723495906137,0.0,0.21243520081043243,0.0,0.21243520081043243
16.789507,"[77.02497863769531, 5.461127281188965, 0.0]","[82.63500213623047, 4.5, 0.0]",9.878747592807722,8.340841293334961,-2.4812761732731836,5.624890585858057,-1.6042449653332422,0.0,0.15254004299640656,0.0,0.15254004299640656
16.809377,"[77.22351837158203, 5.464637279510498, 0.0]","[82.80077362060547, 4.5, 0.0]",9.827985108944636,8.344124794006348,-2.5381241931542675,5.592156367505772,-1.5379062994727608,0.0,0.15603284537792206,0.0,0.15603284537792206
16.83042,"[77.42105865478516, 5.468130111694336, 0.0]","[82.9691162109375, 4.5, 0.0]",9.776161968307681,8.36084270477295,-2.5911570318477573,5.55933147294137,-1.4838603149382887,0.0,0.15929533541202545,0.0,0.15929533541202545
16.849575,"[77.61758422851562, 5.471604824066162, 0.0]","[83.13352966308594, 4.5, 0.0]",9.723388825402024,8.36398983001709,-2.6386571452828633,5.530076456255447,-1.415319263534732,0.0,0.1622237265110016,0.0,0.1622237265110016
16.869772,"[77.81307983398438, 5.475060939788818, 0.0]","[83.30093383789062, 4.5, 0.0]",9.669734343531967,8.38065242767334,-2.6827240935028307,5.497908212819698,-1.3593989953849341,0.0,0.16492363810539246,0.0,0.16492363810539246
16.891027,"[78.00751495361328, 5.478498458862305, 0.0]","[83.47198486328125, 4.5, 0.0]",9.631920956453598,8.384196281433105,-1.8906693539184616,5.4697605050820455,-1.2890819158586275,0.0,0.11623350530862808,0.0,0.11623350530862808
16.909954,"[78.20088195800781, 5.481917381286621, 0.0]","[83.63848114013672, 4.5, 0.0]",9.593188099408568,8.400800704956055,-1.9366428522515022,5.446318727418025,-1.2477246750204927,0.0,0.11905471235513687,0.0,0.11905471235513687
16.930719,"[78.39349365234375, 5.48532247543335, 0.0]","[83.80806732177734, 4.5, 0.0]",9.55360060842945,8.404195785522463,-1.9793745489558923,5.419391904474129,-1.1923873944525134,0.0,0.12168572098016739,0.0,0.12168572098016739
16.949736,"[78.5853271484375, 5.488714218139648, 0.0]","[83.97571563720703, 4.5, 0.0]",9.513250043544907,8.42081356048584,-2.0175282442271403,5.396309940776254,-1.1494048229069875,0.0,0.12403461337089539,0.0,0.12403461337089539
16.969613,"[78.7763671875, 5.492091655731201, 0.0]","[84.14390563964844, 4.5, 0.0]",9.472193648409254,8.424127578735352,-2.0528197567826645,5.372069160088025,-1.0924364830590676,0.0,0.12619690597057343,0.0,0.12619690597057343
16.99022,"[78.96660614013672, 5.495454788208008, 0.0]","[84.3127670288086, 4.5, 0.0]",9.443403419428911,8.440816879272461,-1.4395114490171501,5.349163136707291,-1.0480660696739026,0.0,0.08850003778934479,0.0,0.08850003778934479
17.00948,"[79.15602111816406, 5.498803615570068, 0.0]","[84.48086547851562, 4.5, 0.0]",9.413876837641702,8.444120407104492,-1.476329089360462,5.327729464951812,-1.0025865401564502,0.0,0.09075578302145004,0.0,0.09075578302145004
17.030635,"[79.34485626220703, 5.502142429351807, 0.0]","[84.65143585205078, 4.5, 0.0]",9.383667326541845,8.460851669311523,-1.5104755549928406,5.306357362703024,-0.9697564305372097,0.0,0.09286186099052429,0.0,0.09286186099052429
17.049942,"[79.5331039428711, 5.5054707527160645, 0.0]","[84.81737518310547, 4.5, 0.0]",9.352835924919232,8.463973999023438,-1.541570081130672,5.288036136416266,-0.9228156572303217,0.0,0.09476730227470398,0.0,0.09476730227470398
17.070061,"[79.72074890136719, 5.508788108825684, 0.0]","[84.98713684082031, 4.5, 0.0]",9.321428415422268,8.480656623840332,-1.5703754748481735,5.265672585561017,-0.8888619258957942,0.0,0.09654580801725388,0.0,0.09654580801725388
17.090047,"[79.90777587890625, 5.512094497680664, 0.0]","[85.15989685058594, 4.5, 0.0]",9.300490067767939,8.48418140411377,-1.0469173827164724,5.247733733523648,-0.8407717915819362,0.0,0.06436614692211151,0.0,0.06436614692211151
17.109945,"[80.09417724609375, 5.515389919281006, 0.0]","[85.3286361694336, 4.5, 0.0]",9.278945088103068,8.500799179077148,-1.0772489832435284,5.2334105507510245,-0.8163086636541692,0.0,0.06623195111751556,0.0,0.06623195111751556
17.130279,"[80.28015899658203, 5.518677711486816, 0.0]","[85.50031280517578, 4.5, 0.0]",9.256827817299067,8.50420093536377,-1.1058635402000583,5.215693159203849,-0.7781459090259197,0.0,0.06798160076141357,0.0,0.06798160076141357
17.148405,"[80.46570587158203, 5.521957874298096, 0.0]","[85.66972351074219, 4.5, 0.0]",9.234191669894427,8.520805358886719,-1.1318073702319964,5.201332164538295,-0.7526268819352975,0.0,0.06957577913999557,0.0,0.06957577913999557
17.169212,"[80.65081024169922, 5.525230407714844, 0.0]","[85.8372802734375, 4.5, 0.0]",9.211074792169839,8.523963928222656,-1.1558438862294018,5.185140684420077,-0.7133863110077083,0.0,0.0710529312491417,0.0,0.0710529312491417
17.190165,"[80.83546447753906, 5.528494834899902, 0.0]","[86.01148223876953, 4.5, 0.0]",9.195783075726615,8.540849685668945,-0.7645858221612123,5.16753827117389,-0.6871108639471828,0.0,0.04700665548443794,0.0,0.04700665548443794
17.208444,"[81.01966094970703, 5.5317511558532715, 0.0]","[86.18106079101562, 4.5, 0.0]",9.179999193507763,8.544089317321777,-0.7891941109425815,5.157030082152453,-0.6549333900576695,0.0,0.04851735010743141,0.0,0.04851735010743141
17.230835,"[81.20354461669922, 5.5350022315979, 0.0]","[86.3537368774414, 4.5, 0.0]",9.16375365937721,8.560394287109375,-0.8122767065276371,5.142356739549286,-0.6359098761859858,0.0,0.04993642494082451,0.0,0.04993642494082451
17.249088,"[81.38711547851562, 5.538247585296631, 0.0]","[86.52455139160156, 4.5, 0.0]",9.147092253876384,8.566593170166017,-0.8330702750413366,5.131093595266881,-0.6033593722678354,0.0,0.05121667683124542,0.0,0.05121667683124542
17.270114,"[81.57035827636719, 5.541487216949463, 0.0]","[86.69640350341797, 4.5, 0.0]",9.130045510886683,8.572851181030273,-0.8523371494850274,5.118281727152477,-0.5804990837103663,0.0,0.052393753081560135,0.0,0.052393753081560135
17.289536,"[81.7532730102539, 5.544720649719238, 0.0]","[86.86786651611328, 4.5, 0.0]",9.119893005843952,8.589088439941406,-0.5076252521365454,5.106835859819509,-0.5571943298564097,0.0,0.031207872554659843,0.0,0.031207872554659843
17.309195,"[81.93584442138672, 5.547948360443115, 0.0]","[87.0387191772461, 4.5, 0.0]",9.109336083060393,8.5919189453125,-0.5278461391779565,5.095328775790143,-0.530804565902546,0.0,0.032455988228321075,0.0,0.032455988228321075
17.329615,"[82.11821746826172, 5.551172256469727, 0.0]","[87.21205139160156, 4.5, 0.0]",9.09839381752015,8.607808113098145,-0.5471132770121123,5.0835548058061635,-0.5174171377478931,0.0,0.033632002770900726,0.0,0.033632002770900726
17.348556,"[82.30037689208984, 5.554392337799072, 0.0]","[87.38426971435547, 4.5, 0.0]",9.087100544300071,8.610301971435547,-0.5646636610039835,5.074458706262327,-0.49058570442200633,0.0,0.03470851853489876,0.0,0.03470851853489876
17.369527,"[82.48231506347656, 5.557608604431152, 0.0]","[87.55625915527344, 4.5, 0.0]",9.075482965796864,8.626118659973145,-0.5808789251603663,5.064462243162225,-0.4767985728645243,0.0,0.035709939897060394,0.0,0.035709939897060394
17.390698,"[82.66403198242188, 5.560821056365967, 0.0]","[87.72874450683594, 4.5, 0.0]",9.06904273759987,8.628626823425293,-0.32201140984966514,5.054458219284242,-0.44936430582371933,0.0,0.019800031557679176,0.0,0.019800031557679176
17.408322,"[82.84551239013672, 5.564029216766357, 0.0]","[87.90071105957031, 4.5, 0.0]",9.0585201572679,8.644407272338867,-0.5261290165985422,5.045171007575123,-0.4404159141745776,0.0,0.032341090633273124,0.0,0.032341090633273124
17.429812,"[83.02686309814453, 5.567234992980957, 0.0]","[88.07488250732422, 4.5, 0.0]",8.964530393787566,8.646555900573732,-4.699488174016686,5.035602087279349,-0.41411288492903253,0.0,0.2889094720026851,0.0,0.2889094720026851
17.449557,"[83.2080078125, 5.570437431335449, 0.0]","[88.24840545654297, 4.5, 0.0]",8.86747695454618,8.662009239196777,-4.852671962069266,5.028367747899799,-0.31797449321383375,0.0,0.29833575142771007,0.0,0.29833575142771007
17.469469,"[83.38726806640625, 5.573606491088867, 0.0]","[88.4214859008789, 4.5, 0.0]",8.76711947477886,8.664102554321289,-5.017873988365995,5.020690725456052,-0.20546771534940333,0.0,0.3084813840037584,0.0,0.3084813840037584
17.489652,"[83.56459045410156, 5.5767412185668945, 0.0]","[88.5947265625, 4.5, 0.0]",8.671916447277425,8.679540634155273,-4.760151375071775,5.014456024103035,-0.10301692045757171,0.0,0.2926388806074858,0.0,0.2926388806074858
17.510373,"[83.73990631103516, 5.579840183258057, 0.0]","[88.7674560546875, 4.5, 0.0]",8.571589479794355,8.68157958984375,-5.016348374153523,5.010319530940652,0.00762418687784816,0.0,0.3083982055076957,0.0,0.3083982055076957
17.530982,"[83.91331481933594, 5.5829057693481445, 0.0]","[88.94263458251953, 4.5, 0.0]",8.463109231908783,8.696654319763184,-5.424012394278588,5.007678797610909,0.10999011004939518,0.0,0.333456028829813,0.0,0.333456028829813
17.549978,"[84.084716796875, 5.585935592651367, 0.0]","[89.11608123779297, 4.5, 0.0]",8.346407033993522,8.69830894470215,-5.835109895763058,5.009394358015349,0.23354508785440053,0.0,0.35872804554522036,0.0,0.35872804554522036
17.569617,"[84.25395202636719, 5.588927268981934, 0.0]","[89.28997039794922, 4.5, 0.0]",8.216816779926527,8.713321685791016,-6.479512703349766,5.011385165808359,0.3519019107086283,0.0,0.3983451871916652,0.0,0.3983451871916652
17.590342,"[84.42085266113281, 5.591877460479736, 0.0]","[89.46485137939453, 4.5, 0.0]",8.098424415993753,8.715044975280762,-5.919618196638687,5.015985650007473,0.49650490586448903,0.0,0.36391776828050615,0.0,0.36391776828050615
17.609976,"[84.58516693115234, 5.594781875610352, 0.0]","[89.63842010498047, 4.5, 0.0]",7.970978834210049,8.729999542236328,-6.372279089185184,5.02391260742207,0.6166205592870089,0.0,0.3917477222932875,0.0,0.3917477222932875
17.630851,"[84.74710845947266, 5.597644805908203, 0.0]","[89.8141860961914, 4.5, 0.0]",7.83355578433773,8.73123836517334,-6.87115249361594,5.033114126121509,0.759020708026279,0.0,0.422420443880111,0.0,0.422420443880111
17.650217,"[84.90650177001953, 5.600462436676025, 0.0]","[89.98875427246094, 4.5, 0.0]",7.687306057632107,8.745759963989258,-7.3124863352811875,5.046885828746841,0.8976825808356095,0.0,0.4495509172838926,0.0,0.4495509172838926
17.66943,"[85.06314849853516, 5.603231430053711, 0.0]","[90.16409301757812, 4.5, 0.0]",7.532353651893828,8.750313758850098,-7.747620286913914,5.062008523909054,1.0584539063571512,0.0,0.47630157611534,0.0,0.47630157611534
17.689783,"[85.21687316894531, 5.6059489250183105, 0.0]","[90.33927917480469, 4.5, 0.0]",7.389833388140153,8.758195877075195,-7.126013187683755,5.080648362418585,1.2179601069562693,0.0,0.43809148006916043,0.0,0.43809148006916043
17.709916,"[85.36750030517578, 5.608611583709717, 0.0]","[90.51336669921875, 4.5, 0.0]",7.237807316275145,8.765973091125488,-7.601303593250419,5.10205830639256,1.368362488935042,0.0,0.4673073713193834,0.0,0.4673073713193834
17.731205,"[85.51527404785156, 5.6112236976623535, 0.0]","[90.69026184082031, 4.5, 0.0]",7.074283849079767,8.773250579833984,-8.176173359768901,5.1254681272991105,1.5281657748503434,0.0,0.5026530946421623,0.0,0.5026530946421623
17.749553,"[85.6600112915039, 5.6137824058532715, 0.0]","[90.86482238769531, 4.5, 0.0]",6.9051356845219,8.780431747436523,-8.457408227893337,5.154538488455248,1.6989667307542176,0.0,0.5373116019064188,0.0,0.5373116019064188
17.770332,"[85.80147552490234, 5.616282939910889, 0.0]","[91.04045104980469, 4.5, 0.0]",6.740031252742668,8.787656784057617,-8.255221588961614,5.184312068160526,1.8752960629146234,0.0,0.5259895176535845,0.0,0.5259895176535845
17.78917,"[85.93955993652344, 5.6187238693237305, 0.0]","[91.21310424804688, 4.5, 0.0]",6.567181296562321,8.794759750366211,-8.642497809017335,5.218427446156962,2.0476255313149494,0.0,0.5764827427894622,0.0,0.5764827427894622
17.809308,"[86.0743408203125, 5.6211066246032715, 0.0]","[91.39189147949219, 4.5, 0.0]",6.387188157127443,8.802042961120605,-8.999656971743919,5.252947690774821,2.22757845380389,0.0,0.6281976729631423,0.0,0.6281976729631423
17.830677,"[86.2056655883789, 5.623427867889404, 0.0]","[91.56924438476562, 4.5, 0.0]",6.1994394811436715,8.808422088623047,-9.38743379918856,5.296905212199297,2.4148548039931628,0.0,0.6861272643966972,0.0,0.6861272643966972
17.849724,"[86.33338928222656, 5.625685691833496, 0.0]","[91.74584197998047, 4.5, 0.0]",6.005687442878546,8.814774513244629,-9.68760191325626,5.342884971000022,2.6089826074793754,0.0,0.73579787799865,0.0,0.73579787799865
17.873377,"[86.45735931396484, 5.627877235412598, 0.0]","[91.9236068725586, 4.5, 0.0]",5.807859718464215,8.821168899536133,-9.89138622071657,5.391711169506774,2.8090870703660826,0.0,0.7739145408213138,0.0,0.7739145408213138
17.890971,"[86.57745361328125, 5.630000114440918, 0.0]","[92.0979232788086, 4.5, 0.0]",5.608687104288622,8.827438354492188,-9.958630708779648,5.445458892465223,3.013309181071918,0.0,0.793692618470788,0.0,0.793692618470788
17.908946,"[86.69359588623047, 5.632053375244141, 0.0]","[92.27090454101562, 4.5, 0.0]",5.410009522786195,8.833589553833008,-9.933879075121332,5.4996353352725205,3.2187512502035656,0.0,0.7984164866890758,0.0,0.7984164866890758
17.929546,"[86.80575561523438, 5.634036064147949, 0.0]","[92.44872283935547, 4.5, 0.0]",5.21151602777358,8.838812828063965,-9.924674750630746,5.5564289921953955,3.4235800310468125,0.0,0.8006688729282468,0.0,0.8006688729282468
17.949558,"[86.9139404296875, 5.635948657989502, 0.0]","[92.62837982177734, 4.5, 0.0]",5.01277644631734,8.844090461730957,-9.936979072812013,5.622042590811905,3.6272968002903845,0.0,0.8029151364527642,0.0,0.8029151364527642
17.968819,"[87.01815795898438, 5.637790679931641, 0.0]","[92.8019027709961, 4.5, 0.0]",4.81686876772543,8.849186897277832,-9.795383929595491,5.693469461784786,3.831314015413617,0.0,0.7849813006278873,0.0,0.7849813006278873
17.990519,"[87.11840057373047, 5.639562606811523, 0.0]","[92.98313903808594, 4.5, 0.0]",4.619857516740611,8.854511260986328,-9.850562549240971,5.76273149901719,4.032318129552402,0.0,0.7873981805819273,0.0,0.7873981805819273
18.009494,"[87.2147216796875, 5.641265392303467, 0.0]","[93.15897369384766, 4.5, 0.0]",4.422025023646069,8.859570503234863,-9.891624654727105,5.843680850753323,4.234653744245717,0.0,0.7897613070476055,0.0,0.7897613070476055
18.031324,"[87.3071060180664, 5.6428985595703125, 0.0]","[93.33744812011719, 4.5, 0.0]",4.22355347130477,8.86345386505127,-9.923577617064927,5.923152215273084,4.4375454795887945,0.0,0.7920651898613572,0.0,0.7920651898613572
18.050327,"[87.3955307006836, 5.644461631774902, 0.0]","[93.51419067382812, 4.5, 0.0]",4.024563989566899,8.867300033569338,-9.94947408689355,6.009199657299403,4.639900393746499,0.0,0.7943070652419328,0.0,0.7943070652419328
18.070603,"[87.47998809814453, 5.645954608917236, 0.0]","[93.68892669677734, 4.5, 0.0]",3.8220343941923614,8.871103286743164,-10.126479768726892,6.0974762720786755,4.8427360440024385,0.0,0.8155720569230616,0.0,0.8155720569230616
18.090127,"[87.56047058105469, 5.6473774909973145, 0.0]","[93.86608123779297, 4.5, 0.0]",3.625720387779991,8.878292083740234,-9.815700320618514,6.18771440751477,5.049068892550803,0.0,0.78039,0.0,0.78039
18.109906,"[87.63690185546875, 5.648728370666504, 0.0]","[94.04659271240234, 4.5, 0.0]",3.4280056911475154,8.875438690185547,-9.885734831623783,6.284346383363722,5.252571695960244,0.0,0.78431,0.0,0.78431
18.130853,"[87.70940399169922, 5.650010108947754, 0.0]","[94.22177124023438, 4.5, 0.0]",3.2293300173542114,8.884531021118164,-9.933783689665198,6.3883864495307385,5.447432999038032,0.0,0.78824,0.0,0.78824
18.1496,"[87.7779541015625, 5.651221752166748, 0.0]","[94.39864349365234, 4.5, 0.0]",3.0305713600577944,8.880311012268066,-9.937932864820853,6.491024316861124,5.655201003763953,0.0,0.78824,0.0,0.78824
18.169581,"[87.842529296875, 5.652363300323486, 0.0]","[94.57662963867188, 4.5, 0.0]",2.8317507045853305,8.88944149017334,-9.941032773623192,6.5993079562671255,5.849739652210272,0.0,0.78824,0.0,0.78824
18.190354,"[87.90312957763672, 5.653434753417969, 0.0]","[94.7579345703125, 4.5, 0.0]",2.632880450848568,8.885282516479492,-9.94351268683813,6.712681183525215,6.05769078558801,0.0,0.78824,0.0,0.78824
18.209852,"[87.95975494384766, 5.654435634613037, 0.0]","[94.93512725830078, 4.5, 0.0]",2.4339682292889275,8.894296646118164,-9.945611077982019,6.833348042685982,6.252402065630925,0.0,0.78824,0.0,0.78824
18.231365,"[88.01240539550781, 5.65536642074585, 0.0]","[95.11421203613281, 4.5, 0.0]",2.2350140396430374,8.888761520385742,-9.947709482294508,6.953878841508683,6.4603284168292365,0.0,0.78824,0.0,0.78824
18.249757,"[88.06108093261719, 5.656226634979248, 0.0]","[95.29158020019531, 4.5, 0.0]",2.0360143046764674,8.896550178527832,-9.949986748328499,7.080276796627583,6.653747480742705,0.0,0.78824,0.0,0.78824
18.270284,"[88.10577392578125, 5.657016754150391, 0.0]","[95.46810913085938, 4.5, 0.0]",1.836972840465882,8.890997886657715,-9.952073210529266,7.208934117204485,6.860535873851365,0.0,0.78824,0.0,0.78824
18.289621,"[88.146484375, 5.657736301422119, 0.0]","[95.64425659179688, 4.5, 0.0]",1.6423642697439123,8.89877986907959,-9.73042853609849,7.3407356675878495,7.054025046191833,0.0,0.76078,0.0,0.76078
18.309026,"[88.18321990966797, 5.658385753631592, 0.0]","[95.82096099853516, 4.5, 0.0]",1.4505935625719188,8.89316177368164,-9.58853535859967,7.476138634264389,7.256415599335678,0.0,0.74118,0.0,0.74118
18.330295,"[88.216064453125, 5.658966541290283, 0.0]","[96.00069427490234, 4.5, 0.0]",1.2608710706963928,8.899784088134766,-9.486124593776301,7.616074508051683,7.442568211109721,0.0,0.72549,0.0,0.72549
18.349622,"[88.24507141113281, 5.659479141235352, 0.0]","[96.17816162109375, 4.5, 0.0]",1.0736202939535633,8.893071174621582,-9.362538837141477,7.762930031813396,7.638913017438373,0.0,0.70588,0.0,0.70588
18.369228,"[88.2702865600586, 5.6599249839782715, 0.0]","[96.35498809814453, 4.5, 0.0]",0.8905290212635818,8.89969539642334,-9.154563634499075,7.911357997478277,7.819450880668018,0.0,0.67451,0.0,0.67451
18.390562,"[88.29175567626953, 5.660304546356201, 0.0]","[96.53509521484375, 4.5, 0.0]",0.7119273950587469,8.892981529235842,-8.930081310241745,8.06293811032186,8.009166375159758,0.0,0.63922,0.0,0.63922
18.409009,"[88.30956268310547, 5.660619258880615, 0.0]","[96.7147216796875, 4.5, 0.0]",0.5349418435338751,8.899531364440918,-8.849277576243592,8.221545144974906,8.181054134177094,0.0,0.61961,0.0,0.61961
18.430591,"[88.32379913330078, 5.6608710289001465, 0.0]","[96.89374542236328, 4.5, 0.0]",0.3645445291728067,8.891887664794922,-8.519865718053419,8.383333417393171,8.364589520907042,0.0,0.56863,0.0,0.56863
18.449301,"[88.3344955444336, 5.661060333251953, 0.0]","[97.07090759277344, 4.5, 0.0]",0.20166212048265086,8.897590637207031,-8.144120434507792,8.548091045092121,8.527343135622115,0.0,0.5098,0.0,0.5098
18.469783,"[88.34178161621094, 5.661189079284668, 0.0]","[97.2493667602539, 4.5, 0.0]",0.053672993214039316,8.8899507522583,-7.399456363430577,8.714527808792718,8.695928516724381,0.0,0.4549,0.0,0.4549
18.489881,"[88.34581756591797, 5.66126012802124, 0.0]","[97.42728424072266, 4.5, 0.0]",0.13220540763253077,8.895648956298828,3.9266207209245727,8.885671718962843,8.836277759044261,0.0,0.615692911272049,0.0,0.615692911272049
18.509989,"[88.34689331054688, 5.661279201507568, 0.0]","[97.60467529296875, 4.5, 0.0]",0.05044620515700471,8.88796329498291,-4.087960123776303,9.059524484059521,8.763443548666297,0.0,0.5894059179407358,0.0,0.5894059179407358
18.529952,"[88.34424591064453, 5.6612324714660645, 0.0]","[97.7799072265625, 4.5, 0.0]",0.13470661653605512,8.893045425415039,4.21302056895252,9.235811915590757,8.837517089825905,0.0,0.5691366031315923,0.0,0.5691366031315923
18.549463,"[88.34525299072266, 5.661250114440918, 0.0]","[97.96043395996094, 4.5, 0.0]",0.044924162862934304,8.884744644165039,-4.489122683656041,9.413664468512643,8.758338808878984,0.0,0.5521625165450573,0.0,0.5521625165450573
18.569232,"[88.34255981445312, 5.661202430725098, 0.0]","[98.13810729980469, 4.5, 0.0]",0.12949154468143548,8.88980484008789,4.228369090925059,9.593155948195738,8.839820481302105,0.0,0.5361320761045814,0.0,0.5361320761045814
18.589808,"[88.34346008300781, 5.661218166351318, 0.0]","[98.31352233886719, 4.5, 0.0]",0.03431238864126752,8.881549835205078,-4.758957802008398,9.773495136139674,8.760313295406455,0.0,0.5035127960926294,0.0,0.5035127960926294
18.609039,"[88.34087371826172, 5.661172389984131, 0.0]","[98.49041748046875, 4.5, 0.0]",0.10913790886181365,8.886592864990234,3.741276011027307,9.94798254967278,8.84723744656381,0.0,0.4409482369232178,0.0,0.4409482369232178
18.631254,"[88.34156036376953, 5.661184310913086, 0.0]","[98.67215728759766, 4.5, 0.0]",0.008310835955817091,8.881202697753906,-5.041353645299828,10.127436832785026,8.777454956128421,0.0,0.36102276442110537,0.0,0.36102276442110537
18.649656,"[88.3393783569336, 5.6611456871032715, 0.0]","[98.84925079345703, 4.5, 0.0]",0.09639964180102208,8.879199028015138,4.404440292260249,10.308461684909949,8.87289186179809,0.0,0.321866899728775,0.0,0.321866899728775
18.670109,"[88.33954620361328, 5.661148548126221, 0.0]","[99.02410125732422, 4.5, 0.0]",0.07541072943348467,8.87722110748291,-1.0494456183768701,10.487709880550486,8.782799386214116,0.0,0.06451728940010071,0.0,0.06451728940010071
18.689421,"[88.33761596679688, 5.661114692687988, 0.0]","[99.20137786865234, 4.5, 0.0]",0.044874058083461815,8.875215530395508,-1.5268335675011429,10.662365524316806,8.801810378049426,0.5528628453612328,0.0,0.5528628453612328,0.0
18.70886,"[88.33610534667969, 5.661087989807129, 0.0]","[99.37869262695312, 4.5, 0.0]",0.013562880007585605,8.873190879821777,-1.5655589037938105,10.841544622386325,8.830341472312046,0.5668852105736732,0.0,0.5668852105736732,0.0
18.731869,"[88.335205078125, 5.661072254180908, 0.0]","[99.55699920654297, 4.5, 0.0]",0.018406508567935055,8.870870590209961,0.2421814280174725,11.020342543372173,8.859627999814192,0.578802078962326,0.0,0.578802078962326,0.0
18.749684,"[88.33493041992188, 5.661067485809326, 0.0]","[99.73283386230469, 4.5, 0.0]",0.05091408027976439,8.868583679199219,1.6253785855914669,11.199521680679851,8.852464081642026,0.5885457247495651,0.0,0.5885457247495651,0.0
18.769437,"[88.33529663085938, 5.661074161529541, 0.0]","[99.91046142578125, 4.5, 0.0]",0.08389788604759789,8.866272926330566,1.6491902883916747,11.375603392357508,8.817669598919455,0.5971679836511612,0.0,0.5971679836511612,0.0
18.789795,"[88.33631134033203, 5.661092281341553, 0.0]","[100.08963012695312, 4.5, 0.0]",0.13913160940439115,8.86394214630127,2.761686167839663,11.552837486881224,8.782375040282968,1.0,0.0,1.0,0.0
18.809211,"[88.3379898071289, 5.661121845245361, 0.0]","[100.26884460449219, 4.5, 0.0]",0.19436531020102124,8.861583709716797,2.7616850398315047,11.73096351693572,8.724810536896879,1.0,0.0,1.0,0.0
18.831115,"[88.34077453613281, 5.661170959472656, 0.0]","[100.44701385498047, 4.5, 0.0]",0.2495990102322955,8.858922004699707,2.7616850015637127,11.908471461141113,8.667218399515775,1.0,0.0,1.0,0.0
18.85245,"[88.34465789794922, 5.6612396240234375, 0.0]","[100.6241683959961, 4.5, 0.0]",0.3048327693815976,8.856276512145996,2.7616879574651043,12.083828090512187,8.609322994467412,1.0,0.0,1.0,0.0
18.869997,"[88.34964752197266, 5.661327838897705, 0.0]","[100.7973861694336, 4.5, 0.0]",0.3600665289588394,8.85368824005127,2.7616879788620903,12.257071180305893,8.551443742764398,1.0,0.0,1.0,0.0
18.890427,"[88.35574340820312, 5.661435604095459, 0.0]","[100.97607421875, 4.5, 0.0]",0.41530028779543443,8.851019859313965,2.7616879418297517,12.425271499282129,8.49362171109243,1.0,0.0,1.0,0.0
18.910062,"[88.36294555664062, 5.661562919616699, 0.0]","[101.1546859741211, 4.5, 0.0]",0.47053404636869783,8.848318099975586,2.76168792866317,12.59783498925133,8.435719571518531,1.0,0.0,1.0,0.0
18.930831,"[88.37125396728516, 5.661709785461426, 0.0]","[101.33280181884766, 4.5, 0.0]",0.5257677753582625,8.845236778259277,2.7616864494782316,12.769215578337414,8.377784053606888,1.0,0.0,1.0,0.0
18.949858,"[88.38066101074219, 5.661876201629639, 0.0]","[101.5085678100586, 4.5, 0.0]",0.5810015344088352,8.842194557189941,2.7616879525286353,12.938993899277843,8.319469002901014,1.0,0.0,1.0,0.0
18.969475,"[88.39117431640625, 5.662062168121338, 0.0]","[101.68543243408203, 4.5, 0.0]",0.63623529270232,8.839134216308594,2.7616879146742432,13.105324483665742,8.261193022781105,1.0,0.0,1.0,0.0
18.989848,"[88.40279388427734, 5.662267684936523, 0.0]","[101.85974884033203, 4.5, 0.0]",0.6914690512920615,8.836117744445803,2.761687929487072,13.271646538861233,8.202898923606273,1.0,0.0,1.0,0.0
19.009613,"[88.41551971435547, 5.662492752075195, 0.0]","[102.03900146484375, 4.5, 0.0]",0.7467028097172227,8.83298397064209,2.7616879212580603,13.434313966444952,8.14464869315374,1.0,0.0,1.0,0.0
19.031224,"[88.4293441772461, 5.6627373695373535, 0.0]","[102.2186279296875, 4.5, 0.0]",0.8019365684221772,8.829459190368654,2.7616879352477253,13.600810778495024,8.086281160924868,1.0,0.0,1.0,0.0
19.049487,"[88.44427490234375, 5.66300106048584, 0.0]","[102.39231872558594, 4.5, 0.0]",0.8571703275056725,8.829384803771973,2.761687954174763,13.766582565756677,8.027522621946478,1.0,0.0,1.0,0.0
19.070792,"[88.46031188964844, 5.6632843017578125, 0.0]","[102.56957244873047, 4.5, 0.0]",0.9124040870335407,8.819237709045412,2.761687976393412,13.925313184476039,7.9722144762663,1.0,0.0,1.0,0.0
19.089119,"[88.47745513916016, 5.6635870933532715, 0.0]","[102.74266815185547, 4.5, 0.0]",0.8942807295817872,8.822508811950684,-0.9061678725876765,14.08649973910659,7.906833622011871,0.0,0.05570865795016289,0.0,0.05570865795016289
19.108898,"[88.49569702148438, 5.663909435272217, 0.0]","[102.91879272460938, 4.5, 0.0]",0.8786852419685662,8.812349319458008,-0.7797743806610469,14.242422488094368,7.928228082368896,0.0,0.04793846607208252,0.0,0.04793846607208252
19.132503,"[88.51358032226562, 5.6642255783081055, 0.0]","[103.09701538085938, 4.5, 0.0]",0.8653283787447439,8.814950942993164,-0.6678431611911173,14.400274826978292,7.933664077489442,0.0,0.04105747118592262,0.0,0.04105747118592262
19.149756,"[88.5311508178711, 5.664535999298096, 0.0]","[103.27445983886719, 4.5, 0.0]",0.8537771026644743,8.804234504699707,-0.5775638040134812,14.560583556812105,7.94962256424842,0.0,0.03550685942173004,0.0,0.03550685942173004
19.169749,"[88.54845428466797, 5.664841651916504, 0.0]","[103.45053100585938, 4.5, 0.0]",0.8436973369170238,8.806884765625,-0.5039882873725254,14.720426687901927,7.950457402035233,0.0,0.03098362497985363,0.0,0.03098362497985363
19.189557,"[88.5655288696289, 5.6651434898376465, 0.0]","[103.62737274169922, 4.5, 0.0]",0.8348370340438397,8.796181678771973,-0.44301514365920336,14.879164572753455,7.963187428707976,0.0,0.027235375717282295,0.0,0.027235375717282295
19.209052,"[88.5823974609375, 5.665441513061523, 0.0]","[103.80259704589844, 4.5, 0.0]",0.8270192593738578,8.798807144165039,-0.39088873349909514,15.038901249585688,7.961344644728133,0.0,0.024030502885580063,0.0,0.024030502885580063
19.231737,"[88.59909057617188, 5.665736675262451, 0.0]","[103.9779052734375, 4.5, 0.0]",0.8201381400383037,8.787575721740723,-0.34405596677770656,15.197226966409293,7.971787884791182,0.0,0.021151818335056305,0.0,0.021151818335056305
19.2492,"[88.61563110351562, 5.66602897644043, 0.0]","[104.1542739868164, 4.5, 0.0]",0.8141297695430094,8.789652824401855,-0.30041852476471176,15.355811901306241,7.967437581702419,0.0,0.018468672409653664,0.0,0.018468672409653664
19.270867,"[88.63203430175781, 5.666318893432617, 0.0]","[104.3301773071289, 4.5, 0.0]",0.8089633855354387,8.77840518951416,-0.2583192003785373,15.51561053745431,7.975523054858846,0.0,0.015880627557635307,0.0,0.015880627557635307
19.289842,"[88.6483154296875, 5.666606426239014, 0.0]","[104.50347137451172, 4.5, 0.0]",0.8046401813871191,8.780562400817871,-0.2161602074159774,15.675080052161796,7.969441803978722,0.0,0.013289329595863819,0.0,0.013289329595863819
19.308718,"[88.66448974609375, 5.6668925285339355, 0.0]","[104.67790222167969, 4.5, 0.0]",0.8024697564792597,8.769319534301758,-0.10852124539297292,15.83206377547746,7.9759222194307515,0.0,0.00667160889133811,0.0,0.00667160889133811
19.333298,"[88.68058013916016, 5.667176723480225, 0.0]","[104.85437774658203, 4.5, 0.0]",0.8011942583036203,8.770822525024414,-0.06377490878196612,15.99029034369975,7.966849777822498,0.0,0.003920362796634436,0.0,0.003920362796634436
19.349557,"[88.69662475585938, 5.6674604415893555, 0.0]","[105.03280639648438, 4.5, 0.0]",0.8008594666450995,8.758931159973145,-0.01673958292603972,16.150645213467346,7.969628266720794,0.0,0.0010289376368746161,0.0,0.0010289376368746161
19.369842,"[88.712646484375, 5.667743682861328, 0.0]","[105.2076416015625, 4.5, 0.0]",0.8011339288298662,8.760481834411621,0.013723109238333864,16.31299906778291,7.958071693328045,0.004967516870237887,0.0,0.004967516870237887,0.0
19.389558,"[88.7286605834961, 5.668026924133301, 0.0]","[105.37950897216797, 4.5, 0.0]",0.8018423816542155,8.748783111572267,0.03542264121746408,16.471782932306066,7.959347905581755,0.012825382873415947,0.0,0.012825382873415947,0.0
19.40925,"[88.74468231201172, 5.668310165405273, 0.0]","[105.55770874023438, 4.5, 0.0]",0.8030012774304703,8.750189781188965,0.057944788812741566,16.627606665455467,7.946940729918052,0.02098212717100978,0.0,0.02098212717100978,0.0
19.430456,"[88.7607192993164, 5.668593406677246, 0.0]","[105.73056030273438, 4.5, 0.0]",0.8046256373105711,8.737896919250488,0.08121799400503948,16.78975417814952,7.947188503758494,0.02941057551652193,0.0,0.02941057551652193,0.0
19.449966,"[88.77677917480469, 5.668877124786377, 0.0]","[105.90541076660156, 4.5, 0.0]",0.8067250004655081,8.738875389099121,0.10496815774684864,16.946539845317172,7.933271281939917,0.03800687845796347,0.0,0.03800687845796347,0.0
19.470205,"[88.7928695678711, 5.669161319732666, 0.0]","[106.0787582397461, 4.5, 0.0]",0.8093036594218345,8.726567268371582,0.12893294781631814,17.105300819268543,7.932150388633613,0.04668646492063999,0.0,0.04668646492063999,0.0
19.489785,"[88.80899810791016, 5.6694464683532715, 0.0]","[106.25438690185547, 4.5, 0.0]",0.8645374167936866,8.727519989013672,2.7616878685926047,17.262528713113124,7.917263608949748,1.0,0.0,1.0,0.0
19.509128,"[88.82518005371094, 5.669732570648193, 0.0]","[106.43144226074219, 4.5, 0.0]",0.9197711749884482,8.715044975280762,2.7616879097380806,17.421998693241378,7.862982572219986,1.0,0.0,1.0,0.0
19.530855,"[88.84246826171875, 5.670038223266602, 0.0]","[106.6065673828125, 4.5, 0.0]",0.9750049324261463,8.715435981750488,2.7616878718849045,17.582841929421775,7.795273800292313,1.0,0.0,1.0,0.0
19.549652,"[88.8608627319336, 5.670363426208496, 0.0]","[106.77972412109375, 4.5, 0.0]",1.0302385704098511,8.705896377563477,2.761681899185242,17.7406489928322,7.740431049324342,1.0,0.0,1.0,0.0
19.568988,"[88.88036346435547, 5.670708179473877, 0.0]","[106.95403289794922, 4.5, 0.0]",1.0854720892687197,8.699649810791016,2.761675942943431,17.895381545695027,7.675657807153625,1.0,0.0,1.0,0.0
19.590599,"[88.90096282958984, 5.671072483062744, 0.0]","[107.12896728515625, 4.5, 0.0]",1.1407056073376254,8.693379402160645,2.761675903445282,18.050159523115084,7.614177721522296,1.0,0.0,1.0,0.0
19.610334,"[88.92266845703125, 5.671456336975098, 0.0]","[107.29878234863281, 4.5, 0.0]",1.1959391253407128,8.68725872039795,2.76167590015437,18.204464207280022,7.552673794823019,1.0,0.0,1.0,0.0
19.628942,"[88.94548034667969, 5.671859264373779, 0.0]","[107.4729995727539, 4.5, 0.0]",1.251172644067942,8.68043327331543,2.761675936361463,18.352543733732087,7.491319595057236,1.0,0.0,1.0,0.0
19.649619,"[88.96939849853516, 5.672281742095947, 0.0]","[107.64677429199219, 4.5, 0.0]",1.306406164177605,8.673625946044922,2.761676005483149,18.503918306936882,7.429260629247487,1.0,0.0,1.0,0.0
19.669747,"[88.99441528320312, 5.672723770141602, 0.0]","[107.8199691772461, 4.5, 0.0]",1.3616396844189282,8.666840553283691,2.761676012066161,18.653744009409372,7.367219781867317,1.0,0.0,1.0,0.0
19.690487,"[89.02053833007812, 5.673185348510742, 0.0]","[107.99678039550781, 4.5, 0.0]",1.4168732056477051,8.65991497039795,2.7616760614388447,18.801891161694453,7.305200868864763,1.0,0.0,1.0,0.0
19.709271,"[89.04776763916016, 5.673666477203369, 0.0]","[108.16622161865234, 4.5, 0.0]",1.472106728127266,8.653266906738283,2.7616761239780407,18.952547245678407,7.243041764750244,1.0,0.0,1.0,0.0
19.73078,"[89.07610321044922, 5.674167156219482, 0.0]","[108.34323120117188, 4.5, 0.0]",1.52734024830276,8.646177291870117,2.761676008774705,19.094728451282432,7.181160178611017,1.0,0.0,1.0,0.0
19.749738,"[89.10553741455078, 5.674687385559082, 0.0]","[108.5150146484375, 4.5, 0.0]",1.5825737681491006,8.63929557800293,2.7616759923170253,19.24337039952289,7.118837043567357,1.0,0.0,1.0,0.0
19.768295,"[89.13607788085938, 5.675227165222168, 0.0]","[108.68447875976562, 4.5, 0.0]",1.6378072884562558,8.63250732421875,2.7616760153577613,19.38568822182597,7.056721809853829,1.0,0.0,1.0,0.0
19.793274,"[89.167724609375, 5.67578649520874, 0.0]","[108.86165618896484, 4.5, 0.0]",1.693040808763411,8.625411033630371,2.7616760153577613,19.524580635410082,6.994700035762494,1.0,0.0,1.0,0.0
19.809975,"[89.20047760009766, 5.676365375518799, 0.0]","[109.03091430664062, 4.5, 0.0]",1.7482743295313812,8.61861801147461,2.7616760383985084,19.670078727491546,6.93237022486696,1.0,0.0,1.0,0.0
19.828802,"[89.23433685302734, 5.676963806152344, 0.0]","[109.20333862304688, 4.5, 0.0]",1.803507850365183,8.611526489257812,2.7616760416900865,19.80655230970059,6.870343681943228,1.0,0.0,1.0,0.0
19.84935,"[89.26929473876953, 5.677581787109375, 0.0]","[109.37490844726562, 4.5, 0.0]",1.8587413709356617,8.604469299316406,2.7616760285239406,19.945085161296014,6.80801863889263,1.0,0.0,1.0,0.0
19.871441,"[89.30535888671875, 5.678219318389893, 0.0]","[109.54698181152344, 4.5, 0.0]",1.9139748908478325,8.597392082214355,2.761675995608537,20.081664847391288,6.745727928380744,1.0,0.0,1.0,0.0
19.889807,"[89.342529296875, 5.6788763999938965, 0.0]","[109.72198486328125, 4.5, 0.0]",1.9692084109574954,8.590193748474121,2.761676005483149,20.217641559953936,6.683417191366523,1.0,0.0,1.0,0.0
19.910619,"[89.38080596923828, 5.679553031921387, 0.0]","[109.89368438720703, 4.5, 0.0]",2.0244421691193546,8.583117485046387,2.761687908092958,20.355441067603568,6.620985337516625,1.0,0.0,1.0,0.0
19.930485,"[89.42018127441406, 5.680249214172363, 0.0]","[110.06604766845703, 4.5, 0.0]",2.07967616697918,8.57583999633789,2.761699892991265,20.488830923009647,6.558675315927032,1.0,0.0,1.0,0.0
19.949566,"[89.46066284179688, 5.680964469909668, 0.0]","[110.23663330078125, 4.5, 0.0]",2.134910164773175,8.568638801574707,2.7616998896997647,20.62178603597556,6.496163829358711,1.0,0.0,1.0,0.0
19.969251,"[89.50225067138672, 5.681699275970459, 0.0]","[110.40789031982422, 4.5, 0.0]",2.1901441618430306,8.564743041992188,2.7616998534927717,20.75185693964756,6.433728636801532,1.0,0.0,1.0,0.0
19.989835,"[89.5449447631836, 5.682453632354736, 0.0]","[110.58015441894531, 4.5, 0.0]",2.2453781573329463,8.550802230834961,2.761699774495785,20.881493102493383,6.374598880149157,1.0,0.0,1.0,0.0
20.009026,"[89.58873748779297, 5.6832275390625, 0.0]","[110.75049591064453, 4.5, 0.0]",2.3006121532178496,8.550265312194824,2.761699794245165,21.011029960951575,6.305424073502015,1.0,0.0,1.0,0.0
20.030351,"[89.63363647460938, 5.68402099609375, 0.0]","[110.92185974121094, 4.5, 0.0]",2.3558461493660765,8.536191940307619,2.761699807411344,21.13754508508472,6.249653158976974,1.0,0.0,1.0,0.0
20.049747,"[89.67964172363281, 5.684834003448486, 0.0]","[111.09210968017578, 4.5, 0.0]",2.411080145514305,8.535502433776855,2.761699807411433,21.263976160431156,6.1803457909415425,1.0,0.0,1.0,0.0
20.070082,"[89.72675323486328, 5.685666561126709, 0.0]","[111.26033020019531, 4.5, 0.0]",2.4663141392926433,8.521565437316895,2.7616996889169076,21.38818729129271,6.124422288262551,1.0,0.0,1.0,0.0
20.089803,"[89.77497100830078, 5.686518669128418, 0.0]","[111.43416595458984, 4.5, 0.0]",2.521548131096099,8.520721435546875,2.7616995901727837,21.50926288594361,6.055251298024251,1.0,0.0,1.0,0.0
20.111662,"[89.82428741455078, 5.687390327453613, 0.0]","[111.6027603149414, 4.5, 0.0]",2.5767821245453226,8.506759643554688,2.761699672461182,21.634846195120037,5.9991733044507765,1.0,0.0,1.0,0.0
20.131439,"[89.87471008300781, 5.688281536102295, 0.0]","[111.7718734741211, 4.5, 0.0]",2.6320161197061216,8.50601863861084,2.7616997580399483,21.754090121915727,5.929977519009364,1.0,0.0,1.0,0.0
20.150172,"[89.92623901367188, 5.689192295074463, 0.0]","[111.94385528564453, 4.5, 0.0]",2.6872501148669237,8.491815567016602,2.7616997580401037,21.87274633158886,5.874002518904718,1.0,0.0,1.0,0.0
20.170079,"[89.97887420654297, 5.690122604370117, 0.0]","[112.11359405517578, 4.5, 0.0]",2.742484110751849,8.491046905517578,2.761699794246275,21.99316431074358,5.804565452149678,1.0,0.0,1.0,0.0
20.190112,"[90.03260803222656, 5.691072463989258, 0.0]","[112.2840347290039, 4.5, 0.0]",2.7977181066367756,8.476911544799805,2.7616997942463195,22.110233163195556,5.7485627947657285,1.0,0.0,1.0,0.0
20.209753,"[90.08744812011719, 5.692041873931885, 0.0]","[112.4532699584961, 4.5, 0.0]",2.852952102982506,8.47616958618164,2.7616998172865115,22.22690500360648,5.679193438163029,1.0,0.0,1.0,0.0
20.229821,"[90.14339447021484, 5.693030834197998, 0.0]","[112.6234130859375, 4.5, 0.0]",2.908186100644819,8.462101936340332,2.7616998831156536,22.341265152958048,5.623217483199134,1.0,0.0,1.0,0.0
20.249432,"[90.20044708251953, 5.694039344787598, 0.0]","[112.79176330566406, 4.5, 0.0]",2.963420097977987,8.461448669433594,2.761699866658418,22.45542662355333,5.553915835695513,1.0,0.0,1.0,0.0
20.269809,"[90.25859832763672, 5.695066928863525, 0.0]","[112.95774841308594, 4.5, 0.0]",3.0186540929413055,8.447562217712402,2.7616997481659133,22.566688819309057,5.498028571455606,1.0,0.0,1.0,0.0
20.290551,"[90.31785583496094, 5.6961140632629395, 0.0]","[113.13074493408203, 4.5, 0.0]",3.0738880882996003,8.446706771850586,2.761699767914738,22.67448768547789,5.428908124771096,1.0,0.0,1.0,0.0
20.308795,"[90.37821960449219, 5.69718074798584, 0.0]","[113.2958984375, 4.5, 0.0]",3.129122084382015,8.43287467956543,2.761699804120732,22.788190435482086,5.372818683550985,1.0,0.0,1.0,0.0
20.33174,"[90.43968963623047, 5.698266983032227, 0.0]","[113.46658325195312, 4.5, 0.0]",3.184356081056891,8.432421684265137,2.7616998337438137,22.892945170924367,5.303752595183415,1.0,0.0,1.0,0.0
20.350325,"[90.50226593017578, 5.6993727684021, 0.0]","[113.63673400878906, 4.5, 0.0]",3.239590077336793,8.418655395507812,2.7616998139951,23.00212370585928,5.2480656032082456,1.0,0.0,1.0,0.0
20.371258,"[90.5659408569336, 5.700498104095459, 0.0]","[113.80450439453125, 4.5, 0.0]",3.294824074867446,8.418323516845703,2.761699876532653,23.109661831621732,5.17906531817102,1.0,0.0,1.0,0.0
20.389552,"[90.63072204589844, 5.701642990112305, 0.0]","[113.97280883789062, 4.5, 0.0]",3.350058072200613,8.404632568359375,2.7616998666583292,23.213721151226018,5.123499441978257,1.0,0.0,1.0,0.0
20.409325,"[90.69660949707031, 5.702807426452637, 0.0]","[114.14107513427734, 4.5, 0.0]",3.405292069270463,8.404325485229492,2.7616998534925052,23.317208010114268,5.054574496158763,1.0,0.0,1.0,0.0
20.429438,"[90.76360321044922, 5.703991413116455, 0.0]","[114.30632781982422, 4.5, 0.0]",3.4605260666036304,8.391317367553711,2.7616998666583736,23.41955029304197,4.99903341595903,1.0,0.0,1.0,0.0
20.450994,"[90.83169555664062, 5.70519495010376, 0.0]","[114.47494506835938, 4.5, 0.0]",3.5157600630151897,8.39151668548584,2.7616998205779675,23.517773000737648,4.93079130095008,1.0,0.0,1.0,0.0
20.471724,"[90.90089416503906, 5.706418037414551, 0.0]","[114.64091491699219, 4.5, 0.0]",3.570994059624237,8.381814956665039,2.7616998304523577,23.618260939330085,4.87575662247065,1.0,0.0,1.0,0.0
20.495903,"[90.97119903564453, 5.707660675048828, 0.0]","[114.81001281738281, 4.5, 0.0]",3.626228056430771,8.375327110290527,2.7616998403267035,23.71499545644699,4.810820897040802,1.0,0.0,1.0,0.0
20.510052,"[91.04261016845703, 5.708922863006592, 0.0]","[114.9770736694336, 4.5, 0.0]",3.681462052973989,8.368965148925781,2.7616998271609017,23.81375110195632,4.749099053859757,1.0,0.0,1.0,0.0
20.530442,"[91.11511993408203, 5.710204601287842, 0.0]","[115.1482162475586, 4.5, 0.0]",3.736696049780523,8.363176345825195,2.7616998403267035,23.909363582250936,4.687503095951792,1.0,0.0,1.0,0.0
20.551279,"[91.18873596191406, 5.711505889892578, 0.0]","[115.31090545654297, 4.5, 0.0]",3.791930045797108,8.357673645019531,2.7616998008292537,24.00795834454876,4.626480296044672,1.0,0.0,1.0,0.0
20.570371,"[91.26345825195312, 5.712826728820801, 0.0]","[115.47992706298828, 4.5, 0.0]",3.847164042340326,8.351956367492676,2.7616998271609017,24.096994622690055,4.565743599222423,1.0,0.0,1.0,0.0
20.590329,"[91.33928680419922, 5.714166641235352, 0.0]","[115.64618682861328, 4.5, 0.0]",3.902398038883544,8.346332550048828,2.7616998271609017,24.191255874593054,4.50479232515235,1.0,0.0,1.0,0.0
20.609094,"[91.41622161865234, 5.715526103973389, 0.0]","[115.81294250488281, 4.5, 0.0]",3.9576320354267622,8.340744018554688,2.7616998271609017,24.281649290397752,4.443934511165284,1.0,0.0,1.0,0.0
20.630396,"[91.49425506591797, 5.716905117034912, 0.0]","[115.98013305664062, 4.5, 0.0]",4.012866032496612,8.335920333862306,2.7616998534925052,24.371432104470117,4.383111983127925,1.0,0.0,1.0,0.0
20.652254,"[91.57339477539062, 5.718303680419922, 0.0]","[116.1460952758789, 4.5, 0.0]",4.068100029566463,8.331132888793945,2.7616998534925497,24.460550919387327,4.323054301365694,1.0,0.0,1.0,0.0
20.670939,"[91.65364074707031, 5.719721794128418, 0.0]","[116.3138427734375, 4.5, 0.0]",4.123334024398126,8.326292991638185,2.7616997415831346,24.547335158635395,4.263032859227482,1.0,0.0,1.0,0.0
20.689937,"[91.73499298095703, 5.7211594581604, 0.0]","[116.48001861572266, 4.5, 0.0]",4.178568019756422,8.321497917175293,2.7616997679147826,24.6347979625021,4.202958967240059,1.0,0.0,1.0,0.0
20.71007,"[91.81744384765625, 5.722616672515869, 0.0]","[116.6491928100586, 4.5, 0.0]",4.2338020157730085,8.316679954528809,2.7616998008293425,24.71958292155296,4.142929897418871,1.0,0.0,1.0,0.0
20.730652,"[91.9010009765625, 5.724093437194824, 0.0]","[116.81645202636719, 4.5, 0.0]",4.289036012052911,8.312625885009766,2.761699813995122,24.806266957744086,4.0828779387558,1.0,0.0,1.0,0.0
20.750582,"[91.98566436767578, 5.725589752197266, 0.0]","[116.98164367675781, 4.5, 0.0]",4.344270008201156,8.308622360229492,2.7616998074122545,24.889929879972655,4.023589872956855,1.0,0.0,1.0,0.0
20.77041,"[92.0714340209961, 5.727105617523193, 0.0]","[117.14755249023438, 4.5, 0.0]",4.399504004744374,8.304601669311523,2.7616998271609017,24.970419124173468,3.964352352028336,1.0,0.0,1.0,0.0
20.79145,"[92.1583023071289, 5.728641033172607, 0.0]","[117.31373596191406, 4.5, 0.0]",4.454738001682566,8.30057430267334,2.7616998469095932,25.050518984536488,3.9050976645671494,1.0,0.0,1.0,0.0
20.811981,"[92.24627685546875, 5.730195999145508, 0.0]","[117.47696685791016, 4.5, 0.0]",4.5099719984891,8.296655654907227,2.7616998403266813,25.12979465347589,3.845836300990774,1.0,0.0,1.0,0.0
20.831643,"[92.33535766601562, 5.7317705154418945, 0.0]","[117.6467056274414, 4.5, 0.0]",4.565205994769002,8.293161392211914,2.761699813995122,25.205011772809353,3.786683656418127,1.0,0.0,1.0,0.0
20.851195,"[92.42554473876953, 5.733364582061768, 0.0]","[117.81273651123047, 4.5, 0.0]",4.620439990785589,8.28974437713623,2.7616998008293425,25.285629314579502,3.727955397442912,1.0,0.0,1.0,0.0
20.871475,"[92.51683807373047, 5.734978199005127, 0.0]","[117.9753189086914, 4.5, 0.0]",4.675673987328807,8.286397933959961,2.7616998271609017,25.361433114620958,3.6693043863506416,1.0,0.0,1.0,0.0
20.890837,"[92.6092300415039, 5.736611366271973, 0.0]","[118.14108276367188, 4.5, 0.0]",4.730907983872026,8.286319732666016,2.761699827160946,25.432682531844563,3.610723946631154,1.0,0.0,1.0,0.0
20.910295,"[92.70272827148438, 5.7382636070251465, 0.0]","[118.30538940429688, 4.5, 0.0]",4.786141980415244,8.276289939880371,2.7616998271609017,25.506014103086674,3.55541174879399,1.0,0.0,1.0,0.0
20.930647,"[92.79733276367188, 5.739935398101807, 0.0]","[118.4725570678711, 4.5, 0.0]",4.841375977485092,8.27988338470459,2.7616998534924164,25.57678226098798,3.4901479594651272,1.0,0.0,1.0,0.0
20.949487,"[92.8930435180664, 5.741626739501953, 0.0]","[118.64038848876953, 4.5, 0.0]",4.8966099741599685,8.270129203796387,2.7616998337438137,25.649304560167607,3.4385074072194977,1.0,0.0,1.0,0.0
20.970865,"[92.98985290527344, 5.743337631225586, 0.0]","[118.8059310913086, 4.5, 0.0]",4.95184397109816,8.273752212524414,2.7616998469095932,25.721384078086622,3.3735192296364183,1.0,0.0,1.0,0.0
20.990914,"[93.0877685546875, 5.745068073272705, 0.0]","[118.97132873535156, 4.5, 0.0]",5.007077967641378,8.264041900634766,2.7616998271609017,25.790076328286595,3.3219082414262537,1.0,0.0,1.0,0.0
21.011197,"[93.1867904663086, 5.7468180656433105, 0.0]","[119.1369857788086, 4.5, 0.0]",5.062311964184596,8.267669677734375,2.7616998271609017,25.857517207680377,3.2569639329933873,1.0,0.0,1.0,0.0
21.031156,"[93.28691864013672, 5.748587608337402, 0.0]","[119.3030014038086, 4.5, 0.0]",5.117545961254446,8.258027076721191,2.761699853492461,25.924111011040754,3.2053577135497786,1.0,0.0,1.0,0.0
21.050796,"[93.38814544677734, 5.7503767013549805, 0.0]","[119.46736907958984, 4.5, 0.0]",5.17277995990419,8.261750221252441,2.761699932487227,25.989956905010114,3.140481115466746,1.0,0.0,1.0,0.0
21.070399,"[93.490478515625, 5.752185344696045, 0.0]","[119.63298034667969, 4.5, 0.0]",5.228013957763989,8.252115249633789,2.761699892989933,26.053056300334287,3.0889702613482513,1.0,0.0,1.0,0.0
21.090779,"[93.59391784667969, 5.754013538360596, 0.0]","[119.79837799072266, 4.5, 0.0]",5.260535516184319,8.255820274353027,1.6260779210165222,26.116292657845626,3.0241012918698003,0.5887879058718681,0.0,0.5887879058718681,0.0
21.110327,"[93.6984634399414, 5.755861282348633, 0.0]","[119.96294403076172, 4.5, 0.0]",5.293648446522227,8.246190071105957,1.6556465168954038,26.17820899072143,2.995284758168708,0.5995065346360207,0.0,0.5995065346360207,0.0
21.130887,"[93.80365753173828, 5.757720470428467, 0.0]","[120.12872314453125, 4.5, 0.0]",5.327314591435777,8.249727249145508,1.68330724567749,26.23818741449762,2.9525416245837297,0.6095219030976295,0.0,0.6095219030976295,0.0
21.149865,"[93.90951538085938, 5.759591102600098, 0.0]","[120.28973388671875, 4.5, 0.0]",5.3614748115476925,8.240018844604492,1.7080110055957665,26.298730811264395,2.9224126577097307,0.6184636428952217,0.0,0.6184636428952217,0.0
21.170424,"[94.01604461669922, 5.761473655700684, 0.0]","[120.4547119140625, 4.5, 0.0]",5.3960795135307515,8.243571281433105,1.7302350991529547,26.3538420380426,2.8785440330567997,0.6265164166688919,0.0,0.6265164166688919,0.0
21.190484,"[94.12326049804688, 5.763368606567383, 0.0]","[120.61934661865234, 4.5, 0.0]",5.426588497563076,8.233794212341309,1.5254492016162136,26.41224843800387,2.847491767902354,0.5523678287863731,0.0,0.5523678287863731,0.0
21.209188,"[94.23116302490234, 5.765275478363037, 0.0]","[120.78717803955078, 4.5, 0.0]",5.457507624044358,8.237271308898926,1.5459563240641128,26.469624811443197,2.8072057147782328,0.5597849935293198,0.0,0.5597849935293198,0.0
21.230023,"[94.33967590332031, 5.76719331741333, 0.0]","[120.9527359008789, 4.5, 0.0]",5.488812094336117,8.227211952209473,1.5652235145879434,26.52951134594439,2.7797636848545677,0.5667626112699509,0.0,0.5667626112699509,0.0
21.24887,"[94.44880676269531, 5.769122123718262, 0.0]","[121.11354064941406, 4.5, 0.0]",5.520477114407788,8.230586051940918,1.5832510035835412,26.586512840155855,2.7383998578733557,0.5733013153076172,0.0,0.5733013153076172,0.0
21.270859,"[94.55856323242188, 5.771061897277832, 0.0]","[121.28165435791016, 4.5, 0.0]",5.552485511322697,8.220474243164062,1.60041984574546,26.63814457825767,2.71010893753313,0.5795183032751083,0.0,0.5795183032751083,0.0
21.291376,"[94.66895294189453, 5.773013114929199, 0.0]","[121.44583892822266, 4.5, 0.0]",5.60771949693857,8.223779678344727,2.761699280793639,26.696458892873455,2.6679887318413655,1.0,0.0,1.0,0.0
21.310014,"[94.77998352050781, 5.774975299835205, 0.0]","[121.610107421875, 4.5, 0.0]",5.662953485582539,8.213728904724121,2.7616994321984834,26.75021134122831,2.616060181406157,1.0,0.0,1.0,0.0
21.330393,"[94.89212036132812, 5.776957035064697, 0.0]","[121.77528381347656, 4.5, 0.0]",5.718187478966063,8.216788291931152,2.7616996691761653,26.80340603986396,2.5507754191415817,1.0,0.0,1.0,0.0
21.350022,"[95.00536346435547, 5.778958320617676, 0.0]","[121.93634033203125, 4.5, 0.0]",5.77342147155967,8.206602096557617,2.761699629680381,26.85640205898052,2.4986008129650896,1.0,0.0,1.0,0.0
21.371036,"[95.11971282958984, 5.780979156494141, 0.0]","[122.10287475585938, 4.5, 0.0]",5.8286554625734475,8.20963191986084,2.7616995506888564,26.904172879863342,2.433180624997947,1.0,0.0,1.0,0.0
21.390555,"[95.23516082763672, 5.783019542694092, 0.0]","[122.26701354980469, 4.5, 0.0]",5.8838894563519455,8.19937801361084,2.7616996889249013,26.95631431659037,2.3809764572873924,1.0,0.0,1.0,0.0
21.409946,"[95.35171508789062, 5.785079479217529, 0.0]","[122.43110656738281, 4.5, 0.0]",5.939123451052015,8.202448844909668,2.7616997350034644,27.004961457070323,2.3154885572588944,1.0,0.0,1.0,0.0
21.430798,"[95.46937561035156, 5.787158966064453, 0.0]","[122.59584045410156, 4.5, 0.0]",5.994357446278696,8.195366859436035,2.7616997613340466,27.052456158578494,2.263325393857653,1.0,0.0,1.0,0.0
21.450072,"[95.58814239501953, 5.789258003234863, 0.0]","[122.75642395019531, 4.5, 0.0]",6.049591439662241,8.18837833404541,2.7616996691772755,27.09948566384126,2.2010094131573394,1.0,0.0,1.0,0.0
21.47078,"[95.7080078125, 5.79137659072876, 0.0]","[122.92118835449219, 4.5, 0.0]",6.104825428569616,8.19129753112793,2.7616994453687482,27.14125899228286,2.138786894383169,1.0,0.0,1.0,0.0
21.490334,"[95.8289794921875, 5.793514728546143, 0.0]","[123.08416748046875, 4.5, 0.0]",6.123894258421367,8.180920600891113,0.9534414925875367,27.186113298294647,2.0864721025583135,0.3452334612346068,0.0,0.3452334612346068,0.0
21.510061,"[95.95105743408203, 5.7956719398498535, 0.0]","[123.25069427490234, 4.5, 0.0]",6.144229763672896,8.183786392211914,1.0167752625764415,27.228076878028432,2.0570263424697464,0.36817038904562593,0.0,0.36817038904562593,0.0
21.530147,"[96.07351684570312, 5.7978363037109375, 0.0]","[123.41511535644531, 4.5, 0.0]",6.1659044367435385,8.173215866088867,1.0837336535321374,27.2724802004454,2.0395566285390183,0.3924237203257903,0.0,0.3924237203257903,0.0
21.549874,"[96.19638061523438, 5.8000078201293945, 0.0]","[123.57453918457031, 4.5, 0.0]",6.188809542558887,8.176100730895996,1.1452552907674107,27.31439754910326,2.0073114293453287,0.41470888231277464,0.0,0.41470888231277464,0.0
21.570428,"[96.3196792602539, 5.802186965942383, 0.0]","[123.7409439086914, 4.5, 0.0]",6.213151110410799,8.165483474731445,1.2170783925955941,27.35091329238842,1.9872911883371094,0.4406964117310196,0.0,0.4406964117310196,0.0
21.592292,"[96.44343566894531, 5.8043742179870605, 0.0]","[123.90473175048828, 4.5, 0.0]",6.235640349859944,8.168264389038086,1.124461972457258,27.393974374393895,1.9523323643206467,0.40715490423768763,0.0,0.40715490423768763,0.0
21.610195,"[96.56768035888672, 5.806570053100586, 0.0]","[124.068115234375, 4.5, 0.0]",6.259724383828775,8.157718658447266,1.204201698441576,27.433960671415424,1.9326240391781422,0.43602705107796935,0.0,0.43602705107796935,0.0
21.630817,"[96.69237518310547, 5.808773517608643, 0.0]","[124.23199462890625, 4.5, 0.0]",6.284256712980532,8.160487174987793,1.2266164575878147,27.47305455486571,1.8979942746184904,0.4441568086643517,0.0,0.4441568086643517,0.0
21.650257,"[96.81755065917969, 5.810985565185547, 0.0]","[124.39425659179688, 4.5, 0.0]",6.3090637468454425,8.149959564208984,1.240351693245545,27.51219431177006,1.8762304620072614,0.4491187280162051,0.0,0.4491187280162051,0.0
21.670316,"[96.9432144165039, 5.813206195831299, 0.0]","[124.5546875, 4.5, 0.0]",6.33413212632545,8.152811050415039,1.2534189740003754,27.54923616184012,1.840895817363542,0.45387560145080086,0.0,0.45387560145080086,0.0
21.691287,"[97.06937408447266, 5.815435886383057, 0.0]","[124.72085571289062, 4.5, 0.0]",6.357378706672582,8.142189979553223,1.1623290173566225,27.583958167757046,1.818678924089589,0.42086237839505075,0.0,0.42086237839505075,0.0
21.711325,"[97.19603729248047, 5.817674160003662, 0.0]","[124.88367462158203, 4.5, 0.0]",6.380894267289059,8.144984245300293,1.1757780308238264,27.623921308369745,1.7848112728806402,0.42574280624005945,0.0,0.42574280624005945,0.0
21.731048,"[97.32316589355469, 5.819921016693115, 0.0]","[125.04723358154297, 4.5, 0.0]",6.404678803172195,8.134415626525879,1.1892267941568058,27.66003157421448,1.764089978011234,0.43063158080827446,0.0,0.43063158080827446,0.0
21.749907,"[97.45076751708984, 5.822175979614258, 0.0]","[125.2060546875, 4.5, 0.0]",6.428732316165085,8.137296676635742,1.2026756496445135,27.696416784876156,1.7297368233536838,0.43549482843399046,0.0,0.43549482843399046,0.0
21.770489,"[97.57884216308594, 5.824439525604248, 0.0]","[125.3714370727539, 4.5, 0.0]",6.4530548046879375,8.12668514251709,1.2161244261426063,27.72759154878925,1.7085643604706569,0.4403483835526556,0.0,0.4403483835526556,0.0
21.789415,"[97.7073974609375, 5.826711177825928, 0.0]","[125.53123474121094, 4.5, 0.0]",6.475320859286542,8.129542350769043,1.1133027299302434,27.76485346737276,1.6736303378291524,0.40311416673574596,0.0,0.40311416673574596,0.0
21.810228,"[97.83644104003906, 5.828991413116455, 0.0]","[125.69683837890625, 4.5, 0.0]",6.49786924377378,8.122259140014648,1.127419224361903,27.796050821001405,1.6542214914825006,0.4082383675756678,0.0,0.4082383675756678,0.0
21.83126,"[97.96592712402344, 5.831279754638672, 0.0]","[125.86018371582031, 4.5, 0.0]",6.51888196745754,8.118354797363281,1.0506361841879919,27.832565123244553,1.624389896240868,0.3804160779634118,0.0,0.3804160779634118,0.0
21.850367,"[98.09586334228516, 5.833576202392578, 0.0]","[126.01940155029297, 4.5, 0.0]",6.539202209061597,8.114548683166504,1.0160120802028327,27.866378899009995,1.599472829905741,0.36790750267751515,0.0,0.36790750267751515,0.0
21.871219,"[98.2262191772461, 5.835879802703857, 0.0]","[126.18161010742188, 4.5, 0.0]",6.558194733708918,8.110671043395998,0.949626232366052,27.895615366979232,1.575346474104907,0.34384112748779355,0.0,0.34384112748779355,0.0
21.89064,"[98.35697937011719, 5.83819055557251, 0.0]","[126.34648132324219, 4.5, 0.0]",6.573247966627743,8.106730461120605,0.7526616459412327,27.927422169502357,1.55247630968708,0.27253370344210415,0.0,0.27253370344210415,0.0
21.909862,"[98.48812103271484, 5.840507984161377, 0.0]","[126.50540924072266, 4.5, 0.0]",6.58708984152326,8.102931022644043,0.6920937447758568,27.9614870371093,1.533482494492863,0.25061819586142897,0.0,0.25061819586142897,0.0
21.93206,"[98.61956787109375, 5.842831134796143, 0.0]","[126.67149353027344, 4.5, 0.0]",6.59989777231406,8.09895133972168,0.6403965395400224,27.989228494890455,1.5158411811207833,0.23188053520485757,0.0,0.23188053520485757,0.0
21.950355,"[98.75128936767578, 5.84515905380249, 0.0]","[126.82976531982422, 4.5, 0.0]",6.612339432699293,8.095159530639648,0.6220830192616322,28.02381973503474,1.4990535674076195,0.22525683045387268,0.0,0.22525683045387268,0.0
21.971983,"[98.88327026367188, 5.847491264343262, 0.0]","[126.99443054199219, 4.5, 0.0]",6.625072964020028,8.091214179992676,0.6366765660367424,28.050324750832143,1.4828200979403556,0.23053688928484917,0.0,0.23053688928484917,0.0
21.99177,"[99.01549530029297, 5.849827766418457, 0.0]","[127.1563491821289, 4.5, 0.0]",6.6360056756104635,8.087334632873535,0.5466355795217925,28.0829630119513,1.4661412159726481,0.19794931635260582,0.0,0.19794931635260582,0.0
22.011092,"[99.14797973632812, 5.852169036865234, 0.0]","[127.31814575195312, 4.5, 0.0]",6.647211182098552,8.083456993103027,0.5602753244044134,28.112610942234582,1.4513289572630717,0.20287660881876945,0.0,0.20287660881876945,0.0
22.032809,"[99.28067779541016, 5.854514122009277, 0.0]","[127.48082733154297, 4.5, 0.0]",6.658676124649721,8.079549789428711,0.5732471275584405,28.141876639945174,1.4362458110044756,0.20758165046572685,0.0,0.20758165046572685,0.0
22.050072,"[99.41360473632812, 5.856863021850586, 0.0]","[127.63835906982422, 4.5, 0.0]",6.670389057667658,8.075766563415527,0.5856466508968872,28.17181478405733,1.4208736647789904,0.21205581724643707,0.0,0.21205581724643707,0.0
22.071062,"[99.54676055908203, 5.859216213226318, 0.0]","[127.79959106445312, 4.5, 0.0]",6.682338541743259,8.071893692016602,0.597474203780024,28.196374238362107,1.405377505747869,0.21635064855217934,0.0,0.21635064855217934,0.0
22.091405,"[99.68014526367188, 5.861573219299316, 0.0]","[127.96172332763672, 4.5, 0.0]",6.737572526701837,8.067999839782715,2.761699247928906,28.224404944321517,1.3895551502733428,1.0,0.0,1.0,0.0
22.109126,"[99.81377410888672, 5.863934516906738, 0.0]","[128.12245178222656, 4.5, 0.0]",6.792806511397177,8.064139366149902,2.76169923476699,28.253106370688403,1.330427313080878,1.0,0.0,1.0,0.0
22.130204,"[99.94850158691406, 5.8663153648376465, 0.0]","[128.2852020263672, 4.5, 0.0]",6.8480404966191255,8.060220718383789,2.761699261097439,28.280160029256365,1.2713328547527256,1.0,0.0,1.0,0.0
22.148406,"[100.08433532714844, 5.868715763092041, 0.0]","[128.4452667236328, 4.5, 0.0]",6.9032744871067315,8.056366920471191,2.761699524380301,28.308136355033238,1.2121802217646636,1.0,0.0,1.0,0.0
22.171054,"[100.22127532958984, 5.871135711669922, 0.0]","[128.60633850097656, 4.5, 0.0]",6.958508476277942,8.052489280700684,2.761699458560507,28.332320620299765,1.1530924333644599,1.0,0.0,1.0,0.0
22.194829,"[100.35932159423828, 5.873575210571289, 0.0]","[128.76878356933594, 4.5, 0.0]",7.013742462948005,8.048578262329102,2.7616993335031648,28.356406618635187,1.093980804422742,1.0,0.0,1.0,0.0
22.210598,"[100.49846649169922, 5.876034259796143, 0.0]","[128.93162536621094, 4.5, 0.0]",7.068976449091537,8.044656753540039,2.761699307176624,28.38075876153046,1.0348357993810966,1.0,0.0,1.0,0.0
22.230253,"[100.63871765136719, 5.878512859344482, 0.0]","[129.0904541015625, 4.5, 0.0]",7.124210436024931,8.040823936462402,2.7616993466696993,28.404408014751855,0.9756803044485016,1.0,0.0,1.0,0.0
22.250592,"[100.78007507324219, 5.881011009216309, 0.0]","[129.25050354003906, 4.5, 0.0]",7.179444427565703,8.036961555480959,2.761699577038579,28.42293989924475,0.9166135004374709,1.0,0.0,1.0,0.0
22.271096,"[100.92253875732422, 5.883528232574463, 0.0]","[129.414794921875, 4.5, 0.0]",7.234678425161864,8.036330223083496,2.7616998798080328,28.44158410846194,0.8575171279152558,1.0,0.0,1.0,0.0
22.291275,"[101.06610870361328, 5.8860650062561035, 0.0]","[129.57521057128906, 4.5, 0.0]",7.236294202770131,8.02579116821289,0.08078888041338494,28.46336392376797,0.8016517979216324,0.02926017416923714,0.0,0.02926017416923714,0.0
22.311374,"[101.21077728271484, 5.8886213302612305, 0.0]","[129.7355499267578, 4.5, 0.0]",7.2390335840463305,8.02858829498291,0.13696906380995522,28.480162176700322,0.7894969654427593,0.04960791594083188,0.0,0.04960791594083188,0.0
22.331269,"[101.35548400878906, 5.891178607940674, 0.0]","[129.89695739746094, 4.5, 0.0]",7.243011028376981,8.01801586151123,0.19887221653251963,28.495785340856006,0.7895547109365797,0.07202156698982232,0.0,0.07202156698982232,0.0
22.350493,"[101.500244140625, 5.893736839294434, 0.0]","[130.05477905273438, 4.5, 0.0]",7.248083457974675,8.020865440368652,0.2536214798847247,28.51243829564801,0.7750048331342496,0.09182772538324818,0.0,0.09182772538324818,0.0
22.372307,"[101.64508056640625, 5.896296501159668, 0.0]","[130.217041015625, 4.5, 0.0]",7.254340537404871,8.010272026062012,0.31285397150977445,28.525452580472358,0.772781982393977,0.11328199109154755,0.0,0.11328199109154755,0.0
22.392858,"[101.7900161743164, 5.898857593536377, 0.0]","[130.3764190673828, 4.5, 0.0]",7.260189375776357,8.01308536529541,0.29244191857431545,28.542830425601473,0.7559314886571409,0.10588,0.0,0.10588,0.0
22.410978,"[101.9350814819336, 5.901421070098877, 0.0]","[130.53431701660156, 4.5, 0.0]",7.2682033956529875,8.002595901489258,0.40070099383151536,28.557225111608435,0.752895989519053,0.1451,0.0,0.1451,0.0
22.430609,"[102.08026123046875, 5.90398645401001, 0.0]","[130.69505310058594, 4.5, 0.0]",7.2787068907315815,8.005366325378418,0.5251747539297025,28.570011219247252,0.7343925058362704,0.19018180577675578,0.0,0.19018180577675578,0.0
22.450913,"[102.22560119628906, 5.906554698944092, 0.0]","[130.85733032226562, 4.5, 0.0]",7.2979741117988075,7.994765281677246,0.9633610533613002,28.58551954716651,0.7266594346468365,0.3488264295782079,0.0,0.3488264295782079,0.0
22.471347,"[102.37115478515625, 5.9091267585754395, 0.0]","[131.01638793945312, 4.5, 0.0]",7.326584990836034,7.9975738525390625,1.4305439518613294,28.602409292509822,0.6967911698784386,0.5179919280353887,0.0,0.5179919280353887,0.0
22.491417,"[102.51708984375, 5.911705493927002, 0.0]","[131.1771697998047, 4.5, 0.0]",7.362973347775481,7.987009048461914,1.8194178469723266,28.615865515318255,0.6709888617030284,0.65882,0.0,0.65882,0.0
22.510517,"[102.6635971069336, 5.914294242858887, 0.0]","[131.33746337890625, 4.5, 0.0]",7.405210548878523,7.989786624908447,2.111860055152137,28.63066418327069,0.6240357006864334,0.76471,0.0,0.76471,0.0
22.530369,"[102.81083679199219, 5.916895866394043, 0.0]","[131.4949951171875, 4.5, 0.0]",7.45199748255668,7.9792914390563965,2.3393466839078503,28.64440260899592,0.5845760760299239,0.84706,0.0,0.84706,0.0
22.550715,"[102.95891571044922, 5.919512748718262, 0.0]","[131.6533660888672, 4.5, 0.0]",7.502683641201558,7.982107639312744,2.5343079322438733,28.654646833860056,0.5272939564997161,0.91765,0.0,0.91765,0.0
22.569376,"[103.1079330444336, 5.922145843505859, 0.0]","[131.8130645751953, 4.5, 0.0]",7.557917624054313,7.971559047698975,2.7616991426377524,28.664891814376816,0.4794239981111863,1.0,0.0,1.0,0.0
22.592656,"[103.25796508789062, 5.924797058105469, 0.0]","[131.9749755859375, 4.5, 0.0]",7.613151610592935,7.974289417266846,2.7616993269310885,28.675524778466578,0.4136414236446617,1.0,0.0,1.0,0.0
22.610214,"[103.40910339355469, 5.9274678230285645, 0.0]","[132.13241577148438, 4.5, 0.0]",7.668385596605035,7.963795185089111,2.761699300605036,28.687355307648723,0.36113780667391104,1.0,0.0,1.0,0.0
22.630844,"[103.56134033203125, 5.9301581382751465, 0.0]","[132.2922821044922, 4.5, 0.0]",7.72361957050672,7.9665656089782715,2.761698695084247,28.693609532897245,0.29540958848407595,1.0,0.0,1.0,0.0
22.649462,"[103.71468353271484, 5.932868003845215, 0.0]","[132.4512176513672, 4.5, 0.0]",7.778853542828961,7.956026554107668,2.7616986161120405,28.701190721681435,0.24294603847155116,1.0,0.0,1.0,0.0
22.673271,"[103.86913299560547, 5.9355974197387695, 0.0]","[132.6123504638672, 4.5, 0.0]",7.834087524892217,7.958765983581543,2.7616991031627958,28.706734061046593,0.17717301127870666,1.0,0.0,1.0,0.0
22.691155,"[104.02468872070312, 5.938345909118652, 0.0]","[132.76992797851562, 4.5, 0.0]",7.889321512220833,7.9482598304748535,2.761699366430781,28.713368146143864,0.12467845868932592,1.0,0.0,1.0,0.0
22.711607,"[104.18134307861328, 5.9411139488220215, 0.0]","[132.9315643310547, 4.5, 0.0]",7.944555500602522,7.950986385345459,2.7616994190844846,28.71534054353153,0.05893831825402085,1.0,0.0,1.0,0.0
22.731425,"[104.33910369873047, 5.943901538848877, 0.0]","[133.0884552001953, 4.5, 0.0]",7.999789492406664,7.940487384796143,2.7616995902070673,28.72027285605514,0.006430884742936627,1.0,0.0,1.0,0.0
22.74979,"[104.49797058105469, 5.946708679199219, 0.0]","[133.2492218017578, 4.5, 0.0]",8.055023472627182,7.943226337432861,2.76169901102592,28.71935425079947,-0.059302107610521126,1.0,0.0,1.0,0.0
22.771279,"[104.65794372558594, 5.949535369873047, 0.0]","[133.4080352783203, 4.5, 0.0]",8.110257454427343,7.936013698577881,2.7616990900080296,28.721204338839595,-0.11179713519432077,1.0,0.0,1.0,0.0
22.790811,"[104.81901550292969, 5.952381610870361, 0.0]","[133.56385803222656, 4.5, 0.0]",8.165491440439734,7.932207584381104,2.761699300619558,28.71999569377203,-0.17424375584946183,1.0,0.0,1.0,0.0
22.811174,"[104.98119354248047, 5.955247402191162, 0.0]","[133.7254180908203, 4.5, 0.0]",8.220725429084759,7.92825984954834,2.761699432251241,28.714696683351992,-0.23328385605862945,1.0,0.0,1.0,0.0
22.831474,"[105.14447784423828, 5.958132743835449, 0.0]","[133.88482666015625, 4.5, 0.0]",8.275959418782831,7.924355983734131,2.7616994849036125,28.71402842983016,-0.29246557953641883,1.0,0.0,1.0,0.0
22.850718,"[105.30886840820312, 5.961037635803223, 0.0]","[134.0402069091797, 4.5, 0.0]",8.331193410586994,7.920551300048828,2.7616995902081776,28.710102326909105,-0.35160343504870006,1.0,0.0,1.0,0.0
22.871824,"[105.474365234375, 5.963962078094482, 0.0]","[134.19842529296875, 4.5, 0.0]",8.386427401338116,7.916676998138428,2.7616995375560727,28.70104209744757,-0.41064211053816635,1.0,0.0,1.0,0.0
22.891978,"[105.64096069335938, 5.9669060707092285, 0.0]","[134.3570098876953, 4.5, 0.0]",8.441661388930116,7.912793159484863,2.7616993796000244,28.693713124848227,-0.4697504031996882,1.0,0.0,1.0,0.0
22.91032,"[105.80866241455078, 5.969869136810303, 0.0]","[134.51486206054688, 4.5, 0.0]",8.496895372836502,7.9089274406433105,2.761699195319256,28.6856514992899,-0.5288682294452531,1.0,0.0,1.0,0.0
22.93188,"[105.97747039794922, 5.972851753234863, 0.0]","[134.67684936523438, 4.5, 0.0]",8.552129363324378,7.9049506187438965,2.7616995243938014,28.675751139648664,-0.587967932193191,1.0,0.0,1.0,0.0
22.950783,"[106.14738464355469, 5.97585391998291, 0.0]","[134.83384704589844, 4.5, 0.0]",8.607363357497878,7.901096820831301,2.761699708675014,28.668878831512348,-0.6471787445804811,1.0,0.0,1.0,0.0
22.96959,"[106.31839752197266, 5.978875637054443, 0.0]","[134.9889678955078, 4.5, 0.0]",8.66259735167138,7.8972887992858904,2.7616997086751027,28.655911243159185,-0.7062665366665772,1.0,0.0,1.0,0.0
22.990536,"[106.49051666259766, 5.981916904449463, 0.0]","[135.14767456054688, 4.5, 0.0]",8.717831350846811,7.893392562866211,2.7616999587715796,28.639968045594067,-0.7653085523854894,1.0,0.0,1.0,0.0
23.00978,"[106.66374206542969, 5.984977722167969, 0.0]","[135.3080291748047, 4.5, 0.0]",8.773065348442696,7.889455795288086,2.7616998797942216,28.626503403398644,-0.8244387879806006,1.0,0.0,1.0,0.0
23.030767,"[106.83807373046875, 5.988058090209961, 0.0]","[135.46669006347656, 4.5, 0.0]",8.828299341826423,7.885551452636719,2.761699669186335,28.613580812041384,-0.88360955315461,1.0,0.0,1.0,0.0
23.049449,"[107.01350402832031, 5.9911580085754395, 0.0]","[135.62339782714844, 4.5, 0.0]",8.883533342054923,7.881694793701172,2.7617000114250168,28.597858059792735,-0.9427478891897039,1.0,0.0,1.0,0.0
23.071149,"[107.1900405883789, 5.994277477264404, 0.0]","[135.77857971191406, 4.5, 0.0]",8.93876734017735,7.877876281738281,2.76169990612134,28.5790836806449,-1.001838548353751,1.0,0.0,1.0,0.0
23.091849,"[107.36768341064453, 5.9974164962768555, 0.0]","[135.93707275390625, 4.5, 0.0]",8.99400133724674,7.87397575378418,2.7616998534695014,28.55767722580385,-1.0608910584390685,1.0,0.0,1.0,0.0
23.110703,"[107.54643249511719, 6.000575065612793, 0.0]","[136.09642028808594, 4.5, 0.0]",9.049235336422234,7.870053768157959,2.761699958774688,28.53847497644382,-1.12002558346256,1.0,0.0,1.0,0.0
23.131416,"[107.72628784179688, 6.003753185272217, 0.0]","[136.2545928955078, 4.5, 0.0]",9.104469340336475,7.866151809692384,2.7617001957120912,28.519020117062922,-1.1791815682642746,1.0,0.0,1.0,0.0
23.151448,"[107.90724182128906, 6.006950855255127, 0.0]","[136.41104125976562, 4.5, 0.0]",9.159703337405894,7.862292289733887,2.7616998534709225,28.49728487983328,-1.2383175306440917,1.0,0.0,1.0,0.0
23.169643,"[108.08930206298828, 6.010168075561523, 0.0]","[136.56491088867188, 4.5, 0.0]",9.214937333422261,7.858496189117432,2.7616998008183735,28.472726594872558,-1.297411047672007,1.0,0.0,1.0,0.0
23.191117,"[108.27246856689453, 6.013404846191406, 0.0]","[136.72280883789062, 4.5, 0.0]",9.270171328385576,7.85793399810791,2.7616997481657357,28.444483542107903,-1.3564411443048296,1.0,0.0,1.0,0.0
23.209599,"[108.45674133300781, 6.016660690307617, 0.0]","[136.87966918945312, 4.5, 0.0]",9.325405322822364,7.847397804260254,2.761699721839417,28.4191617459668,-1.4122373302776658,1.0,0.0,1.0,0.0
23.230984,"[108.6421127319336, 6.0199360847473145, 0.0]","[137.0375518798828, 4.5, 0.0]",9.38063931646936,7.850159645080566,2.761699682349761,28.391696087599083,-1.4780075185621104,1.0,0.0,1.0,0.0
23.250905,"[108.8285903930664, 6.023231029510498, 0.0]","[137.196533203125, 4.5, 0.0]",9.435873313275527,7.839561462402344,2.761699840308385,28.364153801790245,-1.5304796713887932,1.0,0.0,1.0,0.0
23.269133,"[109.01617431640625, 6.026545524597168, 0.0]","[137.35067749023438, 4.5, 0.0]",9.491107309291904,7.842415809631348,2.7616998008188176,28.33660354237384,-1.5963118508731835,1.0,0.0,1.0,0.0
23.291433,"[109.20486450195312, 6.029879570007324, 0.0]","[137.51170349121094, 4.5, 0.0]",9.546341304255225,7.831767082214357,2.761699748166091,28.303110566850336,-1.648691499660556,1.0,0.0,1.0,0.0
23.310209,"[109.3946533203125, 6.033233165740967, 0.0]","[137.66415405273438, 4.5, 0.0]",9.601575298692016,7.834662437438965,2.7616997218395056,28.27539179614425,-1.7145742220408682,1.0,0.0,1.0,0.0
23.331399,"[109.5855484008789, 6.036606311798096, 0.0]","[137.8245849609375, 4.5, 0.0]",9.656809295761459,7.824018955230713,2.761699853472166,28.237999576435264,-1.7669128612530507,1.0,0.0,1.0,0.0
23.349404,"[109.77754974365234, 6.039999008178711, 0.0]","[137.97792053222656, 4.5, 0.0]",9.71204328809213,7.826883792877197,2.7616996165335195,28.20748083441321,-1.832790340530746,1.0,0.0,1.0,0.0
23.369789,"[109.97065734863281, 6.0434112548828125, 0.0]","[138.13363647460938, 4.5, 0.0]",9.767277280686065,7.816357612609863,2.7616996296967677,28.168761428735237,-1.885159495214932,1.0,0.0,1.0,0.0
23.39006,"[110.16487121582031, 6.0468430519104, 0.0]","[138.2932586669922, 4.5, 0.0]",9.822511273016737,7.819066047668457,2.7616996165336083,28.131315316661972,-1.9509196680762013,1.0,0.0,1.0,0.0
23.411227,"[110.36018371582031, 6.050294399261475, 0.0]","[138.4495391845703, 4.5, 0.0]",9.877745265347407,7.808525085449219,2.7616996165335195,28.09666840995263,-2.0034452253482797,1.0,0.0,1.0,0.0
23.431747,"[110.55660247802734, 6.053765296936035, 0.0]","[138.6064453125, 4.5, 0.0]",9.93297926136379,7.811291217803955,2.761699800819173,28.05758154327039,-2.0692201798981884,1.0,0.0,1.0,0.0
23.449718,"[110.7541275024414, 6.057255744934082, 0.0]","[138.75914001464844, 4.5, 0.0]",9.988213256063847,7.800830364227295,2.7616997350028427,28.01801375434951,-2.1216880435598355,1.0,0.0,1.0,0.0
23.471134,"[110.9527587890625, 6.060765743255615, 0.0]","[138.9147491455078, 4.5, 0.0]",10.043447251027173,7.803628921508789,2.7616997481662686,27.97312848881464,-2.1873828918365525,1.0,0.0,1.0,0.0
23.490181,"[111.1524887084961, 6.064295291900635, 0.0]","[139.0732421875, 4.5, 0.0]",10.098681245463967,7.793023586273193,2.7616997218396833,27.930051035005597,-2.2398183295183838,1.0,0.0,1.0,0.0
23.509251,"[111.35332489013672, 6.067843914031982, 0.0]","[139.22727966308594, 4.5, 0.0]",10.153915240427292,7.795860767364502,2.7616997481662686,27.888758235458,-2.305657659190773,1.0,0.0,1.0,0.0
23.531033,"[111.55526733398438, 6.071412086486816, 0.0]","[139.38388061523438, 4.5, 0.0]",10.209149234337554,7.785293102264404,2.761699695513098,27.841904138424677,-2.35805447306279,1.0,0.0,1.0,0.0
23.550492,"[111.75831604003906, 6.074999809265137, 0.0]","[139.53846740722656, 4.5, 0.0]",10.264383227984553,7.788107872009277,2.7616996823499385,27.796506682893316,-2.4238561320731495,1.0,0.0,1.0,0.0
23.571293,"[111.96246337890625, 6.078607082366943, 0.0]","[139.69708251953125, 4.5, 0.0]",10.319617221368283,7.777489185333252,2.7616996691865126,27.747988946638547,-2.4762753559752753,1.0,0.0,1.0,0.0
23.591412,"[112.16771697998047, 6.082233905792236, 0.0]","[139.85308837890625, 4.5, 0.0]",10.374851214752015,7.780268669128418,2.7616996691866014,27.70240009520156,-2.542128036035031,1.0,0.0,1.0,0.0
23.611902,"[112.37407684326172, 6.085880279541016, 0.0]","[140.00894165039062, 4.5, 0.0]",10.430085208135747,7.769718647003176,2.7616996691866014,27.653095963151873,-2.594582545623597,1.0,0.0,1.0,0.0
23.63211,"[112.58154296875, 6.089546203613281, 0.0]","[140.1620330810547, 4.5, 0.0]",10.485319201519479,7.772561073303223,2.7616996691866014,27.60253283208376,-2.6603665611325713,1.0,0.0,1.0,0.0
23.650599,"[112.79011535644531, 6.093231678009033, 0.0]","[140.32012939453125, 4.5, 0.0]",10.54055319490321,7.761945724487305,2.7616996691865126,27.54810185632876,-2.7127581282162563,1.0,0.0,1.0,0.0
23.670491,"[112.99978637695312, 6.0969367027282715, 0.0]","[140.4736785888672, 4.5, 0.0]",10.595787188286941,7.764777183532715,2.7616996691866014,27.497568547262585,-2.7786074704159045,1.0,0.0,1.0,0.0
23.695376,"[113.21056365966797, 6.100661277770996, 0.0]","[140.628173828125, 4.5, 0.0]",10.651021181670673,7.757584571838379,2.7616996691866014,27.44139002204534,-2.8310100047542264,1.0,0.0,1.0,0.0
23.710262,"[113.42244720458984, 6.104405403137207, 0.0]","[140.78433227539062, 4.5, 0.0]",10.706255175054405,7.753684043884277,2.7616996691866014,27.385050959143758,-2.8934366098322943,1.0,0.0,1.0,0.0
23.730267,"[113.63543701171875, 6.108169078826904, 0.0]","[140.93838500976562, 4.5, 0.0]",10.761489168438136,7.749826431274414,2.7616996691865126,27.32926840970648,-2.952571131170128,1.0,0.0,1.0,0.0
23.749709,"[113.84952545166016, 6.111952304840088, 0.0]","[141.09262084960938, 4.5, 0.0]",10.816723158136147,7.74596405029297,2.7616994849005927,27.270274041101285,-3.0116627371637215,1.0,0.0,1.0,0.0
23.768995,"[114.0647201538086, 6.115755081176758, 0.0]","[141.24754333496094, 4.5, 0.0]",10.871957149413754,7.742084980010986,2.7616995638803488,27.21036394264457,-3.0707591078431777,1.0,0.0,1.0,0.0
23.790306,"[114.28102111816406, 6.119576930999756, 0.0]","[141.40576171875, 4.5, 0.0]",10.927191140691363,7.738122940063477,2.7616995638804376,27.150034226644095,-3.129872169402768,1.0,0.0,1.0,0.0
23.80945,"[114.49842834472656, 6.12341833114624, 0.0]","[141.55715942382812, 4.5, 0.0]",10.982425132495504,7.7343316078186035,2.761699590207023,27.09189318943169,-3.1890682006278865,1.0,0.0,1.0,0.0
23.831219,"[114.7169418334961, 6.127279281616211, 0.0]","[141.71542358398438, 4.5, 0.0]",11.037659124826174,7.730358600616455,2.7616996165335195,27.0258261031432,-3.2480935246769,1.0,0.0,1.0,0.0
23.854944,"[114.93655395507812, 6.131159782409668, 0.0]","[141.87240600585938, 4.5, 0.0]",11.092893117156846,7.7264180183410645,2.7616996165336083,26.965517965264667,-3.307300524209719,1.0,0.0,1.0,0.0
23.872103,"[115.15727233886719, 6.135059833526611, 0.0]","[142.02430725097656, 4.5, 0.0]",11.148127109487517,7.722604751586914,2.7616996165335195,26.902829482419502,-3.3664750988157817,1.0,0.0,1.0,0.0
23.890473,"[115.37909698486328, 6.138979434967041, 0.0]","[142.1756591796875, 4.5, 0.0]",11.203361102871249,7.718805313110353,2.7616996691866014,26.83395418094797,-3.4255223579006024,1.0,0.0,1.0,0.0
23.909643,"[115.6020278930664, 6.142918586730957, 0.0]","[142.33018493652344, 4.5, 0.0]",11.25859509625498,7.714925765991211,2.7616996691866014,26.76342321386386,-3.484555789760895,1.0,0.0,1.0,0.0
23.930405,"[115.82605743408203, 6.146877288818359, 0.0]","[142.4882049560547, 4.5, 0.0]",11.31382908963871,7.710948944091799,2.7616996691865126,26.69495914458589,-3.5436693302637696,1.0,0.0,1.0,0.0
23.952566,"[116.05119323730469, 6.150855541229248, 0.0]","[142.64126586914062, 4.5, 0.0]",11.369063082495913,7.707097053527832,2.761699642860105,26.628889985874327,-3.602880145546912,1.0,0.0,1.0,0.0
23.970072,"[116.27743530273438, 6.154853343963623, 0.0]","[142.79249572753906, 4.5, 0.0]",11.424296399369762,7.703291416168213,2.7616658436924624,26.55675605979603,-3.661966028968081,1.0,0.0,1.0,0.0
23.990144,"[116.5047836303711, 6.158870697021484, 0.0]","[142.94700622558594, 4.5, 0.0]",11.479530214860967,7.699402809143066,2.7616907745602326,26.481684929879034,-3.7210049832015493,1.0,0.0,1.0,0.0
24.009376,"[116.73323059082031, 6.162915229797363, 0.0]","[143.10081481933594, 4.5, 0.0]",11.53476245248771,7.695531368255616,2.761611881337167,26.408787492620355,-3.7801274057179004,1.0,0.0,1.0,0.0
24.029939,"[116.96278381347656, 6.166996479034424, 0.0]","[143.25550842285156, 4.5, 0.0]",11.58999593355997,7.691628932952881,2.761674053613028,26.334080532615477,-3.839231084232094,1.0,0.0,1.0,0.0
24.050858,"[117.19344329833984, 6.171116352081299, 0.0]","[143.41192626953125, 4.5, 0.0]",11.64522932591904,7.687682151794434,2.761669617953455,26.259131246307135,-3.89836700060709,1.0,0.0,1.0,0.0
24.075621,"[117.42520904541016, 6.17527437210083, 0.0]","[143.57003784179688, 4.5, 0.0]",11.700463471194642,7.683692932128906,2.761707263780089,26.18477548328561,-3.957547174124606,1.0,0.0,1.0,0.0
24.090896,"[117.65807342529297, 6.179468631744385, 0.0]","[143.7183380126953, 4.5, 0.0]",11.7556988930822,7.679951667785645,2.7617710943779628,26.110983475622557,-4.016770539065735,1.0,0.0,1.0,0.0
24.110652,"[117.89204406738281, 6.183692932128906, 0.0]","[143.8730010986328, 4.5, 0.0]",11.810933000141365,7.679381847381592,2.761705352958188,26.02626401928672,-4.075747225296555,1.0,0.0,1.0,0.0
24.131228,"[118.12712097167969, 6.18794059753418, 0.0]","[144.02706909179688, 4.5, 0.0]",11.866168265520145,7.668818950653076,2.7617632689389993,25.946791839199957,-4.131551152759773,1.0,0.0,1.0,0.0
24.150514,"[118.3633041381836, 6.192201614379883, 0.0]","[144.17990112304688, 4.5, 0.0]",11.921403470151757,7.671619415283203,2.7617602315806344,25.865619837508103,-4.197349314867068,1.0,0.0,1.0,0.0
24.169872,"[118.6005859375, 6.196476936340332, 0.0]","[144.33026123046875, 4.5, 0.0]",11.976638161300075,7.661149978637695,2.7617345574158847,25.782123794543644,-4.249784054868554,1.0,0.0,1.0,0.0
24.190538,"[118.83897399902344, 6.200771331787109, 0.0]","[144.48648071289062, 4.5, 0.0]",12.031871328770581,7.663865089416504,2.761658373525311,25.69507766969386,-4.31548818266238,1.0,0.0,1.0,0.0
24.210372,"[119.0784683227539, 6.205085754394531, 0.0]","[144.63955688476562, 4.5, 0.0]",12.087106378717818,7.653326034545898,2.761752497361858,25.61279776119449,-4.368006239354077,1.0,0.0,1.0,0.0
24.231468,"[119.3190689086914, 6.209421157836914, 0.0]","[144.7936248779297, 4.5, 0.0]",12.142341263371804,7.656085968017578,2.7617442326993036,25.526281154250274,-4.43378034417192,1.0,0.0,1.0,0.0
24.250741,"[119.5607681274414, 6.2137770652771, 0.0]","[144.9463348388672, 4.5, 0.0]",12.197575972994665,7.645546913146973,2.761735481143024,25.439658311240667,-4.486255295354226,1.0,0.0,1.0,0.0
24.270597,"[119.80357360839844, 6.218153476715088, 0.0]","[145.09690856933594, 4.5, 0.0]",12.25280863380169,7.64839506149292,2.7616330403512634,25.3505842533323,-4.552029059847692,1.0,0.0,1.0,0.0
24.290351,"[120.0474853515625, 6.222550392150879, 0.0]","[145.2497100830078, 4.5, 0.0]",12.3080432097178,7.637854099273683,2.761728795805496,25.258273593324827,-4.60441357230877,1.0,0.0,1.0,0.0
24.310162,"[120.2925033569336, 6.2269673347473145, 0.0]","[145.40187072753906, 4.5, 0.0]",12.363277844741182,7.640661239624023,2.761731751169094,25.167087341582867,-4.670189110444117,1.0,0.0,1.0,0.0
24.33238,"[120.53862762451172, 6.2314043045043945, 0.0]","[145.55828857421875, 4.5, 0.0]",12.418511599469275,7.630018711090088,2.761687736404639,25.074157043471903,-4.7226166051171585,1.0,0.0,1.0,0.0
24.351097,"[120.78585052490234, 6.235861778259277, 0.0]","[145.7106170654297, 4.5, 0.0]",12.473739963241917,7.6328125,2.761418188632092,24.984379405676627,-4.788492888379187,1.0,0.0,1.0,0.0
24.370652,"[121.0341796875, 6.24030876159668, 0.0]","[145.8626708984375, 4.5, 0.0]",12.52896422314129,7.622281074523926,2.761212994968698,24.88941540195376,-4.840927463241917,1.0,0.0,1.0,0.0
24.390721,"[121.28361511230469, 6.24470853805542, 0.0]","[146.01248168945312, 4.5, 0.0]",12.584183891184944,7.625138282775879,2.7609834021826707,24.793107291002624,-4.906683148617365,1.0,0.0,1.0,0.0
24.409581,"[121.5341567993164, 6.249038219451904, 0.0]","[146.1677703857422, 4.5, 0.0]",12.639397111097033,7.614523887634277,2.760660995604436,24.693533836342127,-4.959045608409065,1.0,0.0,1.0,0.0
24.431194,"[121.78580474853516, 6.253278732299805, 0.0]","[146.32089233398438, 4.5, 0.0]",12.694604254233036,7.617287635803223,2.760357156800186,24.598445898028825,-5.024873223462755,1.0,0.0,1.0,0.0
24.45203,"[122.03855895996094, 6.257410526275635, 0.0]","[146.46990966796875, 4.5, 0.0]",12.749802663724301,7.606823444366455,2.7599204745632377,24.50022076216695,-5.077316618429814,1.0,0.0,1.0,0.0
24.471234,"[122.29241943359375, 6.261414527893066, 0.0]","[146.62193298339844, 4.5, 0.0]",12.80499519359675,7.609614849090576,2.7596264936224024,24.396937425950824,-5.142979219357846,1.0,0.0,1.0,0.0
24.491368,"[122.5473861694336, 6.265268325805664, 0.0]","[146.774658203125, 4.5, 0.0]",12.860185793982785,7.599056243896484,2.7595300193017813,24.29571509710194,-5.195380344506173,1.0,0.0,1.0,0.0
24.509744,"[122.80345916748047, 6.268956661224365, 0.0]","[146.92628479003906, 4.5, 0.0]",12.915371588762222,7.6018571853637695,2.7592897389718374,24.19426017989724,-5.2611295500863005,1.0,0.0,1.0,0.0
24.530294,"[123.06063842773438, 6.272464275360107, 0.0]","[147.07879638671875, 4.5, 0.0]",12.970555892776195,7.591294288635254,2.7592152006986836,24.090771947440896,-5.313514403398452,1.0,0.0,1.0,0.0
24.550115,"[123.31892395019531, 6.27577543258667, 0.0]","[147.23284912109375, 4.5, 0.0]",13.025737185146893,7.594024181365967,2.759064618534879,23.98722476562311,-5.379261604140941,1.0,0.0,1.0,0.0
24.570322,"[123.57831573486328, 6.278874397277832, 0.0]","[147.3844451904297, 4.5, 0.0]",13.08091631401097,7.583484172821045,2.758956443203875,23.88426849103076,-5.431713003780926,1.0,0.0,1.0,0.0
24.591835,"[123.83881378173828, 6.281746864318848, 0.0]","[147.5364532470703, 4.5, 0.0]",13.13609160234186,7.58626651763916,2.7587644165445013,23.777897769032784,-5.497432141189925,1.0,0.0,1.0,0.0
24.610202,"[124.10041809082031, 6.284378528594971, 0.0]","[147.68539428710938, 4.5, 0.0]",13.191265371296277,7.579127311706543,2.758688447720825,23.6709677897496,-5.5498250847027,1.0,0.0,1.0,0.0
24.630601,"[124.36312866210938, 6.286754608154297, 0.0]","[147.83750915527344, 4.5, 0.0]",13.246435621766125,7.571897029876709,2.7585125234923957,23.559989693108307,-5.612138059589734,1.0,0.0,1.0,0.0
24.650584,"[124.62694549560547, 6.2888617515563965, 0.0]","[147.9915313720703, 4.5, 0.0]",13.301604599227932,7.574617385864258,2.75844887309038,23.45119072325972,-5.674538591889416,1.0,0.0,1.0,0.0
24.670635,"[124.8918685913086, 6.29068660736084, 0.0]","[148.1432647705078, 4.5, 0.0]",13.356773910913043,7.5640645027160645,2.758465584255543,23.343295353621684,-5.726987213363675,1.0,0.0,1.0,0.0
24.690329,"[125.15789794921875, 6.292215347290039, 0.0]","[148.291748046875, 4.5, 0.0]",13.411942530702817,7.566926956176758,2.7584309894886694,23.232097844162983,-5.792709408196979,1.0,0.0,1.0,0.0
24.709829,"[125.42503356933594, 6.293437480926514, 0.0]","[148.4425506591797, 4.5, 0.0]",13.467110278723483,7.556396961212158,2.7583874010333354,23.116626198226935,-5.845015574526059,1.0,0.0,1.0,0.0
24.730592,"[125.69326782226562, 6.294342517852783, 0.0]","[148.597412109375, 4.5, 0.0]",13.522277642468294,7.559085845947266,2.7583681872405563,23.0024405538361,-5.910713317511325,1.0,0.0,1.0,0.0
24.751031,"[125.96260833740234, 6.294921398162842, 0.0]","[148.74765014648438, 4.5, 0.0]",13.577444969937321,7.548561096191406,2.7583663734513486,22.89127540552982,-5.963191796521029,1.0,0.0,1.0,0.0
24.769244,"[126.2330551147461, 6.295166015625, 0.0]","[148.89862060546875, 4.5, 0.0]",13.632613487126958,7.551349639892578,2.75842585948185,22.774430488172968,-6.028883873745915,1.0,0.0,1.0,0.0
24.791461,"[126.50460052490234, 6.295067310333252, 0.0]","[149.0515594482422, 4.5, 0.0]",13.687782208074227,7.540755748748779,2.7584360473634106,22.657249805998447,-6.08126384723438,1.0,0.0,1.0,0.0
24.811467,"[126.77725219726562, 6.294619083404541, 0.0]","[149.19825744628906, 4.5, 0.0]",13.742951852889176,7.54365348815918,2.758482240747462,22.54096833914105,-6.147026459325447,1.0,0.0,1.0,0.0
24.830977,"[127.05101013183594, 6.2938151359558105, 0.0]","[149.34951782226562, 4.5, 0.0]",13.798123270560312,7.533092498779297,2.7585708835568212,22.417357636523008,-6.199298364729996,1.0,0.0,1.0,0.0
24.852973,"[127.32586669921875, 6.292649745941162, 0.0]","[149.50010681152344, 4.5, 0.0]",13.853295378240754,7.535881042480469,2.7586053840220615,22.297210389931294,-6.265030771781015,1.0,0.0,1.0,0.0
24.871545,"[127.60182189941406, 6.2911176681518555, 0.0]","[149.65057373046875, 4.5, 0.0]",13.908466060742668,7.525340557098389,2.7585341250957462,22.17529206198018,-6.317414335760285,1.0,0.0,1.0,0.0
24.890471,"[127.8788833618164, 6.28921365737915, 0.0]","[149.8011016845703, 4.5, 0.0]",13.96363813212256,7.528130531311035,2.7586035689945554,22.052141994601726,-6.38312550364428,1.0,0.0,1.0,0.0
24.911245,"[128.15704345703125, 6.286931991577148, 0.0]","[149.9543914794922, 4.5, 0.0]",14.018812469216275,7.517516613006593,2.758716854685783,21.92793072818567,-6.435507600811524,1.0,0.0,1.0,0.0
24.931087,"[128.43630981445312, 6.284266471862793, 0.0]","[150.1054229736328, 4.5, 0.0]",14.07398529683323,7.5202836990356445,2.7586413808477595,21.805356710240375,-6.5012958562096825,1.0,0.0,1.0,0.0
24.950981,"[128.7166748046875, 6.281215667724609, 0.0]","[150.25485229492188, 4.5, 0.0]",14.129158840730511,7.509759902954102,2.7586771948640454,21.67938916426079,-6.553701597797586,1.0,0.0,1.0,0.0
24.96928,"[128.99813842773438, 6.277772426605225, 0.0]","[150.4049072265625, 4.5, 0.0]",14.18433066873416,7.512552738189697,2.758591400182464,21.550685038445568,-6.61939893777641,1.0,0.0,1.0,0.0
24.989924,"[129.28070068359375, 6.2739338874816895, 0.0]","[150.55606079101562, 4.5, 0.0]",14.239505886969695,7.501984119415283,2.7587609117767364,21.421468548054612,-6.671777930544463,1.0,0.0,1.0,0.0
25.009658,"[129.56436157226562, 6.269697189331055, 0.0]","[150.7054443359375, 4.5, 0.0]",14.294684552776252,7.504793167114258,2.758933290327814,21.292208683039245,-6.737521767554412,1.0,0.0,1.0,0.0
25.031214,"[129.84912109375, 6.265059471130371, 0.0]","[150.85618591308594, 4.5, 0.0]",14.349870346294722,7.49755859375,2.7592896759235153,21.16003294010244,-6.789891385661994,1.0,0.0,1.0,0.0
25.050929,"[130.1349639892578, 6.260021686553955, 0.0]","[151.00563049316406, 4.5, 0.0]",14.405064551963749,7.493690490722656,2.7597102834513443,21.028065024333927,-6.852311752544722,1.0,0.0,1.0,0.0
25.0703,"[130.42190551757812, 6.254591464996338, 0.0]","[151.15585327148438, 4.5, 0.0]",14.46027193362509,7.489802360534668,2.7603690830670935,20.89365974756557,-6.9113740612410925,1.0,0.0,1.0,0.0
25.091724,"[130.70994567871094, 6.248782157897949, 0.0]","[151.30287170410156, 4.5, 0.0]",14.515494159804732,7.48599672317505,2.761111308982045,20.758866459480167,-6.970469573090423,1.0,0.0,1.0,0.0
25.110931,"[130.99908447265625, 6.242618560791016, 0.0]","[151.45509338378906, 4.5, 0.0]",14.570728532286305,7.482056617736816,2.7617186240786573,20.619689860209235,-7.029497436629682,1.0,0.0,1.0,0.0
25.131565,"[131.28932189941406, 6.2361321449279785, 0.0]","[151.60557556152344, 4.5, 0.0]",14.625977328758081,7.478151321411133,2.7624398235888137,20.48451784396615,-7.088671914549488,1.0,0.0,1.0,0.0
25.149618,"[131.58065795898438, 6.229360103607178, 0.0]","[151.7544403076172, 4.5, 0.0]",14.681234199310236,7.474288463592529,2.762843527607739,20.34638626881157,-7.147826007346948,1.0,0.0,1.0,0.0
25.170214,"[131.8730926513672, 6.222349643707275, 0.0]","[151.9039764404297, 4.5, 0.0]",14.736485740469805,7.470407962799072,2.7625770579784437,20.20539404653651,-7.2069457357177065,1.0,0.0,1.0,0.0
25.193096,"[132.1666259765625, 6.215165138244629, 0.0]","[152.05352783203125, 4.5, 0.0]",14.79172132808464,7.466527462005615,2.7617793807417357,20.063807646757326,-7.266077777670732,1.0,0.0,1.0,0.0
25.211518,"[132.46127319335938, 6.207881450653076, 0.0]","[152.20260620117188, 4.5, 0.0]",14.846955808650575,7.462657928466797,2.761724028296797,19.920940174244357,-7.325193866079024,1.0,0.0,1.0,0.0
25.231944,"[132.75701904296875, 6.200572967529297, 0.0]","[152.35255432128906, 4.5, 0.0]",14.902191243149515,7.45875644683838,2.761771724946982,19.77625756110193,-7.384297880183778,1.0,0.0,1.0,0.0
25.25014,"[133.05386352539062, 6.193197250366211, 0.0]","[152.50111389160156, 4.5, 0.0]",14.95742687911876,7.454891681671143,2.7617817984622484,19.63109276543391,-7.443434796311135,1.0,0.0,1.0,0.0
25.270312,"[133.351806640625, 6.185732364654541, 0.0]","[152.65074157714844, 4.5, 0.0]",15.012661633819182,7.450998306274414,2.761737735021086,19.48324018138827,-7.502535197447617,1.0,0.0,1.0,0.0
25.291125,"[133.65086364746094, 6.178177356719971, 0.0]","[152.79977416992188, 4.5, 0.0]",15.067891853051536,7.4471211433410645,2.7615109616177413,19.335207426993883,-7.5616633275447676,1.0,0.0,1.0,0.0
25.311545,"[133.95101928710938, 6.170538902282715, 0.0]","[152.94552612304688, 4.5, 0.0]",15.123117538223102,7.443328380584717,2.7612842585782893,19.185352420637987,-7.620770709710472,1.0,0.0,1.0,0.0
25.336174,"[134.2522735595703, 6.162831783294678, 0.0]","[153.10169982910156, 4.5, 0.0]",15.178332245775742,7.439254283905029,2.7607353776319954,19.031036498407076,-7.679789157638385,1.0,0.0,1.0,0.0
25.350755,"[134.5546417236328, 6.155149459838867, 0.0]","[153.2460174560547, 4.5, 0.0]",15.23354045272154,7.435490131378174,2.7604103472898878,18.88597492021437,-7.739077961870713,1.0,0.0,1.0,0.0
25.371242,"[134.8581085205078, 6.147542953491211, 0.0]","[153.39492797851562, 4.5, 0.0]",15.288743971481551,7.431605815887452,2.7601759380005753,18.72784900674162,-7.798050321343366,1.0,0.0,1.0,0.0
25.390309,"[135.16268920898438, 6.140041828155518, 0.0]","[153.54345703125, 4.5, 0.0]",15.343945818656735,7.427731513977051,2.760092358759181,18.57309844471577,-7.857138155594099,1.0,0.0,1.0,0.0
25.411979,"[135.46836853027344, 6.132663249969482, 0.0]","[153.69195556640625, 4.5, 0.0]",15.399146243782324,7.423856735229492,2.7600212562794546,18.416731427000048,-7.916214304679684,1.0,0.0,1.0,0.0
25.433626,"[135.77516174316406, 6.125421524047852, 0.0]","[153.84327697753906, 4.5, 0.0]",15.454345589001687,7.4198994636535645,2.7599672609681214,18.259119185179376,-7.975289508552832,1.0,0.0,1.0,0.0
25.451535,"[136.08306884765625, 6.118331432342529, 0.0]","[153.9854736328125, 4.5, 0.0]",15.50954187992012,7.41951322555542,2.759814545921646,18.103107919828293,-8.034446125348122,1.0,0.0,1.0,0.0
25.470762,"[136.39207458496094, 6.111409664154053, 0.0]","[154.134765625, 4.5, 0.0]",15.56473849382238,7.408942699432373,2.7598306951130525,17.93676248886774,-8.0900286543647,1.0,0.0,1.0,0.0
25.492328,"[136.7021942138672, 6.104670524597168, 0.0]","[154.28228759765625, 4.5, 0.0]",15.619934271824059,7.411750793457031,2.759788900083926,17.776321873070252,-8.155795794390007,1.0,0.0,1.0,0.0
25.510455,"[137.013427734375, 6.09812593460083, 0.0]","[154.4309844970703, 4.5, 0.0]",15.675134801581578,7.401195526123048,2.760026487875944,17.61291671817666,-8.208183478367028,1.0,0.0,1.0,0.0
25.533413,"[137.3257598876953, 6.091785907745361, 0.0]","[154.5842742919922, 4.5, 0.0]",15.73033595047162,7.403841972351074,2.7600574445020953,17.449500969552737,-8.273939275458531,1.0,0.0,1.0,0.0
25.551024,"[137.6392059326172, 6.085659027099609, 0.0]","[154.7297821044922, 4.5, 0.0]",15.785538036415293,7.393360137939453,2.760104297183652,17.28951612965491,-8.326493978120546,1.0,0.0,1.0,0.0
25.570486,"[137.95375061035156, 6.0797529220581055, 0.0]","[154.874755859375, 4.5, 0.0]",15.840740424762812,7.3962249755859375,2.7601194173759502,17.120585270276088,-8.39217789847584,1.0,0.0,1.0,0.0
25.591116,"[138.2694091796875, 6.074073791503906, 0.0]","[155.02569580078125, 4.5, 0.0]",15.895946465568986,7.385600566864014,2.7603020403087264,16.949977420848764,-8.444515449176874,1.0,0.0,1.0,0.0
25.611473,"[138.586181640625, 6.068627834320068, 0.0]","[155.1708526611328, 4.5, 0.0]",15.95115136341564,7.388460159301758,2.760244892332686,16.784184897875555,-8.510345898704973,1.0,0.0,1.0,0.0
25.632634,"[138.904052734375, 6.063421726226807, 0.0]","[155.3214569091797, 4.5, 0.0]",16.006356831709983,7.377834320068359,2.7602734147171404,16.611467767724058,-8.562691204113882,1.0,0.0,1.0,0.0
25.650902,"[139.22303771972656, 6.058462142944336, 0.0]","[155.46917724609375, 4.5, 0.0]",16.06156528576641,7.380617141723633,2.76042270282133,16.443074127811308,-8.628522511641624,1.0,0.0,1.0,0.0
25.673657,"[139.5431365966797, 6.053750991821289, 0.0]","[155.6168212890625, 4.5, 0.0]",16.11677593007233,7.3700690269470215,2.7605322152959744,16.27066273645767,-8.680948144042777,1.0,0.0,1.0,0.0
25.690433,"[139.8643341064453, 6.049290180206299, 0.0]","[155.7613525390625, 4.5, 0.0]",16.123828335849225,7.3729352951049805,0.3526202888448182,16.097045959264115,-8.746706903125308,1.0,0.0,1.0,0.0
25.712105,"[140.1866455078125, 6.04507303237915, 0.0]","[155.91152954101562, 4.5, 0.0]",16.13345687959565,7.3623199462890625,0.4814271873211595,15.919207531808931,-8.750893040744245,1.0,0.0,1.0,0.0
25.732362,"[140.50906372070312, 6.0392069816589355, 0.0]","[156.05770874023438, 4.5, 0.0]",16.188093487979216,7.365132808685303,2.7318304191783938,15.745899251619422,-8.771136933306586,1.0,0.0,1.0,0.0
25.749605,"[140.83164978027344, 6.031790256500244, 0.0]","[156.2030029296875, 4.5, 0.0]",16.24314363687597,7.354636669158936,2.752507444837704,15.569795799522161,-8.822960679293914,1.0,0.0,1.0,0.0
25.773429,"[141.1553497314453, 6.025548934936523, 0.0]","[156.35142517089844, 4.5, 0.0]",16.298310419644793,7.357390403747559,2.7583391384411016,15.393967195053184,-8.888506967717035,1.0,0.0,1.0,0.0
25.789622,"[141.48016357421875, 6.01981782913208, 0.0]","[156.49708557128906, 4.5, 0.0]",16.35351401474808,7.346884727478027,2.760179755164316,15.219584425111893,-8.940920015897234,1.0,0.0,1.0,0.0
25.809488,"[141.8060760498047, 6.014281272888184, 0.0]","[156.64439392089844, 4.5, 0.0]",16.408733372125315,7.349667072296143,2.760967868861819,15.040901644663398,-9.006629287270052,1.0,0.0,1.0,0.0
25.830836,"[142.1331024169922, 6.0088043212890625, 0.0]","[156.79193115234375, 4.5, 0.0]",16.463963024949255,7.339101314544678,2.7614826411969773,14.862466053079032,-9.059066299829173,1.0,0.0,1.0,0.0
25.851613,"[142.4612274169922, 6.0033369064331055, 0.0]","[156.93800354003906, 4.5, 0.0]",16.51919939737736,7.341907024383545,2.7618186214052542,14.682941901964034,-9.124861710404577,1.0,0.0,1.0,0.0
25.870502,"[142.79046630859375, 5.997859477996826, 0.0]","[157.08541870117188, 4.5, 0.0]",16.57443491001548,7.331345081329346,2.761775631906005,14.500726466871185,-9.177292372993815,1.0,0.0,1.0,0.0
25.890435,"[143.1208038330078, 5.992373466491699, 0.0]","[157.23512268066406, 4.5, 0.0]",16.62967427300218,7.334054470062256,2.7619681493350257,14.318671697790187,-9.243089828686134,1.0,0.0,1.0,0.0
25.910802,"[143.45223999023438, 5.986886978149414, 0.0]","[157.37860107421875, 4.5, 0.0]",16.684911579005554,7.323568344116212,2.7618653001686866,14.137779016475669,-9.295619802939925,1.0,0.0,1.0,0.0
25.930997,"[143.7847900390625, 5.9814019203186035, 0.0]","[157.52572631835938, 4.5, 0.0]",16.740149307136704,7.325892448425293,2.761886406557501,13.949559899076492,-9.361343234889343,1.0,0.0,1.0,0.0
25.950591,"[144.11843872070312, 5.975912094116211, 0.0]","[157.6744842529297, 4.5, 0.0]",16.79538556531154,7.314835071563721,2.7618129087418453,13.763886606301067,-9.414256858711411,1.0,0.0,1.0,0.0
25.970072,"[144.4532012939453, 5.970402717590332, 0.0]","[157.82041931152344, 4.5, 0.0]",16.850622994086166,7.31719446182251,2.7618714387312338,13.578772578641585,-9.48055049374782,1.0,0.0,1.0,0.0
25.991109,"[144.7890625, 5.964880466461182, 0.0]","[157.9670867919922, 4.5, 0.0]",16.9058605015102,7.309532165527344,2.7618753712017607,13.389759138418738,-9.533428532263656,1.0,0.0,1.0,0.0
26.011868,"[145.1260223388672, 5.959348201751709, 0.0]","[158.1133575439453, 4.5, 0.0]",16.96109508181671,7.3050951957702654,2.761729015325365,13.200409388862312,-9.596328335982857,1.0,0.0,1.0,0.0
26.031415,"[145.46409606933594, 5.953805923461914, 0.0]","[158.25985717773438, 4.5, 0.0]",17.016330670984445,7.299277305603027,2.761779458386826,13.009587316920898,-9.655999886046443,1.0,0.0,1.0,0.0
26.051602,"[145.8032684326172, 5.9482526779174805, 0.0]","[158.4051513671875, 4.5, 0.0]",17.071566971675885,7.293507099151611,2.761815034572024,12.817897469378421,-9.717053365381418,1.0,0.0,1.0,0.0
26.069719,"[146.1435546875, 5.942687511444092, 0.0]","[158.54852294921875, 4.5, 0.0]",17.126803882210616,7.287813663482666,2.7618455267365505,12.623916744055187,-9.778059872524274,1.0,0.0,1.0,0.0
26.092156,"[146.4849395751953, 5.937108993530273, 0.0]","[158.69741821289062, 4.5, 0.0]",17.182041416743356,7.281900405883789,2.7618767266369915,12.426909436570114,-9.83899021872795,1.0,0.0,1.0,0.0
26.109759,"[146.82742309570312, 5.931516647338867, 0.0]","[158.8400115966797, 4.5, 0.0]",17.237279527446606,7.276139259338379,2.761905535162512,12.234333388591702,-9.900141010859567,1.0,0.0,1.0,0.0
26.130747,"[147.1710205078125, 5.925909996032715, 0.0]","[158.9859161376953, 4.5, 0.0]",17.29251433417389,7.268752098083497,2.7617403363642268,12.034363094864037,-9.961140268108228,1.0,0.0,1.0,0.0
26.150367,"[147.51571655273438, 5.9202880859375, 0.0]","[159.1300048828125, 4.5, 0.0]",17.347749558251923,7.261456489562988,2.7617612039016137,11.836593701495968,-10.023762236090395,1.0,0.0,1.0,0.0
26.169418,"[147.8615264892578, 5.914649963378906, 0.0]","[159.27587890625, 4.5, 0.0]",17.402985143965314,7.2540693283081055,2.761779285669519,11.63591284676969,-10.086293068688935,1.0,0.0,1.0,0.0
26.190563,"[148.20843505859375, 5.908995628356934, 0.0]","[159.42364501953125, 4.5, 0.0]",17.458221026030955,7.246587753295898,2.761794103282078,11.435905510494553,-10.148915815657208,1.0,0.0,1.0,0.0
26.209315,"[148.5564422607422, 5.903324604034424, 0.0]","[159.56605529785156, 4.5, 0.0]",17.51345712324888,7.2392897605896,2.7618048608962553,11.236692753811008,-10.211633272735057,1.0,0.0,1.0,0.0
26.23116,"[148.9055633544922, 5.8976359367370605, 0.0]","[159.7138671875, 4.5, 0.0]",17.568693299146865,7.230347633361816,2.7618087948992454,11.031027599184666,-10.27416736265928,1.0,0.0,1.0,0.0
26.249686,"[149.2557830810547, 5.891930103302002, 0.0]","[159.8552703857422, 4.5, 0.0]",17.62392951972795,7.221794128417969,2.7618110290543285,10.829649806596679,-10.338345665785049,1.0,0.0,1.0,0.0
26.270252,"[149.60711669921875, 5.88620662689209, 0.0]","[159.99981689453125, 4.5, 0.0]",17.679165869928156,7.213049411773682,2.7618175100101894,10.62076606664995,-10.402135391309983,1.0,0.0,1.0,0.0
26.290147,"[149.9595489501953, 5.880465507507324, 0.0]","[160.1440887451172, 4.5, 0.0]",17.734402368178973,7.20432186126709,2.7618249125408667,10.413912167962499,-10.466116458154474,1.0,0.0,1.0,0.0
26.312168,"[150.31307983398438, 5.874706745147705, 0.0]","[160.28799438476562, 4.5, 0.0]",17.783572818465398,7.195551872253418,2.4585225143212597,10.205684876864836,-10.530080506911883,0.8902,0.0,0.8902,0.0
26.330981,"[150.667724609375, 5.868929862976074, 0.0]","[160.4321746826172, 4.5, 0.0]",17.82451015389552,7.185741901397706,2.0468667715061173,9.995992652769328,-10.58802094621198,0.74118,0.0,0.74118,0.0
26.351136,"[151.02334594726562, 5.8631367683410645, 0.0]","[160.57835388183594, 4.5, 0.0]",17.857214317197087,7.1757965087890625,1.635208165078339,9.785461176245219,-10.638768252497815,0.59216,0.0,0.59216,0.0
26.37092,"[151.37979125976562, 5.857330322265625, 0.0]","[160.72006225585938, 4.5, 0.0]",17.880174487697566,7.1661553382873535,1.148008525023947,9.575952124054194,-10.681417808408025,0.41569,0.0,0.41569,0.0
26.390699,"[151.7368927001953, 5.851512908935547, 0.0]","[160.8624267578125, 4.5, 0.0]",17.891002302105772,7.156469345092773,0.5413907204102841,9.361148277431388,-10.714019149410213,0.19608,0.0,0.19608,0.0
26.411182,"[152.09445190429688, 5.845687389373779, 0.0]","[161.0061492919922, 4.5, 0.0]",17.899014492466616,7.149980545043945,0.40060951804221645,9.146345216019554,-10.734532957012998,0.1451,0.0,0.1451,0.0
26.431004,"[152.4522247314453, 5.839858055114746, 0.0]","[161.14874267578125, 4.5, 0.0]",17.903997386397936,7.132934093475343,0.24914469656600602,8.932442011093936,-10.74903394742267,0.0902,0.0,0.0902,0.0
26.449562,"[152.81015014648438, 5.834025859832764, 0.0]","[161.29098510742188, 4.5, 0.0]",17.90681321051723,7.129247188568115,0.14079120596477424,8.717196148851585,-10.771063292922594,0.05098,0.0,0.05098,0.0
26.470719,"[153.16818237304688, 5.828191757202148, 0.0]","[161.43324279785156, 4.5, 0.0]",17.908331837304363,7.112226486206055,0.07593133935657193,8.501447244437799,-10.777566021949117,0.02745,0.0,0.02745,0.0
26.490748,"[153.52627563476562, 5.822356224060059, 0.0]","[161.57644653320312, 4.5, 0.0]",17.90876691680158,7.108468532562256,0.02175397486077202,8.28560581310036,-10.796105351098308,0.00784,0.0,0.00784,0.0
26.510345,"[153.8843994140625, 5.8165202140808105, 0.0]","[161.72067260742188, 4.5, 0.0]",17.6241070457035,7.091278553009033,-14.232993554903928,8.070650045530845,-10.800298384239323,0.0,0.875,0.0,0.875
26.531779,"[154.24252319335938, 5.810683727264404, 0.0]","[161.86297607421875, 4.5, 0.0]",17.38324566117499,7.087264060974121,-12.043069226425551,7.856685800265148,-10.532828492694467,0.0,0.875,0.0,0.875
26.551379,"[154.59495544433594, 5.804940223693848, 0.0]","[162.00363159179688, 4.5, 0.0]",17.168222726696342,7.0700421333313,-10.751146723932337,7.640798720554614,-10.295981600200868,0.0,0.875,0.0,0.875
26.570968,"[154.9425811767578, 5.799274921417236, 0.0]","[162.14524841308594, 4.5, 0.0]",16.96570220156294,7.066079139709473,-10.126026256670073,7.428956830119485,-10.098180593365043,0.0,0.875,0.0,0.875
26.590862,"[155.28590393066406, 5.793679714202881, 0.0]","[162.28634643554688, 4.5, 0.0]",16.76862787705618,7.04882287979126,-9.853716225338083,7.222883111845769,-9.899623061853468,0.0,0.875,0.0,0.875
26.612683,"[155.6251678466797, 5.788150310516357, 0.0]","[162.4251251220703, 4.5, 0.0]",16.573386754905314,7.045068264007568,-9.762056107543238,7.020594055363403,-9.71980499726492,0.0,0.875,0.0,0.875
26.631858,"[155.9604949951172, 5.782685279846191, 0.0]","[162.5689697265625, 4.5, 0.0]",16.378216205481817,7.027524948120117,-9.758527471174894,6.820045655660323,-9.528318490897746,0.0,0.875,0.0,0.875
26.651834,"[156.2919158935547, 5.777283668518066, 0.0]","[162.70877075195312, 4.5, 0.0]",16.18232267508233,7.023620128631592,-9.794676519974388,6.628499793870732,-9.3506912573617,0.0,0.875,0.0,0.875
26.670838,"[156.6194305419922, 5.771945953369141, 0.0]","[162.8495635986328, 4.5, 0.0]",15.985387597676967,7.006308555603027,-9.846753870268099,6.436817653462884,-9.158702546450737,0.0,0.875,0.0,0.875
26.690367,"[156.9430389404297, 5.766671657562256, 0.0]","[162.98980712890625, 4.5, 0.0]",15.78732130918742,7.0023698806762695,-9.903314424477383,6.250033350653799,-8.97907904207394,0.0,0.875,0.0,0.875
26.709895,"[157.26271057128906, 5.7614617347717285, 0.0]","[163.12806701660156, 4.5, 0.0]",15.588117142064853,6.9852519035339355,-9.96020835612832,6.066607036948549,-8.78495142851115,0.0,0.875,0.0,0.875
26.732592,"[157.5784149169922, 5.756316184997559, 0.0]","[163.26980590820312, 4.5, 0.0]",15.387797973682918,6.981244087219238,-10.015958419096727,5.885135102982778,-8.602865238530917,0.0,0.875,0.0,0.875
26.75057,"[157.89013671875, 5.751235485076904, 0.0]","[163.4085693359375, 4.5, 0.0]",15.186389571198122,6.964127063751222,-10.07042012423982,5.7111088961892245,-8.40655388646368,0.0,0.875,0.0,0.875
26.769993,"[158.19784545898438, 5.746220111846924, 0.0]","[163.54750061035156, 4.5, 0.0]",14.983908149049244,6.960330486297607,-10.12407110744391,5.538090692568551,-8.2222625074469,0.0,0.875,0.0,0.875
26.79093,"[158.50152587890625, 5.741270542144775, 0.0]","[163.68714904785156, 4.5, 0.0]",14.7853373039245,6.9431471824646,-9.928542256237183,5.369254369475452,-8.023577662751636,0.0,0.8433142304420471,0.0,0.8433142304420471
26.810188,"[158.80116271972656, 5.736386775970459, 0.0]","[163.82606506347656, 4.5, 0.0]",14.582592633653169,6.939357757568359,-10.137233513566546,5.205163662123001,-7.8421901214599,0.0,0.8543449640274048,0.0,0.8543449640274048
26.831327,"[159.09683227539062, 5.731567859649658, 0.0]","[163.96629333496094, 4.5, 0.0]",14.376559255341254,6.92221212387085,-10.30166891559574,5.044384744056541,-7.64323487608481,0.0,0.8648402690887451,0.0,0.8648402690887451
26.85122,"[159.38844299316406, 5.7268147468566895, 0.0]","[164.1032257080078, 4.5, 0.0]",14.167929622840251,6.91864538192749,-10.431481625050143,4.888885875506721,-7.454347131470405,0.0,0.8748613595962524,0.0,0.8748613595962524
26.871827,"[159.67593383789062, 5.722128868103027, 0.0]","[164.24147033691406, 4.5, 0.0]",11.56660387392086,9.033222528687416,-130.06628744596958,4.734150610101216,-7.249284240912761,0.0,0.875,0.0,0.875
26.892027,"[159.91287231445312, 5.722118377685547, 0.0]","[164.37982177734375, 4.5, 0.0]",10.52092940233786,7.6881178039209725,-52.283723579150006,4.584847847889749,-2.533381345233444,0.0,0.7516579031944275,0.0,0.7516579031944275
26.910033,"[160.1269073486328, 5.72327995300293, 0.0]","[164.51751708984375, 4.5, 0.0]",7.931657598489997,9.10864167447477,-129.46359019239316,4.488142404150998,-2.832811598416887,0.0,0.875,0.0,0.875
26.930997,"[160.28933715820312, 5.738890647888184, 0.0]","[164.6556396484375, 4.5, 0.0]",6.5695067271934136,7.948025632504869,-68.10754356482916,4.413192818817433,1.1769840759847732,0.0,0.875,0.0,0.875
26.950114,"[160.42440795898438, 5.757585525512695, 0.0]","[164.79200744628906, 4.5, 0.0]",5.88061203511232,7.294744917651784,-34.44473460405466,4.393990102971595,1.3785189053114557,0.0,0.875,0.0,0.875
26.969831,"[160.54580688476562, 5.774201393127441, 0.0]","[164.92922973632812, 4.5, 0.0]",5.550260689420824,6.954251880565366,-16.517567284574806,4.400546943293984,1.4141328825394632,0.0,0.875,0.0,0.875
26.989864,"[160.66064453125, 5.7882561683654785, 0.0]","[165.06414794921875, 4.5, 0.0]",5.568407043454953,6.8447704198745765,0.9073177017064449,4.4194408499979945,1.4039911911445415,0.5632934719324112,0.0,0.5632934719324112,0.0
27.010562,"[160.77114868164062, 5.80074405670166, 0.0]","[165.20364379882812, 4.5, 0.0]",5.585190498360371,6.834760487282438,0.8391727452708775,4.438575678331993,1.2763633764196234,0.4793688654899597,0.0,0.4793688654899597,0.0
27.031064,"[160.88206481933594, 5.812285423278809, 0.0]","[165.34054565429688, 4.5, 0.0]",5.599480970429645,6.823757682879338,0.7145236034637126,4.462765131513367,1.249569988922067,0.40696505457162857,0.0,0.40696505457162857,0.0
27.05031,"[160.99334716796875, 5.823214530944824, 0.0]","[165.47625732421875, 4.5, 0.0]",5.611680621430033,6.815102841135344,0.6099825500194278,4.481940965135548,1.2242767124496927,0.35335302352905273,0.0,0.35335302352905273,0.0
27.071259,"[161.10494995117188, 5.833611965179443, 0.0]","[165.61306762695312, 4.5, 0.0]",5.618804059173694,6.804067735973726,0.35617188718304327,4.498227613165526,1.2034222197053106,0.3163232281804085,0.0,0.3163232281804085,0.0
27.089275,"[161.216796875, 5.842888832092285, 0.0]","[165.74908447265625, 4.5, 0.0]",5.623839585199979,6.79569647244659,0.2517763013142549,4.5144482943884015,1.185263676800032,0.23563776165246964,0.0,0.23563776165246964,0.0
27.109898,"[161.32888793945312, 5.850901126861572, 0.0]","[165.88494873046875, 4.5, 0.0]",5.630113879274567,6.783208828904243,0.31371470372936194,4.530003494809281,1.1718568872466104,0.22425461560487747,0.0,0.22425461560487747,0.0
27.131489,"[161.44117736816406, 5.857447147369385, 0.0]","[166.02098083496094, 4.5, 0.0]",5.6375895767456905,6.77516222155879,0.3737848735561933,4.545586267706349,1.1530949496296765,0.22149287164211273,0.0,0.22149287164211273,0.0
27.151271,"[161.55364990234375, 5.8627214431762695, 0.0]","[166.15562438964844, 4.5, 0.0]",5.646088347001246,6.7636989085868615,0.42493851277778383,4.561946218856464,1.1375726448130994,0.22499959915876389,0.0,0.22499959915876389,0.0
27.171341,"[161.66632080078125, 5.8669281005859375, 0.0]","[166.28831481933594, 4.5, 0.0]",5.6554759758409245,6.753822516044862,0.4693814419839182,4.577519057216828,1.1176105615856153,0.23283455520868301,0.0,0.23283455520868301,0.0
27.190623,"[161.77919006347656, 5.870242118835449, 0.0]","[166.42601013183594, 4.5, 0.0]",5.66431888309736,6.744345721292691,0.4421453628217886,4.5917034966001165,1.0983465402039378,0.21096155047416687,0.0,0.21096155047416687,0.0
27.210464,"[161.89227294921875, 5.872801780700684, 0.0]","[166.5613250732422, 4.5, 0.0]",5.67389849879851,6.736012511642375,0.4789807850575034,4.611420309801103,1.080026838195331,0.2230302058160305,0.0,0.2230302058160305,0.0
27.23244,"[162.0055389404297, 5.87471342086792, 0.0]","[166.69610595703125, 4.5, 0.0]",5.684147388420528,6.72485874316634,0.5124444811008821,4.629221530806578,1.0621140128438649,0.2353544905781746,0.0,0.2353544905781746,0.0
27.250528,"[162.11900329589844, 5.876059055328369, 0.0]","[166.829833984375, 4.5, 0.0]",5.694997342480296,6.714503021148876,0.5424977029884204,4.646920199898092,1.0407113547458122,0.24723071604967117,0.0,0.24723071604967117,0.0
27.271972,"[162.23268127441406, 5.876901149749756, 0.0]","[166.96429443359375, 4.5, 0.0]",5.710326554275657,6.70570486375615,0.7664605897680143,4.6639192618912455,1.0195056786685797,0.2581273391842842,0.0,0.2581273391842842,0.0
27.292402,"[162.34658813476562, 5.877288341522217, 0.0]","[167.09878540039062, 4.5, 0.0]",5.723604047261136,6.695319170937179,0.6638746492739767,4.681922620314362,0.9953783094804933,0.23153860121965408,0.0,0.23153860121965408,0.0
27.310637,"[162.46080017089844, 5.877042293548584, 0.0]","[167.23245239257812, 4.5, 0.0]",5.7367053726832244,6.684094157212808,0.6550662711044097,4.700145850765644,0.9717151236760424,0.2401452325284481,0.0,0.2401452325284481,0.0
27.33212,"[162.5752716064453, 5.876550674438477, 0.0]","[167.36660766601562, 4.5, 0.0]",5.749707664110782,6.679325580596924,0.6501145713778911,4.717885415390363,0.9473887845295836,0.24743247777223587,0.0,0.24743247777223587,0.0
27.350876,"[162.69000244140625, 5.876142501831055, 0.0]","[167.49697875976562, 4.5, 0.0]",5.761917262875676,6.663247049919564,0.6104799382447013,4.736329423588891,0.9296179164861416,0.25338876992464066,0.0,0.25338876992464066,0.0
27.370503,"[162.80499267578125, 5.876062393188477, 0.0]","[167.63233947753906, 4.5, 0.0]",5.7745157845540644,6.660294532775879,0.6299260839194076,4.751066799007734,0.9013297870438874,0.25818783789873123,0.0,0.25818783789873123,0.0
27.392798,"[162.92022705078125, 5.876432418823242, 0.0]","[167.76605224609375, 4.5, 0.0]",5.7857641253253735,6.6440080341078875,0.5624170385654548,4.770762501796045,0.8857787482218145,0.22024942561984062,0.0,0.22024942561984062,0.0
27.409417,"[163.0357208251953, 5.877378463745117, 0.0]","[167.8963623046875, 4.5, 0.0]",5.7973802036341056,6.641388416290283,0.5808039154366007,4.788668926897986,0.858243908782514,0.22336192429065704,0.0,0.22336192429065704,0.0
27.430241,"[163.15142822265625, 5.878981113433838, 0.0]","[168.0292510986328, 4.5, 0.0]",5.80932754551111,6.625234735286812,0.5973670938502096,4.802994152956016,0.8440082126561776,0.22573985159397125,0.0,0.22573985159397125,0.0
27.451237,"[163.26734924316406, 5.881223678588867, 0.0]","[168.16146850585938, 4.5, 0.0]",5.821550759744288,6.622509479522705,0.6111607116589202,4.819782416205947,0.815907189775702,0.22749265655875206,0.0,0.22749265655875206,0.0
27.471284,"[163.3834991455078, 5.884068489074707, 0.0]","[168.29388427734375, 4.5, 0.0]",5.833992432006023,6.606398730972308,0.6220836130867546,4.835756948473045,0.8009587197784169,0.22878307849168777,0.0,0.22878307849168777,0.0
27.492136,"[163.4998779296875, 5.8874592781066895, 0.0]","[168.42884826660156, 4.5, 0.0]",5.844242830432619,6.60346794128418,0.5125199213297904,4.851751832840671,0.7724062989662848,0.18717503175139427,0.0,0.18717503175139427,0.0
27.510968,"[163.6165008544922, 5.891321659088135, 0.0]","[168.56080627441406, 4.5, 0.0]",5.854615534011266,6.587392070166626,0.5186351789323584,4.8701008558614305,0.7592251108515606,0.18835017457604408,0.0,0.18835017457604408,0.0
27.532127,"[163.73330688476562, 5.895542621612549, 0.0]","[168.69375610351562, 4.5, 0.0]",5.865070212215804,6.584537982940674,0.5227339102269024,4.885228123325816,0.7327765361553595,0.18938926979899406,0.0,0.18938926979899406,0.0
27.549719,"[163.85031127929688, 5.900020599365234, 0.0]","[168.82359313964844, 4.5, 0.0]",5.875587021903421,6.568562194116356,0.525840484380824,4.901178445842253,0.7194677707248696,0.19036564975976944,0.0,0.19036564975976944,0.0
27.569139,"[163.96751403808594, 5.904674530029297, 0.0]","[168.9525146484375, 4.5, 0.0]",5.886156635047356,6.5659918785095215,0.5284806571967504,4.913828217924136,0.6929751722129351,0.19126972183585167,0.0,0.19126972183585167,0.0
27.591789,"[164.08493041992188, 5.9094438552856445, 0.0]","[169.08438110351562, 4.5, 0.0]",5.894776570874721,6.5498734485471815,0.4309967913682655,4.925368047628063,0.6798352434621657,0.15599053353071213,0.0,0.15599053353071213,0.0
27.611457,"[164.2025604248047, 5.9142889976501465, 0.0]","[169.21539306640625, 4.5, 0.0]",5.90346244389329,6.547133922576904,0.4342936509284634,4.9396364226485225,0.6550968776724604,0.15720177441835403,0.0,0.15720177441835403,0.0
27.63115,"[164.3203582763672, 5.919182300567627, 0.0]","[169.34637451171875, 4.5, 0.0]",5.91221350812358,6.530792998045691,0.43755321151448534,4.952836143514136,0.643671478683614,0.15842825174331665,0.0,0.15842825174331665,0.0
27.65111,"[164.43832397460938, 5.9241042137146, 0.0]","[169.47869873046875, 4.5, 0.0]",5.921030008673196,6.527687072753906,0.44082502748081787,4.965834805986874,0.6185794899221113,0.15962406992912292,0.0,0.15962406992912292,0.0
27.67106,"[164.5564727783203, 5.929039001464844, 0.0]","[169.60971069335938, 4.5, 0.0]",5.929940755990897,6.511342660899588,0.44553736588501813,4.980005604446575,0.6066570640807099,0.16134506091475487,0.0,0.16134506091475487,0.0
27.69109,"[164.67478942871094, 5.933974266052246, 0.0]","[169.73988342285156, 4.5, 0.0]",5.936798825779498,6.508395195007324,0.34290348943004645,4.99267836118491,0.5814019049086916,0.12421434745192528,0.0,0.12421434745192528,0.0
27.710562,"[164.7932891845703, 5.938901424407959, 0.0]","[169.87014770507812, 4.5, 0.0]",5.943743110223915,6.492058337591383,0.3472142222208596,5.004342734658763,0.5715963692278265,0.1257691066712141,0.0,0.1257691066712141,0.0
27.731472,"[164.91192626953125, 5.943811416625977, 0.0]","[170.00033569335938, 4.5, 0.0]",5.950769573949815,6.488513946533203,0.35132318629500503,5.015913415486907,0.5483152273674685,0.12723811902105808,0.0,0.12723811902105808,0.0
27.750583,"[165.03070068359375, 5.948699951171875, 0.0]","[170.1291046142578, 4.5, 0.0]",5.957872034559309,6.471747899733626,0.3551230304747133,5.027268323906406,0.5377443725833881,0.12863962911069393,0.0,0.12863962911069393,0.0
27.76963,"[165.1496124267578, 5.953563690185547, 0.0]","[170.2584686279297, 4.5, 0.0]",5.9650492999239795,6.468267917633057,0.35886326823351133,5.037064999923347,0.5138758651743167,0.12997993268072605,0.0,0.12997993268072605,0.0
27.790522,"[165.2686767578125, 5.958402156829834, 0.0]","[170.3882598876953, 4.5, 0.0]",5.970624342523166,6.454753615525368,0.2787521299593365,5.0473187628279605,0.5032186177090772,0.10096178390085697,0.0,0.10096178390085697,0.0
27.811203,"[165.38787841796875, 5.9632158279418945, 0.0]","[170.51718139648438, 4.5, 0.0]",5.976281590348737,6.44462158760721,0.28286239127854884,5.057846877888857,0.48412927300220154,0.10242599062621593,0.0,0.10242599062621593,0.0
27.830472,"[165.5072021484375, 5.968006134033203, 0.0]","[170.646484375, 4.5, 0.0]",5.982014430516295,6.434185898782158,0.2866420083778909,5.067366586334387,0.46833999725847253,0.10379325598478317,0.0,0.10379325598478317,0.0
27.850014,"[165.6266326904297, 5.972777843475342, 0.0]","[170.77503967285156, 4.5, 0.0]",5.987819211204663,6.42381461148429,0.2902390344183825,5.077146180886906,0.4521714682658633,0.10508077219128609,0.0,0.10508077219128609,0.0
27.871321,"[165.74618530273438, 5.977536678314209, 0.0]","[170.9029083251953, 4.5, 0.0]",5.993694196041544,6.413497193007318,0.2937492418440879,5.08607222911768,0.43599540027962735,0.10636778548359871,0.0,0.10636778548359871,0.0
27.892123,"[165.8658447265625, 5.982287406921387, 0.0]","[171.0316619873047, 4.5, 0.0]",5.997866687781227,6.403108318623158,0.20862458698411857,5.094189569819207,0.4198029969657737,0.07556095719337463,0.0,0.07556095719337463,0.0
27.911281,"[165.98562622070312, 5.987033367156982, 0.0]","[171.15977478027344, 4.5, 0.0]",6.00178531974093,6.392689351804636,0.19593159798514392,5.103085694383529,0.4052416308419309,0.07096065208315849,0.0,0.07096065208315849,0.0
27.930865,"[166.10548400878906, 5.991775989532471, 0.0]","[171.28775024414062, 4.5, 0.0]",6.005780277217728,6.3813568423066,0.199747873839895,5.1112189733349345,0.3909040320637063,0.07232706062495708,0.0,0.07232706062495708,0.0
27.950236,"[166.22543334960938, 5.996518135070801, 0.0]","[171.4145050048828, 4.5, 0.0]",6.009845862800801,6.370130607104704,0.2032792791536675,5.119140487915829,0.37557656508887227,0.07359887938946486,0.0,0.07359887938946486,0.0
27.970418,"[166.345458984375, 6.001261234283447, 0.0]","[171.54171752929688, 4.5, 0.0]",6.013976531690608,6.358864864845711,0.20653344449037547,5.1257498764471014,0.360284744303903,0.07478978484869003,0.0,0.07478978484869003,0.0
27.990793,"[166.46556091308594, 6.006006717681885, 0.0]","[171.66903686523438, 4.5, 0.0]",6.0181706511923005,6.347590483464555,0.20970597508460642,5.132741289018827,0.3448883331551027,0.07592233829200268,0.0,0.07592233829200268,0.0
28.010779,"[166.5857391357422, 6.010756015777588, 0.0]","[171.79635620117188, 4.5, 0.0]",6.020861450395098,6.336191706075224,0.1345399601398789,5.1397633165972545,0.32941983227225435,0.048713451251387596,0.0,0.048713451251387596,0.0
28.030926,"[166.7060089111328, 6.015509605407715, 0.0]","[171.92324829101562, 4.5, 0.0]",6.023621353906971,6.323406716026738,0.1379951755936304,5.1467096337534395,0.3153302556801263,0.049960347823798656,0.0,0.049960347823798656,0.0
28.049735,"[166.8263397216797, 6.020267009735107, 0.0]","[172.04869079589844, 4.5, 0.0]",6.0264481228249895,6.31076720741048,0.14133844590094036,5.153137840641372,0.29978536211976703,0.051175011321902275,0.0,0.051175011321902275,0.0
28.071345,"[166.94671630859375, 6.025028705596924, 0.0]","[172.17514038085938, 4.5, 0.0]",6.029337706203763,6.298027048817733,0.14447916893867152,5.158056227303842,0.2843190845854906,0.05230635870248079,0.0,0.05230635870248079,0.0
28.090526,"[167.06715393066406, 6.029794216156006, 0.0]","[172.3016357421875, 4.5, 0.0]",6.032285172947508,6.285282156993615,0.14737333718723988,5.163935218973222,0.26868934261397026,0.053370813839137554,0.0,0.053370813839137554,0.0
28.109774,"[167.18765258789062, 6.034564018249512, 0.0]","[172.42774963378906, 4.5, 0.0]",6.033720402819717,6.272419934661931,0.07176149361045603,5.169799502206496,0.25299698404610726,0.025995546020567417,0.0,0.025995546020567417,0.0
28.131753,"[167.30819702148438, 6.039337635040283, 0.0]","[172.55270385742188, 4.5, 0.0]",6.035221022001719,6.25799418943911,0.07503095910008639,5.1752209940628795,0.23869953184221426,0.02716406947001815,0.0,0.02716406947001815,0.0
28.151016,"[167.42877197265625, 6.044113636016846, 0.0]","[172.67677307128906, 4.5, 0.0]",6.036780353785987,6.243670466050935,0.07796658921344068,5.17943853074052,0.22277316743739117,0.028235178906470537,0.0,0.028235178906470537,0.0
28.170825,"[167.54937744140625, 6.048892021179199, 0.0]","[172.79930114746094, 4.5, 0.0]",6.038394464663909,6.2295265293898545,0.08070554389609796,5.182740931917655,0.20689011226494713,0.02923363819718361,0.0,0.02923363819718361,0.0
28.191882,"[167.67001342773438, 6.0536723136901855, 0.0]","[172.9266815185547, 4.5, 0.0]",6.040061609081216,6.214820386107329,0.08335722086534325,5.184472348549822,0.19113206472594513,0.030171440448611975,0.0,0.030171440448611975,0.0
28.213395,"[167.79067993164062, 6.058454513549805, 0.0]","[173.0497283935547, 4.5, 0.0]",6.040180389779006,6.203819751739502,0.005939034889479444,5.191022385836174,0.17475877702611253,0.0021343336265999824,0.0,0.0021343336265999824,0.0
28.230532,"[167.91139221191406, 6.063238143920898, 0.0]","[173.17515563964844, 4.5, 0.0]",6.040358135656015,6.180767062179054,0.008887293850445843,5.193211522940621,0.1636393619604961,0.00319750135531649,0.0,0.00319750135531649,0.0
28.25042,"[168.0321044921875, 6.06802225112915, 0.0]","[173.29763793945312, 4.5, 0.0]",6.040589187565105,6.171431541442871,0.011552595454533687,5.197733131305779,0.1404089265230395,0.004173837369307876,0.0,0.004173837369307876,0.0
28.272035,"[168.15281677246094, 6.0728068351745605, 0.0]","[173.42120361328125, 4.5, 0.0]",6.040873597435353,6.148620131102732,0.014220493512384635,5.199312555780686,0.13084235387776566,0.005145341856405139,0.0,0.005145341856405139,0.0
28.291466,"[168.27352905273438, 6.077591419219971, 0.0]","[173.54454040527344, 4.5, 0.0]",6.038424477539801,6.1391730308532715,-0.12245599477762603,5.201974249935131,0.1077465336673793,0.0,0.007527646608650684,0.0,0.007527646608650684
28.309871,"[168.39425659179688, 6.082376480102539, 0.0]","[173.66746520996094, 4.5, 0.0]",6.036116569524566,6.1163125059137675,-0.11539540076173083,5.204407004072904,0.10074855331347088,0.0,0.007096294779330492,0.0,0.007096294779330492
28.331523,"[168.51492309570312, 6.087159156799316, 0.0]","[173.7874755859375, 4.5, 0.0]",6.033932799797538,6.1056318283081055,-0.1091884863514192,5.206413065382058,0.08019593638920153,0.0,0.006711410358548164,0.0,0.006711410358548164
28.35084,"[168.6355438232422, 6.091939926147461, 0.0]","[173.91116333007812, 4.5, 0.0]",6.0318540065618445,6.081089498367399,-0.10393966178465774,5.205568543493824,0.07169902851056786,0.0,0.006387300789356232,0.0,0.006387300789356232
28.370532,"[168.75613403320312, 6.096719264984131, 0.0]","[174.0323028564453, 4.5, 0.0]",6.02986489696933,6.070244789123535,-0.09945547962573187,5.208443844854028,0.049235491805554865,0.0,0.00611122464761138,0.0,0.00611122464761138
28.390017,"[168.87667846679688, 6.101496696472168, 0.0]","[174.15403747558594, 4.5, 0.0]",6.023506412298003,6.045983792813238,-0.3179242335663357,5.208803717604692,0.040379892154205344,0.0,0.019547482952475548,0.0,0.019547482952475548
28.411911,"[168.99717712402344, 6.1062726974487305, 0.0]","[174.27523803710938, 4.5, 0.0]",6.017256719955195,6.035061359405518,-0.3124846171404183,5.209803792752505,0.022477380515234735,0.0,0.01921316795051098,0.0,0.01921316795051098
28.431162,"[169.1175537109375, 6.111043453216553, 0.0]","[174.39569091796875, 4.5, 0.0]",6.01109864720583,6.0100831997482,-0.3079036374682431,5.210315784709034,0.017804639450322846,0.0,0.018930500373244286,0.0,0.018930500373244286
28.449868,"[169.23780822753906, 6.115809440612793, 0.0]","[174.51499938964844, 4.5, 0.0]",6.0050054778897435,5.998612880706787,-0.30465846580431943,5.210203105601843,-0.0010154474576298256,0.0,0.018732089549303055,0.0,0.018732089549303055
28.470082,"[169.35794067382812, 6.120570182800293, 0.0]","[174.6352081298828, 4.5, 0.0]",5.998961957515352,5.973672390959452,-0.3021760187195799,5.209068835467233,-0.006392597182956372,0.0,0.0185752734541893,0.0,0.0185752734541893
28.491349,"[169.4779510498047, 6.125326156616211, 0.0]","[174.75523376464844, 4.5, 0.0]",5.990507573564506,5.962090969085693,-0.42271919754228726,5.208956552245694,-0.025289566555899867,0.0,0.025984711945056915,0.0,0.025984711945056915
28.511235,"[169.59783935546875, 6.130077362060547, 0.0]","[174.87442016601562, 4.5, 0.0]",5.9821066514396355,5.937352658114166,-0.42004610624353234,5.208783958721796,-0.02841660447881278,0.0,0.025821765884757042,0.0,0.025821765884757042
28.53113,"[169.71755981445312, 6.134821891784668, 0.0]","[174.99317932128906, 4.5, 0.0]",5.973747731241767,5.926532745361328,-0.4179460098934218,5.207894221800642,-0.04475399332546992,0.0,0.02569448947906494,0.0,0.02569448947906494
28.551631,"[169.8371124267578, 6.139559745788574, 0.0]","[175.11024475097656, 4.5, 0.0]",5.965413649675673,5.902630806608842,-0.41670407830469713,5.206745797344284,-0.04721498588043893,0.0,0.025615012273192406,0.0,0.025615012273192406
28.569748,"[169.9564971923828, 6.144290924072266, 0.0]","[175.2261199951172, 4.5, 0.0]",5.957094843254148,5.892235279083252,-0.415940321076258,5.204073692958496,-0.0627828430668309,0.0,0.025569632649421692,0.0,0.025569632649421692
28.591253,"[170.07571411132812, 6.149015426635742, 0.0]","[175.34690856933594, 4.5, 0.0]",5.946529342110838,5.867784023799994,-0.5282750571654837,5.200379333296007,-0.064859564170896,0.0,0.03247646987438202,0.0,0.03247646987438202
28.610138,"[170.19476318359375, 6.153733253479004, 0.0]","[175.4622344970703, 4.5, 0.0]",5.9359829466989416,5.857534885406494,-0.5273197705948363,5.201762428297095,-0.07874531831084397,0.0,0.032417863607406616,0.0,0.032417863607406616
28.63158,"[170.3135986328125, 6.158442497253418, 0.0]","[175.58303833007812, 4.5, 0.0]",5.925446105332818,5.834180355483471,-0.526842068306177,5.1978553871676745,-0.07844806129244741,0.0,0.03239080682396889,0.0,0.03239080682396889
28.653486,"[170.43222045898438, 6.163143634796143, 0.0]","[175.69520568847656, 4.5, 0.0]",5.914903547588711,5.825353145599365,-0.5271278872053475,5.199635750308869,-0.09126574984934699,0.0,0.03240836411714554,0.0,0.03240836411714554
28.675436,"[170.55064392089844, 6.1678361892700195, 0.0]","[175.8144989013672, 4.5, 0.0]",5.9043438230090395,5.802206516592593,-0.527986228983579,5.193000438042794,-0.08955040198934583,0.0,0.03245741128921509,0.0,0.03245741128921509
28.69215,"[170.66885375976562, 6.172520637512207, 0.0]","[175.9296112060547, 4.5, 0.0]",5.891619463352972,5.792971611022949,-0.6362179828033554,5.193683192198934,-0.1021373064164468,0.0,0.03911130875349045,0.0,0.03911130875349045
28.710399,"[170.78684997558594, 6.177196502685547, 0.0]","[176.044921875, 4.5, 0.0]",5.878918008742427,5.773790359533766,-0.6350727305272752,5.190402842142759,-0.09864785233002316,0.0,0.03904473036527634,0.0,0.03904473036527634
28.731403,"[170.9045867919922, 6.1818623542785645, 0.0]","[176.16171264648438, 4.5, 0.0]",5.866205100133989,5.758845806228601,-0.6356454304218939,5.187534497353067,-0.10512764920866058,0.0,0.03907959908246994,0.0,0.03907959908246994
28.749059,"[171.02207946777344, 6.18651819229126, 0.0]","[176.2735595703125, 4.5, 0.0]",5.853463556530815,5.744533062013996,-0.6370771801587072,5.186404436459985,-0.10735929390538779,0.0,0.03916708752512932,0.0,0.03916708752512932
28.771387,"[171.13931274414062, 6.191164016723633, 0.0]","[176.39044189453125, 4.5, 0.0]",5.840689553836378,5.729577064593059,-0.638700134721848,5.180579255229089,-0.10893049451681858,0.0,0.039267588406801224,0.0,0.039267588406801224
28.791354,"[171.25628662109375, 6.195799827575684, 0.0]","[176.50527954101562, 4.5, 0.0]",5.827096653428287,5.714883327512466,-0.6796450204045623,5.180044614641626,-0.11111248924331907,0.0,0.04178093746304512,0.0,0.04178093746304512
28.810133,"[171.37301635742188, 6.200425624847412, 0.0]","[176.61788940429688, 4.5, 0.0]",5.813475126876271,5.700531959591982,-0.6810763276007936,5.177726239122402,-0.11221332591582023,0.0,0.041871119290590286,0.0,0.041871119290590286
28.830094,"[171.48947143554688, 6.205040454864502, 0.0]","[176.7317657470703, 4.5, 0.0]",5.799824968279788,5.6869316101312855,-0.6825079298241388,5.173426679916389,-0.1129431672842891,0.0,0.041958488523960114,0.0,0.041958488523960114
28.849905,"[171.60565185546875, 6.209644317626953, 0.0]","[176.84556579589844, 4.5, 0.0]",5.7861404406090005,5.673340320630608,-0.6842263835393769,5.1706672306688715,-0.11289335814850254,0.0,0.04206341505050659,0.0,0.04206341505050659
28.871557,"[171.7215576171875, 6.214237689971924, 0.0]","[176.96070861816406, 4.5, 0.0]",5.7721485868101645,5.659587383290361,-0.699592689941797,5.1681064243806505,-0.11280011997839257,0.0,0.04300965741276741,0.0,0.04300965741276741
28.891555,"[171.83718872070312, 6.218820095062256, 0.0]","[177.07400512695312, 4.5, 0.0]",5.758118551051556,5.646056652102046,-0.7015017879304253,5.167162708006955,-0.11256120351980314,0.0,0.04312603548169136,0.0,0.04312603548169136
28.910982,"[171.95254516601562, 6.223391532897949, 0.0]","[177.18719482421875, 4.5, 0.0]",5.744050345134187,5.632588386552459,-0.7034102958684674,5.164648493051779,-0.11206189894951013,0.0,0.04324430599808693,0.0,0.04324430599808693
28.931231,"[172.06761169433594, 6.227951526641846, 0.0]","[177.29977416992188, 4.5, 0.0]",5.729943971418221,5.619754791284395,-0.705318685798284,5.162302684315609,-0.11146195858172803,0.0,0.04336131364107132,0.0,0.04336131364107132
28.949685,"[172.18240356445312, 6.2325005531311035, 0.0]","[177.41148376464844, 4.5, 0.0]",5.71580133339617,5.607020378126246,-0.7071319011025423,5.159636374170329,-0.11018918013382617,0.0,0.043474745005369186,0.0,0.043474745005369186
28.970218,"[172.29690551757812, 6.237038612365723, 0.0]","[177.5234375, 4.5, 0.0]",5.701622425167545,5.594258308429601,-0.7089454114312499,5.15637612797372,-0.10878095526992393,0.0,0.04358315095305443,0.0,0.04358315095305443
28.990261,"[172.4111328125, 6.241565227508545, 0.0]","[177.6354217529297, 4.5, 0.0]",5.687542765842365,5.5814933776968605,-0.703982966258998,5.153651247020508,-0.10736411673794422,0.0,0.04328148066997528,0.0,0.04328148066997528
29.010769,"[172.5250701904297, 6.24608039855957, 0.0]","[177.74525451660156, 4.5, 0.0]",5.673430652736475,5.568990707411513,-0.7056056552944945,5.151230723312785,-0.10604938814550469,0.0,0.04338059201836586,0.0,0.04338059201836586
29.031205,"[172.63873291015625, 6.250584602355957, 0.0]","[177.85682678222656, 4.5, 0.0]",5.659288000553314,5.556532382974174,-0.7071326091580676,5.146950280626666,-0.10443994532496248,0.0,0.04347354173660278,0.0,0.04347354173660278
29.054662,"[172.75210571289062, 6.255077838897705, 0.0]","[177.96945190429688, 4.5, 0.0]",5.6451090793437055,5.5439591407884,-0.7089460604804199,5.144683893279897,-0.10275561757913998,0.0,0.043585993349552155,0.0,0.043585993349552155
29.070473,"[172.86520385742188, 6.259559631347656, 0.0]","[178.0780029296875, 4.5, 0.0]",5.630888632976123,5.5318403244090835,-0.7110223183791398,5.143758358955118,-0.10114993855530585,0.0,0.04371171444654465,0.0,0.04371171444654465
29.093844,"[172.97801208496094, 6.264030456542969, 0.0]","[178.1911163330078, 4.5, 0.0]",5.616994302218224,5.519211292275032,-0.694716537894946,5.139037339973647,-0.09904830856703928,0.0,0.04271237179636955,0.0,0.04271237179636955
29.10951,"[173.09054565429688, 6.268489837646484, 0.0]","[178.29954528808594, 4.5, 0.0]",5.603063675067777,5.507105350500139,-0.6965313575223231,5.139164720265973,-0.09778300994319178,0.0,0.042818959802389145,0.0,0.042818959802389145
29.129938,"[173.2028045654297, 6.272946834564209, 0.0]","[178.4097137451172, 4.5, 0.0]",5.589102392112442,5.4981584548950195,-0.6980641477667859,5.134886745403793,-0.09595832456763809,0.0,0.04291394352912903,0.0,0.04291394352912903
29.150833,"[173.3147735595703, 6.277405738830566, 0.0]","[178.51873779296875, 4.5, 0.0]",5.575112460330799,5.479338169117903,-0.699496589082127,5.132613018137496,-0.09094393721742211,0.0,0.042998962104320526,0.0,0.042998962104320526
29.174448,"[173.4264678955078, 6.281870365142822, 0.0]","[178.6283721923828, 4.5, 0.0]",5.561097601343006,5.473783016204834,-0.7007429493896655,5.129470311805736,-0.09577429121289605,0.0,0.043075744062662125,0.0,0.043075744062662125
29.190555,"[173.5378875732422, 6.286344051361084, 0.0]","[178.73809814453125, 4.5, 0.0]",5.547632844415829,5.454885959641351,-0.6732378463588429,5.127191749744777,-0.08731458513817181,0.0,0.041380368173122406,0.0,0.041380368173122406
29.209036,"[173.64901733398438, 6.290829181671143, 0.0]","[178.847412109375, 4.5, 0.0]",5.534142856906969,5.449358940124512,-0.6744993754430162,5.125254429453356,-0.09274688477447768,0.0,0.04145760089159012,0.0,0.04145760089159012
29.229957,"[173.75987243652344, 6.295328617095947, 0.0]","[178.95645141601562, 4.5, 0.0]",5.5206297852697155,5.430436611188103,-0.6756535818626563,5.123168331080013,-0.08478391678245689,0.0,0.04153073579072952,0.0,0.04153073579072952
29.249832,"[173.87046813964844, 6.299843788146973, 0.0]","[179.06439208984375, 4.5, 0.0]",5.507092393943025,5.424968719482422,-0.6768695663345259,5.1210530003819414,-0.09019317408161243,0.0,0.04160084202885628,0.0,0.04160084202885628
29.270782,"[173.9807891845703, 6.304376125335693, 0.0]","[179.17303466796875, 4.5, 0.0]",5.493534217349494,5.406091690073388,-0.6779088296765323,5.118068008269803,-0.08212367446060309,0.0,0.041668787598609924,0.0,0.041668787598609924
29.291914,"[174.09083557128906, 6.308927059173584, 0.0]","[179.28155517578125, 4.5, 0.0]",5.47999790973401,5.400557994842529,-0.6768153807742205,5.116029040045246,-0.08744252727610657,0.0,0.041597623378038406,0.0,0.041597623378038406
29.309226,"[174.2006072998047, 6.313498020172119, 0.0]","[179.38914489746094, 4.5, 0.0]",5.466454773146825,5.381790637977958,-0.6771568293592267,5.114111964505378,-0.07943991489148061,0.0,0.04161987453699112,0.0,0.04161987453699112
29.331469,"[174.3101043701172, 6.318090438842773, 0.0]","[179.49725341796875, 4.5, 0.0]",5.452901934736936,5.376165390014648,-0.6776419204944872,5.111507898628766,-0.08466413516886728,0.0,0.041650597006082535,0.0,0.041650597006082535
29.350611,"[174.41934204101562, 6.322701454162598, 0.0]","[179.60414123535156, 4.5, 0.0]",5.439337405851964,5.3573455810607875,-0.6782264442485975,5.109665510288919,-0.07673654472228719,0.0,0.04168960079550743,0.0,0.04168960079550743
29.369879,"[174.52830505371094, 6.32733154296875, 0.0]","[179.71087646484375, 4.5, 0.0]",5.425757094512589,5.351876735687256,-0.6790155669687437,5.106835671119526,-0.08199182479117617,0.0,0.04173612594604492,0.0,0.04173612594604492
29.391244,"[174.63699340820312, 6.331979751586914, 0.0]","[179.82012939453125, 4.5, 0.0]",5.41281455284475,5.332788467412046,-0.6471270833919185,5.104102827308234,-0.07388035882533295,0.0,0.039777688682079315,0.0,0.039777688682079315
29.410011,"[174.7454071044922, 6.336644172668457, 0.0]","[179.92706298828125, 4.5, 0.0]",5.399849573483957,5.3272833824157715,-0.6482489680396775,5.104137885977367,-0.08002608543270462,0.0,0.039849843829870224,0.0,0.039849843829870224
29.431115,"[174.8535614013672, 6.341322898864746, 0.0]","[180.0335693359375, 4.5, 0.0]",5.386868030761033,5.3083381652871,-0.6490771361462144,5.102110717438591,-0.0725661910681854,0.0,0.039900362491607666,0.0,0.039900362491607666
29.450501,"[174.96145629882812, 6.34601354598999, 0.0]","[180.139404296875, 4.5, 0.0]",5.373875676443447,5.302802562713623,-0.6496177158792804,5.099900096215133,-0.07852986547393304,0.0,0.03993478789925575,0.0,0.03993478789925575
29.469414,"[175.069091796875, 6.350713729858398, 0.0]","[180.24362182617188, 4.5, 0.0]",5.360781388828935,5.2841224670439875,-0.6547143807256184,5.097267284109972,-0.07107311372982394,0.0,0.04024878516793251,0.0,0.04024878516793251
29.491741,"[175.1764678955078, 6.3554205894470215, 0.0]","[180.3491973876953, 4.5, 0.0]",5.3476785564469385,5.278616905212402,-0.6551416190998083,5.093271209045185,-0.07665892178494715,0.0,0.04027579352259636,0.0,0.04027579352259636
29.510329,"[175.28358459472656, 6.360131740570068, 0.0]","[180.4569091796875, 4.5, 0.0]",5.334571537146377,5.259511470797038,-0.6553509650280898,5.0908881679751445,-0.06906165123453611,0.0,0.040291864424943924,0.0,0.040291864424943924
29.530095,"[175.3904266357422, 6.364846229553223, 0.0]","[180.56219482421875, 4.5, 0.0]",5.321455293315784,5.253784656524658,-0.6558121915296145,5.090899320423656,-0.07506006634933904,0.0,0.040323130786418915,0.0,0.040323130786418915
29.549562,"[175.49700927734375, 6.36956262588501, 0.0]","[180.66627502441406, 4.5, 0.0]",5.308322827195287,5.234868526460616,-0.6566233060248727,5.088764068488813,-0.06767063679112617,0.0,0.0403674952685833,0.0,0.0403674952685833
29.569361,"[175.60333251953125, 6.3742804527282715, 0.0]","[180.77090454101562, 4.5, 0.0]",5.295181673376507,5.229217529296875,-0.6570576909390002,5.08568915412651,-0.07345430073467085,0.0,0.04039724916219711,0.0,0.04039724916219711
29.590804,"[175.7093963623047, 6.378999710083008, 0.0]","[180.87612915039062, 4.5, 0.0]",5.282561086920324,5.210165977479512,-0.6310293228091624,5.083428416777462,-0.06596414407963191,0.0,0.038793645799160004,0.0,0.038793645799160004
29.61082,"[175.81520080566406, 6.383718967437744, 0.0]","[180.98048400878906, 4.5, 0.0]",5.269926050048031,5.2045135498046875,-0.6317518436146141,5.0820267989330805,-0.07239510944081129,0.0,0.038839735090732574,0.0,0.038839735090732574
29.63313,"[175.92074584960938, 6.388439655303955, 0.0]","[181.0841522216797, 4.5, 0.0]",5.257280087844355,5.188551425934129,-0.6322981101838376,5.080022855810594,-0.06541250024334389,0.0,0.03887304663658142,0.0,0.03887304663658142
29.650492,"[176.02603149414062, 6.393161296844482, 0.0]","[181.1864013671875, 4.5, 0.0]",5.244626375772272,5.1727604866038455,-0.6326856036041217,5.077597864308253,-0.06872866191022542,0.0,0.03889773041009903,0.0,0.03889773041009903
29.670196,"[176.13107299804688, 6.397883892059326, 0.0]","[181.28919982910156, 4.5, 0.0]",5.2319672410390545,5.166901111602783,-0.6329567366608835,5.074020452120592,-0.07186588916842673,0.0,0.038913652300834656,0.0,0.038913652300834656
29.69155,"[176.23585510253906, 6.40260648727417, 0.0]","[181.3938446044922, 4.5, 0.0]",5.21925281599914,5.147483825684492,-0.6357212519957134,5.071241437723403,-0.06506612943627132,0.0,0.039083003997802734,0.0,0.039083003997802734
29.711183,"[176.34039306640625, 6.407329559326172, 0.0]","[181.49789428710938, 4.5, 0.0]",5.206536015505262,5.141416549682617,-0.6358400246939233,5.070572205084143,-0.07176899031464856,0.0,0.03908790275454521,0.0,0.03908790275454521
29.730462,"[176.44467163085938, 6.412052154541016, 0.0]","[181.60060119628906, 4.5, 0.0]",5.193819003189893,5.121535301209141,-0.6358506157684296,5.069559550061049,-0.0651194658226446,0.0,0.03909121826291084,0.0,0.03909121826291084
29.749341,"[176.54869079589844, 6.416773796081543, 0.0]","[181.70016479492188, 4.5, 0.0]",5.181094083883304,5.115392684936523,-0.6362459653294739,5.0674698755771725,-0.07228370198075229,0.0,0.03911730274558067,0.0,0.03911730274558067
29.769601,"[176.6524658203125, 6.421494007110596, 0.0]","[181.8043670654297, 4.5, 0.0]",5.168362270950067,5.095320224762464,-0.6365906466618387,5.062505609099158,-0.06570139894678029,0.0,0.039137061685323715,0.0,0.039137061685323715
29.790271,"[176.7559814453125, 6.426212787628174, 0.0]","[181.906494140625, 4.5, 0.0]",5.155452218903354,5.088846206665039,-0.645502602335668,5.062427239718405,-0.07304204618760313,0.0,0.039684783667325974,0.0,0.039684783667325974
29.811491,"[176.85923767089844, 6.430929183959961, 0.0]","[182.00863647460938, 4.5, 0.0]",5.14254024709354,5.068953990936667,-0.6455985904906925,5.060541512534316,-0.06660601223831453,0.0,0.039692651480436325,0.0,0.039692651480436325
29.831573,"[176.9622344970703, 6.435642719268799, 0.0]","[182.11013793945312, 4.5, 0.0]",5.129625435113679,5.061525344848633,-0.6457405989930276,5.058936395745073,-0.07358625615687231,0.0,0.039698775857686996,0.0,0.039698775857686996
29.850202,"[177.06497192382812, 6.440353870391846, 0.0]","[182.208740234375, 4.5, 0.0]",5.116702026818695,5.0411677360537706,-0.6461704147492142,5.05695763184797,-0.06810009026504638,0.0,0.039727017283439636,0.0,0.039727017283439636
29.869869,"[177.16744995117188, 6.44506311416626, 0.0]","[182.3094482421875, 4.5, 0.0]",5.103708436968464,5.033848762512207,-0.6496794925115346,5.052349494571335,-0.07553429076492435,0.0,0.03994344547390938,0.0,0.03994344547390938
29.892751,"[177.26966857910156, 6.449769973754883, 0.0]","[182.41229248046875, 4.5, 0.0]",5.090708145896519,5.012902259826898,-0.6500145535972557,5.050108789383572,-0.06985967445625718,0.0,0.039958685636520386,0.0,0.039958685636520386
29.909738,"[177.3716278076172, 6.454473972320557, 0.0]","[182.5125274658203, 4.5, 0.0]",5.0776975718785815,5.005541801452637,-0.6505287008968796,5.050266899005529,-0.07780588606962091,0.0,0.039993494749069214,0.0,0.039993494749069214
29.930542,"[177.47332763671875, 6.459175109863281, 0.0]","[182.61251831054688, 4.5, 0.0]",5.064678448844657,4.983624935150355,-0.6509561516962137,5.048082565719274,-0.07215577042594479,0.0,0.04001866653561592,0.0,0.04001866653561592
29.949922,"[177.57476806640625, 6.463873386383057, 0.0]","[182.71131896972656, 4.5, 0.0]",5.051653505294539,4.975225925445557,-0.6512471775059314,5.045917426209628,-0.08105351369430203,0.0,0.04003728926181793,0.0,0.04003728926181793
29.970717,"[177.6759490966797, 6.468568801879883, 0.0]","[182.8108367919922, 4.5, 0.0]",5.038687060758911,4.953381061554093,-0.6483222267813726,5.042827309009797,-0.07642757984898196,0.0,0.0398590974509716,0.0,0.0398590974509716
29.990174,"[177.77687072753906, 6.473261833190918, 0.0]","[182.91014099121094, 4.5, 0.0]",5.025711620132991,4.944904804229736,-0.6487720312959855,5.040715915004902,-0.0853059992048184,0.0,0.039885908365249634,0.0,0.039885908365249634
30.011537,"[177.87753295898438, 6.477952480316162, 0.0]","[183.00926208496094, 4.5, 0.0]",5.012729755802292,4.9229989051819905,-0.6490932165349683,5.038653993609144,-0.08080681590325511,0.0,0.039904993027448654,0.0,0.039904993027448654
30.030617,"[177.97793579101562, 6.482640743255615, 0.0]","[183.10617065429688, 4.5, 0.0]",4.999736560471421,4.913331985473633,-0.6496597665435644,5.036671181672986,-0.08973085062030162,0.0,0.039941005408763885,0.0,0.039941005408763885
30.05002,"[178.0780792236328, 6.487326622009277, 0.0]","[183.20504760742188, 4.5, 0.0]",4.986735277563175,4.893335342407247,-0.6500641454123102,5.032737829010241,-0.08640457499778798,0.0,0.03996536508202553,0.0,0.03996536508202553
30.070187,"[178.17796325683594, 6.492010593414307, 0.0]","[183.30323791503906, 4.5, 0.0]",4.973728707699273,4.876787185668972,-0.6503284931950848,5.031032898679366,-0.0933999351559276,0.0,0.039981722831726074,0.0,0.039981722831726074
30.090376,"[178.277587890625, 6.496692180633545, 0.0]","[183.3992462158203, 4.5, 0.0]",4.960017653227484,4.860606193542497,-0.6855527235894332,5.028902331922151,-0.09694152203030093,0.0,0.04214467853307724,0.0,0.04214467853307724
30.110898,"[178.376953125, 6.50137186050415, 0.0]","[183.4983673095703, 4.5, 0.0]",4.946304199099315,4.84377288818361,-0.6856727064084467,5.024850300971781,-0.09941145968498688,0.0,0.04215143248438835,0.0,0.04215143248438835
30.132921,"[178.47604370117188, 6.506049156188965, 0.0]","[183.59555053710938, 4.5, 0.0]",4.9325904230790965,4.825815677642836,-0.6856888010109419,5.024169007306695,-0.10253131091570555,0.0,0.0421505905687809,0.0,0.0421505905687809
30.150816,"[178.57485961914062, 6.51072359085083, 0.0]","[183.6886444091797, 4.5, 0.0]",4.918872119905881,4.8086147308349725,-0.6859151586607659,5.021824200981472,-0.10677474543626087,0.0,0.042166974395513535,0.0,0.042166974395513535
30.169281,"[178.67340087890625, 6.515395164489746, 0.0]","[183.7847442626953, 4.5, 0.0]",4.9051440482015325,4.790858745574961,-0.6864035852174322,5.015669705670263,-0.11025738907090865,0.0,0.04219760000705719,0.0,0.04219760000705719
30.191287,"[178.77166748046875, 6.520063877105713, 0.0]","[183.8829345703125, 4.5, 0.0]",4.890412335543413,4.772715568542485,-0.7365856329059728,5.012790654338896,-0.11428530262657155,0.0,0.045284222811460495,0.0,0.045284222811460495
30.210516,"[178.86965942382812, 6.524729251861572, 0.0]","[183.978515625, 4.5, 0.0]",4.875672285022397,4.754948616027839,-0.7370025260508228,5.012275752912383,-0.11769676700092813,0.0,0.04531320556998253,0.0,0.04531320556998253
30.230056,"[178.9673614501953, 6.529390811920166, 0.0]","[184.07135009765625, 4.5, 0.0]",4.860920565610362,4.736508369445808,-0.7375859706017174,5.009428254753526,-0.12072366899455744,0.0,0.045348234474658966,0.0,0.045348234474658966
30.249671,"[179.06475830078125, 6.534048080444336, 0.0]","[184.16708374023438, 4.5, 0.0]",4.8461476424843815,4.717492580413826,-0.7386461562990387,5.004126278848454,-0.12441219616455435,0.0,0.04541245475411415,0.0,0.04541245475411415
30.269987,"[179.161865234375, 6.538701057434082, 0.0]","[184.2598419189453, 4.5, 0.0]",4.831345704404887,4.699064731597902,-0.7400969039747185,5.002024144167528,-0.1286550620705551,0.0,0.04549712687730789,0.0,0.04549712687730789
30.290695,"[179.25868225097656, 6.543349266052246, 0.0]","[184.35594177246094, 4.5, 0.0]",4.815661744417959,4.679975509643558,-0.7841979993464143,4.997240758508052,-0.13228097280698492,0.0,0.04820942133665085,0.0,0.04820942133665085
30.310364,"[179.35519409179688, 6.54799222946167, 0.0]","[184.4496307373047, 4.5, 0.0]",4.799954376113601,4.661247730255129,-0.7853684152178797,4.99608398993658,-0.13568623477440056,0.0,0.04828299582004547,0.0,0.04828299582004547
30.330387,"[179.45140075683594, 6.552629470825195, 0.0]","[184.54115295410156, 4.5, 0.0]",4.784220818321273,4.641583919525151,-0.786677889616394,4.992824334988187,-0.13870664585847248,0.0,0.04836609959602356,0.0,0.04836609959602356
30.351241,"[179.5472869873047, 6.557260513305664, 0.0]","[184.6328582763672, 4.5, 0.0]",4.760757214955765,4.621885299682622,-1.1731801682754117,4.987706335301751,-0.1426368987961224,0.0,0.04845689609646797,0.0,0.04845689609646797
30.371361,"[179.64285278320312, 6.561885356903076, 0.0]","[184.7266845703125, 4.5, 0.0]",4.74361542349791,4.601727962493898,-0.8570895728927663,4.983091626122774,-0.13887191527314346,0.0,0.05133645236492157,0.0,0.05133645236492157
30.390378,"[179.73802185058594, 6.5648040771484375, 0.0]","[184.81895446777344, 4.5, 0.0]",4.726700664122516,4.581905364990239,-0.8457379687696776,4.980916529985662,-0.1418874610040115,0.0,0.051560789346694946,0.0,0.051560789346694946
30.40994,"[179.83282470703125, 6.568312644958496, 0.0]","[184.9093780517578, 4.5, 0.0]",4.709827139876211,4.562446594238283,-0.8436762123152697,4.9797236984830695,-0.1447952991322774,0.0,0.05171038955450058,0.0,0.05171038955450058
30.431817,"[179.92727661132812, 6.572103500366211, 0.0]","[185.00051879882812, 4.5, 0.0]",4.6929139743348065,4.542320728302004,-0.8456582770702159,4.976564628564532,-0.1473805456379278,0.0,0.051922038197517395,0.0,0.051922038197517395
30.451096,"[180.02139282226562, 6.576022148132324, 0.0]","[185.09202575683594, 4.5, 0.0]",4.675946749657808,4.5221085548400906,-0.8483612338499036,4.9740948663626,-0.15059324603280277,0.0,0.05211992934346199,0.0,0.05211992934346199
30.470752,"[180.11517333984375, 6.580002307891846, 0.0]","[185.18267822265625, 4.5, 0.0]",4.658686341383819,4.5054216384887695,-0.8630204136994557,4.97203713016958,-0.15383819481771788,0.0,0.053038954734802246,0.0,0.053038954734802246
30.491505,"[180.20860290527344, 6.584014892578125, 0.0]","[185.27285766601562, 4.5, 0.0]",4.641361588306442,4.4788417816162145,-0.8662376538688843,4.969246978920057,-0.1532647028950498,0.0,0.05324366316199303,0.0,0.05324366316199303
30.511341,"[180.30169677734375, 6.588046073913574, 0.0]","[185.36273193359375, 4.5, 0.0]",4.623980941841832,4.465683460235596,-0.8690323232305008,4.966176326427943,-0.16251980669022714,0.0,0.05342334881424904,0.0,0.05342334881424904
30.530871,"[180.39443969726562, 6.592087745666504, 0.0]","[185.45162963867188, 4.5, 0.0]",4.606549468656475,4.4396886825561594,-0.8715736592678436,4.9630246903052955,-0.1582974816062359,0.0,0.05357958376407623,0.0,0.05357958376407623
30.5503,"[180.48683166503906, 6.596133708953857, 0.0]","[185.5393829345703, 4.5, 0.0]",4.589073570809375,4.427276134490967,-0.8737948923549954,4.959170995789912,-0.1668607861003153,0.0,0.053714800626039505,0.0,0.053714800626039505
30.570385,"[180.57887268066406, 6.600181579589844, 0.0]","[185.62777709960938, 4.5, 0.0]",4.570601718370203,4.401392936706545,-0.9235926219585799,4.954478663045158,-0.16179743631840804,0.0,0.05677933618426323,0.0,0.05677933618426323
30.590576,"[180.67056274414062, 6.604232311248779, 0.0]","[185.71624755859375, 4.5, 0.0]",4.552089854083254,4.388823986053467,-0.9255932143474421,4.950748105054871,-0.1692087816636585,0.0,0.05690499022603035,0.0,0.05690499022603035
30.612592,"[180.7618865966797, 6.608280658721924, 0.0]","[185.80450439453125, 4.5, 0.0]",4.533533978125291,4.3630418777465865,-0.9277937978981576,4.947423177815852,-0.1632658680297876,0.0,0.05703519657254219,0.0,0.05703519657254219
30.629547,"[180.85284423828125, 6.612321853637695, 0.0]","[185.89144897460938, 4.5, 0.0]",4.514936332512153,4.351725101470947,-0.9298822806568907,4.944235207898273,-0.17049210037870477,0.0,0.057166315615177155,0.0,0.057166315615177155
30.650063,"[180.94342041015625, 6.616352558135986, 0.0]","[185.97764587402344, 4.5, 0.0]",4.496295060877052,4.327229022979737,-0.9320635817550826,4.940089571732494,-0.16321123104120616,0.0,0.057299163192510605,0.0,0.057299163192510605
30.672602,"[181.03363037109375, 6.620368957519531, 0.0]","[186.0628662109375, 4.5, 0.0]",4.477603128014614,4.316267490386963,-0.9345966431218766,4.935568728545482,-0.16906603789731456,0.0,0.057455841451883316,0.0,0.057455841451883316
30.690918,"[181.12347412109375, 6.6243696212768555, 0.0]","[186.14886474609375, 4.5, 0.0]",4.459039241363852,4.291814327239991,-0.9281943325381015,4.93043170220497,-0.16133563762765135,0.0,0.057059913873672485,0.0,0.057059913873672485
30.70958,"[181.2129364013672, 6.628353118896484, 0.0]","[186.23712158203125, 4.5, 0.0]",4.440427614339961,4.280324459075928,-0.9305813511945704,4.92643218561069,-0.1672249141238611,0.0,0.05720774456858635,0.0,0.05720774456858635
30.731256,"[181.30203247070312, 6.632318496704102, 0.0]","[186.32237243652344, 4.5, 0.0]",4.421763087286478,4.257256031036377,-0.9332263526741436,4.925066921847343,-0.16010315526403307,0.0,0.05737297609448433,0.0,0.05737297609448433
30.751181,"[181.3907470703125, 6.636265277862549, 0.0]","[186.40664672851562, 4.5, 0.0]",4.403048905412011,4.247705459594727,-0.9357090937233359,4.921061567333276,-0.16450705625010098,0.0,0.057525746524333954,0.0,0.057525746524333954
30.770448,"[181.47909545898438, 6.640193462371826, 0.0]","[186.49160766601562, 4.5, 0.0]",4.3842891435408875,4.2246904373168945,-0.9379880935561857,4.916459425616247,-0.15534344581728465,0.0,0.05766871199011803,0.0,0.05766871199011803
30.790506,"[181.5670623779297, 6.644103050231934, 0.0]","[186.57496643066406, 4.5, 0.0]",4.365415216251404,4.2153167724609375,-0.943696364474178,4.912907445072667,-0.15959870622399297,0.0,0.05801963433623314,0.0,0.05801963433623314
30.810128,"[181.6546630859375, 6.647994041442871, 0.0]","[186.660888671875, 4.5, 0.0]",4.346485512137135,4.192215919494629,-0.9464852057134543,4.908135224972213,-0.15009844379046644,0.0,0.058186210691928864,0.0,0.058186210691928864
30.831612,"[181.74188232421875, 6.651866436004639, 0.0]","[186.74468994140625, 4.5, 0.0]",4.327507711879642,4.183980941772461,-0.9488900128746369,4.906290029745286,-0.15426959264250595,0.0,0.058334797620773315,0.0,0.058334797620773315
30.850874,"[181.82872009277344, 6.655720233917236, 0.0]","[186.82786560058594, 4.5, 0.0]",4.308485593480499,4.1625285148620605,-0.9511059199571736,4.902706607749236,-0.14352677010718118,0.0,0.058469127863645554,0.0,0.058469127863645554
30.87039,"[181.91519165039062, 6.659555912017822, 0.0]","[186.91123962402344, 4.5, 0.0]",4.289416203214479,4.154369354248047,-0.9534695133009752,4.898879482370095,-0.1459570786184381,0.0,0.05861438065767288,0.0,0.05861438065767288
30.890122,"[182.00128173828125, 6.663373947143555, 0.0]","[186.99234008789062, 4.5, 0.0]",4.271318931883006,4.133286476135254,-0.9048635665736438,4.895617186937499,-0.13504684896643226,0.0,0.05563196912407875,0.0,0.05563196912407875
30.90968,"[182.0869903564453, 6.667173862457275, 0.0]","[187.07708740234375, 4.5, 0.0]",4.253162687400968,4.124960422515869,-0.9078122241019226,4.8904644889442235,-0.13803245574775236,0.0,0.05581317096948624,0.0,0.05581317096948624
30.932432,"[182.17233276367188, 6.670957088470459, 0.0]","[187.15943908691406, 4.5, 0.0]",4.234954999213618,4.104618072509767,-0.910384409367504,4.88933601877412,-0.12820226488509867,0.0,0.055972129106521606,0.0,0.055972129106521606
30.950841,"[182.25730895996094, 6.6747236251831055, 0.0]","[187.24072265625, 4.5, 0.0]",4.216699595778993,4.097786903381348,-0.9127701717312586,4.886181173091166,-0.13033692670385033,0.0,0.0561135895550251,0.0,0.0561135895550251
30.970717,"[182.3419189453125, 6.678473472595215, 0.0]","[187.3226318359375, 4.5, 0.0]",4.1984041887038375,4.077519416809082,-0.9147703537577545,4.882325849608814,-0.1189126923976449,0.0,0.05623822659254074,0.0,0.05623822659254074
30.992489,"[182.42616271972656, 6.682206630706787, 0.0]","[187.40472412109375, 4.5, 0.0]",4.180714147090301,4.070553302764893,-0.88450208067683,4.879462434801246,-0.12088477189475544,0.0,0.054379530251026154,0.0,0.054379530251026154
31.01108,"[182.5100555419922, 6.685923099517822, 0.0]","[187.48495483398438, 4.5, 0.0]",4.162977518938581,4.053934097290039,-0.8868314075860084,4.877147260368266,-0.11016084432540829,0.0,0.0545201450586319,0.0,0.0545201450586319
31.033059,"[182.5935821533203, 6.6896233558654785, 0.0]","[187.56561279296875, 4.5, 0.0]",4.1451981138281155,4.041121482849121,-0.8889702555232581,4.873324641487216,-0.10904342164854164,0.0,0.054647047072649,0.0,0.054647047072649
31.051984,"[182.6767578125, 6.693307399749756, 0.0]","[187.64573669433594, 4.5, 0.0]",4.127390251824212,4.028390407562256,-0.8903931001951637,4.870295100417133,-0.10407663097899444,0.0,0.054739125072956085,0.0,0.054739125072956085
31.072063,"[182.75958251953125, 6.696975231170654, 0.0]","[187.72666931152344, 4.5, 0.0]",4.109552011586052,4.015533447265625,-0.8919120119080137,4.867083350376731,-0.0989998442619564,0.0,0.0548284575343132,0.0,0.0548284575343132
31.093753,"[182.84205627441406, 6.700627326965332, 0.0]","[187.80706787109375, 4.5, 0.0]",4.092964437810592,4.002761363983154,-0.8293786887730192,4.865031171689103,-0.09401856432042699,0.0,0.05098937824368477,0.0,0.05098937824368477
31.111646,"[182.92416381835938, 6.704263210296631, 0.0]","[187.88877868652344, 4.5, 0.0]",4.0763387952810355,3.9897968769073486,-0.8312821264778059,4.862796763883272,-0.09020307382743731,0.0,0.051103003323078156,0.0,0.051103003323078156
31.133122,"[183.0059356689453, 6.707884311676025, 0.0]","[187.9685821533203, 4.5, 0.0]",4.0596769756291895,3.977334499359131,-0.8330909825922994,4.862239575309843,-0.08654191837368685,0.0,0.0512150339782238,0.0,0.0512150339782238
31.150473,"[183.08738708496094, 6.711490631103516, 0.0]","[188.04721069335938, 4.5, 0.0]",4.042986587595581,3.965055227279663,-0.8345194016804225,4.860113247047844,-0.08234247627005864,0.0,0.051302749663591385,0.0,0.051302749663591385
31.170399,"[183.1685028076172, 6.715082168579102, 0.0]","[188.12648010253906, 4.5, 0.0]",4.02627522871763,3.9526772499084473,-0.8355679438975638,4.857133918040484,-0.07793136031591796,0.0,0.05137093737721443,0.0,0.05137093737721443
31.192642,"[183.24928283691406, 6.718658924102783, 0.0]","[188.20443725585938, 4.5, 0.0]",4.010602520268947,3.940502405166626,-0.7836354224341591,4.855130526453058,-0.07359797880918251,0.0,0.04817551001906395,0.0,0.04817551001906395
31.210227,"[183.32972717285156, 6.7222208976745605, 0.0]","[188.28488159179688, 4.5, 0.0]",3.994908833066907,3.9279379844665527,-0.7846843601019726,4.8521521823768685,-0.07010011510232061,0.0,0.04824037849903107,0.0,0.04824037849903107
31.229767,"[183.4098663330078, 6.72576904296875, 0.0]","[188.3634033203125, 4.5, 0.0]",3.979204645282999,3.9156415462493896,-0.785209389195396,4.851994929370149,-0.0669708486003544,0.0,0.04827207699418068,0.0,0.04827207699418068
31.249303,"[183.48968505859375, 6.729303359985352, 0.0]","[188.4411163330078, 4.5, 0.0]",3.963498539494046,3.903473615646363,-0.7853052894476686,4.850222440892864,-0.06356309903360957,0.0,0.048280268907547,0.0,0.048280268907547
31.2701,"[183.56919860839844, 6.732823848724365, 0.0]","[188.51780700683594, 4.5, 0.0]",3.9477952919279455,3.891462564468384,-0.7851623783050155,4.847962761861092,-0.060024923847682654,0.0,0.048269592225551605,0.0,0.048269592225551605
31.29129,"[183.6483917236328, 6.736330509185791, 0.0]","[188.59744262695312, 4.5, 0.0]",3.933012274130368,3.8789918422698975,-0.7391508898788812,4.8449878868553,-0.05633272745956175,0.0,0.04544113576412201,0.0,0.04544113576412201
31.310191,"[183.72726440429688, 6.739823341369629, 0.0]","[188.6750030517578, 4.5, 0.0]",3.9182244754906366,3.866832733154297,-0.7393899319865671,4.845274177215597,-0.05402043186047045,0.0,0.04545651003718376,0.0,0.04545651003718376
31.330442,"[183.80584716796875, 6.743303298950195, 0.0]","[188.75228881835938, 4.5, 0.0]",3.903434750275503,3.854571580886841,-0.7394862607566832,4.843809343042363,-0.051391742336339696,0.0,0.045462772250175476,0.0,0.045462772250175476
31.349544,"[183.88414001464844, 6.746769905090332, 0.0]","[188.8290252685547, 4.5, 0.0]",3.888652650941164,3.8423972129821777,-0.7391049667169414,4.8423603240922235,-0.04886316938866209,0.0,0.04543974995613098,0.0,0.04543974995613098
31.371292,"[183.96212768554688, 6.750223636627197, 0.0]","[188.90548706054688, 4.5, 0.0]",3.8738762746429662,3.830268144607544,-0.7388188149098918,4.840651768092893,-0.046255437958986345,0.0,0.04541989788413048,0.0,0.04541989788413048
31.39056,"[184.03982543945312, 6.753664016723633, 0.0]","[188.98248291015625, 4.5, 0.0]",3.859820611767626,3.8180532455444336,-0.7027831437670162,4.838974925362746,-0.0436081300354223,0.0,0.04320554435253143,0.0,0.04320554435253143
31.410797,"[184.1172332763672, 6.757091522216797, 0.0]","[189.0588836669922, 4.5, 0.0]",3.84577163060186,3.8059170246124268,-0.7024490582882903,4.838121842136287,-0.041767366223192326,0.0,0.04318426921963692,0.0,0.04318426921963692
31.432348,"[184.19435119628906, 6.760506629943848, 0.0]","[189.1349334716797, 4.5, 0.0]",3.8317340968266973,3.796985387802124,-0.7018766887581407,4.836964122966928,-0.039854605989433356,0.0,0.04314829409122467,0.0,0.04314829409122467
31.452704,"[184.2711944580078, 6.763909339904785, 0.0]","[189.2102508544922, 4.5, 0.0]",3.817704192887439,3.7781739234924325,-0.7014951969629202,4.835746636467334,-0.03474870902457328,0.0,0.04312753677368164,0.0,0.04312753677368164
31.471992,"[184.34774780273438, 6.767299652099609, 0.0]","[189.2860107421875, 4.5, 0.0]",3.804365433790652,3.772625684738159,-0.6669379548393417,4.834072054397916,-0.03953026939500637,0.0,0.04100187495350838,0.0,0.04100187495350838
31.492108,"[184.4240264892578, 6.77067756652832, 0.0]","[189.36158752441406, 4.5, 0.0]",3.7910285742425245,3.753770112991333,-0.6668429774063789,4.83313005723624,-0.03173974905249288,0.0,0.04099578037858009,0.0,0.04099578037858009
31.511813,"[184.5000457763672, 6.774043560028076, 0.0]","[189.4368438720703, 4.5, 0.0]",3.7777050761360305,3.748286485671997,-0.6661749053247012,4.832278748816596,-0.03725846125119148,0.0,0.040954526513814926,0.0,0.040954526513814926
31.533307,"[184.57579040527344, 6.777397632598877, 0.0]","[189.5116729736328, 4.5, 0.0]",3.76440353391329,3.729351758956909,-0.6650771111370135,4.83136765374618,-0.02941859046403339,0.0,0.04088757932186127,0.0,0.04088757932186127
31.551422,"[184.65127563476562, 6.780739784240723, 0.0]","[189.58554077148438, 4.5, 0.0]",3.75112204341125,3.723909854888916,-0.6640745251019986,4.830305643606486,-0.03505177495638101,0.0,0.04082505777478218,0.0,0.04082505777478218
31.572059,"[184.7264862060547, 6.7840704917907715, 0.0]","[189.65989685058594, 4.5, 0.0]",3.7378586879422606,3.705052375793458,-0.6631677734494801,4.828542613791214,-0.027212188522334202,0.0,0.04076853767037392,0.0,0.04076853767037392
31.596129,"[184.8014373779297, 6.787389278411865, 0.0]","[189.73544311523438, 4.5, 0.0]",3.7245972419098865,3.699333429336548,-0.6630723016187057,4.827541285852788,-0.032806312148802697,0.0,0.040764085948467255,0.0,0.040764085948467255
31.610669,"[184.87611389160156, 6.790696144104004, 0.0]","[189.80726623535156, 4.5, 0.0]",3.7113577570347203,3.680877685546875,-0.661974243758312,4.827988650300142,-0.02526381257333865,0.0,0.04069558158516884,0.0,0.04069558158516884
31.632165,"[184.95053100585938, 6.793991565704346, 0.0]","[189.88072204589844, 4.5, 0.0]",3.6981450009754844,3.6753010749816895,-0.6606378029617943,4.824992098273371,-0.03048007148784526,0.0,0.04061513766646385,0.0,0.04061513766646385
31.651133,"[185.02468872070312, 6.797275066375732, 0.0]","[189.95370483398438, 4.5, 0.0]",3.684953238171529,3.6564650535583496,-0.6595881401977755,4.823886625186557,-0.022843925993794922,0.0,0.04054994136095047,0.0,0.04054994136095047
31.671849,"[185.09857177734375, 6.800547122955322, 0.0]","[190.0284881591797, 4.5, 0.0]",3.671777960767069,3.6506659984588623,-0.6587638702229892,4.822567932601318,-0.028488184613179257,0.0,0.040498822927474976,0.0,0.040498822927474976
31.691939,"[185.1721954345703, 6.803807258605957, 0.0]","[190.10015869140625, 4.5, 0.0]",3.6592166660413494,3.632049798965454,-0.6280647362859826,4.8233219057918015,-0.021111962308206778,0.0,0.03860994800925255,0.0,0.03860994800925255
31.711589,"[185.2455596923828, 6.8070526123046875, 0.0]","[190.17311096191406, 4.5, 0.0]",3.646673682134383,3.626542568206787,-0.6271491953483199,4.821226810780888,-0.02716686707589533,0.0,0.038550376892089844,0.0,0.038550376892089844
31.732512,"[185.3186798095703, 6.810275554656982, 0.0]","[190.24691772460938, 4.5, 0.0]",3.634144739285384,3.6073529720306396,-0.6264471424499485,4.820675694773253,-0.020131113927595923,0.0,0.03850821778178215,0.0,0.03850821778178215
31.75091,"[185.39154052734375, 6.813472270965576, 0.0]","[190.3182830810547, 4.5, 0.0]",3.621632461490379,3.6019160747528076,-0.6256138897502428,4.821239955685461,-0.026791767254744414,0.0,0.038455795496702194,0.0,0.038455795496702194
31.771183,"[185.4641571044922, 6.816640377044678, 0.0]","[190.38873291015625, 4.5, 0.0]",3.6091388615514126,3.5832960605621342,-0.6246799969483297,4.819646099527303,-0.01971638673757159,0.0,0.03839733824133873,0.0,0.03839733824133873
31.795076,"[185.53651428222656, 6.819778919219971, 0.0]","[190.46290588378906, 4.5, 0.0]",3.59647420699512,3.5773801803588867,-0.6332327278146366,4.817410187683232,-0.02584280098927838,0.0,0.03892277181148529,0.0,0.03892277181148529
31.814908,"[185.60862731933594, 6.822887897491455, 0.0]","[190.5337677001953, 4.5, 0.0]",3.5838334470003073,3.558676242828369,-0.6320379997406311,4.819183096463024,-0.019094026636233163,0.0,0.03885175287723541,0.0,0.03885175287723541
31.832497,"[185.6804962158203, 6.825968265533447, 0.0]","[190.60357666015625, 4.5, 0.0]",3.5712174024842915,3.553295135498047,-0.6308022258007862,4.81792190396542,-0.02515720417193812,0.0,0.0387779176235199,0.0,0.0387779176235199
31.850721,"[185.75210571289062, 6.829021453857422, 0.0]","[190.6747283935547, 4.5, 0.0]",3.5586253245376445,3.534346580505371,-0.6296038973323537,4.815880041957284,-0.01792226698624466,0.0,0.03870473802089691,0.0,0.03870473802089691
31.871709,"[185.82347106933594, 6.832050323486328, 0.0]","[190.7451629638672, 4.5, 0.0]",3.5460576717557695,3.528855800628662,-0.6283826390937497,4.815463027615342,-0.02427874403227337,0.0,0.03863101825118065,0.0,0.03863101825118065
31.889416,"[185.8945770263672, 6.835057735443115, 0.0]","[190.81568908691406, 4.5, 0.0]",3.533944763429191,3.5100171566009526,-0.605645416328926,4.814590840962713,-0.01720187112710736,0.0,0.037233926355838776,0.0,0.037233926355838776
31.909777,"[185.96543884277344, 6.838046550750732, 0.0]","[190.88735961914062, 4.5, 0.0]",3.521852397442261,3.5043013095855713,-0.6046182993465044,4.814084543223118,-0.023927606828238357,0.0,0.037172526121139526,0.0,0.037172526121139526
31.93013,"[186.0360565185547, 6.841020584106445, 0.0]","[190.95729064941406, 4.5, 0.0]",3.5097781945823066,3.4887588024139404,-0.6037101429977154,4.81497318238305,-0.017551087856689573,0.0,0.03711420297622681,0.0,0.03711420297622681
31.951403,"[186.10643005371094, 6.8439836502075195, 0.0]","[191.02639770507812, 4.5, 0.0]",3.4977230504889123,3.4766926765441895,-0.6027572046697127,4.814367978412734,-0.021019392168366124,0.0,0.03705694153904915,0.0,0.03705694153904915
31.969008,"[186.1765594482422, 6.846940040588379, 0.0]","[191.09442138671875, 4.5, 0.0]",3.485693164013602,3.464816093444824,-0.6014943237655057,4.813178635324949,-0.021030373944722847,0.0,0.03697758913040161,0.0,0.03697758913040161
31.989712,"[186.24644470214844, 6.8498945236206055, 0.0]","[191.1655731201172, 4.5, 0.0]",3.473535388948638,3.452392339706421,-0.6078887532482202,4.811138632026272,-0.020877070568777967,0.0,0.037369053810834885,0.0,0.037369053810834885
32.008157,"[186.31610107421875, 6.852850437164307, 0.0]","[191.2333984375, 4.5, 0.0]",3.4614004473563265,3.4405574798583984,-0.6067470796155661,4.812447664504254,-0.021143049242216883,0.0,0.03729989752173424,0.0,0.03729989752173424
32.029424,"[186.38551330566406, 6.855810642242432, 0.0]","[191.30340576171875, 4.5, 0.0]",3.4492858970663565,3.4284324645996094,-0.6057275144984997,4.810636108411522,-0.020842967497928022,0.0,0.03723803907632828,0.0,0.03723803907632828
32.048557,"[186.45468139648438, 6.8587727546691895, 0.0]","[191.37034606933594, 4.5, 0.0]",3.4371904954625223,3.4168407917022705,-0.6047700801917077,4.811218473952684,-0.02085343246674709,0.0,0.037180617451667786,0.0,0.037180617451667786
32.070019,"[186.5236053466797, 6.8617329597473145, 0.0]","[191.4385223388672, 4.5, 0.0]",3.4251288238736493,3.4050345420837402,-0.6030835794436529,4.808953073674208,-0.020349703760251803,0.0,0.03707721829414368,0.0,0.03707721829414368
32.09055,"[186.59228515625, 6.864689350128174, 0.0]","[191.50732421875, 4.5, 0.0]",3.413088861322442,3.393120527267456,-0.6019981275603659,4.808144402610577,-0.02009428178990902,0.0,0.03701019659638405,0.0,0.03701019659638405
32.111589,"[186.6607208251953, 6.867640018463135, 0.0]","[191.5752410888672, 4.5, 0.0]",3.401067783330014,3.381394863128662,-0.6010538996213954,4.808189552415363,-0.01996833405498588,0.0,0.03694990649819374,0.0,0.03694990649819374
32.131218,"[186.72891235351562, 6.870584487915039, 0.0]","[191.6427459716797, 4.5, 0.0]",3.3890728040869216,3.3702828884124756,-0.5997489621546226,4.8075834671640525,-0.019672920201351918,0.0,0.036872152239084244,0.0,0.036872152239084244
32.15217,"[186.796875, 6.873521327972412, 0.0]","[191.71066284179688, 4.5, 0.0]",3.3770986013431803,3.359100341796875,-0.598710137187064,4.8067997398233775,-0.01878991567444599,0.0,0.03680584207177162,0.0,0.03680584207177162
32.172161,"[186.86459350585938, 6.876450061798096, 0.0]","[191.7763671875, 4.5, 0.0]",3.3652009516802437,3.3482844829559335,-0.5948824831468302,4.806649798382483,-0.017998259546305295,0.0,0.036572184413671494,0.0,0.036572184413671494
32.190869,"[186.93206787109375, 6.879369735717773, 0.0]","[191.84371948242188, 4.5, 0.0]",3.353327222850937,3.33719539642334,-0.5936864414653353,4.804528201391105,-0.016916468724310185,0.0,0.03649885579943657,0.0,0.03649885579943657
32.209137,"[186.9993133544922, 6.882279872894287, 0.0]","[191.91183471679688, 4.5, 0.0]",3.3414733802902754,3.326084852218628,-0.5926921280330788,4.804292875188249,-0.01613182642759714,0.0,0.0364377386868,0.0,0.0364377386868
32.228917,"[187.06631469726562, 6.8851799964904785, 0.0]","[191.9773406982422, 4.5, 0.0]",3.329636764094052,3.3165853023529053,-0.591830809811178,4.805046814221792,-0.015388528071647478,0.0,0.03638526797294617,0.0,0.03638526797294617
32.249601,"[187.13308715820312, 6.8880696296691895, 0.0]","[192.04425048828125, 4.5, 0.0]",3.3178218325924984,3.306882381439209,-0.5907465750776719,4.803435194182991,-0.013051461741146575,0.0,0.036316677927970886,0.0,0.036316677927970886
32.268521,"[187.19961547851562, 6.89094877243042, 0.0]","[192.10926818847656, 4.5, 0.0]",3.306243013825161,3.297455310821533,-0.5789409383668787,4.803452789518266,-0.010939451153289426,0.0,0.03559239208698273,0.0,0.03559239208698273
32.289839,"[187.2659149169922, 6.89381742477417, 0.0]","[192.17674255371094, 4.5, 0.0]",3.2947978849456274,3.2876701354980473,-0.5722564439766709,4.801823398498546,-0.008787703003627634,0.0,0.03518133610486984,0.0,0.03518133610486984
32.309604,"[187.3319854736328, 6.8966755867004395, 0.0]","[192.242431640625, 4.5, 0.0]",3.2833675384887386,3.27831768989563,-0.5715173228444392,4.802877164625356,-0.007127749447580101,0.0,0.03513346239924431,0.0,0.03513346239924431
32.330093,"[187.3978271484375, 6.899523735046387, 0.0]","[192.3081817626953, 4.5, 0.0]",3.2719577130541566,3.2709653377532963,-0.5704912717291011,4.802375059161624,-0.005049848593108752,0.0,0.03507182002067566,0.0,0.03507182002067566
32.350165,"[187.46343994140625, 6.9023613929748535, 0.0]","[192.37327575683594, 4.5, 0.0]",3.2605717794382048,3.267019033432007,-0.569296680797593,4.80216234305866,-0.000992375300860271,0.0,0.03499904274940491,0.0,0.03499904274940491
32.369537,"[187.52882385253906, 6.905189037322998, 0.0]","[192.43704223632812, 4.5, 0.0]",3.2492126320291046,3.253221273422241,-0.5679573704550078,4.801521844796985,0.006447253993802082,0.0,0.034917768090963364,0.0,0.034917768090963364
32.390463,"[187.59397888183594, 6.908006191253662, 0.0]","[192.5025634765625, 4.5, 0.0]",3.2384683071278735,3.2525618076324463,-0.5372162450615559,4.799785216127697,0.004008641393136614,0.0,0.033027954399585724,0.0,0.033027954399585724
32.408294,"[187.65890502929688, 6.910813331604004, 0.0]","[192.56748962402344, 4.5, 0.0]",3.227749846492496,3.2388145923614506,-0.5359230317688812,4.8000308358820005,0.014093500504572809,0.0,0.032949384301900864,0.0,0.032949384301900864
32.429222,"[187.72361755371094, 6.913610935211182, 0.0]","[192.63253784179688, 4.5, 0.0]",3.217056785286642,3.2412354946136475,-0.5346530602927002,4.799911021625724,0.011064745868954784,0.0,0.032868705689907074,0.0,0.032868705689907074
32.450559,"[187.78811645507812, 6.916399002075195, 0.0]","[192.6971435546875, 4.5, 0.0]",3.206390086564696,3.2303507328033447,-0.533334936097285,4.800126303790729,0.02417870932700561,0.0,0.032787490636110306,0.0,0.032787490636110306
32.468259,"[187.85240173339844, 6.919177532196045, 0.0]","[192.7617645263672, 4.5, 0.0]",3.196338221834088,3.2327990531921387,-0.5025932365304131,4.800112981164478,0.023960646238648575,0.0,0.030898401513695717,0.0,0.030898401513695717
32.488584,"[187.91647338867188, 6.9219465255737305, 0.0]","[192.82666015625, 4.5, 0.0]",3.18630744449084,3.2218964099884033,-0.5015388671623988,4.800328739438297,0.03646083135805078,0.0,0.03083205781877041,0.0,0.03083205781877041
32.50877,"[187.9803466796875, 6.924706935882568, 0.0]","[192.8913116455078, 4.5, 0.0]",3.176306329590679,3.224540948867798,-0.5000557450080434,4.801032385677372,0.03558896549756341,0.0,0.030742298811674118,0.0,0.030742298811674118
32.530333,"[188.04400634765625, 6.9274582862854, 0.0]","[192.95582580566406, 4.5, 0.0]",3.1663396436270945,3.216721534729004,-0.49833429817922603,4.801690668841512,0.048234619277118806,0.0,0.030636316165328026,0.0,0.030636316165328026
32.548881,"[188.1074676513672, 6.930201053619385, 0.0]","[193.01992797851562, 4.5, 0.0]",3.156403544576108,3.222243309020996,-0.49680495254933454,4.802425565988175,0.05038189110190938,0.0,0.030542058870196342,0.0,0.030542058870196342
32.569473,"[188.1707305908203, 6.9329352378845215, 0.0]","[193.0841827392578, 4.5, 0.0]",3.1483164655635716,3.2144279479980473,-0.40435395062681234,4.80294811300213,0.06583976444488826,0.0,0.024858299642801285,0.0,0.024858299642801285
32.590726,"[188.23379516601562, 6.9356608390808105, 0.0]","[193.1492919921875, 4.5, 0.0]",3.140255182516462,3.2199318408966064,-0.4030641523554701,4.803820953116291,0.06611148243447573,0.0,0.0247807614505291,0.0,0.0247807614505291
32.608715,"[188.2967071533203, 6.938379287719727, 0.0]","[193.21327209472656, 4.5, 0.0]",3.1322215932846307,3.2123217582702637,-0.4016794615915753,4.805746390668975,0.07967665838014426,0.0,0.024695519357919693,0.0,0.024695519357919693
32.62907,"[188.3594512939453, 6.941091060638428, 0.0]","[193.27822875976562, 4.5, 0.0]",3.124224292234349,3.2210967540740967,-0.3998650525140812,4.806697191338699,0.080100164985633,0.0,0.024582240730524063,0.0,0.024582240730524063
32.648304,"[188.4220428466797, 6.943795680999756, 0.0]","[193.34231567382812, 4.5, 0.0]",3.116279494725323,3.216508388519287,-0.3972398754513051,4.8087905653198835,0.09687246183974763,0.0,0.02442251332104206,0.0,0.02442251332104206
32.669139,"[188.48446655273438, 6.946493625640869, 0.0]","[193.40713500976562, 4.5, 0.0]",3.1107707428805127,3.225278615951538,-0.2754375922405128,4.81016775385199,0.10022889379396416,0.0,0.0169338658452034,0.0,0.0169338658452034
32.689111,"[188.54673767089844, 6.949184417724609, 0.0]","[193.47149658203125, 4.5, 0.0]",3.105307810927792,3.2206997871398926,-0.27314659763604254,4.812444659610248,0.11450787307102539,0.0,0.016791831701993942,0.0,0.016791831701993942
32.709751,"[188.60890197753906, 6.951870441436768, 0.0]","[193.53700256347656, 4.5, 0.0]",3.0998983282241253,3.2297558784484863,-0.2704741351833295,4.81441698301492,0.11539197621210073,0.0,0.016627805307507515,0.0,0.016627805307507515
32.729936,"[188.6709442138672, 6.954552173614502, 0.0]","[193.60101318359375, 4.5, 0.0]",3.0945546996320745,3.2283546924591064,-0.26718142960253655,4.817640629696733,0.12985755022436107,0.0,0.016426144167780876,0.0,0.016426144167780876
32.749058,"[188.73287963867188, 6.957229137420654, 0.0]","[193.66542053222656, 4.5, 0.0]",3.0892855163008024,3.2403197288513184,-0.2634591665636066,4.819491743798626,0.13379999282703192,0.0,0.01619783230125904,0.0,0.01619783230125904
32.768913,"[188.79470825195312, 6.959901332855225, 0.0]","[193.7314910888672, 4.5, 0.0]",3.08409555823972,3.239088296890259,-0.2594979030541289,4.821845424476323,0.15103421255051597,0.0,0.015952516347169876,0.0,0.015952516347169876
32.788571,"[188.85643005371094, 6.962569236755371, 0.0]","[193.794921875, 4.5, 0.0]",3.080784181000604,3.2509734630584717,-0.16556886195580045,4.8259683904396,0.15499273865053897,0.0,0.010178596712648869,0.0,0.010178596712648869
32.809564,"[188.91806030273438, 6.9652323722839355, 0.0]","[193.8611602783203, 4.5, 0.0]",3.077543442386091,3.2499945163726807,-0.16203693072565084,4.827560233578152,0.17018928205786787,0.0,0.009960295632481575,0.0,0.009960295632481575
32.830303,"[188.9796142578125, 6.967892646789551, 0.0]","[193.92578125, 4.5, 0.0]",3.074381922607829,3.2649521827697754,-0.15807598891308672,4.832048748132219,0.17245107398658988,0.0,0.009718555957078934,0.0,0.009718555957078934
32.848701,"[189.04110717773438, 6.970550060272217, 0.0]","[193.99124145507812, 4.5, 0.0]",3.071311091115062,3.2700183391571045,-0.1535415746383606,4.834998398479752,0.19057026016194634,0.0,0.009438424371182919,0.0,0.009438424371182919
32.868792,"[189.1025390625, 6.973205089569092, 0.0]","[194.0566864013672, 4.5, 0.0]",3.0683404860515147,3.278414726257324,-0.14853025317735913,4.8388472449803155,0.19870724804204265,0.0,0.00913151167333126,0.0,0.00913151167333126
32.889348,"[189.16390991210938, 6.975857257843018, 0.0]","[194.12376403808594, 4.5, 0.0]",3.0682354808995718,3.287020206451417,-0.005250257597144703,4.84274157059749,0.21007424020580956,0.0,0.00032230289070867,0.0,0.00032230289070867
32.908308,"[189.2252197265625, 6.978507041931152, 0.0]","[194.1890411376953, 4.5, 0.0]",3.0682192385181417,3.295609712600708,-0.0008121190715026927,4.8483295966173205,0.21878472555184514,0.0,4.953394818585366e-05,0.0,4.953394818585366e-05
32.930101,"[189.28652954101562, 6.981156826019287, 0.0]","[194.2559051513672, 4.5, 0.0]",3.0682535889607823,3.3068630695343018,0.0017175221320275824,4.852178773282289,0.2273904740825663,0.000627232511760667,0.0,0.000627232511760667,0.0
32.951192,"[189.34783935546875, 6.983806133270264, 0.0]","[194.32078552246094, 4.5, 0.0]",3.0683356712990606,3.3177812099456787,0.0041041169139166556,4.857613742786869,0.2386094805735195,0.0014806652325205505,0.0,0.0014806652325205505,0.0
32.968381,"[189.40914916992188, 6.986455917358398, 0.0]","[194.38706970214844, 4.5, 0.0]",3.068468347748157,3.3289339542388916,0.006633822454826799,4.86106550480086,0.24944553864661811,0.002403947728453204,0.0,0.002403947728453204,0.0
32.989596,"[189.470458984375, 6.989105701446533, 0.0]","[194.4552001953125, 4.5, 0.0]",3.069646275762051,3.340399980545044,0.058896400694696815,4.865920821632646,0.26046560649073447,0.021320416126400232,0.0,0.021320416126400232,0.0
33.008972,"[189.53176879882812, 6.991755485534668, 0.0]","[194.52163696289062, 4.5, 0.0]",3.0708709751659686,3.351759433746338,0.06123497019587809,4.8726218095293286,0.2707537047829929,0.02217896282672882,0.0,0.02217896282672882,0.0
33.029645,"[189.59310913085938, 6.994406223297119, 0.0]","[194.5897674560547, 4.5, 0.0]",3.0721434077522516,3.3654773235321045,0.06362162931414783,4.8776295731006325,0.28088845858036926,0.023039181251078844,0.0,0.023039181251078844,0.0
33.049049,"[189.6544647216797, 6.997057914733887, 0.0]","[194.6572723388672, 4.5, 0.0]",3.0734664293022624,3.3790686130523686,0.0661510775005425,4.8842993130618115,0.2933339157798529,0.0239502708427608,0.0,0.0239502708427608,0.0
33.069565,"[189.71585083007812, 6.999711036682129, 0.0]","[194.7241668701172, 4.5, 0.0]",3.074840999034804,3.3925390243530273,0.06872848662706765,4.890327658251098,0.30560218375010617,0.02488506492227316,0.0,0.02488506492227316,0.0
33.091049,"[189.7772674560547, 7.0023651123046875, 0.0]","[194.7930450439453, 4.5, 0.0]",3.077393497424642,3.4064104557037354,0.1276249194919199,4.895716391311052,0.31769802531822355,0.046217492781579494,0.0,0.046217492781579494,0.0
33.110231,"[189.8386993408203, 7.0050201416015625, 0.0]","[194.86085510253906, 4.5, 0.0]",3.0799879974892197,3.4202184677124023,0.12972500322887548,4.90305674855109,0.32901695827909316,0.04696720279753208,0.0,0.04696720279753208,0.0
33.12979,"[189.9001922607422, 7.0076775550842285, 0.0]","[194.93032836914062, 4.5, 0.0]",3.0826264067286266,3.4360480308532715,0.13192046197034735,4.909314339541249,0.34023047022318265,0.04777551628649235,0.0,0.04777551628649235,0.0
33.149032,"[189.96173095703125, 7.0103373527526855, 0.0]","[194.9992218017578, 4.5, 0.0]",3.0853115822110437,3.4517483711242676,0.13425877412085452,4.917173231402024,0.35342162412464484,0.04862254951149225,0.0,0.04862254951149225,0.0
33.168262,"[190.02333068847656, 7.012999057769775, 0.0]","[195.06707763671875, 4.5, 0.0]",3.0880454475210604,3.467209577560425,0.13669326550083127,4.924406269118329,0.36643678891322384,0.04949094261974096,0.0,0.04949094261974096,0.0
33.191215,"[190.08497619628906, 7.015663146972656, 0.0]","[195.1378936767578, 4.5, 0.0]",3.092067971070727,3.4833462238311768,0.20112617748333506,4.930541979489103,0.37916413003936444,0.07282009813934565,0.0,0.07282009813934565,0.0
33.208515,"[190.1466827392578, 7.018329620361328, 0.0]","[195.20684814453125, 4.5, 0.0]",3.09612963086304,3.499178409576416,0.20308298961564386,4.939588934935651,0.3912782527604497,0.07353498134762049,0.0,0.07353498134762049,0.0
33.229851,"[190.20846557617188, 7.020999908447266, 0.0]","[195.27818298339844, 4.5, 0.0]",3.1002304243245082,3.5169379711151123,0.20503967307341497,4.946714972897196,0.4030487787133761,0.07423929870128632,0.0,0.07423929870128632,0.0
33.248284,"[190.27032470703125, 7.0236735343933105, 0.0]","[195.3475799560547, 4.5, 0.0]",3.104372269892601,3.5342137813568115,0.2070922784046303,4.956143503747815,0.41670754679060407,0.07499012630432844,0.0,0.07499012630432844,0.0
33.268745,"[190.332275390625, 7.026350498199463, 0.0]","[195.4186553955078, 4.5, 0.0]",3.1085570705637995,3.5552408695220947,0.20924003355993204,4.963559610173904,0.4298415114642107,0.07576629985123873,0.0,0.07576629985123873,0.0
33.288585,"[190.39430236816406, 7.029031276702881, 0.0]","[195.4895477294922, 4.5, 0.0]",3.114091620304746,3.5662243366241455,0.27672748704732353,4.972559547034083,0.44668379895829524,0.10020872578024864,0.0,0.10020872578024864,0.0
33.308231,"[190.4564208984375, 7.031715393066406, 0.0]","[195.56155395507812, 4.5, 0.0]",3.11966149064475,3.5909183025360107,0.2784935170002001,4.981301988740021,0.45213271631939955,0.10083856992423534,0.0,0.10083856992423534,0.0
33.329548,"[190.51864624023438, 7.034404277801514, 0.0]","[195.63479614257812, 4.5, 0.0]",3.125265732658993,3.603734254837036,0.28021210071216274,4.9910653081836385,0.4712568118912608,0.10146821849048138,0.0,0.10146821849048138,0.0
33.350384,"[190.5809783935547, 7.037097930908203, 0.0]","[195.70741271972656, 4.5, 0.0]",3.1309081459069,3.6297237873077393,0.2821206623953465,5.001955421173215,0.4784685221780429,0.10214870795607567,0.0,0.10214870795607567,0.0
33.368452,"[190.6434326171875, 7.039796829223633, 0.0]","[195.77992248535156, 4.5, 0.0]",3.136589697970955,3.6423451900482178,0.2840776032027481,5.012114322533792,0.4988156414008391,0.10286352597177029,0.0,0.10286352597177029,0.0
33.389099,"[190.70599365234375, 7.0425004959106445, 0.0]","[195.8529510498047, 4.5, 0.0]",3.143586641584664,3.668444871902466,0.3498471806854475,5.022043595039553,0.5057554920772627,0.12667739763855934,0.0,0.12667739763855934,0.0
33.407938,"[190.76866149902344, 7.045208930969238, 0.0]","[195.92404174804688, 4.5, 0.0]",3.1506160339317364,3.6807541847229004,0.3514696173536169,5.0323857352804255,0.5248582303178018,0.12725966051220894,0.0,0.12725966051220894,0.0
33.429143,"[190.83148193359375, 7.047923564910889, 0.0]","[195.9991455078125, 4.5, 0.0]",3.157680748807946,3.7084920406341553,0.35323574381047607,5.040683428051473,0.530138150791164,0.12790598906576633,0.0,0.12790598906576633,0.0
33.449291,"[190.89443969726562, 7.0506439208984375, 0.0]","[196.07521057128906, 4.5, 0.0]",3.1647836542187417,3.7231626510620117,0.3551452705397917,5.052838832181193,0.5508112918262094,0.1285916566848755,0.0,0.1285916566848755,0.0
33.469968,"[190.95753479003906, 7.053370475769043, 0.0]","[196.14878845214844, 4.5, 0.0]",3.171925692655418,3.750471830368042,0.3571019218338023,5.065816459068195,0.55837899684327,0.12930506840348244,0.0,0.12930506840348244,0.0
33.490412,"[191.02076721191406, 7.056103229522705, 0.0]","[196.22348022460938, 4.5, 0.0]",3.180600765519311,3.7647597789764404,0.4337536431946676,5.076172123398803,0.5785461377126242,0.15706002712249756,0.0,0.15706002712249756,0.0
33.509433,"[191.0841522216797, 7.058842182159424, 0.0]","[196.29957580566406, 4.5, 0.0]",3.189305430048178,3.7928543090820312,0.4352332264433434,5.087502432923201,0.5841590134571293,0.15759622678160667,0.0,0.15759622678160667,0.0
33.529497,"[191.147705078125, 7.061588764190674, 0.0]","[196.37701416015625, 4.5, 0.0]",3.198042540737052,3.8089010715484624,0.43685553444370306,5.100083639116959,0.6035488790338532,0.1581871695816517,0.0,0.1581871695816517,0.0
33.548313,"[191.21142578125, 7.064342498779297, 0.0]","[196.45358276367188, 4.5, 0.0]",3.206814019883244,3.838026285171509,0.4385739573095959,5.113837607189113,0.6108585308114103,0.15881480649113655,0.0,0.15881480649113655,0.0
33.56801,"[191.27532958984375, 7.067103862762451, 0.0]","[196.5303955078125, 4.5, 0.0]",3.215621774343544,3.8538880348205566,0.44038772301500106,5.126555378872883,0.6312122652882648,0.15946347266435623,0.0,0.15946347266435623,0.0
33.58954,"[191.3394012451172, 7.069872856140137, 0.0]","[196.6063232421875, 4.5, 0.0]",3.225704824892228,3.8828282356262207,0.5041525274342096,5.1393334294477455,0.6382662604770126,0.18255895003676414,0.0,0.18255895003676414,0.0
33.608585,"[191.40365600585938, 7.0726494789123535, 0.0]","[196.68350219726562, 4.5, 0.0]",3.2358193726760365,3.898859262466431,0.5057273891904135,5.151059648945024,0.6571234107339925,0.1831212267279625,0.0,0.1831212267279625,0.0
33.628859,"[191.46810913085938, 7.075434684753418, 0.0]","[196.7628173828125, 4.5, 0.0]",3.2459673271252143,3.929701089859009,0.507397722458891,5.163851542298793,0.6630398897903946,0.1837226189672947,0.0,0.1837226189672947,0.0
33.648287,"[191.5327606201172, 7.078228950500488, 0.0]","[196.84181213378906, 4.5, 0.0]",3.2561496435982415,3.947106122970581,0.5091158236513627,5.178580615707114,0.6837337627337945,0.184351596981287,0.0,0.184351596981287,0.0
33.668763,"[191.59762573242188, 7.081031799316406, 0.0]","[196.92108154296875, 4.5, 0.0]",3.2663711066074708,3.977931499481201,0.5110731504614607,5.192789491551639,0.6909564793723395,0.18505187705159187,0.0,0.18505187705159187,0.0
33.689055,"[191.66268920898438, 7.083843231201172, 0.0]","[197.00210571289062, 4.5, 0.0]",3.2781341855430135,3.9959614276885986,0.5881539467771368,5.207060470044138,0.7115603928737304,0.2129696123301983,0.0,0.2129696123301983,0.0
33.710193,"[191.7279510498047, 7.086663722991943, 0.0]","[197.0812225341797, 4.5, 0.0]",3.2899239990749596,4.026689052581787,0.589490676597304,5.2228849027336315,0.7178272421455851,0.21344823762774467,0.0,0.21344823762774467,0.0
33.729967,"[191.79345703125, 7.089494228363037, 0.0]","[197.16172790527344, 4.5, 0.0]",3.301742444410081,4.043923854827881,0.5909222667560776,5.236605194758914,0.7367650535068275,0.21396519616246223,0.0,0.21396519616246223,0.0
33.748403,"[191.85919189453125, 7.092335224151611, 0.0]","[197.243408203125, 4.5, 0.0]",3.31359048398354,4.0748372077941895,0.5924019786729406,5.251468771945884,0.7421814104177997,0.21450603380799294,0.0,0.21450603380799294,0.0
33.769394,"[191.9251708984375, 7.095186233520508, 0.0]","[197.3264617919922, 4.5, 0.0]",3.325472883650846,4.096163272857666,0.5941199833652933,5.267276308349518,0.7612467238106495,0.21512197330594063,0.0,0.21512197330594063,0.0
33.79022,"[191.9913787841797, 7.098047256469727, 0.0]","[197.40664672851562, 4.5, 0.0]",3.338598125526337,4.116636276245117,0.6562620937745622,5.284212637951118,0.7706903892068202,0.23762723430991173,0.0,0.23762723430991173,0.0
33.809352,"[192.05783081054688, 7.100918769836426, 0.0]","[197.48817443847656, 4.5, 0.0]",3.3517500917048726,4.14748477935791,0.6575983089267767,5.298053514286906,0.7780381507187801,0.23811116814613342,0.0,0.23811116814613342,0.0
33.830112,"[192.12454223632812, 7.103801727294922, 0.0]","[197.57437133789062, 4.5, 0.0]",3.3649307006232756,4.166031837463379,0.6590304459201501,5.312992301569788,0.7957346876530376,0.23862795904278755,0.0,0.23862795904278755,0.0
33.849191,"[192.19151306152344, 7.106695652008057, 0.0]","[197.65847778320312, 4.5, 0.0]",3.378143770498595,4.197304725646973,0.6606534937659614,5.332334765269925,0.8011011368401033,0.2392221987247467,0.0,0.2392221987247467,0.0
33.868863,"[192.2587432861328, 7.109601020812988, 0.0]","[197.7425537109375, 4.5, 0.0]",3.3913892929675677,4.215236186981201,0.6622761234486463,5.349329848346908,0.8191609551483778,0.23980781435966492,0.0,0.23980781435966492,0.0
33.892353,"[192.3262481689453, 7.112517833709717, 0.0]","[197.82803344726562, 4.5, 0.0]",3.405882423500342,4.246908187866211,0.7246565266387117,5.366034412946965,0.8238468940136334,0.26239922270178795,0.0,0.26239922270178795,0.0
33.908487,"[192.39401245117188, 7.115446090698242, 0.0]","[197.91099548339844, 4.5, 0.0]",3.4207736116890057,4.2645158767700195,0.7445594094331875,5.383866581083137,0.841025764365869,0.2696100249886513,0.0,0.2696100249886513,0.0
33.92931,"[192.46206665039062, 7.118386745452881, 0.0]","[197.99624633789062, 4.5, 0.0]",3.4356896186104637,4.296180248260498,0.7458003460729001,5.39892450413689,0.8437422650810138,0.2700541540980339,0.0,0.2700541540980339,0.0
33.948473,"[192.53041076660156, 7.121340274810791, 0.0]","[198.08212280273438, 4.5, 0.0]",3.450631394476587,4.314695835113525,0.747088793306161,5.415978551413777,0.8604906296500343,0.2705150842666626,0.0,0.2705150842666626,0.0
33.967681,"[192.59906005859375, 7.124306678771973, 0.0]","[198.169189453125, 4.5, 0.0]",3.4656018079359336,4.346889019012451,0.7485206729673344,5.433368185509892,0.8640644406369384,0.27104560285806656,0.0,0.27104560285806656,0.0
33.990553,"[192.6680145263672, 7.127285957336426, 0.0]","[198.25778198242188, 4.5, 0.0]",3.4806046778489046,4.366199970245361,0.7501434956485475,5.451640307982616,0.8812872110765175,0.27162039652466774,0.0,0.27162039652466774,0.0
34.009213,"[192.7372589111328, 7.13027811050415, 0.0]","[198.3442840576172, 4.5, 0.0]",3.4965678444784967,4.398271560668945,0.7981583314796037,5.471131439658539,0.8855952923964567,0.2890070900321007,0.0,0.2890070900321007,0.0
34.029376,"[192.8068084716797, 7.133283615112305, 0.0]","[198.4340057373047, 4.5, 0.0]",3.5125586901262986,4.41842794418335,0.7995422823900977,5.488244245871407,0.9017037161904486,0.28950948268175125,0.0,0.28950948268175125,0.0
34.049293,"[192.87667846679688, 7.136302471160889, 0.0]","[198.52305603027344, 4.5, 0.0]",3.528577220582127,4.451714992523193,0.8009265227914231,5.508267805536562,0.905869254057051,0.2900192514061928,0.0,0.2900192514061928,0.0
34.069318,"[192.94686889648438, 7.1393351554870605, 0.0]","[198.61073303222656, 4.5, 0.0]",3.544627251489822,4.471259593963623,0.8025015453847484,5.52730065856559,0.9231377719410663,0.2905849739909172,0.0,0.2905849739909172,0.0
34.089552,"[193.0173797607422, 7.14238166809082, 0.0]","[198.7017059326172, 4.5, 0.0]",3.5615698052782054,4.505118370056152,0.8471276894191693,5.544639235421624,0.926632342473801,0.30674684792757034,0.0,0.30674684792757034,0.0
34.11042,"[193.0882110595703, 7.145442008972168, 0.0]","[198.7909698486328, 4.5, 0.0]",3.578535267082538,4.525209426879883,0.8482730902166224,5.564951055603923,0.9435485647779469,0.3071538731455803,0.0,0.3071538731455803,0.0
34.129619,"[193.1593780517578, 7.14851713180542, 0.0]","[198.8834228515625, 4.5, 0.0]",3.5955245884013918,4.560396194458008,0.8494660659426945,5.583235137678873,0.9466741597973449,0.3075944259762764,0.0,0.3075944259762764,0.0
34.149693,"[193.2308807373047, 7.151607036590576, 0.0]","[198.97500610351562, 4.5, 0.0]",3.6125396876712674,4.581976890563965,0.8507549634937828,5.604368161249523,0.964871606056616,0.3080568462610245,0.0,0.3080568462610245,0.0
34.168886,"[193.30271911621094, 7.154711723327637, 0.0]","[199.06527709960938, 4.5, 0.0]",3.6295805558858785,4.616487979888916,0.8520434107305519,5.624297768222564,0.9694372028926974,0.30853111296892166,0.0,0.30853111296892166,0.0
34.189314,"[193.37490844726562, 7.157830715179443, 0.0]","[199.1593475341797, 4.5, 0.0]",3.6478699945992688,4.6421685218811035,0.9144719356695141,5.642578395878621,0.9869074240030375,0.33112071454524994,0.0,0.33112071454524994,0.0
34.20891,"[193.4474334716797, 7.160964488983154, 0.0]","[199.25096130371094, 4.5, 0.0]",3.6661833005468503,4.6705121994018555,0.9156652973790758,5.664304061946843,0.9942985272818348,0.3315526619553566,0.0,0.3315526619553566,0.0
34.230109,"[193.52032470703125, 7.164113998413086, 0.0]","[199.34658813476562, 4.5, 0.0]",3.6845185591520013,4.7010498046875,0.9167629302575531,5.683240495836806,1.0043288988550052,0.33195655792951584,0.0,0.33195655792951584,0.0
34.2491,"[193.5935821533203, 7.167279243469238, 0.0]","[199.43942260742188, 4.5, 0.0]",3.70287768370473,4.730700492858887,0.9179562276364406,5.705818927343422,1.0165312455354987,0.3323933482170105,0.0,0.3323933482170105,0.0
34.268808,"[193.66720581054688, 7.1704607009887695, 0.0]","[199.53466796875, 4.5, 0.0]",3.72126162570363,4.761119842529297,0.9191970999449905,5.7252418318281935,1.0278228091541566,0.33284567296504974,0.0,0.33284567296504974,0.0
34.290887,"[193.74119567871094, 7.1736578941345215, 0.0]","[199.6314239501953, 4.5, 0.0]",3.7407375816510067,4.792017459869385,0.9737977973688361,5.746706032082041,1.039858216825667,0.352613665163517,0.0,0.352613665163517,0.0
34.311515,"[193.8155517578125, 7.176870822906494, 0.0]","[199.72607421875, 4.5, 0.0]",3.7602354954023753,4.822321891784668,0.9748956875684334,5.769314063912274,1.051279878218378,0.3530045598745346,0.0,0.3530045598745346,0.0
34.329952,"[193.89028930664062, 7.180100440979004, 0.0]","[199.82290649414062, 4.5, 0.0]",3.779757279604386,4.854156970977783,0.9760892101005281,5.789451020235332,1.0620863963822926,0.35344142466783524,0.0,0.35344142466783524,0.0
34.348804,"[193.96542358398438, 7.183347225189209, 0.0]","[199.92059326171875, 4.5, 0.0]",3.799304834681083,4.886276721954346,0.9773777538348627,5.811384553107636,1.0743996913733973,0.35390831530094147,0.0,0.35390831530094147,0.0
34.371195,"[194.04095458984375, 7.186610698699951, 0.0]","[200.01841735839844, 4.5, 0.0]",3.8188791127744044,4.918437480926514,0.978713904666062,5.833776634503304,1.0869718872732625,0.3543916717171669,0.0,0.3543916717171669,0.0
34.388657,"[194.1168670654297, 7.1898908615112305, 0.0]","[200.11666870117188, 4.5, 0.0]",3.8396752422096436,4.95074462890625,1.0398064717619615,5.855908056537187,1.0995583681521093,0.3765050321817398,0.0,0.3765050321817398,0.0
34.407899,"[194.19317626953125, 7.193188190460205, 0.0]","[200.21470642089844, 4.5, 0.0]",3.860489500939061,4.983011722564697,1.0407129364708778,5.878084491778212,1.1110693866966064,0.3768406808376312,0.0,0.3768406808376312,0.0
34.429983,"[194.2698974609375, 7.196503639221191, 0.0]","[200.31668090820312, 4.5, 0.0]",3.8813218928224344,5.017070770263672,1.0416195941686635,5.89965079630402,1.122522221625636,0.37716951221227646,0.0,0.37716951221227646,0.0
34.449467,"[194.34703063964844, 7.199836730957031, 0.0]","[200.41769409179688, 4.5, 0.0]",3.9021752884379506,5.050814628601074,1.0426697807758067,5.92473781396664,1.1357488774412374,0.37755053490400314,0.0,0.37755053490400314,0.0
34.468493,"[194.42459106445312, 7.203187942504883, 0.0]","[200.51905822753906, 4.5, 0.0]",3.923051597859067,5.084673881530762,1.0438154710558312,5.948452060401821,1.1486393401631236,0.3779640421271324,0.0,0.3779640421271324,0.0
34.489652,"[194.5025634765625, 7.206557273864746, 0.0]","[200.62081909179688, 4.5, 0.0]",3.945218478810259,5.118666648864747,1.1083440475595951,5.972088513649676,1.1616222836716945,0.40132801979780197,0.0,0.40132801979780197,0.0
34.509014,"[194.58094787597656, 7.209944248199463, 0.0]","[200.72154235839844, 4.5, 0.0]",3.9674015809120844,5.152302742004396,1.109155105091264,5.995709729400017,1.1734481700544879,0.40161676704883575,0.0,0.40161676704883575,0.0
34.52977,"[194.65977478027344, 7.213350772857666, 0.0]","[200.82742309570312, 4.5, 0.0]",3.9896009048078676,5.187576770782471,1.1099661947891581,6.01788274272101,1.184901161092312,0.401914082467556,0.0,0.401914082467556,0.0
34.54801,"[194.73904418945312, 7.216776371002197, 0.0]","[200.9311981201172, 4.5, 0.0]",4.011820035021403,5.222140789031982,1.1109565106767638,6.0447642966914925,1.1979758659746031,0.40227092802524567,0.0,0.40227092802524567,0.0
34.57592,"[194.81875610351562, 7.220221042633057, 0.0]","[201.03819274902344, 4.5, 0.0]",4.0340613728142225,5.25778341293335,1.1120668896409835,6.06909958206726,1.2103207540105796,0.4026707261800766,0.0,0.4026707261800766,0.0
34.589777,"[194.89891052246094, 7.223684787750244, 0.0]","[201.14047241210938, 4.5, 0.0]",4.057610461862551,5.291852951049805,1.1774544524164376,6.0962077606925265,1.223722040119127,0.4263519123196602,0.0,0.4263519123196602,0.0
34.609924,"[194.97952270507812, 7.22716760635376, 0.0]","[201.24826049804688, 4.5, 0.0]",4.081146186186146,5.331024646759033,1.176786216179737,6.118164044911801,1.2342424891872534,0.4261264204978943,0.0,0.4261264204978943,0.0
34.629528,"[195.0605926513672, 7.230670928955078, 0.0]","[201.35731506347656, 4.5, 0.0]",4.104706727955953,5.359813690185547,1.1780270884903299,6.145163465993627,1.2498784605728872,0.4265712574124336,0.0,0.4265712574124336,0.0
34.648985,"[195.1421356201172, 7.234194755554199, 0.0]","[201.4652862548828, 4.5, 0.0]",4.12829590088614,5.401578903198242,1.1794586465093904,6.172971958679751,1.2551069622295943,0.4270629957318306,0.0,0.4270629957318306,0.0
34.669377,"[195.22415161132812, 7.237738609313965, 0.0]","[201.57176208496094, 4.5, 0.0]",4.153095469863452,5.429529666900635,1.239978448865564,6.199222223858599,1.2732830023121018,0.44900793582201004,0.0,0.44900793582201004,0.0
34.690491,"[195.306640625, 7.241302967071533, 0.0]","[201.67987060546875, 4.5, 0.0]",4.177916027134225,5.471343040466309,1.2410278635386796,6.223506674787996,1.276434197037183,0.44938478618860245,0.0,0.44938478618860245,0.0
34.708563,"[195.38961791992188, 7.244888782501221, 0.0]","[201.78805541992188, 4.5, 0.0]",4.202757585563983,5.499749183654786,1.242077921487894,6.248948828697793,1.2934270133320833,0.449761264026165,0.0,0.449761264026165,0.0
34.730195,"[195.4730987548828, 7.248496055603027, 0.0]","[201.90045166015625, 4.5, 0.0]",4.227622050723282,5.541289806365967,1.2432232579649316,6.273979258187071,1.2969915980908029,0.45018527656793594,0.0,0.45018527656793594,0.0
34.749479,"[195.5570831298828, 7.252124786376953, 0.0]","[202.01165771484375, 4.5, 0.0]",4.252513238899436,5.569126129150391,1.2445594088076994,6.302712389222668,1.313667755642685,0.4506387934088707,0.0,0.4506387934088707,0.0
34.770062,"[195.6415557861328, 7.255774974822998, 0.0]","[202.12356567382812, 4.5, 0.0]",4.277429261246824,5.610515117645264,1.245801117369405,6.3297524485521075,1.3166128902509548,0.45110661536455154,0.0,0.45110661536455154,0.0
34.789798,"[195.72653198242188, 7.259446620941162, 0.0]","[202.23561096191406, 4.5, 0.0]",4.3035804906547535,5.638612747192383,1.3075614703964789,6.35700500677593,1.3330858563984398,0.4734603315591812,0.0,0.4734603315591812,0.0
34.81049,"[195.81199645996094, 7.263139724731445, 0.0]","[202.3473663330078, 4.5, 0.0]",4.329748900431463,5.679808139801025,1.3084204888354822,6.383889152371189,1.3350322565376294,0.4737722873687744,0.0,0.4737722873687744,0.0
34.831345,"[195.8979949951172, 7.266855239868164, 0.0]","[202.46324157714844, 4.5, 0.0]",4.355934495723074,5.706742763519288,1.3092797645805287,6.40999611047962,1.3500592393695623,0.47407422214746475,0.0,0.47407422214746475,0.0
34.849922,"[195.98451232910156, 7.270593643188477, 0.0]","[202.57835388183594, 4.5, 0.0]",4.382139178883853,5.746791362762451,1.3102341580389698,6.439684979647367,1.3508082677962143,0.47442518174648285,0.0,0.47442518174648285,0.0
34.871581,"[196.07154846191406, 7.274354457855225, 0.0]","[202.69357299804688, 4.5, 0.0]",4.408364858700734,5.773534297943115,1.3112839908440588,6.468093131619139,1.364652183878598,0.4748058319091797,0.0,0.4748058319091797,0.0
34.889774,"[196.1591033935547, 7.278137683868408, 0.0]","[202.80809020996094, 4.5, 0.0]",4.4353790206106005,5.813412189483643,1.3507080954933137,6.496086681106496,1.365169439242381,0.4890883341431618,0.0,0.4890883341431618,0.0
34.908412,"[196.2471923828125, 7.2819437980651855, 0.0]","[202.92340087890625, 4.5, 0.0]",4.462410358386417,5.840018272399902,1.3515668887908117,6.522860918716293,1.378033168873042,0.4894029349088669,0.0,0.4894029349088669,0.0
34.92951,"[196.3358154296875, 7.285773277282715, 0.0]","[203.0427703857422, 4.5, 0.0]",4.489458872028205,5.87851619720459,1.3524256820894198,6.549894144143127,1.3776079140134856,0.48972364515066147,0.0,0.48972364515066147,0.0
34.948366,"[196.42498779296875, 7.289626121520996, 0.0]","[203.16067504882812, 4.5, 0.0]",4.516524582120285,5.903289794921875,1.353285504603985,6.580445813788229,1.3890573251763847,0.4900386556982994,0.0,0.4900386556982994,0.0
34.971495,"[196.5146942138672, 7.293502330780029, 0.0]","[203.2790069580078, 4.5, 0.0]",4.543607466791814,5.941510200500488,1.3541442335764486,6.60898500915616,1.3867652128015902,0.4903486743569374,0.0,0.4903486743569374,0.0
34.990629,"[196.6049346923828, 7.2974019050598145, 0.0]","[203.3976287841797, 4.5, 0.0]",4.571499816060679,5.966475486755371,1.3946174634432484,6.637417715480236,1.3979027337086745,0.5050017684698105,0.0,0.5050017684698105,0.0
35.01026,"[196.6957244873047, 7.301324844360352, 0.0]","[203.5183868408203, 4.5, 0.0]",4.599409350201156,6.005161285400391,1.395476707023846,6.6656034482525595,1.3949756706946923,0.5052993074059486,0.0,0.5052993074059486,0.0
35.029111,"[196.7870635986328, 7.305271625518799, 0.0]","[203.63827514648438, 4.5, 0.0]",4.627336075645798,6.028231143951417,1.3963362722321015,6.695374840090551,1.405751935199235,0.5056232213973999,0.0,0.5056232213973999,0.0
35.049618,"[196.87896728515625, 7.3092427253723145, 0.0]","[203.75961303710938, 4.5, 0.0]",4.655281890246151,6.064988136291504,1.397290730017664,6.723727046961436,1.4008950683056192,0.5059627443552017,0.0,0.5059627443552017,0.0
35.069879,"[196.97142028808594, 7.31323766708374, 0.0]","[203.88107299804688, 4.5, 0.0]",4.68349305903445,6.088447570800781,1.4105584394149329,6.752963215377363,1.4097062460453529,0.5107484012842178,0.0,0.5107484012842178,0.0
35.088998,"[197.06443786621094, 7.317256927490234, 0.0]","[204.0028839111328, 4.5, 0.0]",4.711721424916189,6.125324726104736,1.4114182940869746,6.781770267632781,1.4049545117663316,0.5110636726021767,0.0,0.5110636726021767,0.0
35.1094,"[197.15802001953125, 7.321300506591797, 0.0]","[204.12681579589844, 4.5, 0.0]",4.739966972453236,6.149236679077148,1.4122773768523444,6.810363259462859,1.4136033011885472,0.5113742128014565,0.0,0.5113742128014565,0.0
35.129896,"[197.25216674804688, 7.325368404388428, 0.0]","[204.24945068359375, 4.5, 0.0]",4.768228270537841,6.184424877166748,1.4130649042302323,6.840510147169229,1.4092697066239124,0.5116761848330498,0.0,0.5116761848330498,0.0
35.149621,"[197.3468780517578, 7.329460620880127, 0.0]","[204.37353515625, 4.5, 0.0]",4.796506269382318,6.209953308105469,1.413899942223873,6.868796148120141,1.4161966066289073,0.5119671672582626,0.0,0.5119671672582626,0.0
35.17047,"[197.44215393066406, 7.3335771560668945, 0.0]","[204.49822998046875, 4.5, 0.0]",4.824803365101557,6.238953113555908,1.4148547859619498,6.89796528407325,1.4134470387231506,0.5123092606663704,0.0,0.5123092606663704,0.0
35.189046,"[197.53799438476562, 7.337718486785889, 0.0]","[204.62490844726562, 4.5, 0.0]",4.853436469071271,6.268413543701172,1.431655198485693,6.927179103935941,1.414149748454351,0.5184030160307884,0.0,0.5184030160307884,0.0
35.208587,"[197.6343994140625, 7.341884136199951, 0.0]","[204.74688720703125, 4.5, 0.0]",4.882086748907021,6.296696662902832,1.4325139917874985,6.957809598002995,1.4149770746299009,0.5187037587165833,0.0,0.5187037587165833,0.0
35.230254,"[197.73138427734375, 7.34607458114624, 0.0]","[204.87498474121094, 4.5, 0.0]",4.9107522990381565,6.325010776519775,1.4332775065567738,6.983180086198762,1.414609913995811,0.5189714208245277,0.0,0.5189714208245277,0.0
35.248797,"[197.8289337158203, 7.350289344787598, 0.0]","[205.00148010253906, 4.5, 0.0]",4.9394331297567,6.35297155380249,1.4340415359271663,7.014082863021086,1.414258477481619,0.5192724615335464,0.0,0.5192724615335464,0.0
35.269817,"[197.92706298828125, 7.354528903961182, 0.0]","[205.1322479248047, 4.5, 0.0]",4.968133051560724,6.38187837600708,1.4349960902011905,7.042819441358321,1.4135384240457904,0.5195935443043709,0.0,0.5195935443043709,0.0
35.289239,"[198.0257568359375, 7.358793258666992, 0.0]","[205.25640869140625, 4.5, 0.0]",4.996808153988749,6.409320831298828,1.4337551214012478,7.075244553819558,1.4137453244463565,0.519145093858242,0.0,0.519145093858242,0.0
35.308619,"[198.12503051757812, 7.363082408905029, 0.0]","[205.38641357421875, 4.5, 0.0]",5.025498531858161,6.437981128692627,1.4345188934706155,7.100503650209822,1.4125126773100796,0.5194491893053055,0.0,0.5194491893053055,0.0
35.330647,"[198.22486877441406, 7.367396354675293, 0.0]","[205.51478576660156, 4.5, 0.0]",5.054207998883303,6.465389251708984,1.4354733512571105,7.131021051265166,1.412482596834466,0.519765242934227,0.0,0.519765242934227,0.0
35.350643,"[198.32528686523438, 7.371735095977783, 0.0]","[205.64480590820312, 4.5, 0.0]",5.082930835779161,6.493145942687988,1.436141844792882,7.159342164543959,1.4111812528256813,0.5200300365686417,0.0,0.5200300365686417,0.0
35.370712,"[198.42626953125, 7.3760986328125, 0.0]","[205.77490234375, 4.5, 0.0]",5.11166895197591,6.520923137664795,1.4369058098374854,7.188729327024747,1.4102151069088276,0.5203137174248695,0.0,0.5203137174248695,0.0
35.390101,"[198.52783203125, 7.380486965179443, 0.0]","[205.9073028564453, 4.5, 0.0]",5.140361240561997,6.549188137054443,1.4346144293043483,7.21762759304486,1.4092541856888845,0.5194569006562233,0.0,0.5194569006562233,0.0
35.409175,"[198.62997436523438, 7.384900093078613, 0.0]","[206.0351104736328, 4.5, 0.0]",5.169066879721286,6.576438903808594,1.4352819579644294,7.248247850196483,1.408826896492446,0.5197053030133247,0.0,0.5197053030133247,0.0
35.429498,"[198.73268127441406, 7.38933801651001, 0.0]","[206.1697235107422, 4.5, 0.0]",5.19778778981923,6.604599952697755,1.436045504897221,7.273699557158314,1.4073720240873078,0.5199721455574036,0.0,0.5199721455574036,0.0
35.449105,"[198.83596801757812, 7.393800735473633, 0.0]","[206.30393981933594, 4.5, 0.0]",5.226523977288321,6.632678508758545,1.4368093734545173,7.305384369842147,1.4068121628785244,0.5202487111091614,0.0,0.5202487111091614,0.0
35.472735,"[198.9398193359375, 7.398288249969482, 0.0]","[206.4365997314453, 4.5, 0.0]",5.255271626484438,6.660433292388916,1.4373824598058693,7.33609245996811,1.4061545314702242,0.5204733461141586,0.0,0.5204733461141586,0.0
35.492023,"[199.04425048828125, 7.402800559997559, 0.0]","[206.5695343017578, 4.5, 0.0]",5.283942910052135,6.688241481781006,1.4335641783848274,7.364680485117443,1.4051616659044779,0.5190851166844368,0.0,0.5190851166844368,0.0
35.508126,"[199.14926147460938, 7.407337665557861, 0.0]","[206.69998168945312, 4.5, 0.0]",5.312629466488219,6.715510368347168,1.4343278218042155,7.392962548594576,1.4042985717288712,0.5193520337343216,0.0,0.5193520337343216,0.0
35.529222,"[199.2548370361328, 7.411899566650391, 0.0]","[206.8364715576172, 4.5, 0.0]",5.3413274795053365,6.743723392486572,1.4349006508558748,7.418179384028908,1.402880901858949,0.5195682868361473,0.0,0.5195682868361473,0.0
35.549504,"[199.36099243164062, 7.4164862632751465, 0.0]","[206.97157287597656, 4.5, 0.0]",5.370038857247162,6.771650791168214,1.4355688870912875,7.448867948147163,1.4023959129812358,0.5198055505752563,0.0,0.5198055505752563,0.0
35.568815,"[199.46771240234375, 7.421097755432129, 0.0]","[207.1073760986328, 4.5, 0.0]",5.398763594567721,6.803056716918945,1.43623686602794,7.4775884612065715,1.4016119339210515,0.5200551450252533,0.0,0.5200551450252533,0.0
35.588729,"[199.57501220703125, 7.425734043121338, 0.0]","[207.24331665039062, 4.5, 0.0]",5.427408149972504,6.824489116668701,1.4322277702391695,7.506445535953094,1.4042931223512243,0.518605075776577,0.0,0.518605075776577,0.0
35.611883,"[199.68289184570312, 7.430395126342773, 0.0]","[207.37887573242188, 4.5, 0.0]",5.456066070101997,6.859157085418701,1.4328960064746266,7.534859881236538,1.3970809666961967,0.5188388004899025,0.0,0.5188388004899025,0.0
35.629126,"[199.7913360595703, 7.4350810050964355, 0.0]","[207.51806640625, 4.5, 0.0]",5.484737352383213,6.880937576293945,1.4335641140608146,7.562312316008981,1.4030910153167042,0.5190855264663696,0.0,0.5190855264663696,0.0
35.648708,"[199.90036010742188, 7.439791679382324, 0.0]","[207.6563720703125, 4.5, 0.0]",5.513420089958968,6.915871620178223,1.4341368787877506,7.592827838103166,1.396200223910732,0.5192833766341209,0.0,0.5192833766341209,0.0
35.669127,"[200.00994873046875, 7.4445271492004395, 0.0]","[207.7947998046875, 4.5, 0.0]",5.542114286688733,6.937493324279786,1.434709836488235,7.621878811540809,1.4024515302192544,0.5195038020610809,0.0,0.5195038020610809,0.0
35.689291,"[200.1201171875, 7.449286937713623, 0.0]","[207.9364471435547, 4.5, 0.0]",5.570693939478586,6.973107814788818,1.4289826394926486,7.650486622216003,1.395379037591053,0.5174223706126213,0.0,0.5174223706126213,0.0
35.710139,"[200.23085021972656, 7.454071521759033, 0.0]","[208.07191467285156, 4.5, 0.0]",5.599285044989991,6.9940996170043945,1.4295552755702712,7.681730692960457,1.4024138753102324,0.5176238715648651,0.0,0.5176238715648651,0.0
35.729698,"[200.3421630859375, 7.45888090133667, 0.0]","[208.2168731689453, 4.5, 0.0]",5.627883788865328,7.029891014099121,1.4299371937668504,7.706235595356499,1.3948145720144032,0.5177843943238258,0.0,0.5177843943238258,0.0
35.749218,"[200.45404052734375, 7.463715076446533, 0.0]","[208.35723876953125, 4.5, 0.0]",5.656493983532479,7.051426887512207,1.4305097333575212,7.73964225369274,1.4020072252337927,0.517975352704525,0.0,0.517975352704525,0.0
35.774039,"[200.56649780273438, 7.468574047088623, 0.0]","[208.4961395263672, 4.5, 0.0]",5.685115637353641,7.085999488830566,1.4310826910580943,7.767895178501247,1.3949329039797282,0.5181872472167015,0.0,0.5181872472167015,0.0
35.789625,"[200.6795196533203, 7.4734578132629395, 0.0]","[208.64007568359375, 4.5, 0.0]",5.713867109912836,7.108254909515381,1.437573627959754,7.794104261161043,1.4008838514769257,0.5205274373292923,0.0,0.5205274373292923,0.0
35.809145,"[200.79312133789062, 7.478365898132324, 0.0]","[208.77850341796875, 4.5, 0.0]",5.742628129622889,7.142691135406494,1.4380509855026702,7.824778931176256,1.394387799602545,0.5207110941410065,0.0,0.5207110941410065,0.0
35.828842,"[200.90728759765625, 7.4832987785339355, 0.0]","[208.92404174804688, 4.5, 0.0]",5.771400603984231,7.1645288467407235,1.4386237180671113,7.849369969747002,1.400063005783605,0.5209134146571159,0.0,0.5209134146571159,0.0
35.848897,"[201.02203369140625, 7.488256454467773, 0.0]","[209.06813049316406, 4.5, 0.0]",5.800180714779768,7.199414253234863,1.4390055397768275,7.880499856592513,1.3931282427564922,0.5210715904831886,0.0,0.5210715904831886,0.0
35.870026,"[201.13735961914062, 7.493239402770996, 0.0]","[209.21214294433594, 4.5, 0.0]",5.828972278296854,7.22095251083374,1.439578175854317,7.9096011458548965,1.3992335384550953,0.5212556943297386,0.0,0.5212556943297386,0.0
35.890022,"[201.2532501220703, 7.498247146606445, 0.0]","[209.35743713378906, 4.5, 0.0]",5.857590105538716,7.256073474884033,1.4308913620930674,7.938045827852804,1.391980232536886,0.5181379243731499,0.0,0.5181379243731499,0.0
35.909181,"[201.36972045898438, 7.503279685974121, 0.0]","[209.50001525878906, 4.5, 0.0]",5.886219386788623,7.277276992797852,1.431464062495369,7.967205934072604,1.3984833693453176,0.518314428627491,0.0,0.518314428627491,0.0
35.928808,"[201.4867706298828, 7.508337020874023, 0.0]","[209.64825439453125, 4.5, 0.0]",5.914858221621851,7.312005996704102,1.4319417416614133,7.993072143765849,1.3910576060092286,0.5185144767165184,0.0,0.5185144767165184,0.0
35.949655,"[201.60438537597656, 7.513418674468994, 0.0]","[209.79737854003906, 4.5, 0.0]",5.943510414747323,7.333568096160889,1.4326096562735646,8.024013723437848,1.3971477750822503,0.518728569149971,0.0,0.518728569149971,0.0
35.967986,"[201.72256469726562, 7.518525123596191, 0.0]","[209.9414520263672, 4.5, 0.0]",5.972170246879973,7.367507457733154,1.4329916066325055,8.055274389210426,1.3900576814135661,0.5188943445682526,0.0,0.5188943445682526,0.0
35.989599,"[201.84132385253906, 7.523656368255615, 0.0]","[210.08941650390625, 4.5, 0.0]",6.000923626939601,7.388853073120117,1.437669002981412,8.080923984487768,1.3953372108531816,0.5205849185585976,0.0,0.5205849185585976,0.0
36.009799,"[201.96066284179688, 7.528812408447266, 0.0]","[210.23587036132812, 4.5, 0.0]",6.0296884610072725,7.423174858093262,1.4382417033835804,8.109880580136185,1.3879294461805163,0.5207765102386475,0.0,0.5207765102386475,0.0
36.031017,"[202.08056640625, 7.533993244171143, 0.0]","[210.38662719726562, 4.5, 0.0]",6.0584609366551065,7.44391393661499,1.4386237823917014,8.13674759993914,1.3934863970859892,0.5209197849035263,0.0,0.5209197849035263,0.0
36.049483,"[202.2010498046875, 7.539198875427246, 0.0]","[210.53515625, 4.5, 0.0]",6.087242951734842,7.4775800704956055,1.4391007539867662,8.167348467949505,1.3854529999598837,0.5210860073566437,0.0,0.5210860073566437,0.0
36.070036,"[202.32211303710938, 7.544429302215576, 0.0]","[210.6886749267578, 4.5, 0.0]",6.116034515251927,7.502155780792236,1.4395781758542725,8.19514326553199,1.3903371187607636,0.5212660878896713,0.0,0.5212660878896713,0.0
36.090564,"[202.44374084472656, 7.549684524536133, 0.0]","[210.83831787109375, 4.5, 0.0]",6.144591256166219,7.529358863830566,1.4278370457145861,8.227342672207557,1.386121265540309,0.5170278623700142,0.0,0.5170278623700142,0.0
36.109666,"[202.56594848632812, 7.554965019226074, 0.0]","[210.98805236816406, 4.5, 0.0]",6.1731594536615395,7.556478023529053,1.4284098747660234,8.255104839937813,1.3847676076643474,0.5172133445739746,0.0,0.5172133445739746,0.0
36.130526,"[202.688720703125, 7.560269832611084, 0.0]","[211.14114379882812, 4.5, 0.0]",6.201737197021225,7.583077430725098,1.4288871679842607,8.282378090625011,1.3833185698675132,0.5174124613404274,0.0,0.5174124613404274,0.0
36.149443,"[202.81207275390625, 7.56559944152832, 0.0]","[211.29302978515625, 4.5, 0.0]",6.23032447981281,7.609466075897219,1.429364139579281,8.312440047037304,1.381340233703873,0.5175633355975151,0.0,0.5175633355975151,0.0
36.170133,"[202.9359893798828, 7.570953845977783, 0.0]","[211.44268798828125, 4.5, 0.0]",6.258921309755253,7.635469913482666,1.429841497122153,8.340717318915804,1.3791415960844082,0.5177373066544533,0.0,0.5177373066544533,0.0
36.189938,"[203.06048583984375, 7.5763325691223145, 0.0]","[211.5955047607422, 4.5, 0.0]",6.287443686072431,7.6620192527771,1.426118815858901,8.366203764932003,1.3765486037274126,0.5163883790373802,0.0,0.5163883790373802,0.0
36.210244,"[203.185546875, 7.581736087799072, 0.0]","[211.75018310546875, 4.5, 0.0]",6.315973697537309,7.688909530639648,1.426500573243894,8.394265492755128,1.3745755667046682,0.516539178788662,0.0,0.516539178788662,0.0
36.230732,"[203.31117248535156, 7.587164402008057, 0.0]","[211.90628051757812, 4.5, 0.0]",6.344509442438673,7.716238498687744,1.426787245068173,8.423621938292317,1.3729358331023391,0.5166498571634293,0.0,0.5166498571634293,0.0
36.249521,"[203.4373779296875, 7.592617511749268, 0.0]","[212.06092834472656, 4.5, 0.0]",6.373052818628259,7.743311405181885,1.4271688094793067,8.453831009141647,1.3717290562490714,0.5167916044592857,0.0,0.5167916044592857,0.0
36.269595,"[203.56414794921875, 7.598094940185547, 0.0]","[212.21644592285156, 4.5, 0.0]",6.401605748401169,7.770538330078125,1.4276464886454843,8.48201148240785,1.3702585865536259,0.5169550701975822,0.0,0.5169550701975822,0.0
36.288565,"[203.69149780273438, 7.603597164154053, 0.0]","[212.3690948486328, 4.5, 0.0]",6.429967755740817,7.797261714935303,1.4181003669824221,8.510495797209048,1.3689325816769564,0.5134860798716545,0.0,0.5134860798716545,0.0
36.308448,"[203.8194122314453, 7.609124183654785, 0.0]","[212.5234832763672, 4.5, 0.0]",6.458339311517817,7.824279308319093,1.4185777888500173,8.535533769827856,1.3672939591944857,0.5136628821492195,0.0,0.5136628821492195,0.0
36.330259,"[203.94789123535156, 7.614675521850586, 0.0]","[212.6851348876953, 4.5, 0.0]",6.486722316156886,7.852441310882569,1.4191502319534255,8.561744503636056,1.3659399968012753,0.5138584971427917,0.0,0.5138584971427917,0.0
36.348944,"[204.07693481445312, 7.620251178741455, 0.0]","[212.84274291992188, 4.5, 0.0]",6.515112958516642,7.879897117614746,1.4195321179878206,8.594646551958716,1.3657189947256834,0.5140099301934242,0.0,0.5140099301934242,0.0
36.369917,"[204.20654296875, 7.625851631164551, 0.0]","[213.00013732910156, 4.5, 0.0]",6.543509315015503,7.907313823699951,1.419817824943026,8.622944157184422,1.3647841590981038,0.5141240358352661,0.0,0.5141240358352661,0.0
36.389366,"[204.33673095703125, 7.631476402282715, 0.0]","[213.15872192382812, 4.5, 0.0]",6.571787322865523,7.93494176864624,1.4139003925010218,8.650462288233001,1.3638045086844484,0.5119620263576508,0.0,0.5119620263576508,0.0
36.408802,"[204.4674835205078, 7.6371259689331055, 0.0]","[213.31594848632812, 4.5, 0.0]",6.600072968436228,7.962282657623291,1.4142822785352394,8.678589617614163,1.363154445780717,0.5121013894677162,0.0,0.5121013894677162,0.0
36.431576,"[204.5988006591797, 7.6427998542785645, 0.0]","[213.4774932861328, 4.5, 0.0]",6.628368157298315,7.98983097076416,1.4147594431043409,8.70479506137128,1.362209689187063,0.5122695490717888,0.0,0.5122695490717888,0.0
36.449895,"[204.73068237304688, 7.648498058319092, 0.0]","[213.63754272460938, 4.5, 0.0]",6.656670983881085,8.017122268676758,1.415141329138514,8.734749618485251,1.3614628134658453,0.5124025419354439,0.0,0.5124025419354439,0.0
36.469348,"[204.86312866210938, 7.6542205810546875, 0.0]","[213.79827880859375, 4.5, 0.0]",6.6849795374678775,8.044532775878906,1.4154276793396203,8.762645109468783,1.3604512847956727,0.5125057697296143,0.0,0.5125057697296143,0.0
36.489341,"[204.9961395263672, 7.659967422485352, 0.0]","[213.95950317382812, 4.5, 0.0]",6.713204086419073,8.075357437133789,1.4112274475597708,8.790661507200307,1.3595532384110287,0.5109944939613342,0.0,0.5109944939613342,0.0
36.50939,"[205.1297149658203, 7.665739059448242, 0.0]","[214.11936950683594, 4.5, 0.0]",6.741436273090954,8.095869064331055,1.4116093335940327,8.81860063232724,1.362153350714716,0.5111294239759445,0.0,0.5111294239759445,0.0
36.529795,"[205.26385498046875, 7.671535015106201, 0.0]","[214.2838592529297, 4.5, 0.0]",6.769678003054217,8.129546165466309,1.4120864981631787,8.84461787183013,1.354432791240101,0.5112968385219574,0.0,0.5112968385219574,0.0
36.550479,"[205.3985595703125, 7.6773552894592285, 0.0]","[214.4432830810547, 4.5, 0.0]",6.797925465167466,8.149053573608398,1.4123731056624234,8.874689116001537,1.3598681624120914,0.5114315077662468,0.0,0.5114315077662468,0.0
36.569314,"[205.53382873535156, 7.683199882507324, 0.0]","[214.60646057128906, 4.5, 0.0]",6.826180559855435,8.182516098022461,1.4127547343984581,8.899134065695984,1.3511281084409328,0.5115379765629768,0.0,0.5115379765629768,0.0
36.589529,"[205.66966247558594, 7.689068794250488, 0.0]","[214.77333068847656, 4.5, 0.0]",6.854407019523294,8.203245162963867,1.4113229833929708,8.926764079820694,1.3563355381670261,0.5110252276062965,0.0,0.5110252276062965,0.0
36.611341,"[205.80606079101562, 7.694962024688721, 0.0]","[214.9366912841797, 4.5, 0.0]",6.882637290332556,8.236628532409668,1.411513540463094,8.957518180113336,1.348838143440573,0.5110939964652061,0.0,0.5110939964652061,0.0
36.630795,"[205.94302368164062, 7.7008795738220215, 0.0]","[215.10317993164062, 4.5, 0.0]",6.9108732984377585,8.255955696105957,1.4118004052601218,8.984200931618524,1.3539912420771119,0.5112121999263763,0.0,0.5112121999263763,0.0
36.650305,"[206.08055114746094, 7.706821918487549, 0.0]","[215.26882934570312, 4.5, 0.0]",6.939118845974878,8.288487434387207,1.412277376855986,9.013444198844038,1.3450823976681985,0.5113666132092476,0.0,0.5113666132092476,0.0
36.669268,"[206.21864318847656, 7.7127885818481445, 0.0]","[215.43531799316406, 4.5, 0.0]",6.967370124375488,8.307815551757812,1.4125639200305073,9.041283418148543,1.3493685884123288,0.5114913731813431,0.0,0.5114913731813431,0.0
36.690856,"[206.3572998046875, 7.718779563903809, 0.0]","[215.6013946533203, 4.5, 0.0]",6.995321677558355,8.34041690826416,1.397577659143323,9.06939598986169,1.340445427382324,0.5060648545622826,0.0,0.5060648545622826,0.0
36.709669,"[206.49652099609375, 7.724794864654541, 0.0]","[215.76698303222656, 4.5, 0.0]",7.0232789474533295,8.359489440917969,1.39786349474873,9.096531859598445,1.3450952307058053,0.506180003285408,0.0,0.506180003285408,0.0
36.730777,"[206.63629150390625, 7.730834484100342, 0.0]","[215.93441772460938, 4.5, 0.0]",7.051241944352327,8.390923500061035,1.3981498449498808,9.122614322235878,1.3362104934646393,0.5062767863273621,0.0,0.5062767863273621,0.0
36.749903,"[206.77662658691406, 7.736897945404053, 0.0]","[216.10040283203125, 4.5, 0.0]",7.079210672114815,8.408807754516602,1.3984363881244022,9.149992487771065,1.339681555708708,0.506359338760376,0.0,0.506359338760376,0.0
36.768847,"[206.9175262451172, 7.742985725402832, 0.0]","[216.26907348632812, 4.5, 0.0]",7.107183130256832,8.440425872802734,1.3986229071008438,9.175356859153442,1.3295970824017864,0.5064311996102333,0.0,0.5064311996102333,0.0
36.790231,"[207.05897521972656, 7.7490973472595215, 0.0]","[216.4378204345703, 4.5, 0.0]",7.135050114104181,8.458718299865724,1.3933491923674435,9.202839175390668,1.3332427425459024,0.5045407637953758,0.0,0.5045407637953758,0.0
36.808422,"[207.20098876953125, 7.7552266120910645, 0.0]","[216.60604858398438, 4.5, 0.0]",7.162926596854864,8.49019718170166,1.3938241375341498,9.229848367052902,1.3236681857615435,0.5047241225838661,0.0,0.5047241225838661,0.0
36.830564,"[207.3435516357422, 7.7613654136657715, 0.0]","[216.78042602539062, 4.5, 0.0]",7.190811043760997,8.508123397827148,1.3942223453066394,9.25578661274031,1.3272705848467963,0.5048813670873642,0.0,0.5048813670873642,0.0
36.85341,"[207.48667907714844, 7.767507553100586, 0.0]","[216.95213317871094, 4.5, 0.0]",7.21870365301563,8.539005279541016,1.3946304627316497,9.287348540401027,1.3173123540661518,0.505015067756176,0.0,0.505015067756176,0.0
36.868844,"[207.63037109375, 7.773647785186768, 0.0]","[217.12046813964844, 4.5, 0.0]",7.2466010293262615,8.556078910827637,1.3948688155315914,9.31572363638686,1.320301626525386,0.5051283538341522,0.0,0.5051283538341522,0.0
36.890228,"[207.7746124267578, 7.779783725738525, 0.0]","[217.29153442382812, 4.5, 0.0]",7.274041998730785,8.586872100830078,1.3720484702261615,9.340221416631847,1.3094778815013752,0.4968655854463577,0.0,0.4968655854463577,0.0
36.911346,"[207.91941833496094, 7.785912036895752, 0.0]","[217.462890625, 4.5, 0.0]",7.301490028266093,8.604313850402832,1.3724014767654058,9.366960777176365,1.3128301020992934,0.4970060661435127,0.0,0.4970060661435127,0.0
36.929603,"[208.0647735595703, 7.792029857635498, 0.0]","[217.63621520996094, 4.5, 0.0]",7.328944489045916,8.634615898132324,1.3727230389911416,9.393491256761866,1.3028238221367392,0.49713484942913055,0.0,0.49713484942913055,0.0
36.949275,"[208.21067810058594, 7.798133850097656, 0.0]","[217.8077392578125, 4.5, 0.0]",7.356406720328755,8.651337623596191,1.373111564141949,9.421509426946228,1.3056714090864086,0.49725480377674103,0.0,0.49725480377674103,0.0
36.969323,"[208.3571319580078, 7.804221153259277, 0.0]","[217.98162841796875, 4.5, 0.0]",7.383869539494142,8.68171501159668,1.3731409582693477,9.447249834991995,1.2949309032674368,0.4973047599196434,0.0,0.4973047599196434,0.0
36.989112,"[208.50413513183594, 7.8102898597717285, 0.0]","[218.1555633544922, 4.5, 0.0]",7.411092792854634,8.70209789276123,1.3611626680246403,9.474875260123135,1.297845472102538,0.49295365810394287,0.0,0.49295365810394287,0.0
37.011958,"[208.6516876220703, 7.816338062286377, 0.0]","[218.32843017578125, 4.5, 0.0]",7.438318595145509,8.722308158874512,1.3612901145437117,9.502069394216102,1.291005099906596,0.49300264567136765,0.0,0.49300264567136765,0.0
37.031655,"[208.79978942871094, 7.822364330291748, 0.0]","[218.50621032714844, 4.5, 0.0]",7.46554752758143,8.75277328491211,1.3614466217960697,9.527717747428413,1.283989563729003,0.4930711165070534,0.0,0.4930711165070534,0.0
37.050609,"[208.9484405517578, 7.828366279602051, 0.0]","[218.68353271484375, 4.5, 0.0]",7.492781995220424,8.769838333129883,1.3617233819497088,9.557790809912666,1.2872257573306793,0.49315787851810455,0.0,0.49315787851810455,0.0
37.071679,"[209.09762573242188, 7.834342002868652, 0.0]","[218.85682678222656, 4.5, 0.0]",7.4935658184312866,8.799701690673828,0.03919116054311722,9.586924663208388,1.2770563379094586,0.4932606592774391,0.0,0.4932606592774391,0.0
37.091047,"[209.2473602294922, 7.84028959274292, 0.0]","[219.03579711914062, 4.5, 0.0]",7.520005450520108,8.81698989868164,1.3219816044410582,9.61156442670835,1.3061358722425416,0.4864204302430153,0.0,0.4864204302430153,0.0
37.110683,"[209.39703369140625, 7.848133563995361, 0.0]","[219.2121124267578, 4.5, 0.0]",7.546687929090518,8.84723949432373,1.334123928520503,9.641388768447177,1.296984448161533,0.48591379076242447,0.0,0.48591379076242447,0.0
37.130984,"[209.54725646972656, 7.85528039932251, 0.0]","[219.3898468017578, 4.5, 0.0]",7.5733994794754365,8.864180564880371,1.335577519245934,9.664728034335283,1.3005515652332127,0.4849553480744362,0.0,0.4849553480744362,0.0
37.148309,"[209.6980438232422, 7.862091064453125, 0.0]","[219.56654357910156, 4.5, 0.0]",7.600098653628367,8.894318580627441,1.3349587076465053,9.689868069539408,1.2907810854049346,0.4841833934187889,0.0,0.4841833934187889,0.0
37.168086,"[209.849365234375, 7.868739604949951, 0.0]","[219.74330139160156, 4.5, 0.0]",7.6267784189234895,8.911128997802734,1.3339882647561474,9.714160794823243,1.2942199269990748,0.4835905507206917,0.0,0.4835905507206917,0.0
37.189937,"[210.001220703125, 7.875299453735352, 0.0]","[219.92379760742188, 4.5, 0.0]",7.6535150661326705,8.941770553588867,1.3368323604590504,9.738582795628322,1.2843505788792449,0.4844983294606209,0.0,0.4844983294606209,0.0
37.209568,"[210.1536102294922, 7.881799221038818, 0.0]","[220.09764099121094, 4.5, 0.0]",7.6802447625631585,8.95819091796875,1.3364848215243974,9.766677267121127,1.2882554874561967,0.48427920788526535,0.0,0.48427920788526535,0.0
37.229511,"[210.30654907226562, 7.888248443603516, 0.0]","[220.27890014648438, 4.5, 0.0]",7.7069729925537755,8.988865852355957,1.336411499530854,9.78795807431878,1.2779461554055915,0.4841732233762741,0.0,0.4841732233762741,0.0
37.249539,"[210.46002197265625, 7.894648551940918, 0.0]","[220.4622802734375, 4.5, 0.0]",7.733704305584512,9.006487846374512,1.336565651536814,9.81638111084071,1.2818928598021815,0.4841618612408638,0.0,0.4841618612408638,0.0
37.268762,"[210.61402893066406, 7.901000022888184, 0.0]","[220.63897705078125, 4.5, 0.0]",7.760443280373965,9.03656005859375,1.3369487394726765,9.846608057570963,1.27278354079,0.4842805862426758,0.0,0.4842805862426758,0.0
37.289782,"[210.76856994628906, 7.9073028564453125, 0.0]","[220.82374572753906, 4.5, 0.0]",7.787009959819255,9.054366111755371,1.3283339722644616,9.869794774302786,1.2761167782197846,0.48111245036125183,0.0,0.48111245036125183,0.0
37.308654,"[210.9236602783203, 7.913557052612305, 0.0]","[221.00003051757812, 4.5, 0.0]",7.813589945884081,9.084379196166992,1.3289993032413072,9.900642199112706,1.2673561519361165,0.4813116043806076,0.0,0.4813116043806076,0.0
37.329858,"[211.0792694091797, 7.919766426086426, 0.0]","[221.18408203125, 4.5, 0.0]",7.8401818547746265,9.102017402648926,1.3295954445272873,9.922564737586226,1.2707892502829115,0.481514036655426,0.0,0.481514036655426,0.0
37.349207,"[211.23541259765625, 7.925936222076416, 0.0]","[221.36618041992188, 4.5, 0.0]",7.86678617643553,9.132732391357422,1.3302160830451548,9.951807925154073,1.2618355478742993,0.481715127825737,0.0,0.481715127825737,0.0
37.371028,"[211.39208984375, 7.932070732116699, 0.0]","[221.5489044189453, 4.5, 0.0]",7.893399605307836,9.15019416809082,1.3306714436153388,9.978629553171464,1.2659462149218923,0.48190247267484665,0.0,0.48190247267484665,0.0
37.390312,"[211.54930114746094, 7.938172340393066, 0.0]","[221.73484802246094, 4.5, 0.0]",7.9196109611673355,9.181418418884277,1.3105677929749593,10.005591145553108,1.256794562782984,0.4745819792151451,0.0,0.4745819792151451,0.0
37.409196,"[211.70704650878906, 7.944242477416992, 0.0]","[221.9178009033203, 4.5, 0.0]",7.945837050089542,9.202230453491211,1.3113044461103396,10.035277313622732,1.2618074577169418,0.4748515784740448,0.0,0.4748515784740448,0.0
37.428801,"[211.86532592773438, 7.950281620025635, 0.0]","[222.1041717529297, 4.5, 0.0]",7.972075653884808,9.226659774780273,1.3119301897632774,10.061474306116644,1.2563934034016686,0.47508761286735535,0.0,0.47508761286735535,0.0
37.449097,"[212.0241241455078, 7.956289768218994, 0.0]","[222.28900146484375, 4.5, 0.0]",7.998326667824463,9.250886917114258,1.3125506969827505,10.090581315922309,1.2545841208954656,0.4752963036298752,0.0,0.4752963036298752,0.0
37.469693,"[212.18345642089844, 7.96226692199707, 0.0]","[222.47457885742188, 4.5, 0.0]",8.024586085132487,9.275214195251467,1.3129708654012084,10.117651430513147,1.252560249289795,0.4754745215177536,0.0,0.4754745215177536,0.0
37.4894,"[212.3433074951172, 7.968213081359863, 0.0]","[222.65982055664062, 4.5, 0.0]",8.05070216102449,9.2994966506958,1.305803794600191,10.144955810098558,1.2506281101189796,0.47285761684179306,0.0,0.47285761684179306,0.0
37.509849,"[212.50369262695312, 7.974127292633057, 0.0]","[222.84458923339844, 4.5, 0.0]",8.076822303312506,9.323685646057129,1.3060071144007424,10.171423059567992,1.24879448967131,0.4729626700282097,0.0,0.4729626700282097,0.0
37.529156,"[212.6645965576172, 7.980009078979492, 0.0]","[223.03350830078125, 4.5, 0.0]",8.102947537768951,9.348057746887207,1.3062617228222884,10.19689605544329,1.2468633427446232,0.473058745265007,0.0,0.473058745265007,0.0
37.550243,"[212.82603454589844, 7.985857009887695, 0.0]","[223.22023010253906, 4.5, 0.0]",8.129079816634071,9.372145652770996,1.3066139432559964,10.226009410902188,1.2451102091182555,0.4731541872024536,0.0,0.4731541872024536,0.0
37.568623,"[212.9879913330078, 7.991671085357666, 0.0]","[223.4077911376953, 4.5, 0.0]",8.15521670669223,9.396343231201172,1.3068445029079,10.252403545989948,1.2430658361369247,0.47324545681476593,0.0,0.47324545681476593,0.0
37.589903,"[213.1504669189453, 7.9974493980407715, 0.0]","[223.5963897705078, 4.5, 0.0]",8.181160798408502,9.420675277709961,1.2972045858136383,10.279125788201464,1.2411265245089425,0.469735823571682,0.0,0.469735823571682,0.0
37.608789,"[213.3134765625, 8.003191947937012, 0.0]","[223.78347778320312, 4.5, 0.0]",8.207107861788277,9.444755554199219,1.2973531689887352,10.306374925762574,1.2395144793014587,0.469806045293808,0.0,0.469806045293808,0.0
37.63047,"[213.4770050048828, 8.00889778137207, 0.0]","[223.9743194580078, 4.5, 0.0]",8.233058316257184,9.46867847442627,1.2975227234453435,10.331588741122628,1.2376476924109419,0.46988584101200104,0.0,0.46988584101200104,0.0
37.649183,"[213.64105224609375, 8.014565467834473, 0.0]","[224.16404724121094, 4.5, 0.0]",8.259014255794227,9.492461204528809,1.2977969768521724,10.36004358093793,1.2356201581690858,0.46997983008623123,0.0,0.46997983008623123,0.0
37.669619,"[213.8056182861328, 8.020194053649902, 0.0]","[224.35096740722656, 4.5, 0.0]",8.284975785113607,9.51589298248291,1.2980764659690003,10.386874793077066,1.2334469487345814,0.4700813442468643,0.0,0.4700813442468643,0.0
37.68949,"[213.970703125, 8.02578353881836, 0.0]","[224.54522705078125, 4.5, 0.0]",8.310744456207644,9.540245056152344,1.2884335547018289,10.410390219036135,1.230917197369303,0.46658407896757126,0.0,0.46658407896757126,0.0
37.709706,"[214.1363067626953, 8.031332969665527, 0.0]","[224.73472595214844, 4.5, 0.0]",8.336518805452414,9.563908576965332,1.288717462238509,10.440729163787916,1.2295005999447,0.46667858958244324,0.0,0.46667858958244324,0.0
37.72964,"[214.30242919921875, 8.03684139251709, 0.0]","[224.9276580810547, 4.5, 0.0]",8.362300349977868,9.587006568908691,1.2890772262727168,10.46579934819848,1.227389771512918,0.4667859151959419,0.0,0.4667859151959419,0.0
37.748791,"[214.4690704345703, 8.04230785369873, 0.0]","[225.1155242919922, 4.5, 0.0]",8.38808552595266,9.6094970703125,1.2892587987395565,10.49379462893832,1.224706218930823,0.46684544533491135,0.0,0.46684544533491135,0.0
37.768639,"[214.63623046875, 8.04773235321045, 0.0]","[225.31138610839844, 4.5, 0.0]",8.41387027771226,9.632945060729982,1.2892375879800078,10.516212818595777,1.2214115443598406,0.46686604619026184,0.0,0.46686604619026184,0.0
37.790418,"[214.8039093017578, 8.05311393737793, 0.0]","[225.50485229492188, 4.5, 0.0]",8.439433533362125,9.656106948852539,1.2781627824932862,10.546113100373727,1.2190747830177227,0.4628412798047066,0.0,0.4628412798047066,0.0
37.808412,"[214.97210693359375, 8.058452606201172, 0.0]","[225.6964111328125, 4.5, 0.0]",8.464998729837017,9.678922653198242,1.2782598237445875,10.573110589348165,1.2166734154904137,0.4629472643136978,0.0,0.4629472643136978,0.0
37.829619,"[215.14080810546875, 8.06374740600586, 0.0]","[225.8910675048828, 4.5, 0.0]",8.490567853397144,9.704054832458496,1.2784561780063264,10.597688434752632,1.2139239233612251,0.46301454305648804,0.0,0.46301454305648804,0.0
37.848384,"[215.31002807617188, 8.068997383117676, 0.0]","[226.0834503173828, 4.5, 0.0]",8.516140985965086,9.71893310546875,1.2786566283971013,10.624867505081125,1.2134869790613525,0.4630500078201294,0.0,0.4630500078201294,0.0
37.868391,"[215.47976684570312, 8.074202537536621, 0.0]","[226.2813720703125, 4.5, 0.0]",8.541717208911423,9.74776554107666,1.278811147316894,10.649263958178041,1.2027921195036644,0.4631239175796509,0.0,0.4631239175796509,0.0
37.890457,"[215.65000915527344, 8.079361915588379, 0.0]","[226.47666931152344, 4.5, 0.0]",8.567068448325836,9.762969970703125,1.267561970720621,10.678687514110129,1.2060483321652367,0.4590333253145218,0.0,0.4590333253145218,0.0
37.909609,"[215.82077026367188, 8.084474563598633, 0.0]","[226.6702880859375, 4.5, 0.0]",8.592424802631477,9.79117202758789,1.2678177152820602,10.704991279824526,1.195901522377289,0.4591284319758415,0.0,0.4591284319758415,0.0
37.92952,"[215.99203491210938, 8.089539527893066, 0.0]","[226.8646240234375, 4.5, 0.0]",8.617785113516996,9.804433822631836,1.2680155442759578,10.729105426052055,1.1987472249564135,0.4591928794980049,0.0,0.4591928794980049,0.0
37.947899,"[216.16380310058594, 8.094554901123047, 0.0]","[227.06048583984375, 4.5, 0.0]",8.643144449520866,9.83118724822998,1.2679668001934985,10.753445810416828,1.1866487091148397,0.45923277735710144,0.0,0.45923277735710144,0.0
37.969335,"[216.33609008789062, 8.099518775939941, 0.0]","[227.25689697265625, 4.5, 0.0]",8.668506811328756,9.844661712646486,1.2681180903944878,10.778819198092503,1.1880427987091142,0.4592537134885788,0.0,0.4592537134885788,0.0
37.991018,"[216.50888061523438, 8.1044282913208, 0.0]","[227.45448303222656, 4.5, 0.0]",8.69331723214849,9.871590614318848,1.240521040986664,10.804240570336487,1.1761549013177302,0.4492953419685364,0.0,0.4492953419685364,0.0
38.0083,"[216.68218994140625, 8.10927963256836, 0.0]","[227.65061950683594, 4.5, 0.0]",8.71813526964597,9.88491153717041,1.240901874874023,10.830354204787113,1.1782733821703584,0.44947274029254913,0.0,0.44947274029254913,0.0
38.030579,"[216.85598754882812, 8.114067077636719, 0.0]","[227.8543243408203, 4.5, 0.0]",8.74296012092647,9.91036319732666,1.2412425640250468,10.854526340067947,1.1667762675244404,0.44962018728256226,0.0,0.44962018728256226,0.0
38.049138,"[217.03028869628906, 8.118786811828613, 0.0]","[228.05230712890625, 4.5, 0.0]",8.767790590299505,9.921950340270996,1.2415234686517174,10.885813538123143,1.1674030764001895,0.449741967022419,0.0,0.449741967022419,0.0
38.069257,"[217.20509338378906, 8.123432159423828, 0.0]","[228.24815368652344, 4.5, 0.0]",8.792622395318887,9.946677207946777,1.2415902509690824,10.910925111315107,1.154159749971491,0.4497786611318588,0.0,0.4497786611318588,0.0
38.089517,"[217.38038635253906, 8.127998352050781, 0.0]","[228.44703674316406, 4.5, 0.0]",8.817053933046715,9.958347320556642,1.2215768863914178,10.933456305313612,1.1540548126278907,0.44255971908569336,0.0,0.44255971908569336,0.0
38.108396,"[217.55618286132812, 8.13248062133789, 0.0]","[228.64598083496094, 4.5, 0.0]",8.841484195650697,9.9832181930542,1.2215131301990922,10.958599260918486,1.1412933875099274,0.4425922781229019,0.0,0.4425922781229019,0.0
38.130844,"[217.7324676513672, 8.136871337890625, 0.0]","[228.84654235839844, 4.5, 0.0]",8.865917610201405,9.992990493774414,1.2216707275354288,10.983374023497802,1.1417339974035023,0.4426361620426178,0.0,0.4426361620426178,0.0
38.148327,"[217.90924072265625, 8.141165733337402, 0.0]","[229.04611206054688, 4.5, 0.0]",8.89035127181402,10.016016960144043,1.2216830806306866,11.00936275225478,1.1270728835730086,0.44269222766160965,0.0,0.44269222766160965,0.0
38.168887,"[218.0865020751953, 8.145357131958008, 0.0]","[229.24681091308594, 4.5, 0.0]",8.914789346811714,10.025800704956055,1.2219037498847563,11.033960328855638,1.1256656883300238,0.4427606612443924,0.0,0.4427606612443924,0.0
38.188085,"[218.26426696777344, 8.14944076538086, 0.0]","[229.44821166992188, 4.5, 0.0]",8.938398883592729,10.04897689819336,1.180476839050737,11.059296874801094,1.1110113581443404,0.42776938527822495,0.0,0.42776938527822495,0.0
38.208749,"[218.44252014160156, 8.153413772583008, 0.0]","[229.6468048095703, 4.5, 0.0]",8.962014426086121,10.058473587036133,1.1807771246695964,11.08493152350831,1.1105780146006303,0.4278993606567383,0.0,0.4278993606567383,0.0
38.228626,"[218.62124633789062, 8.157271385192871, 0.0]","[229.853759765625, 4.5, 0.0]",8.98563629460133,10.080180168151855,1.1810934257604266,11.107367277791026,1.0964591609500118,0.42798880487680435,0.0,0.42798880487680435,0.0
38.24918,"[218.80044555664062, 8.16101360321045, 0.0]","[230.05499267578125, 4.5, 0.0]",9.009263475318074,10.088134765625,1.181359035837204,11.137787621801092,1.094543873550526,0.4280417039990425,0.0,0.4280417039990425,0.0
38.269285,"[218.98011779785156, 8.164640426635742, 0.0]","[230.25717163085938, 4.5, 0.0]",9.032892870352692,10.109495162963867,1.1814697517309014,11.162102367705383,1.0788712903069264,0.42807217687368393,0.0,0.42807217687368393,0.0
38.288474,"[219.16026306152344, 8.16815185546875, 0.0]","[230.45994567871094, 4.5, 0.0]",9.01009768363305,10.117561340332033,-1.139759335982049,11.18696502442458,1.0766022926111756,0.41592709720134735,0.0,0.41592709720134735,0.0
38.308215,"[219.34088134765625, 8.171549797058105, 0.0]","[230.66085815429688, 4.5, 0.0]",9.032640885378983,10.138700485229492,1.1271600872966303,11.212011807131814,1.1074636566989824,0.4160137474536896,0.0,0.4160137474536896,0.0
38.330194,"[219.52101135253906, 8.176705360412598, 0.0]","[230.8651885986328, 4.5, 0.0]",9.055380918976152,10.14859676361084,1.1370016798584182,11.234774223879029,1.106059599850509,0.4150749742984772,0.0,0.4150749742984772,0.0
38.348225,"[219.7016143798828, 8.181111335754395, 0.0]","[231.06861877441406, 4.5, 0.0]",9.078109798262334,10.16176986694336,1.1364439643091195,11.25749471093303,1.0932158446346882,0.41332922875881195,0.0,0.41332922875881195,0.0
38.368948,"[219.88267517089844, 8.185126304626465, 0.0]","[231.2709503173828, 4.5, 0.0]",9.100794871861181,10.174871444702148,1.1342536799423542,11.279763905958138,1.0836600686810254,0.4119018092751503,0.0,0.4119018092751503,0.0
38.388643,"[220.06419372558594, 8.188919067382812, 0.0]","[231.4755096435547, 4.5, 0.0]",9.12340987892103,10.188117027282715,1.1307503529924823,11.301217130146224,1.0740765728409674,0.41029371321201324,0.0,0.41029371321201324,0.0
38.410511,"[220.2461700439453, 8.1925630569458, 0.0]","[231.67767333984375, 4.5, 0.0]",9.145993782428292,10.201103210449219,1.1291951753630514,11.325009983302257,1.0647071483616841,0.4094800725579262,0.0,0.4094800725579262,0.0
38.429798,"[220.42860412597656, 8.196088790893555, 0.0]","[231.88363647460938, 4.5, 0.0]",9.168554582363766,10.213101387023926,1.1280399967737331,11.346386312168244,1.055109428020927,0.40892813354730606,0.0,0.40892813354730606,0.0
38.4497,"[220.6114959716797, 8.199504852294922, 0.0]","[232.08811950683594, 4.5, 0.0]",9.191109693976797,10.22501277923584,1.1277555806515238,11.371426533081424,1.0445468046601594,0.4086621105670929,0.0,0.4086621105670929,0.0
38.468604,"[220.79483032226562, 8.202815055847168, 0.0]","[232.29286193847656, 4.5, 0.0]",9.213667116326203,10.236939430236816,1.1278711174703027,11.394765795623501,1.033903085259043,0.4086234048008919,0.0,0.4086234048008919,0.0
38.48798,"[220.97862243652344, 8.20602035522461, 0.0]","[232.4936065673828, 4.5, 0.0]",9.235228537022378,10.24863338470459,1.0780710348087474,11.418088108232775,1.0232723139106135,0.39051488041877747,0.0,0.39051488041877747,0.0
38.509118,"[221.16287231445312, 8.209123611450195, 0.0]","[232.70127868652344, 4.5, 0.0]",9.256806998604226,10.26064395904541,1.0789230790924087,11.437067411273024,1.013404847682212,0.3908003121614456,0.0,0.3908003121614456,0.0
38.530029,"[221.34754943847656, 8.212128639221191, 0.0]","[232.90846252441406, 4.5, 0.0]",9.278407742092568,10.271610260009766,1.0800371744171144,11.462576452207276,1.003836960441184,0.3911332041025162,0.0,0.3911332041025162,0.0
38.548821,"[221.5326690673828, 8.215043067932129, 0.0]","[233.11294555664062, 4.5, 0.0]",9.300028637275375,10.282432556152344,1.081044759140326,11.487200270114052,0.9932025179171973,0.39142534136772156,0.0,0.39142534136772156,0.0
38.568829,"[221.7182159423828, 8.217875480651855, 0.0]","[233.3189239501953, 4.5, 0.0]",9.321664476874938,10.293334007263184,1.0817919799781528,11.508683309469129,0.9824039188769689,0.3916745260357857,0.0,0.3916745260357857,0.0
38.588605,"[221.90419006347656, 8.220634460449219, 0.0]","[233.52557373046875, 4.5, 0.0]",9.34225499211759,10.304271697998049,1.0295257621326215,11.531208677551579,0.9716695303882457,0.3727494552731514,0.0,0.3727494552731514,0.0
38.609731,"[222.09060668945312, 8.223329544067383, 0.0]","[233.730712890625, 4.5, 0.0]",9.362869038586078,10.315054893493652,1.0307023234243928,11.553937162713503,0.9620167058804583,0.37314560264348984,0.0,0.37314560264348984,0.0
38.630426,"[222.27743530273438, 8.225967407226562, 0.0]","[233.9384307861328, 4.5, 0.0]",9.38350151889239,10.325125694274902,1.0316240153155576,11.574649692929167,0.9521858549075741,0.373469814658165,0.0,0.373469814658165,0.0
38.648924,"[222.4646759033203, 8.228549003601074, 0.0]","[234.14454650878906, 4.5, 0.0]",9.404149288727996,10.33511734008789,1.032388491780356,11.597451349243057,0.941624175382513,0.373733825981617,0.0,0.373733825981617,0.0
38.669044,"[222.65232849121094, 8.231083869934082, 0.0]","[234.3480682373047, 4.5, 0.0]",9.424808549004684,10.34498405456543,1.032963013834376,11.618163959750731,0.9309680513598941,0.3739403560757637,0.0,0.3739403560757637,0.0
38.689263,"[222.84039306640625, 8.23358154296875, 0.0]","[234.5565948486328, 4.5, 0.0]",9.444406846928505,10.355093002319336,0.9799148961910475,11.63577432135204,0.9201755055607457,0.3547663614153862,0.0,0.3547663614153862,0.0
38.709392,"[223.02886962890625, 8.236052513122559, 0.0]","[234.76234436035156, 4.5, 0.0]",9.464017279614469,10.365015029907227,0.9805216342981815,11.657869390168345,0.910686155390831,0.35497743636369705,0.0,0.35497743636369705,0.0
38.729434,"[223.21774291992188, 8.238502502441406, 0.0]","[234.97120666503906, 4.5, 0.0]",9.483637928685127,10.374357223510742,0.9810324535329151,11.676646752651537,0.900997750292758,0.35516656935214996,0.0,0.35516656935214996,0.0
38.749347,"[223.40701293945312, 8.240941047668457, 0.0]","[235.177734375, 4.5, 0.0]",9.503265912193557,10.386929512023926,0.9813991754215046,11.698001577401609,0.8907192948256153,0.3552825003862381,0.0,0.3552825003862381,0.0
38.767601,"[223.59666442871094, 8.243375778198242, 0.0]","[235.3850860595703, 4.5, 0.0]",9.522895241074327,10.38953685760498,0.9814664440384924,11.716475089605948,0.8836635998303688,0.35534217953681946,0.0,0.35534217953681946,0.0
38.790332,"[223.78671264648438, 8.24581527709961, 0.0]","[235.59405517578125, 4.5, 0.0]",9.541470208540126,10.40555191040039,0.928748373289956,11.735234531053404,0.8666416165306536,0.33627185970544815,0.0,0.33627185970544815,0.0
38.808063,"[223.97715759277344, 8.24826717376709, 0.0]","[235.8008575439453, 4.5, 0.0]",9.560049090986164,10.408093452453613,0.928944122301889,11.755049657048431,0.8640817018602647,0.33639635890722275,0.0,0.33639635890722275,0.0
38.829803,"[224.16796875, 8.250741004943848, 0.0]","[236.0106964111328, 4.5, 0.0]",9.578635073339145,10.423501014709473,0.9292991176490517,11.772133430988253,0.8480443614674495,0.33650193363428116,0.0,0.33650193363428116,0.0
38.848281,"[224.35914611816406, 8.253228187561035, 0.0]","[236.2198486328125, 4.5, 0.0]",9.597225336000944,10.425543785095215,0.9295131330899764,11.791709594437153,0.8448659413703279,0.3365974500775337,0.0,0.3365974500775337,0.0
38.869565,"[224.5507049560547, 8.255722045898438, 0.0]","[236.42771911621094, 4.5, 0.0]",9.614871046335729,10.440869331359863,0.882285516739234,11.810091775482784,0.8283184490942705,0.31943120062351227,0.0,0.31943120062351227,0.0
38.888684,"[224.7426300048828, 8.258219718933105, 0.0]","[236.63668823242188, 4.5, 0.0]",9.632518440743084,10.442903518676758,0.8823697203677483,11.826702422615828,0.8259982850241343,0.31953468918800354,0.0,0.31953468918800354,0.0
38.908216,"[224.93490600585938, 8.260721206665039, 0.0]","[236.84466552734375, 4.5, 0.0]",9.650171347707104,10.458203315734863,0.8826453482010166,11.843964990764038,0.8103850779336739,0.31959980726242065,0.0,0.31959980726242065,0.0
38.929408,"[225.12753295898438, 8.263225555419922, 0.0]","[237.05516052246094, 4.5, 0.0]",9.667827877870764,10.459822654724123,0.8828265081829656,11.859821025313975,0.808031968027759,0.31964443624019623,0.0,0.31964443624019623,0.0
38.948933,"[225.32052612304688, 8.265732765197754, 0.0]","[237.2635498046875, 4.5, 0.0]",9.685484241660417,10.474696159362793,0.8828181894826592,11.877799481055334,0.7919947768533593,0.3196732699871063,0.0,0.3196732699871063,0.0
38.967574,"[225.5138702392578, 8.268242835998535, 0.0]","[237.4732666015625, 4.5, 0.0]",9.703138587164068,10.476284980773926,0.882717275182543,11.893269830098069,0.7892119177023762,0.3196360170841217,0.0,0.3196360170841217,0.0
38.988401,"[225.7075653076172, 8.270755767822266, 0.0]","[237.68397521972656, 4.5, 0.0]",9.719699870751956,10.491249084472656,0.8280641793944277,11.909689080971841,0.7731463936098582,0.29985640197992325,0.0,0.29985640197992325,0.0
39.009807,"[225.901611328125, 8.273270606994629, 0.0]","[237.89280700683594, 4.5, 0.0]",9.736268792013707,10.492786407470703,0.8284460630875401,11.926730401916908,0.7715492137207001,0.2999838627874851,0.0,0.2999838627874851,0.0
39.029397,"[226.0959930419922, 8.275787353515625, 0.0]","[238.10389709472656, 4.5, 0.0]",9.752841591221555,10.50750732421875,0.8286399603924188,11.941529016439924,0.7565176154569961,0.30006520450115204,0.0,0.30006520450115204,0.0
39.048558,"[226.2906951904297, 8.278306007385254, 0.0]","[238.31317138671875, 4.5, 0.0]",9.769418308204298,10.508824348449707,0.8288358491371106,11.958239126427124,0.7546657329971946,0.30011219903826714,0.0,0.30011219903826714,0.0
39.069563,"[226.48573303222656, 8.280826568603516, 0.0]","[238.52496337890625, 4.5, 0.0]",9.785994567857482,10.523571968078613,0.8288129826592439,11.972802733237156,0.7394060402454095,0.3001350909471512,0.0,0.3001350909471512,0.0
39.088123,"[226.6811065673828, 8.28334903717041, 0.0]","[238.7349090576172, 4.5, 0.0]",9.801798555423407,10.524913787841797,0.790199378296208,11.98954293503012,0.7375774002211308,0.2861930802464485,0.0,0.2861930802464485,0.0
39.109305,"[226.87681579589844, 8.28587532043457, 0.0]","[238.9446563720703, 4.5, 0.0]",9.81760400139217,10.53958511352539,0.7902722984381327,12.004095545164573,0.7231152324183903,0.2862885035574436,0.0,0.2862885035574436,0.0
39.129462,"[227.0728302001953, 8.288447380065918, 0.0]","[239.1568145751953, 4.5, 0.0]",9.833405140389436,10.541017532348633,0.7900569498633381,12.018105715957745,0.7219811121332214,0.28637902811169624,0.0,0.28637902811169624,0.0
39.148444,"[227.2691650390625, 8.291097640991211, 0.0]","[239.37005615234375, 4.5, 0.0]",9.849201361501803,10.555827140808105,0.7898110556183724,12.0341284174466,0.7076123919591968,0.2864053100347519,0.0,0.2864053100347519,0.0
39.169958,"[227.4658203125, 8.293848037719727, 0.0]","[239.58261108398438, 4.5, 0.0]",9.864990486015868,10.557273864746094,0.7894562257032334,12.050743606807657,0.706625779306302,0.28638705611228943,0.0,0.28638705611228943,0.0
39.189056,"[227.66278076171875, 8.296716690063477, 0.0]","[239.78890991210938, 4.5, 0.0]",9.87980333381663,10.571819305419922,0.7406423900381043,12.066126440194552,0.6922833787302256,0.2688121050596237,0.0,0.2688121050596237,0.0
39.208125,"[227.8600616455078, 8.299718856811523, 0.0]","[240.0034637451172, 4.5, 0.0]",9.894614815930147,10.5733642578125,0.7405741056758508,12.07468898634677,0.6920159716032916,0.2689049392938614,0.0,0.2689049392938614,0.0
39.22981,"[228.05763244628906, 8.30286693572998, 0.0]","[240.216796875, 4.5, 0.0]",9.909425786472479,10.588447570800781,0.7405485271165801,12.09090182893831,0.6787494418823528,0.2689735032618046,0.0,0.2689735032618046,0.0
39.248296,"[228.2554931640625, 8.30617618560791, 0.0]","[240.42794799804688, 4.5, 0.0]",9.924238365492887,10.590108871459963,0.7406289510203834,12.105308403024937,0.6790217843283024,0.2690206840634346,0.0,0.2690206840634346,0.0
39.269082,"[228.45364379882812, 8.309654235839844, 0.0]","[240.63584899902344, 4.5, 0.0]",9.939053145461447,10.604978561401367,0.7407389984280144,12.116936527394834,0.6658705059670762,0.268995463848114,0.0,0.268995463848114,0.0
39.288531,"[228.652099609375, 8.313307762145996, 0.0]","[240.8527374267578, 4.5, 0.0]",9.953276218832487,10.610199928283691,0.7111536685520115,12.124724519307492,0.6659254159399204,0.25829484686255455,0.0,0.25829484686255455,0.0
39.308896,"[228.85084533691406, 8.317133903503418, 0.0]","[241.06358337402344, 4.5, 0.0]",9.967501060854518,10.618556022644045,0.7112421011015613,12.140908989197705,0.6569237094512044,0.25835897773504257,0.0,0.25835897773504257,0.0
39.328741,"[229.04986572265625, 8.32114315032959, 0.0]","[241.27560424804688, 4.5, 0.0]",9.981725006412077,10.627397537231445,0.7111972778779396,12.150516180930676,0.6510549617895265,0.2583727613091469,0.0,0.2583727613091469,0.0
39.348047,"[229.24917602539062, 8.325343132019043, 0.0]","[241.48634338378906, 4.5, 0.0]",9.995950027286266,10.636185646057129,0.7112510437094599,12.160788839189001,0.6456725308193683,0.25834880769252777,0.0,0.25834880769252777,0.0
39.36746,"[229.44876098632812, 8.329739570617676, 0.0]","[241.69822692871094, 4.5, 0.0]",10.010171465175151,10.645021438598633,0.7110718944442596,12.169266270044826,0.6402356187708627,0.2582979388535023,0.0,0.2582979388535023,0.0
39.388095,"[229.64862060546875, 8.33434009552002, 0.0]","[241.9121551513672, 4.5, 0.0]",10.023706022722608,10.653942108154297,0.6767278773728513,12.178404770268047,0.6348499734234814,0.24583106860518456,0.0,0.24583106860518456,0.0
39.409349,"[229.84877014160156, 8.339149475097656, 0.0]","[242.12396240234375, 4.5, 0.0]",10.037244506526484,10.662812232971191,0.6769241901937839,12.189112645468489,0.6302360854316884,0.24594971910119057,0.0,0.24594971910119057,0.0
39.431069,"[230.04917907714844, 8.344173431396484, 0.0]","[242.33909606933594, 4.5, 0.0]",10.050786898457755,10.672403335571289,0.6771195965635357,12.197221254394266,0.6255677264447073,0.24604037404060364,0.0,0.24604037404060364,0.0
39.449195,"[230.24986267089844, 8.349417686462402, 0.0]","[242.55230712890625, 4.5, 0.0]",10.06433115833608,10.68190860748291,0.6772129939162319,12.208215787885797,0.6216164371135342,0.24604534730315208,0.0,0.24604534730315208,0.0
39.468204,"[230.4508056640625, 8.354888916015625, 0.0]","[242.76614379882812, 4.5, 0.0]",10.077454865460139,10.691442489624023,0.656185356202954,12.21683972467955,0.6175774491468307,0.23844748735427856,0.0,0.23844748735427856,0.0
39.489108,"[230.65200805664062, 8.360589981079102, 0.0]","[242.98065185546875, 4.5, 0.0]",10.090579201685138,10.701005935668945,0.6562168112499656,12.225655047246555,0.6139876241638849,0.2384522184729576,0.0,0.2384522184729576,0.0
39.509012,"[230.8534698486328, 8.36652660369873, 0.0]","[243.1931915283203, 4.5, 0.0]",10.103699546509558,10.710522651672363,0.6560172412210186,12.234717557703574,0.6104267339838074,0.23846954107284546,0.0,0.23846954107284546,0.0
39.531719,"[231.05519104003906, 8.37270450592041, 0.0]","[243.41336059570312, 4.5, 0.0]",10.116818016954214,10.721028327941895,0.6559235222328041,12.241392805503281,0.606823105162805,0.23850098252296448,0.0,0.23850098252296448,0.0
39.548671,"[231.2571563720703, 8.379131317138672, 0.0]","[243.626708984375, 4.5, 0.0]",10.12993378383539,10.731209754943848,0.6557883440588164,12.255277964963652,0.6042103109876802,0.23848291486501694,0.0,0.23848291486501694,0.0
39.568157,"[231.45938110351562, 8.385815620422363, 0.0]","[243.84112548828125, 4.5, 0.0]",10.142598922002975,10.741440773010256,0.6332569083792094,12.26193884383425,0.601275971108457,0.2304222621023655,0.0,0.2304222621023655,0.0
39.589944,"[231.661865234375, 8.392765045166016, 0.0]","[244.05747985839844, 4.5, 0.0]",10.155257891110253,10.751765251159668,0.632948455363902,12.269243082710197,0.5988418510072808,0.23046081885695457,0.0,0.23046081885695457,0.0
39.609203,"[231.86459350585938, 8.39999008178711, 0.0]","[244.26739501953125, 4.5, 0.0]",10.167912255505382,10.761822700500488,0.632718219756434,12.27805076025336,0.5965073600494151,0.23046603426337242,0.0,0.23046603426337242,0.0
39.630729,"[232.06756591796875, 8.407501220703125, 0.0]","[244.48802185058594, 4.5, 0.0]",10.180563519005727,10.773008346557617,0.6325631750172533,12.279995227021926,0.5939104449951067,0.2304510585963726,0.0,0.2304510585963726,0.0
39.648377,"[232.27076721191406, 8.415307998657227, 0.0]","[244.70391845703125, 4.5, 0.0]",10.1932096626726,10.783952713012695,0.6323071833437055,12.292205877502456,0.5924448275518905,0.2304171398282051,0.0,0.2304171398282051,0.0
39.668251,"[232.47421264648438, 8.423421859741211, 0.0]","[244.91485595703125, 4.5, 0.0]",10.205641423216408,10.794647216796875,0.6215880271903451,12.29924769058653,0.5907430503400946,0.22651292383670807,0.0,0.22651292383670807,0.0
39.689314,"[232.6779022216797, 8.43184757232666, 0.0]","[245.1363983154297, 4.5, 0.0]",10.218079248582479,10.805878639221191,0.6218912683035427,12.300871847736422,0.5890057935804673,0.226553063839674,0.0,0.226553063839674,0.0
39.709493,"[232.88182067871094, 8.44058895111084, 0.0]","[245.3506622314453, 4.5, 0.0]",10.230523184836525,10.820115089416504,0.6221968127023025,12.312628023301675,0.5877993906387129,0.2265765145421028,0.0,0.2265765145421028,0.0
39.728659,"[233.0859832763672, 8.449645042419434, 0.0]","[245.5688018798828, 4.5, 0.0]",10.24297702124101,10.825002670288088,0.622691820224297,12.31667178924834,0.5895919045799793,0.22659149020910263,0.0,0.22659149020910263,0.0
39.748981,"[233.29037475585938, 8.459012985229492, 0.0]","[245.78431701660156, 4.5, 0.0]",10.255440861234632,10.843086242675781,0.6231919996810831,12.324150577078036,0.5820256490470772,0.22659536451101303,0.0,0.22659536451101303,0.0
39.76803,"[233.49501037597656, 8.468688011169434, 0.0]","[246.0011749267578, 4.5, 0.0]",10.26782593740565,10.847904205322266,0.6192538085509014,12.328609158731114,0.5876453814411491,0.22491322830319405,0.0,0.22491322830319405,0.0
39.789482,"[233.6998748779297, 8.478663444519043, 0.0]","[246.2194366455078, 4.5, 0.0]",10.28021932478989,10.866133689880371,0.6196693692119837,12.334029362462198,0.5800782679166154,0.2248723804950714,0.0,0.2248723804950714,0.0
39.809758,"[233.90496826171875, 8.488926887512207, 0.0]","[246.43296813964844, 4.5, 0.0]",10.292627556208032,10.870768547058105,0.620411570907109,12.340525578178893,0.5859143650904812,0.22483797743916512,0.0,0.22483797743916512,0.0
39.830019,"[234.1103057861328, 8.499464988708496, 0.0]","[246.6549072265625, 4.5, 0.0]",10.305046210733433,10.889091491699219,0.6209327262700626,12.342013263286713,0.5781409908500734,0.22481605410575867,0.0,0.22481605410575867,0.0
39.849469,"[234.3158721923828, 8.510254859924316, 0.0]","[246.8726043701172, 4.5, 0.0]",10.317472751168069,10.893856048583984,0.6213270217317657,12.351655598123818,0.5840452809657855,0.2248007245361805,0.0,0.2248007245361805,0.0
39.870107,"[234.5216827392578, 8.521279335021973, 0.0]","[247.09068298339844, 4.5, 0.0]",10.3296738250227,10.91197681427002,0.6100536927315936,12.356893223289186,0.5763832974159158,0.22050274536013603,0.0,0.22050274536013603,0.0
39.888989,"[234.72772216796875, 8.532517433166504, 0.0]","[247.3046112060547, 4.5, 0.0]",10.342003384530575,10.916543006896973,0.6164779753937033,12.362387975264994,0.582302989247319,0.22273987531661987,0.0,0.22273987531661987,0.0
39.909018,"[234.9340057373047, 8.543941497802734, 0.0]","[247.52578735351562, 4.5, 0.0]",10.354335270288033,10.934823036193848,0.6165942878729069,12.363684104192805,0.5745396223663981,0.22276394069194794,0.0,0.22276394069194794,0.0
39.931468,"[235.14051818847656, 8.55552864074707, 0.0]","[247.74652099609375, 4.5, 0.0]",10.366669570124657,10.939721107482912,0.616714991831202,12.37222121507826,0.580487765905815,0.2227899245917797,0.0,0.2227899245917797,0.0
39.949722,"[235.34727478027344, 8.567252159118652, 0.0]","[247.96421813964844, 4.5, 0.0]",10.37900452912675,10.957797050476074,0.6167479501046458,12.380388313705799,0.5730515373582552,0.22282207384705544,0.0,0.22282207384705544,0.0
39.968769,"[235.5542755126953, 8.579082489013672, 0.0]","[248.18353271484375, 4.5, 0.0]",10.391335665992928,10.962620735168457,0.6165568433089241,12.38563898370168,0.5787925213493246,0.2228538691997528,0.0,0.2228538691997528,0.0
39.988697,"[235.7615203857422, 8.590995788574219, 0.0]","[248.40377807617188, 4.5, 0.0]",10.403429848403993,10.980830192565918,0.6047091205532595,12.392679429694907,0.5712850691755289,0.21871816366910934,0.0,0.21871816366910934,0.0
40.008815,"[235.96900939941406, 8.602959632873535, 0.0]","[248.6220245361328, 4.5, 0.0]",10.415514562260062,10.985587120056152,0.6042356928034565,12.400868844337646,0.5774003441619247,0.21873392164707184,0.0,0.21873392164707184,0.0
40.029712,"[236.17672729492188, 8.614941596984863, 0.0]","[248.84364318847656, 4.5, 0.0]",10.427595839619562,11.003730773925781,0.6040638679749577,12.407329178477319,0.5700725577960899,0.21875765174627304,0.0,0.21875765174627304,0.0
40.048315,"[236.3846893310547, 8.626901626586914, 0.0]","[249.0631866455078, 4.5, 0.0]",10.439682416568857,11.008429527282717,0.6043288474647746,12.417493346096675,0.5761349343062196,0.21879367530345917,0.0,0.21879367530345917,0.0
40.070565,"[236.5928955078125, 8.638842582702637, 0.0]","[249.2799530029297, 4.5, 0.0]",10.451767605829788,11.026322364807129,0.6042594630465636,12.425971575134882,0.5687471107138595,0.2188347652554512,0.0,0.2188347652554512,0.0
40.089844,"[236.8013458251953, 8.650793075561523, 0.0]","[249.50111389160156, 4.5, 0.0]",10.463919270024622,11.031105995178223,0.60758320974168,12.432011295726774,0.5745547589773405,0.21997371688485146,0.0,0.21997371688485146,0.0
40.109602,"[237.01004028320312, 8.662763595581055, 0.0]","[249.72474670410156, 4.5, 0.0]",10.476069414683192,11.049327850341797,0.6075072329284836,12.442635406007946,0.5671867251536007,0.21997125819325447,0.0,0.21997125819325447,0.0
40.129674,"[237.21897888183594, 8.674757957458496, 0.0]","[249.9473419189453, 4.5, 0.0]",10.488221854232464,11.053869247436523,0.6076219774636016,12.455818913247708,0.5732584356586052,0.21998083218932152,0.0,0.21998083218932152,0.0
40.147926,"[237.42816162109375, 8.686776161193848, 0.0]","[250.16749572753906, 4.5, 0.0]",10.500369563388022,11.071624755859375,0.6073854577778981,12.467974290789835,0.5656473932040598,0.21994227543473244,0.0,0.21994227543473244,0.0
40.168945,"[237.6375732421875, 8.698817253112793, 0.0]","[250.38880920410156, 4.5, 0.0]",10.512515029361571,11.076101303100586,0.6072732986774909,12.477638971090249,0.5712551924713534,0.2199281007051468,0.0,0.2199281007051468,0.0
40.190324,"[237.84722900390625, 8.710883140563965, 0.0]","[250.61163330078125, 4.5, 0.0]",10.524439318924026,11.093990325927734,0.5962144781227252,12.48837655209577,0.5635862737390145,0.2160116285085678,0.0,0.2160116285085678,0.0
40.209536,"[238.05712890625, 8.722957611083984, 0.0]","[250.83197021484375, 4.5, 0.0]",10.536362257935776,11.101730346679688,0.5961469505875172,12.500490401788626,0.5695510070037084,0.21606016904115677,0.0,0.21606016904115677,0.0
40.228752,"[238.26727294921875, 8.734993934631348, 0.0]","[251.05601501464844, 4.5, 0.0]",10.548281326360446,11.112720489501955,0.5959534212334638,12.510000481632643,0.5653680887439112,0.21611863747239113,0.0,0.21611863747239113,0.0
40.249316,"[238.4776611328125, 8.746962547302246, 0.0]","[251.2774200439453, 4.5, 0.0]",10.560190571294571,11.12358283996582,0.5954622467062798,12.523201713242768,0.5644391631415093,0.21612586453557014,0.0,0.21612586453557014,0.0
40.268633,"[238.68829345703125, 8.75883960723877, 0.0]","[251.50070190429688, 4.5, 0.0]",10.57209252370691,11.134535789489746,0.5950976206169578,12.533832727445347,0.5633922686712491,0.2160903625190258,0.0,0.2160903625190258,0.0
40.290177,"[238.899169921875, 8.77060604095459, 0.0]","[251.7238006591797, 4.5, 0.0]",10.583958669938989,11.145480155944824,0.5933073116039189,12.54645264097492,0.5624432657828358,0.2156333066523075,0.0,0.2156333066523075,0.0
40.308858,"[239.11029052734375, 8.782244682312012, 0.0]","[251.9452362060547, 4.5, 0.0]",10.595820227917423,11.156320571899414,0.5930778989217345,12.559044234060021,0.5615214860058355,0.21565206348896027,0.0,0.21565206348896027,0.0
40.328665,"[239.3216552734375, 8.79373550415039, 0.0]","[252.16616821289062, 4.5, 0.0]",10.607673421407107,11.166879653930664,0.5926596744841639,12.570153644165416,0.5605003439819907,0.21563023328781128,0.0,0.21563023328781128,0.0
40.349113,"[239.53326416015625, 8.805063247680664, 0.0]","[252.3935546875, 4.5, 0.0]",10.619516308120847,11.177745819091797,0.5921443356870171,12.58096038400736,0.5592062325235574,0.2155754528939724,0.0,0.2155754528939724,0.0
40.36827,"[239.7451171875, 8.816213607788086, 0.0]","[252.6162872314453, 4.5, 0.0]",10.631351790591541,11.188390731811523,0.5917741235347052,12.598415323724728,0.5582295109709499,0.21555859595537186,0.0,0.21555859595537186,0.0
40.388642,"[239.9572296142578, 8.827170372009277, 0.0]","[252.84144592285156, 4.5, 0.0]",10.643070880341789,11.199151039123535,0.5859544875123746,12.611427897535636,0.5570389412199823,0.21361427381634712,0.0,0.21361427381634712,0.0
40.408336,"[240.16958618164062, 8.83791732788086, 0.0]","[253.0637969970703, 4.5, 0.0]",10.654782427592133,11.209754943847656,0.5855773625172311,12.627049600384405,0.5560801587817465,0.21360374987125397,0.0,0.21360374987125397,0.0
40.429542,"[240.38218688964844, 8.848435401916504, 0.0]","[253.28541564941406, 4.5, 0.0]",10.666487399478378,11.220069885253906,0.5852485943122154,12.640062535410458,0.554972516255523,0.21362725645303726,0.0,0.21362725645303726,0.0
40.451711,"[240.59503173828125, 8.8587064743042, 0.0]","[253.51377868652344, 4.5, 0.0]",10.678184511402435,11.230698585510254,0.5848555962028712,12.652538329767326,0.5535824857755287,0.21367425099015236,0.0,0.21367425099015236,0.0
40.470143,"[240.80812072753906, 8.868709564208984, 0.0]","[253.7347869873047, 4.5, 0.0]",10.689868703334044,11.240985870361328,0.5842095965804539,12.671943261815969,0.5525140741078189,0.21368132904171944,0.0,0.21368132904171944,0.0
40.489285,"[241.02146911621094, 8.878424644470215, 0.0]","[253.96392822265625, 4.5, 0.0]",10.701422309733555,11.251649856567385,0.5776803199755598,12.68420292462393,0.5511171670272841,0.21155312657356262,0.0,0.21155312657356262,0.0
40.509362,"[241.2350616455078, 8.887832641601562, 0.0]","[254.1879425048828, 4.5, 0.0]",10.712965735710943,11.262055397033691,0.5771712988694055,12.704773924160088,0.5502275468338294,0.21151412278413773,0.0,0.21151412278413773,0.0
40.529744,"[241.4488983154297, 8.8969087600708, 0.0]","[254.41073608398438, 4.5, 0.0]",10.724500196144419,11.27216148376465,0.5767230216737751,12.720433654601763,0.5490896613227481,0.2115175873041153,0.0,0.2115175873041153,0.0
40.548547,"[241.66297912597656, 8.905637741088867, 0.0]","[254.6395721435547, 4.5, 0.0]",10.736032525886511,11.282541275024414,0.5766164871046087,12.735090532073707,0.5476612876202314,0.21155275404453278,0.0,0.21155275404453278,0.0
40.569286,"[241.87730407714844, 8.9140043258667, 0.0]","[254.86083984375, 4.5, 0.0]",10.747556841362538,11.292577743530275,0.5762157738013585,12.755993353468318,0.546508749137903,0.2115551196038723,0.0,0.2115551196038723,0.0
40.589694,"[242.0918731689453, 8.921993255615234, 0.0]","[255.09164428710938, 4.5, 0.0]",10.75895289054013,11.303047180175781,0.5698024588795647,12.769537108855651,0.545020902167737,0.20931748673319817,0.0,0.20931748673319817,0.0
40.608572,"[242.3066864013672, 8.92958927154541, 0.0]","[255.31723022460938, 4.5, 0.0]",10.770343289251713,11.313260078430176,0.5695199355791658,12.792790997735226,0.5440942896356518,0.2092861570417881,0.0,0.2092861570417881,0.0
40.629034,"[242.52174377441406, 8.936779022216797, 0.0]","[255.54054260253906, 4.5, 0.0]",10.781721710100042,11.326484680175781,0.5689210424164592,12.810999947096315,0.542916789178463,0.20923791453242302,0.0,0.20923791453242302,0.0
40.648941,"[242.73704528808594, 8.943548202514648, 0.0]","[255.77122497558594, 4.5, 0.0]",10.793095109999248,11.330033302307129,0.5686699949603025,12.827089205916034,0.5447629700757393,0.20917780697345734,0.0,0.20917780697345734,0.0
40.670732,"[242.9525909423828, 8.949882507324219, 0.0]","[255.99835205078125, 4.5, 0.0]",10.804462234264362,11.346760749816895,0.568356213255683,12.850673983084173,0.5369381923078809,0.20911004394292831,0.0,0.20911004394292831,0.0
40.690094,"[243.16836547851562, 8.955770492553711, 0.0]","[256.2249450683594, 4.5, 0.0]",10.81576173084339,11.350128173828125,0.5649748289513923,12.870826422616458,0.5422985155525328,0.20801855251193047,0.0,0.20801855251193047,0.0
40.709356,"[243.38438415527344, 8.961198806762695, 0.0]","[256.451416015625, 4.5, 0.0]",10.827054790451891,11.36680793762207,0.5646529804250733,12.890556407554516,0.5343664429847355,0.2080627903342247,0.0,0.2080627903342247,0.0
40.729934,"[243.60064697265625, 8.966156005859375, 0.0]","[256.6761474609375, 4.5, 0.0]",10.8383444370056,11.369882583618166,0.5644823276854893,12.910241409049856,0.5397531471701793,0.2080846019089222,0.0,0.2080846019089222,0.0
40.749754,"[243.817138671875, 8.970625877380371, 0.0]","[256.9069519042969, 4.5, 0.0]",10.849625037576894,11.386554718017578,0.564030028564666,12.928249397696352,0.531538146612565,0.20808666944503784,0.0,0.20808666944503784,0.0
40.768123,"[244.03387451171875, 8.974595069885254, 0.0]","[257.134521484375, 4.5, 0.0]",10.860898409327731,11.389751434326172,0.5636685875418657,12.952395971469707,0.536929680440684,0.2080720290541649,0.0,0.2080720290541649,0.0
40.790715,"[244.25083923339844, 8.978050231933594, 0.0]","[257.36370849609375, 4.5, 0.0]",10.871892155412835,11.406353950500488,0.5496873042551975,12.973344621204928,0.5288530249984404,0.20310189574956894,0.0,0.20310189574956894,0.0
40.809887,"[244.46803283691406, 8.980978965759277, 0.0]","[257.5899963378906, 4.5, 0.0]",10.882881845360496,11.409479141235352,0.5494844973830126,12.99595083469449,0.5344617950876529,0.2030976302921772,0.0,0.2030976302921772,0.0
40.828863,"[244.68545532226562, 8.983369827270508, 0.0]","[257.8175354003906, 4.5, 0.0]",10.893865684358827,11.425810813903809,0.5491919499165832,13.015687803893394,0.5265972958748559,0.20308511331677437,0.0,0.20308511331677437,0.0
40.848677,"[244.90310668945312, 8.985212326049805, 0.0]","[258.0486755371094, 4.5, 0.0]",10.904844462310642,11.428958892822266,0.5489388975907339,13.036683656563415,0.5319451295449813,0.20306700840592384,0.0,0.20306700840592384,0.0
40.869247,"[245.12098693847656, 8.986495018005371, 0.0]","[258.2778625488281, 4.5, 0.0]",10.915826123137428,11.445359230041504,0.5490830413393155,13.061268825486291,0.5241144305116237,0.2030457742512226,0.0,0.2030457742512226,0.0
40.890266,"[245.33908081054688, 8.987208366394043, 0.0]","[258.5069885253906, 4.5, 0.0]",10.926819272808673,11.448420524597168,0.5496574835622603,13.083869014009712,0.5295331069040756,0.20317493006587029,0.0,0.20317493006587029,0.0
40.908786,"[245.55740356445312, 8.987346649169922, 0.0]","[258.734375, 4.5, 0.0]",10.937816362474527,11.464729309082031,0.5498544832926555,13.106376590652859,0.5216012517884945,0.20315077155828476,0.0,0.20315077155828476,0.0
40.929275,"[245.77593994140625, 8.98690414428711, 0.0]","[258.9655456542969, 4.5, 0.0]",10.948822158552383,11.467666625976562,0.550289803892845,13.127061484623084,0.5269129466075047,0.20312735810875893,0.0,0.20312735810875893,0.0
40.949024,"[245.99468994140625, 8.985879898071289, 0.0]","[259.1937561035156, 4.5, 0.0]",10.95983941172688,11.483817100524902,0.55086265872486,13.151435485789909,0.518844467424179,0.2031053975224495,0.0,0.2031053975224495,0.0
40.970167,"[246.21365356445312, 8.984272956848145, 0.0]","[259.4233093261719, 4.5, 0.0]",10.970864738894825,11.486687660217285,0.5512663583972177,13.172715175746003,0.5239776887980216,0.20308539271354675,0.0,0.20308539271354675,0.0
40.98962,"[246.43284606933594, 8.982083320617676, 0.0]","[259.6531982421875, 4.5, 0.0]",10.981627233009382,11.502908706665039,0.5381247057278493,13.19516288860091,0.5158229213224601,0.198171716183424,0.0,0.198171716183424,0.0
41.009553,"[246.65225219726562, 8.979310989379883, 0.0]","[259.883056640625, 4.5, 0.0]",10.992403718536773,11.505773544311523,0.5388242763695317,13.217720882438444,0.521281473655657,0.19818956032395363,0.0,0.19818956032395363,0.0
41.030094,"[246.87185668945312, 8.975957870483398, 0.0]","[260.11090087890625, 4.5, 0.0]",11.003192022617727,11.521677017211914,0.5394152040476996,13.240003544477599,0.5133698257747508,0.19814522936940193,0.0,0.19814522936940193,0.0
41.049156,"[247.0916748046875, 8.972028732299805, 0.0]","[260.34527587890625, 4.5, 0.0]",11.013991696950992,11.524508476257333,0.5399837166632615,13.260006941247264,0.5184849945941874,0.19805563613772392,0.0,0.19805563613772392,0.0
41.070853,"[247.3116912841797, 8.967531204223633, 0.0]","[260.5760803222656, 4.5, 0.0]",11.024806012082495,11.540532112121582,0.5407157565751497,13.286227779941878,0.5105167793063412,0.19798977300524712,0.0,0.19798977300524712,0.0
41.089834,"[247.5319061279297, 8.962475776672363, 0.0]","[260.8062744140625, 4.5, 0.0]",11.03561373891021,11.543194770812988,0.5403863413857124,13.308541379566321,0.5157261000390871,0.1978123001754284,0.0,0.1978123001754284,0.0
41.108807,"[247.75233459472656, 8.956873893737793, 0.0]","[261.0371398925781, 4.5, 0.0]",11.046445374821676,11.559199333190918,0.5415817955733537,13.329871723542754,0.5075810319027791,0.19779035821557045,0.0,0.19779035821557045,0.0
41.130067,"[247.97296142578125, 8.950726509094238, 0.0]","[261.2699279785156, 4.5, 0.0]",11.05730324506598,11.565033912658691,0.5428935122151479,13.351443554518283,0.5127539583692418,0.19778581336140633,0.0,0.19778581336140633,0.0
41.149759,"[248.19378662109375, 8.94405460357666, 0.0]","[261.50030517578125, 4.5, 0.0]",11.068178579890283,11.570775985717773,0.5437667412151903,13.374512617376663,0.5077306675927122,0.19779566675424576,0.0,0.19779566675424576,0.0
41.169285,"[248.41481018066406, 8.936881065368652, 0.0]","[261.7275695800781, 4.5, 0.0]",11.079080079579738,11.586395263671875,0.5450749844727376,13.394695859251225,0.5025974058274905,0.1978166401386261,0.0,0.1978166401386261,0.0
41.190346,"[248.63604736328125, 8.929224967956543, 0.0]","[261.9638977050781, 4.5, 0.0]",11.089779240089712,11.58903694152832,0.5349580254986996,13.411239618853779,0.5073151840921373,0.19382717087864876,0.0,0.19382717087864876,0.0
41.209706,"[248.85748291015625, 8.921113014221191, 0.0]","[262.1947326660156, 4.5, 0.0]",11.100493431261942,11.60477352142334,0.5357095586115079,13.436268669375096,0.4992577014386086,0.1938263140618801,0.0,0.1938263140618801,0.0
41.23212,"[249.07911682128906, 8.912568092346191, 0.0]","[262.428955078125, 4.5, 0.0]",11.111213343770759,11.607029914855959,0.5359956254408438,13.455193637825532,0.504280090161398,0.19378196448087692,0.0,0.19378196448087692,0.0
41.249432,"[249.3009490966797, 8.903615951538086, 0.0]","[262.65606689453125, 4.5, 0.0]",11.121941498238286,11.62234878540039,0.5364077233763531,13.476861538418499,0.49581657108520005,0.19376156851649284,0.0,0.19376156851649284,0.0
41.26976,"[249.52297973632812, 8.894277572631836, 0.0]","[262.88836669921875, 4.5, 0.0]",11.13267772485941,11.624530792236328,0.5368113310562528,13.490747102828728,0.5004072871621048,0.19376272335648537,0.0,0.19376272335648537,0.0
41.290205,"[249.74520874023438, 8.884577751159668, 0.0]","[263.1258544921875, 4.5, 0.0]",11.143177052358924,11.640246391296387,0.524966374975655,13.509129905172449,0.49185306737691725,0.18933026120066643,0.0,0.18933026120066643,0.0
41.308356,"[249.96763610839844, 8.874544143676758, 0.0]","[263.35760498046875, 4.5, 0.0]",11.153684692219693,11.642378807067871,0.5253819930384651,13.531997233207495,0.49706933893746275,0.18939580768346786,0.0,0.18939580768346786,0.0
41.329408,"[250.1902618408203, 8.864211082458496, 0.0]","[263.592041015625, 4.5, 0.0]",11.164198065633727,11.657610893249512,0.5256686707016733,13.54841500233373,0.4886941148481778,0.18947262316942215,0.0,0.18947262316942215,0.0
41.348718,"[250.4130859375, 8.853608131408691, 0.0]","[263.82537841796875, 4.5, 0.0]",11.174713460172597,11.65946674346924,0.5257697269435369,13.566780376592568,0.493412827615785,0.18949391320347786,0.0,0.18949391320347786,0.0
41.368816,"[250.6361083984375, 8.842764854431152, 0.0]","[264.0577087402344, 4.5, 0.0]",11.185225925785058,11.674623489379883,0.5256232806230443,13.583299857635602,0.4847532832966426,0.18947402015328407,0.0,0.18947402015328407,0.0
41.390392,"[250.8593292236328, 8.831716537475586, 0.0]","[264.2923278808594, 4.5, 0.0]",11.195684194007637,11.676526069641113,0.5229134111289113,13.598061766492306,0.48939756359482445,0.1885814405977726,0.0,0.1885814405977726,0.0
41.409088,"[251.08274841308594, 8.820496559143066, 0.0]","[264.52447509765625, 4.5, 0.0]",11.2061394309933,11.691636085510254,0.5227618492831709,13.614343667681805,0.4808418756334767,0.18861623480916023,0.0,0.18861623480916023,0.0
41.430364,"[251.30638122558594, 8.809136390686035, 0.0]","[264.76007080078125, 4.5, 0.0]",11.216586139032524,11.693074226379395,0.5223354019611826,13.62738716663316,0.4854966545169539,0.18860641866922379,0.0,0.18860641866922379,0.0
41.448904,"[251.53021240234375, 8.797664642333984, 0.0]","[264.9931945800781, 4.5, 0.0]",11.22702031890752,11.707762718200684,0.5217089937498365,13.643089817903407,0.47648808734687087,0.18856564536690712,0.0,0.18856564536690712,0.0
41.470803,"[251.75424194335938, 8.786124229431152, 0.0]","[265.2240295410156, 4.5, 0.0]",11.237443920291916,11.709037780761719,0.5211800692197954,13.655564411689268,0.4807423992931632,0.1885591633617878,0.0,0.1885591633617878,0.0
41.489272,"[251.97848510742188, 8.77454662322998, 0.0]","[265.4619140625, 4.5, 0.0]",11.247512643421153,11.72389030456543,0.503436156461845,13.664973135103184,0.47159386046980245,0.18225828185677528,0.0,0.18225828185677528,0.0
41.51004,"[252.20294189453125, 8.762965202331543, 0.0]","[265.6959533691406, 4.5, 0.0]",11.257580458927626,11.72521686553955,0.50339077532362,13.680638330907664,0.4763776611442765,0.18228717148303986,0.0,0.18228717148303986,0.0
41.528833,"[252.42759704589844, 8.75139045715332, 0.0]","[265.9324951171875, 4.5, 0.0]",11.267649099667345,11.739282608032227,0.5034320369859735,13.691684311661815,0.4676364066119252,0.18228856846690178,0.0,0.18228856846690178,0.0
41.550333,"[252.65245056152344, 8.739794731140137, 0.0]","[266.1661071777344, 4.5, 0.0]",11.27771831489626,11.743254661560059,0.503460761445762,13.704512047224895,0.4716335083648815,0.1823267713189125,0.0,0.1823267713189125,0.0
41.569129,"[252.87750244140625, 8.728166580200195, 0.0]","[266.4007263183594, 4.5, 0.0]",11.287787464699399,11.750593185424805,0.5034574901569222,13.713821914121604,0.4655363466637983,0.18233289942145348,0.0,0.18233289942145348,0.0
41.590433,"[253.10275268554688, 8.71650505065918, 0.0]","[266.6365661621094, 4.5, 0.0]",11.297757280360651,11.75796890258789,0.49849078306261063,13.72364412827095,0.46280572072540593,0.1805039681494236,0.0,0.1805039681494236,0.0
41.609641,"[253.3282012939453, 8.704812049865723, 0.0]","[266.8714294433594, 4.5, 0.0]",11.307730717094506,11.765225410461426,0.4986718366927434,13.73426622325166,0.46021162222723966,0.1805439405143261,0.0,0.1805439405143261,0.0
41.630814,"[253.55384826660156, 8.69308853149414, 0.0]","[267.10791015625, 4.5, 0.0]",11.317704692847682,11.771533012390137,0.49869878765882447,13.743546894347109,0.45749469336691995,0.18055614084005356,0.0,0.18055614084005356,0.0
41.652628,"[253.77969360351562, 8.681336402893066, 0.0]","[267.3428955078125, 4.5, 0.0]",11.327677949733044,11.777801513671875,0.49866284426807184,13.75411710181065,0.4538283195424544,0.18055062741041183,0.0,0.18055062741041183,0.0
41.668251,"[254.0057373046875, 8.6695556640625, 0.0]","[267.5738525390625, 4.5, 0.0]",11.337647920434932,11.783961296081543,0.4984985350944271,13.762903513383383,0.45012356393883124,0.18052633851766586,0.0,0.18052633851766586,0.0
41.68909,"[254.2319793701172, 8.65774917602539, 0.0]","[267.809326171875, 4.5, 0.0]",11.347251461261655,11.790243148803711,0.48017704133611616,13.767398358868142,0.44631337564661067,0.17383959144353867,0.0,0.17383959144353867,0.0
41.709343,"[254.4584197998047, 8.645917892456055, 0.0]","[268.04925537109375, 4.5, 0.0]",11.35685754024767,11.79652214050293,0.48030394930078657,13.776150933647648,0.4429916875420563,0.17390528693795204,0.0,0.17390528693795204,0.0
41.729377,"[254.68505859375, 8.634064674377441, 0.0]","[268.2869873046875, 4.5, 0.0]",11.366464622612583,11.801361083984375,0.48035411824560725,13.789110473567806,0.43966460025525933,0.17395103350281715,0.0,0.17395103350281715,0.0
41.750148,"[254.91188049316406, 8.622201919555664, 0.0]","[268.5221862792969, 4.5, 0.0]",11.376067374394072,11.806146621704102,0.4801375890744808,13.799650242960919,0.4348964613717925,0.17392152920365334,0.0,0.17392152920365334,0.0
41.769711,"[255.13890075683594, 8.610352516174316, 0.0]","[268.7535400390625, 4.5, 0.0]",11.385667224828936,11.8108549118042,0.47999252174317775,13.807438949944958,0.43007924731002944,0.1738947071135044,0.0,0.1738947071135044,0.0
41.790318,"[255.36611938476562, 8.598533630371094, 0.0]","[268.9947204589844, 4.5, 0.0]",11.39487105035379,11.815762519836426,0.4601912762427496,13.811112769101202,0.42518768697526355,0.16679298132658005,0.0,0.16679298132658005,0.0
41.807884,"[255.59352111816406, 8.586761474609375, 0.0]","[269.2258605957031, 4.5, 0.0]",11.404073491380377,11.820353507995605,0.4601220513293036,13.824307211346206,0.4208914694826351,0.1668216660618782,0.0,0.1668216660618782,0.0
41.829909,"[255.82113647460938, 8.57504940032959, 0.0]","[269.4659118652344, 4.5, 0.0]",11.395512019687963,11.823349952697754,-0.4280735846206696,13.827170010504561,0.41628001661522873,0.1668516919016838,0.0,0.1668516919016838,0.0
41.84926,"[256.0489196777344, 8.5634126663208, 0.0]","[269.70477294921875, 4.5, 0.0]",11.404376452318552,11.826331138610842,0.4432216315294113,13.838581592237222,0.42783793300979056,0.1668253354728222,0.0,0.1668253354728222,0.0
41.870678,"[256.27642822265625, 8.549816131591797, 0.0]","[269.9361877441406, 4.5, 0.0]",11.413421529693261,11.829219818115234,0.452253868735486,13.848484444333359,0.42195468629229005,0.16637327149510384,0.0,0.16637327149510384,0.0
41.892746,"[256.504150390625, 8.536989212036133, 0.0]","[270.1781311035156, 4.5, 0.0]",11.468567707060215,11.832240104675293,2.7573088683476854,13.854612574139098,0.4157982884219731,1.0,0.0,1.0,0.0
41.908881,"[256.7320861816406, 8.524551391601562, 0.0]","[270.4135437011719, 4.5, 0.0]",11.523737793994698,11.835012435913086,2.7585043467241555,13.87008328133469,0.36367239761507797,1.0,0.0,1.0,0.0
41.929464,"[256.96112060546875, 8.512280464172363, 0.0]","[270.6474609375, 4.5, 0.0]",11.578913743027224,11.835878372192383,2.7587974516262825,13.878013008602851,0.31127464191838783,1.0,0.0,1.0,0.0
41.948691,"[257.1912841796875, 8.500112533569336, 0.0]","[270.8829345703125, 4.5, 0.0]",11.634092908592837,11.836750030517578,2.7589582782806765,13.882673697973427,0.25696462916515905,1.0,0.0,1.0,0.0
41.967721,"[257.42254638671875, 8.488038063049316, 0.0]","[271.12371826171875, 4.5, 0.0]",11.689273921295463,11.840975761413574,2.7590506351312882,13.887204092552281,0.20265712192474084,1.0,0.0,1.0,0.0
41.990348,"[257.6549072265625, 8.47606372833252, 0.0]","[271.3619079589844, 4.5, 0.0]",11.744454630291859,11.835189819335938,2.759035449819791,13.89547848461984,0.15170184011811116,1.0,0.0,1.0,0.0
42.008984,"[257.8883972167969, 8.464203834533691, 0.0]","[271.59710693359375, 4.5, 0.0]",11.79963583531306,11.84256649017334,2.7590602510600526,13.899677862098532,0.09073518904407862,1.0,0.0,1.0,0.0
42.029213,"[258.12298583984375, 8.452472686767578, 0.0]","[271.8321533203125, 4.5, 0.0]",11.854814943483342,11.834705352783203,2.758955408514119,13.899432409764984,0.042930654860279915,1.0,0.0,1.0,0.0
42.049611,"[258.35870361328125, 8.440885543823242, 0.0]","[272.07196044921875, 4.5, 0.0]",11.909992309299046,11.840156555175781,2.758868290785177,13.897646989684556,-0.02010959070013918,1.0,0.0,1.0,0.0
42.069173,"[258.59552001953125, 8.42945671081543, 0.0]","[272.3038330078125, 4.5, 0.0]",11.965171448707054,11.832311630249023,2.7589569704003836,13.899228451951428,-0.06983575412326459,1.0,0.0,1.0,0.0
42.089184,"[258.8334655761719, 8.418198585510254, 0.0]","[272.5408020019531, 4.5, 0.0]",11.944092866374898,11.837777137756348,-1.0539291166077547,13.891554806848063,-0.13285981845803008,0.0,0.0646200031042099,0.0,0.0646200031042099
42.109559,"[259.072509765625, 8.407122611999512, 0.0]","[272.7818298339844, 4.5, 0.0]",11.924552753894082,11.82973575592041,-0.9770056240408387,13.887627396971832,-0.10631572861855076,0.0,0.05988481268286705,0.0,0.05988481268286705
42.129502,"[259.3111572265625, 8.396307945251465, 0.0]","[273.019775390625, 4.5, 0.0]",11.906276542664882,11.833333015441895,-0.9138105614599823,13.886463534554476,-0.09481699797367149,0.0,0.056000564247369766,0.0,0.056000564247369766
42.147997,"[259.5494079589844, 8.385764122009277, 0.0]","[273.2511901855469, 4.5, 0.0]",11.88882494211265,11.823677062988281,-0.8725800276115692,13.882453291183838,-0.07294352722298747,0.0,0.05345691740512848,0.0,0.05345691740512848
42.168535,"[259.7873229980469, 8.37549877166748, 0.0]","[273.4910888671875, 4.5, 0.0]",11.871839570559086,11.827248573303223,-0.8492685776782416,13.872164258726327,-0.06514787912436937,0.0,0.0520118810236454,0.0,0.0520118810236454
42.188196,"[260.02490234375, 8.365520477294922, 0.0]","[273.7252197265625, 4.5, 0.0]",11.852478261354296,11.817559242248537,-0.9680654602394867,13.870547041066304,-0.04459099725586313,0.0,0.05929890275001526,0.0,0.05929890275001526
42.207934,"[260.26214599609375, 8.355839729309082, 0.0]","[273.96405029296875, 4.5, 0.0]",11.83313660900022,11.82103157043457,-0.9670826177037739,13.863369617403889,-0.03491901910575912,0.0,0.059228651225566864,0.0,0.059228651225566864
42.230002,"[260.4990234375, 8.34646987915039, 0.0]","[274.2024841308594, 4.5, 0.0]",11.813668886852827,11.809829711914062,-0.9733861073696559,13.861092397179767,-0.012105038565650261,0.0,0.05959273502230644,0.0,0.05959273502230644
42.248094,"[260.7355041503906, 8.337422370910645, 0.0]","[274.4373474121094, 4.5, 0.0]",11.793980871445996,11.812031745910645,-0.9844007703415869,13.858655295245237,-0.0038391749387649554,0.0,0.060252636671066284,0.0,0.060252636671066284
42.269942,"[260.97161865234375, 8.32870864868164, 0.0]","[274.6694030761719, 4.5, 0.0]",11.777394575328248,11.800951957702637,-0.8293148058873712,13.852915641014834,0.018050874464648814,0.0,0.05070701986551285,0.0,0.05070701986551285
42.288279,"[261.20733642578125, 8.320341110229492, 0.0]","[274.9058532714844, 4.5, 0.0]",11.760493552975692,11.803123474121094,-0.8450511176278042,13.844600569026433,0.023557382374388425,0.0,0.05165351182222366,0.0,0.05165351182222366
42.309021,"[261.4427490234375, 8.312329292297363, 0.0]","[275.14532470703125, 4.5, 0.0]",11.743299108278574,11.791853904724121,-0.8597222348559086,13.840933432502831,0.04262992114540154,0.0,0.052549079060554504,0.0,0.052549079060554504
42.32929,"[261.6778259277344, 8.304683685302734, 0.0]","[275.38232421875, 4.5, 0.0]",11.725848951237417,11.79340934753418,-0.8725078520578577,13.840446442660907,0.048554796445547055,0.0,0.05332136154174805,0.0,0.05332136154174805
42.348589,"[261.9125671386719, 8.297415733337402, 0.0]","[275.6131591796875, 4.5, 0.0]",11.708187925417528,11.781761169433596,-0.883051290994441,13.837678921490285,0.0675603962967628,0.0,0.05394623801112175,0.0,0.05394623801112175
42.368592,"[262.14697265625, 8.290535926818848, 0.0]","[275.85235595703125, 4.5, 0.0]",11.690363646487178,11.783268928527832,-0.8912139465174995,13.828936396431603,0.07357324401606746,0.0,0.05444108322262764,0.0,0.05444108322262764
42.388516,"[262.38104248046875, 8.284055709838867, 0.0]","[276.0850524902344, 4.5, 0.0]",11.675889856258294,11.77157974243164,-0.7236895114441921,13.82873265650462,0.09290528204065396,0.0,0.044130850583314896,0.0,0.044130850583314896
42.409195,"[262.6147766113281, 8.277982711791992, 0.0]","[276.3236999511719, 4.5, 0.0]",11.661322201140743,11.773061752319336,-0.7283827558775435,13.822213783170882,0.0956898861733464,0.0,0.04441888630390167,0.0,0.04441888630390167
42.428883,"[262.8482360839844, 8.272322654724121, 0.0]","[276.5602111816406, 4.5, 0.0]",11.646701999725122,11.760801315307617,-0.7310100707810463,13.82182511574434,0.11173955117859258,0.0,0.044575225561857224,0.0,0.044575225561857224
42.449761,"[263.0813903808594, 8.267083168029785, 0.0]","[276.7945861816406, 4.5, 0.0]",11.63207361589394,11.761929512023926,-0.7314191915591017,13.819424669674914,0.11409931558249475,0.0,0.0445953905582428,0.0,0.0445953905582428
42.472136,"[263.31427001953125, 8.262269973754883, 0.0]","[277.03155517578125, 4.5, 0.0]",11.617480427967102,11.749659538269043,-0.7296593963419085,13.815049122319598,0.12985589612998538,0.0,0.04448252171278,0.0,0.04448252171278
42.490185,"[263.546875, 8.257889747619629, 0.0]","[277.2650146484375, 4.5, 0.0]",11.605216586073109,11.750808715820312,-0.6131920946996772,13.813401697835932,0.13217911030194074,0.0,0.037310414016246796,0.0,0.037310414016246796
42.509631,"[263.7792053222656, 8.253947257995605, 0.0]","[277.50006103515625, 4.5, 0.0]",11.593022477748772,11.741897583007812,-0.6097054162168547,13.808377603181553,0.1455921297472038,0.0,0.03709334507584572,0.0,0.03709334507584572
42.528761,"[264.01129150390625, 8.250444412231445, 0.0]","[277.7315368652344, 4.5, 0.0]",11.580916858741803,11.736175537109375,-0.6052809503484191,13.805073099679731,0.1488751052590409,0.0,0.03681843355298042,0.0,0.03681843355298042
42.548308,"[264.2431335449219, 8.247387886047363, 0.0]","[277.965087890625, 4.5, 0.0]",11.568912277035247,11.730401039123535,-0.600229085327797,13.798303640352806,0.1552586783675718,0.0,0.03648553788661957,0.0,0.03648553788661957
42.567567,"[264.4747314453125, 8.244784355163574, 0.0]","[278.1991882324219, 4.5, 0.0]",11.557025213723842,11.7246150970459,-0.5943531655702827,13.79371417900876,0.16148876208828788,0.0,0.036114372313022614,0.0,0.036114372313022614
42.589567,"[264.7060852050781, 8.242642402648926, 0.0]","[278.4361267089844, 4.5, 0.0]",11.547268331231601,11.718757629394531,-0.48784412461202464,13.789779983279452,0.1675898833220586,0.0,0.0295475572347641,0.0,0.0295475572347641
42.608535,"[264.9372253417969, 8.24096965789795, 0.0]","[278.6700439453125, 4.5, 0.0]",11.537645337399644,11.712973594665527,-0.4811496915978708,13.78878276960778,0.17148929816293013,0.0,0.029151247814297676,0.0,0.029151247814297676
42.630299,"[265.1681823730469, 8.239773750305176, 0.0]","[278.9035339355469, 4.5, 0.0]",11.528144868101819,11.70718765258789,-0.47502346489123326,13.784827298053143,0.17532825726588364,0.0,0.028744908049702644,0.0,0.028744908049702644
42.648477,"[265.39892578125, 8.239052772521973, 0.0]","[279.13751220703125, 4.5, 0.0]",11.518789760014618,11.70138931274414,-0.4677554043600374,13.780471580144386,0.17904278448607158,0.0,0.02831510454416275,0.0,0.02831510454416275
42.669344,"[265.6294860839844, 8.238821983337402, 0.0]","[279.37158203125, 4.5, 0.0]",11.509574152725664,11.695589065551758,-0.4607803644477215,13.776673029031889,0.18259955272952233,0.0,0.027877112850546837,0.0,0.027877112850546837
42.68848,"[265.85986328125, 8.239078521728516, 0.0]","[279.6059265136719, 4.5, 0.0]",11.501654884384585,11.689781188964844,-0.3959634170539239,13.772984573140725,0.18601491282609395,0.0,0.023884020745754242,0.0,0.023884020745754242
42.708204,"[266.0900573730469, 8.239829063415527, 0.0]","[279.8391418457031, 4.5, 0.0]",11.49386721493975,11.684000968933105,-0.3893834722417999,13.769605088276833,0.18812630458025836,0.0,0.023480458185076714,0.0,0.023480458185076714
42.730949,"[266.3200988769531, 8.241079330444336, 0.0]","[280.0735168457031, 4.5, 0.0]",11.486216436682472,11.678177833557129,-0.3825389128638612,13.765123632455776,0.19013375399335608,0.0,0.02306394837796688,0.0,0.02306394837796688
42.748539,"[266.5499572753906, 8.24283218383789, 0.0]","[280.31005859375, 4.5, 0.0]",11.478712225553489,11.672301292419434,-0.3752105564491792,13.761794049173284,0.19196139687465674,0.0,0.02262130007147789,0.0,0.02262130007147789
42.767554,"[266.7796630859375, 8.245088577270508, 0.0]","[280.5391540527344, 4.5, 0.0]",11.471356672442166,11.666610717773438,-0.36777765556612607,13.760660854518274,0.19358906686594501,0.0,0.02218662016093731,0.0,0.02218662016093731
42.788405,"[267.00921630859375, 8.247847557067871, 0.0]","[280.7738342285156, 4.5, 0.0]",11.46477587247123,11.66077995300293,-0.32903999854676513,13.752080645250876,0.19525404533127144,0.0,0.01983337290585041,0.0,0.01983337290585041
42.808829,"[267.2386169433594, 8.251106262207031, 0.0]","[281.0057067871094, 4.5, 0.0]",11.458338484064972,11.65501880645752,-0.32186942031291466,13.749094292252881,0.19600408053169893,0.0,0.019414391368627548,0.0,0.019414391368627548
42.828793,"[267.4678955078125, 8.254859924316406, 0.0]","[281.2444152832031, 4.5, 0.0]",11.452047259625802,11.649073600769043,-0.3145612219585203,13.743322381910767,0.19668032239254707,0.0,0.018993325531482697,0.0,0.018993325531482697
42.848867,"[267.697021484375, 8.259102821350098, 0.0]","[281.477294921875, 4.5, 0.0]",11.445905502661663,11.643274307250977,-0.3070878482069439,13.74439481091008,0.1970263411432409,0.0,0.018572939559817314,0.0,0.018572939559817314
42.869868,"[267.926025390625, 8.263827323913574, 0.0]","[281.71441650390625, 4.5, 0.0]",11.439920750227305,11.637368202209473,-0.29923762171790713,13.739694419431215,0.19736880458931338,0.0,0.01813392899930477,0.0,0.01813392899930477
42.889243,"[268.1548767089844, 8.269021987915039, 0.0]","[281.943115234375, 4.5, 0.0]",11.434342627277733,11.631671905517578,-0.2789061474786081,13.739283350673306,0.19744745198216762,0.0,0.0169266015291214,0.0,0.0169266015291214
42.907915,"[268.38360595703125, 8.274676322937012, 0.0]","[282.1703796386719, 4.5, 0.0]",11.428915051286964,11.626011848449707,-0.27137879953844646,13.730552222136076,0.19732927823984525,0.0,0.016502248123288155,0.0,0.016502248123288155
42.929098,"[268.6122131347656, 8.28077507019043, 0.0]","[282.4085693359375, 4.5, 0.0]",11.423633769997119,11.623397827148438,-0.26406406449224207,13.720484264581508,0.1970967971627431,0.0,0.016096919775009155,0.0,0.016096919775009155
42.949441,"[268.8406982421875, 8.28730297088623, 0.0]","[282.6398620605469, 4.5, 0.0]",11.418498960456578,11.610956192016602,-0.25674047702706204,13.721469563257381,0.1997640571513184,0.0,0.015687108039855957,0.0,0.015687108039855957
42.968928,"[269.0690612792969, 8.294241905212402, 0.0]","[282.8699035644531, 4.5, 0.0]",11.413521126300868,11.6118803024292,-0.2488917077855035,13.715723478728242,0.1924572315600237,0.0,0.01525105256587267,0.0,0.01525105256587267
42.988314,"[269.29730224609375, 8.301575660705566, 0.0]","[283.0998229980469, 4.5, 0.0]",11.408832747226999,11.59947204589844,-0.23441895369344934,13.708927468012483,0.19835917612833143,0.0,0.014389337971806526,0.0,0.014389337971806526
43.00835,"[269.52545166015625, 8.309281349182129, 0.0]","[283.3359069824219, 4.5, 0.0]",11.404299310612183,11.600244522094727,-0.22667183074078778,13.702244320635868,0.19063929867144047,0.0,0.013953515328466892,0.0,0.013953515328466892
43.028694,"[269.75347900390625, 8.317339897155762, 0.0]","[283.5693359375, 4.5, 0.0]",11.39990983610505,11.587733268737793,-0.2194737253566892,13.701971968080693,0.1959452114825435,0.0,0.013532944023609161,0.0,0.013532944023609161
43.049243,"[269.9814147949219, 8.325725555419922, 0.0]","[283.8003234863281, 4.5, 0.0]",11.395670321052542,11.58862018585205,-0.21197575262537072,13.699354986078497,0.1878234326327437,0.0,0.013102781027555466,0.0,0.013102781027555466
43.069656,"[270.2092590332031, 8.334413528442383, 0.0]","[284.02801513671875, 4.5, 0.0]",11.391574853303839,11.576252937316895,-0.20477338743516427,13.694619597541573,0.19294986479950893,0.0,0.012669756077229977,0.0,0.012669756077229977
43.088671,"[270.4369812011719, 8.343377113342285, 0.0]","[284.263916015625, 4.5, 0.0]",11.387038294910958,11.57701587677002,-0.2268279196440126,13.686949352230982,0.18467808401305597,0.0,0.014045767486095428,0.0,0.014045767486095428
43.109151,"[270.66461181640625, 8.352590560913086, 0.0]","[284.4909362792969, 4.5, 0.0]",11.382641551555066,11.564664840698242,-0.21983716779461204,13.687918282596645,0.18997758185906122,0.0,0.013621998950839043,0.0,0.013621998950839043
43.130468,"[270.89215087890625, 8.362025260925293, 0.0]","[284.7274475097656, 4.5, 0.0]",11.378382819167062,11.565398216247559,-0.212936619400228,13.680440932045387,0.18202328914317611,0.0,0.013200770132243633,0.0,0.013200770132243633
43.150653,"[271.1195983886719, 8.371651649475098, 0.0]","[284.9573059082031, 4.5, 0.0]",11.374257331509082,11.552962303161621,-0.20627438289899658,13.682916386574302,0.18701539708049708,0.0,0.012782065197825432,0.0,0.012782065197825432
43.167679,"[271.3469543457031, 8.381439208984375, 0.0]","[285.1843566894531, 4.5, 0.0]",11.370262471145631,11.553933143615723,-0.19974301817251572,13.679245433417654,0.1787049716525395,0.0,0.012369983829557896,0.0,0.012369983829557896
43.190438,"[271.57421875, 8.391351699829102, 0.0]","[285.4210205078125, 4.5, 0.0]",11.36635626819375,11.541327476501467,-0.1953101475940855,13.673305322815038,0.1836706724700914,0.0,0.012084510177373886,0.0,0.012084510177373886
43.207631,"[271.8013916015625, 8.401361465454102, 0.0]","[285.6460876464844, 4.5, 0.0]",11.362571093559824,11.542341232299805,-0.1892587316962846,13.67755214252032,0.17497120830771706,0.0,0.011686436831951141,0.0,0.011686436831951141
43.229379,"[272.02850341796875, 8.411441802978516, 0.0]","[285.8775939941406, 4.5, 0.0]",11.358908521596828,11.529752731323242,-0.18312859814981763,13.670814886576983,0.17977013873998082,0.0,0.011295904405415058,0.0,0.011295904405415058
43.24854,"[272.2555236816406, 8.421565055847168, 0.0]","[286.1073303222656, 4.5, 0.0]",11.355366833793736,11.530545234680176,-0.17708439015455824,13.671100043481564,0.17084420972641468,0.0,0.010890033096075058,0.0,0.010890033096075058
43.268692,"[272.48248291015625, 8.43170166015625, 0.0]","[286.3387145996094, 4.5, 0.0]",11.351948687503075,11.517960548400879,-0.17090731453306418,13.67024848353054,0.17517840088643943,0.0,0.010499096475541592,0.0,0.010499096475541592
43.288111,"[272.7093505859375, 8.441825866699219, 0.0]","[286.5696716308594, 4.5, 0.0]",11.347871375344875,11.518721580505371,-0.2038656079100143,13.671659270447984,0.16601186089780384,0.0,0.012537878938019276,0.0,0.012537878938019276
43.307613,"[272.9361572265625, 8.451942443847656, 0.0]","[286.7989501953125, 4.5, 0.0]",11.343924072788779,11.50618076324463,-0.19736512780479387,13.673296382077318,0.17085020516049632,0.0,0.012131549417972565,0.0,0.012131549417972565
43.329799,"[273.16290283203125, 8.462069511413574, 0.0]","[287.0303039550781, 4.5, 0.0]",11.340100977496544,11.506772994995117,-0.19115476461175618,13.673799709462877,0.16225669045585178,0.0,0.011743700131773949,0.0,0.011743700131773949
43.347742,"[273.3895568847656, 8.472212791442871, 0.0]","[287.2596740722656, 4.5, 0.0]",11.336401869827458,11.494080543518066,-0.1849553834542661,13.676806234193087,0.1666720174985734,0.0,0.011371009051799774,0.0,0.011371009051799774
43.370668,"[273.6161193847656, 8.48237133026123, 0.0]","[287.4888610839844, 4.5, 0.0]",11.332820057571652,11.494728088378906,-0.17909061279031135,13.67820307739642,0.15767867369060795,0.0,0.011014432646334171,0.0,0.011014432646334171
43.389902,"[273.8426208496094, 8.492544174194336, 0.0]","[287.71929931640625, 4.5, 0.0]",11.329146752764023,11.48200798034668,-0.1836652403814476,13.679719141277836,0.16190803080725402,0.0,0.01129393745213747,0.0,0.01129393745213747
43.407583,"[274.0690612792969, 8.502731323242188, 0.0]","[287.948486328125, 4.5, 0.0]",11.325590792139035,11.48265552520752,-0.17779803124939875,13.68270265830736,0.1528612275826564,0.0,0.010933260433375835,0.0,0.010933260433375835
43.430147,"[274.29541015625, 8.512930870056152, 0.0]","[288.1793212890625, 4.5, 0.0]",11.322147498956884,11.473241806030273,-0.1721646591075654,13.684618607185756,0.15706473306848423,0.0,0.01058900821954012,0.0,0.01058900821954012
43.449857,"[274.5216979980469, 8.523141860961914, 0.0]","[288.4083557128906, 4.5, 0.0]",11.318809257301204,11.46721076965332,-0.16691208278398761,13.688361977804755,0.15109430707338944,0.0,0.010257650166749954,0.0,0.010257650166749954
43.468654,"[274.7479248046875, 8.533363342285156, 0.0]","[288.63714599609375, 4.5, 0.0]",11.315577475540804,11.461186408996582,-0.16158908801999772,13.690437600646263,0.14840151235211607,0.0,0.009914507158100605,0.0,0.009914507158100605
43.489416,"[274.97406005859375, 8.543566703796387, 0.0]","[288.8673095703125, 4.5, 0.0]",11.311698359795464,11.455124855041506,-0.19395578726699725,13.692382227995072,0.14560893345577774,0.0,0.01189128216356039,0.0,0.01189128216356039
43.509403,"[275.20013427734375, 8.553709983825684, 0.0]","[289.099853515625, 4.5, 0.0]",11.307933883267474,11.448993682861328,-0.18822382639953616,13.6958935168934,0.14342649524604134,0.0,0.011518014594912529,0.0,0.011518014594912529
43.528988,"[275.4261474609375, 8.563766479492188, 0.0]","[289.32568359375, 4.5, 0.0]",11.304277517481363,11.442951202392578,-0.18281828930550859,13.702046813123985,0.1410597995938545,0.0,0.011168097145855427,0.0,0.011168097145855427
43.54959,"[275.652099609375, 8.573712348937988, 0.0]","[289.5526428222656, 4.5, 0.0]",11.300717644498665,11.43687915802002,-0.1779936491349332,13.70182394891022,0.13867368491121468,0.0,0.010837364010512829,0.0,0.010837364010512829
43.568601,"[275.8779602050781, 8.58353042602539, 0.0]","[289.7813720703125, 4.5, 0.0]",11.297258935404706,11.430760383605957,-0.17293545469794225,13.703109350361881,0.13616151352135475,0.0,0.010500311851501465,0.0,0.010500311851501465
43.58983,"[276.103759765625, 8.593199729919434, 0.0]","[290.0152893066406, 4.5, 0.0]",11.293291576151207,11.424501419067383,-0.19836796267496126,13.7066010865746,0.1335014482012511,0.0,0.012041215784847736,0.0,0.012041215784847736
43.60918,"[276.3294982910156, 8.602702140808105, 0.0]","[290.2435302734375, 4.5, 0.0]",11.289417676162131,11.4183931350708,-0.1936949994537862,13.715718856342455,0.1312098429161761,0.0,0.011729408986866474,0.0,0.011729408986866474
43.630058,"[276.55517578125, 8.612015724182129, 0.0]","[290.4683532714844, 4.5, 0.0]",11.28564383602216,11.412363052368164,-0.1886920069985365,13.719626280937945,0.1289754589086698,0.0,0.011408964172005653,0.0,0.011408964172005653
43.648815,"[276.7807922363281, 8.621123313903809, 0.0]","[290.6956787109375, 4.5, 0.0]",11.281961157474782,11.406264305114746,-0.18413392736889023,13.720597990444135,0.1267192163460038,0.0,0.01110748015344143,0.0,0.01110748015344143
43.668029,"[277.0063171386719, 8.630009651184082, 0.0]","[290.92449951171875, 4.5, 0.0]",11.278364867683942,11.400125503540039,-0.1798144895420073,13.724551762893183,0.12430314763996364,0.0,0.010820530354976654,0.0,0.010820530354976654
43.689544,"[277.2317810058594, 8.638657569885254, 0.0]","[291.1530456542969, 4.5, 0.0]",11.27427557543613,11.39399528503418,-0.2044646123906091,13.730505247749091,0.12176063585609675,0.0,0.012309545651078224,0.0,0.012309545651078224
43.70973,"[277.4571838378906, 8.647050857543945, 0.0]","[291.3800964355469, 4.5, 0.0]",11.270276957432998,11.387904167175293,-0.19993090015661963,13.736658046115565,0.11971970959804956,0.0,0.01201627217233181,0.0,0.01201627217233181
43.730299,"[277.6825256347656, 8.655170440673828, 0.0]","[291.6129150390625, 4.5, 0.0]",11.26636462773945,11.381641387939453,-0.19561648467742998,13.741775844935695,0.11762720974229524,0.0,0.011736123822629452,0.0,0.011736123822629452
43.749644,"[277.9078063964844, 8.663002014160156, 0.0]","[291.83953857421875, 4.5, 0.0]",11.262535988016014,11.375545501708986,-0.19143198617177504,13.753116619567095,0.11527676020000399,0.0,0.011469352059066296,0.0,0.011469352059066296
43.767854,"[278.13299560546875, 8.670531272888184, 0.0]","[292.0666198730469, 4.5, 0.0]",11.258785853671586,11.369437217712402,-0.18750671722136403,13.758711679621818,0.11300951369297252,0.0,0.011211839504539967,0.0,0.011211839504539967
43.789577,"[278.3581237792969, 8.677745819091797, 0.0]","[292.2954406738281, 4.5, 0.0]",11.254563387382838,11.363282203674316,-0.2111233144374225,13.765228514141846,0.11065136404081599,0.0,0.012649193406105042,0.0,0.012649193406105042
43.807427,"[278.58319091796875, 8.6846342086792, 0.0]","[292.5172424316406, 4.5, 0.0]",11.250428459149463,11.357288360595703,-0.20674641166875674,13.773895521921526,0.1087188162914785,0.0,0.01237738598138094,0.0,0.01237738598138094
43.830338,"[278.8081970214844, 8.691180229187012, 0.0]","[292.7494812011719, 4.5, 0.0]",11.246376718885248,11.35056495666504,-0.20258701321074213,13.77594446206645,0.10685990144624036,0.0,0.012115487828850746,0.0,0.012115487828850746
43.848422,"[279.0331115722656, 8.697376251220703, 0.0]","[292.9725341796875, 4.5, 0.0]",11.2424063705092,11.347442626953125,-0.19851741880243523,13.78880886013912,0.10418823777979291,0.0,0.01186436228454113,0.0,0.01186436228454113
43.873332,"[279.2579650878906, 8.70321273803711, 0.0]","[293.2052307128906, 4.5, 0.0]",11.2381002105792,11.334038734436035,-0.21530799649998045,13.792887355376337,0.10503625644392578,0.0,0.012883120216429234,0.0,0.012883120216429234
43.888031,"[279.4827575683594, 8.7086820602417, 0.0]","[293.4242858886719, 4.5, 0.0]",11.233874067446507,11.334365844726562,-0.2113071566346214,13.806948650509113,0.09593852385683554,0.0,0.012639074586331844,0.0,0.012639074586331844
43.908783,"[279.70745849609375, 8.713773727416992, 0.0]","[293.6520690917969, 4.5, 0.0]",11.229727277739043,11.321022033691406,-0.20733948537321467,13.807700132402324,0.10049177728005532,0.0,0.012400500476360321,0.0,0.012400500476360321
43.929353,"[279.9320983886719, 8.71848201751709, 0.0]","[293.87939453125, 4.5, 0.0]",11.225658099927923,11.319792747497559,-0.20345889055599642,13.817512137633452,0.09129475595236336,0.0,0.01216879766434431,0.0,0.01216879766434431
43.949158,"[280.1566467285156, 8.72280216217041, 0.0]","[294.10858154296875, 4.5, 0.0]",11.221664977704297,11.305164337158203,-0.1996561111813122,13.82714992904524,0.09413464756963563,0.0,0.011941075325012207,0.0,0.011941075325012207
43.968792,"[280.3811340332031, 8.726730346679688, 0.0]","[294.3345031738281, 4.5, 0.0]",11.216987464368069,11.303983688354492,-0.2338756668113895,13.838935847853383,0.08349935945390641,0.0,0.014053832739591599,0.0,0.014053832739591599
43.989571,"[280.60552978515625, 8.730263710021973, 0.0]","[294.5615539550781, 4.5, 0.0]",11.212394277374438,11.289428710937502,-0.22965934968155466,13.847695451044201,0.08699622398642326,0.0,0.013818647712469101,0.0,0.013818647712469101
44.007198,"[280.829833984375, 8.733402252197266, 0.0]","[294.78240966796875, 4.5, 0.0]",11.207881082477508,11.288344383239746,-0.22565974484649587,13.857820908402505,0.07703443356306394,0.0,0.01358882337808609,0.0,0.01358882337808609
44.028652,"[281.0540771484375, 8.736146926879883, 0.0]","[295.0090026855469, 4.5, 0.0]",11.20343721557971,11.272467613220215,-0.22219334488990938,13.861960364200357,0.08046330076223818,0.0,0.013387279585003853,0.0,0.013387279585003853
44.048318,"[281.2782287597656, 8.738499641418457, 0.0]","[295.23834228515625, 4.5, 0.0]",11.199069520988042,11.269814491271973,-0.2183847295833985,13.871982075230116,0.06903039764050511,0.0,0.013183935545384884,0.0,0.013183935545384884
44.0679,"[281.5022888183594, 8.740461349487305, 0.0]","[295.45867919921875, 4.5, 0.0]",11.194246911512126,11.254193305969238,-0.241130473795792,13.884896440422914,0.0707449702839309,0.0,0.014605652540922165,0.0,0.014605652540922165
44.089284,"[281.72625732421875, 8.742036819458008, 0.0]","[295.68505859375, 4.5, 0.0]",11.189506998479409,11.251660346984863,-0.2369956516358407,13.888928276933784,0.05994639445711236,0.0,0.01438981294631958,0.0,0.01438981294631958
44.109394,"[281.95013427734375, 8.743233680725098, 0.0]","[295.9140930175781, 4.5, 0.0]",11.184848313322913,11.235574722290039,-0.2329342578248017,13.899090487284745,0.062153348505454176,0.0,0.014175362884998322,0.0,0.014175362884998322
44.128035,"[282.1739196777344, 8.744062423706055, 0.0]","[296.13458251953125, 4.5, 0.0]",11.180263827117177,11.231979370117188,-0.2292243102868241,13.911962039756288,0.05072640896712599,0.0,0.013985998928546906,0.0,0.013985998928546906
44.147634,"[282.3976135253906, 8.744538307189941, 0.0]","[296.358154296875, 4.5, 0.0]",11.175757081333732,11.214902877807617,-0.22533728917224494,13.916307201637201,0.05171554300001091,0.0,0.013792350888252258,0.0,0.013792350888252258
44.167566,"[282.6212158203125, 8.74467945098877, 0.0]","[296.58233642578125, 4.5, 0.0]",11.169876182417411,11.211135864257812,-0.2940449458160188,13.92370783656361,0.0391457964738855,0.0,0.018057793378829956,0.0,0.018057793378829956
44.188637,"[282.8447265625, 8.744503021240234, 0.0]","[296.8120422363281, 4.5, 0.0]",11.164073476378574,11.193774223327637,-0.2901353019418629,13.931643040797702,0.041259681840401186,0.0,0.017854243516921997,0.0,0.017854243516921997
44.207993,"[283.068115234375, 8.74403190612793, 0.0]","[297.0305480957031, 4.5, 0.0]",11.158342817718172,11.190190315246582,-0.2865329330201227,13.94497983058121,0.029700746949062662,0.0,0.01767018437385559,0.0,0.01767018437385559
44.234279,"[283.2913818359375, 8.743290901184082, 0.0]","[297.2588806152344, 4.5, 0.0]",11.152667226547923,11.171525955200195,-0.2837795585124425,13.94698072434562,0.03184749752841043,0.0,0.017502089962363243,0.0,0.017502089962363243
44.248689,"[283.5145568847656, 8.742307662963867, 0.0]","[297.4772033691406, 4.5, 0.0]",11.147050011498347,11.166722297668457,-0.2808607524787732,13.958622349845065,0.01885872865227256,0.0,0.01734655164182186,0.0,0.01734655164182186
44.269157,"[283.73760986328125, 8.741089820861816, 0.0]","[297.7016906738281, 4.5, 0.0]",11.140564966672272,11.148261070251465,-0.3242522413037463,13.959988166103166,0.019672286170109743,0.0,0.02003241889178753,0.0,0.02003241889178753
44.289086,"[283.9605407714844, 8.739672660827637, 0.0]","[297.92364501953125, 4.5, 0.0]",11.133501912558204,11.143266677856445,-0.35315270570341895,13.967285075846945,0.0076961035791924814,0.0,0.021815309301018715,0.0,0.021815309301018715
44.309317,"[284.183349609375, 8.738088607788086, 0.0]","[298.1513366699219, 4.5, 0.0]",11.126489014727921,11.124525070190439,-0.35064489151412914,13.971775629687212,0.009764765298241329,0.0,0.02164866402745247,0.0,0.02164866402745247
44.329744,"[284.406005859375, 8.736374855041504, 0.0]","[298.3744812011719, 4.5, 0.0]",11.119518143012627,11.11810302734375,-0.34854358576472677,13.98168589168733,-0.0019639445374828313,0.0,0.021511465311050415,0.0,0.021511465311050415
44.349169,"[284.6285400390625, 8.734557151794434, 0.0]","[298.5919494628906, 4.5, 0.0]",11.112576764905082,11.102010726928711,-0.34706890537723467,13.986719119719789,-0.0014151156688768651,0.0,0.021395739167928696,0.0,0.021395739167928696
44.369894,"[284.8509216308594, 8.732669830322266, 0.0]","[298.8169860839844, 4.5, 0.0]",11.105659843936786,11.085474014282227,-0.3458460484147885,13.98570492796919,-0.010566037976371234,0.0,0.021298285573720932,0.0,0.021298285573720932
44.388779,"[285.0731506347656, 8.730744361877441, 0.0]","[299.0353088378906, 4.5, 0.0]",11.09777696525198,11.07933521270752,-0.3941439342403541,13.991881496873923,-0.02018582965455984,0.0,0.02424263022840023,0.0,0.02424263022840023
44.408165,"[285.2952575683594, 8.728808403015137, 0.0]","[299.2609558105469, 4.5, 0.0]",11.089921428155073,11.059321403503418,-0.39277685484533365,13.990957115586049,-0.01844175254445979,0.0,0.024145085364580154,0.0,0.024145085364580154
44.432163,"[285.5172119140625, 8.726890563964844, 0.0]","[299.4860534667969, 4.5, 0.0]",11.082089734255495,11.051400184631348,-0.3915846949788637,13.99693333571213,-0.030600024651654678,0.0,0.02407737262547016,0.0,0.02407737262547016
44.449208,"[285.739013671875, 8.724984169006348, 0.0]","[299.69805908203125, 4.5, 0.0]",11.074274122054268,11.030991554260254,-0.39078061006136977,14.001967658952864,-0.030689549624147716,0.0,0.02403241954743862,0.0,0.02403241954743862
44.469676,"[285.96063232421875, 8.72307014465332, 0.0]","[299.919677734375, 4.5, 0.0]",11.06647215620328,11.023295402526855,-0.3900982925493679,13.993591649683754,-0.04328256779401407,0.0,0.02397836372256279,0.0,0.02397836372256279
44.489275,"[286.1820983886719, 8.721141815185547, 0.0]","[300.1401672363281, 4.5, 0.0]",11.057267742489978,11.002337455749513,-0.46022068566511365,13.994653800216287,-0.04317675367642515,0.0,0.028292393311858177,0.0,0.028292393311858177
44.507797,"[286.4034118652344, 8.719199180603027, 0.0]","[300.3602294921875, 4.5, 0.0]",11.048087871152156,10.994662284851074,-0.45899356689114157,13.994472103714308,-0.05493028674046485,0.0,0.028215870261192322,0.0,0.028215870261192322
44.530487,"[286.6245422363281, 8.717243194580078, 0.0]","[300.584716796875, 4.5, 0.0]",11.038928825745975,10.972126007080078,-0.4579522703090255,13.993811504901945,-0.053425586301081296,0.0,0.028151528909802437,0.0,0.028151528909802437
44.547732,"[286.8454895019531, 8.715274810791016, 0.0]","[300.79815673828125, 4.5, 0.0]",11.029781026484057,10.963706016540527,-0.45738996309587776,13.997609152579875,-0.06680281866589688,0.0,0.02812126837670803,0.0,0.02812126837670803
44.569507,"[287.0662536621094, 8.71329402923584, 0.0]","[301.021240234375, 4.5, 0.0]",11.020630914911195,10.941271781921387,-0.457505578643147,13.990427403005148,-0.0660750099435301,0.0,0.02811538428068161,0.0,0.02811538428068161
44.588474,"[287.2868347167969, 8.711301803588867, 0.0]","[301.2370300292969, 4.5, 0.0]",11.009727250852826,10.932684898376465,-0.5451832029184089,13.99298596471058,-0.07935913298980779,0.0,0.03350181505084038,0.0,0.03350181505084038
44.60888,"[287.5072326660156, 8.709328651428223, 0.0]","[301.4596252441406, 4.5, 0.0]",10.998832037680963,10.910192489624025,-0.5447606585931908,13.988369671311274,-0.07704235247636149,0.0,0.03347110375761986,0.0,0.03347110375761986
44.629108,"[287.7274169921875, 8.707402229309082, 0.0]","[301.6778564453125, 4.5, 0.0]",10.9879375393786,10.900304794311523,-0.5447249151181666,13.990627468354694,-0.0886395480569373,0.0,0.03345212712883949,0.0,0.03345212712883949
44.64892,"[287.9473876953125, 8.70553970336914, 0.0]","[301.8947448730469, 4.5, 0.0]",10.96610682142224,10.877179145812988,-1.0915358978179412,13.988573560656716,-0.08763274506707575,0.0,0.03344262018799782,0.0,0.03344262018799782
44.668239,"[288.1671447753906, 8.703755378723145, 0.0]","[302.1092224121094, 4.5, 0.0]",10.954841903999661,10.867574691772461,-0.5632458711289701,13.985201714068538,-0.08892767560925208,0.0,0.03346218913793564,0.0,0.03346218913793564
44.690921,"[288.3864440917969, 8.699926376342773, 0.0]","[302.3289489746094, 4.5, 0.0]",10.94274159375255,10.844236373901367,-0.6050155123555889,13.979425091731734,-0.08726721222720002,0.0,0.036718569695949554,0.0,0.036718569695949554
44.709673,"[288.60552978515625, 8.69689655303955, 0.0]","[302.5477600097656, 4.5, 0.0]",10.930636977167083,10.834229469299316,-0.6052308292733066,13.983730781379705,-0.09850521985118199,0.0,0.036929164081811905,0.0,0.036929164081811905
44.73001,"[288.8243713378906, 8.694276809692383, 0.0]","[302.760498046875, 4.5, 0.0]",10.918484751294145,10.810553550720215,-0.6076112936469258,13.98608167204935,-0.09640750786776664,0.0,0.03713813051581383,0.0,0.03713813051581383
44.749151,"[289.04296875, 8.691887855529785, 0.0]","[302.97869873046875, 4.5, 0.0]",10.906276676348226,10.799778938293457,-0.6104037472959511,13.981557109475414,-0.10793120057392969,0.0,0.037335675209760666,0.0,0.037335675209760666
44.768385,"[289.2613220214844, 8.68966293334961, 0.0]","[303.1944580078125, 4.5, 0.0]",10.894024828716562,10.779193878173828,-0.6125923815831769,13.98186827833237,-0.10649773805476848,0.0,0.037493567913770676,0.0,0.037493567913770676
44.789673,"[289.47943115234375, 8.68758487701416, 0.0]","[303.4073181152344, 4.5, 0.0]",10.880728198311035,10.762176513671875,-0.6648315202763655,13.97925916010691,-0.11483095054273385,0.0,0.04070669412612915,0.0,0.04070669412612915
44.80926,"[289.6972961425781, 8.68565559387207, 0.0]","[303.6267395019531, 4.5, 0.0]",10.867410548510074,10.744585037231445,-0.6658824900480198,13.973393872599857,-0.11855168463915966,0.0,0.04078282415866852,0.0,0.04078282415866852
44.830781,"[289.9149169921875, 8.68388557434082, 0.0]","[303.8409423828125, 4.5, 0.0]",10.854064105210174,10.726883888244629,-0.6673221649950101,13.973830571217771,-0.12282551127862895,0.0,0.04087964817881584,0.0,0.04087964817881584
44.848072,"[290.13226318359375, 8.68228530883789, 0.0]","[304.05047607421875, 4.5, 0.0]",10.840683983469399,10.709566116333008,-0.6690060870387704,13.968862595941346,-0.12718021696554516,0.0,0.04098789393901825,0.0,0.04098789393901825
44.868969,"[290.3493347167969, 8.680863380432129, 0.0]","[304.2648620605469, 4.5, 0.0]",10.827267909330066,10.691847801208496,-0.6708037069666162,13.95913685544431,-0.13111786713639084,0.0,0.04110434278845787,0.0,0.04110434278845787
44.890657,"[290.5661315917969, 8.6796293258667, 0.0]","[304.47979736328125, 4.5, 0.0]",10.812883706998242,10.674084663391113,-0.7192101165911957,13.954229461409325,-0.13542010812157024,0.0,0.044077858328819275,0.0,0.044077858328819275
44.909158,"[290.7826843261719, 8.67859172821045, 0.0]","[304.69671630859375, 4.5, 0.0]",10.798479513485422,10.656135559082031,-0.720209675641037,13.949876574213679,-0.13879904360712914,0.0,0.044138286262750626,0.0,0.044138286262750626
44.928477,"[290.9989318847656, 8.677757263183594, 0.0]","[304.9057922363281, 4.5, 0.0]",10.784051372565196,10.638575553894043,-0.7214070460112687,13.947511643042622,-0.14234395440339043,0.0,0.044208865612745285,0.0,0.044208865612745285
44.948263,"[291.21490478515625, 8.677131652832031, 0.0]","[305.1214294433594, 4.5, 0.0]",10.769586791981784,10.620464324951172,-0.7232290291706356,13.937391419247714,-0.14547581867115333,0.0,0.044312942773103714,0.0,0.044312942773103714
44.96745,"[291.4305725097656, 8.676721572875977, 0.0]","[305.3294677734375, 4.5, 0.0]",10.755076643985985,10.60299015045166,-0.7255073997899153,13.93389771831368,-0.14912246703061172,0.0,0.04444160684943199,0.0,0.04444160684943199
44.988554,"[291.6459655761719, 8.676534652709961, 0.0]","[305.5465393066406, 4.5, 0.0]",10.739455868739391,10.584758758544922,-0.781038762329711,13.92291291771573,-0.15208649353432513,0.0,0.04785650596022606,0.0,0.04785650596022606
45.007841,"[291.8610534667969, 8.676579475402832, 0.0]","[305.7539367675781, 4.5, 0.0]",10.723805661288134,10.567334175109863,-0.7825103725628502,13.921037336000396,-0.1546971101944692,0.0,0.04795074835419655,0.0,0.04795074835419655
45.029802,"[292.0758361816406, 8.676860809326172, 0.0]","[305.96966552734375, 4.5, 0.0]",10.708117035782273,10.549144744873047,-0.7844312752930627,13.909597233533873,-0.15647148617827078,0.0,0.048063814640045166,0.0,0.048063814640045166
45.049191,"[292.2903137207031, 8.677382469177246, 0.0]","[306.17950439453125, 4.5, 0.0]",10.692390230115906,10.531452178955078,-0.7863402833183208,13.906607012943795,-0.15897229090922593,0.0,0.048188745975494385,0.0,0.048188745975494385
45.069958,"[292.5044860839844, 8.678147315979004, 0.0]","[306.3908996582031, 4.5, 0.0]",10.676621753150638,10.513628959655762,-0.7884238482634309,13.897855911519708,-0.16093805116082827,0.0,0.04832341894507408,0.0,0.04832341894507408
45.089292,"[292.71832275390625, 8.679156303405762, 0.0]","[306.59710693359375, 4.5, 0.0]",10.660326457610054,10.496244430541992,-0.8147647770291755,13.890804967285511,-0.16299279349487605,0.0,0.04995959252119064,0.0,0.04995959252119064
45.10819,"[292.9318542480469, 8.680407524108887, 0.0]","[306.8075256347656, 4.5, 0.0]",10.643986118506893,10.478505134582521,-0.8170169551580564,13.878755798463002,-0.16408202706806208,0.0,0.0501093789935112,0.0,0.0501093789935112
45.128467,"[293.1450500488281, 8.681899070739746, 0.0]","[307.01666259765625, 4.5, 0.0]",10.627601692126728,10.460920333862305,-0.8192213190082676,13.871099104304111,-0.16548098392437183,0.0,0.050255268812179565,0.0,0.050255268812179565
45.148874,"[293.35791015625, 8.683629035949707, 0.0]","[307.2284851074219, 4.5, 0.0]",10.611166812109479,10.443110466003418,-0.8217440008624344,13.862396600743647,-0.1666813582644231,0.0,0.050419021397829056,0.0,0.050419021397829056
45.169372,"[293.5704650878906, 8.685593605041504, 0.0]","[307.4373474121094, 4.5, 0.0]",10.594287765696302,10.425546646118164,-0.8439523206588362,13.85663410324624,-0.16805634610606113,0.0,0.05180300399661064,0.0,0.05180300399661064
45.188389,"[293.7826843261719, 8.687789916992188, 0.0]","[307.64337158203125, 4.5, 0.0]",10.577374063592922,10.411559104919434,-0.8456851051690251,13.848154786176046,-0.1687411195781383,0.0,0.05193129554390907,0.0,0.05193129554390907
45.207613,"[293.99456787109375, 8.690210342407227, 0.0]","[307.8503723144531, 4.5, 0.0]",10.560409180468751,10.387489318847656,-0.8482441562085441,13.837132738017107,-0.16581495867348828,0.0,0.052110664546489716,0.0,0.052110664546489716
45.229752,"[294.2060852050781, 8.69284439086914, 0.0]","[308.0626220703125, 4.5, 0.0]",10.543393966441146,10.376402854919434,-0.8507607013802598,13.827405647037326,-0.17291986162109474,0.0,0.05229044333100319,0.0,0.05229044333100319
45.248231,"[294.4172668457031, 8.695676803588867, 0.0]","[308.2645568847656, 4.5, 0.0]",10.526326135410757,10.3528413772583,-0.8533915515194224,13.82331127589383,-0.1669911115217122,0.0,0.052468135952949524,0.0,0.052468135952949524
45.26939,"[294.62811279296875, 8.698694229125977, 0.0]","[308.4762268066406, 4.5, 0.0]",10.509207652882289,10.341800689697266,-0.8559241264234352,13.809299295004,-0.17348475815245656,0.0,0.05264189466834068,0.0,0.05264189466834068
45.288414,"[294.838623046875, 8.701878547668457, 0.0]","[308.6813659667969, 4.5, 0.0]",10.492015035430626,10.317971229553223,-0.8596308725831392,13.805452536848696,-0.16740696318502302,0.0,0.05288218334317207,0.0,0.05288218334317207
45.307916,"[295.04876708984375, 8.70521354675293, 0.0]","[308.8894958496094, 4.5, 0.0]",10.474762150679481,10.307236671447754,-0.8626442375572196,13.795547487784667,-0.1740438058774032,0.0,0.05308854207396507,0.0,0.05308854207396507
45.33,"[295.2585754394531, 8.708677291870117, 0.0]","[309.0960693359375, 4.5, 0.0]",10.433955606831182,10.283380508422852,-2.0403271924149813,13.789178614367412,-0.16752547923172756,0.0,0.053279485553503036,0.0,0.053279485553503036
45.350106,"[295.4680480957031, 8.71224308013916, 0.0]","[309.3008728027344, 4.5, 0.0]",10.39903407166864,10.2730073928833,-1.7460767581271242,13.781806394273602,-0.15057509840833028,0.0,0.0534554198384285,0.0,0.0534554198384285
45.368337,"[295.6767272949219, 8.71389389038086, 0.0]","[309.5014953613281, 4.5, 0.0]",10.38058597740998,10.24964427947998,-0.9224047129329449,13.773272135091878,-0.12602667878533858,0.0,0.054090503603219986,0.0,0.054090503603219986
45.389263,"[295.88470458984375, 8.713751792907715, 0.0]","[309.71142578125, 4.5, 0.0]",10.36341591731299,10.238845825195312,-0.8585030048495312,13.766358940665645,-0.13094169793,0.0,0.05208083987236023,0.0,0.05208083987236023
45.408823,"[296.0923156738281, 8.714801788330078, 0.0]","[309.9157409667969, 4.5, 0.0]",10.346171474683846,10.21518325805664,-0.862222131457191,13.774571874467888,-0.12457009211767733,0.0,0.05283869057893753,0.0,0.05283869057893753
45.428491,"[296.2995910644531, 8.716365814208984, 0.0]","[310.1204528808594, 4.5, 0.0]",10.328768015461286,10.204912185668945,-0.8701729611280129,13.775670888739361,-0.1309882166272054,0.0,0.05347123369574547,0.0,0.05347123369574547
45.448279,"[296.5065002441406, 8.718100547790527, 0.0]","[310.3231506347656, 4.5, 0.0]",10.311213011953027,10.181468009948732,-0.8777501754129169,13.77613299551049,-0.12385582979234044,0.0,0.05396207794547081,0.0,0.05396207794547081
45.468953,"[296.71307373046875, 8.719854354858398, 0.0]","[310.52386474609375, 4.5, 0.0]",10.2935305800625,10.171525955200195,-0.884121594526377,13.774002400110371,-0.12974500200429517,0.0,0.054353129118680954,0.0,0.054353129118680954
45.49016,"[296.9192810058594, 8.72158432006836, 0.0]","[310.7275390625, 4.5, 0.0]",10.277051302960825,10.148001670837402,-0.8239638550837647,13.769629441372,-0.12200462486230457,0.0,0.05066276341676712,0.0,0.05066276341676712
45.508892,"[297.1251525878906, 8.723305702209473, 0.0]","[310.9341125488281, 4.5, 0.0]",10.260490031528139,10.137581825256348,-0.8280635716342744,13.76820601712061,-0.12904963212342224,0.0,0.05089865252375603,0.0,0.05089865252375603
45.529842,"[297.3306884765625, 8.725029945373535, 0.0]","[311.1376037597656, 4.5, 0.0]",10.243879546572124,10.114168167114258,-0.8305242478007457,13.769738230965057,-0.12290820627179144,0.0,0.05105843394994736,0.0,0.05105843394994736
45.548494,"[297.535888671875, 8.726767539978027, 0.0]","[311.3377990722656, 4.5, 0.0]",10.227235583889424,10.104357719421387,-0.8321981341349982,13.768314470270425,-0.12971137945786637,0.0,0.05116055905818939,0.0,0.05116055905818939
45.569328,"[297.7407531738281, 8.728523254394531, 0.0]","[311.53961181640625, 4.5, 0.0]",10.210573638206544,10.081082344055176,-0.8330972841440243,13.763776082474099,-0.1228778644680375,0.0,0.051221609115600586,0.0,0.051221609115600586
45.590145,"[297.9452819824219, 8.730294227600098, 0.0]","[311.7423095703125, 4.5, 0.0]",10.193613529728427,10.071067810058594,-0.8480054239058177,13.761075530391624,-0.12949129415136795,0.0,0.052130911499261856,0.0,0.052130911499261856
45.610054,"[298.14947509765625, 8.732073783874512, 0.0]","[311.9408264160156, 4.5, 0.0]",10.17664708686529,10.048069953918457,-0.8483221431569099,13.75950763838988,-0.12254571966983363,0.0,0.05214349180459976,0.0,0.05214349180459976
45.629867,"[298.35333251953125, 8.733856201171875, 0.0]","[312.141357421875, 4.5, 0.0]",10.159678200582398,10.038323402404785,-0.8484443141445475,13.754029290320155,-0.12857713294683215,0.0,0.05214975029230118,0.0,0.05214975029230118
45.647927,"[298.5568542480469, 8.735613822937012, 0.0]","[312.340576171875, 4.5, 0.0]",10.142700001062838,10.015351295471191,-0.8489099759779961,13.750849232028688,-0.12135479817761308,0.0,0.05215634033083916,0.0,0.05215634033083916
45.668405,"[298.7600402832031, 8.737308502197266, 0.0]","[312.54534912109375, 4.5, 0.0]",10.125703253260488,10.005258560180664,-0.8498373901175249,13.746707467760569,-0.1273487055916469,0.0,0.05219336971640587,0.0,0.05219336971640587
45.688254,"[298.962890625, 8.73891544342041, 0.0]","[312.7440185546875, 4.5, 0.0]",10.10908512143726,9.985665321350098,-0.8309065911613622,13.748564483586227,-0.12044469307982375,0.0,0.051007676869630814,0.0,0.051007676869630814
45.710028,"[299.1654052734375, 8.740410804748535, 0.0]","[312.9432067871094, 4.5, 0.0]",10.092436337534068,9.969373703002931,-0.832439195159651,13.744834002536063,-0.12341980008716291,0.0,0.05107991397380829,0.0,0.05107991397380829
45.728693,"[299.3675842285156, 8.741777420043945, 0.0]","[313.14471435546875, 4.5, 0.0]",10.075758021202585,9.9530611038208,-0.8339158165741267,13.742191043947077,-0.12306263453113608,0.0,0.051152803003787994,0.0,0.051152803003787994
45.750135,"[299.5694274902344, 8.743000984191895, 0.0]","[313.34197998046875, 4.5, 0.0]",10.05904679219194,9.937092781066895,-0.8355614505322073,13.742477790531375,-0.12269691738178423,0.0,0.05122683569788933,0.0,0.05122683569788933
45.767731,"[299.77093505859375, 8.744068145751953, 0.0]","[313.5408020019531, 4.5, 0.0]",10.042305397779394,9.920997619628906,-0.837069720627337,13.739156050232777,-0.12195401112504634,0.0,0.05130213499069214,0.0,0.05130213499069214
45.788497,"[299.97210693359375, 8.744965553283691, 0.0]","[313.7406921386719, 4.5, 0.0]",10.02546505109567,9.90481472015381,-0.8420173341861847,13.738041896168044,-0.12130777815048788,0.0,0.05157913640141487,0.0,0.05157913640141487
45.807538,"[300.1729431152344, 8.745678901672363, 0.0]","[313.93426513671875, 4.5, 0.0]",10.008597058158434,9.889159202575684,-0.8433996468617977,13.738654811275394,-0.12065033094186006,0.0,0.051655061542987823,0.0,0.051655061542987823
45.828941,"[300.3734436035156, 8.746196746826172, 0.0]","[314.135986328125, 4.5, 0.0]",9.991697429736282,9.87304973602295,-0.8449814211076045,13.733619977694802,-0.11943785558275088,0.0,0.05173161253333092,0.0,0.05173161253333092
45.847946,"[300.5736083984375, 8.74650764465332, 0.0]","[314.3292541503906, 4.5, 0.0]",9.974771938600245,9.857619285583496,-0.8462745568018626,13.737400147445872,-0.11864769371333317,0.0,0.0518084354698658,0.0,0.0518084354698658
45.871718,"[300.7734375, 8.746600151062012, 0.0]","[314.5265808105469, 4.5, 0.0]",9.95781222279169,9.841861724853516,-0.8479857904277743,13.733384554004092,-0.11715265301674904,0.0,0.051885176450014114,0.0,0.051885176450014114
45.888559,"[300.9729309082031, 8.746463775634766, 0.0]","[314.7274169921875, 4.5, 0.0]",9.941025016714308,9.825826644897461,-0.8393603038690856,13.734079962088563,-0.11595049793817402,0.0,0.051356274634599686,0.0,0.051356274634599686
45.908038,"[301.1720886230469, 8.746085166931152, 0.0]","[314.9235534667969, 4.5, 0.0]",9.924209675737243,9.810170173645021,-0.8407670488532304,13.738926390175033,-0.115198371816847,0.0,0.05143604800105095,0.0,0.05143604800105095
45.928341,"[301.37091064453125, 8.745455741882324, 0.0]","[315.1163635253906, 4.5, 0.0]",9.907365148257465,9.794843673706055,-0.8422263739888969,13.739703126063667,-0.11403950209222202,0.0,0.05151477828621864,0.0,0.05151477828621864
45.948513,"[301.56939697265625, 8.74456787109375, 0.0]","[315.31439208984375, 4.5, 0.0]",9.890494782418813,9.77910041809082,-0.8435182919326323,13.737763647346492,-0.1125214745514107,0.0,0.05159229412674904,0.0,0.05159229412674904
45.969699,"[301.7675476074219, 8.743412971496582, 0.0]","[315.5095520019531, 4.5, 0.0]",9.873599465659257,9.76358699798584,-0.8447658379777678,13.741636939369434,-0.11139436432799243,0.0,0.05166836455464363,0.0,0.05166836455464363
45.989336,"[301.9653625488281, 8.741984367370605, 0.0]","[315.70166015625, 4.5, 0.0]",9.856977265708732,9.748315811157227,-0.8311099975262692,13.743218677278387,-0.11001246767341755,0.0,0.050827205181121826,0.0,0.050827205181121826
46.007938,"[302.162841796875, 8.740276336669922, 0.0]","[315.896728515625, 4.5, 0.0]",9.840324593964146,9.732818603515625,-0.8326335872292923,13.742305676910911,-0.10866145455150544,0.0,0.0509319007396698,0.0,0.0509319007396698
46.029572,"[302.3599853515625, 8.73828411102295, 0.0]","[316.0919189453125, 4.5, 0.0]",9.82364297287382,9.717460632324219,-0.8340810545163002,13.744888144488746,-0.10750599044852116,0.0,0.05102812126278877,0.0,0.05102812126278877
46.049264,"[302.5567932128906, 8.736005783081055, 0.0]","[316.2857666015625, 4.5, 0.0]",9.806944295248298,9.702207565307619,-0.8349338812760898,13.748110158865135,-0.1061823405496014,0.0,0.05109476298093796,0.0,0.05109476298093796
46.068174,"[302.75323486328125, 8.733438491821289, 0.0]","[316.4795837402344, 4.5, 0.0]",9.790229583117714,9.686956405639648,-0.8357356065292088,13.75047917347241,-0.1047367299406794,0.0,0.05116013064980507,0.0,0.05116013064980507
46.088585,"[302.9493408203125, 8.730582237243652, 0.0]","[316.67474365234375, 4.5, 0.0]",9.773798246425415,9.671600341796877,-0.821566834614984,13.753317690703707,-0.10327317747806575,0.0,0.05030249059200287,0.0,0.05030249059200287
46.108212,"[303.1451110839844, 8.727438926696777, 0.0]","[316.8674011230469, 4.5, 0.0]",9.757335778532047,9.659780502319336,-0.823123394668368,13.757943429313615,-0.10219790462853773,0.0,0.05041694641113281,0.0,0.05041694641113281
46.130245,"[303.3405456542969, 8.72401237487793, 0.0]","[317.0642395019531, 4.5, 0.0]",9.740855604455835,9.637721061706545,-0.8240087038106303,13.760486071220322,-0.0975552762127112,0.0,0.05049632117152214,0.0,0.05049632117152214
46.149572,"[303.53564453125, 8.720307350158691, 0.0]","[317.25579833984375, 4.5, 0.0]",9.724364961098182,9.629410743713379,-0.8245321678826301,13.767600616527,-0.10313454274928979,0.0,0.050547897815704346,0.0,0.050547897815704346
46.168472,"[303.73040771484375, 8.716328620910645, 0.0]","[317.4482421875, 4.5, 0.0]",9.707864510404775,9.607694625854492,-0.8250225346703388,13.769797388758704,-0.09495421738480303,0.0,0.050600193440914154,0.0,0.050600193440914154
46.188712,"[303.9248352050781, 8.712082862854004, 0.0]","[317.6380920410156, 4.5, 0.0]",9.691502868586586,9.599515914916992,-0.8180820909094777,13.773217975369441,-0.10016988455028297,0.0,0.0501982681453228,0.0,0.0501982681453228
46.209259,"[304.1189270019531, 8.7075777053833, 0.0]","[317.83270263671875, 4.5, 0.0]",9.675128566062416,9.577640533447266,-0.8187151262085024,13.774354072140726,-0.09198695366959342,0.0,0.05025674030184746,0.0,0.05025674030184746
46.229218,"[304.3127136230469, 8.702820777893066, 0.0]","[318.0248107910156, 4.5, 0.0]",9.598861637884752,9.569402694702148,-3.813346408883156,13.780532799183444,-0.09748803261514993,0.0,0.050316791981458664,0.0,0.050316791981458664
46.248737,"[304.50616455078125, 8.697819709777832, 0.0]","[318.2147521972656, 4.5, 0.0]",9.581974276460954,9.547995567321777,-0.8443680711899049,13.784436697019846,-0.029458943182604003,0.0,0.050378285348415375,0.0,0.050378285348415375
46.269459,"[304.6981201171875, 8.694327354431152, 0.0]","[318.40631103515625, 4.5, 0.0]",9.565154452451859,9.539799690246582,-0.840991200454777,13.78641182233069,-0.033978709139177,0.0,0.05097396671772003,0.0,0.05097396671772003
46.288594,"[304.88970947265625, 8.690030097961426, 0.0]","[318.59765625, 4.5, 0.0]",9.551706453075013,9.51828384399414,-0.6723999688422744,13.787795194917507,-0.02535476220527677,0.0,0.040947869420051575,0.0,0.040947869420051575
46.312753,"[305.0809631347656, 8.68526554107666, 0.0]","[318.7903747558594, 4.5, 0.0]",9.538023183145022,9.510053634643555,-0.6841634964995791,13.790040651052104,-0.03342260908087269,0.0,0.041843462735414505,0.0,0.041843462735414505
46.329055,"[305.2719421386719, 8.680201530456543, 0.0]","[318.9783630371094, 4.5, 0.0]",9.524153034524577,9.489376068115234,-0.6935074310222333,13.794510881619654,-0.027969548501467045,0.0,0.04252074286341667,0.0,0.04252074286341667
46.34912,"[305.4626159667969, 8.674922943115234, 0.0]","[319.167236328125, 4.5, 0.0]",9.510163852984126,9.481971740722656,-0.6994590770225351,13.794867348066077,-0.03477696640934269,0.0,0.042956992983818054,0.0,0.042956992983818054
46.36873,"[305.65301513671875, 8.669472694396973, 0.0]","[319.35272216796875, 4.5, 0.0]",9.496107811704194,9.461482048034668,-0.7028020639966215,13.796605419779013,-0.028192112261470115,0.0,0.043211836367845535,0.0,0.043211836367845535
46.389416,"[305.8431396484375, 8.663878440856934, 0.0]","[319.5466003417969, 4.5, 0.0]",9.481768455369917,9.453704833984375,-0.7169678167138649,13.795297861014522,-0.034625763669525966,0.0,0.04411397501826286,0.0,0.04411397501826286
46.410278,"[306.0329895019531, 8.658162117004395, 0.0]","[319.7349853515625, 4.5, 0.0]",9.467438303584585,9.43311595916748,-0.7165075892666017,13.802615540695173,-0.028063621385541637,0.0,0.04410121962428093,0.0,0.04410121962428093
46.428658,"[306.2225341796875, 8.65234661102295, 0.0]","[319.9240417480469, 4.5, 0.0]",9.45313246017017,9.427156448364258,-0.715292170720705,13.804589158517354,-0.034322344417104134,0.0,0.04402994364500046,0.0,0.04402994364500046
46.453526,"[306.41180419921875, 8.646453857421875, 0.0]","[320.1115417480469, 4.5, 0.0]",9.438864802739447,9.407966613769533,-0.7133828715361723,13.807339090588618,-0.02597601180591269,0.0,0.04392022639513016,0.0,0.04392022639513016
46.46977,"[306.60076904296875, 8.640511512756348, 0.0]","[320.29638671875, 4.5, 0.0]",9.424638651877922,9.402289390563965,-0.711307543076245,13.80854945054347,-0.03089818896991403,0.0,0.04376683384180069,0.0,0.04376683384180069
46.489452,"[306.7894592285156, 8.63455581665039, 0.0]","[320.4853210449219, 4.5, 0.0]",9.410889988482566,9.383002281188965,-0.6874331697678038,13.807104506561911,-0.022349261313957314,0.0,0.042272891849279404,0.0,0.042272891849279404
46.509312,"[306.97784423828125, 8.628617286682129, 0.0]","[320.67230224609375, 4.5, 0.0]",9.397193715881768,9.377272605895996,-0.6848136300399155,13.809663892597428,-0.027887707293601238,0.0,0.042093291878700256,0.0,0.042093291878700256
46.528848,"[307.16595458984375, 8.622725486755371, 0.0]","[320.86029052734375, 4.5, 0.0]",9.383557198796057,9.35954761505127,-0.681825854285556,13.810185344027538,-0.01992110998577168,0.0,0.04191439226269722,0.0,0.04191439226269722
46.547966,"[307.35382080078125, 8.616890907287598, 0.0]","[321.04620361328125, 4.5, 0.0]",9.369979471826406,9.355279922485352,-0.6788863484825214,13.811561369649404,-0.024009583744787122,0.0,0.04174423962831497,0.0,0.04174423962831497
46.569561,"[307.5414123535156, 8.611082077026367, 0.0]","[321.2369079589844, 4.5, 0.0]",9.35645028015473,9.337394714355469,-0.6764595835837994,13.81069733039473,-0.014699549341054663,0.0,0.041587941348552704,0.0,0.041587941348552704
46.5892,"[307.7287292480469, 8.60528564453125, 0.0]","[321.4244384765625, 4.5, 0.0]",9.343061952013855,9.333032608032227,-0.6694164070437658,13.814581493958526,-0.019055565799261487,0.0,0.041154421865940094,0.0,0.041154421865940094
46.609154,"[307.915771484375, 8.599495887756348, 0.0]","[321.6077880859375, 4.5, 0.0]",9.329711787081342,9.315673828125,-0.6675082466256477,13.81533335615513,-0.010029343981628358,0.0,0.04103474318981171,0.0,0.04103474318981171
46.631612,"[308.1025390625, 8.593710899353027, 0.0]","[321.7961730957031, 4.5, 0.0]",9.31640318158832,9.312769889831543,-0.6654302746510687,13.812002604011047,-0.014037958956341967,0.0,0.04090720787644386,0.0,0.04090720787644386
46.647974,"[308.2890319824219, 8.587928771972656, 0.0]","[321.9794616699219, 4.5, 0.0]",9.30313580045328,9.300124168395996,-0.6633690567520389,13.813846672534524,-0.0036332917567776235,0.0,0.04077741131186485,0.0,0.04077741131186485
46.668725,"[308.47528076171875, 8.582149505615234, 0.0]","[322.166015625, 4.5, 0.0]",9.289903059206223,9.290645599365234,-0.6616370623528489,13.810769508802359,-0.0030116320572837196,0.0,0.040671270340681076,0.0,0.040671270340681076
46.6887,"[308.6612548828125, 8.576371192932129, 0.0]","[322.3561096191406, 4.5, 0.0]",9.121784545787396,9.280986785888672,-8.405925670941361,13.811123308940376,0.0007425401590115399,0.0,0.5167820453643799,0.0,0.5167820453643799
46.709009,"[308.8469543457031, 8.570594787597656, 0.0]","[322.5372619628906, 4.5, 0.0]",8.95475795092686,9.27187442779541,-8.351329743026792,13.815232378494157,0.15920224010127626,0.0,0.5134201645851135,0.0,0.5134201645851135
46.73083,"[309.029296875, 8.564916610717773, 0.0]","[322.7270812988281, 4.5, 0.0]",8.78834571402174,9.263760566711426,-8.320611845256032,13.810635968393406,0.3171164768685504,0.0,0.5115349292755127,0.0,0.5115349292755127
46.749884,"[309.20831298828125, 8.55933666229248, 0.0]","[322.9112854003906, 4.5, 0.0]",8.621733101489646,9.255885124206545,-8.330630626604663,13.818026871694936,0.47541485268968664,0.0,0.5121434926986694,0.0,0.5121434926986694
46.768754,"[309.3840026855469, 8.553861618041992, 0.0]","[323.0959777832031, 4.5, 0.0]",8.456600457937434,9.247989654541017,-8.256632177610612,13.823111079761638,0.6341520227168989,0.0,0.5147362351417542,0.0,0.5147362351417542
46.791082,"[309.5563659667969, 8.548501014709473, 0.0]","[323.28179931640625, 4.5, 0.0]",8.295110267045608,9.240046501159668,-8.07450954459128,13.831982698260008,0.7913891966035838,0.0,0.5188254714012146,0.0,0.5188254714012146
46.80903,"[309.72540283203125, 8.543261528015137, 0.0]","[323.4659729003906, 4.5, 0.0]",8.134574798706016,9.232292175292969,-8.026773416979616,13.845267305977194,0.9449362341140599,0.0,0.5239692330360413,0.0,0.5239692330360413
46.828817,"[309.8912353515625, 8.538150787353516, 0.0]","[323.6479187011719, 4.5, 0.0]",7.973677460422507,9.225996017456055,-8.044866914175453,13.860179958495838,1.097717376586953,0.0,0.5297337770462036,0.0,0.5297337770462036
46.849426,"[310.0538635253906, 8.53317928314209, 0.0]","[323.83233642578125, 4.5, 0.0]",7.8118283007493785,9.21961498260498,-8.09245798365641,13.876010447498988,1.252318557033548,0.0,0.535764753818512,0.0,0.535764753818512
46.869748,"[310.2132568359375, 8.528353691101074, 0.0]","[324.02008056640625, 4.5, 0.0]",7.648805125298519,9.213118553161621,-8.151158772542955,13.897442394965703,1.407786681855602,0.0,0.5418036580085754,0.0,0.5418036580085754
46.891186,"[310.3694152832031, 8.523683547973633, 0.0]","[324.2016906738281, 4.5, 0.0]",7.665257677704654,9.206833839416504,0.8226276203067151,13.925352288009972,1.5643134278631017,0.2981594204902649,0.0,0.2981594204902649,0.0
46.908916,"[310.5223388671875, 8.51917839050293, 0.0]","[324.3882141113281, 4.5, 0.0]",7.680285888602132,9.200499534606934,0.7514105448739095,13.95027098017122,1.5415761617118502,0.2724231965839863,0.0,0.2724231965839863,0.0
46.934473,"[310.6755676269531, 8.51474380493164, 0.0]","[324.5697326660156, 4.5, 0.0]",7.694166023312973,9.195688247680664,0.6940067355420521,13.983237302247217,1.5202136460048017,0.2517351508140564,0.0,0.2517351508140564,0.0
46.948723,"[310.8291015625, 8.510388374328613, 0.0]","[324.7559814453125, 4.5, 0.0]",7.707349377981954,9.190752983093262,0.6591677334490509,14.01072658281191,1.5015222243676911,0.23916831240057945,0.0,0.23916831240057945,0.0
46.968674,"[310.9829406738281, 8.506125450134277, 0.0]","[324.939697265625, 4.5, 0.0]",7.720203318033786,9.185884475708008,0.6426970025915857,14.042462791572044,1.4834036051113078,0.23327114060521126,0.0,0.23327114060521126,0.0
46.988127,"[311.13702392578125, 8.501964569091797, 0.0]","[325.1207580566406, 4.5, 0.0]",7.738158622895285,9.181085586547852,0.8977652430749661,14.071176301262854,1.4656811576742221,0.3256741166114807,0.0,0.3256741166114807,0.0
47.007687,"[311.2913818359375, 8.497915267944336, 0.0]","[325.3038330078125, 4.5, 0.0]",7.756245322636121,9.17632007598877,0.9043349870418105,14.096804982638945,1.4429269636525666,0.32809171825647354,0.0,0.32809171825647354,0.0
47.030187,"[311.44610595703125, 8.493980407714844, 0.0]","[325.4916687011719, 4.5, 0.0]",7.774616210496432,9.172788619995117,0.9185443930155301,14.123985135756508,1.4200747533526483,0.3332691639661789,0.0,0.3332691639661789,0.0
47.049255,"[311.6011962890625, 8.490165710449219, 0.0]","[325.6742858886719, 4.5, 0.0]",7.745343669496825,9.169354438781738,-1.4636270499803317,14.155372482731762,1.3981724094986854,0.340302437543869,0.0,0.340302437543869,0.0
47.069238,"[311.75665283203125, 8.486475944519043, 0.0]","[325.85479736328125, 4.5, 0.0]",7.7640868914765555,9.169295310974121,0.9371610989865164,14.18099749395541,1.424010769284913,0.34834589809179306,0.0,0.34834589809179306,0.0
47.090027,"[311.9114685058594, 8.481210708618164, 0.0]","[326.03826904296875, 4.5, 0.0]",7.7813570602953845,9.159176826477053,0.8635084409414517,14.203978241291043,1.4052084194975656,0.31702708452939987,0.0,0.31702708452939987,0.0
47.109676,"[312.0666809082031, 8.476664543151855, 0.0]","[326.2213134765625, 4.5, 0.0]",7.799085510153685,9.162482261657715,0.8864224929150399,14.233655835618832,1.377819766181668,0.32365191727876663,0.0,0.32365191727876663,0.0
47.130477,"[312.2222595214844, 8.472513198852539, 0.0]","[326.4051818847656, 4.5, 0.0]",7.817217971582975,9.153606414794922,0.9066230714644963,14.2616248387993,1.3633967515040295,0.330156609416008,0.0,0.330156609416008,0.0
47.148291,"[312.3782043457031, 8.468609809875488, 0.0]","[326.58740234375, 4.5, 0.0]",7.835717227980652,9.158087730407715,0.9249628198838344,14.289334525781166,1.3363884432119466,0.3363132104277611,0.0,0.3363132104277611,0.0
47.167675,"[312.5345153808594, 8.464885711669922, 0.0]","[326.7706298828125, 4.5, 0.0]",7.854547151051792,9.149219512939453,0.9414961535569866,14.31445520337808,1.3223705024270629,0.34196920692920685,0.0,0.34196920692920685,0.0
47.189392,"[312.6911926269531, 8.461311340332031, 0.0]","[326.95458984375, 4.5, 0.0]",7.872399317394499,9.153679847717285,0.8926083171353572,14.339771692155297,1.2946723618876614,0.3239656239748001,0.0,0.3239656239748001,0.0
47.208257,"[312.8482360839844, 8.45788288116455, 0.0]","[327.1365966796875, 4.5, 0.0]",7.890525057038627,9.14488697052002,0.9062869822064279,14.36511401449536,1.2812805303227863,0.328674279153347,0.0,0.328674279153347,0.0
47.230119,"[313.0056457519531, 8.454585075378418, 0.0]","[327.32037353515625, 4.5, 0.0]",7.908887956534191,9.150341033935547,0.9181449747782011,14.387884037238685,1.2543619134813921,0.33278774470090866,0.0,0.33278774470090866,0.0
47.253736,"[313.1634216308594, 8.451404571533203, 0.0]","[327.50390625, 4.5, 0.0]",7.9274575458619125,9.142459869384766,0.9284794663860563,14.411877368851913,1.2414530774013555,0.3363574296236038,0.0,0.3363574296236038,0.0
47.26795,"[313.3215637207031, 8.448326110839844, 0.0]","[327.6866149902344, 4.5, 0.0]",7.946203541603816,9.147920608520508,0.9372997870951583,14.435137469708557,1.215002323522853,0.33944152295589447,0.0,0.33944152295589447,0.0
47.28904,"[313.4800720214844, 8.445335388183594, 0.0]","[327.8706359863281, 4.5, 0.0]",7.963141665423521,9.140037536621094,0.8469061909852638,14.457136553983482,1.2017170669166921,0.3066413290798664,0.0,0.3066413290798664,0.0
47.308483,"[313.63897705078125, 8.442420959472656, 0.0]","[328.05108642578125, 4.5, 0.0]",7.980231256627712,9.145552635192871,0.8544795602095423,14.480060084272164,1.1768958711975728,0.3092864155769348,0.0,0.3092864155769348,0.0
47.33121,"[313.7982177734375, 8.439574241638184, 0.0]","[328.2353515625, 4.5, 0.0]",7.9974533195618,9.138336181640625,0.8611031467044228,14.499029125989138,1.1653213785651593,0.3116457909345627,0.0,0.3116457909345627,0.0
47.348407,"[313.9577941894531, 8.436783790588379, 0.0]","[328.4174499511719, 4.5, 0.0]",8.014790135861823,9.144462585449219,0.8668408150011242,14.521525164473063,1.1408828620788247,0.31372569501399994,0.0,0.31372569501399994,0.0
47.368384,"[314.1177062988281, 8.434041023254395, 0.0]","[328.6001892089844, 4.5, 0.0]",8.032231407447101,9.137250900268555,0.8720635792639264,14.541600484124569,1.129672449587396,0.3155941516160965,0.0,0.3155941516160965,0.0
47.389673,"[314.2779846191406, 8.431337356567383, 0.0]","[328.78411865234375, 4.5, 0.0]",8.047685955000127,9.14337158203125,0.7727273776512611,14.562085268724353,1.1050194928214534,0.2795962430536747,0.0,0.2795962430536747,0.0
47.410029,"[314.4385986328125, 8.428664207458496, 0.0]","[328.9654541015625, 4.5, 0.0]",8.063246995893897,9.136182785034181,0.7780520446885042,14.583518767213961,1.0956856270311235,0.2815345674753189,0.0,0.2815345674753189,0.0
47.430236,"[314.5995178222656, 8.42601490020752, 0.0]","[329.1494140625, 4.5, 0.0]",8.05570630818298,9.142616271972656,-0.3770343855458158,14.602161476120294,1.0729357891402849,0.28338586911559105,0.0,0.28338586911559105,0.0
47.44872,"[314.7607727050781, 8.423378944396973, 0.0]","[329.3311767578125, 4.5, 0.0]",8.071128871920596,9.135716438293457,0.7711281868807873,14.623274323745774,1.086909963789676,0.28512708842754364,0.0,0.28512708842754364,0.0
47.470107,"[314.92181396484375, 8.418834686279297, 0.0]","[329.5186767578125, 4.5, 0.0]",8.086846930026402,9.142146110534668,0.7859029052903033,14.642018878518265,1.064587566372861,0.2862786129117012,0.0,0.2862786129117012,0.0
47.489355,"[315.08319091796875, 8.414960861206055, 0.0]","[329.6979064941406, 4.5, 0.0]",8.101558433626854,9.135250091552734,0.7355751800226074,14.670557411586069,1.0552991805082659,0.26683956384658813,0.0,0.26683956384658813,0.0
47.507751,"[315.244873046875, 8.411383628845215, 0.0]","[329.88018798828125, 4.5, 0.0]",8.11634730010972,9.141683578491211,0.739443324143263,14.689816390860386,1.0336916579258801,0.2678571082651615,0.0,0.2678571082651615,0.0
47.530379,"[315.4068603515625, 8.407925605773926, 0.0]","[330.06402587890625, 4.5, 0.0]",8.131206716740236,9.134737968444824,0.7429708315258132,14.711311857113678,1.0253362783814914,0.26903172954916954,0.0,0.26903172954916954,0.0
47.548724,"[315.56915283203125, 8.404504776000977, 0.0]","[330.245849609375, 4.5, 0.0]",8.146139305794346,9.141131401062012,0.7466294527055162,14.733699117741063,1.0035312517045885,0.27035076171159744,0.0,0.27035076171159744,0.0
47.569293,"[315.73175048828125, 8.401084899902344, 0.0]","[330.42919921875, 4.5, 0.0]",8.161148146279908,9.137519836425781,0.7504420242780974,14.753530516579929,0.9949920952676656,0.2717399410903454,0.0,0.2717399410903454,0.0
47.588508,"[315.8946228027344, 8.397653579711914, 0.0]","[330.6126708984375, 4.5, 0.0]",8.17451417069192,9.137243270874023,0.6683012206005756,14.774441521686532,0.9763716901458732,0.24198567494750023,0.0,0.24198567494750023,0.0
47.608068,"[316.05780029296875, 8.394216537475586, 0.0]","[330.7947082519531, 4.5, 0.0]",8.187978829523548,9.136944770812988,0.6732329415814142,14.795129784993824,0.9627291001821039,0.24381006136536598,0.0,0.24381006136536598,0.0
47.629553,"[316.22125244140625, 8.390785217285156, 0.0]","[330.9777526855469, 4.5, 0.0]",8.201545925300165,9.136296272277832,0.6783547888308483,14.814036354131023,0.9489659412894405,0.24564096704125404,0.0,0.24564096704125404,0.0
47.649671,"[316.3849792480469, 8.387362480163574, 0.0]","[331.1634826660156, 4.5, 0.0]",8.21521389593175,9.135637283325195,0.6833985315792823,14.833646386090425,0.9347503469776672,0.24746568873524666,0.0,0.24746568873524666,0.0
47.669818,"[316.5489807128906, 8.38394832611084, 0.0]","[331.3435363769531, 4.5, 0.0]",8.228982573604096,9.13499927520752,0.6884338836172788,14.855645779103394,0.9204233873934449,0.24927377700805664,0.0,0.24927377700805664,0.0
47.690136,"[316.7132568359375, 8.380538940429688, 0.0]","[331.527587890625, 4.5, 0.0]",8.241592149310456,9.134346961975098,0.6304787853180116,14.87168029019128,0.9060167016034235,0.22832753527134658,0.0,0.22832753527134658,0.0
47.709693,"[316.8778076171875, 8.377130508422852, 0.0]","[331.7120361328125, 4.5, 0.0]",8.254972539580727,9.133638381958008,0.6690195135135468,14.891423803660436,0.8927548126646414,0.24226651383195072,0.0,0.24226651383195072,0.0
47.730129,"[317.0426025390625, 8.3737211227417, 0.0]","[331.8955078125, 4.5, 0.0]",8.26895336804699,9.132320404052734,0.6990414233131403,14.911281207568393,0.8786658423772806,0.25310206941243263,0.0,0.25310206941243263,0.0
47.749555,"[317.2076721191406, 8.370308876037598, 0.0]","[332.07745361328125, 4.5, 0.0]",8.283362479069357,9.131013870239258,0.7204555511183486,14.92990857928834,0.8633670360057444,0.26086768784716724,0.0,0.26086768784716724,0.0
47.767972,"[317.3730163574219, 8.366891860961914, 0.0]","[332.2594909667969, 4.5, 0.0]",8.298361627503768,9.129706382751465,0.7499574217205485,14.946730469615206,0.8476513911699008,0.2715838822423667,0.0,0.2715838822423667,0.0
47.790324,"[317.53863525390625, 8.363469123840332, 0.0]","[332.4413146972656, 4.5, 0.0]",8.314158236810734,9.128399848937988,0.7898304653482846,14.963364888761511,0.8313447552476969,0.2859875172661245,0.0,0.2859875172661245,0.0
47.809099,"[317.7045593261719, 8.360039710998535, 0.0]","[332.6247863769531, 4.5, 0.0]",8.332061012555334,9.127012252807617,0.8951387872300209,14.979504827457047,0.8142416121272547,0.32411526544801894,0.0,0.32411526544801894,0.0
47.830079,"[317.8708190917969, 8.356603622436523, 0.0]","[332.80487060546875, 4.5, 0.0]",8.351249854558253,9.124841690063477,0.9594421001459352,14.99698614758408,0.7949512402522831,0.34740278667882085,0.0,0.34740278667882085,0.0
47.849895,"[318.03741455078125, 8.35315990447998, 0.0]","[332.9882507324219, 4.5, 0.0]",8.377177138170696,9.122631072998047,1.296364180622156,15.010743549013544,0.7735918355052238,0.46940953722797335,0.0,0.46940953722797335,0.0
47.869525,"[318.20440673828125, 8.34970760345459, 0.0]","[333.17791748046875, 4.5, 0.0]",8.41100272234618,9.120344161987305,1.6912792087741657,15.027459403636792,0.745453934827351,0.6124064741511643,0.0,0.6124064741511643,0.0
47.88939,"[318.3719177246094, 8.346242904663086, 0.0]","[333.3554382324219, 4.5, 0.0]",8.446526308758111,9.118204116821289,1.7761793205965937,15.050061339330771,0.7093414396411255,0.64314,0.0,0.64314,0.0
47.909169,"[318.54010009765625, 8.342763900756836, 0.0]","[333.53741455078125, 4.5, 0.0]",8.48291601981095,9.11592960357666,1.819485552641975,15.060000463259412,0.671677808063178,0.65882,0.0,0.65882,0.0
47.928876,"[318.708984375, 8.339268684387207, 0.0]","[333.71728515625, 4.5, 0.0]",8.519740647707653,9.112754821777344,1.841231394835141,15.07372265106816,0.6330135837657096,0.66667,0.0,0.66667,0.0
47.948131,"[318.87860107421875, 8.3357572555542, 0.0]","[333.9019775390625, 4.5, 0.0]",8.557862450953357,9.109495162963867,1.9060901622851567,15.08463513305608,0.5930141740696904,0.6902,0.0,0.6902,0.0
47.96905,"[319.0489501953125, 8.332229614257812, 0.0]","[334.0841369628906, 4.5, 0.0]",8.603348077163945,9.106281280517578,2.2742813105294246,15.09963622367351,0.5516327120105107,0.82353,0.0,0.82353,0.0
47.989313,"[319.2200622558594, 8.328685760498047, 0.0]","[334.2648010253906, 4.5, 0.0]",8.658582197472144,9.106426239013672,2.7617060154099704,15.11137135822108,0.5029332033536331,1.0,0.0,1.0,0.0
48.009718,"[319.39208984375, 8.325121879577637, 0.0]","[334.445068359375, 4.5, 0.0]",8.713816177741698,9.096515655517578,2.761699013477692,15.120847871759265,0.44784404154152746,1.0,0.0,1.0,0.0
48.030469,"[319.5652160644531, 8.321534156799316, 0.0]","[334.62786865234375, 4.5, 0.0]",8.769050013584023,9.098928451538086,2.7616917921162276,15.129011996210815,0.38269947777587987,1.0,0.0,1.0,0.0
48.050117,"[319.73944091796875, 8.317923545837402, 0.0]","[334.8088684082031, 4.5, 0.0]",8.824283716684297,9.088047981262207,2.7616851550137156,15.138609177580378,0.32987843795406313,1.0,0.0,1.0,0.0
48.070226,"[319.914794921875, 8.314289093017578, 0.0]","[334.9949035644531, 4.5, 0.0]",8.879517045286851,9.090385437011719,2.7616664301277183,15.145306871577539,0.2637642645779099,1.0,0.0,1.0,0.0
48.090218,"[320.09124755859375, 8.31063175201416, 0.0]","[335.1772766113281, 4.5, 0.0]",8.934750494417475,9.079472541809084,2.7616724565311834,15.15590995096366,0.21086839172486727,1.0,0.0,1.0,0.0
48.109315,"[320.268798828125, 8.30695915222168, 0.0]","[335.35821533203125, 4.5, 0.0]",8.989981579003546,9.081856727600098,2.761554229303531,15.161752371445512,0.14472204739160865,1.0,0.0,1.0,0.0
48.129629,"[320.44744873046875, 8.30328369140625, 0.0]","[335.54034423828125, 4.5, 0.0]",9.045212240705924,9.070064544677734,2.7615330851189057,15.165049967764636,0.09187514859655188,1.0,0.0,1.0,0.0
48.149266,"[320.627197265625, 8.299613952636719, 0.0]","[335.7206726074219, 4.5, 0.0]",9.100441966872724,9.071660041809082,2.761486308340011,15.168400029933453,0.024852303971810485,1.0,0.0,1.0,0.0
48.171201,"[320.8080749511719, 8.295957565307617, 0.0]","[335.9020080566406, 4.5, 0.0]",9.1556716345276,9.059889793395996,2.7614833827438012,15.168791877435988,-0.028781925063642078,1.0,0.0,1.0,0.0
48.189361,"[320.99005126953125, 8.292322158813477, 0.0]","[336.0834655761719, 4.5, 0.0]",9.210898553200437,9.061452865600586,2.7613459336418344,15.16899073716675,-0.09578184113160404,1.0,0.0,1.0,0.0
48.208478,"[321.1731262207031, 8.288715362548828, 0.0]","[336.2626037597656, 4.5, 0.0]",9.2661240043715,9.049704551696777,2.761272558553163,15.168130574769208,-0.14944568759985088,1.0,0.0,1.0,0.0
48.229619,"[321.3572998046875, 8.285146713256836, 0.0]","[336.443115234375, 4.5, 0.0]",9.321345692243202,9.050702095031738,2.7610843935851115,15.16375738132219,-0.21641945267472273,1.0,0.0,1.0,0.0
48.247822,"[321.5426025390625, 8.281625747680664, 0.0]","[336.62445068359375, 4.5, 0.0]",9.37656646162597,9.038338661193848,2.761038469138377,15.159555474287997,-0.270643597211464,1.0,0.0,1.0,0.0
48.269674,"[321.72900390625, 8.278159141540527, 0.0]","[336.8045349121094, 4.5, 0.0]",9.43178820843984,9.039349555969238,2.7610873406935355,15.15493757651513,-0.3382278004321222,1.0,0.0,1.0,0.0
48.290345,"[321.91650390625, 8.274751663208008, 0.0]","[336.987060546875, 4.5, 0.0]",9.487011396337698,9.026947975158691,2.7611593948928537,15.147850815136573,-0.3924386524706023,1.0,0.0,1.0,0.0
48.308831,"[322.1051025390625, 8.271406173706055, 0.0]","[337.1671447753906, 4.5, 0.0]",9.542235488133358,9.027945518493652,2.761204589782995,15.141986237640548,-0.4600634211790062,1.0,0.0,1.0,0.0
48.329504,"[322.2947998046875, 8.268125534057617, 0.0]","[337.3481140136719, 4.5, 0.0]",9.597459073062044,9.015397071838379,2.761179246434331,15.132469366937768,-0.5142899696397052,1.0,0.0,1.0,0.0
48.349449,"[322.4856262207031, 8.264910697937012, 0.0]","[337.53082275390625, 4.5, 0.0]",9.652682883997048,9.016127586364746,2.761190546750214,15.122628651234589,-0.5820620012236652,1.0,0.0,1.0,0.0
48.37015,"[322.67755126953125, 8.261761665344238, 0.0]","[337.7096862792969, 4.5, 0.0]",9.707906946497017,9.003646850585938,2.761203124998435,15.113298862728055,-0.6365552976323023,1.0,0.0,1.0,0.0
48.388669,"[322.8705749511719, 8.258678436279297, 0.0]","[337.89044189453125, 4.5, 0.0]",9.763134748890693,9.004441261291504,2.761390119683771,15.098937659586745,-0.7042600959110796,1.0,0.0,1.0,0.0
48.40928,"[323.064697265625, 8.255661010742188, 0.0]","[338.07000732421875, 4.5, 0.0]",9.818364630300998,8.99195384979248,2.761494070515269,15.08529266240718,-0.7586934875991886,1.0,0.0,1.0,0.0
48.430146,"[323.25994873046875, 8.252706527709961, 0.0]","[338.2508544921875, 4.5, 0.0]",9.873593321635589,8.992960929870605,2.761434566729548,15.06930088381112,-0.8264107805085175,1.0,0.0,1.0,0.0
48.450813,"[323.456298828125, 8.249812126159668, 0.0]","[338.43023681640625, 4.5, 0.0]",9.928825783777878,8.98067855834961,2.7616231071144526,15.053417919256002,-0.8806323917649834,1.0,0.0,1.0,0.0
48.469005,"[323.65374755859375, 8.246973037719727, 0.0]","[338.6060485839844, 4.5, 0.0]",9.984056971782945,8.981842994689941,2.761559400253333,15.034948797283938,-0.9481472254282686,1.0,0.0,1.0,0.0
48.490156,"[323.852294921875, 8.244183540344238, 0.0]","[338.7868347167969, 4.5, 0.0]",10.03929008024695,8.972850799560549,2.76165542320026,15.011806463004348,-1.0022139770930032,1.0,0.0,1.0,0.0
48.51022,"[324.0519714355469, 8.241443634033203, 0.0]","[338.96539306640625, 4.5, 0.0]",10.094525739240918,8.963926315307617,2.7617829496984214,14.992555948610663,-1.0664392806864011,1.0,0.0,1.0,0.0
48.530294,"[324.25274658203125, 8.238746643066406, 0.0]","[339.1456298828125, 4.5, 0.0]",10.14976143539666,8.964927673339844,2.7617848077871265,14.969970684225139,-1.130599423933301,1.0,0.0,1.0,0.0
48.548813,"[324.4546203613281, 8.236083984375, 0.0]","[339.32696533203125, 4.5, 0.0]",10.20499761511419,8.952558517456056,2.761808985876435,14.948004604855212,-1.184833762056817,1.0,0.0,1.0,0.0
48.569881,"[324.6575927734375, 8.233450889587402, 0.0]","[339.5060119628906, 4.5, 0.0]",10.26023431814562,8.953598022460938,2.7618351515715567,14.92609896492624,-1.252439097658133,1.0,0.0,1.0,0.0
48.590621,"[324.8616638183594, 8.230844497680664, 0.0]","[339.6822814941406, 4.5, 0.0]",10.315470570164424,8.941387176513672,2.76181260094015,14.900876576923636,-1.306636295684683,1.0,0.0,1.0,0.0
48.609441,"[325.0668640136719, 8.22826099395752, 0.0]","[339.8612976074219, 4.5, 0.0]",10.370705415606716,8.942424774169922,2.761742272114631,14.871852557695249,-1.3740833936507517,1.0,0.0,1.0,0.0
48.63014,"[325.2731628417969, 8.225699424743652, 0.0]","[340.0439758300781, 4.5, 0.0]",10.425938311131773,8.929972648620605,2.7616447762528473,14.844526635445183,-1.4282806414367943,1.0,0.0,1.0,0.0
48.648858,"[325.4805603027344, 8.223158836364746, 0.0]","[340.2220153808594, 4.5, 0.0]",10.481173080541033,8.931004524230957,2.7617384704630155,14.819842115458933,-1.4959656625111677,1.0,0.0,1.0,0.0
48.671494,"[325.6890563964844, 8.220640182495117, 0.0]","[340.3975830078125, 4.5, 0.0]",10.536406229705516,8.918778419494629,2.7616574582241427,14.789492044041877,-1.5501685563100764,1.0,0.0,1.0,0.0
48.690361,"[325.8986511230469, 8.218143463134766, 0.0]","[340.5792541503906, 4.5, 0.0]",10.591639436744215,8.919693946838379,2.7616603519349248,14.75563645988254,-1.6176278102108874,1.0,0.0,1.0,0.0
48.709969,"[326.109375, 8.215668678283691, 0.0]","[340.75408935546875, 4.5, 0.0]",10.646873154674513,8.907487869262695,2.761685896514887,14.726841217339185,-1.671945489905836,1.0,0.0,1.0,0.0
48.731425,"[326.3211975097656, 8.213216781616211, 0.0]","[340.9350280761719, 4.5, 0.0]",10.702105685042483,8.908369064331055,2.761626518398508,14.690130410520783,-1.7393852854118173,1.0,0.0,1.0,0.0
48.748419,"[326.53411865234375, 8.21078872680664, 0.0]","[341.1101379394531, 4.5, 0.0]",10.757338857554288,8.896100997924805,2.7616586255902575,14.658465486001889,-1.793736620711428,1.0,0.0,1.0,0.0
48.768198,"[326.7481384277344, 8.208385467529297, 0.0]","[341.28826904296875, 4.5, 0.0]",10.81257023245577,8.897071838378906,2.7615687450740722,14.619906554434106,-1.8612378596294832,1.0,0.0,1.0,0.0
48.790469,"[326.9632568359375, 8.20600700378418, 0.0]","[341.47015380859375, 4.5, 0.0]",10.867802207936228,8.884587287902832,2.761598774022911,14.583297884926559,-1.915498394076863,1.0,0.0,1.0,0.0
48.809498,"[327.17950439453125, 8.203649520874023, 0.0]","[341.64697265625, 4.5, 0.0]",10.923035304910016,8.885594367980957,2.761654848689421,14.549366223361814,-1.9832149200333955,1.0,0.0,1.0,0.0
48.829888,"[327.3968505859375, 8.201309204101562, 0.0]","[341.8219909667969, 4.5, 0.0]",10.97826675643065,8.873254776000977,2.761572576031668,14.509265806838025,-2.037440936929059,1.0,0.0,1.0,0.0
48.848752,"[327.61529541015625, 8.198980331420898, 0.0]","[342.0028381347656, 4.5, 0.0]",11.033499579043006,8.874062538146973,2.7616411306178534,14.466295072551263,-2.1050119804296727,1.0,0.0,1.0,0.0
48.870321,"[327.8348388671875, 8.196656227111816, 0.0]","[342.17681884765625, 4.5, 0.0]",11.088731301748375,8.861757278442383,2.7615861352684234,14.428095584149368,-2.1594370408960337,1.0,0.0,1.0,0.0
48.889856,"[328.0555114746094, 8.194326400756836, 0.0]","[342.35748291015625, 4.5, 0.0]",11.143964113983529,8.862570762634277,2.7616406117576986,14.381980779296383,-2.226974023305992,1.0,0.0,1.0,0.0
48.910912,"[328.27728271484375, 8.191978454589844, 0.0]","[342.5343017578125, 4.5, 0.0]",11.199196575424056,8.853499412536621,2.7616230720263424,14.341487842985314,-2.2813933513492515,1.0,0.0,1.0,0.0
48.930623,"[328.5001525878906, 8.189610481262207, 0.0]","[342.70880126953125, 4.5, 0.0]",11.254429355721994,8.847756385803224,2.7616390148969217,14.296140903780941,-2.3456971628874346,1.0,0.0,1.0,0.0
48.950206,"[328.72412109375, 8.187231063842773, 0.0]","[342.88824462890625, 4.5, 0.0]",11.309661710421004,8.841848373413086,2.7616177349504945,14.247468521076815,-2.4066729699187697,1.0,0.0,1.0,0.0
48.968318,"[328.9491882324219, 8.184842109680176, 0.0]","[343.06158447265625, 4.5, 0.0]",11.364894140159018,8.836143493652344,2.7616214869007116,14.202707601787045,-2.467813337007918,1.0,0.0,1.0,0.0
48.988865,"[329.17535400390625, 8.182445526123047, 0.0]","[343.2420349121094, 4.5, 0.0]",11.420126834057104,8.83020305633545,2.7616346949042914,14.150799142894106,-2.5287506465066745,1.0,0.0,1.0,0.0
49.009028,"[329.40264892578125, 8.18004035949707, 0.0]","[343.41827392578125, 4.5, 0.0]",11.475357917602025,8.824393272399902,2.7615541772460617,14.104940943467406,-2.589923777721655,1.0,0.0,1.0,0.0
49.029601,"[329.63104248046875, 8.177626609802246, 0.0]","[343.5955810546875, 4.5, 0.0]",11.530589268893191,8.818461418151855,2.761567564558298,14.053771645446036,-2.650964645202123,1.0,0.0,1.0,0.0
49.049059,"[329.86053466796875, 8.175203323364258, 0.0]","[343.77130126953125, 4.5, 0.0]",11.585822689612778,8.812581062316895,2.7616710359793295,14.002593919834794,-2.7121278507413358,1.0,0.0,1.0,0.0
49.070371,"[330.09112548828125, 8.172769546508789, 0.0]","[343.9479064941406, 4.5, 0.0]",11.641056134008227,8.806671142578125,2.761672219772482,13.948748617026396,-2.7732416272958833,1.0,0.0,1.0,0.0
49.089323,"[330.32281494140625, 8.170326232910156, 0.0]","[344.1243591308594, 4.5, 0.0]",11.696287685059483,8.80076599121094,2.761577552562766,13.894702322183289,-2.8343849914301025,1.0,0.0,1.0,0.0
49.1091,"[330.5556335449219, 8.167872428894043, 0.0]","[344.3004150390625, 4.5, 0.0]",11.751519271711821,8.794868469238281,2.7615793326169147,13.839414670815286,-2.8955216938485435,1.0,0.0,1.0,0.0
49.130352,"[330.78955078125, 8.16540813446045, 0.0]","[344.4766845703125, 4.5, 0.0]",11.806750915548148,8.788877487182617,2.7615821918163697,13.78260818037866,-2.95665080247354,1.0,0.0,1.0,0.0
49.150342,"[331.0245666503906, 8.162933349609375, 0.0]","[344.65130615234375, 4.5, 0.0]",11.861982622207398,8.782941818237305,2.7615853329624684,13.724921798311826,-3.0178734283655313,1.0,0.0,1.0,0.0
49.17109,"[331.26068115234375, 8.16044807434082, 0.0]","[344.8235778808594, 4.5, 0.0]",11.91721439623218,8.777088165283203,2.7615887012391482,13.664491704114594,-3.079040803970093,1.0,0.0,1.0,0.0
49.190427,"[331.4978942871094, 8.157952308654785, 0.0]","[345.0024719238281, 4.5, 0.0]",11.972446238018396,8.771007537841797,2.7615920893107493,13.600616496172595,-3.1401262309489777,1.0,0.0,1.0,0.0
49.209089,"[331.7362365722656, 8.15544605255127, 0.0]","[345.17803955078125, 4.5, 0.0]",12.027678143509387,8.765034675598145,2.7615952745495775,13.542267373803972,-3.201438700176599,1.0,0.0,1.0,0.0
49.228888,"[331.9756774902344, 8.152928352355957, 0.0]","[345.3541259765625, 4.5, 0.0]",12.082910108897982,8.75897216796875,2.7615982694297436,13.47946516776658,-3.262643467911243,1.0,0.0,1.0,0.0
49.249127,"[332.2162170410156, 8.150400161743164, 0.0]","[345.52825927734375, 4.5, 0.0]",12.138142128040892,8.752975463867188,2.7616009571454825,13.416083044415123,-3.3239379409292322,1.0,0.0,1.0,0.0
49.269121,"[332.4578552246094, 8.147860527038574, 0.0]","[345.7041320800781, 4.5, 0.0]",12.19337419183209,8.746919631958008,2.7616031895599136,13.34965062861887,-3.3851666641737044,1.0,0.0,1.0,0.0
49.290739,"[332.7005920410156, 8.145309448242188, 0.0]","[345.8792724609375, 4.5, 0.0]",12.24860628788869,8.740887641906738,2.7616048028299645,13.283861265768332,-3.4464545598740823,1.0,0.0,1.0,0.0
49.308457,"[332.9444580078125, 8.14274787902832, 0.0]","[346.0535583496094, 4.5, 0.0]",12.303838417139636,8.734883308410645,2.761606462547306,13.21623942918229,-3.507718645981951,1.0,0.0,1.0,0.0
49.329209,"[333.1894226074219, 8.140174865722656, 0.0]","[346.22943115234375, 4.5, 0.0]",12.359070565491807,8.732131958007812,2.7616074176085803,13.146634885091355,-3.568955108728991,1.0,0.0,1.0,0.0
49.348755,"[333.43548583984375, 8.137590408325195, 0.0]","[346.4031066894531, 4.5, 0.0]",12.414302727620724,8.719453811645508,2.761608106445834,13.077518476597866,-3.6269386074839947,1.0,0.0,1.0,0.0
49.371673,"[333.6826477050781, 8.134994506835938, 0.0]","[346.5772399902344, 4.5, 0.0]",12.46953490978372,8.72009563446045,2.7616091081497984,13.00510623270579,-3.694848915975216,1.0,0.0,1.0,0.0
49.390242,"[333.930908203125, 8.132387161254883, 0.0]","[346.75164794921875, 4.5, 0.0]",12.524767099616266,8.707392692565918,2.761609491627315,12.932053502260004,-3.7494392753232706,1.0,0.0,1.0,0.0
49.40843,"[334.1802978515625, 8.129768371582031, 0.0]","[346.9217834472656, 4.5, 0.0]",12.57999930024723,8.708171844482422,2.761610031548223,12.858177189162582,-3.817374407050348,1.0,0.0,1.0,0.0
49.429514,"[334.4307861328125, 8.127138137817383, 0.0]","[347.1005554199219, 4.5, 0.0]",12.635231506512095,8.695292472839355,2.7616103132432457,12.778899442881249,-3.8718274557648087,1.0,0.0,1.0,0.0
49.448432,"[334.682373046875, 8.124496459960938, 0.0]","[347.27349853515625, 4.5, 0.0]",12.690463716532841,8.695951461791992,2.7616105010372927,12.707159468331247,-3.93993903367274,1.0,0.0,1.0,0.0
49.46946,"[334.93505859375, 8.121842384338379, 0.0]","[347.44775390625, 4.5, 0.0]",12.745695934064631,8.683229446411133,2.761610876589504,12.628492265336739,-3.994512254740849,1.0,0.0,1.0,0.0
49.489288,"[335.1888427734375, 8.119176864624023, 0.0]","[347.62225341796875, 4.5, 0.0]",12.800928157542502,8.68383502960205,2.7616111738935523,12.550038543420884,-4.062466487653499,1.0,0.0,1.0,0.0
49.50892,"[335.4437561035156, 8.116499900817871, 0.0]","[347.7950744628906, 4.5, 0.0]",12.8561603855581,8.671160697937012,2.761611400779884,12.470730256257147,-4.117093127940452,1.0,0.0,1.0,0.0
49.530435,"[335.69976806640625, 8.113811492919922, 0.0]","[347.9708557128906, 4.5, 0.0]",12.91139261764197,8.671696662902832,2.7616116041935257,12.388614386536066,-4.184999687621088,1.0,0.0,1.0,0.0
49.5496,"[335.9568786621094, 8.111111640930176, 0.0]","[348.1414489746094, 4.5, 0.0]",12.966624853324692,8.659077644348145,2.7616117841360754,12.30835986626308,-4.239695954739139,1.0,0.0,1.0,0.0
49.568352,"[336.215087890625, 8.108400344848633, 0.0]","[348.3109130859375, 4.5, 0.0]",13.021857090885096,8.659834861755371,2.761611878020176,12.22181895135026,-4.307547208976548,1.0,0.0,1.0,0.0
49.590585,"[336.4743957519531, 8.105677604675293, 0.0]","[348.4891357421875, 4.5, 0.0]",13.077089330010251,8.646949768066406,2.76161195625777,12.133050255893838,-4.362022229129725,1.0,0.0,1.0,0.0
49.608629,"[336.7348327636719, 8.10294246673584, 0.0]","[348.65838623046875, 4.5, 0.0]",13.132321570387235,8.647712707519531,2.7616120188492133,12.051940930023,-4.430139561943845,1.0,0.0,1.0,0.0
49.630018,"[336.9963684082031, 8.10019588470459, 0.0]","[348.8348388671875, 4.5, 0.0]",13.187553812016066,8.63486099243164,2.7616120814415446,11.960730712565185,-4.484608862867704,1.0,0.0,1.0,0.0
49.649209,"[337.2590026855469, 8.097437858581543, 0.0]","[349.0069580078125, 4.5, 0.0]",13.242786052706101,8.635498046875,2.761612034501759,11.875623554024472,-4.552692819584426,1.0,0.0,1.0,0.0
49.670541,"[337.5227355957031, 8.0946683883667, 0.0]","[349.1769714355469, 4.5, 0.0]",13.298018291831413,8.622873306274414,2.761611956265586,11.785084445916812,-4.607288005831101,1.0,0.0,1.0,0.0
49.690743,"[337.7875671386719, 8.091887474060059, 0.0]","[349.3525085449219, 4.5, 0.0]",13.353250529391978,8.623391151428223,2.7616118780282584,11.691341048610822,-4.675144985556999,1.0,0.0,1.0,0.0
49.708042,"[338.05352783203125, 8.089094161987305, 0.0]","[349.5247497558594, 4.5, 0.0]",13.40848276491835,8.610686302185059,2.7616117763185954,11.602022335971604,-4.729859377963756,1.0,0.0,1.0,0.0
49.729278,"[338.3205871582031, 8.086289405822754, 0.0]","[349.696044921875, 4.5, 0.0]",13.46371499872347,8.611323356628418,2.7616116902559718,11.508278688301054,-4.797796462733292,1.0,0.0,1.0,0.0
49.748674,"[338.5887451171875, 8.083473205566406, 0.0]","[349.86883544921875, 4.5, 0.0]",13.518947232215634,8.598570823669434,2.761611674608222,11.412490355459669,-4.852391642095052,1.0,0.0,1.0,0.0
49.768697,"[338.8580017089844, 8.080645561218262, 0.0]","[350.04058837890625, 4.5, 0.0]",13.574179465707799,8.59919261932373,2.761611674608222,11.31709860908428,-4.9203764085462005,1.0,0.0,1.0,0.0
49.790283,"[339.12835693359375, 8.07780647277832, 0.0]","[350.21368408203125, 4.5, 0.0]",13.629411698574051,8.586429595947266,2.7616116433126336,11.219570629851672,-4.974986846384068,1.0,0.0,1.0,0.0
49.811665,"[339.3998107910156, 8.074955940246582, 0.0]","[350.3857727050781, 4.5, 0.0]",13.684643930501435,8.587037086486816,2.7616115963692067,11.122286657607763,-5.042982102626786,1.0,0.0,1.0,0.0
49.829874,"[339.6723937988281, 8.07209300994873, 0.0]","[350.5572204589844, 4.5, 0.0]",13.739876162428818,8.577648162841797,2.761611596369118,11.022896968402094,-5.097606844014619,1.0,0.0,1.0,0.0
49.849649,"[339.9460754394531, 8.069218635559082, 0.0]","[350.7286071777344, 4.5, 0.0]",13.795108394356202,8.571596145629883,2.7616115963692067,10.921737227070151,-5.162227999587021,1.0,0.0,1.0,0.0
49.869778,"[340.2208557128906, 8.066332817077637, 0.0]","[350.8999328613281, 4.5, 0.0]",13.85034062597063,8.565545082092285,2.761611580721368,10.819417761535725,-5.223512248726319,1.0,0.0,1.0,0.0
49.88962,"[340.4967346191406, 8.063435554504395, 0.0]","[351.07135009765625, 4.5, 0.0]",13.905572857272102,8.559490203857422,2.7616115650736184,10.715938571798812,-5.284795543878344,1.0,0.0,1.0,0.0
49.907681,"[340.7737121582031, 8.060526847839355, 0.0]","[351.239013671875, 4.5, 0.0]",13.960805089199486,8.553570747375488,2.7616115963692067,10.611452237336719,-5.34608265341468,1.0,0.0,1.0,0.0
49.93041,"[341.05181884765625, 8.05760669708252, 0.0]","[351.412109375, 4.5, 0.0]",14.01603647748882,8.547493934631348,2.7615694144667025,10.502113755321428,-5.407234341823997,1.0,0.0,1.0,0.0
49.948452,"[341.3310241699219, 8.054675102233887, 0.0]","[351.5821228027344, 4.5, 0.0]",14.071269299741592,8.541525840759277,2.7616411126386353,10.397077894391073,-5.468542542857472,1.0,0.0,1.0,0.0
49.969151,"[341.611328125, 8.05174732208252, 0.0]","[351.75274658203125, 4.5, 0.0]",14.126501065821877,8.535536766052246,2.7615883040142286,10.28786077663414,-5.529743458982315,1.0,0.0,1.0,0.0
49.98822,"[341.8927307128906, 8.048843383789062, 0.0]","[351.9242858886719, 4.5, 0.0]",14.181732555122396,8.52951431274414,2.761574465025962,10.17812608552366,-5.590964299769631,1.0,0.0,1.0,0.0
50.008895,"[342.17523193359375, 8.045973777770996, 0.0]","[352.0942077636719, 4.5, 0.0]",14.236962881867242,8.523560523986818,2.761516337242309,10.0681416320635,-5.652218242378256,1.0,0.0,1.0,0.0
50.031514,"[342.4588623046875, 8.043143272399902, 0.0]","[352.2672424316406, 4.5, 0.0]",14.2921946965129,8.517659187316895,2.761590732282837,9.955352326371484,-5.713402357880424,1.0,0.0,1.0,0.0
50.049388,"[342.74359130859375, 8.040351867675781, 0.0]","[352.4353332519531, 4.5, 0.0]",14.347426148024532,8.511926651000977,2.761572575581628,9.844451797084094,-5.774535509196005,1.0,0.0,1.0,0.0
50.070238,"[343.0294189453125, 8.037596702575684, 0.0]","[352.6044006347656, 4.5, 0.0]",14.402659385944348,8.506160736083984,2.76166189599083,9.727419909211333,-5.835499497023555,1.0,0.0,1.0,0.0
50.088431,"[343.31634521484375, 8.03487491607666, 0.0]","[352.7761535644531, 4.5, 0.0]",14.457890889058605,8.500304222106934,2.7615751557128476,9.610198290510338,-5.896498649860364,1.0,0.0,1.0,0.0
50.10822,"[343.6044006347656, 8.032183647155762, 0.0]","[352.9447326660156, 4.5, 0.0]",14.513126459700677,8.494585037231445,2.761778532103598,9.49451002617483,-5.957586666951672,1.0,0.0,1.0,0.0
50.129981,"[343.8935546875, 8.029523849487305, 0.0]","[353.1147766113281, 4.5, 0.0]",14.568360438725556,8.489252090454102,2.7616989512439183,9.374488393611822,-6.018541422469232,1.0,0.0,1.0,0.0
50.14979,"[344.1838073730469, 8.026890754699707, 0.0]","[353.286865234375, 4.5, 0.0]",14.623597209694251,8.483856201171875,2.761838548434792,9.254813804922028,-6.079108348271454,1.0,0.0,1.0,0.0
50.168743,"[344.47515869140625, 8.024280548095703, 0.0]","[353.457275390625, 4.5, 0.0]",14.678833301919008,8.478511810302734,2.761804611237828,9.136085260321979,-6.1397410085223765,1.0,0.0,1.0,0.0
50.19024,"[344.7676086425781, 8.021686553955078, 0.0]","[353.6236877441406, 4.5, 0.0]",14.734068884647527,8.47329330444336,2.761779136425968,9.014596692225863,-6.200321491616274,1.0,0.0,1.0,0.0
50.207917,"[345.0611877441406, 8.019098281860352, 0.0]","[353.7927551269531, 4.5, 0.0]",14.789305469183391,8.46804141998291,2.7618292267932,8.888044819292054,-6.260775580204168,1.0,0.0,1.0,0.0
50.229338,"[345.3558654785156, 8.01650333404541, 0.0]","[353.9626770019531, 4.5, 0.0]",14.844540361977302,8.463518142700195,2.761744639695518,8.763074469169261,-6.321264049200481,1.0,0.0,1.0,0.0
50.249088,"[345.6516418457031, 8.013895034790039, 0.0]","[354.13140869140625, 4.5, 0.0]",14.89977602711461,8.462362289428711,2.7617832568654244,8.63793984879922,-6.3810222192771064,1.0,0.0,1.0,0.0
50.270423,"[345.9485168457031, 8.011281967163086, 0.0]","[354.30242919921875, 4.5, 0.0]",14.955011624924635,8.451142311096191,2.761779890501259,8.510604052140739,-6.437413737685899,1.0,0.0,1.0,0.0
50.290028,"[346.2464904785156, 8.0086669921875, 0.0]","[354.4700012207031, 4.5, 0.0]",15.01024567697374,8.453351020812988,2.7617026024552516,8.38452719663721,-6.503869313828444,1.0,0.0,1.0,0.0
50.31063,"[346.54559326171875, 8.006050109863281, 0.0]","[354.6388244628906, 4.5, 0.0]",15.06548213071115,8.442282676696777,2.761822686870463,8.253953864267391,-6.556894656160752,1.0,0.0,1.0,0.0
50.331612,"[346.8457946777344, 8.003430366516113, 0.0]","[354.8105163574219, 4.5, 0.0]",15.120717162287296,8.445904731750488,2.761751578807292,8.123542035550475,-6.623199454014372,1.0,0.0,1.0,0.0
50.350356,"[347.1470947265625, 8.00080680847168, 0.0]","[354.9803161621094, 4.5, 0.0]",15.175952623028165,8.43622398376465,2.761773037043458,7.994928574132966,-6.674812430536807,1.0,0.0,1.0,0.0
50.370554,"[347.4494934082031, 7.998178005218506, 0.0]","[355.1484069824219, 4.5, 0.0]",15.231188429648016,8.439910888671875,2.761790330992575,7.863346479767654,-6.7397286392635145,1.0,0.0,1.0,0.0
50.389291,"[347.75299072265625, 7.995543003082275, 0.0]","[355.314453125, 4.5, 0.0]",15.286424427015554,8.430296897888184,2.7617998683768796,7.728972872308045,-6.791277540976141,1.0,0.0,1.0,0.0
50.409898,"[348.0576171875, 7.99290132522583, 0.0]","[355.4858093261719, 4.5, 0.0]",15.341658647743296,8.434094429016113,2.7617110363871156,7.591466562485859,-6.85612752912737,1.0,0.0,1.0,0.0
50.429371,"[348.36334228515625, 7.9902520179748535, 0.0]","[355.6526794433594, 4.5, 0.0]",15.396892990301678,8.426604270935059,2.7617171279191055,7.458151477342619,-6.907564218727183,1.0,0.0,1.0,0.0
50.448212,"[348.670166015625, 7.987595081329346, 0.0]","[355.8234558105469, 4.5, 0.0]",15.452127456259841,8.432430267333984,2.7617232979081585,7.319259142689547,-6.97028871936662,1.0,0.0,1.0,0.0
50.468825,"[348.97808837890625, 7.984930515289307, 0.0]","[355.98944091796875, 4.5, 0.0]",15.507362024552565,8.424943923950195,2.7617284146361776,7.183178832162388,-7.019697188925857,1.0,0.0,1.0,0.0
50.490114,"[349.287109375, 7.982257843017578, 0.0]","[356.16156005859375, 4.5, 0.0]",15.562596684743564,8.430764198303223,2.7617330095499604,7.041212443638097,-7.08241810060237,1.0,0.0,1.0,0.0
50.509797,"[349.5972595214844, 7.979576587677002, 0.0]","[356.3294372558594, 4.5, 0.0]",15.617831432100648,8.42344856262207,2.761737367854167,6.904283941588884,-7.1318324864403415,1.0,0.0,1.0,0.0
50.528555,"[349.90850830078125, 7.976886749267578, 0.0]","[356.4971618652344, 4.5, 0.0]",15.673066252650669,8.431499481201172,2.7617410275010634,6.7619876685477935,-7.194382869478577,1.0,0.0,1.0,0.0
50.549508,"[350.2208557128906, 7.974188327789307, 0.0]","[356.6664123535156, 4.5, 0.0]",15.728301127558142,8.426226615905762,2.761743745373657,6.618441062726164,-7.241566771449497,1.0,0.0,1.0,0.0
50.568224,"[350.5343017578125, 7.971480846405029, 0.0]","[356.8351135253906, 4.5, 0.0]",15.783536044443574,8.434285163879395,2.7617458442716014,6.475322071970414,-7.30207451165238,1.0,0.0,1.0,0.0
50.589788,"[350.8488464355469, 7.968764305114746, 0.0]","[357.0052490234375, 4.5, 0.0]",15.838770999173956,8.429019927978516,2.7617477365191156,6.330556483680744,-7.349250880564179,1.0,0.0,1.0,0.0
50.610541,"[351.1645202636719, 7.966038227081299, 0.0]","[357.1696472167969, 4.5, 0.0]",15.894005985306034,8.437164306640625,2.761749306603889,6.186127409920441,-7.409751071195441,1.0,0.0,1.0,0.0
50.629746,"[351.4812927246094, 7.963303089141846, 0.0]","[357.3424377441406, 4.5, 0.0]",15.94924098816741,8.433915138244629,2.7617501430688307,6.0348320562894,-7.456841678665409,1.0,0.0,1.0,0.0
50.649828,"[351.7991638183594, 7.9605584144592285, 0.0]","[357.51055908203125, 4.5, 0.0]",16.00447600286703,8.443909645080566,2.76175073498095,5.890830509636959,-7.515325849922782,1.0,0.0,1.0,0.0
50.67055,"[352.1181335449219, 7.957804203033447, 0.0]","[357.67718505859375, 4.5, 0.0]",16.0597072130474,8.440537452697754,2.7615605090185014,5.741061728780233,-7.560566357786463,1.0,0.0,1.0,0.0
50.690639,"[352.4382019042969, 7.95504093170166, 0.0]","[357.8458557128906, 4.5, 0.0]",16.114938434034553,8.450542449951172,2.7615610493576526,5.588698060850502,-7.619169760349646,1.0,0.0,1.0,0.0
50.709596,"[352.7593688964844, 7.952268123626709, 0.0]","[358.017578125, 4.5, 0.0]",16.170169667114227,8.4473876953125,2.7615616539836907,5.437282595064919,-7.664395984083381,1.0,0.0,1.0,0.0
50.729155,"[353.0816650390625, 7.949485778808594, 0.0]","[358.1843566894531, 4.5, 0.0]",16.225400908426874,8.458745002746582,2.7615620656323614,5.28781964511632,-7.7227819718017265,1.0,0.0,1.0,0.0
50.74905,"[353.4050598144531, 7.9466938972473145, 0.0]","[358.35595703125, 4.5, 0.0]",16.280632156814672,8.456901550292969,2.761562419389918,5.132283841137585,-7.766655905680292,1.0,0.0,1.0,0.0
50.767903,"[353.72955322265625, 7.943892478942871, 0.0]","[358.5217590332031, 4.5, 0.0]",16.335863410991276,8.468230247497559,2.761562708830212,4.980470960580381,-7.823730606521703,1.0,0.0,1.0,0.0
50.788274,"[354.0551452636719, 7.941081523895264, 0.0]","[358.6920471191406, 4.5, 0.0]",16.391094669027183,8.469683647155762,2.7615629017953225,4.8217612820952365,-7.867633163493718,1.0,0.0,1.0,0.0
50.81001,"[354.3818359375, 7.938261032104492, 0.0]","[358.86370849609375, 4.5, 0.0]",16.44632593066523,8.474567413330078,2.761563081902274,4.666438846184372,-7.921411021871421,1.0,0.0,1.0,0.0
50.831287,"[354.70965576171875, 7.935431003570557, 0.0]","[359.0345153808594, 4.5, 0.0]",16.501557194876398,8.480098724365234,2.761563210558471,4.511390975900528,-7.97175851733515,1.0,0.0,1.0,0.0
50.848153,"[355.03857421875, 7.932591438293457, 0.0]","[359.20416259765625, 4.5, 0.0]",16.556788460117033,8.48559284210205,2.7615632620317854,4.354359454634906,-8.021458470511163,1.0,0.0,1.0,0.0
50.870003,"[355.36859130859375, 7.929742336273193, 0.0]","[359.37396240234375, 4.5, 0.0]",16.612019726129887,8.491089820861816,2.7615633006426776,4.195069634421573,-8.071195618014983,1.0,0.0,1.0,0.0
50.889381,"[355.69970703125, 7.926883697509766, 0.0]","[359.5407409667969, 4.5, 0.0]",16.667250990599264,8.496490478515625,2.7615632234688547,4.034833722208885,-8.12092990526807,1.0,0.0,1.0,0.0
50.909566,"[356.03192138671875, 7.924015522003174, 0.0]","[359.7131042480469, 4.5, 0.0]",16.722482252109906,8.50207805633545,2.761563075532081,3.87047800816826,-8.170760512083639,1.0,0.0,1.0,0.0
50.929685,"[356.3652648925781, 7.92113733291626, 0.0]","[359.8845520019531, 4.5, 0.0]",16.777713509889768,8.507696151733398,2.7615628889931187,3.710608128565655,-8.220404195774456,1.0,0.0,1.0,0.0
50.947947,"[356.69970703125, 7.918249607086182, 0.0]","[360.05377197265625, 4.5, 0.0]",16.83294476329547,8.5132417678833,2.761562670285045,3.548693560983008,-8.27001735815637,1.0,0.0,1.0,0.0
50.970571,"[357.0352478027344, 7.9153523445129395, 0.0]","[360.2240295410156, 4.5, 0.0]",16.888176013613478,8.518819808959961,2.761562515900451,3.3834526190295713,-8.319702995412168,1.0,0.0,1.0,0.0
50.989119,"[357.37188720703125, 7.912445545196533, 0.0]","[360.3949890136719, 4.5, 0.0]",16.943407261358388,8.524423599243164,2.7615623872454975,3.2181505618559005,-8.369356204653517,1.0,0.0,1.0,0.0
51.008749,"[357.7096252441406, 7.909529209136963, 0.0]","[360.5647888183594, 4.5, 0.0]",16.99863850755943,8.529998779296875,2.7615623100521347,3.0524517086147425,-8.418983662115224,1.0,0.0,1.0,0.0
51.029073,"[358.0484924316406, 7.9066033363342285, 0.0]","[360.73358154296875, 4.5, 0.0]",17.053869752731224,8.535682678222656,2.761562258589656,2.8844945564258735,-8.468639728262556,1.0,0.0,1.0,0.0
51.050351,"[358.3884582519531, 7.90366792678833, 0.0]","[360.90728759765625, 4.5, 0.0]",17.109100997903017,8.541529655456543,2.761562258589656,2.714401171051931,-8.518187074508567,1.0,0.0,1.0,0.0
51.069597,"[358.7295227050781, 7.900722980499268, 0.0]","[361.07666015625, 4.5, 0.0]",17.16433224230288,8.547232627868652,2.761562219993152,2.5481222584215,-8.567571342446474,1.0,0.0,1.0,0.0
51.089761,"[359.0716857910156, 7.897768497467041, 0.0]","[361.2494201660156, 4.5, 0.0]",17.21956348670274,8.553048133850098,2.7615622199929746,2.376411337014779,-8.617099614434228,1.0,0.0,1.0,0.0
51.114029,"[359.4149475097656, 7.89480447769165, 0.0]","[361.4190368652344, 4.5, 0.0]",17.27479473123126,8.558770179748535,2.761562226426051,2.206989066318599,-8.666515352852642,1.0,0.0,1.0,0.0
51.129343,"[359.75933837890625, 7.891830921173096, 0.0]","[361.5923156738281, 4.5, 0.0]",17.330025975888432,8.564740180969238,2.7615622328585943,2.0333249280318464,-8.716024551482725,1.0,0.0,1.0,0.0
51.148344,"[360.1048278808594, 7.888847827911377, 0.0]","[361.759765625, 4.5, 0.0]",17.38525722106023,8.570511817932129,2.7615622585898336,1.8621935719809102,-8.765285794919194,1.0,0.0,1.0,0.0
51.167943,"[360.451416015625, 7.885855197906494, 0.0]","[361.93109130859375, 4.5, 0.0]",17.440488465717404,8.576415061950684,2.761562232858772,1.6841349015613722,-8.8147454031281,1.0,0.0,1.0,0.0
51.190873,"[360.7991027832031, 7.882853031158447, 0.0]","[362.1037292480469, 4.5, 0.0]",17.495719710374583,8.582365036010742,2.7615622328589495,1.5088531449029263,-8.86407340376672,1.0,0.0,1.0,0.0
51.209196,"[361.14788818359375, 7.879841327667236, 0.0]","[362.2777404785156, 4.5, 0.0]",17.550950954903104,8.591716766357422,2.761562226426051,1.3337849209901815,-8.913354674363841,1.0,0.0,1.0,0.0
51.229259,"[361.497802734375, 7.876820087432861, 0.0]","[362.45050048828125, 4.5, 0.0]",17.606182199560283,8.591252326965332,2.7615622328589495,1.1589912627044567,-8.959234188545683,1.0,0.0,1.0,0.0
51.247943,"[361.84881591796875, 7.873789310455322, 0.0]","[362.6219482421875, 4.5, 0.0]",17.661413444088804,8.60407543182373,2.761562226426051,0.9818172397083832,-9.014929872594951,1.0,0.0,1.0,0.0
51.270162,"[362.200927734375, 7.870748996734619, 0.0]","[362.79754638671875, 4.5, 0.0]",17.716644688745987,8.603713989257812,2.761562232859127,0.8022323355613012,-9.057338012265074,1.0,0.0,1.0,0.0
51.288304,"[362.55413818359375, 7.867699146270752, 0.0]","[362.9661865234375, 4.5, 0.0]",17.771875933403166,8.616436958312988,2.7615622328589495,0.6256989931412458,-9.112930699488174,1.0,0.0,1.0,0.0
51.308643,"[362.908447265625, 7.864639759063721, 0.0]","[363.1347351074219, 4.5, 0.0]",17.827107178574966,8.615848541259766,2.7615622585900113,,,1.0,0.0,1.0,0.0
51.329593,"[363.2638854980469, 7.861570835113525, 0.0]","[363.3115539550781, 4.5, 0.0]",17.882338423875417,8.6293306350708,2.7615622650225546,,,1.0,0.0,1.0,0.0
51.349328,"[363.62042236328125, 7.858492374420166, 0.0]","[363.48455810546875, 4.5, 0.0]",17.937569669304526,8.629329681396484,2.7615622714554533,,,1.0,0.0,1.0,0.0
51.368445,"[363.9780578613281, 7.855404376983643, 0.0]","[363.65655517578125, 4.5, 0.0]",17.992800914990944,8.642626762390137,2.7615622843208953,,,1.0,0.0,1.0,0.0
51.389329,"[364.3367919921875, 7.852306842803955, 0.0]","[363.8299560546875, 4.5, 0.0]",18.048032160548708,8.642640113830566,2.7615622778881743,,,1.0,0.0,1.0,0.0
51.409126,"[364.6966247558594, 7.8491997718811035, 0.0]","[364.001953125, 4.5, 0.0]",18.103263405977813,8.65599250793457,2.7615622714552757,,,1.0,0.0,1.0,0.0
51.429217,"[365.0575866699219, 7.846083164215088, 0.0]","[364.17633056640625, 4.5, 0.0]",18.158494651664235,8.656742095947266,2.761562284321073,,,1.0,0.0,1.0,0.0
51.451171,"[365.4196472167969, 7.842957019805908, 0.0]","[364.3511047363281, 4.5, 0.0]",18.21372589709334,8.670842170715332,2.7615622714552757,,,1.0,0.0,1.0,0.0
51.469634,"[365.7828063964844, 7.8398213386535645, 0.0]","[364.5197448730469, 4.5, 0.0]",18.26895714252245,8.671347618103027,2.7615622714554533,,,1.0,0.0,1.0,0.0
51.489046,"[366.1470642089844, 7.836676120758057, 0.0]","[364.6933898925781, 4.5, 0.0]",18.32419014173353,8.685401916503906,2.7616499605541023,,,1.0,0.0,1.0,0.0
51.507834,"[366.5124206542969, 7.833521366119385, 0.0]","[364.8660583496094, 4.5, 0.0]",18.379419247587997,8.68613052368164,2.7614552927232694,,,1.0,0.0,1.0,0.0
51.531304,"[366.8788757324219, 7.830361843109131, 0.0]","[365.0452575683594, 4.5, 0.0]",18.43464910852838,8.701342582702637,2.761493047019137,,,1.0,0.0,1.0,0.0
51.549143,"[367.2464599609375, 7.827215671539307, 0.0]","[365.2179260253906, 4.5, 0.0]",18.489877853532757,8.702905654907227,2.76143725021889,,,1.0,0.0,1.0,0.0
51.567985,"[367.6151428222656, 7.824099063873291, 0.0]","[365.39202880859375, 4.5, 0.0]",18.545105191353706,8.717875480651855,2.761366891047423,,,1.0,0.0,1.0,0.0
51.588205,"[367.98492431640625, 7.821024417877197, 0.0]","[365.5675354003906, 4.5, 0.0]",18.600328049098934,8.719574928283691,2.761142887261414,,,1.0,0.0,1.0,0.0
51.609297,"[368.3558044433594, 7.818005561828613, 0.0]","[365.7410583496094, 4.5, 0.0]",18.65555468364258,8.734597206115723,2.761331727182359,,,1.0,0.0,1.0,0.0
51.629896,"[368.7278137207031, 7.815054893493652, 0.0]","[365.9169921875, 4.5, 0.0]",18.710777774948877,8.737329483032227,2.761154565314783,,,1.0,0.0,1.0,0.0
51.647609,"[369.1009216308594, 7.8121843338012695, 0.0]","[366.0881652832031, 4.5, 0.0]",18.7660022842628,8.753143310546875,2.761225465696171,,,1.0,0.0,1.0,0.0
51.673264,"[369.4751281738281, 7.809406757354736, 0.0]","[366.26763916015625, 4.5, 0.0]",18.821225307530227,8.75606632232666,2.761151163371345,,,1.0,0.0,1.0,0.0
51.689342,"[369.8504333496094, 7.806732177734375, 0.0]","[366.4389343261719, 4.5, 0.0]",18.876452678816214,8.771886825561523,2.76136856429936,,,1.0,0.0,1.0,0.0
51.708855,"[370.2268371582031, 7.80417013168335, 0.0]","[366.6167907714844, 4.5, 0.0]",18.931677566018678,8.778136253356934,2.7612443601231718,,,1.0,0.0,1.0,0.0
51.732528,"[370.6043701171875, 7.801724910736084, 0.0]","[366.79339599609375, 4.5, 0.0]",18.986904599185767,8.785236358642578,2.7613516583544495,,,1.0,0.0,1.0,0.0
51.748068,"[370.9830017089844, 7.799398422241211, 0.0]","[366.968994140625, 4.5, 0.0]",19.04213467671243,8.802279472351074,2.7615038763331157,,,1.0,0.0,1.0,0.0
51.767737,"[371.36273193359375, 7.7971906661987305, 0.0]","[367.1448974609375, 4.5, 0.0]",19.097364801390576,8.806005477905273,2.7615062339073404,,,1.0,0.0,1.0,0.0
51.789369,"[371.7435607910156, 7.795098304748535, 0.0]","[367.3208923339844, 4.5, 0.0]",19.152595222343013,8.823070526123047,2.761521047621862,,,1.0,0.0,1.0,0.0
51.807138,"[372.12548828125, 7.7931132316589355, 0.0]","[367.49713134765625, 4.5, 0.0]",19.207826787497247,8.82688045501709,2.761578257711683,,,1.0,0.0,1.0,0.0
51.82951,"[372.508544921875, 7.791226387023926, 0.0]","[367.6753845214844, 4.5, 0.0]",19.263066701528135,8.844918251037598,2.7619957015444285,,,1.0,0.0,1.0,0.0
51.849823,"[372.8927001953125, 7.789422035217285, 0.0]","[367.8492431640625, 4.5, 0.0]",19.31830372808387,8.849336624145508,2.7618513277866796,,,1.0,0.0,1.0,0.0
51.867406,"[373.2779541015625, 7.787684440612793, 0.0]","[368.0262451171875, 4.5, 0.0]",19.37354119000306,8.867294311523438,2.761873095959544,,,1.0,0.0,1.0,0.0
51.888618,"[373.664306640625, 7.785995006561279, 0.0]","[368.2073059082031, 4.5, 0.0]",19.42878049727129,8.872172355651855,2.7619653634115338,,,1.0,0.0,1.0,0.0
51.909996,"[374.0517883300781, 7.784335613250732, 0.0]","[368.3866271972656, 4.5, 0.0]",19.484014402691926,8.890340805053711,2.7616952710317832,,,1.0,0.0,1.0,0.0
51.927986,"[374.44036865234375, 7.782698154449463, 0.0]","[368.563232421875, 4.5, 0.0]",19.53925234812929,8.895590782165527,2.761897271868108,,,1.0,0.0,1.0,0.0
51.94982,"[374.8300476074219, 7.781090259552002, 0.0]","[368.7401123046875, 4.5, 0.0]",19.594491196247493,8.914191246032715,2.7619424059102116,,,1.0,0.0,1.0,0.0
51.970092,"[375.2208251953125, 7.77951192855835, 0.0]","[368.91864013671875, 4.5, 0.0]",19.649727298890962,8.919569969177246,2.7618051321734782,,,1.0,0.0,1.0,0.0
51.987679,"[375.6127014160156, 7.77795934677124, 0.0]","[369.09783935546875, 4.5, 0.0]",19.704964432106596,8.93832778930664,2.761856660781703,,,1.0,0.0,1.0,0.0
52.008207,"[376.0057067871094, 7.776427745819092, 0.0]","[369.275390625, 4.5, 0.0]",19.76020246944065,8.943682670593262,2.761901866702665,,,1.0,0.0,1.0,0.0
52.029966,"[376.3998107910156, 7.774912357330322, 0.0]","[369.4562072753906, 4.5, 0.0]",19.81543744766024,8.963079452514648,2.7617489109795557,,,1.0,0.0,1.0,0.0
52.048797,"[376.7950134277344, 7.77340841293335, 0.0]","[369.63507080078125, 4.5, 0.0]",19.87067303884292,8.969001770019531,2.76177955913397,,,1.0,0.0,1.0,0.0
52.067542,"[377.1913146972656, 7.771912097930908, 0.0]","[369.8111572265625, 4.5, 0.0]",19.925909111743866,8.988066673278809,2.7618036450473227,,,1.0,0.0,1.0,0.0
52.090055,"[377.5887145996094, 7.770420074462891, 0.0]","[369.9949951171875, 4.5, 0.0]",19.98114555168715,8.994339942932129,2.7618219971641267,,,1.0,0.0,1.0,0.0
52.107025,"[377.98724365234375, 7.768929958343506, 0.0]","[370.1744079589844, 4.5, 0.0]",20.03638225519957,9.013680458068848,2.76183517562103,,,1.0,0.0,1.0,0.0
52.128599,"[378.3868713378906, 7.767439842224121, 0.0]","[370.35589599609375, 4.5, 0.0]",20.09161912542146,9.023614883422852,2.761843511094497,,,1.0,0.0,1.0,0.0
52.147982,"[378.78759765625, 7.765948295593262, 0.0]","[370.5359191894531, 4.5, 0.0]",20.146856086134367,9.036774635314943,2.7618480356453645,,,1.0,0.0,1.0,0.0
52.167616,"[379.1894226074219, 7.764454364776611, 0.0]","[370.7167663574219, 4.5, 0.0]",20.20209310994173,9.049996376037598,2.76185119036807,,,1.0,0.0,1.0,0.0
52.188128,"[379.59234619140625, 7.762957572937012, 0.0]","[370.8950500488281, 4.5, 0.0]",20.257330179002075,9.063032150268556,2.7618534530173378,,,1.0,0.0,1.0,0.0
52.209674,"[379.99639892578125, 7.761457443237305, 0.0]","[371.07891845703125, 4.5, 0.0]",20.312567283357932,9.076520919799805,2.7618552177928635,,,1.0,0.0,1.0,0.0
52.229573,"[380.40155029296875, 7.75995397567749, 0.0]","[371.26165771484375, 4.5, 0.0]",20.367804409793425,9.090436935424805,2.7618563217746583,,,1.0,0.0,1.0,0.0
52.248407,"[380.80780029296875, 7.758447170257568, 0.0]","[371.4405212402344, 4.5, 0.0]",20.42304155652375,9.1040620803833,2.7618573365161936,,,1.0,0.0,1.0,0.0
52.267943,"[381.21514892578125, 7.756936550140381, 0.0]","[371.62237548828125, 4.5, 0.0]",20.478278719532632,9.117912292480469,2.761858150444141,,,1.0,0.0,1.0,0.0
52.288183,"[381.62359619140625, 7.755422115325928, 0.0]","[371.8052062988281, 4.5, 0.0]",20.533515893869993,9.131836891174316,2.7618587168680264,,,1.0,0.0,1.0,0.0
52.308005,"[382.0331726074219, 7.753903388977051, 0.0]","[371.9864501953125, 4.5, 0.0]",20.58875307989227,9.145681381225586,2.7618593011139225,,,1.0,0.0,1.0,0.0
52.329337,"[382.44384765625, 7.752380847930908, 0.0]","[372.1707458496094, 4.5, 0.0]",20.643990274532346,9.16038703918457,2.7618597320037352,,,1.0,0.0,1.0,0.0
52.350642,"[382.8556213378906, 7.7508544921875, 0.0]","[372.3544921875, 4.5, 0.0]",20.699227473205013,9.175048828125002,2.7618599336333816,,,1.0,0.0,1.0,0.0
52.366743,"[383.26849365234375, 7.749323844909668, 0.0]","[372.5375671386719, 4.5, 0.0]",20.754464673093032,9.189657211303711,2.7618599944009503,,,1.0,0.0,1.0,0.0
52.388836,"[383.6824645996094, 7.747788906097412, 0.0]","[372.7255554199219, 4.5, 0.0]",20.8097018750251,9.204658508300781,2.7618600966034634,,,1.0,0.0,1.0,0.0
52.408257,"[384.0975646972656, 7.746250152587891, 0.0]","[372.9083251953125, 4.5, 0.0]",20.86493907977477,9.21929931640625,2.761860237483482,,,1.0,0.0,1.0,0.0
52.429164,"[384.5137634277344, 7.744707107543945, 0.0]","[373.0945739746094, 4.5, 0.0]",20.92017628480094,9.234906196594238,2.761860251308512,,,1.0,0.0,1.0,0.0
52.449729,"[384.9310607910156, 7.743159770965576, 0.0]","[373.2793884277344, 4.5, 0.0]",20.975413489551148,9.25039291381836,2.761860237510305,,,1.0,0.0,1.0,0.0
52.470007,"[385.3494567871094, 7.741608619689941, 0.0]","[373.4642639160156, 4.5, 0.0]",21.030650694135865,9.265886306762695,2.7618602292358574,,,1.0,0.0,1.0,0.0
52.489908,"[385.7689514160156, 7.740053176879883, 0.0]","[373.6493225097656, 4.5, 0.0]",21.085887898997093,9.281391143798828,2.7618602430614203,,,1.0,0.0,1.0,0.0
52.507083,"[386.1895751953125, 7.7384934425354, 0.0]","[373.83135986328125, 4.5, 0.0]",21.141125104024344,9.29669189453125,2.7618602513625135,,,1.0,0.0,1.0,0.0
52.530142,"[386.6112976074219, 7.736929893493652, 0.0]","[374.022705078125, 4.5, 0.0]",21.196362309162375,9.313467979431152,2.7618602569015493,,,1.0,0.0,1.0,0.0
52.548771,"[387.03411865234375, 7.7353620529174805, 0.0]","[374.2074890136719, 4.5, 0.0]",21.251599515046646,9.333003044128418,2.7618602942135695,,,1.0,0.0,1.0,0.0
52.567414,"[387.4580383300781, 7.733789920806885, 0.0]","[374.3948974609375, 4.5, 0.0]",21.306836721456204,9.342767715454103,2.7618603204778935,,,1.0,0.0,1.0,0.0
52.588889,"[387.883056640625, 7.732213973999023, 0.0]","[374.5824279785156, 4.5, 0.0]",21.362073928473983,9.365878105163574,2.761860350888945,,,1.0,0.0,1.0,0.0
52.609389,"[388.3092041015625, 7.730633735656738, 0.0]","[374.7687683105469, 4.5, 0.0]",21.41731113488426,9.375591278076172,2.7618603205139536,,,1.0,0.0,1.0,0.0
52.628731,"[388.7364501953125, 7.729049205780029, 0.0]","[374.958251953125, 4.5, 0.0]",21.472548339858015,9.399399757385254,2.7618602486876753,,,1.0,0.0,1.0,0.0
52.648846,"[389.164794921875, 7.727460861206055, 0.0]","[375.1463623046875, 4.5, 0.0]",21.527785542952987,9.409749031066895,2.7618601547485966,,,1.0,0.0,1.0,0.0
52.669227,"[389.59423828125, 7.725868225097656, 0.0]","[375.3354187011719, 4.5, 0.0]",21.583022744169043,9.43352222442627,2.7618600608027677,,,1.0,0.0,1.0,0.0
52.689422,"[390.0247802734375, 7.724271297454834, 0.0]","[375.5233459472656, 4.5, 0.0]",21.63825994372716,9.443854331970215,2.7618599779058783,,,1.0,0.0,1.0,0.0
52.709433,"[390.4564514160156, 7.722670555114746, 0.0]","[375.7085266113281, 4.5, 0.0]",21.69349714146148,9.467290878295898,2.761859886716067,,,1.0,0.0,1.0,0.0
52.728821,"[390.88922119140625, 7.721065521240234, 0.0]","[375.9027099609375, 4.5, 0.0]",21.748734338007555,9.478445053100586,2.761859827303681,,,1.0,0.0,1.0,0.0
52.748156,"[391.3230895996094, 7.719456195831299, 0.0]","[376.0880126953125, 4.5, 0.0]",21.80397153375225,9.502117156982422,2.761859787234755,,,1.0,0.0,1.0,0.0
52.768943,"[391.758056640625, 7.717843055725098, 0.0]","[376.28173828125, 4.5, 0.0]",21.859208729275878,9.513228416442871,2.7618597761813746,,,1.0,0.0,1.0,0.0
52.78799,"[392.1941223144531, 7.716225624084473, 0.0]","[376.4731140136719, 4.5, 0.0]",21.914445924633707,9.537460327148438,2.7618597678914725,,,1.0,0.0,1.0,0.0
52.80747,"[392.6313171386719, 7.714604377746582, 0.0]","[376.6621398925781, 4.5, 0.0]",21.969683120102072,9.548102378845215,2.7618597734182515,,,1.0,0.0,1.0,0.0
52.829731,"[393.0696105957031, 7.712978839874268, 0.0]","[376.85504150390625, 4.5, 0.0]",22.02492031562571,9.572033882141113,2.7618597761819075,,,1.0,0.0,1.0,0.0
52.848852,"[393.5090026855469, 7.711349010467529, 0.0]","[377.0470275878906, 4.5, 0.0]",22.080157511370412,9.582547187805176,2.7618597872351103,,,1.0,0.0,1.0,0.0
52.867704,"[393.9494934082031, 7.709715366363525, 0.0]","[377.2353210449219, 4.5, 0.0]",22.13539470722565,9.606067657470703,2.7618597927618893,,,1.0,0.0,1.0,0.0
52.890773,"[394.3910827636719, 7.708077430725098, 0.0]","[377.42987060546875, 4.5, 0.0]",22.19063190324669,9.61680793762207,2.761859801051969,,,1.0,0.0,1.0,0.0
52.908358,"[394.83380126953125, 7.706435680389404, 0.0]","[377.62225341796875, 4.5, 0.0]",22.245869099295362,9.640603065490723,2.7618598024336194,,,1.0,0.0,1.0,0.0
52.930847,"[395.2776184082031, 7.704789638519287, 0.0]","[377.8170166015625, 4.5, 0.0]",22.301106295095334,9.650218963623047,2.7618597899985886,,,1.0,0.0,1.0,0.0
52.949556,"[395.7225341796875, 7.703139305114746, 0.0]","[378.0095520019531, 4.5, 0.0]",22.356343491116373,9.67298698425293,2.761859801051969,,,1.0,0.0,1.0,0.0
52.966479,"[396.1685485839844, 7.7014851570129395, 0.0]","[378.19927978515625, 4.5, 0.0]",22.411580687137413,9.68218517303467,2.761859801051969,,,1.0,0.0,1.0,0.0
52.989881,"[396.61566162109375, 7.699826717376709, 0.0]","[378.3974914550781, 4.5, 0.0]",22.466817883158452,9.705426216125488,2.761859801051969,,,1.0,0.0,1.0,0.0
53.007485,"[397.06390380859375, 7.698164463043213, 0.0]","[378.5901184082031, 4.5, 0.0]",22.52205507906896,9.714763641357422,2.7618597955253676,,,1.0,0.0,1.0,0.0
53.029014,"[397.51324462890625, 7.696497917175293, 0.0]","[378.7861328125, 4.5, 0.0]",22.577292275117635,9.736531257629395,2.761859802433797,,,1.0,0.0,1.0,0.0
53.04905,"[397.96368408203125, 7.694827079772949, 0.0]","[378.9810791015625, 4.5, 0.0]",22.632529471249207,9.748212814331055,2.7618598065785704,,,1.0,0.0,1.0,0.0
53.068721,"[398.41522216796875, 7.69315242767334, 0.0]","[379.1727294921875, 4.5, 0.0]",22.68776666749131,9.762975692749023,2.761859812105172,,,1.0,0.0,1.0,0.0
53.087391,"[398.86785888671875, 7.691473484039307, 0.0]","[379.3680725097656, 4.5, 0.0]",22.74300386376105,9.778022766113281,2.761859813487,,,1.0,0.0,1.0,0.0
53.10736,"[399.3216247558594, 7.689790725708008, 0.0]","[379.5623779296875, 4.5, 0.0]",22.798241060058423,9.792920112609863,2.76185981486865,,,1.0,0.0,1.0,0.0
53.127985,"[399.7764892578125, 7.688103675842285, 0.0]","[379.7637939453125, 4.5, 0.0]",22.85347825641106,9.807256698608398,2.7618598176317732,,,1.0,0.0,1.0,0.0
53.148453,"[400.2324523925781, 7.686412811279297, 0.0]","[379.9560546875, 4.5, 0.0]",22.908715452763694,9.820942878723145,2.7618598176317732,,,1.0,0.0,1.0,0.0
53.166552,"[400.68951416015625, 7.684717655181885, 0.0]","[380.15234375, 4.5, 0.0]",22.963952649116333,9.834915161132812,2.761859817631951,,,1.0,0.0,1.0,0.0
53.189624,"[401.1476745605469, 7.683018207550049, 0.0]","[380.35382080078125, 4.5, 0.0]",23.01918984546897,9.849258422851562,2.7618598176317732,,,1.0,0.0,1.0,0.0
53.208395,"[401.6069641113281, 7.681314945220947, 0.0]","[380.54705810546875, 4.5, 0.0]",23.074427041821608,9.862959861755371,2.761859817631951,,,1.0,0.0,1.0,0.0
53.228493,"[402.0673522949219, 7.679607391357422, 0.0]","[380.7442626953125, 4.5, 0.0]",23.12966423806371,9.876228332519531,2.761859812105172,,,1.0,0.0,1.0,0.0
53.24882,"[402.5288391113281, 7.677896022796631, 0.0]","[380.94183349609375, 4.5, 0.0]",23.18490143441635,9.889520645141602,2.761859817631951,,,1.0,0.0,1.0,0.0
53.268893,"[402.9914245605469, 7.676180362701416, 0.0]","[381.1398620605469, 4.5, 0.0]",23.240138630603187,9.902844429016115,2.761859809341871,,,1.0,0.0,1.0,0.0
53.289608,"[403.4551086425781, 7.674460411071777, 0.0]","[381.3385009765625, 4.5, 0.0]",23.295375826845294,9.916210174560549,2.7618598121053495,,,1.0,0.0,1.0,0.0
53.309241,"[403.919921875, 7.672736644744873, 0.0]","[381.5354919433594, 4.5, 0.0]",23.35061302319793,9.929450035095215,2.7618598176317732,,,1.0,0.0,1.0,0.0
53.329976,"[404.3858337402344, 7.671008586883545, 0.0]","[381.73577880859375, 4.5, 0.0]",23.40585021955057,9.94270133972168,2.761859817631951,,,1.0,0.0,1.0,0.0
53.352645,"[404.85284423828125, 7.669276714324951, 0.0]","[381.93475341796875, 4.5, 0.0]",23.461087415792672,9.955863952636719,2.761859812105172,,,1.0,0.0,1.0,0.0
53.36687,"[405.3209533691406, 7.667540550231934, 0.0]","[382.1334533691406, 4.5, 0.0]",23.516324612090045,9.969011306762695,2.76185981486865,,,1.0,0.0,1.0,0.0
53.388873,"[405.7901611328125, 7.665800094604492, 0.0]","[382.33758544921875, 4.5, 0.0]",23.57156180827688,9.98251724243164,2.7618598093416935,,,1.0,0.0,1.0,0.0
53.408092,"[406.260498046875, 7.664055824279785, 0.0]","[382.5356750488281, 4.5, 0.0]",23.626799004684784,9.995655059814453,2.7618598203952516,,,1.0,0.0,1.0,0.0
53.428792,"[406.73193359375, 7.662307262420654, 0.0]","[382.7372131347656, 4.5, 0.0]",23.682036201037423,10.0093994140625,2.761859817631951,,,1.0,0.0,1.0,0.0
53.447891,"[407.2044677734375, 7.660554885864258, 0.0]","[382.9336242675781, 4.5, 0.0]",23.73727339739006,10.022793769836426,2.7618598176317732,,,1.0,0.0,1.0,0.0
53.467396,"[407.6781005859375, 7.6587982177734375, 0.0]","[383.135009765625, 4.5, 0.0]",23.792510593742694,10.039860725402832,2.7618598176317732,,,1.0,0.0,1.0,0.0
53.48931,"[408.15283203125, 7.657037258148193, 0.0]","[383.3358154296875, 4.5, 0.0]",23.8477477899848,10.046887397766113,2.7618598121053495,,,1.0,0.0,1.0,0.0
53.50697,"[408.6286926269531, 7.655272483825684, 0.0]","[383.539306640625, 4.5, 0.0]",23.902984986226905,10.067513465881348,2.761859812105172,,,1.0,0.0,1.0,0.0
53.52778,"[409.10565185546875, 7.65350341796875, 0.0]","[383.7423095703125, 4.5, 0.0]",23.958222182579544,10.075687408447266,2.761859817631951,,,1.0,0.0,1.0,0.0
53.548091,"[409.5837097167969, 7.651730537414551, 0.0]","[383.9434814453125, 4.5, 0.0]",24.013459378987445,10.097063064575195,2.761859820395074,,,1.0,0.0,1.0,0.0
53.567966,"[410.0628662109375, 7.649953365325928, 0.0]","[384.1454162597656, 4.5, 0.0]",24.068696575450616,10.105158805847168,2.7618598231585523,,,1.0,0.0,1.0,0.0
53.591029,"[410.5431213378906, 7.648171901702881, 0.0]","[384.3487243652344, 4.5, 0.0]",24.123933771582188,10.126690864562988,2.7618598065785704,,,1.0,0.0,1.0,0.0
53.607553,"[411.0245056152344, 7.646386623382568, 0.0]","[384.5460205078125, 4.5, 0.0]",24.179170967547964,10.134533882141115,2.761859798288846,,,1.0,0.0,1.0,0.0
53.628588,"[411.5069885253906, 7.644597053527832, 0.0]","[384.75006103515625, 4.5, 0.0]",24.234408163790068,10.157508850097656,2.761859812105172,,,1.0,0.0,1.0,0.0
53.649322,"[411.9905700683594, 7.64280366897583, 0.0]","[384.95751953125, 4.5, 0.0]",24.289645360142707,10.167420387268066,2.761859817631951,,,1.0,0.0,1.0,0.0
53.667925,"[412.4752502441406, 7.641005992889404, 0.0]","[385.1614685058594, 4.5, 0.0]",24.344882556495342,10.190386772155762,2.7618598176317732,,,1.0,0.0,1.0,0.0
53.689332,"[412.9610290527344, 7.639204502105713, 0.0]","[385.36529541015625, 4.5, 0.0]",24.400119752626917,10.200006484985352,2.761859806578748,,,1.0,0.0,1.0,0.0
53.708359,"[413.44793701171875, 7.637398719787598, 0.0]","[385.5639953613281, 4.5, 0.0]",24.455356948924287,10.222640991210938,2.7618598148684725,,,1.0,0.0,1.0,0.0
53.728415,"[413.9359436035156, 7.635588645935059, 0.0]","[385.7705078125, 4.5, 0.0]",24.510594145332192,10.233933448791504,2.7618598203952516,,,1.0,0.0,1.0,0.0
53.750452,"[414.425048828125, 7.633774757385254, 0.0]","[385.9785461425781, 4.5, 0.0]",24.565831341767726,10.258694648742676,2.7618598217767243,,,1.0,0.0,1.0,0.0
53.767664,"[414.9152526855469, 7.631956577301025, 0.0]","[386.1838684082031, 4.5, 0.0]",24.621068538065096,10.26988410949707,2.7618598148684725,,,1.0,0.0,1.0,0.0
53.788823,"[415.40655517578125, 7.630134582519531, 0.0]","[386.3858337402344, 4.5, 0.0]",24.67630573436247,10.294116973876953,2.76185981486865,,,1.0,0.0,1.0,0.0
53.808842,"[415.89898681640625, 7.628308296203613, 0.0]","[386.5911560058594, 4.5, 0.0]",24.731542930742737,10.305375099182129,2.7618598190134236,,,1.0,0.0,1.0,0.0
53.830483,"[416.39251708984375, 7.6264777183532715, 0.0]","[386.80267333984375, 4.5, 0.0]",24.78678012704011,10.331570625305176,2.76185981486865,,,1.0,0.0,1.0,0.0
53.847988,"[416.88714599609375, 7.624643325805664, 0.0]","[387.0059814453125, 4.5, 0.0]",24.842017323392746,10.343673706054688,2.7618598176317732,,,1.0,0.0,1.0,0.0
53.866751,"[417.38287353515625, 7.622804641723633, 0.0]","[387.21282958984375, 4.5, 0.0]",24.897254519690115,10.369439125061035,2.7618598148684725,,,1.0,0.0,1.0,0.0
53.889526,"[417.87969970703125, 7.620962142944336, 0.0]","[387.424560546875, 4.5, 0.0]",24.952491716042754,10.382319450378418,2.761859817631951,,,1.0,0.0,1.0,0.0
53.909226,"[418.3776550292969, 7.619115352630615, 0.0]","[387.631103515625, 4.5, 0.0]",25.007728912450656,10.408089637756348,2.761859820395074,,,1.0,0.0,1.0,0.0
53.931263,"[418.876708984375, 7.617264270782471, 0.0]","[387.8411560058594, 4.5, 0.0]",25.06296610885856,10.42121982574463,2.7618598203952516,,,1.0,0.0,1.0,0.0
53.947547,"[419.3768615722656, 7.6154093742370605, 0.0]","[388.0491943359375, 4.5, 0.0]",25.11820330515593,10.447495460510254,2.7618598148684725,,,1.0,0.0,1.0,0.0
53.969581,"[419.87811279296875, 7.613550186157227, 0.0]","[388.2579650878906, 4.5, 0.0]",25.1734405016191,10.460502624511719,2.7618598231585523,,,1.0,0.0,1.0,0.0
53.989896,"[420.3804626464844, 7.611687183380127, 0.0]","[388.46722412109375, 4.5, 0.0]",25.22867769808227,10.486895561218262,2.7618598231583746,,,1.0,0.0,1.0,0.0
54.008345,"[420.8839416503906, 7.6098198890686035, 0.0]","[388.67626953125, 4.5, 0.0]",25.283914894434908,10.503222465515137,2.761859817631951,,,1.0,0.0,1.0,0.0
54.029725,"[421.3885192871094, 7.607948303222656, 0.0]","[388.8843078613281, 4.5, 0.0]",25.339152090732277,10.522320747375488,2.7618598148684725,,,1.0,0.0,1.0,0.0
54.049373,"[421.8941955566406, 7.606072902679443, 0.0]","[389.09893798828125, 4.5, 0.0]",25.39438928702965,10.542022705078125,2.76185981486865,,,1.0,0.0,1.0,0.0
54.067891,"[422.4009704589844, 7.604193210601807, 0.0]","[389.3107604980469, 4.5, 0.0]",25.449626483216488,10.5614652633667,2.761859809341871,,,1.0,0.0,1.0,0.0
54.089242,"[422.9088439941406, 7.602309703826904, 0.0]","[389.5220642089844, 4.5, 0.0]",25.504863679513857,10.580863952636719,2.7618598148684725,,,1.0,0.0,1.0,0.0
54.109304,"[423.4178466796875, 7.600421905517578, 0.0]","[389.7318115234375, 4.5, 0.0]",25.560100875700698,10.600163459777832,2.7618598093420488,,,1.0,0.0,1.0,0.0
54.130523,"[423.9279479980469, 7.598529815673828, 0.0]","[389.9462890625, 4.5, 0.0]",25.615338072053333,10.620409965515137,2.7618598176317732,,,1.0,0.0,1.0,0.0
54.148405,"[424.43914794921875, 7.5966339111328125, 0.0]","[390.15863037109375, 4.5, 0.0]",25.67057526846124,10.640458106994629,2.7618598203952516,,,1.0,0.0,1.0,0.0
54.169308,"[424.9514465332031, 7.594733715057373, 0.0]","[390.3713073730469, 4.5, 0.0]",25.725812464758608,10.660534858703613,2.7618598148684725,,,1.0,0.0,1.0,0.0
54.190173,"[425.46484375, 7.592829704284668, 0.0]","[390.5844421386719, 4.5, 0.0]",25.78104966116651,10.680657386779785,2.761859820395074,,,1.0,0.0,1.0,0.0
54.20929,"[425.9793701171875, 7.590921401977539, 0.0]","[390.7971496582031, 4.5, 0.0]",25.836286857463882,10.700899124145508,2.76185981486865,,,1.0,0.0,1.0,0.0
54.229895,"[426.4949951171875, 7.589008808135986, 0.0]","[391.0135192871094, 4.5, 0.0]",25.891524053761252,10.723381042480469,2.7618598148684725,,,1.0,0.0,1.0,0.0
54.249072,"[427.01171875, 7.587092399597168, 0.0]","[391.2277526855469, 4.5, 0.0]",25.946760804746763,10.74563789367676,2.7618375492755476,,,1.0,0.0,1.0,0.0
54.268803,"[427.529541015625, 7.585171699523926, 0.0]","[391.4432678222656, 4.5, 0.0]",26.0019953253553,10.768030166625977,2.7617260304268143,,,1.0,0.0,1.0,0.0
54.28946,"[428.0484619140625, 7.583270072937012, 0.0]","[391.6592712402344, 4.5, 0.0]",26.05722383286632,10.790470123291016,2.761425375551063,,,1.0,0.0,1.0,0.0
54.307842,"[428.5685119628906, 7.5814433097839355, 0.0]","[391.87347412109375, 4.5, 0.0]",26.112447661670167,10.812885284423828,2.7611914401923343,,,1.0,0.0,1.0,0.0
54.329258,"[429.08966064453125, 7.57973051071167, 0.0]","[392.0921630859375, 4.5, 0.0]",26.16766136800259,10.837586402893066,2.760685316621192,,,1.0,0.0,1.0,0.0
54.35349,"[429.6119079589844, 7.578172206878662, 0.0]","[392.30718994140625, 4.5, 0.0]",26.22287059200977,10.861872673034668,2.7604612003589324,,,1.0,0.0,1.0,0.0
54.368546,"[430.13525390625, 7.5768046379089355, 0.0]","[392.52435302734375, 4.5, 0.0]",26.278069555651353,10.88640022277832,2.759948182079164,,,1.0,0.0,1.0,0.0
54.38839,"[430.6596984863281, 7.575666427612305, 0.0]","[392.74090576171875, 4.5, 0.0]",26.333264277237447,10.91419506072998,2.7597360793047088,,,1.0,0.0,1.0,0.0
54.407615,"[431.1852722167969, 7.574804306030273, 0.0]","[392.9566955566406, 4.5, 0.0]",26.38845242495045,10.931996345520021,2.759407385650192,,,1.0,0.0,1.0,0.0
54.428265,"[431.7119445800781, 7.574256896972656, 0.0]","[393.1780090332031, 4.5, 0.0]",26.44363201968051,10.965271949768066,2.7589797365029867,,,1.0,0.0,1.0,0.0
54.449221,"[432.2397155761719, 7.574061870574951, 0.0]","[393.4013366699219, 4.5, 0.0]",26.49880313963996,10.985456466674805,2.7585559979725005,,,1.0,0.0,1.0,0.0
54.467313,"[432.7685852050781, 7.574256896972656, 0.0]","[393.617919921875, 4.5, 0.0]",26.55397004652089,11.018162727355957,2.7583453440465533,,,1.0,0.0,1.0,0.0
54.491345,"[433.2985534667969, 7.57487678527832, 0.0]","[393.8399963378906, 4.5, 0.0]",26.609134754584627,11.03819465637207,2.7582354031867595,,,1.0,0.0,1.0,0.0
54.512561,"[433.8296203613281, 7.575957775115967, 0.0]","[394.0616455078125, 4.5, 0.0]",26.664293447066605,11.07159423828125,2.757934624098901,,,1.0,0.0,1.0,0.0
54.529781,"[434.3617858886719, 7.5775322914123535, 0.0]","[394.2857360839844, 4.5, 0.0]",26.719451113304142,11.092876434326172,2.757883311876874,,,1.0,0.0,1.0,0.0
54.548388,"[434.89508056640625, 7.579629421234131, 0.0]","[394.5033264160156, 4.5, 0.0]",26.774603612250118,11.126689910888672,2.757624947298787,,,1.0,0.0,1.0,0.0
54.567191,"[435.4294738769531, 7.582274436950684, 0.0]","[394.7297058105469, 4.5, 0.0]",26.829750058859602,11.148262023925781,2.75732233047421,,,1.0,0.0,1.0,0.0
54.588235,"[435.9649658203125, 7.58549165725708, 0.0]","[394.9546813964844, 4.5, 0.0]",26.88489783753172,11.182992935180664,2.757388933605931,,,1.0,0.0,1.0,0.0
54.607912,"[436.5015563964844, 7.589303970336914, 0.0]","[395.17578125, 4.5, 0.0]",26.940041517889007,11.203928947448732,2.7571840178643114,,,1.0,0.0,1.0,0.0
54.628781,"[437.03924560546875, 7.593729019165039, 0.0]","[395.4024353027344, 4.5, 0.0]",26.995184311531258,11.23917293548584,2.7571396821125305,,,1.0,0.0,1.0,0.0
54.649485,"[437.5780334472656, 7.598783493041992, 0.0]","[395.6239929199219, 4.5, 0.0]",27.050326048467426,11.260440826416016,2.7570868468083987,,,1.0,0.0,1.0,0.0
54.667603,"[438.117919921875, 7.604481220245361, 0.0]","[395.84893798828125, 4.5, 0.0]",27.105465830460762,11.295470237731934,2.756989099666818,,,1.0,0.0,1.0,0.0
54.688507,"[438.65887451171875, 7.610832691192627, 0.0]","[396.0795593261719, 4.5, 0.0]",27.1606042242465,11.317882537841797,2.756919689286974,,,1.0,0.0,1.0,0.0
54.707631,"[439.200927734375, 7.617846488952637, 0.0]","[396.2998962402344, 4.5, 0.0]",27.215745003090387,11.352272987365723,2.7570389421942565,,,1.0,0.0,1.0,0.0
54.730878,"[439.74407958984375, 7.62553071975708, 0.0]","[396.5292053222656, 4.5, 0.0]",27.270884802835372,11.373603820800783,2.75698998724927,,,1.0,0.0,1.0,0.0
54.749631,"[440.288330078125, 7.633892059326172, 0.0]","[396.7563781738281, 4.5, 0.0]",27.326024192684653,11.40800952911377,2.756969492464023,,,1.0,0.0,1.0,0.0
54.768398,"[440.83367919921875, 7.642935752868652, 0.0]","[396.9869079589844, 4.5, 0.0]",27.381162912720807,11.429488182067871,2.7569360018077305,,,1.0,0.0,1.0,0.0
54.789073,"[441.380126953125, 7.65266752243042, 0.0]","[397.2189636230469, 4.5, 0.0]",27.4363010238797,11.464486122131348,2.7569055579446555,,,1.0,0.0,1.0,0.0
54.807919,"[441.9276428222656, 7.663087844848633, 0.0]","[397.442138671875, 4.5, 0.0]",27.49144501274359,11.485005378723145,2.75719944319448,,,1.0,0.0,1.0,0.0
54.828943,"[442.47625732421875, 7.674197196960449, 0.0]","[397.67950439453125, 4.5, 0.0]",27.54659675438995,11.519615173339844,2.757587082317947,,,1.0,0.0,1.0,0.0
54.849649,"[443.0259704589844, 7.685988426208496, 0.0]","[397.9067077636719, 4.5, 0.0]",27.601758843492604,11.539691925048828,2.7581044551327594,,,1.0,0.0,1.0,0.0
54.868575,"[443.5767517089844, 7.698451995849609, 0.0]","[398.13525390625, 4.5, 0.0]",27.61294356593426,11.573265075683594,0.5592361220827513,,,1.0,0.0,1.0,0.0
54.88923,"[444.1286315917969, 7.711572647094727, 0.0]","[398.3663635253906, 4.5, 0.0]",27.667867452441527,11.593804359436035,2.7461943253634047,,,1.0,0.0,1.0,0.0
54.907988,"[444.6807556152344, 7.723206996917725, 0.0]","[398.5970764160156, 4.5, 0.0]",27.722972308773148,11.627569198608398,2.7552428165810383,,,1.0,0.0,1.0,0.0
54.930161,"[445.2339782714844, 7.736045837402344, 0.0]","[398.8350830078125, 4.5, 0.0]",27.778141750639286,11.651156425476074,2.758472093306885,,,1.0,0.0,1.0,0.0
54.949783,"[445.78826904296875, 7.749610900878906, 0.0]","[399.07000732421875, 4.5, 0.0]",27.83334032693117,11.677727699279785,2.7599288145943035,,,1.0,0.0,1.0,0.0
54.967029,"[446.3436584472656, 7.763673782348633, 0.0]","[399.303466796875, 4.5, 0.0]",27.888553847256468,11.704136848449707,2.760676016264796,,,1.0,0.0,1.0,0.0
54.987464,"[446.900146484375, 7.778125286102295, 0.0]","[399.5334777832031, 4.5, 0.0]",27.943774771055484,11.726819038391113,2.761046189950811,,,1.0,0.0,1.0,0.0
55.00799,"[447.4577331542969, 7.792913913726807, 0.0]","[399.77130126953125, 4.5, 0.0]",27.999000836079666,11.76030445098877,2.761303251209135,,,1.0,0.0,1.0,0.0
55.02794,"[448.01641845703125, 7.80800724029541, 0.0]","[400.00909423828125, 4.5, 0.0]",28.05422987026274,11.779473304748535,2.7614517091537394,,,1.0,0.0,1.0,0.0
55.047889,"[448.5762023925781, 7.823385238647461, 0.0]","[400.24444580078125, 4.5, 0.0]",28.109455384326278,11.811712265014648,2.7612757031768353,,,1.0,0.0,1.0,0.0
55.068333,"[449.1370544433594, 7.839028835296631, 0.0]","[400.4798278808594, 4.5, 0.0]",28.164684358694227,11.830620765686035,2.7614487183974745,,,1.0,0.0,1.0,0.0
55.087968,"[449.6990051269531, 7.854921817779541, 0.0]","[400.71380615234375, 4.5, 0.0]",28.219914677386676,11.862709999084473,2.761515934622416,,,1.0,0.0,1.0,0.0
55.108129,"[450.2620544433594, 7.871047496795654, 0.0]","[400.9497985839844, 4.5, 0.0]",28.27514848147442,11.881628036499023,2.761690204387257,,,1.0,0.0,1.0,0.0
55.126656,"[450.8262023925781, 7.887388706207275, 0.0]","[401.19000244140625, 4.5, 0.0]",28.330377364992202,11.913460731506348,2.7614441758890607,,,1.0,0.0,1.0,0.0
55.147424,"[451.3914489746094, 7.903934955596924, 0.0]","[401.4271240234375, 4.5, 0.0]",28.385608064525186,11.93163776397705,2.761534976649216,,,1.0,0.0,1.0,0.0
55.16635,"[451.9577941894531, 7.920673847198486, 0.0]","[401.6668701171875, 4.5, 0.0]",28.44083858112022,11.963425636291504,2.761525829751754,,,1.0,0.0,1.0,0.0
55.188098,"[452.5252685546875, 7.937589168548584, 0.0]","[401.9114990234375, 4.5, 0.0]",28.496071232324955,11.982386589050293,2.7616325602366487,,,1.0,0.0,1.0,0.0
55.207552,"[453.0938415527344, 7.954662322998047, 0.0]","[402.1457214355469, 4.5, 0.0]",28.551302816602586,12.013547897338867,2.761579213881582,,,1.0,0.0,1.0,0.0
55.228146,"[453.66351318359375, 7.971866130828857, 0.0]","[402.3919677734375, 4.5, 0.0]",28.606533633082645,12.031939506530763,2.761540824002928,,,1.0,0.0,1.0,0.0
55.248145,"[454.2342834472656, 7.989169120788574, 0.0]","[402.6321716308594, 4.5, 0.0]",28.66176605171564,12.063054084777832,2.761620931649844,,,1.0,0.0,1.0,0.0
55.267988,"[454.80615234375, 8.006569862365723, 0.0]","[402.86968994140625, 4.5, 0.0]",28.716999809524737,12.080560684204102,2.761687890454745,,,1.0,0.0,1.0,0.0
55.28769,"[455.3791198730469, 8.024062156677246, 0.0]","[403.1147155761719, 4.5, 0.0]",28.77223066383841,12.112166404724121,2.761542715683696,,,1.0,0.0,1.0,0.0
55.307433,"[455.95318603515625, 8.04163646697998, 0.0]","[403.3546447753906, 4.5, 0.0]",28.827463549785147,12.129878997802734,2.7616442973368294,,,1.0,0.0,1.0,0.0
55.327696,"[456.5283508300781, 8.059284210205078, 0.0]","[403.59716796875, 4.5, 0.0]",28.88269633826955,12.160737037658691,2.7616394242201636,,,1.0,0.0,1.0,0.0
55.34781,"[457.1046142578125, 8.076995849609375, 0.0]","[403.8451843261719, 4.5, 0.0]",28.937930849008353,12.18213939666748,2.7617255369401406,,,1.0,0.0,1.0,0.0
55.367521,"[457.6820068359375, 8.09476375579834, 0.0]","[404.0889587402344, 4.5, 0.0]",28.99316509310486,12.206453323364258,2.7617122048253506,,,1.0,0.0,1.0,0.0
55.389033,"[458.260498046875, 8.112582206726074, 0.0]","[404.3321228027344, 4.5, 0.0]",29.04839689422651,12.230705261230469,2.761590056082497,,,1.0,0.0,1.0,0.0
55.407985,"[458.840087890625, 8.13044548034668, 0.0]","[404.57464599609375, 4.5, 0.0]",29.10363146523819,12.25487232208252,2.7617285505840528,,,1.0,0.0,1.0,0.0
55.426848,"[459.4207763671875, 8.14834976196289, 0.0]","[404.81890869140625, 4.5, 0.0]",29.1588625314315,12.2789306640625,2.7615533096653877,,,1.0,0.0,1.0,0.0
55.446289,"[460.0025634765625, 8.166292190551758, 0.0]","[405.06396484375, 4.5, 0.0]",29.21409486759495,12.303070068359375,2.76161680817264,,,1.0,0.0,1.0,0.0
55.468467,"[460.58544921875, 8.184269905090332, 0.0]","[405.312255859375, 4.5, 0.0]",29.26932553176782,12.327524185180664,2.7615332086433853,,,1.0,0.0,1.0,0.0
55.487768,"[461.1694641113281, 8.20228099822998, 0.0]","[405.5589294433594, 4.5, 0.0]",29.32455937329733,12.351820945739748,2.7616920764755193,,,1.0,0.0,1.0,0.0
55.507668,"[461.75457763671875, 8.220325469970703, 0.0]","[405.808349609375, 4.5, 0.0]",29.379793064422792,12.376373291015625,2.761684556273103,,,1.0,0.0,1.0,0.0
55.528807,"[462.3407897949219, 8.238402366638184, 0.0]","[406.0586853027344, 4.5, 0.0]",29.435023086185584,12.400839805603027,2.7615010881396174,,,1.0,0.0,1.0,0.0
55.547813,"[462.9281005859375, 8.256511688232422, 0.0]","[406.3059997558594, 4.5, 0.0]",29.490253633453907,12.425010681152344,2.7615273634161497,,,1.0,0.0,1.0,0.0
55.567478,"[463.5165100097656, 8.274653434753418, 0.0]","[406.554443359375, 4.5, 0.0]",29.545484757539366,12.449289321899416,2.7615562042729636,,,1.0,0.0,1.0,0.0
55.587294,"[464.1060485839844, 8.292827606201172, 0.0]","[406.8049621582031, 4.5, 0.0]",29.600716296742068,12.473772048950195,2.7615769601350593,,,1.0,0.0,1.0,0.0
55.60647,"[464.6966857910156, 8.31103515625, 0.0]","[407.05255126953125, 4.5, 0.0]",29.655948166540714,12.497960090637207,2.7615934899323236,,,1.0,0.0,1.0,0.0
55.626662,"[465.2884216308594, 8.329276084899902, 0.0]","[407.299560546875, 4.5, 0.0]",29.711180287945307,12.521965026855469,2.7616060702296608,,,1.0,0.0,1.0,0.0
55.648979,"[465.8812561035156, 8.347550392150879, 0.0]","[407.5549621582031, 4.5, 0.0]",29.76641260401589,12.546783447265625,2.7616158035291605,,,1.0,0.0,1.0,0.0
55.667516,"[466.4751892089844, 8.365859031677246, 0.0]","[407.802490234375, 4.5, 0.0]",29.821645035782105,12.570837020874023,2.761621588310703,,,1.0,0.0,1.0,0.0
55.687845,"[467.0702209472656, 8.384201049804688, 0.0]","[408.0588073730469, 4.5, 0.0]",29.876877537332383,12.59574604034424,2.7616250775139406,,,1.0,0.0,1.0,0.0
55.706454,"[467.6663818359375, 8.40257740020752, 0.0]","[408.3088073730469, 4.5, 0.0]",29.932110097648067,12.62002182006836,2.76162801578419,,,1.0,0.0,1.0,0.0
55.728168,"[468.2636413574219, 8.420987129211426, 0.0]","[408.5638732910156, 4.5, 0.0]",29.987342661636653,12.644564628601074,2.761628199429289,,,1.0,0.0,1.0,0.0
55.746805,"[468.86199951171875, 8.439431190490723, 0.0]","[408.8155212402344, 4.5, 0.0]",30.042575194406083,12.668776512145996,2.761626638471526,,,1.0,0.0,1.0,0.0
55.765744,"[469.4614562988281, 8.45790958404541, 0.0]","[409.064453125, 4.5, 0.0]",30.097807727175518,12.696063041687012,2.7616266384717036,,,1.0,0.0,1.0,0.0
55.787729,"[470.06201171875, 8.476422309875488, 0.0]","[409.3226013183594, 4.5, 0.0]",30.153040263617807,12.714232444763184,2.7616268221144935,,,1.0,0.0,1.0,0.0
55.806049,"[470.6636962890625, 8.49496841430664, 0.0]","[409.5721740722656, 4.5, 0.0]",30.208272801896538,12.744901657104492,2.76162691393651,,,1.0,0.0,1.0,0.0
55.827085,"[471.2664794921875, 8.513548851013184, 0.0]","[409.83447265625, 4.5, 0.0]",30.26350534752099,12.763240814208986,2.761627281222623,,,1.0,0.0,1.0,0.0
55.847219,"[471.870361328125, 8.532163619995117, 0.0]","[410.0854797363281, 4.5, 0.0]",30.318737896818327,12.793839454650879,2.7616274648668337,,,1.0,0.0,1.0,0.0
55.866803,"[472.475341796875, 8.550811767578125, 0.0]","[410.3429870605469, 4.5, 0.0]",30.373970449788555,12.811724662780762,2.7616276485114,,,1.0,0.0,1.0,0.0
55.889407,"[473.0814208984375, 8.569494247436523, 0.0]","[410.6031494140625, 4.5, 0.0]",30.429203006431695,12.843196868896484,2.761627832157032,,,1.0,0.0,1.0,0.0
55.906577,"[473.6885986328125, 8.588211059570312, 0.0]","[410.8548278808594, 4.5, 0.0]",30.484435557565565,12.860507965087892,2.761627556693469,,,1.0,0.0,1.0,0.0
55.927898,"[474.2969055175781, 8.606961250305176, 0.0]","[411.11590576171875, 4.5, 0.0]",30.539668103190152,12.891849517822266,2.761627281229373,,,1.0,0.0,1.0,0.0
55.947629,"[474.90631103515625, 8.62574577331543, 0.0]","[411.37451171875, 4.5, 0.0]",30.59490170815104,12.909621238708496,2.761680248044307,,,1.0,0.0,1.0,0.0
55.966091,"[475.5168151855469, 8.644564628601074, 0.0]","[411.6285095214844, 4.5, 0.0]",30.650134184391533,12.940291404724121,2.761623812024716,,,1.0,0.0,1.0,0.0
55.98699,"[476.12841796875, 8.663408279418945, 0.0]","[411.8929443359375, 4.5, 0.0]",30.70536411543317,12.958614349365234,2.7614965520818657,,,1.0,0.0,1.0,0.0
56.007197,"[476.7411193847656, 8.68226146697998, 0.0]","[412.150390625, 4.5, 0.0]",30.760595517317288,12.989592552185059,2.7615700942059007,,,1.0,0.0,1.0,0.0
56.027793,"[477.3549499511719, 8.701116561889648, 0.0]","[412.4091491699219, 4.5, 0.0]",30.815825798069206,13.007163047790527,2.76151403759588,,,1.0,0.0,1.0,0.0
56.0494,"[477.9698791503906, 8.719970703125, 0.0]","[412.6745910644531, 4.5, 0.0]",30.8710568370382,13.038694381713867,2.761551948449714,,,1.0,0.0,1.0,0.0
56.068148,"[478.5859069824219, 8.73881721496582, 0.0]","[412.93402099609375, 4.5, 0.0]",30.92629029154259,13.056324005126955,2.761672725219455,,,1.0,0.0,1.0,0.0
56.088403,"[479.2030334472656, 8.757649421691895, 0.0]","[413.19610595703125, 4.5, 0.0]",30.981517571362218,13.087540626525879,2.761363990981458,,,1.0,0.0,1.0,0.0
56.10847,"[479.8212585449219, 8.776461601257324, 0.0]","[413.4557800292969, 4.5, 0.0]",31.036747377371103,13.105175018310547,2.761490300444258,,,1.0,0.0,1.0,0.0
56.129214,"[480.44061279296875, 8.795246124267578, 0.0]","[413.7205505371094, 4.5, 0.0]",31.091975692992637,13.136418342590332,2.7614157810766926,,,1.0,0.0,1.0,0.0
56.147775,"[481.0610656738281, 8.813995361328125, 0.0]","[413.9822998046875, 4.5, 0.0]",31.147205602421433,13.154046058654785,2.761495471439801,,,1.0,0.0,1.0,0.0
56.166303,"[481.6826171875, 8.8326997756958, 0.0]","[414.2465515136719, 4.5, 0.0]",31.202438640101832,13.18524169921875,2.7616518840199333,,,1.0,0.0,1.0,0.0
56.187504,"[482.3052673339844, 8.851350784301758, 0.0]","[414.5107421875, 4.5, 0.0]",31.25766694661288,13.203095436096191,2.7614153255523632,,,1.0,0.0,1.0,0.0
56.207537,"[482.9290466308594, 8.869939804077148, 0.0]","[414.77276611328125, 4.5, 0.0]",31.31289882032641,13.234068870544434,2.7615936856765444,,,1.0,0.0,1.0,0.0
56.227519,"[483.5539245605469, 8.88845443725586, 0.0]","[415.04034423828125, 4.5, 0.0]",31.36812646531807,13.252041816711428,2.761382249583022,,,1.0,0.0,1.0,0.0
56.247685,"[484.1799011230469, 8.906881332397461, 0.0]","[415.3018798828125, 4.5, 0.0]",31.423355937908678,13.282791137695312,2.7614736295303643,,,1.0,0.0,1.0,0.0
56.267725,"[484.8070068359375, 8.925206184387207, 0.0]","[415.5663757324219, 4.5, 0.0]",31.47858583796916,13.303812026977539,2.761495003024095,,,1.0,0.0,1.0,0.0
56.288514,"[485.4352111816406, 8.943410873413086, 0.0]","[415.8380432128906, 4.5, 0.0]",31.533812774813693,13.328827857971195,2.7613468422266862,,,1.0,0.0,1.0,0.0
56.307437,"[486.06451416015625, 8.96147632598877, 0.0]","[416.1028137207031, 4.5, 0.0]",31.589036493132202,13.353203773498535,2.7611859159254237,,,1.0,0.0,1.0,0.0
56.328627,"[486.6949462890625, 8.979379653930664, 0.0]","[416.3729553222656, 4.5, 0.0]",31.644254552185515,13.3779878616333,2.760902952665667,,,1.0,0.0,1.0,0.0
56.347893,"[487.32647705078125, 8.99709701538086, 0.0]","[416.6396789550781, 4.5, 0.0]",31.69946898050344,13.402460098266602,2.760721415896228,,,1.0,0.0,1.0,0.0
56.366091,"[487.9591064453125, 9.014602661132812, 0.0]","[416.9022521972656, 4.5, 0.0]",31.754680434678093,13.426552772521973,2.760572708732667,,,1.0,0.0,1.0,0.0
56.388301,"[488.5928649902344, 9.03187084197998, 0.0]","[417.1717529296875, 4.5, 0.0]",31.809888957462206,13.451281547546387,2.760426139205663,,,1.0,0.0,1.0,0.0
56.407425,"[489.22772216796875, 9.04887866973877, 0.0]","[417.44384765625, 4.5, 0.0]",31.865099383794487,13.476256370544434,2.7605213166140175,,,1.0,0.0,1.0,0.0
56.429901,"[489.86370849609375, 9.065604209899902, 0.0]","[417.7164611816406, 4.5, 0.0]",31.920305639468687,13.501399993896484,2.760312783710006,,,1.0,0.0,1.0,0.0
56.448664,"[490.50079345703125, 9.082027435302734, 0.0]","[417.986572265625, 4.5, 0.0]",31.975510948800252,13.526315689086916,2.760265466578282,,,1.0,0.0,1.0,0.0
56.467644,"[491.1390075683594, 9.098133087158203, 0.0]","[418.2584533691406, 4.5, 0.0]",32.03071844191548,13.551390647888184,2.7603746557614883,,,1.0,0.0,1.0,0.0
56.487554,"[491.7783203125, 9.113907814025879, 0.0]","[418.52398681640625, 4.5, 0.0]",32.08592429758114,13.575882911682129,2.760292783282736,,,1.0,0.0,1.0,0.0
56.51026,"[492.41876220703125, 9.1293363571167, 0.0]","[418.7969055175781, 4.5, 0.0]",32.141133614818905,13.601088523864746,2.760465861888406,,,1.0,0.0,1.0,0.0
56.528268,"[493.060302734375, 9.14440631866455, 0.0]","[419.07366943359375, 4.5, 0.0]",32.19634025487943,13.627068519592285,2.760332003026278,,,1.0,0.0,1.0,0.0
56.547893,"[493.7029724121094, 9.159110069274902, 0.0]","[419.3453063964844, 4.5, 0.0]",32.25154430375944,13.65256500244141,2.7602024440003703,,,1.0,0.0,1.0,0.0
56.567571,"[494.34674072265625, 9.173440933227539, 0.0]","[419.6131591796875, 4.5, 0.0]",32.30674873203354,13.67770767211914,2.7602214137051106,,,1.0,0.0,1.0,0.0
56.586702,"[494.9916076660156, 9.187392234802246, 0.0]","[419.8880920410156, 4.5, 0.0]",32.36194868153182,13.703516006469728,2.7599974749140443,,,1.0,0.0,1.0,0.0
56.607237,"[495.6376037597656, 9.200960159301758, 0.0]","[420.1600036621094, 4.5, 0.0]",32.41714533022114,13.72896671295166,2.759832434465892,,,1.0,0.0,1.0,0.0
56.628154,"[496.2846984863281, 9.214141845703125, 0.0]","[420.4427490234375, 4.5, 0.0]",32.472350929255626,13.754286766052246,2.7602799517243426,,,1.0,0.0,1.0,0.0
56.64888,"[496.93292236328125, 9.226937294006348, 0.0]","[420.7173156738281, 4.5, 0.0]",32.52755456882822,13.778875350952148,2.7601819786298165,,,1.0,0.0,1.0,0.0
56.66772,"[497.5822448730469, 9.239350318908691, 0.0]","[420.9887390136719, 4.5, 0.0]",32.582760349255956,13.803184509277344,2.760289021386697,,,1.0,0.0,1.0,0.0
56.689654,"[498.2326965332031, 9.251380920410156, 0.0]","[421.27032470703125, 4.5, 0.0]",32.63796254238368,13.83173656463623,2.7601096563863337,,,1.0,0.0,1.0,0.0
56.707566,"[498.8842468261719, 9.263035774230957, 0.0]","[421.54510498046875, 4.5, 0.0]",32.68559817876142,13.8494291305542,2.381781818886708,,,0.86275,0.0,0.86275,0.0
56.728029,"[499.5368957519531, 9.274322509765625, 0.0]","[421.82464599609375, 4.5, 0.0]",32.72152829622656,13.878071784973145,1.7965058732571038,,,0.65098,0.0,0.65098,0.0
56.748158,"[500.1905212402344, 9.285246849060059, 0.0]","[422.10076904296875, 4.5, 0.0]",32.74403111237965,13.893108367919924,1.1251408076546454,,,0.40784,0.0,0.40784,0.0
56.767446,"[500.8448791503906, 9.295818328857422, 0.0]","[422.3789367675781, 4.5, 0.0]",32.75440737101473,13.921642303466797,0.5188129317538426,,,0.18824,0.0,0.18824,0.0
56.787664,"[501.49969482421875, 9.306053161621094, 0.0]","[422.6537780761719, 4.5, 0.0]",32.7611056363576,13.936580657958984,0.33491326714347736,,,0.12157,0.0,0.12157,0.0
56.807114,"[502.1546936035156, 9.315972328186035, 0.0]","[422.935546875, 4.5, 0.0]",32.76392264708144,13.965152740478516,0.14085053619226073,,,0.05098,0.0,0.05098,0.0
56.829685,"[502.8098449707031, 9.325605392456055, 0.0]","[423.2247009277344, 4.5, 0.0]",32.764348795340666,13.978007316589355,0.021307412961135697,,,0.00784,0.0,0.00784,0.0
56.847399,"[503.4650573730469, 9.334989547729492, 0.0]","[423.49261474609375, 4.5, 0.0]",32.75706785930029,14.002766609191895,-0.36404680201869155,,,0.0,-0.0,0.0,-0.0
56.867397,"[504.1202697753906, 9.344156265258789, 0.0]","[423.77191162109375, 4.5, 0.0]",32.7497886625522,14.014956474304201,-0.3639598374046926,,,0.0,-0.0,0.0,-0.0
56.886609,"[504.7753601074219, 9.353142738342285, 0.0]","[424.05279541015625, 4.5, 0.0]",32.74250837024703,14.040590286254883,-0.3640146152584123,,,0.0,-0.0,0.0,-0.0
56.907922,"[505.4302978515625, 9.361969947814941, 0.0]","[424.33740234375, 4.5, 0.0]",32.73522959000388,14.0529203414917,-0.3639390121573882,,,0.0,-0.0,0.0,-0.0
56.927051,"[506.0850830078125, 9.370667457580566, 0.0]","[424.6208190917969, 4.5, 0.0]",32.72795597851272,14.076005935668945,-0.363680574558245,,,0.0,-0.0,0.0,-0.0
56.947684,"[506.73974609375, 9.379247665405273, 0.0]","[424.9012451171875, 4.5, 0.0]",32.72067231548333,14.08558177947998,-0.3641831514695326,,,0.0,-0.0,0.0,-0.0
56.967458,"[507.3942565917969, 9.38772964477539, 0.0]","[425.1828308105469, 4.5, 0.0]",32.713392487059416,14.108561515808105,-0.36399142119556416,,,0.0,-0.0,0.0,-0.0
56.987382,"[508.0486145019531, 9.39613151550293, 0.0]","[425.46661376953125, 4.5, 0.0]",32.70610714561733,14.118331909179688,-0.3642670721042407,,,0.0,-0.0,0.0,-0.0
57.008513,"[508.70281982421875, 9.404470443725586, 0.0]","[425.7416076660156, 4.5, 0.0]",32.69882974669671,14.140806198120117,-0.36386994603105904,,,0.0,-0.0,0.0,-0.0
57.028758,"[509.3569030761719, 9.412761688232422, 0.0]","[426.0267639160156, 4.5, 0.0]",32.69155106568783,14.14861011505127,-0.3639340504438593,,,0.0,-0.0,0.0,-0.0
57.0478,"[510.0108337402344, 9.42101764678955, 0.0]","[426.308349609375, 4.5, 0.0]",32.68427034453735,14.16956901550293,-0.3640360575239754,,,0.0,-0.0,0.0,-0.0
57.066927,"[510.66461181640625, 9.429247856140137, 0.0]","[426.5932312011719, 4.5, 0.0]",32.67698757937187,14.177358627319338,-0.36413825827423807,,,0.0,-0.0,0.0,-0.0
57.087965,"[511.3182373046875, 9.437460899353027, 0.0]","[426.87615966796875, 4.5, 0.0]",32.6697068185291,14.198386192321777,-0.36403804213840374,,,0.0,-0.0,0.0,-0.0
57.106715,"[511.9717102050781, 9.445666313171387, 0.0]","[427.1589660644531, 4.5, 0.0]",32.662426899703334,14.205991744995117,-0.3639959412883087,,,0.0,-0.0,0.0,-0.0
57.127486,"[512.6250610351562, 9.453866958618164, 0.0]","[427.44598388671875, 4.5, 0.0]",32.65514740060478,14.225902557373047,-0.3639749549275706,,,0.0,-0.0,0.0,-0.0
57.147772,"[513.2782592773438, 9.462064743041992, 0.0]","[427.729248046875, 4.5, 0.0]",32.64786795764108,14.232303619384766,-0.3639721481849989,,,0.0,-0.0,0.0,-0.0
57.168437,"[513.9313354492188, 9.470259666442871, 0.0]","[428.01690673828125, 4.5, 0.0]",32.640588439185684,14.252242088317871,-0.3639759227699102,,,0.0,-0.0,0.0,-0.0
57.19214,"[514.584228515625, 9.478452682495117, 0.0]","[428.2990417480469, 4.5, 0.0]",32.633309024339276,14.261924743652344,-0.3639707423204186,,,0.0,-0.0,0.0,-0.0
57.206217,"[515.2369995117188, 9.486642837524414, 0.0]","[428.5828552246094, 4.5, 0.0]",32.6260298914044,14.275012016296387,-0.36395664674380157,,,0.0,-0.0,0.0,-0.0
57.227156,"[515.8895874023438, 9.494830131530762, 0.0]","[428.8772277832031, 4.5, 0.0]",32.61875106092452,14.288443565368652,-0.36394152399417123,,,0.0,-0.0,0.0,-0.0
57.248228,"[516.5420532226562, 9.503015518188477, 0.0]","[429.1622009277344, 4.5, 0.0]",32.611472443569525,14.301445960998535,-0.3639308677495734,,,0.0,-0.0,0.0,-0.0
57.268438,"[517.1943969726562, 9.511199951171875, 0.0]","[429.449462890625, 4.5, 0.0]",32.60419398329771,14.314553260803223,-0.36392301359065016,,,0.0,-0.0,0.0,-0.0
57.286503,"[517.8465576171875, 9.51938247680664, 0.0]","[429.730224609375, 4.5, 0.0]",32.596915582923124,14.327363967895508,-0.3639200187294023,,,0.0,-0.0,0.0,-0.0
57.307731,"[518.4985961914062, 9.52756404876709, 0.0]","[430.0205078125, 4.5, 0.0]",32.589632645505056,14.340605735778809,-0.3641468709034257,,,0.0,-0.0,0.0,-0.0
57.327052,"[519.1505126953125, 9.535744667053223, 0.0]","[430.3097839355469, 4.5, 0.0]",32.58234509060393,14.35374927520752,-0.36437774505628795,,,0.0,-0.0,0.0,-0.0
57.347353,"[519.80224609375, 9.543856620788574, 0.0]","[430.5964660644531, 4.5, 0.0]",32.575026784085466,14.36677360534668,-0.3659153259231829,,,0.0,-0.0,0.0,-0.0
57.36797,"[520.453857421875, 9.55179214477539, 0.0]","[430.8818664550781, 4.5, 0.0]",32.56766421629066,14.379741668701175,-0.3681283897403631,,,0.0,-0.0,0.0,-0.0
57.388274,"[521.1052856445312, 9.559430122375488, 0.0]","[431.1720275878906, 4.5, 0.0]",32.56022719350265,14.392925262451172,-0.3718511394005475,,,0.0,-0.0,0.0,-0.0
57.407124,"[521.756591796875, 9.566624641418457, 0.0]","[431.45794677734375, 4.5, 0.0]",32.55266352728959,14.405926704406738,-0.3781833106529575,,,0.0,-0.0,0.0,-0.0
57.427938,"[522.4077758789062, 9.573200225830078, 0.0]","[431.7484436035156, 4.5, 0.0]",32.54492392221718,14.419266700744629,-0.3869802536204503,,,0.0,-0.0,0.0,-0.0
57.448174,"[523.0587768554688, 9.578929901123047, 0.0]","[432.03607177734375, 4.5, 0.0]",32.53694531596255,14.432475090026855,-0.3989303127315935,,,0.0,-0.0,0.0,-0.0
57.469441,"[523.7096557617188, 9.583556175231934, 0.0]","[432.32110595703125, 4.5, 0.0]",32.528602164075146,14.445563316345215,-0.41715759437011,,,0.0,-0.0,0.0,-0.0
57.488346,"[524.3604125976562, 9.586785316467285, 0.0]","[432.6142883300781, 4.5, 0.0]",32.51986685545196,14.459027290344238,-0.4367654311593583,,,0.0,-0.0,0.0,-0.0
57.508387,"[525.010986328125, 9.58825969696045, 0.0]","[432.90240478515625, 4.5, 0.0]",32.51097005447499,14.472291946411133,-0.4448400488485049,,,0.0,-0.0,0.0,-0.0
57.528306,"[525.661376953125, 9.587631225585938, 0.0]","[433.18829345703125, 4.5, 0.0]",32.50189825839135,14.485855102539062,-0.45358980418193084,,,0.0,-0.0,0.0,-0.0
57.546457,"[526.3115844726562, 9.584630966186523, 0.0]","[433.4830627441406, 4.5, 0.0]",32.49268827165933,14.499838829040527,-0.4604993366008614,,,0.0,-0.0,0.0,-0.0
57.567944,"[526.9616088867188, 9.578991889953613, 0.0]","[433.7673645019531, 4.5, 0.0]",32.48343833167479,14.513324737548828,-0.4624969992271133,,,0.0,-0.0,0.0,-0.0
57.587751,"[527.6113891601562, 9.570476531982422, 0.0]","[434.0649108886719, 4.5, 0.0]",32.474366340653816,14.527440071105957,-0.4535995510487112,,,0.0,-0.0,0.0,-0.0
57.607428,"[528.2609252929688, 9.558915138244629, 0.0]","[434.3539733886719, 4.5, 0.0]",32.46536855531604,14.544550895690918,-0.44988926688880326,,,0.0,-0.0,0.0,-0.0
57.629692,"[528.9102172851562, 9.544230461120605, 0.0]","[434.6461486816406, 4.5, 0.0]",32.45632692763357,14.552522659301758,-0.45208138412355936,,,0.0,-0.0,0.0,-0.0
57.653087,"[529.5592651367188, 9.526328086853027, 0.0]","[434.9373474121094, 4.5, 0.0]",32.447164724300414,14.57378101348877,-0.4581101666577325,,,0.0,-0.0,0.0,-0.0
57.667953,"[530.2080688476562, 9.505112648010254, 0.0]","[435.224365234375, 4.5, 0.0]",32.43786414477192,14.581493377685547,-0.4650289764246196,,,0.0,-0.0,0.0,-0.0
57.686369,"[530.8565673828125, 9.480496406555176, 0.0]","[435.5152587890625, 4.5, 0.0]",32.42841631800604,14.602736473083496,-0.47239133829393154,,,0.0,-0.0,0.0,-0.0
57.707453,"[531.5046997070312, 9.45240306854248, 0.0]","[435.8061828613281, 4.5, 0.0]",32.418837026523285,14.610710144042972,-0.47896457413791893,,,0.0,-0.0,0.0,-0.0
57.726764,"[532.1524658203125, 9.420767784118652, 0.0]","[436.10076904296875, 4.5, 0.0]",32.40919665056891,14.633191108703613,-0.4820187977188084,,,0.0,-0.0,0.0,-0.0
57.747122,"[532.7998657226562, 9.385539054870605, 0.0]","[436.3919372558594, 4.5, 0.0]",32.399569595096416,14.64215087890625,-0.4813527736246215,,,0.0,-0.0,0.0,-0.0
57.767669,"[533.4468994140625, 9.346721649169922, 0.0]","[436.6869812011719, 4.5, 0.0]",32.389898527460296,14.664656639099121,-0.48355338180599006,,,0.0,-0.0,0.0,-0.0
57.788594,"[534.093505859375, 9.304363250732422, 0.0]","[436.98040771484375, 4.5, 0.0]",32.38014058392814,14.673739433288574,-0.4878971766078877,,,0.0,-0.0,0.0,-0.0
57.808339,"[534.7396850585938, 9.258501052856445, 0.0]","[437.2771301269531, 4.5, 0.0]",32.370255274431784,14.696425437927246,-0.4942654748177233,,,0.0,-0.0,0.0,-0.0
57.827839,"[535.3853759765625, 9.209158897399902, 0.0]","[437.5678405761719, 4.5, 0.0]",32.360199290204235,14.706491470336914,-0.502799211377436,,,0.0,-0.0,0.0,-0.0
57.847745,"[536.0306396484375, 9.156352043151855, 0.0]","[437.86260986328125, 4.5, 0.0]",32.349922248472076,14.73012638092041,-0.5138520866079688,,,0.0,-0.0,0.0,-0.0
57.868045,"[536.6754150390625, 9.100089073181152, 0.0]","[438.156494140625, 4.5, 0.0]",32.339389721180545,14.740374565124512,-0.5266263645765434,,,0.0,-0.0,0.0,-0.0
57.888863,"[537.3196411132812, 9.040373802185059, 0.0]","[438.4581604003906, 4.5, 0.0]",32.32859485049465,14.76440715789795,-0.5397435342946011,,,0.0,-0.0,0.0,-0.0
57.906684,"[537.9633178710938, 8.977209091186523, 0.0]","[438.7510986328125, 4.5, 0.0]",32.31752453014505,14.77468204498291,-0.553516017480149,,,0.0,-0.0,0.0,-0.0
57.926581,"[538.6064453125, 8.910594940185547, 0.0]","[439.0437316894531, 4.5, 0.0]",32.25057150525014,14.799185752868652,-3.3476512447453644,,,0.0,-0.0,0.0,-0.0
57.947173,"[539.2489624023438, 8.840530395507812, 0.0]","[439.34423828125, 4.5, 0.0]",32.23919535699836,14.810834884643555,-0.5688074125892228,,,0.0,-0.0,0.0,-0.0
57.966916,"[539.8901977539062, 8.770724296569824, 0.0]","[439.64056396484375, 4.5, 0.0]",32.227201709042184,14.835562705993652,-0.5996823978087207,,,0.0,-0.0,0.0,-0.0
57.988741,"[540.5308227539062, 8.697704315185547, 0.0]","[439.93853759765625, 4.5, 0.0]",32.21481485124072,14.847057342529297,-0.6193428900733267,,,0.0,-0.0,0.0,-0.0
58.007151,"[541.1708374023438, 8.621293067932129, 0.0]","[440.2334899902344, 4.5, 0.0]",32.20232969441532,14.871749877929688,-0.6242578412699373,,,0.0,-0.0,0.0,-0.0
58.026614,"[541.8101806640625, 8.541377067565918, 0.0]","[440.52764892578125, 4.5, 0.0]",32.18994056143962,14.883610725402834,-0.6194566487849329,,,0.0,-0.0,0.0,-0.0
58.047491,"[542.4487915039062, 8.457927703857422, 0.0]","[440.8311462402344, 4.5, 0.0]",32.1776220138675,14.909393310546875,-0.6159273786060737,,,0.0,-0.0,0.0,-0.0
58.067832,"[543.086669921875, 8.370983123779297, 0.0]","[441.1302795410156, 4.5, 0.0]",32.165259447953986,14.9215669631958,-0.6181282956756462,,,0.0,-0.0,0.0,-0.0
58.088491,"[543.7238159179688, 8.280574798583984, 0.0]","[441.42926025390625, 4.5, 0.0]",32.152792079957706,14.947065353393555,-0.6233683998139838,,,0.0,-0.0,0.0,-0.0
58.10918,"[544.3602294921875, 8.186708450317383, 0.0]","[441.72576904296875, 4.5, 0.0]",32.140168282850205,14.959072113037111,-0.6311898553750694,,,0.0,-0.0,0.0,-0.0
58.128498,"[544.995849609375, 8.089377403259277, 0.0]","[442.0279235839844, 4.5, 0.0]",32.12736783754358,14.9847412109375,-0.6400222653311971,,,0.0,-0.0,0.0,-0.0
58.148713,"[545.6306762695312, 7.988576889038086, 0.0]","[442.3201904296875, 4.5, 0.0]",32.114390996298205,14.999787330627441,-0.648842062268784,,,0.0,-0.0,0.0,-0.0
58.168742,"[546.2647094726562, 7.884303092956543, 0.0]","[442.62713623046875, 4.5, 0.0]",32.101214881254066,15.019089698791504,-0.658805752206959,,,0.0,-0.0,0.0,-0.0
58.188306,"[546.8978881835938, 7.776556491851807, 0.0]","[442.9224548339844, 4.5, 0.0]",32.08787401463463,15.0376615524292,-0.6670433309718504,,,0.0,-0.0,0.0,-0.0
58.207372,"[547.5302124023438, 7.665342807769775, 0.0]","[443.2211608886719, 4.5, 0.0]",32.07441455823099,15.056504249572754,-0.672972820181883,,,0.0,-0.0,0.0,-0.0
58.228262,"[548.16162109375, 7.550671100616455, 0.0]","[443.5249938964844, 4.5, 0.0]",32.060809076475316,15.076556205749512,-0.6802740877837721,,,0.0,-0.0,0.0,-0.0
58.247785,"[548.7921142578125, 7.4325666427612305, 0.0]","[443.8314514160156, 4.5, 0.0]",32.04701343578218,15.096782684326172,-0.6897820346566164,,,0.0,-0.0,0.0,-0.0
58.269197,"[549.4216918945312, 7.311052322387695, 0.0]","[444.1278381347656, 4.5, 0.0]",32.03299893905334,15.11634349822998,-0.7007248364420349,,,0.0,-0.0,0.0,-0.0
58.288838,"[550.0503540039062, 7.186144828796387, 0.0]","[444.4375, 4.5, 0.0]",32.01873485167315,15.136778831481934,-0.7132043690095458,,,0.0,-0.0,0.0,-0.0
58.30816,"[550.6780395507812, 7.057856559753418, 0.0]","[444.73809814453125, 4.5, 0.0]",32.00420405664537,15.156704902648926,-0.7265397513890548,,,0.0,-0.0,0.0,-0.0
58.32901,"[551.3047485351562, 6.926197528839111, 0.0]","[445.037841796875, 4.5, 0.0]",31.98937918361828,15.177538871765137,-0.7412436513545728,,,0.0,-0.0,0.0,-0.0
58.350362,"[551.930419921875, 6.791175365447998, 0.0]","[445.3419189453125, 4.5, 0.0]",31.97423679430021,15.198677062988281,-0.7571194659034219,,,0.0,-0.0,0.0,-0.0
58.369468,"[552.5550537109375, 6.652796745300293, 0.0]","[445.65106201171875, 4.5, 0.0]",31.958750586587936,15.220165252685547,-0.7743103856137523,,,0.0,-0.0,0.0,-0.0
58.389022,"[553.1786499023438, 6.511068820953369, 0.0]","[445.9507751464844, 4.5, 0.0]",31.942912608608957,15.240999221801758,-0.7918988989489506,,,0.0,-0.0,0.0,-0.0
58.408586,"[553.8011474609375, 6.365997791290283, 0.0]","[446.2589416503906, 4.5, 0.0]",31.926668313881546,15.262445449829102,-0.8122147363705423,,,0.0,-0.0,0.0,-0.0
58.428939,"[554.4225463867188, 6.217589855194092, 0.0]","[446.5614318847656, 4.5, 0.0]",31.910052529415218,15.283790588378906,-0.8307892233164083,,,0.0,-0.0,0.0,-0.0
58.448326,"[555.0427856445312, 6.065852642059326, 0.0]","[446.8666076660156, 4.5, 0.0]",31.893050845275543,15.305325508117676,-0.8500842069837589,,,0.0,-0.0,0.0,-0.0
58.468986,"[555.661865234375, 5.910793304443359, 0.0]","[447.1731262207031, 4.5, 0.0]",31.875665460588515,15.326955795288086,-0.8692692343513997,,,0.0,-0.0,0.0,-0.0
58.488294,"[556.2797241210938, 5.752420425415039, 0.0]","[447.48626708984375, 4.5, 0.0]",31.85791713037414,15.349051475524902,-0.8874165107187082,,,0.0,-0.0,0.0,-0.0
58.50794,"[556.8964233398438, 5.590742588043213, 0.0]","[447.79119873046875, 4.5, 0.0]",31.83983534239821,15.370529174804688,-0.9040893987965148,,,0.0,-0.0,0.0,-0.0
58.530078,"[557.5118408203125, 5.425768852233887, 0.0]","[448.1017761230469, 4.5, 0.0]",31.821460309888366,15.391923904418945,-0.9187516254922201,,,0.0,-0.0,0.0,-0.0
58.548377,"[558.1259765625, 5.257508277893066, 0.0]","[448.40869140625, 4.5, 0.0]",31.802786514079454,15.413064956665039,-0.933689790445591,,,0.0,-0.0,0.0,-0.0
58.568006,"[558.7388305664062, 5.085988521575928, 0.0]","[448.7166442871094, 4.5, 0.0]",31.78381414807371,15.437612533569336,-0.9486183002872295,,,0.0,-0.0,0.0,-0.0
58.588036,"[559.3504028320312, 4.9112348556518555, 0.0]","[449.0212707519531, 4.5, 0.0]",31.76455280168064,15.451929092407227,-0.9630673196534545,,,0.0,-0.0,0.0,-0.0
58.609044,"[559.9606323242188, 4.733268737792969, 0.0]","[449.3282470703125, 4.5, 0.0]",31.74502293814916,15.479668617248535,-0.976493176574067,,,0.0,-0.0,0.0,-0.0
58.630029,"[560.5695190429688, 4.552108287811279, 0.0]","[449.64068603515625, 4.5, 0.0]",31.7252168889846,15.493287086486816,-0.9903024582278874,,,0.0,-0.0,0.0,-0.0
58.648541,"[561.1770629882812, 4.367768287658691, 0.0]","[449.949951171875, 4.5, 0.0]",31.705178543586626,15.520034790039062,-1.0019172698987333,,,0.0,-0.0,0.0,-0.0
58.6685,"[561.783203125, 4.18026065826416, 0.0]","[450.26239013671875, 4.5, 0.0]",31.68493388585011,15.533652305603027,-1.0122328868257924,,,0.0,-0.0,0.0,-0.0
58.689186,"[562.387939453125, 3.9895951747894287, 0.0]","[450.57830810546875, 4.5, 0.0]",31.66448210479688,15.560831069946289,-1.0225890526616155,,,0.0,-0.0,0.0,-0.0
58.708428,"[562.9912719726562, 3.79577898979187, 0.0]","[450.886962890625, 4.5, 0.0]",31.64380389379626,15.574069976806642,-1.0339105500309032,,,0.0,-0.0,0.0,-0.0
58.729885,"[563.5931396484375, 3.598818063735962, 0.0]","[451.2020263671875, 4.5, 0.0]",31.622868293473235,15.599513053894043,-1.0467800161512386,,,0.0,-0.0,0.0,-0.0
58.748916,"[564.1935424804688, 3.3987176418304443, 0.0]","[451.5124206542969, 4.5, 0.0]",31.601648305484485,15.61134147644043,-1.0609993994375344,,,0.0,-0.0,0.0,-0.0
58.768821,"[564.79248046875, 3.1954829692840576, 0.0]","[451.8243713378906, 4.5, 0.0]",31.58013907143258,15.6365966796875,-1.0754617025952484,,,0.0,-0.0,0.0,-0.0
58.788299,"[565.389892578125, 2.9891197681427, 0.0]","[452.1316223144531, 4.5, 0.0]",31.558308849807798,15.648239135742188,-1.091511081239105,,,0.0,-0.0,0.0,-0.0
58.808895,"[565.9857177734375, 2.779632806777954, 0.0]","[452.44970703125, 4.5, 0.0]",31.536143331752783,15.673717498779297,-1.108275902750755,,,0.0,-0.0,0.0,-0.0
58.829094,"[566.5800170898438, 2.567028045654297, 0.0]","[452.7590637207031, 4.5, 0.0]",31.51359672324519,15.683718681335451,-1.1273304253796468,,,0.0,-0.0,0.0,-0.0
58.848754,"[567.1727294921875, 2.3513107299804688, 0.0]","[453.0796813964844, 4.5, 0.0]",31.490715022908716,15.707661628723145,-1.1440850168236594,,,0.0,-0.0,0.0,-0.0
58.869006,"[567.7637939453125, 2.1324872970581055, 0.0]","[453.3948669433594, 4.5, 0.0]",31.467463945364027,15.717978477478027,-1.1625538772344512,,,0.0,-0.0,0.0,-0.0
58.889281,"[568.3532104492188, 1.9105637073516846, 0.0]","[453.70892333984375, 4.5, 0.0]",31.44388630502039,15.741568565368652,-1.178882017181948,,,0.0,-0.0,0.0,-0.0
58.907677,"[568.9409790039062, 1.6855472326278687, 0.0]","[454.0152893066406, 4.5, 0.0]",31.420018821906776,15.751307487487795,-1.1933741556806154,,,0.0,-0.0,0.0,-0.0
58.928738,"[569.5270385742188, 1.457446813583374, 0.0]","[454.3388366699219, 4.5, 0.0]",31.395865325237228,15.773726463317871,-1.2076748334774123,,,0.0,-0.0,0.0,-0.0
58.948702,"[570.1113891601562, 1.226274847984314, 0.0]","[454.65313720703125, 4.5, 0.0]",31.371450586746604,15.78235912322998,-1.2207369245311739,,,0.0,-0.0,0.0,-0.0
58.96894,"[570.6939697265625, 0.9920437335968018, 0.0]","[454.9690246582031, 4.5, 0.0]",31.34679977712356,15.80440616607666,-1.2325404811521778,,,0.0,-0.0,0.0,-0.0
58.989513,"[571.2747802734375, 0.7547652721405029, 0.0]","[455.283203125, 4.5, 0.0]",31.321936991656532,15.813033103942871,-1.2431392733514457,,,0.0,-0.0,0.0,-0.0
59.008224,"[571.8538208007812, 0.5144515037536621, 0.0]","[455.6007995605469, 4.5, 0.0]",31.29685746114913,15.835058212280273,-1.2539765253700708,,,0.0,-0.0,0.0,-0.0
59.028401,"[572.4310913085938, 0.271114706993103, 0.0]","[455.9194030761719, 4.5, 0.0]",31.227194967011528,15.842580795288086,-3.4831247068801474,,,0.0,-0.0,0.0,-0.0
59.048849,"[573.0065307617188, 0.0247676819562912, 0.0]","[456.2354431152344, 4.5, 0.0]",31.161224453194468,15.863326072692871,-3.2985256908530047,,,0.0,-0.0,0.0,-0.0
59.068428,"[573.5807495117188, -0.22087931632995605, 0.0]","[456.5543518066406, 4.5, 0.0]",31.136274873926318,15.87419605255127,-1.2474789634074668,,,0.0,-0.0,0.0,-0.0
59.088164,"[574.15380859375, -0.4657876491546631, 0.0]","[456.8724365234375, 4.5, 0.0]",31.109336961452314,15.885029792785646,-1.346895623700206,,,0.0,-0.0,0.0,-0.0
59.107702,"[574.7251586914062, -0.7134103775024414, 0.0]","[457.18829345703125, 4.5, 0.0]",31.081728709832685,15.905691146850586,-1.3804125809814494,,,0.0,-0.0,0.0,-0.0
59.128076,"[575.294677734375, -0.9639726281166077, 0.0]","[457.5090637207031, 4.5, 0.0]",31.05435108047622,15.912375450134277,-1.3688814678232575,,,0.0,-0.0,0.0,-0.0
59.146886,"[575.8623046875, -1.217345952987671, 0.0]","[457.8197021484375, 4.5, 0.0]",31.027312213478172,15.931971549987793,-1.3519433499023847,,,0.0,-0.0,0.0,-0.0
59.168182,"[576.42822265625, -1.473292589187622, 0.0]","[458.1439514160156, 4.5, 0.0]",31.00057565799871,15.938799858093263,-1.3368277739731482,,,0.0,-0.0,0.0,-0.0
59.188337,"[576.992431640625, -1.7316734790802002, 0.0]","[458.46514892578125, 4.5, 0.0]",30.973913394135057,15.958836555480957,-1.3331131931826334,,,0.0,-0.0,0.0,-0.0
59.20748,"[577.554931640625, -1.99244225025177, 0.0]","[458.7759704589844, 4.5, 0.0]",30.94725435721677,15.965069770812988,-1.3329518459142875,,,0.0,-0.0,0.0,-0.0
59.22651,"[578.11572265625, -2.2556192874908447, 0.0]","[459.09759521484375, 4.5, 0.0]",30.920621996643163,15.984526634216309,-1.3316180286803814,,,0.0,-0.0,0.0,-0.0
59.246203,"[578.6747436523438, -2.521257162094116, 0.0]","[459.4222717285156, 4.5, 0.0]",30.89418469468892,15.990768432617188,-1.3218650977121271,,,0.0,-0.0,0.0,-0.0
59.266747,"[579.2319946289062, -2.789418935775757, 0.0]","[459.7370300292969, 4.5, 0.0]",30.867907746509925,16.009952545166016,-1.3138474089497976,,,0.0,-0.0,0.0,-0.0
59.286328,"[579.7874145507812, -3.0601277351379395, 0.0]","[460.0645751953125, 4.5, 0.0]",30.841825592924337,16.016307830810547,-1.304107679279376,,,0.0,-0.0,0.0,-0.0
59.306044,"[580.3410034179688, -3.3334147930145264, 0.0]","[460.38226318359375, 4.5, 0.0]",30.81590157430616,16.035579681396484,-1.296200930908853,,,0.0,-0.0,0.0,-0.0
59.326677,"[580.8927001953125, -3.6093106269836426, 0.0]","[460.70574951171875, 4.5, 0.0]",30.790058972482136,16.04141616821289,-1.2921300912012157,,,0.0,-0.0,0.0,-0.0
59.345629,"[581.4425048828125, -3.8878448009490967, 0.0]","[461.0199279785156, 4.5, 0.0]",30.764236855252474,16.06022834777832,-1.2911058614831106,,,0.0,-0.0,0.0,-0.0
59.367576,"[581.9903564453125, -4.169049263000488, 0.0]","[461.3462829589844, 4.5, 0.0]",30.738384898328977,16.06617546081543,-1.2925978461748144,,,0.0,-0.0,0.0,-0.0
59.385362,"[582.5362548828125, -4.45295524597168, 0.0]","[461.66363525390625, 4.5, 0.0]",30.669069526950697,16.08510971069336,-3.4657685689140294,,,0.0,-0.0,0.0,-0.0
59.405507,"[583.0801391601562, -4.7395920753479, 0.0]","[461.9886779785156, 4.5, 0.0]",30.643509510984448,16.09099006652832,-1.278000798312462,,,0.0,-0.0,0.0,-0.0
59.426343,"[583.6228637695312, -5.025393486022949, 0.0]","[462.31304931640625, 4.5, 0.0]",30.616819211333315,16.1099910736084,-1.3345149825566338,,,0.0,-0.0,0.0,-0.0
59.445545,"[584.1636352539062, -5.313830375671387, 0.0]","[462.63238525390625, 4.5, 0.0]",30.589653481477132,16.115463256835938,-1.3582864928091354,,,0.0,-0.0,0.0,-0.0
59.466074,"[584.7022705078125, -5.605038642883301, 0.0]","[462.95751953125, 4.5, 0.0]",30.56290214794937,16.134492874145508,-1.3375666763881355,,,0.0,-0.0,0.0,-0.0
59.485905,"[585.2388305664062, -5.899019718170166, 0.0]","[463.28106689453125, 4.5, 0.0]",30.536506202972244,16.143461227416992,-1.319797248856247,,,0.0,-0.0,0.0,-0.0
59.505541,"[585.7732543945312, -6.195676326751709, 0.0]","[463.60186767578125, 4.5, 0.0]",30.51022970765344,16.155649185180668,-1.313824765940197,,,0.0,-0.0,0.0,-0.0
59.526136,"[586.3056640625, -6.494940757751465, 0.0]","[463.92779541015625, 4.5, 0.0]",30.483985665175283,16.167930603027344,-1.3122021239079018,,,0.0,-0.0,0.0,-0.0
59.546233,"[586.8359985351562, -6.79679012298584, 0.0]","[464.2491149902344, 4.5, 0.0]",30.45774274726537,16.180038452148438,-1.3121458954955756,,,0.0,-0.0,0.0,-0.0
59.565362,"[587.3642578125, -7.101219654083252, 0.0]","[464.5663757324219, 4.5, 0.0]",30.43149915283238,16.191993713378906,-1.3121797216495423,,,0.0,-0.0,0.0,-0.0
59.586262,"[587.890380859375, -7.40823221206665, 0.0]","[464.8982238769531, 4.5, 0.0]",30.40525329016434,16.204496383666992,-1.3122931334020649,,,0.0,-0.0,0.0,-0.0
59.605044,"[588.4143676757812, -7.717832565307617, 0.0]","[465.2137756347656, 4.5, 0.0]",30.379020546760326,16.21638298034668,-1.311637170200619,,,0.0,-0.0,0.0,-0.0
59.625466,"[588.9362182617188, -8.030027389526367, 0.0]","[465.5407409667969, 4.5, 0.0]",30.35281266619296,16.2286376953125,-1.3103940283683002,,,0.0,-0.0,0.0,-0.0
59.645553,"[589.4558715820312, -8.344820976257324, 0.0]","[465.87139892578125, 4.5, 0.0]",30.326642197336614,16.241029739379883,-1.308523442817311,,,0.0,-0.0,0.0,-0.0
59.666663,"[589.9733276367188, -8.662217140197754, 0.0]","[466.19586181640625, 4.5, 0.0]",30.300551408061192,16.253190994262695,-1.3045394637710928,,,0.0,-0.0,0.0,-0.0
59.686186,"[590.4885864257812, -8.982218742370605, 0.0]","[466.5158386230469, 4.5, 0.0]",30.274512374066937,16.265182495117188,-1.3019516997127667,,,0.0,-0.0,0.0,-0.0
59.705081,"[591.0015869140625, -9.30482292175293, 0.0]","[466.8398742675781, 4.5, 0.0]",30.248487557711158,16.277320861816406,-1.3012408177889512,,,0.0,-0.0,0.0,-0.0
59.725569,"[591.5123291015625, -9.630027770996094, 0.0]","[467.1675720214844, 4.5, 0.0]",30.222457335225272,16.289512634277344,-1.3015111242943078,,,0.0,-0.0,0.0,-0.0
59.745458,"[592.0208129882812, -9.957830429077148, 0.0]","[467.4980773925781, 4.5, 0.0]",30.196402098607265,16.301809310913086,-1.302761830900323,,,0.0,-0.0,0.0,-0.0
59.767813,"[592.5269775390625, -10.288228988647461, 0.0]","[467.8365173339844, 4.5, 0.0]",30.17031739714424,16.31439971923828,-1.3042350731511831,,,0.0,-0.0,0.0,-0.0
59.785938,"[593.0308227539062, -10.621220588684082, 0.0]","[468.1524658203125, 4.5, 0.0]",30.144200242799716,16.326152801513672,-1.3058577172262886,,,0.0,-0.0,0.0,-0.0
59.806256,"[593.5322875976562, -10.956801414489746, 0.0]","[468.4774475097656, 4.5, 0.0]",30.074637200045906,16.338228225708008,-3.4781521376904934,,,0.0,-0.0,0.0,-0.0
59.826249,"[594.0313720703125, -11.294965744018555, 0.0]","[468.8072204589844, 4.5, 0.0]",30.049210489660673,16.350311279296875,-1.2713355192616405,,,0.0,-0.0,0.0,-0.0
59.84538,"[594.5294189453125, -11.632211685180664, 0.0]","[469.12689208984375, 4.5, 0.0]",30.022657518122895,16.362022399902344,-1.3276485768889401,,,0.0,-0.0,0.0,-0.0
59.866464,"[595.0252075195312, -11.971840858459473, 0.0]","[469.45794677734375, 4.5, 0.0]",29.995509926945644,16.3741512298584,-1.357379558862526,,,0.0,-0.0,0.0,-0.0
59.885884,"[595.5186767578125, -12.313976287841797, 0.0]","[469.7879638671875, 4.5, 0.0]",29.968445375424867,16.386241912841797,-1.3532275760388401,,,0.0,-0.0,0.0,-0.0
59.905532,"[596.0097045898438, -12.6586332321167, 0.0]","[470.114013671875, 4.5, 0.0]",29.94166812966621,16.4014949798584,-1.3388622879329404,,,0.0,-0.0,0.0,-0.0
59.926144,"[596.4983520507812, -13.005735397338867, 0.0]","[470.4446716308594, 4.5, 0.0]",29.915198290474677,16.4066219329834,-1.3234919595765504,,,0.0,-0.0,0.0,-0.0
59.946113,"[596.984619140625, -13.355203628540039, 0.0]","[470.77099609375, 4.5, 0.0]",29.888862336920077,16.424928665161133,-1.3167976777300083,,,0.0,-0.0,0.0,-0.0
59.965665,"[597.4685668945312, -13.706979751586914, 0.0]","[471.0996398925781, 4.5, 0.0]",29.862602571544144,16.429983139038086,-1.3129882687966443,,,0.0,-0.0,0.0,-0.0
59.98589,"[597.9501953125, -14.061040878295898, 0.0]","[471.4302673339844, 4.5, 0.0]",29.836400943667286,16.448442459106445,-1.3100813938429212,,,0.0,-0.0,0.0,-0.0
60.004912,"[598.4295043945312, -14.417380332946777, 0.0]","[471.75048828125, 4.5, 0.0]",29.810265523666306,16.45317077636719,-1.3067710000489896,,,0.0,-0.0,0.0,-0.0
60.025571,"[598.9064331054688, -14.775997161865234, 0.0]","[472.081787109375, 4.5, 0.0]",29.78419716647322,16.47122573852539,-1.30341785965431,,,0.0,-0.0,0.0,-0.0
60.045712,"[599.3809814453125, -15.136896133422852, 0.0]","[472.41082763671875, 4.5, 0.0]",29.758219424339607,16.475868225097656,-1.298887106680624,,,0.0,-0.0,0.0,-0.0
60.065832,"[599.8531494140625, -15.500080108642578, 0.0]","[472.74151611328125, 4.5, 0.0]",29.732334973385154,16.4939022064209,-1.2942225477226899,,,0.0,-0.0,0.0,-0.0
60.085965,"[600.3228759765625, -15.865551948547363, 0.0]","[473.0782165527344, 4.5, 0.0]",29.706508849336444,16.498807907104492,-1.2913062024354716,,,0.0,-0.0,0.0,-0.0
60.105495,"[600.7901611328125, -16.233312606811523, 0.0]","[473.4060974121094, 4.5, 0.0]",29.680696900545286,16.51671028137207,-1.2905974395579278,,,0.0,-0.0,0.0,-0.0
60.126145,"[601.2550048828125, -16.603364944458008, 0.0]","[473.7396240234375, 4.5, 0.0]",29.654873303249815,16.52105712890625,-1.2911798647735395,,,0.0,-0.0,0.0,-0.0
60.145199,"[601.7173461914062, -16.9757137298584, 0.0]","[474.0613098144531, 4.5, 0.0]",29.62901828291487,16.538347244262695,-1.2927510167472178,,,0.0,-0.0,0.0,-0.0
60.166198,"[602.1771240234375, -17.350360870361328, 0.0]","[474.3985900878906, 4.5, 0.0]",29.559433305407826,16.542818069458008,-3.4792488753522477,,,0.0,-0.0,0.0,-0.0
60.186318,"[602.6343383789062, -17.727310180664062, 0.0]","[474.7253723144531, 4.5, 0.0]",29.53407919464933,16.560277938842773,-1.2677055379247903,,,0.0,-0.0,0.0,-0.0
60.205109,"[603.0906372070312, -18.103214263916016, 0.0]","[475.0539855957031, 4.5, 0.0]",29.50756771521974,16.56443977355957,-1.3255739714795212,,,0.0,-0.0,0.0,-0.0
60.225677,"[603.5444946289062, -18.481287002563477, 0.0]","[475.3878173828125, 4.5, 0.0]",29.480533728268263,16.5817813873291,-1.3516993475738204,,,0.0,-0.0,0.0,-0.0
60.245769,"[603.9957275390625, -18.86163902282715, 0.0]","[475.7253723144531, 4.5, 0.0]",29.45361059169101,16.585905075073242,-1.3461568288626324,,,0.0,-0.0,0.0,-0.0
60.266799,"[604.4443359375, -19.2442569732666, 0.0]","[476.0572204589844, 4.5, 0.0]",29.427109929742397,16.603181838989258,-1.3250330974306834,,,0.0,-0.0,0.0,-0.0
60.286836,"[604.8903198242188, -19.629070281982422, 0.0]","[476.3847351074219, 4.5, 0.0]",29.40082705968923,16.606983184814453,-1.3141435026582826,,,0.0,-0.0,0.0,-0.0
60.304924,"[605.3338012695312, -20.016002655029297, 0.0]","[476.7137451171875, 4.5, 0.0]",29.374636303214942,16.624162673950195,-1.3095378237144573,,,0.0,-0.0,0.0,-0.0
60.325548,"[605.7747192382812, -20.405014038085938, 0.0]","[477.0489807128906, 4.5, 0.0]",29.34850096051795,16.62808609008789,-1.306767134849629,,,0.0,-0.0,0.0,-0.0
60.345301,"[606.213134765625, -20.796091079711914, 0.0]","[477.3811950683594, 4.5, 0.0]",29.32241215257899,16.645248413085938,-1.3044403969479035,,,0.0,-0.0,0.0,-0.0
60.366318,"[606.6489868164062, -21.18922996520996, 0.0]","[477.7191467285156, 4.5, 0.0]",29.296367801162567,16.64925765991211,-1.3022175708211847,,,0.0,-0.0,0.0,-0.0
60.38714,"[607.082275390625, -21.58443260192871, 0.0]","[478.0544128417969, 4.5, 0.0]",29.270373112093214,16.66651725769043,-1.2997344534676714,,,0.0,-0.0,0.0,-0.0
60.405792,"[607.512939453125, -21.981698989868164, 0.0]","[478.3861083984375, 4.5, 0.0]",29.244431343153593,16.673681259155273,-1.2970884469810429,,,0.0,-0.0,0.0,-0.0
60.428747,"[607.9409790039062, -22.381032943725586, 0.0]","[478.7210693359375, 4.5, 0.0]",29.21856907899763,16.68450927734375,-1.2931132077982355,,,0.0,-0.0,0.0,-0.0
60.446175,"[608.3663940429688, -22.78243637084961, 0.0]","[479.0539245605469, 4.5, 0.0]",29.192779061691127,16.695268630981445,-1.2895008653250883,,,0.0,-0.0,0.0,-0.0
60.466232,"[608.7891235351562, -23.1859073638916, 0.0]","[479.3824462890625, 4.5, 0.0]",29.167016238249943,16.705888748168945,-1.2881411720591984,,,0.0,-0.0,0.0,-0.0
60.48849,"[609.2091674804688, -23.591445922851562, 0.0]","[479.7187805175781, 4.5, 0.0]",29.141252242491497,16.716760635375977,-1.288199787922295,,,0.0,-0.0,0.0,-0.0
60.505568,"[609.62646484375, -23.999048233032227, 0.0]","[480.05548095703125, 4.5, 0.0]",29.11547326404065,16.727703094482422,-1.28894892254241,,,0.0,-0.0,0.0,-0.0
60.526508,"[610.041015625, -24.40871238708496, 0.0]","[480.3927001953125, 4.5, 0.0]",29.089654351169827,16.739355087280273,-1.290945643541086,,,0.0,-0.0,0.0,-0.0
60.547159,"[610.4528198242188, -24.820436477661133, 0.0]","[480.73223876953125, 4.5, 0.0]",29.063783921047044,16.751087188720703,-1.2935215061391503,,,0.0,-0.0,0.0,-0.0
60.565177,"[610.86181640625, -25.234216690063477, 0.0]","[481.0544128417969, 4.5, 0.0]",29.03786887291416,16.76222038269043,-1.2957524066441906,,,0.0,-0.0,0.0,-0.0
60.586509,"[611.2680053710938, -25.650049209594727, 0.0]","[481.39837646484375, 4.5, 0.0]",29.01193501375529,16.774105072021484,-1.296692957943435,,,0.0,-0.0,0.0,-0.0
60.605263,"[611.6713256835938, -26.067922592163086, 0.0]","[481.72540283203125, 4.5, 0.0]",28.985973885011383,16.785484313964844,-1.2980564371954273,,,0.0,-0.0,0.0,-0.0
60.625727,"[612.07177734375, -26.48781967163086, 0.0]","[482.0630187988281, 4.5, 0.0]",28.959977165984302,16.798450469970707,-1.2998359513540336,,,0.0,-0.0,0.0,-0.0
60.645407,"[612.4693603515625, -26.909725189208984, 0.0]","[482.3992614746094, 4.5, 0.0]",28.933939223923577,16.811363220214847,-1.3018971030362536,,,0.0,-0.0,0.0,-0.0
60.666647,"[612.8640747070312, -27.333621978759766, 0.0]","[482.7412414550781, 4.5, 0.0]",28.907865659633288,16.824495315551758,-1.3036782145144699,,,0.0,-0.0,0.0,-0.0
60.685834,"[613.255859375, -27.75949478149414, 0.0]","[483.07952880859375, 4.5, 0.0]",28.881760503104417,16.837486267089844,-1.305257826443551,,,0.0,-0.0,0.0,-0.0
60.705688,"[613.6447143554688, -28.187326431274414, 0.0]","[483.41375732421875, 4.5, 0.0]",28.855624505499716,16.850332260131836,-1.3067998802350544,,,0.0,-0.0,0.0,-0.0
60.725635,"[614.0306396484375, -28.617101669311523, 0.0]","[483.74700927734375, 4.5, 0.0]",28.829470952580767,16.86325454711914,-1.307677645947436,,,0.0,-0.0,0.0,-0.0
60.745718,"[614.4136352539062, -29.048803329467773, 0.0]","[484.0894775390625, 4.5, 0.0]",28.803301090121,16.876535415649414,-1.3084931229883523,,,0.0,-0.0,0.0,-0.0
60.765898,"[614.793701171875, -29.482412338256836, 0.0]","[484.42724609375, 4.5, 0.0]",28.777121786786303,16.889633178710938,-1.3089651667348434,,,0.0,-0.0,0.0,-0.0
60.785869,"[615.1707763671875, -29.91791343688965, 0.0]","[484.7666015625, 4.5, 0.0]",28.7509353841826,16.90279197692871,-1.309320130185121,,,0.0,-0.0,0.0,-0.0
60.805523,"[615.5448608398438, -30.355287551879883, 0.0]","[485.10198974609375, 4.5, 0.0]",28.72473607828181,16.915752410888672,-1.3099652950394614,,,0.0,-0.0,0.0,-0.0
60.826546,"[615.9159545898438, -30.794517517089844, 0.0]","[485.4428405761719, 4.5, 0.0]",28.698530211317188,16.931747436523438,-1.310293348231184,,,0.0,-0.0,0.0,-0.0
60.845986,"[616.2840576171875, -31.235584259033203, 0.0]","[485.7826843261719, 4.5, 0.0]",28.672333912182655,16.937700271606445,-1.3098149567266404,,,0.0,-0.0,0.0,-0.0
60.866808,"[616.649169921875, -31.6784725189209, 0.0]","[486.1206970214844, 4.5, 0.0]",28.646144091740098,16.95692253112793,-1.309491022127851,,,0.0,-0.0,0.0,-0.0
60.885935,"[617.01123046875, -32.1231575012207, 0.0]","[486.45489501953125, 4.5, 0.0]",28.619969248135405,16.96266746520996,-1.3087421802346455,,,0.0,-0.0,0.0,-0.0
60.905782,"[617.3702392578125, -32.56962203979492, 0.0]","[486.7948913574219, 4.5, 0.0]",28.593805491581946,16.981929779052734,-1.3081878276729242,,,0.0,-0.0,0.0,-0.0
60.926211,"[617.7262573242188, -33.01784896850586, 0.0]","[487.13995361328125, 4.5, 0.0]",28.567645715948753,16.987598419189453,-1.3079887816596525,,,0.0,-0.0,0.0,-0.0
60.94522,"[618.0792236328125, -33.46781921386719, 0.0]","[487.4712829589844, 4.5, 0.0]",28.541497683453233,17.006113052368164,-1.3074016247760056,,,0.0,-0.0,0.0,-0.0
60.965764,"[618.4290771484375, -33.919517517089844, 0.0]","[487.8112487792969, 4.5, 0.0]",28.51537600606674,17.011598587036136,-1.3060838693245813,,,0.0,-0.0,0.0,-0.0
60.985894,"[618.77587890625, -34.372920989990234, 0.0]","[488.1593322753906, 4.5, 0.0]",28.489279703702366,17.030710220336914,-1.304815118218805,,,0.0,-0.0,0.0,-0.0
61.005119,"[619.1195678710938, -34.8280143737793, 0.0]","[488.4917297363281, 4.5, 0.0]",28.46322160392065,17.03590965270996,-1.302904989085718,,,0.0,-0.0,0.0,-0.0
61.026087,"[619.460205078125, -35.28477478027344, 0.0]","[488.84234619140625, 4.5, 0.0]",28.437211526633956,17.05481719970703,-1.3005038643347788,,,0.0,-0.0,0.0,-0.0
61.045852,"[619.7977294921875, -35.743186950683594, 0.0]","[489.1827392578125, 4.5, 0.0]",28.41126341159226,17.06003189086914,-1.2974057520848348,,,0.0,-0.0,0.0,-0.0
61.066694,"[620.1321411132812, -36.2032356262207, 0.0]","[489.5232849121094, 4.5, 0.0]",28.38535762401594,17.07858657836914,-1.2952893788160225,,,0.0,-0.0,0.0,-0.0
61.085945,"[620.4634399414062, -36.66489791870117, 0.0]","[489.8666076660156, 4.5, 0.0]",28.359511707373755,17.08390235900879,-1.2922958321091471,,,0.0,-0.0,0.0,-0.0
61.105716,"[620.7915649414062, -37.12815856933594, 0.0]","[490.20611572265625, 4.5, 0.0]",28.33374065426694,17.1024112701416,-1.28855265534078,,,0.0,-0.0,0.0,-0.0
61.126091,"[621.1165771484375, -37.59299850463867, 0.0]","[490.5509948730469, 4.5, 0.0]",28.30804608473903,17.107654571533203,-1.2847284763955358,,,0.0,-0.0,0.0,-0.0
61.14566,"[621.4384155273438, -38.05940246582031, 0.0]","[490.8919372558594, 4.5, 0.0]",28.282446425540083,17.126094818115234,-1.27998295994729,,,0.0,-0.0,0.0,-0.0
61.165339,"[621.757080078125, -38.527347564697266, 0.0]","[491.2274169921875, 4.5, 0.0]",28.256931041802854,17.131011962890625,-1.275769186861453,,,0.0,-0.0,0.0,-0.0
61.185906,"[622.0726318359375, -38.99681854248047, 0.0]","[491.5785827636719, 4.5, 0.0]",28.231508862527008,17.14980697631836,-1.2711089637923223,,,0.0,-0.0,0.0,-0.0
61.20598,"[622.3849487304688, -39.46780014038086, 0.0]","[491.9190673828125, 4.5, 0.0]",28.162041095463778,17.15489387512207,-3.4733883531615106,,,0.0,-0.0,0.0,-0.0
61.226363,"[622.694091796875, -39.94027328491211, 0.0]","[492.2646179199219, 4.5, 0.0]",28.137488042882786,17.173442840576172,-1.2276526290495582,,,0.0,-0.0,0.0,-0.0
61.245501,"[623.0026245117188, -40.41149139404297, 0.0]","[492.60107421875, 4.5, 0.0]",28.11201975375408,17.178340911865234,-1.27341445643534,,,0.0,-0.0,0.0,-0.0
61.266049,"[623.3081665039062, -40.88405990600586, 0.0]","[492.9483947753906, 4.5, 0.0]",28.08602708833879,17.196950912475586,-1.2996332707645664,,,0.0,-0.0,0.0,-0.0
61.285888,"[623.610595703125, -41.3580436706543, 0.0]","[493.2965393066406, 4.5, 0.0]",28.06032816344374,17.202251434326175,-1.2849462447524829,,,0.0,-0.0,0.0,-0.0
61.305414,"[623.9097290039062, -41.83347702026367, 0.0]","[493.6315002441406, 4.5, 0.0]",28.035102482431615,17.220434188842773,-1.2612840506061929,,,0.0,-0.0,0.0,-0.0
61.326702,"[624.2056884765625, -42.310298919677734, 0.0]","[493.98486328125, 4.5, 0.0]",28.010468482486353,17.225875854492188,-1.2316999972631137,,,0.0,-0.0,0.0,-0.0
61.345889,"[624.49853515625, -42.78844451904297, 0.0]","[494.329833984375, 4.5, 0.0]",27.986226684809964,17.244367599487305,-1.212089883819445,,,0.0,-0.0,0.0,-0.0
61.365698,"[624.788330078125, -43.267860412597656, 0.0]","[494.6671142578125, 4.5, 0.0]",27.962339119163516,17.252593994140625,-1.1943782823223614,,,0.0,-0.0,0.0,-0.0
61.385671,"[625.0751342773438, -43.74851989746094, 0.0]","[495.0135498046875, 4.5, 0.0]",27.93879380496756,17.264467239379883,-1.1772657097978367,,,0.0,-0.0,0.0,-0.0
61.405434,"[625.3589477539062, -44.230411529541016, 0.0]","[495.3628234863281, 4.5, 0.0]",27.915635922496744,17.27643585205078,-1.1578941235407925,,,0.0,-0.0,0.0,-0.0
61.426179,"[625.6397094726562, -44.713523864746094, 0.0]","[495.71112060546875, 4.5, 0.0]",27.89289141640348,17.28834342956543,-1.1372253046632252,,,0.0,-0.0,0.0,-0.0
61.445623,"[625.9174194335938, -45.197853088378906, 0.0]","[496.0549011230469, 4.5, 0.0]",27.870627994390876,17.300094604492188,-1.1131711006301614,,,0.0,-0.0,0.0,-0.0
61.466529,"[626.1920776367188, -45.68339920043945, 0.0]","[496.3970642089844, 4.5, 0.0]",27.848819451089806,17.311790466308594,-1.090427165053498,,,0.0,-0.0,0.0,-0.0
61.486145,"[626.4636840820312, -46.17015075683594, 0.0]","[496.7503967285156, 4.5, 0.0]",27.827436469089204,17.323869705200195,-1.0691491000301312,,,0.0,-0.0,0.0,-0.0
61.505549,"[626.7322387695312, -46.658111572265625, 0.0]","[497.09423828125, 4.5, 0.0]",27.80648498267003,17.335622787475586,-1.0475743209585886,,,0.0,-0.0,0.0,-0.0
61.526178,"[626.9976806640625, -47.147274017333984, 0.0]","[497.4435119628906, 4.5, 0.0]",27.785909074464087,17.34755516052246,-1.0287954102972563,,,0.0,-0.0,0.0,-0.0
61.54559,"[627.260009765625, -47.63764572143555, 0.0]","[497.7888488769531, 4.5, 0.0]",27.765689657578893,17.35935401916504,-1.0109708442596954,,,0.0,-0.0,0.0,-0.0
61.565383,"[627.5191650390625, -48.12922286987305, 0.0]","[498.12921142578125, 4.5, 0.0]",27.74580704422065,17.370981216430664,-0.9941306679120743,,,0.0,-0.0,0.0,-0.0
61.587077,"[627.775146484375, -48.622005462646484, 0.0]","[498.483154296875, 4.5, 0.0]",27.72625855815947,17.383071899414062,-0.9774243030591379,,,0.0,-0.0,0.0,-0.0
61.605696,"[628.0279541015625, -49.11599349975586, 0.0]","[498.8295593261719, 4.5, 0.0]",27.706986047903776,17.3949089050293,-0.9636255127846383,,,0.0,-0.0,0.0,-0.0
61.626042,"[628.2775268554688, -49.61118698120117, 0.0]","[499.1814880371094, 4.5, 0.0]",27.688002350793813,17.406963348388672,-0.949184855498153,,,0.0,-0.0,0.0,-0.0
61.645848,"[628.5238037109375, -50.10757827758789, 0.0]","[499.5290832519531, 4.5, 0.0]",27.669314766822545,17.418869018554688,-0.9343791985633843,,,0.0,-0.0,0.0,-0.0
61.666152,"[628.766845703125, -50.60516357421875, 0.0]","[499.8719482421875, 4.5, 0.0]",27.650932372085304,17.430612564086914,-0.9191197368620507,,,0.0,-0.0,0.0,-0.0
61.685736,"[629.0065307617188, -51.10393524169922, 0.0]","[500.2206726074219, 4.5, 0.0]",27.632849970850902,17.44255828857422,-0.9041200617200928,,,0.0,-0.0,0.0,-0.0
61.705751,"[629.242919921875, -51.603878021240234, 0.0]","[500.5737609863281, 4.5, 0.0]",27.615028721865695,17.45465660095215,-0.8910624492603603,,,0.0,-0.0,0.0,-0.0
61.726307,"[629.4760131835938, -52.10498046875, 0.0]","[500.926025390625, 4.5, 0.0]",27.597459072277665,17.466781616210938,-0.8784824794014767,,,0.0,-0.0,0.0,-0.0
61.745625,"[629.7057495117188, -52.60722732543945, 0.0]","[501.2742614746094, 4.5, 0.0]",27.580062359957015,17.47876739501953,-0.8698356160325105,,,0.0,-0.0,0.0,-0.0
61.765701,"[629.93212890625, -53.11060333251953, 0.0]","[501.6230773925781, 4.5, 0.0]",27.56283257935262,17.490774154663086,-0.8614890302197864,,,0.0,-0.0,0.0,-0.0
61.78586,"[630.1552124023438, -53.61509323120117, 0.0]","[501.97412109375, 4.5, 0.0]",27.545728125521787,17.50619125366211,-0.8552226915416128,,,0.0,-0.0,0.0,-0.0
61.805479,"[630.3749389648438, -54.12067794799805, 0.0]","[502.3221130371094, 4.5, 0.0]",27.52872992461731,17.511505126953125,-0.8499100452239006,,,0.0,-0.0,0.0,-0.0
61.826287,"[630.5912475585938, -54.627342224121094, 0.0]","[502.6754455566406, 4.5, 0.0]",27.5118165621624,17.530391693115234,-0.84566812274538,,,0.0,-0.0,0.0,-0.0
61.845992,"[630.80419921875, -55.13506317138672, 0.0]","[503.026611328125, 4.5, 0.0]",27.494964492668736,17.53586769104004,-0.8426034746833011,,,0.0,-0.0,0.0,-0.0
61.865818,"[631.0137939453125, -55.643821716308594, 0.0]","[503.36968994140625, 4.5, 0.0]",27.478159946984363,17.554399490356445,-0.840227284218642,,,0.0,-0.0,0.0,-0.0
61.886083,"[631.219970703125, -56.15359878540039, 0.0]","[503.72894287109375, 4.5, 0.0]",27.461392333904616,17.56015396118164,-0.8383806539873362,,,0.0,-0.0,0.0,-0.0
61.905503,"[631.4227905273438, -56.664371490478516, 0.0]","[504.0771484375, 4.5, 0.0]",27.444648361999487,17.57886505126953,-0.8371985952564387,,,0.0,-0.0,0.0,-0.0
61.926276,"[631.6221923828125, -57.17612075805664, 0.0]","[504.4319763183594, 4.5, 0.0]",27.427904312847847,17.58448600769043,-0.8372024575820092,,,0.0,-0.0,0.0,-0.0
61.945796,"[631.8182373046875, -57.688819885253906, 0.0]","[504.7819519042969, 4.5, 0.0]",27.411148531079796,17.603273391723633,-0.8377890884025518,,,0.0,-0.0,0.0,-0.0
61.965298,"[632.0108642578125, -58.202449798583984, 0.0]","[505.1270751953125, 4.5, 0.0]",27.394358804845304,17.608558654785156,-0.8394863117246132,,,0.0,-0.0,0.0,-0.0
61.986047,"[632.2000732421875, -58.71698760986328, 0.0]","[505.4874572753906, 4.5, 0.0]",27.325845272446557,17.627708435058594,-3.4256766199373345,,,0.0,-0.0,0.0,-0.0
62.005514,"[632.3858642578125, -59.2324104309082, 0.0]","[505.8380432128906, 4.5, 0.0]",27.309224399786757,17.633180618286133,-0.8310436329900028,,,0.0,-0.0,0.0,-0.0
62.025631,"[632.5713500976562, -59.746498107910156, 0.0]","[506.1863708496094, 4.5, 0.0]",27.291911328751407,17.65188980102539,-0.8656535517674868,,,0.0,-0.0,0.0,-0.0
62.046069,"[632.753662109375, -60.26136779785156, 0.0]","[506.54638671875, 4.5, 0.0]",27.27419168360684,17.657665252685547,-0.8859822572283349,,,0.0,-0.0,0.0,-0.0
62.066161,"[632.9326171875, -60.77704620361328, 0.0]","[506.8952331542969, 4.5, 0.0]",27.256465739006618,17.6763916015625,-0.8862972300111238,,,0.0,-0.0,0.0,-0.0
62.086266,"[633.1080322265625, -61.29354476928711, 0.0]","[507.2538146972656, 4.5, 0.0]",27.238924397483878,17.682117462158203,-0.877067076137017,,,0.0,-0.0,0.0,-0.0
62.10638,"[633.2799682617188, -61.81085205078125, 0.0]","[507.605224609375, 4.5, 0.0]",27.22173013934041,17.700927734375,-0.8597129071734599,,,0.0,-0.0,0.0,-0.0
62.126129,"[633.4484252929688, -62.328941345214844, 0.0]","[507.9624328613281, 4.5, 0.0]",27.20475860565395,17.70654296875,-0.8485766843229214,,,0.0,-0.0,0.0,-0.0
62.145474,"[633.6134033203125, -62.847774505615234, 0.0]","[508.3073425292969, 4.5, 0.0]",27.187921443277748,17.725069046020508,-0.8418581188101015,,,0.0,-0.0,0.0,-0.0
62.165307,"[633.7750244140625, -63.367313385009766, 0.0]","[508.6629333496094, 4.5, 0.0]",27.171190025842176,17.730627059936523,-0.8365708717786191,,,0.0,-0.0,0.0,-0.0
62.186165,"[633.9332885742188, -63.887535095214844, 0.0]","[509.0254821777344, 4.5, 0.0]",27.154557288406984,17.7497615814209,-0.8316368717595779,,,0.0,-0.0,0.0,-0.0
62.20571,"[634.0881958007812, -64.40840911865234, 0.0]","[509.37799072265625, 4.5, 0.0]",27.138026159393448,17.75520896911621,-0.8265564506768186,,,0.0,-0.0,0.0,-0.0
62.226683,"[634.23974609375, -64.92991638183594, 0.0]","[509.7364196777344, 4.5, 0.0]",27.12163209726013,17.77413558959961,-0.8197031066659477,,,0.0,-0.0,0.0,-0.0
62.245939,"[634.3880004882812, -65.45204162597656, 0.0]","[510.0917053222656, 4.5, 0.0]",27.10538187533995,17.779619216918945,-0.8125110960088833,,,0.0,-0.0,0.0,-0.0
62.265887,"[634.5328979492188, -65.97476196289062, 0.0]","[510.4402160644531, 4.5, 0.0]",27.089232597794467,17.798206329345703,-0.8074638772741949,,,0.0,-0.0,0.0,-0.0
62.285705,"[634.6744995117188, -66.49805450439453, 0.0]","[510.7973937988281, 4.5, 0.0]",27.07315576537926,17.80708885192871,-0.8038416207604371,,,0.0,-0.0,0.0,-0.0
62.305593,"[634.8128051757812, -67.02189636230469, 0.0]","[511.1510925292969, 4.5, 0.0]",27.057120355287445,17.815847396850586,-0.8017705045906709,,,0.0,-0.0,0.0,-0.0
62.325904,"[634.94775390625, -67.54627227783203, 0.0]","[511.51031494140625, 4.5, 0.0]",27.041104349327252,17.83474349975586,-0.8008002980096407,,,0.0,-0.0,0.0,-0.0
62.345882,"[635.079345703125, -68.0711669921875, 0.0]","[511.87322998046875, 4.5, 0.0]",27.025087949911455,17.840429306030273,-0.8008199707898456,,,0.0,-0.0,0.0,-0.0
62.367256,"[635.2076416015625, -68.5965576171875, 0.0]","[512.22509765625, 4.5, 0.0]",27.00906279339571,17.85907745361328,-0.8012578257872605,,,0.0,-0.0,0.0,-0.0
62.386214,"[635.3325805664062, -69.12242889404297, 0.0]","[512.5888061523438, 4.5, 0.0]",26.993009325343877,17.864788055419922,-0.8026734025916582,,,0.0,-0.0,0.0,-0.0
62.405618,"[635.4541015625, -69.64875793457031, 0.0]","[512.9427490234375, 4.5, 0.0]",26.976915973601464,17.88349723815918,-0.8046675871206332,,,0.0,-0.0,0.0,-0.0
62.427294,"[635.5722045898438, -70.175537109375, 0.0]","[513.29931640625, 4.5, 0.0]",26.960782025162384,17.88884925842285,-0.8066974219540057,,,0.0,-0.0,0.0,-0.0
62.445873,"[635.6868896484375, -70.70274353027344, 0.0]","[513.6603393554688, 4.5, 0.0]",26.94460506731598,17.90768814086914,-0.8088478923202302,,,0.0,-0.0,0.0,-0.0
62.465968,"[635.7981567382812, -71.23035430908203, 0.0]","[514.011962890625, 4.5, 0.0]",26.875558666795172,17.912872314453125,-3.4523200260403897,,,0.0,-0.0,0.0,-0.0
62.487173,"[635.9059448242188, -71.75835418701172, 0.0]","[514.3782348632812, 4.5, 0.0]",26.85946309727838,17.931888580322266,-0.8047784758396404,,,0.0,-0.0,0.0,-0.0
62.505584,"[636.0136108398438, -72.28496551513672, 0.0]","[514.7341918945312, 4.5, 0.0]",26.842632806890258,17.93719482421875,-0.8415145194060614,,,0.0,-0.0,0.0,-0.0
62.525834,"[636.1180419921875, -72.81190490722656, 0.0]","[515.0904541015625, 4.5, 0.0]",26.825489483299183,17.95556640625,-0.8571661795537366,,,0.0,-0.0,0.0,-0.0
62.545846,"[636.218994140625, -73.33917999267578, 0.0]","[515.4537353515625, 4.5, 0.0]",26.80849136349755,17.960832595825195,-0.849905990081723,,,0.0,-0.0,0.0,-0.0
62.565082,"[636.3164672851562, -73.86676025390625, 0.0]","[515.805908203125, 4.5, 0.0]",26.791745588973747,17.979068756103516,-0.8372887261900885,,,0.0,-0.0,0.0,-0.0
62.586315,"[636.4105224609375, -74.39461517333984, 0.0]","[516.1724243164062, 4.5, 0.0]",26.775243988840256,17.984441757202152,-0.8250800066745612,,,0.0,-0.0,0.0,-0.0
62.606368,"[636.501220703125, -74.92271423339844, 0.0]","[516.5315551757812, 4.5, 0.0]",26.758866676619494,18.00285530090332,-0.8188656110380776,,,0.0,-0.0,0.0,-0.0
62.626527,"[636.588623046875, -75.45103454589844, 0.0]","[516.8914794921875, 4.5, 0.0]",26.742564638081415,18.007387161254883,-0.8151019269039494,,,0.0,-0.0,0.0,-0.0
62.646136,"[636.6727294921875, -75.97956085205078, 0.0]","[517.2554931640625, 4.5, 0.0]",26.72632034582497,18.025381088256836,-0.8122146128222596,,,0.0,-0.0,0.0,-0.0
62.66566,"[636.7535400390625, -76.50827026367188, 0.0]","[517.6077270507812, 4.5, 0.0]",26.710128539890672,18.02967071533203,-0.8095902967149016,,,0.0,-0.0,0.0,-0.0
62.685729,"[636.8310546875, -77.03714752197266, 0.0]","[517.9699096679688, 4.5, 0.0]",26.69397819352283,18.047607421875,-0.807517318392037,,,0.0,-0.0,0.0,-0.0
62.706231,"[636.9052124023438, -77.56617736816406, 0.0]","[518.328369140625, 4.5, 0.0]",26.677874821899636,18.05536460876465,-0.8051685811597764,,,0.0,-0.0,0.0,-0.0
62.72942,"[636.9760131835938, -78.09534454345703, 0.0]","[518.6963500976562, 4.5, 0.0]",26.661830841377185,18.06580352783203,-0.8021990261225298,,,0.0,-0.0,0.0,-0.0
62.745879,"[637.04345703125, -78.62462615966797, 0.0]","[519.0584106445312, 4.5, 0.0]",26.645814866329385,18.076072692871094,-0.8007987523900084,,,0.0,-0.0,0.0,-0.0
62.765269,"[637.1074829101562, -79.15400695800781, 0.0]","[519.412841796875, 4.5, 0.0]",26.629804098957276,18.086124420166016,-0.8005383686054302,,,0.0,-0.0,0.0,-0.0
62.786182,"[637.1680908203125, -79.68346405029297, 0.0]","[519.7833862304688, 4.5, 0.0]",26.613771257315122,18.096635818481445,-0.8016420821077119,,,0.0,-0.0,0.0,-0.0
62.805683,"[637.2252807617188, -80.21298217773438, 0.0]","[520.1428833007812, 4.5, 0.0]",26.597697208377948,18.106727600097656,-0.8037024468587006,,,0.0,-0.0,0.0,-0.0
62.827173,"[637.2789916992188, -80.74253845214844, 0.0]","[520.5036010742188, 4.5, 0.0]",26.58156534716296,18.115646362304688,-0.8065930607493499,,,0.0,-0.0,0.0,-0.0
62.845617,"[637.3292846679688, -81.27210998535156, 0.0]","[520.8637084960938, 4.5, 0.0]",26.56537883513899,18.124547958374027,-0.8093256011985517,,,0.0,-0.0,0.0,-0.0
62.866026,"[637.3760375976562, -81.80168151855469, 0.0]","[521.2249145507812, 4.5, 0.0]",26.54914077246952,18.13347816467285,-0.8119031334734572,,,0.0,-0.0,0.0,-0.0
62.886757,"[637.4193115234375, -82.33122253417969, 0.0]","[521.59033203125, 4.5, 0.0]",26.53286819518219,18.14251136779785,-0.8136288643665779,,,0.0,-0.0,0.0,-0.0
62.906124,"[637.4591064453125, -82.8607177734375, 0.0]","[521.9500732421875, 4.5, 0.0]",26.516553136437047,18.151290893554688,-0.8157529372571304,,,0.0,-0.0,0.0,-0.0
62.926021,"[637.495361328125, -83.39013671875, 0.0]","[522.31591796875, 4.5, 0.0]",26.500193947572416,18.15849304199219,-0.8179594432315085,,,0.0,-0.0,0.0,-0.0
62.945333,"[637.528076171875, -83.9194564819336, 0.0]","[522.677001953125, 4.5, 0.0]",26.48377741939804,18.165603637695312,-0.8208264087187445,,,0.0,-0.0,0.0,-0.0
62.965358,"[637.5573120117188, -84.44865417480469, 0.0]","[523.039794921875, 4.5, 0.0]",26.46731414666285,18.172744750976562,-0.8231636367595385,,,0.0,-0.0,0.0,-0.0
62.985676,"[637.5830078125, -84.97770690917969, 0.0]","[523.4052734375, 4.5, 0.0]",26.398461978685503,18.179941177368164,-3.442608398867364,,,0.0,-0.0,0.0,-0.0
63.005977,"[637.605224609375, -85.50658416748047, 0.0]","[523.7664794921875, 4.5, 0.0]",26.382043615950952,18.186935424804688,-0.8209181367275775,,,0.0,-0.0,0.0,-0.0
63.026332,"[637.6275024414062, -86.0340805053711, 0.0]","[524.13232421875, 4.5, 0.0]",26.36491161445573,18.192188262939453,-0.8566000747611824,,,0.0,-0.0,0.0,-0.0
63.046415,"[637.646484375, -86.5613784790039, 0.0]","[524.5037231445312, 4.5, 0.0]",26.347340995784233,18.197519302368164,-0.8785309335747726,,,0.0,-0.0,0.0,-0.0
63.0663,"[637.6619873046875, -87.08844757080078, 0.0]","[524.8633422851562, 4.5, 0.0]",26.32980159449278,18.202682495117188,-0.8769700645727241,,,0.0,-0.0,0.0,-0.0
63.085833,"[637.6739501953125, -87.6152572631836, 0.0]","[525.225830078125, 4.5, 0.0]",26.31255581380919,18.2078857421875,-0.8622890341793976,,,0.0,-0.0,0.0,-0.0
63.106116,"[637.682373046875, -88.14178466796875, 0.0]","[525.58740234375, 4.5, 0.0]",26.2956023779447,18.212961196899414,-0.8476717932245137,,,0.0,-0.0,0.0,-0.0
63.127469,"[637.6873168945312, -88.66801452636719, 0.0]","[525.9541625976562, 4.5, 0.0]",26.27878380283622,18.219650268554688,-0.8409287554240308,,,0.0,-0.0,0.0,-0.0
63.145714,"[637.6889038085938, -89.19392395019531, 0.0]","[526.3201293945312, 4.5, 0.0]",26.2620434619323,18.21632957458496,-0.8370170451959424,,,0.0,-0.0,0.0,-0.0
63.165324,"[637.6871337890625, -89.71949768066406, 0.0]","[526.6812744140625, 4.5, 0.0]",26.245362778968783,18.226299285888672,-0.8340341481758884,,,0.0,-0.0,0.0,-0.0
63.185664,"[637.6820068359375, -90.24471282958984, 0.0]","[527.0471801757812, 4.5, 0.0]",26.22873217876242,18.22297859191895,-0.8315300103181045,,,0.0,-0.0,0.0,-0.0
63.205179,"[637.673583984375, -90.7695541381836, 0.0]","[527.4097290039062, 4.5, 0.0]",26.21215836510571,18.232858657836914,-0.8286906828354645,,,0.0,-0.0,0.0,-0.0
63.226521,"[637.6618041992188, -91.29399871826172, 0.0]","[527.7764892578125, 4.5, 0.0]",26.195653640440987,18.227825164794922,-0.825236233236204,,,0.0,-0.0,0.0,-0.0
63.24548,"[637.6466674804688, -91.81802368164062, 0.0]","[528.1393432617188, 4.5, 0.0]",26.179217381073506,18.23611068725586,-0.8218129683740472,,,0.0,-0.0,0.0,-0.0
63.265758,"[637.628173828125, -92.34161376953125, 0.0]","[528.5050048828125, 4.5, 0.0]",26.16282122875743,18.23107147216797,-0.8198076158038248,,,0.0,-0.0,0.0,-0.0
63.285737,"[637.6063232421875, -92.86474609375, 0.0]","[528.8710327148438, 4.5, 0.0]",26.14644488820273,18.23937225341797,-0.8188170277350082,,,0.0,-0.0,0.0,-0.0
63.305317,"[637.5811157226562, -93.38739776611328, 0.0]","[529.2335815429688, 4.5, 0.0]",26.130067884761864,18.23423194885254,-0.8188501720432839,,,0.0,-0.0,0.0,-0.0
63.326188,"[637.5525512695312, -93.9095458984375, 0.0]","[529.6005859375, 4.5, 0.0]",26.11367931490209,18.2410888671875,-0.8194284929887274,,,0.0,-0.0,0.0,-0.0
63.345554,"[637.5206298828125, -94.4311752319336, 0.0]","[529.964111328125, 4.5, 0.0]",26.097263330645355,18.234609603881836,-0.8207992128367536,,,0.0,-0.0,0.0,-0.0
63.365866,"[637.4853515625, -94.95225524902344, 0.0]","[530.3280029296875, 4.5, 0.0]",26.080813379730145,18.241466522216797,-0.82249754576047,,,0.0,-0.0,0.0,-0.0
63.386741,"[637.4466552734375, -95.47276306152344, 0.0]","[530.6942138671875, 4.5, 0.0]",26.064316424836406,18.234987258911133,-0.8248477446869629,,,0.0,-0.0,0.0,-0.0
63.405358,"[637.404541015625, -95.99267578125, 0.0]","[531.0574340820312, 4.5, 0.0]",26.047777289712116,18.24177360534668,-0.8269567562145141,,,0.0,-0.0,0.0,-0.0
63.425995,"[637.3590087890625, -96.51197052001953, 0.0]","[531.424072265625, 4.5, 0.0]",26.031190195395496,18.234121322631836,-0.8293547158309877,,,0.0,-0.0,0.0,-0.0
63.445828,"[637.31005859375, -97.0306167602539, 0.0]","[531.7943725585938, 4.5, 0.0]",26.014572691561398,18.239795684814453,-0.8308751917049051,,,0.0,-0.0,0.0,-0.0
63.465573,"[637.2576293945312, -97.54859161376953, 0.0]","[532.1525268554688, 4.5, 0.0]",25.997933810692675,18.232168197631836,-0.8319440434361169,,,0.0,-0.0,0.0,-0.0
63.485649,"[637.2017822265625, -98.06587219238281, 0.0]","[532.5164184570312, 4.5, 0.0]",25.981263442060097,18.23785972595215,-0.8335184316289102,,,0.0,-0.0,0.0,-0.0
63.50543,"[637.1424560546875, -98.58243560791016, 0.0]","[532.8802490234375, 4.5, 0.0]",25.96456274007787,18.230161666870117,-0.8350350991113586,,,0.0,-0.0,0.0,-0.0
63.526864,"[637.0797119140625, -99.09825897216797, 0.0]","[533.2485961914062, 4.5, 0.0]",25.947829584189336,18.234880447387695,-0.8366577944267206,,,0.0,-0.0,0.0,-0.0
63.545587,"[637.0135498046875, -99.61331176757812, 0.0]","[533.6112060546875, 4.5, 0.0]",25.931063864407573,18.226293563842773,-0.8382859890881278,,,0.0,-0.0,0.0,-0.0
63.565213,"[636.9439086914062, -100.12757873535156, 0.0]","[533.9752807617188, 4.5, 0.0]",25.914265831063354,18.231035232543945,-0.8399016672109738,,,0.0,-0.0,0.0,-0.0
63.58595,"[636.870849609375, -100.64102935791016, 0.0]","[534.341552734375, 4.5, 0.0]",25.89743855179354,18.222429275512695,-0.8413639634905934,,,0.0,-0.0,0.0,-0.0
63.605449,"[636.7943725585938, -101.15364074707031, 0.0]","[534.7047729492188, 4.5, 0.0]",25.880587350044774,18.227127075195312,-0.8425600874383932,,,0.0,-0.0,0.0,-0.0
63.626829,"[636.7144775390625, -101.66539001464844, 0.0]","[535.0763549804688, 4.5, 0.0]",25.86370752285066,18.22103500366211,-0.8439913597056758,,,0.0,-0.0,0.0,-0.0
63.6486,"[636.6311645507812, -102.17625427246094, 0.0]","[535.4344482421875, 4.5, 0.0]",25.84679861913487,18.21837615966797,-0.8454451857895506,,,0.0,-0.0,0.0,-0.0
63.665777,"[636.54443359375, -102.68620300292969, 0.0]","[535.7998046875, 4.5, 0.0]",25.82986545420987,18.21566390991211,-0.8466582462499872,,,0.0,-0.0,0.0,-0.0
63.686016,"[636.4542846679688, -103.19522094726562, 0.0]","[536.1660766601562, 4.5, 0.0]",25.81291393716446,18.21294403076172,-0.8475758522704879,,,0.0,-0.0,0.0,-0.0
63.705503,"[636.3607177734375, -103.70327758789062, 0.0]","[536.5275268554688, 4.5, 0.0]",25.795946671474937,18.210220336914062,-0.8483632844761502,,,0.0,-0.0,0.0,-0.0
63.726886,"[636.2637939453125, -104.21035766601562, 0.0]","[536.8956909179688, 4.5, 0.0]",25.77895806973583,18.206857681274414,-0.8494300869553939,,,0.0,-0.0,0.0,-0.0
63.746286,"[636.1634521484375, -104.7164306640625, 0.0]","[537.2619018554688, 4.5, 0.0]",25.761947736018605,18.203514099121094,-0.8505166858611801,,,0.0,-0.0,0.0,-0.0
63.76581,"[636.0597534179688, -105.22147369384766, 0.0]","[537.6188354492188, 4.5, 0.0]",25.74491239199468,18.200252532958984,-0.8517672011961963,,,0.0,-0.0,0.0,-0.0
63.787715,"[635.9526977539062, -105.72547149658203, 0.0]","[537.9978637695312, 4.5, 0.0]",25.727839967889878,18.19679069519043,-0.8536212052401737,,,0.0,-0.0,0.0,-0.0
63.806128,"[635.84228515625, -106.2283935546875, 0.0]","[538.3543701171875, 4.5, 0.0]",25.710741622593027,18.193496704101562,-0.8549172648425696,,,0.0,-0.0,0.0,-0.0
63.828365,"[635.728515625, -106.73021697998047, 0.0]","[538.717529296875, 4.5, 0.0]",25.693614326375968,18.189685821533203,-0.8563648108529165,,,0.0,-0.0,0.0,-0.0
63.84653,"[635.6113891601562, -107.23091888427734, 0.0]","[539.0842895507812, 4.5, 0.0]",25.67645800937006,18.185836791992188,-0.8578158502954736,,,0.0,-0.0,0.0,-0.0
63.866222,"[635.490966796875, -107.73047637939453, 0.0]","[539.446533203125, 4.5, 0.0]",25.659273023954647,18.182035446166992,-0.8592492707705901,,,0.0,-0.0,0.0,-0.0
63.886015,"[635.3671875, -108.22886657714844, 0.0]","[539.804443359375, 4.5, 0.0]",25.642055791368104,18.178279876708984,-0.8608616293271254,,,0.0,-0.0,0.0,-0.0
63.905722,"[635.2401123046875, -108.72606658935547, 0.0]","[540.1661376953125, 4.5, 0.0]",25.624807637210708,18.174461364746097,-0.8624077078698278,,,0.0,-0.0,0.0,-0.0
63.926777,"[635.1096801757812, -109.22205352783203, 0.0]","[540.5330200195312, 4.5, 0.0]",25.607524911362862,18.170198440551758,-0.8641362923922813,,,0.0,-0.0,0.0,-0.0
63.945647,"[634.9759521484375, -109.71680450439453, 0.0]","[540.8931274414062, 4.5, 0.0]",25.590212225354424,18.166017532348633,-0.8656343004219025,,,0.0,-0.0,0.0,-0.0
63.965419,"[634.8389282226562, -110.21028900146484, 0.0]","[541.2559814453125, 4.5, 0.0]",25.572865553056825,18.161802291870117,-0.8673336148799393,,,0.0,-0.0,0.0,-0.0
63.986413,"[634.6986694335938, -110.7024917602539, 0.0]","[541.6287841796875, 4.5, 0.0]",25.555489847697217,18.157472610473633,-0.8687852679804209,,,0.0,-0.0,0.0,-0.0
64.005766,"[634.5551147460938, -111.19338989257812, 0.0]","[541.9892578125, 4.5, 0.0]",25.538080841848547,18.153257369995117,-0.8704502924334889,,,0.0,-0.0,0.0,-0.0
64.026342,"[634.4082641601562, -111.68295288085938, 0.0]","[542.354248046875, 4.5, 0.0]",25.5206377341693,18.148658752441406,-0.8721553839624363,,,0.0,-0.0,0.0,-0.0
64.046792,"[634.2581787109375, -112.1711654663086, 0.0]","[542.7151489257812, 4.5, 0.0]",25.50316357533937,18.147443771362305,-0.8737079414963489,,,0.0,-0.0,0.0,-0.0
64.065733,"[634.1048583984375, -112.65800476074219, 0.0]","[543.0726928710938, 4.5, 0.0]",25.43469051680497,18.13627052307129,-3.4236529267200666,,,0.0,-0.0,0.0,-0.0
64.086002,"[633.9483032226562, -113.14344024658203, 0.0]","[543.4368896484375, 4.5, 0.0]",25.369845044382135,18.138347625732422,-3.2422736211417558,,,0.0,-0.0,0.0,-0.0
64.105776,"[633.7922973632812, -113.62761688232422, 0.0]","[543.7976684570312, 4.5, 0.0]",25.35208127697659,18.127111434936527,-0.8881883702771987,,,0.0,-0.0,0.0,-0.0
64.127391,"[633.6369018554688, -114.11062622070312, 0.0]","[544.1663208007812, 4.5, 0.0]",25.333215381433746,18.128795623779297,-0.9432947771422562,,,0.0,-0.0,0.0,-0.0
64.146013,"[633.4785766601562, -114.59231567382812, 0.0]","[544.5289306640625, 4.5, 0.0]",25.313905460398857,18.117225646972656,-0.9654960517444522,,,0.0,-0.0,0.0,-0.0
64.165785,"[633.3170776367188, -115.07254028320312, 0.0]","[544.8912963867188, 4.5, 0.0]",25.29482202313434,18.118995666503906,-0.9541718632258167,,,0.0,-0.0,0.0,-0.0
64.185891,"[633.1522216796875, -115.55122375488281, 0.0]","[545.249267578125, 4.5, 0.0]",25.27664839692563,18.10748863220215,-0.9086813104355329,,,0.0,-0.0,0.0,-0.0
64.205487,"[632.9840698242188, -116.02835845947266, 0.0]","[545.6093139648438, 4.5, 0.0]",25.258959814502973,18.109268188476562,-0.8844291211328681,,,0.0,-0.0,0.0,-0.0
64.227354,"[632.8128662109375, -116.50402069091797, 0.0]","[545.9776000976562, 4.5, 0.0]",25.241521996423412,18.09730911254883,-0.8718909039780343,,,0.0,-0.0,0.0,-0.0
64.245982,"[632.6387329101562, -116.9782485961914, 0.0]","[546.3405151367188, 4.5, 0.0]",25.224253670119065,18.0987606048584,-0.8634163152173358,,,0.0,-0.0,0.0,-0.0
64.265919,"[632.4617309570312, -117.45103454589844, 0.0]","[546.699462890625, 4.5, 0.0]",25.207145332939067,18.08693504333496,-0.8554168589999023,,,0.0,-0.0,0.0,-0.0
64.286068,"[632.2819213867188, -117.92237854003906, 0.0]","[547.0595703125, 4.5, 0.0]",25.190211524691282,18.08842658996582,-0.8466904123892505,,,0.0,-0.0,0.0,-0.0
64.305533,"[632.0992431640625, -118.39226531982422, 0.0]","[547.4192504882812, 4.5, 0.0]",25.173497411571244,18.07657241821289,-0.835705656001906,,,0.0,-0.0,0.0,-0.0
64.326589,"[631.9137573242188, -118.86067962646484, 0.0]","[547.786865234375, 4.5, 0.0]",25.15706312731867,18.077665328979492,-0.8217142126287769,,,0.0,-0.0,0.0,-0.0
64.34621,"[631.7254638671875, -119.32759857177734, 0.0]","[548.1504516601562, 4.5, 0.0]",25.140845653145753,18.06548309326172,-0.8108737086457651,,,0.0,-0.0,0.0,-0.0
64.365865,"[631.5343627929688, -119.79302215576172, 0.0]","[548.510498046875, 4.5, 0.0]",25.124779504580584,18.06669044494629,-0.8033074282584707,,,0.0,-0.0,0.0,-0.0
64.386245,"[631.3404541015625, -120.2569351196289, 0.0]","[548.87451171875, 4.5, 0.0]",25.108810039206972,18.054500579833984,-0.7984732686805884,,,0.0,-0.0,0.0,-0.0
64.40584,"[631.1437377929688, -120.71931457519531, 0.0]","[549.2324829101562, 4.5, 0.0]",25.092895299282524,18.05571937561035,-0.7957369962223737,,,0.0,-0.0,0.0,-0.0
64.426339,"[630.9442138671875, -121.18014526367188, 0.0]","[549.595703125, 4.5, 0.0]",25.076995100579477,18.04326438903809,-0.7950099351523576,,,0.0,-0.0,0.0,-0.0
64.446026,"[630.7418212890625, -121.63938903808594, 0.0]","[549.9547119140625, 4.5, 0.0]",25.061080883872933,18.044212341308594,-0.7957108353272346,,,0.0,-0.0,0.0,-0.0
64.465758,"[630.53662109375, -122.09701538085938, 0.0]","[550.3096313476562, 4.5, 0.0]",25.045127208111058,18.031890869140625,-0.7976837880937282,,,0.0,-0.0,0.0,-0.0
64.485936,"[630.3284912109375, -122.55299377441406, 0.0]","[550.6730346679688, 4.5, 0.0]",25.029111913822238,18.03276824951172,-0.8007647144410157,,,0.0,-0.0,0.0,-0.0
64.505733,"[630.1174926757812, -123.00728607177734, 0.0]","[551.0369873046875, 4.5, 0.0]",24.960229484739518,18.020278930664062,-3.4441214541359955,,,0.0,-0.0,0.0,-0.0
64.526177,"[629.903564453125, -123.4598617553711, 0.0]","[551.392822265625, 4.5, 0.0]",24.944007231384546,18.02099609375,-0.8111126677485814,,,0.0,-0.0,0.0,-0.0
64.546175,"[629.6904296875, -123.91128540039062, 0.0]","[551.7571411132812, 4.5, 0.0]",24.926999724861762,18.008235931396484,-0.8503753261392077,,,0.0,-0.0,0.0,-0.0
64.565322,"[629.4744873046875, -124.36100769042969, 0.0]","[552.1106567382812, 4.5, 0.0]",24.909758495588836,18.008991241455078,-0.8620614636463131,,,0.0,-0.0,0.0,-0.0
64.586303,"[629.255615234375, -124.80892181396484, 0.0]","[552.4801635742188, 4.5, 0.0]",24.892661748763956,17.99947738647461,-0.8548373412439858,,,0.0,-0.0,0.0,-0.0
64.60593,"[629.0337524414062, -125.25498962402344, 0.0]","[552.8383178710938, 4.5, 0.0]",24.87590948800253,17.993465423583984,-0.837613038071261,,,0.0,-0.0,0.0,-0.0
64.626252,"[628.8090209960938, -125.69923400878906, 0.0]","[553.19970703125, 4.5, 0.0]",24.859300986959326,17.98713493347168,-0.8304250521602441,,,0.0,-0.0,0.0,-0.0
64.645854,"[628.5814819335938, -126.14167022705078, 0.0]","[553.5574951171875, 4.5, 0.0]",24.84275974363339,17.980867385864258,-0.827062166296777,,,0.0,-0.0,0.0,-0.0
64.665753,"[628.3511962890625, -126.5822982788086, 0.0]","[553.9116821289062, 4.5, 0.0]",24.826254400877037,17.97466278076172,-0.8252671378176757,,,0.0,-0.0,0.0,-0.0
64.68588,"[628.1181030273438, -127.0210952758789, 0.0]","[554.2718505859375, 4.5, 0.0]",24.80977828026356,17.968355178833008,-0.8238060306737793,,,0.0,-0.0,0.0,-0.0
64.705471,"[627.8822631835938, -127.4580307006836, 0.0]","[554.629638671875, 4.5, 0.0]",24.79333919684932,17.962072372436523,-0.821954170712047,,,0.0,-0.0,0.0,-0.0
64.726751,"[627.6436157226562, -127.89308166503906, 0.0]","[554.99755859375, 4.5, 0.0]",24.776969511118732,17.9553337097168,-0.8184842865293973,,,0.0,-0.0,0.0,-0.0
64.74564,"[627.4022216796875, -128.3262176513672, 0.0]","[555.3486328125, 4.5, 0.0]",24.760747912299074,17.94890594482422,-0.8110799409829283,,,0.0,-0.0,0.0,-0.0
64.765261,"[627.1580200195312, -128.75741577148438, 0.0]","[555.7059936523438, 4.5, 0.0]",24.744745625162917,17.94236183166504,-0.8001143568078461,,,0.0,-0.0,0.0,-0.0
64.786234,"[626.9110107421875, -129.18663024902344, 0.0]","[556.0742797851562, 4.5, 0.0]",24.72902616646146,17.935617446899414,-0.7859729350728983,,,0.0,-0.0,0.0,-0.0
64.806108,"[626.6611938476562, -129.61386108398438, 0.0]","[556.4317626953125, 4.5, 0.0]",24.713653162810765,17.928913116455078,-0.7686501825347136,,,0.0,-0.0,0.0,-0.0
64.82655,"[626.4086303710938, -130.03907775878906, 0.0]","[556.7921752929688, 4.5, 0.0]",24.698624321647248,17.920366287231445,-0.751442058175833,,,0.0,-0.0,0.0,-0.0
64.846402,"[626.1532592773438, -130.46226501464844, 0.0]","[557.14990234375, 4.5, 0.0]",24.68396719699193,17.91188621520996,-0.7328562327659327,,,0.0,-0.0,0.0,-0.0
64.866061,"[625.8950805664062, -130.88339233398438, 0.0]","[557.5001831054688, 4.5, 0.0]",24.66971251961633,17.903579711914062,-0.7127338687800133,,,0.0,-0.0,0.0,-0.0
64.885873,"[625.6340942382812, -131.3024444580078, 0.0]","[557.859375, 4.5, 0.0]",24.655880595201168,17.895061492919922,-0.6915962207580506,,,0.0,-0.0,0.0,-0.0
64.905915,"[625.3703002929688, -131.7194061279297, 0.0]","[558.22265625, 4.5, 0.0]",24.642529679380683,17.88629150390625,-0.6675457910242599,,,0.0,-0.0,0.0,-0.0
64.927249,"[625.1036987304688, -132.13424682617188, 0.0]","[558.5823974609375, 4.5, 0.0]",24.62963275541981,17.87580680847168,-0.6448461980436804,,,0.0,-0.0,0.0,-0.0
64.945648,"[624.8342895507812, -132.5469512939453, 0.0]","[558.9303588867188, 4.5, 0.0]",24.617216480439037,17.865663528442383,-0.6208137490386179,,,0.0,-0.0,0.0,-0.0
64.965938,"[624.5621337890625, -132.95751953125, 0.0]","[559.2940063476562, 4.5, 0.0]",24.60507015389805,17.855066299438477,-0.6073163270492898,,,0.0,-0.0,0.0,-0.0
64.985948,"[624.2871704101562, -133.36593627929688, 0.0]","[559.6468505859375, 4.5, 0.0]",24.593355793146767,17.844779968261722,-0.5857180375642201,,,0.0,-0.0,0.0,-0.0
65.005616,"[624.0094604492188, -133.7721710205078, 0.0]","[560.008544921875, 4.5, 0.0]",24.582119268187,17.837419509887695,-0.5618262479883285,,,0.0,-0.0,0.0,-0.0
65.02737,"[623.7289428710938, -134.1762237548828, 0.0]","[560.3636474609375, 4.5, 0.0]",24.571328134953124,17.818452835083008,-0.5395566616938297,,,0.0,-0.0,0.0,-0.0
65.045988,"[623.4456787109375, -134.5780792236328, 0.0]","[560.7218627929688, 4.5, 0.0]",24.560947557310815,17.812715530395508,-0.5190288821154354,,,0.0,-0.0,0.0,-0.0
65.065788,"[623.15966796875, -134.97772216796875, 0.0]","[561.0717163085938, 4.5, 0.0]",24.550882098550215,17.793931961059574,-0.5032729380300083,,,0.0,-0.0,0.0,-0.0
65.085902,"[622.8709106445312, -135.3751220703125, 0.0]","[561.4288330078125, 4.5, 0.0]",24.541104109689652,17.788232803344727,-0.4888994430281457,,,0.0,-0.0,0.0,-0.0
65.105462,"[622.5794677734375, -135.77027893066406, 0.0]","[561.7825317382812, 4.5, 0.0]",24.531484687496324,17.769197463989258,-0.480971109666406,,,0.0,-0.0,0.0,-0.0
65.127379,"[622.2852783203125, -136.16317749023438, 0.0]","[562.1434936523438, 4.5, 0.0]",24.52222952247784,17.761363983154297,-0.462758250924189,,,0.0,-0.0,0.0,-0.0
65.145836,"[621.9884033203125, -136.55380249023438, 0.0]","[562.4989624023438, 4.5, 0.0]",24.51342844241465,17.740415573120117,-0.4400540031594957,,,0.0,-0.0,0.0,-0.0
65.165447,"[621.68896484375, -136.94219970703125, 0.0]","[562.8468017578125, 4.5, 0.0]",24.504914143857228,17.733108520507812,-0.42571492787111254,,,0.0,-0.0,0.0,-0.0
65.186093,"[621.3870239257812, -137.32847595214844, 0.0]","[563.2037353515625, 4.5, 0.0]",24.4968923894326,17.71210289001465,-0.4010877212314412,,,0.0,-0.0,0.0,-0.0
65.205394,"[621.0828247070312, -137.71273803710938, 0.0]","[563.5564575195312, 4.5, 0.0]",24.48930338856209,17.70448112487793,-0.3794500435255088,,,0.0,-0.0,0.0,-0.0
65.227201,"[620.7765502929688, -138.09515380859375, 0.0]","[563.9152221679688, 4.5, 0.0]",24.481940154324903,17.68138694763184,-0.3681617118592939,,,0.0,-0.0,0.0,-0.0
65.245992,"[620.4684448242188, -138.4758758544922, 0.0]","[564.2701416015625, 4.5, 0.0]",24.474746857340854,17.67180633544922,-0.3596648492024457,,,0.0,-0.0,0.0,-0.0
65.265729,"[620.1586303710938, -138.85501098632812, 0.0]","[564.616455078125, 4.5, 0.0]",24.46750795745224,17.64928436279297,-0.36194499443062966,,,0.0,-0.0,0.0,-0.0
65.287292,"[619.8472290039062, -139.23268127441406, 0.0]","[564.9788818359375, 4.5, 0.0]",24.459994773880776,17.639360427856445,-0.37565917857325104,,,0.0,-0.0,0.0,-0.0
65.305934,"[619.5343017578125, -139.60891723632812, 0.0]","[565.330322265625, 4.5, 0.0]",24.45224564540781,17.616437911987305,-0.38745642364830246,,,0.0,-0.0,0.0,-0.0
65.327404,"[619.2197875976562, -139.98362731933594, 0.0]","[565.6810913085938, 4.5, 0.0]",24.44435116497118,17.60505485534668,-0.3947240218314718,,,0.0,-0.0,0.0,-0.0
65.346017,"[618.9036254882812, -140.35675048828125, 0.0]","[566.0349731445312, 4.5, 0.0]",24.436498994641394,17.58017349243164,-0.3926085164893678,,,0.0,-0.0,0.0,-0.0
65.365282,"[618.5859375, -140.72833251953125, 0.0]","[566.377685546875, 4.5, 0.0]",24.428722562443347,17.56920623779297,-0.3888216099023012,,,0.0,-0.0,0.0,-0.0
65.386167,"[618.2669067382812, -141.09854125976562, 0.0]","[566.7381591796875, 4.5, 0.0]",24.42115810699012,17.543987274169922,-0.37822277266137405,,,0.0,-0.0,0.0,-0.0
65.405709,"[617.94677734375, -141.46762084960938, 0.0]","[567.087646484375, 4.5, 0.0]",24.413715156559473,17.53252601623535,-0.3721475215323622,,,0.0,-0.0,0.0,-0.0
65.427369,"[617.6257934570312, -141.8357696533203, 0.0]","[567.4359741210938, 4.5, 0.0]",24.406354563162253,17.506195068359375,-0.36802966986098085,,,0.0,-0.0,0.0,-0.0
65.445434,"[617.30419921875, -142.20315551757812, 0.0]","[567.781005859375, 4.5, 0.0]",24.39904251084751,17.49338722229004,-0.36560261573708175,,,0.0,-0.0,0.0,-0.0
65.46556,"[616.9820556640625, -142.56991577148438, 0.0]","[568.1312255859375, 4.5, 0.0]",24.391755961456543,17.466947555541992,-0.3643274695484422,,,0.0,-0.0,0.0,-0.0
65.485616,"[616.6595458984375, -142.93614196777344, 0.0]","[568.4816284179688, 4.5, 0.0]",24.384481865592214,17.453832626342773,-0.363704793216435,,,0.0,-0.0,0.0,-0.0
65.505646,"[616.3367919921875, -143.30197143554688, 0.0]","[568.835693359375, 4.5, 0.0]",24.377211265890956,17.430374145507812,-0.3635299850628826,,,0.0,-0.0,0.0,-0.0
65.527524,"[616.013916015625, -143.66749572753906, 0.0]","[569.1828002929688, 4.5, 0.0]",24.36993968435615,17.40901756286621,-0.36357907674027246,,,0.0,-0.0,0.0,-0.0
65.546156,"[615.6909790039062, -144.03277587890625, 0.0]","[569.5263671875, 4.5, 0.0]",24.362666091872796,17.38788223266602,-0.36367962416772315,,,0.0,-0.0,0.0,-0.0
65.565596,"[615.3680419921875, -144.39785766601562, 0.0]","[569.8786010742188, 4.5, 0.0]",24.355395444903557,17.366212844848633,-0.36353234846195903,,,0.0,-0.0,0.0,-0.0
65.587934,"[615.045166015625, -144.76280212402344, 0.0]","[570.2271118164062, 4.5, 0.0]",24.348122296352116,17.344770431518555,-0.36365742757205055,,,0.0,-0.0,0.0,-0.0
65.605692,"[614.722412109375, -145.12762451171875, 0.0]","[570.57421875, 4.5, 0.0]",24.34085296482535,17.323272705078125,-0.3634665763383893,,,0.0,-0.0,0.0,-0.0
65.626143,"[614.3997802734375, -145.4923553466797, 0.0]","[570.9208984375, 4.5, 0.0]",24.333584025916604,17.300153732299805,-0.363446945437218,,,0.0,-0.0,0.0,-0.0
65.645936,"[614.0772705078125, -145.85699462890625, 0.0]","[571.2647094726562, 4.5, 0.0]",24.326312946274157,17.2772274017334,-0.36355398212233325,,,0.0,-0.0,0.0,-0.0
65.666271,"[613.7548828125, -146.2215576171875, 0.0]","[571.6045532226562, 4.5, 0.0]",24.3190431801724,17.254566192626953,-0.3634883050878557,,,0.0,-0.0,0.0,-0.0
65.68571,"[613.4326171875, -146.5860595703125, 0.0]","[571.9512939453125, 4.5, 0.0]",24.31177268424031,17.231447219848633,-0.36352479660450854,,,0.0,-0.0,0.0,-0.0
65.705372,"[613.1105346679688, -146.9504852294922, 0.0]","[572.2932739257812, 4.5, 0.0]",24.30450281898954,17.208538055419922,-0.36349326253848346,,,0.0,-0.0,0.0,-0.0
65.726122,"[612.78857421875, -147.31483459472656, 0.0]","[572.6460571289062, 4.5, 0.0]",24.297234067484712,17.183156967163086,-0.36343757524139875,,,0.0,-0.0,0.0,-0.0
65.745819,"[612.4667358398438, -147.67910766601562, 0.0]","[572.986572265625, 4.5, 0.0]",24.289962583394086,17.15865707397461,-0.36357420453132505,,,0.0,-0.0,0.0,-0.0
65.765547,"[612.14501953125, -148.04327392578125, 0.0]","[573.3301391601562, 4.5, 0.0]",24.28269180215308,17.133941650390625,-0.36353906205022213,,,0.0,-0.0,0.0,-0.0
65.786654,"[611.8233642578125, -148.4073486328125, 0.0]","[573.6676025390625, 4.5, 0.0]",24.275424180827322,17.109663009643555,-0.36338106628797107,,,0.0,-0.0,0.0,-0.0
65.805321,"[611.5018310546875, -148.7713165283203, 0.0]","[574.009033203125, 4.5, 0.0]",24.268157995040802,17.084985733032227,-0.36330928932599704,,,0.0,-0.0,0.0,-0.0
65.825783,"[611.180419921875, -149.1351776123047, 0.0]","[574.3507080078125, 4.5, 0.0]",24.260888333146077,17.058568954467773,-0.36348309473623885,,,0.0,-0.0,0.0,-0.0
65.846138,"[610.8590698242188, -149.49893188476562, 0.0]","[574.6986694335938, 4.5, 0.0]",24.25361686182153,17.031667709350586,-0.3635735662273376,,,0.0,-0.0,0.0,-0.0
65.865737,"[610.537841796875, -149.86257934570312, 0.0]","[575.0323486328125, 4.5, 0.0]",24.246345581921382,17.00586700439453,-0.3635639950074321,,,0.0,-0.0,0.0,-0.0
65.886122,"[610.2166748046875, -150.2261199951172, 0.0]","[575.3738403320312, 4.5, 0.0]",24.23907582745628,16.97946548461914,-0.36348772325514034,,,0.0,-0.0,0.0,-0.0
65.906568,"[609.8956298828125, -150.5895538330078, 0.0]","[575.7135620117188, 4.5, 0.0]",24.231805739885967,16.953073501586914,-0.3635043785156,,,0.0,-0.0,0.0,-0.0
65.927227,"[609.57470703125, -150.952880859375, 0.0]","[576.0548706054688, 4.5, 0.0]",24.224536748737705,16.928144454956055,-0.36344955741309803,,,0.0,-0.0,0.0,-0.0
65.945237,"[609.2538452148438, -151.31610107421875, 0.0]","[576.3870849609375, 4.5, 0.0]",24.217266661856918,16.89396858215332,-0.36350434403935594,,,0.0,-0.0,0.0,-0.0
65.965321,"[608.93310546875, -151.67919921875, 0.0]","[576.7244262695312, 4.5, 0.0]",24.209997241998238,16.872699737548828,-0.36347099293401186,,,0.0,-0.0,0.0,-0.0
65.986104,"[608.6124267578125, -152.0421905517578, 0.0]","[577.0704345703125, 4.5, 0.0]",24.202725963475327,16.837379455566406,-0.3635639261455381,,,0.0,-0.0,0.0,-0.0
66.005203,"[608.2918701171875, -152.4050750732422, 0.0]","[577.39990234375, 4.5, 0.0]",24.19545821066657,16.816650390625,-0.3633876404379066,,,0.0,-0.0,0.0,-0.0
66.02785,"[607.9713745117188, -152.76785278320312, 0.0]","[577.7410888671875, 4.5, 0.0]",24.18818859899478,16.779809951782227,-0.36348058358939284,,,0.0,-0.0,0.0,-0.0
66.046765,"[607.6510009765625, -153.13050842285156, 0.0]","[578.0735473632812, 4.5, 0.0]",24.180916795091797,16.75707244873047,-0.36359019514922153,,,0.0,-0.0,0.0,-0.0
66.065656,"[607.3306884765625, -153.49305725097656, 0.0]","[578.4056396484375, 4.5, 0.0]",24.17364785012137,16.72103881835938,-0.36344724852135357,,,0.0,-0.0,0.0,-0.0
66.085647,"[607.010498046875, -153.85549926757812, 0.0]","[578.7416381835938, 4.5, 0.0]",24.166378273784005,16.697986602783203,-0.3634788168682235,,,0.0,-0.0,0.0,-0.0
66.10536,"[606.6904296875, -154.21783447265625, 0.0]","[579.0748901367188, 4.5, 0.0]",24.15910899559754,16.66172981262207,-0.36346390932333605,,,0.0,-0.0,0.0,-0.0
66.125868,"[606.3704223632812, -154.58006286621094, 0.0]","[579.4085083007812, 4.5, 0.0]",24.151840050732883,16.636966705322266,-0.363447243232784,,,0.0,-0.0,0.0,-0.0
66.145428,"[606.050537109375, -154.9421844482422, 0.0]","[579.7369995117188, 4.5, 0.0]",24.14457110590171,16.59935188293457,-0.36344724155856767,,,0.0,-0.0,0.0,-0.0
66.165834,"[605.730712890625, -155.30418395996094, 0.0]","[580.0701293945312, 4.5, 0.0]",24.13730089829641,16.574634552001953,-0.3635103802650974,,,0.0,-0.0,0.0,-0.0
66.186029,"[605.4110107421875, -155.66607666015625, 0.0]","[580.4033813476562, 4.5, 0.0]",24.130031023978646,16.53657341003418,-0.3634937158881968,,,0.0,-0.0,0.0,-0.0
66.205524,"[605.0913696289062, -156.02786254882812, 0.0]","[580.7395629882812, 4.5, 0.0]",24.122761482933953,16.511219024658203,-0.3634770522346287,,,0.0,-0.0,0.0,-0.0
66.226205,"[604.7718505859375, -156.38954162597656, 0.0]","[581.0703735351562, 4.5, 0.0]",24.11549227515145,16.468992233276367,-0.36346038912515866,,,0.0,-0.0,0.0,-0.0
66.245855,"[604.4524536132812, -156.75111389160156, 0.0]","[581.3969116210938, 4.5, 0.0]",24.108221804562756,16.440553665161133,-0.3635235294346728,,,0.0,-0.0,0.0,-0.0
66.265673,"[604.1331176757812, -157.11257934570312, 0.0]","[581.7201538085938, 4.5, 0.0]",24.100952465256103,16.399137496948242,-0.36346696533264833,,,0.0,-0.0,0.0,-0.0
66.286181,"[603.8139038085938, -157.47393798828125, 0.0]","[582.0492553710938, 4.5, 0.0]",24.09368392397975,16.370424270629883,-0.3634270638176673,,,0.0,-0.0,0.0,-0.0
66.305762,"[603.4947509765625, -157.83517456054688, 0.0]","[582.3818359375, 4.5, 0.0]",24.086412857081168,16.32776641845703,-0.36355334492910174,,,0.0,-0.0,0.0,-0.0
66.326106,"[603.1757202148438, -158.19630432128906, 0.0]","[582.7089233398438, 4.5, 0.0]",24.079140527372076,16.29629898071289,-0.3636164854546209,,,0.0,-0.0,0.0,-0.0
66.345862,"[602.8567504882812, -158.5573272705078, 0.0]","[583.032958984375, 4.5, 0.0]",24.07186882906898,16.251863479614258,-0.3635849151548243,,,0.0,-0.0,0.0,-0.0
66.36568,"[602.5379028320312, -158.91824340820312, 0.0]","[583.3564453125, 4.5, 0.0]",24.064599024982034,16.22081756591797,-0.3634902043472721,,,0.0,-0.0,0.0,-0.0
66.387323,"[602.2191772460938, -159.279052734375, 0.0]","[583.6878051757812, 4.5, 0.0]",24.05732922089516,16.175519943237305,-0.36349020434371937,,,0.0,-0.0,0.0,-0.0
66.405595,"[601.9005126953125, -159.63975524902344, 0.0]","[584.0053100585938, 4.5, 0.0]",24.050059416808356,16.144861221313477,-0.36349020434016666,,,0.0,-0.0,0.0,-0.0
66.427134,"[601.5819702148438, -160.00035095214844, 0.0]","[584.3244018554688, 4.5, 0.0]",24.042789612721627,16.1003360748291,-0.3634902043364363,,,0.0,-0.0,0.0,-0.0
66.445705,"[601.2634887695312, -160.36082458496094, 0.0]","[584.6480712890625, 4.5, 0.0]",24.035519808634966,16.055219650268555,-0.36349020433306123,,,0.0,-0.0,0.0,-0.0
66.465734,"[600.9451293945312, -160.72119140625, 0.0]","[584.9636840820312, 4.5, 0.0]",24.02825000454838,16.02114486694336,-0.3634902043293309,,,0.0,-0.0,0.0,-0.0
66.485952,"[600.6268920898438, -161.08145141601562, 0.0]","[585.2911987304688, 4.5, 0.0]",24.020980200461864,15.97219753265381,-0.36349020432577817,,,0.0,-0.0,0.0,-0.0
66.505672,"[600.3087158203125, -161.4416046142578, 0.0]","[585.6099243164062, 4.5, 0.0]",24.01371039637542,15.93741226196289,-0.36349020432222545,,,0.0,-0.0,0.0,-0.0
66.527175,"[599.9906616210938, -161.80165100097656, 0.0]","[585.9246826171875, 4.5, 0.0]",24.006440592289046,15.886272430419924,-0.36349020431867274,,,0.0,-0.0,0.0,-0.0
66.546437,"[599.6726684570312, -162.16159057617188, 0.0]","[586.242919921875, 4.5, 0.0]",23.999170788202743,15.84798526763916,-0.36349020431512,,,0.0,-0.0,0.0,-0.0
66.565407,"[599.3547973632812, -162.52142333984375, 0.0]","[586.553466796875, 4.5, 0.0]",23.991900984116516,15.797437667846681,-0.3634902043113897,,,0.0,-0.0,0.0,-0.0
66.5856,"[599.0369873046875, -162.88113403320312, 0.0]","[586.871826171875, 4.5, 0.0]",23.984633074244915,15.75913143157959,-0.3633954935800432,,,0.0,-0.0,0.0,-0.0
66.605435,"[598.7192993164062, -163.24073791503906, 0.0]","[587.1865234375, 4.5, 0.0]",23.977363270158715,15.707755088806152,-0.3634902043099686,,,0.0,-0.0,0.0,-0.0
66.627535,"[598.4017333984375, -163.60023498535156, 0.0]","[587.5031127929688, 4.5, 0.0]",23.970095991691977,15.665678977966309,-0.36336392333691236,,,0.0,-0.0,0.0,-0.0
66.645847,"[598.084228515625, -163.95962524414062, 0.0]","[587.8114624023438, 4.5, 0.0]",23.962828713225342,15.611536979675293,-0.36336392333176093,,,0.0,-0.0,0.0,-0.0
66.667904,"[597.766845703125, -164.31890869140625, 0.0]","[588.1236572265625, 4.5, 0.0]",23.955561434758803,15.570134162902832,-0.36336392332696477,,,0.0,-0.0,0.0,-0.0
66.686334,"[597.4495239257812, -164.67808532714844, 0.0]","[588.4418334960938, 4.5, 0.0]",23.948293524887347,15.51447582244873,-0.36339549357276013,,,0.0,-0.0,0.0,-0.0
66.70581,"[597.13232421875, -165.0371551513672, 0.0]","[588.7518920898438, 4.5, 0.0]",23.941026246420964,15.473074913024902,-0.3633639233191488,,,0.0,-0.0,0.0,-0.0
66.726335,"[596.815185546875, -165.39610290527344, 0.0]","[589.060546875, 4.5, 0.0]",23.93375833654959,15.414793968200684,-0.3633954935686745,,,0.0,-0.0,0.0,-0.0
66.745772,"[596.4981689453125, -165.75494384765625, 0.0]","[589.3657836914062, 4.5, 0.0]",23.92648916386808,15.370418548583984,-0.3634586340755419,,,0.0,-0.0,0.0,-0.0
66.765675,"[596.1812744140625, -166.11367797851562, 0.0]","[589.6724853515625, 4.5, 0.0]",23.919219359781554,15.312456130981445,-0.3634902043263111,,,0.0,-0.0,0.0,-0.0
66.785755,"[595.8644409179688, -166.47230529785156, 0.0]","[589.9756469726562, 4.5, 0.0]",23.9119520813152,15.268424987792969,-0.3633639233177277,,,0.0,-0.0,0.0,-0.0
66.805558,"[595.5477294921875, -166.83082580566406, 0.0]","[590.2861328125, 4.5, 0.0]",23.90468354003876,15.20950984954834,-0.3634270638219306,,,0.0,-0.0,0.0,-0.0
66.826097,"[595.2310791015625, -167.18923950195312, 0.0]","[590.5835571289062, 4.5, 0.0]",23.897413735952213,15.162300109863281,-0.3634902043273769,,,0.0,-0.0,0.0,-0.0
66.84592,"[594.91455078125, -167.54754638671875, 0.0]","[590.891357421875, 4.5, 0.0]",23.89014393186574,15.103226661682129,-0.36349020432364654,,,0.0,-0.0,0.0,-0.0
66.866148,"[594.5980834960938, -167.90573120117188, 0.0]","[591.1923828125, 4.5, 0.0]",23.88287412777934,15.048703193664554,-0.3634902043200938,,,0.0,-0.0,0.0,-0.0
66.88633,"[594.28173828125, -168.26380920410156, 0.0]","[591.4891967773438, 4.5, 0.0]",23.875604955097934,14.994948387145996,-0.36345863407021284,,,0.0,-0.0,0.0,-0.0
66.905192,"[593.9655151367188, -168.6217803955078, 0.0]","[591.7885131835938, 4.5, 0.0]",23.868335151011635,14.940473556518555,-0.3634902043149424,,,0.0,-0.0,0.0,-0.0
66.927026,"[593.6493530273438, -168.97964477539062, 0.0]","[592.089599609375, 4.5, 0.0]",23.86106787254501,14.881536483764648,-0.363363923331228,,,0.0,-0.0,0.0,-0.0
66.94558,"[593.3333129882812, -169.33740234375, 0.0]","[592.3863525390625, 4.5, 0.0]",23.8537980684587,14.82346248626709,-0.3634902043154753,,,0.0,-0.0,0.0,-0.0
66.965377,"[593.017333984375, -169.69505310058594, 0.0]","[592.6763916015625, 4.5, 0.0]",23.846530789992094,14.76669692993164,-0.36336392333033984,,,0.0,-0.0,0.0,-0.0
66.985806,"[592.7014770507812, -170.05259704589844, 0.0]","[592.9744873046875, 4.5, 0.0]",23.839262880120597,14.708352088928223,-0.36339549357489176,,,0.0,-0.0,0.0,-0.0
67.005627,"[592.3857421875, -170.41001892089844, 0.0]","[593.2736206054688, 4.5, 0.0]",23.831995601654143,14.649449348449707,-0.3633639233227015,,,0.0,-0.0,0.0,-0.0
67.0273,"[592.070068359375, -170.767333984375, 0.0]","[593.5625610351562, 4.5, 0.0]",23.824728323187788,14.5884428024292,-0.3633639233177277,,,0.0,-0.0,0.0,-0.0
67.045875,"[591.7545166015625, -171.12454223632812, 0.0]","[593.8490600585938, 4.5, 0.0]",23.817458519101248,14.527961730957031,-0.3634902043270216,,,0.0,-0.0,0.0,-0.0
67.066127,"[591.4390258789062, -171.4816436767578, 0.0]","[594.1456298828125, 4.5, 0.0]",23.810190609229846,14.465344429016113,-0.3633954935700956,,,0.0,-0.0,0.0,-0.0
67.086199,"[591.1236572265625, -171.83863830566406, 0.0]","[594.4306640625, 4.5, 0.0]",23.802920805143334,14.40516471862793,-0.36349020432560053,,,0.0,-0.0,0.0,-0.0
67.105498,"[590.808349609375, -172.19552612304688, 0.0]","[594.7190551757812, 4.5, 0.0]",23.79565163246188,14.343990325927734,-0.36345863407269974,,,0.0,-0.0,0.0,-0.0
67.12718,"[590.4931640625, -172.55230712890625, 0.0]","[595.0074462890625, 4.5, 0.0]",23.78838182837547,14.278388977050781,-0.3634902043204491,,,0.0,-0.0,0.0,-0.0
67.145762,"[590.1781005859375, -172.9089813232422, 0.0]","[595.2916259765625, 4.5, 0.0]",23.781112024289136,14.213759422302246,-0.36349020431671875,,,0.0,-0.0,0.0,-0.0
67.165172,"[589.8630981445312, -173.26553344726562, 0.0]","[595.5699462890625, 4.5, 0.0]",23.773843483012673,14.15045547485352,-0.363427063823174,,,0.0,-0.0,0.0,-0.0
67.186921,"[589.5482177734375, -173.62197875976562, 0.0]","[595.8653564453125, 4.5, 0.0]",23.766573678926406,14.08325481414795,-0.36349020431334367,,,0.0,-0.0,0.0,-0.0
67.205538,"[589.2333984375, -173.9783172607422, 0.0]","[596.1422729492188, 4.5, 0.0]",23.759306400459746,14.019889831542969,-0.3633639233330044,,,0.0,-0.0,0.0,-0.0
67.226307,"[588.918701171875, -174.3345489501953, 0.0]","[596.4212036132812, 4.5, 0.0]",23.752037227778366,13.95161247253418,-0.3634586340689694,,,0.0,-0.0,0.0,-0.0
67.245918,"[588.6040649414062, -174.690673828125, 0.0]","[596.6917724609375, 4.5, 0.0]",23.744769949311767,13.885375022888184,-0.3633639233299846,,,0.0,-0.0,0.0,-0.0
67.265613,"[588.28955078125, -175.04669189453125, 0.0]","[596.96923828125, 4.5, 0.0]",23.73750267084527,13.820791244506836,-0.36336392332483314,,,0.0,-0.0,0.0,-0.0
67.286639,"[587.9751586914062, -175.40260314941406, 0.0]","[597.2488403320312, 4.5, 0.0]",23.730235392378873,13.745661735534668,-0.36336392331985934,,,0.0,-0.0,0.0,-0.0
67.305223,"[587.6608276367188, -175.75839233398438, 0.0]","[597.52294921875, 4.5, 0.0]",23.72296685110243,13.685033798217773,-0.3634270638221082,,,0.0,-0.0,0.0,-0.0
67.326309,"[587.3466186523438, -176.11407470703125, 0.0]","[597.7996826171875, 4.5, 0.0]",23.715698941231054,13.607203483581543,-0.36339549356885215,,,0.0,-0.0,0.0,-0.0
67.345565,"[587.032470703125, -176.4696502685547, 0.0]","[598.06396484375, 4.5, 0.0]",23.70843039995462,13.545904159545898,-0.36342706382175294,,,0.0,-0.0,0.0,-0.0
67.366657,"[586.7184448242188, -176.8251190185547, 0.0]","[598.3385620117188, 4.5, 0.0]",23.701160595868053,13.468624114990236,-0.36349020432826507,,,0.0,-0.0,0.0,-0.0
67.386127,"[586.4044799804688, -177.18048095703125, 0.0]","[598.6106567382812, 4.5, 0.0]",23.693890791781566,13.405319213867188,-0.3634902043243571,,,0.0,-0.0,0.0,-0.0
67.406339,"[586.0906372070312, -177.53573608398438, 0.0]","[598.8577270507812, 4.5, 0.0]",23.686623513315165,13.335124015808105,-0.363363923320037,,,0.0,-0.0,0.0,-0.0
